AREACD,AREANM,Method,mapvar,Council Rented,Private Rented,Owned
default,default,Tenure,0,0,0,0
J04000001,Aberaeron RD,Tenure,0,1.905626134,12.4137931,77.38656987
J04000002,Aberayron UD,Tenure,0,1.366120219,21.44808743,62.84153005
J04000003,Abercarn UD,Tenure,0,13.69300288,9.160618924,70.66958784
J04000004,Aberdare UD,Tenure,0,8.770644646,12.90623335,68.18060735
J04000005,Abergavenny MB,Tenure,0,6.278317152,11.04638619,67.29234088
J04000006,Abergavenny RD,Tenure,0,5.597703506,11.31843346,68.71027271
J04000007,Abergele UD,Tenure,0,3.68619022,13.17571198,74.80924234
J04000008,Abertillery UD,Tenure,0,6.817874983,14.91832051,63.8855137
J04000009,Aberystwyth MB,Tenure,0,4.92040521,39.48728551,38.24684722
J04000010,Aberystwyth RD,Tenure,0,1.967777641,15.23797811,73.63177961
J04000011,Abingdon MB,Tenure,0,3.985890653,13.13051146,64.74426808
J04000012,Abingdon RD,Tenure,0,1.898922555,10.31609024,75.5521162
J04000013,Abram UD,Tenure,0,16.66666667,12.35334714,66.04554865
J04000014,Accrington MB,Tenure,0,4.695914411,18.22359446,63.59589287
J04000015,Acton MB,Tenure,0,11.4181671,30.63726482,41.65081934
J04000016,Adlington UD,Tenure,0,3.767897513,10.96458176,77.92012057
J04000017,Adwick le Street UD,Tenure,0,21.84140635,10.93967371,61.65423043
J04000018,Aethwy RD,Tenure,0,8.728899149,11.21050353,75.01082095
J04000019,Aireborough UD,Tenure,0,9.874553227,9.83250403,74.02761231
J04000020,Alcester RD,Tenure,0,1.417175035,9.892069451,72.26654153
J04000021,Aldeburgh MB,Tenure,0,1.367781155,8.282674772,75.98784195
J04000022,Alderley Edge UD,Tenure,0,1.745031508,14.88124091,74.74551624
J04000023,Aldershot MB,Tenure,0,2.516863712,16.31246827,56.78537753
J04000024,Aldridge UD,Tenure,0,4.247995306,6.837473108,81.4903188
J04000025,Aled RD,Tenure,0,4.277456647,12.77456647,74.42196532
J04000026,Alford UD,Tenure,0,4.150197628,17.39130435,60.34255599
J04000027,Alfreton UD,Tenure,0,7.694406548,11.18690314,66.79399727
J04000028,Alnwick RD,Tenure,0,6.979695431,13.95939086,67.0413343
J04000029,Alnwick UD,Tenure,0,17.87175989,11.59618008,58.49931787
J04000030,Alsager UD,Tenure,0,2.218792205,8.489291916,77.98572255
J04000031,Alston with Garrigill RD,Tenure,0,2.409638554,13.75502008,67.57028112
J04000032,Alton RD,Tenure,0,1.508240589,8.794015691,74.49978714
J04000033,Alton UD,Tenure,0,2.640731676,10.53716347,68.29833827
J04000034,Altrincham MB,Tenure,0,3.81300071,12.83845452,71.77263969
J04000035,Amble UD,Tenure,0,16.09792285,11.8694362,63.57566766
J04000036,Amblecote UD,Tenure,0,6.084047669,9.303784236,75.14112482
J04000037,Amersham RD,Tenure,0,1.326924379,7.968316295,80.01150904
J04000038,Amesbury RD,Tenure,0,9.294925473,10.29140847,59.68012058
J04000039,Amlwch UD,Tenure,0,15.0059312,12.57413998,64.88730724
J04000040,Ammanford UD,Tenure,0,9.502762431,11.19705341,69.09760589
J04000041,Ampthill RD,Tenure,0,0.612144956,10.24975514,74.84818805
J04000042,Ampthill UD,Tenure,0,0.857927248,9.814687714,77.59094029
J04000043,Andover MB,Tenure,0,6.937119675,11.2605042,62.85714286
J04000044,Andover RD,Tenure,0,3.404592241,11.32224861,67.6827659
J04000045,Appleby MB,Tenure,0,0.918727915,15.33568905,67.84452297
J04000046,Arnold UD,Tenure,0,5.790497023,11.29541864,73.85466035
J04000047,Arundel MB,Tenure,0,3.102040816,16.08163265,72.24489796
J04000048,Ashbourne RD,Tenure,0,1.838703805,13.28964136,76.71582013
J04000049,Ashbourne UD,Tenure,0,8.321418359,12.61080927,62.42493566
J04000050,Ashburton UD,Tenure,0,2.189141856,16.46234676,68.82661996
J04000051,Ashby de la Zouch RD,Tenure,0,11.0071475,9.421702404,75.26965562
J04000052,Ashby de la Zouch UD,Tenure,0,9.351145038,9.993060375,72.15475364
J04000053,Ashby Woulds UD,Tenure,0,17.32991014,8.664955071,68.22849807
J04000054,Ashford UD,Tenure,0,12.15538248,14.54919012,63.50996225
J04000055,Ashington UD,Tenure,0,10.36875119,16.01406577,58.96217449
J04000056,Ashton in Makerfield UD,Tenure,0,11.08272118,8.375918237,77.20376876
J04000057,Ashton under Lyne MB,Tenure,0,5.925476515,14.30810456,56.52459679
J04000058,Aspull UD,Tenure,0,20.00634115,5.992390615,69.75269499
J04000059,Atcham RD,Tenure,0,2.590416287,11.71066788,73.89721096
J04000060,Atherstone RD,Tenure,0,12.80523683,10.40747279,69.13798176
J04000061,Atherton UD,Tenure,0,21.41974722,11.18502328,62.54870284
J04000062,Audenshaw UD,Tenure,0,3.052223006,10.14467184,69.56598447
J04000063,Axbridge RD,Tenure,0,2.888002787,12.81406062,77.55410166
J04000064,Axminster RD,Tenure,0,7.524613221,9.903891233,75.55086732
J04000065,Aylesbury MB,Tenure,0,5.047131927,14.38052162,63.63021516
J04000066,Aylesbury RD,Tenure,0,2.155850971,10.49938779,75.38481721
J04000067,Aysgarth RD,Tenure,0,2.819548872,12.03007519,70.61403509
J04000068,Bacup MB,Tenure,0,6.017023775,15.29204579,66.23128852
J04000069,Bagshot RD,Tenure,0,0.779775096,9.570713289,82.04875646
J04000070,Baildon UD,Tenure,0,5.195328232,8.685729628,77.90307424
J04000071,Bakewell RD,Tenure,0,3.374271182,11.33854361,72.807344
J04000072,Bakewell UD,Tenure,0,6.888763411,10.22021457,68.09712027
J04000073,Bala UD,Tenure,0,11.85897436,11.85897436,56.83760684
J04000074,Baldock UD,Tenure,0,8.587731812,11.86875892,63.82310984
J04000075,Banbury MB,Tenure,0,4.205869176,19.0188172,59.25739247
J04000076,Banbury RD,Tenure,0,1.151286203,11.25202375,77.31606404
J04000077,"Bangor, City of MB",Tenure,0,14.98401955,25.41831171,41.98157548
J04000078,Banstead UD,Tenure,0,1.748270499,6.590872526,81.75041562
J04000079,Barking MB,Tenure,0,30.71101725,18.90531503,41.35163675
J04000080,Barmouth UD,Tenure,0,13.17626527,22.16404887,51.48342059
J04000081,Barnack RD,Tenure,0,3.812586128,14.46945338,56.45383555
J04000082,Barnard Castle RD,Tenure,0,3.373458166,14.77188289,68.25679893
J04000083,Barnard Castle UD,Tenure,0,1.268331352,13.35711455,64.8830757
J04000084,Barnes MB,Tenure,0,3.642141286,21.30285994,61.2625275
J04000085,Barnet UD,Tenure,0,13.2685069,12.73525721,64.68005019
J04000086,Barnoldswick UD,Tenure,0,2.992257795,17.0956267,73.11152961
J04000087,Barnsley CB,Tenure,0,19.85384865,13.6537837,59.05488795
J04000088,Barnstaple MB,Tenure,0,4.941562436,19.27414394,56.90998565
J04000089,Barnstaple RD,Tenure,0,1.374570447,11.88338322,76.72098437
J04000090,Barrow upon Soar RD,Tenure,0,9.403743193,9.525008008,74.35134764
J04000091,Barrowford UD,Tenure,0,2.597402597,13.27561328,78.24675325
J04000092,Barrow-in-Furness CB,Tenure,0,9.604258274,13.72367508,71.33765332
J04000093,Barry MB,Tenure,0,12.18315617,15.70391035,61.76711077
J04000094,Barton upon Humber UD,Tenure,0,5.980066445,12.97757475,70.12043189
J04000095,Basford RD,Tenure,0,4.850649687,9.03090542,79.75099653
J04000096,Basildon UD,Tenure,0,14.10282713,9.356749142,66.07306498
J04000097,Basingstoke MB,Tenure,0,0.981412639,11.30483271,61.07063197
J04000098,Basingstoke RD,Tenure,0,0.556822004,11.11401771,71.30685003
J04000099,"Bath, City of CB",Tenure,0,4.061717378,22.45890786,56.27680705
J04000100,Bathavon RD,Tenure,0,2.187367529,11.42857143,74.79440441
J04000101,Batley MB,Tenure,0,14.75253629,12.5441399,64.267698
J04000102,Battersea MB,Tenure,0,16.17034023,28.67876488,41.04241032
J04000103,Battle RD,Tenure,0,1.769381533,8.961236934,76.51894599
J04000104,Beaconsfield UD,Tenure,0,0.950771181,12.59243609,68.89921825
J04000105,Beaminster RD,Tenure,0,0.86724483,12.63064265,69.49077163
J04000106,Beaumaris MB,Tenure,0,13.36734694,17.95918367,61.42857143
J04000107,Bebington MB,Tenure,0,4.35195022,10.13431477,75.72848687
J04000108,Beccles MB,Tenure,0,10.62581486,15.25423729,63.84180791
J04000109,Beckenham MB,Tenure,0,0.656854397,14.52682155,74.14548109
J04000110,Bedale RD,Tenure,0,0.532439361,13.31098403,63.63636364
J04000111,Beddington and Wallington MB,Tenure,0,5.933531478,13.73682788,65.37692516
J04000112,Bedford MB,Tenure,0,2.525696613,19.65980413,57.41790728
J04000113,Bedford RD,Tenure,0,1.178492512,8.81414191,76.6686542
J04000114,Bedlingtonshire UD,Tenure,0,12.35425651,10.11819198,65.64446574
J04000115,Bedwas and Machen UD,Tenure,0,17.47609943,7.495219885,70.49713193
J04000116,Bedwellty UD,Tenure,0,16.00603622,9.67806841,66.85110664
J04000117,Bedworth UD,Tenure,0,10.10741688,9.820971867,74.06649616
J04000118,Beeston and Stapleford UD,Tenure,0,10.18189208,15.2491278,69.09528164
J04000119,Belford RD,Tenure,0,4.158089749,14.82091396,64.75916015
J04000120,Bellingham RD,Tenure,0,3.978542691,15.4671435,63.20965579
J04000121,Belper RD,Tenure,0,2.750921425,8.177981945,82.75733134
J04000122,Belper UD,Tenure,0,3.185654008,11.80379747,77.94303797
J04000123,Benfleet UD,Tenure,0,2.791041103,8.284518828,85.98080236
J04000124,Bentley with Arksey UD,Tenure,0,15.97374179,15.77680525,61.15973742
J04000125,Berkhamsted RD,Tenure,0,8.276098901,8.482142857,78.81181319
J04000126,Berkhamsted UD,Tenure,0,10.3680909,11.67002012,72.64765061
J04000127,Bermondsey MB,Tenure,0,28.08424642,27.5537592,27.26641195
J04000128,Berwick upon Tweed MB,Tenure,0,6.975446429,13.35565476,56.88244048
J04000129,Bethesda UD,Tenure,0,7.385811467,13.26530612,65.54907677
J04000130,Bethnal Green MB,Tenure,0,25.47924609,27.66471567,24.80803308
J04000131,Bettws y Coed UD,Tenure,0,3.305785124,9.504132231,78.09917355
J04000132,Beverley MB,Tenure,0,14.45755788,14.90013618,62.63050386
J04000133,Beverley RD,Tenure,0,10.46124989,8.949327877,74.78045869
J04000134,Bewdley MB,Tenure,0,3.944260746,11.14785073,76.1454889
J04000135,Bexhill MB,Tenure,0,1.473216442,15.96870019,72.09583152
J04000136,Bexley MB,Tenure,0,1.779867718,9.013601705,81.32237579
J04000137,Bicester UD,Tenure,0,2.313298828,14.24949826,70.26513151
J04000138,Biddulph UD,Tenure,0,4.455909944,7.71575985,78.96341463
J04000139,Bideford MB,Tenure,0,3.313416621,18.04725693,62.28951657
J04000140,Bideford RD,Tenure,0,1.165501166,15.45121545,73.22677323
J04000141,Biggleswade RD,Tenure,0,1.20585702,9.484724122,71.8295587
J04000142,Biggleswade UD,Tenure,0,1.417208966,12.42227043,68.87924801
J04000143,Billesdon RD,Tenure,0,6.509095409,8.835540156,76.00544487
J04000144,Billinge and Winstanley UD,Tenure,0,4.780114723,4.695134905,84.44869344
J04000145,Billingham UD,Tenure,0,10.49903648,10.48574656,70.41663898
J04000146,Bilston MB,Tenure,0,34.97509685,9.546209186,44.39217856
J04000147,Bingham RD,Tenure,0,2.572890961,8.979983548,79.64994059
J04000148,Bingley UD,Tenure,0,3.582233223,13.10506051,74.76622662
J04000149,Birkenhead CB,Tenure,0,8.433062566,17.51720717,55.67474835
J04000150,"Birmingham, City of CB",Tenure,0,16.32541328,17.52172954,52.69947457
J04000151,Bishop Auckland UD,Tenure,0,14.12815859,13.36032389,64.66564289
J04000152,Bishops Castle MB,Tenure,0,1.570048309,14.25120773,62.07729469
J04000153,Bishops Stortford UD,Tenure,0,1.481233244,14.22922252,72.25871314
J04000154,Blaby RD,Tenure,0,4.582151429,8.820035397,78.51480108
J04000155,Blackburn CB,Tenure,0,6.887600806,13.81552419,60.40826613
J04000156,Blackburn RD,Tenure,0,0.773694391,6.530890886,87.15439754
J04000157,Blackpool CB,Tenure,0,6.670792276,24.5299186,62.24274448
J04000158,Blackrod UD,Tenure,0,7.152557718,8.420099593,81.66591218
J04000159,Blackwell RD,Tenure,0,15.3063422,11.47302681,66.87843222
J04000160,Blaenavon UD,Tenure,0,10.92627599,9.111531191,62.30623819
J04000161,Blandford Forum MB,Tenure,0,1.936483346,15.5693261,57.12625871
J04000162,Blandford RD,Tenure,0,0.871148095,10.92185672,66.70133923
J04000163,Blaydon UD,Tenure,0,20.98214286,8.403822055,65.59367168
J04000164,Bletchley UD,Tenure,0,23.03697432,11.52130962,57.2001129
J04000165,Blofield and Flegg RD,Tenure,0,3.250824484,8.995034973,79.41144493
J04000166,Blyth MB,Tenure,0,20.51028711,10.59514123,60.31616878
J04000167,Blyth RD,Tenure,0,1.1085109,11.51619658,72.2749107
J04000168,Bodmin MB,Tenure,0,14.79346782,16.21837976,60.37463977
J04000169,Bognor Regis UD,Tenure,0,4.584597319,19.3267443,68.31881789
J04000170,Boldon UD,Tenure,0,17.01464631,5.66375818,72.13306326
J04000171,Bollington UD,Tenure,0,2.211230724,15.94413733,73.26156532
J04000172,Bolsover UD,Tenure,0,15.5813496,11.84339957,66.16171552
J04000173,Bolton CB,Tenure,0,17.58763823,14.78094497,56.69163667
J04000174,Bootle CB,Tenure,0,11.4145694,12.36918679,50.03828679
J04000175,Border RD,Tenure,0,1.233753381,10.70132612,77.91119615
J04000176,Boston MB,Tenure,0,7.031363968,20.50328228,56.03209336
J04000177,Boston RD,Tenure,0,5.205802224,8.077461159,71.77674693
J04000178,Bourne UD,Tenure,0,7.821960399,11.53657339,72.41040746
J04000179,Bournemouth CB,Tenure,0,5.914114876,28.12707616,57.22534276
J04000180,Bowdon UD,Tenure,0,1.740877134,11.61700703,79.74556411
J04000181,Bowland RD,Tenure,0,0.379650721,17.99544419,72.43735763
J04000182,Brackley MB,Tenure,0,1.260820474,11.29092962,77.15468574
J04000183,Brackley RD,Tenure,0,2.678834266,9.214012364,75.69914631
J04000184,Bradfield RD,Tenure,0,0.556049822,9.105871886,76.41903915
J04000185,Bradford and Melksham RD,Tenure,0,0.921787709,8.780260708,79.90689013
J04000186,Bradford on Avon UD,Tenure,0,1.726551563,10.21931871,73.82174522
J04000187,"Bradford, City of CB",Tenure,0,7.007444931,18.65837747,59.61658181
J04000188,Braintree and Bocking UD,Tenure,0,4.048711055,14.6607623,64.85318151
J04000189,Braintree RD,Tenure,0,2.676434322,10.14724015,73.97548415
J04000190,Brandon and Byshottles UD,Tenure,0,22.71057932,10.28314181,60.58523872
J04000191,Braughing RD,Tenure,0,2.279154883,8.634170687,75.59474297
J04000192,Brecknock MB,Tenure,0,12.70976616,12.40715268,58.18431912
J04000193,Brecknock RD,Tenure,0,4.587448232,12.99776999,76.01146862
J04000194,Bredbury and Romiley UD,Tenure,0,8.523908524,8.084119623,72.8210459
J04000195,Brentford and Chiswick MB,Tenure,0,16.08910891,25.18928363,47.85963891
J04000196,Brentwood UD,Tenure,0,9.375251915,11.29786376,73.46634422
J04000197,Bridge-Blean RD,Tenure,0,6.23238586,11.13616233,76.39101377
J04000198,Bridgend UD,Tenure,0,4.127675939,11.62671452,63.83796949
J04000199,Bridgnorth MB,Tenure,0,8.725686239,13.43392111,71.07798582
J04000200,Bridgnorth RD,Tenure,0,6.714917571,14.34124112,70.16485726
J04000201,Bridgwater MB,Tenure,0,15.2027027,17.09298584,56.90958816
J04000202,Bridgwater RD,Tenure,0,4.490025288,11.21101433,77.16212419
J04000203,Bridlington MB,Tenure,0,9.216134412,20.11859905,63.81493607
J04000204,Bridlington RD,Tenure,0,3.77740925,11.8113138,76.58006265
J04000205,Bridport MB,Tenure,0,1.229193342,14.44302177,59.12932138
J04000206,Bridport RD,Tenure,0,0.357995227,8.438458916,79.49198773
J04000207,Brierfield UD,Tenure,0,3.980424144,13.40946166,74.5187602
J04000208,Brierley Hill UD,Tenure,0,15.5237746,7.933015524,72.2161105
J04000209,Brigg UD,Tenure,0,5.773112636,13.96851029,67.09729512
J04000210,Brighouse MB,Tenure,0,5.782355131,13.09095421,70.77801216
J04000211,Brightlingsea UD,Tenure,0,3.858875413,15.54575524,75.6890849
J04000212,Brighton CB,Tenure,0,13.29095897,24.23433823,52.63165785
J04000213,"Bristol, City and County of CB",Tenure,0,14.20306496,22.25246213,54.12655125
J04000214,Brixham UD,Tenure,0,0.630040323,16.89768145,72.0640121
J04000215,Brixworth RD,Tenure,0,2.842344618,8.969176352,80.75416877
J04000216,Broadstairs and St. Peters UD,Tenure,0,1.899264501,14.16069267,74.81612513
J04000217,Broadwoodwidger RD,Tenure,0,2.252693438,13.80999021,77.96278159
J04000218,Bromley MB,Tenure,0,1.149113589,13.97918715,71.96366225
J04000219,Bromsgrove RD,Tenure,0,11.41251785,7.414912725,74.42085387
J04000220,Bromsgrove UD,Tenure,0,4.103578802,8.116827254,76.58723331
J04000221,Bromyard RD,Tenure,0,1.460415065,10.81219575,75.55726364
J04000222,Bromyard UD,Tenure,0,1.532258065,15.40322581,56.69354839
J04000223,Brownhills UD,Tenure,0,10.8365151,8.330440819,68.94828185
J04000224,Brynmawr UD,Tenure,0,11.23321123,13.87871388,59.95115995
J04000225,Buckfastleigh UD,Tenure,0,4.767879548,18.00501882,59.66122961
J04000226,Buckingham MB,Tenure,0,2.901124926,13.63726071,72.72547859
J04000227,Buckingham RD,Tenure,0,2.5,10.35433071,75.13779528
J04000228,Buckley UD,Tenure,0,9.93407252,10.00899011,73.70392568
J04000229,Bucklow RD,Tenure,0,3.189337141,11.36498869,63.40592645
J04000230,Bude-Stratton UD,Tenure,0,5.954504906,16.25780553,66.14629795
J04000231,Budleigh Salterton UD,Tenure,0,6.411788132,10.03584229,78.17602549
J04000232,Builth RD,Tenure,0,3.661162958,13.99856425,75.66403446
J04000233,Builth Wells UD,Tenure,0,7.601351351,13.51351351,70.60810811
J04000234,Bullingdon RD,Tenure,0,6.155714901,11.43372125,65.82814153
J04000235,Bungay UD,Tenure,0,11.69977925,13.86313466,66.04856512
J04000236,Burgess hill UD,Tenure,0,0.625427538,9.322779244,76.3314766
J04000237,Burnham on Crouch UD,Tenure,0,0.738846263,10.45751634,75.16339869
J04000238,Burnham-on-Sea UD,Tenure,0,6.668155925,14.93354183,69.70847761
J04000239,Burnley CB,Tenure,0,4.247118556,19.17874217,61.32379646
J04000240,Burnley RD,Tenure,0,1.011422094,8.745313454,85.03792833
J04000241,Burry Port UD,Tenure,0,9.585121602,11.01573677,73.92703863
J04000242,Burton Latimer UD,Tenure,0,7.837360047,9.133765468,75.39776075
J04000243,Burton upon Trent CB,Tenure,0,5.934836648,18.47478693,59.15305398
J04000244,Bury CB,Tenure,0,11.04011993,12.55354083,67.83623644
J04000245,Bury St. Edmunds MB,Tenure,0,7.084957614,17.00389827,60.84400718
J04000246,Bushey UD,Tenure,0,0.713727024,11.94759484,72.69260853
J04000247,Buxton MB,Tenure,0,9.465408805,16.18448637,65.97484277
J04000248,Caerleon UD,Tenure,0,6.621354966,9.581232186,72.96645472
J04000249,Caernarvon MB,Tenure,0,16.55350035,9.529384219,55.81830953
J04000250,Caerphilly UD,Tenure,0,9.155489319,9.458519622,73.52210631
J04000251,Caistor RD,Tenure,0,1.364628821,12.06331878,74.60425764
J04000252,Calne and Chippenham RD,Tenure,0,1.025350371,11.86624073,73.70671888
J04000253,Calne MB,Tenure,0,1.95903829,10.49272781,68.87800534
J04000254,Camberwell MB,Tenure,0,28.72782366,19.24637115,34.97222358
J04000255,Camborne-Redruth UD,Tenure,0,3.808887404,15.33160708,68.10892082
J04000256,"Cambridge, City of MB",Tenure,0,15.19802512,23.92186326,47.46592251
J04000257,Camelford RD,Tenure,0,5.949127601,12.97035947,72.86104688
J04000258,Cannock RD,Tenure,0,1.456138798,7.519695494,75.45808622
J04000259,Cannock UD,Tenure,0,14.15782493,11.09269083,67.42558208
J04000260,"Canterbury, City and County of CB",Tenure,0,14.41697294,28.58892972,43.08943089
J04000261,Canvey Island UD,Tenure,0,5.569907378,11.90851238,78.1110201
J04000262,Cardiff RD,Tenure,0,6.309272919,9.193888303,78.59369512
J04000263,"Cardiff, City of CB",Tenure,0,10.57276231,23.93974113,53.6108928
J04000264,Cardigan MB,Tenure,0,6.755076668,17.15706589,61.29299627
J04000265,"Carlisle, City of CB",Tenure,0,3.302697002,13.85867109,63.85415097
J04000266,Carlton UD,Tenure,0,3.992116601,13.70428087,72.68310569
J04000267,Carmarthen MB,Tenure,0,10.57676686,16.71811535,61.23476848
J04000268,Carmarthen RD,Tenure,0,8.389399973,8.368804064,77.89372511
J04000269,Carnforth UD,Tenure,0,7.209106239,10.96121417,77.69814503
J04000270,Carshalton UD,Tenure,0,16.12722954,11.47021841,65.30526708
J04000271,Castle Donington RD,Tenure,0,8.522545571,14.88647266,71.79405181
J04000272,Castle Ward RD,Tenure,0,14.55035598,9.269371673,69.55139283
J04000273,Castleford MB,Tenure,0,21.35673564,10.6271219,59.34277112
J04000274,Caterham and Warlingham UD,Tenure,0,6.027288383,10.82262551,76.6127964
J04000275,Ceiriog RD,Tenure,0,13.19656224,9.481563626,67.53534793
J04000276,Cemaes RD,Tenure,0,4.731428571,9.257142857,77.85142857
J04000277,Chadderton UD,Tenure,0,8.583037075,9.054632518,73.84459116
J04000278,Chailey RD,Tenure,0,5.927412964,12.0872735,74.09266205
J04000279,Chanctonbury RD,Tenure,0,1.474976074,9.232674661,76.72127456
J04000280,Chapel en le Frith RD,Tenure,0,6.847133758,9.161358811,78.67303609
J04000281,Chard MB,Tenure,0,6.085229325,10.5994944,65.16793066
J04000282,Chard RD,Tenure,0,2.399663205,9.023294976,78.16446814
J04000283,Charlton Kings UD,Tenure,0,3.423875827,8.103172792,85.55124401
J04000284,Chatham MB,Tenure,0,2.498580352,18.15019875,62.16993186
J04000285,Chatteris UD,Tenure,0,1.432664756,15.38461538,71.45690985
J04000286,Cheadle and Gatley UD,Tenure,0,5.710206995,7.690935046,82.15560314
J04000287,Cheadle RD,Tenure,0,4.165863067,7.082931533,81.8804243
J04000288,Chelmsford MB,Tenure,0,2.515068886,14.34773249,67.80281286
J04000289,Chelmsford RD,Tenure,0,2.115953325,8.741202632,76.76577795
J04000290,Chelsea MB,Tenure,0,10.73836451,33.71030883,37.66855154
J04000291,Cheltenham MB,Tenure,0,9.567411492,23.88471243,58.00535858
J04000292,Cheltenham RD,Tenure,0,2.012535871,9.617127322,78.38317475
J04000293,Chepstow RD,Tenure,0,4.394618834,6.985550573,78.90383657
J04000294,Chepstow UD,Tenure,0,3.986068111,12.69349845,68.13080495
J04000295,Chertsey UD,Tenure,0,8.496867395,10.39196396,73.26153368
J04000296,Chesham UD,Tenure,0,3.305879661,9.448638755,67.51315488
J04000297,Cheshunt UD,Tenure,0,3.676500426,10.55066347,71.12364566
J04000298,Chester le Street RD,Tenure,0,11.73773333,7.376250135,70.7838394
J04000299,Chester le Street UD,Tenure,0,8.821333333,8.928,65.49333333
J04000300,Chester RD,Tenure,0,1.817625459,8.488372093,80.99755202
J04000301,"Chester, City and County of CB",Tenure,0,5.894996476,19.81677237,56.12755462
J04000302,Chesterfield MB,Tenure,0,19.30966067,12.2312024,63.10506813
J04000303,Chesterfield RD,Tenure,0,18.16946554,7.022158735,70.00034841
J04000304,Chesterton RD,Tenure,0,7.66554037,11.71516466,69.58999445
J04000305,Chichester City MB,Tenure,0,3.279732527,17.36984557,55.59624264
J04000306,Chichester RD,Tenure,0,3.050629658,10.1464919,75.6463634
J04000307,Chigwell UD,Tenure,0,12.56061317,11.38745503,70.81182543
J04000308,Chingford MB,Tenure,0,9.072636927,10.75316844,69.53827257
J04000309,Chippenham MB,Tenure,0,1.967616315,10.54519369,63.81430621
J04000310,Chipping Norton MB,Tenure,0,3.197158082,12.14920071,66.60746004
J04000311,Chipping Norton RD,Tenure,0,1.692290676,11.32618073,72.10485566
J04000312,Chislehurst and Sidcup UD,Tenure,0,2.765051041,9.368217989,64.92645286
J04000313,Chorley MB,Tenure,0,4.806814725,11.40857925,67.1067843
J04000314,Chorley RD,Tenure,0,1.777869021,7.398891398,82.48408951
J04000315,Chorleywood UD,Tenure,0,2.369548777,6.906982607,84.42147719
J04000316,Christchurch MB,Tenure,0,0.838492663,9.730414859,74.57222249
J04000317,Church Stretton UD,Tenure,0,0.688073394,9.403669725,76.46788991
J04000318,Church UD,Tenure,0,7.795992714,15.66484517,60.51001821
J04000319,Cirencester RD,Tenure,0,1.572224042,12.62146523,68.03144448
J04000320,Cirencester UD,Tenure,0,2.340501366,14.03112748,61.86289652
J04000321,City of London (County Corporate) LCC,Tenure,0,5.739081747,36.84210526,46.27659574
J04000322,Clacton UD,Tenure,0,3.738905035,17.89725866,70.44222763
J04000323,Clare RD,Tenure,0,3.448275862,10.47186933,74.91833031
J04000324,Clay Cross UD,Tenure,0,29.79127135,8.372865275,57.35294118
J04000325,Clayton le Moors UD,Tenure,0,3.899336283,16.20575221,69.66261062
J04000326,Cleethorpes MB,Tenure,0,2.500174107,21.21317641,66.44613135
J04000327,Clevedon UD,Tenure,0,2.350678491,13.94379741,75.46746447
J04000328,Clitheroe MB,Tenure,0,3.078798964,12.52857796,69.42539247
J04000329,Clitheroe RD,Tenure,0,1.008120975,13.60963316,75.27303276
J04000330,Clowne RD,Tenure,0,14.07480315,12.44531934,67.56342957
J04000331,Clun RD,Tenure,0,0.739827374,14.89519112,71.98520345
J04000332,Clutton RD,Tenure,0,2.423233444,7.870884203,78.76433592
J04000333,Coalville UD,Tenure,0,10.77930583,9.384413883,71.57170923
J04000334,Cockermouth RD,Tenure,0,1.270597578,7.176891007,77.78439547
J04000335,Cockermouth UD,Tenure,0,2.218114603,10.7736995,70.95326116
J04000336,Colchester MB,Tenure,0,9.687109435,20.14383757,58.61380928
J04000337,Colne MB,Tenure,0,8.616619452,18.1421152,61.1898017
J04000338,Colne Valley UD,Tenure,0,6.845468629,13.86522076,75.30015492
J04000339,Colwyn Bay MB,Tenure,0,6.857392444,17.44922472,64.94139914
J04000340,Colwyn RD,Tenure,0,6.955380577,13.25459318,73.49081365
J04000341,Congleton MB,Tenure,0,2.309488799,9.436899922,74.95891359
J04000342,Congleton RD,Tenure,0,1.123357355,7.238236541,83.13904197
J04000343,Conisbrough UD,Tenure,0,25.08637524,9.899354063,58.2394472
J04000344,Connahs Quay UD,Tenure,0,10.05503495,9.668302841,73.21136397
J04000345,Consett UD,Tenure,0,6.409553403,11.81380613,69.70693962
J04000346,Conway MB,Tenure,0,3.572572893,12.17558475,74.23902595
J04000347,Cookham RD,Tenure,0,0.524799341,9.271455032,74.54208685
J04000348,Corby UD,Tenure,0,22.83656857,13.3187226,58.64746399
J04000349,Coseley UD,Tenure,0,19.44316731,7.933588761,65.43550447
J04000350,Cosford RD,Tenure,0,9.632938435,9.16682851,72.82967567
J04000351,Coulsdon and Purley UD,Tenure,0,4.395359215,10.01147447,79.78580991
J04000352,"Coventry, City of CB",Tenure,0,5.643669695,19.51469024,59.36901547
J04000353,Cowbridge MB,Tenure,0,8.58778626,19.65648855,68.89312977
J04000354,Cowbridge RD,Tenure,0,5.731787355,10.1144899,75.79668927
J04000355,Cowes UD,Tenure,0,0.757575758,15.8592504,71.33173844
J04000356,Cranbrook RD,Tenure,0,0.969326783,11.32651706,67.57402735
J04000357,Crawley UD,Tenure,0,19.47937902,12.8900737,58.11196487
J04000358,Crayford UD,Tenure,0,2.986097513,8.517720775,68.26904249
J04000359,Crediton RD,Tenure,0,6.873500171,11.3644155,76.65409667
J04000360,Crediton UD,Tenure,0,7.165376899,16.13642878,66.26540556
J04000361,Crewe MB,Tenure,0,6.602991844,18.13424048,60.98390684
J04000362,Crewkerne UD,Tenure,0,3.64986081,12.83637488,70.58459635
J04000363,Criccieth UD,Tenure,0,3.620474407,11.23595506,70.53682896
J04000364,Crickhowell RD,Tenure,0,5.082684825,8.292801556,76.92120623
J04000365,Cricklade and Wootton Bassett RD,Tenure,0,4.151271463,11.52792871,71.50619431
J04000366,Croft RD,Tenure,0,5.550239234,15.6937799,72.72727273
J04000367,Cromer UD,Tenure,0,2.014504432,20.73596562,62.55707763
J04000368,Crompton UD,Tenure,0,7.015728477,9.447433775,73.6134106
J04000369,Crook and Willington UD,Tenure,0,14.10450587,10.43165468,66.69822037
J04000370,Crosby MB,Tenure,0,4.192575843,12.4646693,69.95948747
J04000371,Croydon CB,Tenure,0,11.22822338,22.44072829,53.22010217
J04000372,Cuckfield RD,Tenure,0,2.482458952,11.92435089,73.68664743
J04000373,Cuckfield UD,Tenure,0,0.407990996,14.71581317,70.65278559
J04000374,Cudworth UD,Tenure,0,17.36736737,11.93693694,65.64064064
J04000375,Cwmamman UD,Tenure,0,15.19119958,8.852802514,67.15557884
J04000376,Cwmbran UD,Tenure,0,12.49332265,7.18482906,61.05101496
J04000377,Dagenham MB,Tenure,0,26.9571774,14.53160344,50.27950391
J04000378,Dalton in Furness UD,Tenure,0,4.039260098,8.437146093,83.86183465
J04000379,Darfield UD,Tenure,0,19.08396947,10.52798982,64.69465649
J04000380,Darlaston UD,Tenure,0,16.86602871,9.95215311,52.22488038
J04000381,Darlington CB,Tenure,0,12.44375916,17.66594207,62.21121278
J04000382,Darlington RD,Tenure,0,9.004207574,9.499766246,74.00654511
J04000383,Dartford MB,Tenure,0,9.71162378,13.41614907,69.37888199
J04000384,Dartford RD,Tenure,0,5.702687662,9.189118408,72.83857662
J04000385,Dartmouth MB,Tenure,0,4.212523719,13.5483871,59.31688805
J04000386,Darton UD,Tenure,0,10.38728689,8.440328352,77.16270259
J04000387,Darwen MB,Tenure,0,3.611025562,17.77794888,66.66153372
J04000388,Daventry MB,Tenure,0,6.012566457,13.82310295,61.33397777
J04000389,Daventry RD,Tenure,0,3.450411395,9.068388923,75.97098116
J04000390,Dawley UD,Tenure,0,11.74020711,12.30301666,56.01080594
J04000391,Dawlish UD,Tenure,0,1.639910236,17.67650613,68.89349215
J04000392,Deal MB,Tenure,0,7.197618162,15.295869,69.63900261
J04000393,Dearne UD,Tenure,0,16.36703731,15.59804635,59.01486023
J04000394,Deben RD,Tenure,0,3.689952027,11.38200697,74.91292633
J04000395,Denbigh MB,Tenure,0,11.72677335,13.25531407,63.72104132
J04000396,Denby Dale UD,Tenure,0,6.81483465,10.282501,78.61828893
J04000397,Denholme UD,Tenure,0,4.65901418,12.89669142,70.42538825
J04000398,Denton UD,Tenure,0,3.899338096,10.04652992,68.90359788
J04000399,Deptford MB,Tenure,0,25.93859165,28.68909726,26.85052399
J04000400,Depwade RD,Tenure,0,2.605467913,9.265472196,75.70133486
J04000401,Derby CB,Tenure,0,16.15713029,23.53950784,45.63085967
J04000402,Derwent RD,Tenure,0,4.464796795,10.24613623,79.5172677
J04000403,Desborough UD,Tenure,0,6.082004556,10.41002278,76.15034169
J04000404,Deudraeth RD,Tenure,0,5.951661631,10.39274924,73.2326284
J04000405,Devizes MB,Tenure,0,2.675397568,10.12160898,59.81290926
J04000406,Devizes RD,Tenure,0,1.728421735,9.906017068,68.5967376
J04000407,Dewsbury CB,Tenure,0,19.79667283,13.32255083,58.90018484
J04000408,Disley RD,Tenure,0,1.209253417,8.622502629,82.5446898
J04000409,Diss UD,Tenure,0,4.989094875,16.22137405,62.8953108
J04000410,Docking RD,Tenure,0,1.74694537,11.52176108,73.02837524
J04000411,Dodworth UD,Tenure,0,17.2949864,8.394869802,70.73455111
J04000412,Dolgellau RD,Tenure,0,4.106419896,11.24927704,74.34933488
J04000413,Dolgellau UD,Tenure,0,7.34375,13.203125,63.125
J04000414,Doncaster CB,Tenure,0,15.93538093,18.42270215,58.37654567
J04000415,Doncaster RD,Tenure,0,10.20659427,10.80741671,74.46504642
J04000416,Dorchester MB,Tenure,0,0.804597701,12.65644955,66.32183908
J04000417,Dorchester RD,Tenure,0,0.978303748,12.12623274,71.12426036
J04000418,Dore and Bredwardine RD,Tenure,0,3.310059478,11.71450737,71.8386346
J04000419,Dorking and Horley RD,Tenure,0,2.082633524,12.69734632,72.71302206
J04000420,Dorking UD,Tenure,0,1.571374479,12.03142749,69.71790988
J04000421,Dover MB,Tenure,0,11.44067797,22.4380704,54.33507171
J04000422,Dover RD,Tenure,0,3.78608022,7.622141697,80.3698613
J04000423,Downham Market UD,Tenure,0,2.726766834,16.44407346,67.64051196
J04000424,Downham RD,Tenure,0,2.064200859,11.17196057,71.0422108
J04000425,Drayton RD,Tenure,0,1.403425309,11.96479543,71.95528069
J04000426,Driffield RD,Tenure,0,6.108052306,11.56228493,75.98072953
J04000427,Driffield UD,Tenure,0,5.348150721,14.96787637,75.27348498
J04000428,Droitwich MB,Tenure,0,1.952512956,8.460889478,69.56731349
J04000429,Droitwich RD,Tenure,0,1.14779757,11.08295446,77.29000522
J04000430,Dronfield UD,Tenure,0,7.219164778,4.672493795,82.6912701
J04000431,Droxford RD,Tenure,0,6.508953078,10.72408835,75.00326755
J04000432,Droylsden UD,Tenure,0,2.895852725,14.00351639,68.94197952
J04000433,Dudley CB,Tenure,0,28.93540401,10.8575287,51.80283592
J04000434,Dukinfield MB,Tenure,0,6.122879123,9.906207187,64.70650227
J04000435,Dulverton RD,Tenure,0,1.158690176,11.88916877,67.00251889
J04000436,Dunmow RD,Tenure,0,8.53909465,12.17666079,71.13462669
J04000437,Dunstable MB,Tenure,0,9.582655024,12.83113808,70.34926743
J04000438,Durham RD,Tenure,0,15.07556407,9.211366539,70.80140485
J04000439,"Durham, City of MB",Tenure,0,9.88672406,22.94517444,57.48980517
J04000440,Dursley RD,Tenure,0,12.9854263,8.718038223,72.94702854
J04000441,Ealing MB,Tenure,0,10.06657203,26.04997797,53.81687797
J04000442,Earby UD,Tenure,0,4.738154613,14.38071488,73.19201995
J04000443,Easington RD,Tenure,0,17.07324464,10.23970423,64.59892724
J04000444,Easingwold RD,Tenure,0,0.639120095,11.92033294,70.71938169
J04000445,East Ashford RD,Tenure,0,7.849430989,11.80332652,73.57747301
J04000446,East Barnet UD,Tenure,0,3.944404768,17.95308466,70.60374664
J04000447,East Dean RD,Tenure,0,2.638395855,9.421471745,73.79833061
J04000448,East Dereham UD,Tenure,0,2.547928262,14.59492888,66.74087817
J04000449,East Elloe RD,Tenure,0,9.903948773,10.01778726,74.17289221
J04000450,East Grinstead UD,Tenure,0,0.780626275,13.09323162,73.2014548
J04000451,East Ham CB,Tenure,0,15.33011272,32.51437773,39.35127674
J04000452,East Kesteven RD,Tenure,0,10.98388465,10.22900763,70.77184054
J04000453,East Retford MB,Tenure,0,15.12048193,12.73092369,65.14056225
J04000454,East Retford RD,Tenure,0,7.309707789,7.975841549,79.03899103
J04000455,Eastbourne CB,Tenure,0,7.450648367,21.68798182,61.70179582
J04000456,Easthampstead RD,Tenure,0,5.667204325,10.62382841,68.48380487
J04000457,Eastleigh MB,Tenure,0,1.354747506,11.36809864,71.08693945
J04000458,Eastry RD,Tenure,0,9.578176747,10.43228168,69.88844344
J04000459,Eastwood UD,Tenure,0,14.96062992,10.39370079,66.61417323
J04000460,Ebbw Vale UD,Tenure,0,11.30012151,10.46982584,63.61887404
J04000461,Eccles MB,Tenure,0,18.99082569,14.96024465,49.18654434
J04000462,Edeyrnion RD,Tenure,0,12.6745435,10.52631579,68.31364125
J04000463,Edmonton MB,Tenure,0,14.44037531,21.67392873,51.36464487
J04000464,Egham UD,Tenure,0,9.287193138,18.68530021,63.97515528
J04000465,Elham RD,Tenure,0,3.856266433,9.753349192,78.46500563
J04000466,Elland UD,Tenure,0,4.695325543,14.7433222,67.83180301
J04000467,Ellesmere Port MB,Tenure,0,17.27511515,8.496707145,68.78830561
J04000468,Ellesmere RD,Tenure,0,1.034097261,9.782001118,77.19396311
J04000469,Ellesmere UD,Tenure,0,2.286049238,16.99882767,66.47127784
J04000470,Elstree RD,Tenure,0,3.033379871,11.51795913,58.03401447
J04000471,Ely RD,Tenure,0,1.406278352,9.716929777,71.9379423
J04000472,Ely UD,Tenure,0,1.241363157,16.12601007,63.84822579
J04000473,Enfield MB,Tenure,0,12.78745155,18.81263682,60.15344138
J04000474,Ennerdale RD,Tenure,0,6.144647745,7.477308745,71.25054027
J04000475,Epping and Ongar RD,Tenure,0,7.272169377,8.578442116,78.58238724
J04000476,Epping UD,Tenure,0,11.39114904,11.70867236,69.33915459
J04000477,Epsom and Ewell MB,Tenure,0,0.557346226,12.1810368,76.99100188
J04000478,Erith MB,Tenure,0,3.049141504,13.31491349,60.87757384
J04000479,Erpingham RD,Tenure,0,1.878799042,11.14385706,73.18106465
J04000480,Esher UD,Tenure,0,1.980370927,11.99399253,76.25650519
J04000481,Eston UD,Tenure,0,20.19735683,9.931277533,54.23788546
J04000482,Eton RD,Tenure,0,1.176243733,10.44735827,72.92711145
J04000483,Eton UD,Tenure,0,1.80785124,16.52892562,54.90702479
J04000484,Evesham MB,Tenure,0,1.985185185,14.68641975,65.15555556
J04000485,Evesham RD,Tenure,0,1.517564403,8.590163934,75.07259953
J04000486,"Exeter, City and County of CB",Tenure,0,9.708283289,19.56720884,59.75205097
J04000487,Exmouth UD,Tenure,0,7.057828661,14.66857477,71.19625317
J04000488,Eye MB,Tenure,0,13.51909185,8.978328173,67.49226006
J04000489,Failsworth UD,Tenure,0,7.869654817,11.25708398,67.89026275
J04000490,Falmouth MB,Tenure,0,10.7687454,19.43422021,61.58376275
J04000491,Fareham UD,Tenure,0,5.088129844,8.385753236,80.422508
J04000492,Faringdon RD,Tenure,0,2.223220301,11.49786661,65.52885695
J04000493,Farnborough UD,Tenure,0,2.005730659,10.74498567,66.4756447
J04000494,Farnham UD,Tenure,0,8.037383178,10.51713396,74.52336449
J04000495,Farnworth MB,Tenure,0,23.10093652,11.98562104,52.87106234
J04000496,Faversham MB,Tenure,0,2.168963451,12.0910725,67.23786699
J04000497,Featherstone UD,Tenure,0,20.6431853,9.081163859,62.46554364
J04000498,Felixstowe UD,Tenure,0,1.748971193,14.49682005,67.16236438
J04000499,Felling UD,Tenure,0,29.02664762,7.665072365,53.94745015
J04000500,Feltham UD,Tenure,0,17.93324455,14.95338771,51.78541701
J04000501,Ffestiniog UD,Tenure,0,8.015768725,13.00919842,67.23609286
J04000502,Filey UD,Tenure,0,1.751642165,15.32686894,70.84766969
J04000503,Finchley MB,Tenure,0,5.441567065,26.96547145,58.74501992
J04000504,Finsbury MB,Tenure,0,30.34520774,26.56239234,24.39192448
J04000505,Fishguard and Goodwick UD,Tenure,0,7.397151899,13.29113924,68.82911392
J04000506,Flaxton RD,Tenure,0,0.704471865,7.316005951,80.3141682
J04000507,Fleet UD,Tenure,0,0.436477007,10.06235386,80.47544817
J04000508,Fleetwood MB,Tenure,0,3.270374257,14.98775796,64.70793984
J04000509,Flint MB,Tenure,0,16.97136386,8.218734833,66.99563177
J04000510,Folkestone MB,Tenure,0,7.576681771,29.90589055,53.13262461
J04000511,Forden RD,Tenure,0,5.258033106,12.20382993,77.02044791
J04000512,Forehoe and Henstead RD,Tenure,0,4.715000807,9.950750848,72.36395931
J04000513,Formby UD,Tenure,0,0.694156651,5.480729383,89.74305843
J04000514,Fowey MB,Tenure,0,2.578268877,18.87661142,67.9558011
J04000515,Freebridge Lynn RD,Tenure,0,2.312513508,10.63323968,75.67538362
J04000516,Friern Barnet UD,Tenure,0,7.715653875,24.30700749,59.53328387
J04000517,Frimley and Camberley UD,Tenure,0,1.370235935,10.90290381,73.76588022
J04000518,Frinton and Walton UD,Tenure,0,2.924759991,13.18374637,78.00848404
J04000519,Frome RD,Tenure,0,2.473093657,11.56400275,76.4140142
J04000520,Frome UD,Tenure,0,4.761296911,15.82844013,63.62011744
J04000521,Fulham MB,Tenure,0,14.48946285,31.70841316,37.13663994
J04000522,Fulwood UD,Tenure,0,1.048923052,8.015053247,80.68700456
J04000523,Fylde RD,Tenure,0,2.111360239,9.034005979,77.64387145
J04000524,Gainsborough RD,Tenure,0,1.470783093,10.28223135,79.27653372
J04000525,Gainsborough UD,Tenure,0,6.43865628,17.38072055,55.24586173
J04000526,Garforth UD,Tenure,0,9.285830752,7.47594978,78.96624817
J04000527,Garstang RD,Tenure,0,0.428031057,9.128011149,82.19191718
J04000528,Gateshead CB,Tenure,0,25.34992224,16.57365901,48.1962614
J04000529,Gelligaer UD,Tenure,0,13.74279411,11.49384385,68.0663298
J04000530,Gillingham MB,Tenure,0,6.962496697,16.66386373,69.17809865
J04000531,Gipping RD,Tenure,0,7.179487179,9.217273954,75.85695007
J04000532,Glanford Brigg RD,Tenure,0,3.061715597,10.4661064,78.03117249
J04000533,Glastonbury MB,Tenure,0,2.775024777,16.92269574,64.02378593
J04000534,Glendale RD,Tenure,0,4.721362229,24.34210526,50
J04000535,Glossop MB,Tenure,0,12.81720777,11.27044228,70.49867075
J04000536,Gloucester RD,Tenure,0,2.373858012,11.4974513,77.17993548
J04000537,"Gloucester, City and County of CB",Tenure,0,12.53802315,18.98884654,58.1657984
J04000538,Glyncorrwg UD,Tenure,0,21.68727915,5.918727915,60.24734982
J04000539,Godalming MB,Tenure,0,11.32454769,13.2231405,68.81840518
J04000540,Godstone RD,Tenure,0,9.295861643,8.72966852,75.17500515
J04000541,Golborne UD,Tenure,0,10.35605892,9.282700422,75.40158413
J04000542,Goole MB,Tenure,0,15.54110158,21.20121782,56.89177968
J04000543,Goole RD,Tenure,0,6.954689146,8.500175623,81.19072708
J04000544,Gosforth UD,Tenure,0,10.33810143,16.6635705,67.49024707
J04000545,Gosport MB,Tenure,0,9.305673158,12.71803556,65.24132091
J04000546,Gower RD,Tenure,0,4,6.594594595,85.47297297
J04000547,Grange UD,Tenure,0,6.838833094,7.699665232,80.24868484
J04000548,Grantham MB,Tenure,0,15.34650321,17.81744267,59.77894937
J04000549,Gravesend MB,Tenure,0,18.89984179,15.02373129,59.83327248
J04000550,Great Harwood UD,Tenure,0,2.318295739,17.5229741,70.30075188
J04000551,Great Torrington MB,Tenure,0,2.243313201,18.11906816,66.17773943
J04000552,Great Yarmouth CB,Tenure,0,20.75203342,20.73425486,49.57998133
J04000553,Greenwich MB,Tenure,0,20.73375571,21.42920289,42.28377781
J04000554,Grimsby CB,Tenure,0,6.304728546,18.57164933,59.89492119
J04000555,Grimsby RD,Tenure,0,2.94188862,8.093220339,80.34503632
J04000556,Guildford MB,Tenure,0,11.35903384,19.01027284,61.7253949
J04000557,Guildford RD,Tenure,0,6.844840386,8.44840386,76.06904232
J04000558,Guisborough UD,Tenure,0,8.238188976,10.0492126,71.8503937
J04000559,Gwyrfai RD,Tenure,0,7.5,9.015444015,73.42664093
J04000560,Hackney MB,Tenure,0,20.60551151,27.43072858,23.68893922
J04000561,Hadleigh UD,Tenure,0,12.63672999,10.76568797,64.04720783
J04000562,Hailsham RD,Tenure,0,4.40688198,9.686085119,79.62269846
J04000563,Hale UD,Tenure,0,1.186322401,10.71179344,84.35101186
J04000564,Halesowen MB,Tenure,0,12.04851752,8.903863432,73.29739443
J04000565,Halesworth UD,Tenure,0,11.48825065,12.01044386,71.19234117
J04000566,Halifax CB,Tenure,0,6.56327887,15.64109665,62.40376627
J04000567,Halstead RD,Tenure,0,2.786348761,10.29453015,75.1659654
J04000568,Halstead UD,Tenure,0,5.543192393,12.94760267,64.69755209
J04000569,Haltemprice UD,Tenure,0,7.65435277,9.550778736,79.86870897
J04000570,Haltwhistle RD,Tenure,0,5.390920555,14.65952081,66.10970996
J04000571,Hambledon RD,Tenure,0,9.566062963,7.979822536,75.14889996
J04000572,Hammersmith MB,Tenure,0,17.23615861,28.16831554,30.52546399
J04000573,Hampstead MB,Tenure,0,13.87185847,36.35044695,39.39720129
J04000574,Harlow UD,Tenure,0,30.3546377,9.640794754,53.20544191
J04000575,Harpenden UD,Tenure,0,5.838641189,10.73071479,79.81245577
J04000576,Harrogate MB,Tenure,0,4.975615779,17.62145811,69.61849497
J04000577,Harrow MB,Tenure,0,6.029572246,20.29764118,65.41630191
J04000578,Hartismere RD,Tenure,0,7.759699625,8.771380893,77.03379224
J04000579,Hartlepool MB,Tenure,0,19.12379567,10.79803672,42.15597164
J04000580,Hartley Wintney RD,Tenure,0,0.708141628,9.089817964,76.91938388
J04000581,Harwich MB,Tenure,0,8.737123235,17.13086608,66.65394887
J04000582,Haslemere UD,Tenure,0,10.30584143,10.62472822,73.45992173
J04000583,Haslingden MB,Tenure,0,3.64554888,12.16548334,71.23156745
J04000584,Hastings CB,Tenure,0,1.864750593,27.264951,55.00158858
J04000585,Hatfield RD,Tenure,0,17.19611183,17.9827638,54.57460667
J04000586,Havant and Waterloo UD,Tenure,0,10.32916918,8.789538306,68.96571885
J04000587,Haverfordwest MB,Tenure,0,14.34515988,17.98072711,56.74551029
J04000588,Haverfordwest RD,Tenure,0,8.126103,8.50312851,75.27675277
J04000589,Haverhill UD,Tenure,0,9.514429233,11.375948,64.25686989
J04000590,Hawarden RD,Tenure,0,11.19827507,9.766951096,72.73144325
J04000591,Hay RD,Tenure,0,10.41064199,11.79872759,69.46211683
J04000592,Hay UD,Tenure,0,12.19806763,20.41062802,55.6763285
J04000593,Haydock UD,Tenure,0,5.861350788,7.929187742,70.32133294
J04000594,Hayes and Harlington UD,Tenure,0,12.29371839,19.99600745,55.58623902
J04000595,Hazel Grove and Bramhall UD,Tenure,0,3.770301624,7.500725058,83.30916473
J04000596,Heanor UD,Tenure,0,6.598161168,12.11465657,70.78601046
J04000597,Hebburn UD,Tenure,0,30.67702553,8.479467259,53.62930078
J04000598,Hebden Royd UD,Tenure,0,2.654090809,15.70519851,68.30445273
J04000599,Heckmondwike UD,Tenure,0,9.92970123,14.27943761,68.3655536
J04000600,Hedon MB,Tenure,0,6.87751004,10.79317269,76.00401606
J04000601,Helmsley RD,Tenure,0,1.429275505,16.21488418,64.76096599
J04000602,Helston MB,Tenure,0,3.061408248,13.66828741,64.88384657
J04000603,Hemel Hempstead MB,Tenure,0,22.01671655,10.9928277,59.02185576
J04000604,Hemel Hempstead RD,Tenure,0,11.79920884,9.903151003,74.01445915
J04000605,Hemsworth RD,Tenure,0,15.43952075,11.29710668,65.01253346
J04000606,Hemsworth UD,Tenure,0,21.17707974,10.47635485,58.02554367
J04000607,Hendon MB,Tenure,0,10.85712489,26.87555025,51.71362093
J04000608,Henley on Thames MB,Tenure,0,1.521780483,17.27220848,66.42571809
J04000609,Henley RD,Tenure,0,0.999722299,8.56243636,78.79292789
J04000610,Hepton RD,Tenure,0,1.825221239,10.34292035,79.36946903
J04000611,Hereford RD,Tenure,0,2.059593146,12.24782645,75.28488225
J04000612,"Hereford, City of MB",Tenure,0,7.239720983,14.32346952,60.04505871
J04000613,Herne Bay UD,Tenure,0,5.044113173,15.19318528,73.65378765
J04000614,Hertford MB,Tenure,0,2.042900919,12.597889,69.27987743
J04000615,Hertford RD,Tenure,0,2.124902825,10.53381705,73.19253693
J04000616,Heston and Isleworth MB,Tenure,0,12.84535555,24.40479707,50.75126524
J04000617,Hetton UD,Tenure,0,15.6448203,8.960806635,58.74125874
J04000618,Hexham RD,Tenure,0,3.138883523,14.44852231,70.5621016
J04000619,Hexham UD,Tenure,0,6.660194175,12.0776699,66.81553398
J04000620,Heywood MB,Tenure,0,13.5707912,11.8158834,60.60380726
J04000621,High Wycombe MB,Tenure,0,11.29207004,18.50207947,59.2772516
J04000622,Higham Ferrers MB,Tenure,0,2.03957382,10.3196347,75.52511416
J04000623,Highworth RD,Tenure,0,6.706753006,11.324391,73.91561312
J04000624,Hinckley UD,Tenure,0,7.381364738,11.65569796,74.56529269
J04000625,Hindley UD,Tenure,0,14.18028466,10.54296257,70.57634862
J04000626,Hiraethog RD,Tenure,0,4.121687929,16.09421001,67.46810599
J04000627,Hitchin RD,Tenure,0,5.422605237,11.89260855,70.07623467
J04000628,Hitchin UD,Tenure,0,7.050561798,15.61095506,65.15449438
J04000629,Hoddesdon UD,Tenure,0,1.536688436,10.24971187,76.31963119
J04000630,Holborn MB,Tenure,0,22.82076396,30.33440604,25.66111655
J04000631,Holderness RD,Tenure,0,6.714772499,9.540990178,78.99378633
J04000632,Hollingbourn RD,Tenure,0,0.999692402,9.581667179,81.02122424
J04000633,Holmfirth UD,Tenure,0,6.167706168,10.31704782,79.67775468
J04000634,Holsworthy RD,Tenure,0,1.16836429,11.6836429,79.5386459
J04000635,Holsworthy UD,Tenure,0,2.010050251,20.51926298,62.64656616
J04000636,Holyhead UD,Tenure,0,21.75955584,15.60965193,54.70852018
J04000637,Holywell RD,Tenure,0,7.483746023,8.154654862,80.23239729
J04000638,Holywell UD,Tenure,0,18.04577465,9.397007042,62.56602113
J04000639,Honiton MB,Tenure,0,9.080234834,13.99217221,70.19569472
J04000640,Honiton RD,Tenure,0,3.943089431,10.22357724,80
J04000641,Horbury UD,Tenure,0,13.01193541,11.3737421,67.32974491
J04000642,Horncastle RD,Tenure,0,1.676284694,12.9293762,71.59934048
J04000643,Horncastle UD,Tenure,0,2.863436123,16.99181875,66.64568911
J04000644,Hornchurch UD,Tenure,0,5.568916979,8.579898205,80.97395455
J04000645,Hornsea UD,Tenure,0,6.553462457,12.97426373,74.10453701
J04000646,Hornsey MB,Tenure,0,8.722384327,33.75625261,47.23843268
J04000647,Horsforth UD,Tenure,0,9.850388989,13.28545781,71.33453022
J04000648,Horsham RD,Tenure,0,4.888888889,9.625925926,73.24814815
J04000649,Horsham UD,Tenure,0,1.537452638,14.41999417,67.88108423
J04000650,Horwich UD,Tenure,0,9.784468012,10.78800319,70.78344167
J04000651,Houghton le Spring UD,Tenure,0,12.36906619,8.216328653,66.10950152
J04000652,Hove MB,Tenure,0,4.867833408,36.3634421,51.68066329
J04000653,Howden RD,Tenure,0,5.234591726,10.14352913,79.32698106
J04000654,Hoylake UD,Tenure,0,1.366443306,9.670214164,83.93772172
J04000655,Hoyland Nether UD,Tenure,0,23.87415176,10.28685996,61.28932758
J04000656,Hucknall UD,Tenure,0,11.43084376,11.40915335,70.70349216
J04000657,Huddersfield CB,Tenure,0,13.31475838,18.25859817,60.24727906
J04000658,Hungerford RD,Tenure,0,1.066295781,14.47998764,63.99320043
J04000659,Hunstanton UD,Tenure,0,1.708333333,15.91666667,70.25
J04000660,Huntingdon and Godmanchester MB,Tenure,0,4.153218957,15.21997622,61.2960761
J04000661,Huntingdon RD,Tenure,0,1.778632376,12.27015984,72.09470016
J04000662,Huyton with Roby UD,Tenure,0,12.82770077,8.300887712,63.38057416
J04000663,Hyde MB,Tenure,0,6.510327513,10.86385941,61.9993153
J04000664,Hythe MB,Tenure,0,8.573529412,13.30882353,71.91176471
J04000665,Ilford MB,Tenure,0,6.424207984,23.6738173,61.07117488
J04000666,Ilfracombe UD,Tenure,0,1.848171701,26.64944356,59.26073132
J04000667,Ilkeston MB,Tenure,0,6.297933186,13.26530612,66.43702067
J04000668,Ilkley UD,Tenure,0,1.675928376,10.15259769,80.73564435
J04000669,Ilminster UD,Tenure,0,3.2962821,11.92027597,70.14181679
J04000670,Ince in Makerfield UD,Tenure,0,25.14410344,13.02383549,52.99890949
J04000671,Ipswich CB,Tenure,0,13.58250467,19.40793234,56.5607498
J04000672,Irlam UD,Tenure,0,13.41125437,10.44704181,64.33305217
J04000673,Irthlingborough UD,Tenure,0,2.35426009,11.63116592,67.51681614
J04000674,Isle of Axholme RD,Tenure,0,4.807389525,8.208250236,78.2617823
J04000675,Isle of Wight RD,Tenure,0,0.550216987,9.74116553,78.09981401
J04000676,Isles of Scilly RD,Tenure,0,12.23458038,20.62689585,41.65824065
J04000677,Islington MB,Tenure,0,26.19047619,25.34991833,29.1581857
J04000678,Jarrow MB,Tenure,0,36.55273218,6.554980886,51.46165955
J04000679,Kearsley UD,Tenure,0,14.12727273,12.34545455,67
J04000680,Keighley MB,Tenure,0,4.805343511,15.28244275,69.1870229
J04000681,Kempston UD,Tenure,0,1.666010757,11.43906598,66.8503214
J04000682,Kendal MB,Tenure,0,7.93502759,12.66806559,72.20797389
J04000683,Kenilworth UD,Tenure,0,5.244962465,11.32951403,79.07941525
J04000684,Kensington MB,Tenure,0,8.61237655,34.07375387,35.04971237
J04000685,Kerrier RD,Tenure,0,2.290022047,11.06606927,77.32735936
J04000686,Keswick UD,Tenure,0,3.71040724,10,63.84615385
J04000687,Kettering MB,Tenure,0,9.762889208,15.91426884,66.31085984
J04000688,Kettering RD,Tenure,0,8.359621451,14.22426154,70.31115572
J04000689,Ketton RD,Tenure,0,1.975752133,9.654243377,75.662326
J04000690,Keynsham UD,Tenure,0,4.053257924,7.293507718,75.26805703
J04000691,Kidderminster MB,Tenure,0,8.140213404,13.24191397,67.039013
J04000692,Kidderminster RD,Tenure,0,4.451399757,9.076682316,75.53468962
J04000693,Kidsgrove UD,Tenure,0,5.052797789,8.013421494,74.19323004
J04000694,Kidwelly MB,Tenure,0,13.40411413,7.96284008,70.86927671
J04000695,Kings Lynn MB,Tenure,0,6.068173305,16.6312898,56.72368585
J04000696,Kingsbridge RD,Tenure,0,1.441696113,11.50530035,75.15194346
J04000697,Kingsbridge UD,Tenure,0,3.703703704,15.14484782,61.16611661
J04000698,Kingsclere and Whitchurch RD,Tenure,0,0.810987574,9.450621321,72.89731851
J04000699,"Kingston upon Hull, City and County of CB",Tenure,0,20.67221178,20.27532291,48.7453513
J04000700,Kingston upon Thames (Royal Borough) MB,Tenure,0,11.32879046,25.62058895,54.04599659
J04000701,Kingswood UD,Tenure,0,2.636916836,11.90234715,71.49376992
J04000702,Kington RD,Tenure,0,1.116184678,12.43023846,73.7189244
J04000703,Kington UD,Tenure,0,1.312551272,20.09844135,56.27563577
J04000704,Kirkburton UD,Tenure,0,5.235021182,9.400847287,81.75307646
J04000705,Kirkby in Ashfield UD,Tenure,0,13.57230932,10.29593095,70.05460631
J04000706,Kirkby Moorside RD,Tenure,0,0.591249507,15.76665353,68.82144265
J04000707,Kirkby UD,Tenure,0,14.66906336,10.89426719,56.82737369
J04000708,Kirkham UD,Tenure,0,2.392344498,12.16678059,75.18796992
J04000709,Kiveton Park RD,Tenure,0,10.57288542,9.275644871,76.07228554
J04000710,Knaresborough UD,Tenure,0,6.419515327,10.99342,75.8305248
J04000711,Knighton RD,Tenure,0,5.075445816,9.396433471,79.35528121
J04000712,Knighton UD,Tenure,0,10.41666667,13.79310345,66.23563218
J04000713,Knottingley UD,Tenure,0,25.33039648,8.842039018,56.7967275
J04000714,Knutsford UD,Tenure,0,2.165820643,10.40609137,71.94585448
J04000715,Lakes UD,Tenure,0,8.873114463,15.12866016,56.2555457
J04000716,Lambeth MB,Tenure,0,21.92586497,25.62535549,29.13242893
J04000717,Lampeter MB,Tenure,0,5.626134301,22.77676951,53.81125227
J04000718,Lancaster RD,Tenure,0,2.352689552,10.25558764,82.45107475
J04000719,"Lancaster, City of MB",Tenure,0,10.79773194,19.55714146,60.95414997
J04000720,Lanchester RD,Tenure,0,7.0122436,7.966290348,74.82906662
J04000721,Langport RD,Tenure,0,2.4905911,9.619216294,76.22315696
J04000722,Launceston MB,Tenure,0,10.95367847,22.31607629,58.33787466
J04000723,Launceston RD,Tenure,0,3.504408772,12.11847163,77.32308388
J04000724,Leatherhead UD,Tenure,0,1.445318773,9.485573577,76.441304
J04000725,Ledbury RD,Tenure,0,1.506591337,14.35028249,64.7834275
J04000726,Ledbury UD,Tenure,0,1.143451143,13.32640333,71.43451143
J04000727,"Leeds, City of CB",Tenure,0,20.98306071,20.50216129,48.48759891
J04000728,Leek RD,Tenure,0,3.019043196,7.257315374,84.90478402
J04000729,Leek UD,Tenure,0,4.267638859,12.45978983,70.51254557
J04000730,Lees UD,Tenure,0,8.030363564,12.70475429,70.39552537
J04000731,"Leicester, City of CB",Tenure,0,15.4866397,22.4590714,50.12274164
J04000732,Leigh MB,Tenure,0,17.9818245,13.86999056,61.48383573
J04000733,Leighton Buzzard UD,Tenure,0,9.406952965,11.30125928,72.23119148
J04000734,Leiston cum Sizewell UD,Tenure,0,2.06185567,15.2260111,61.77636796
J04000735,Leominster and Wigmore RD,Tenure,0,0.36121673,12.81368821,73.82129278
J04000736,Leominster MB,Tenure,0,1.273148148,16.51234568,61.43904321
J04000737,Letchworth UD,Tenure,0,9.648548352,8.622571491,57.57840355
J04000738,Lewes MB,Tenure,0,14.11323897,14.23813489,65.65362198
J04000739,Lewisham MB,Tenure,0,12.32737612,21.36248759,47.22786353
J04000740,Lexden and Winstree RD,Tenure,0,6.411182175,8.670311533,79.98246338
J04000741,Leyburn RD,Tenure,0,4.736987056,16.71715781,69.76039658
J04000742,Leyland UD,Tenure,0,1.503935167,9.795059612,69.86674979
J04000743,Leyton MB,Tenure,0,8.279980632,32.66799376,41.43487384
J04000744,Lichfield RD,Tenure,0,1.68634648,7.420617057,79.05052114
J04000745,"Lichfield, City and County of MB",Tenure,0,2.114825581,10.38517442,68.45203488
J04000746,"Lincoln, City and County of CB",Tenure,0,19.78523055,20.14947522,53.35509808
J04000747,Linslade UD,Tenure,0,3.953441702,12.4222356,77.62392133
J04000748,Liskeard MB,Tenure,0,12.60364842,17.62615494,59.6541104
J04000749,Liskeard RD,Tenure,0,8.871892925,11.91841938,72.14786488
J04000750,Litherland UD,Tenure,0,9.931808183,11.91157061,56.18125825
J04000751,Little Lever UD,Tenure,0,9.85338508,8.257869771,75.33419577
J04000752,Littleborough UD,Tenure,0,5.464940306,13.25037834,77.51807634
J04000753,Littlehampton UD,Tenure,0,3.867403315,35.72744015,51.74953959
J04000754,"Liverpool, City of CB",Tenure,0,4.786172955,21.74575671,46.91138712
J04000755,Llandeilo RD,Tenure,0,8.74335387,7.604017217,78.14161533
J04000756,Llandeilo UD,Tenure,0,8.705612829,17.64032073,66.43757159
J04000757,Llandovery MB,Tenure,0,12.21374046,13.95856052,62.37731734
J04000758,Llandrindod Wells UD,Tenure,0,8.088235294,23.3251634,57.27124183
J04000759,Llandudno UD,Tenure,0,5.295253583,18.42666938,64.93546092
J04000760,Llanelly MB,Tenure,0,14.91260015,15.42243263,58.36671522
J04000761,Llanelly RD,Tenure,0,12.83419742,8.325709058,74.11812544
J04000762,Llanfairfechan UD,Tenure,0,4.846103471,11.98428291,74.39423707
J04000763,Llanfyllin MB,Tenure,0,6.962962963,14.81481481,65.92592593
J04000764,Llanfyllin RD,Tenure,0,5.667456556,11.78909953,77.15244866
J04000765,Llangefni UD,Tenure,0,23.08433735,7.951807229,60.48192771
J04000766,Llangollen UD,Tenure,0,8.808618504,14.4486692,64.82889734
J04000767,Llanidloes MB,Tenure,0,13.84180791,16.66666667,60.52259887
J04000768,Llanrwst UD,Tenure,0,8.695652174,11.3451087,61.68478261
J04000769,Llantrisant and Llantwit Fardre RD,Tenure,0,6.414730462,8.357057581,77.57829002
J04000770,Llanwrtyd Wells UD,Tenure,0,5.177111717,14.71389646,68.11989101
J04000771,Lleyn RD,Tenure,0,5.70230608,11.92173305,69.97903564
J04000772,Llwchwr UD,Tenure,0,8.20396392,8.553721544,76.25329815
J04000773,Loddon RD,Tenure,0,2.651515152,9.483225108,76.69101732
J04000774,Loftus UD,Tenure,0,10.80919678,15.43744401,60.22693341
J04000775,Long Ashton RD,Tenure,0,4.52920143,7.767183155,79.90067541
J04000776,Long Eaton UD,Tenure,0,3.489907565,13.35597057,70.87342011
J04000777,Longbenton UD,Tenure,0,19.02849741,7.547495682,65.50518135
J04000778,Longdendale UD,Tenure,0,5.618584549,10.37277147,65.07293355
J04000779,Longridge UD,Tenure,0,1.765601218,13.39421613,76.40791476
J04000780,Looe UD,Tenure,0,9.963250306,13.02572479,70.76357697
J04000781,Lostwithiel MB,Tenure,0,2.576489533,15.5394525,71.57809984
J04000782,Lothingland RD,Tenure,0,5.297353943,8.865601258,79.13020697
J04000783,Loughborough MB,Tenure,0,11.2073423,18.94174423,59.64753533
J04000784,Louth MB,Tenure,0,4.435590969,17.41035857,62.11155378
J04000785,Louth RD,Tenure,0,1.239181747,10.33634933,80.02557042
J04000786,Lowestoft MB,Tenure,0,8.747108712,15.76329992,66.00616808
J04000787,Ludlow MB,Tenure,0,1.769911504,13.33908914,62.81027412
J04000788,Ludlow RD,Tenure,0,0.99514865,13.9942779,70.36944894
J04000789,Lunesdale RD,Tenure,0,4.406850459,9.440267335,80.13784461
J04000790,Luton MB,Tenure,0,10.90768828,21.29051811,60.01432684
J04000791,Luton RD,Tenure,0,10.82008368,9.79916318,72.33891213
J04000792,Lutterworth RD,Tenure,0,1.653822842,8.485583167,80.17144342
J04000793,Lydd MB,Tenure,0,7.391613362,14.64108031,72.77896233
J04000794,Lydney RD,Tenure,0,2.130146772,9.650603975,73.55500714
J04000795,Lyme Regis MB,Tenure,0,0.790960452,10.05649718,69.7740113
J04000796,Lymington MB,Tenure,0,7.453519256,11.10972776,75.32785525
J04000797,Lymm UD,Tenure,0,4.544575517,11.17772191,78.82421195
J04000798,Lynton UD,Tenure,0,1.277955272,15.97444089,68.84984026
J04000799,Lytham St. Annes MB,Tenure,0,0.955069395,19.23312162,71.09386027
J04000800,Mablethorpe and Sutton UD,Tenure,0,1.506373117,14.53401755,71.79274954
J04000801,Macclesfield MB,Tenure,0,3.674732454,12.82503116,68.96462801
J04000802,Macclesfield RD,Tenure,0,1.235824368,7.276824658,83.79616167
J04000803,Machynlleth RD,Tenure,0,5.516705517,9.401709402,78.08857809
J04000804,Machynlleth UD,Tenure,0,17.52178122,13.16553727,54.40464666
J04000805,Maelor RD,Tenure,0,7.601038191,12.71783463,74.74972191
J04000806,Maesteg UD,Tenure,0,5.104377104,12.13468013,71.55555556
J04000807,Magor and St. Mellons RD,Tenure,0,8.761329305,8.291372944,70.87529372
J04000808,Maidenhead MB,Tenure,0,1.020744155,14.11637424,68.47452844
J04000809,Maidstone MB,Tenure,0,3.355880048,15.99849043,62.37408192
J04000810,Maidstone RD,Tenure,0,1.306576644,9.421105276,79.25731433
J04000811,Malden and Coombe MB,Tenure,0,7.910238429,17.11079944,69.96353436
J04000812,Maldon MB,Tenure,0,0.75227249,9.372061436,74.43318358
J04000813,Maldon RD,Tenure,0,0.465593434,7.386363636,82.37058081
J04000814,Malling RD,Tenure,0,1.814976823,8.392635634,73.31070053
J04000815,Malmesbury MB,Tenure,0,1.443768997,18.92097264,65.65349544
J04000816,Malmesbury RD,Tenure,0,0.889096865,10.59117142,74.84011855
J04000817,Maltby UD,Tenure,0,11.78977273,13.29545455,65.14204545
J04000818,Malton RD,Tenure,0,0.480947096,17.94302627,66.74065853
J04000819,Malton UD,Tenure,0,1.29291128,18.32367365,59.25100312
J04000820,Malvern UD,Tenure,0,2.421017626,11.14732291,66.94379781
J04000821,"Manchester, City of CB",Tenure,0,13.47019437,26.7204335,37.79685459
J04000822,Mangotsfield UD,Tenure,0,4.985235366,10.83029356,71.7474379
J04000823,Mansfield MB,Tenure,0,15.50352694,14.13402371,63.10595828
J04000824,Mansfield Woodhouse UD,Tenure,0,10.5464358,9.721909902,74.14736526
J04000825,March UD,Tenure,0,1.493004803,15.7235331,69.86844853
J04000826,Margate MB,Tenure,0,5.018829664,24.96378911,59.08169177
J04000827,Market Bosworth RD,Tenure,0,7.609720331,7.798261234,79.74232743
J04000828,Market Drayton UD,Tenure,0,2.837171053,13.48684211,66.44736842
J04000829,Market Harborough RD,Tenure,0,1.281107348,9.73347077,79.35502871
J04000830,Market Harborough UD,Tenure,0,1.486307645,12.95938104,73.05303879
J04000831,Market Rasen UD,Tenure,0,2.125279642,18.12080537,62.91946309
J04000832,Marlborough and Ramsbury RD,Tenure,0,1.359632325,11.50900038,66.67943317
J04000833,Marlborough MB,Tenure,0,2.840409956,12.03513909,60.17569546
J04000834,Marlow UD,Tenure,0,10.24056131,13.56498496,71.90110257
J04000835,Marple UD,Tenure,0,4.711214165,6.597807757,84.15893761
J04000836,Marshland RD,Tenure,0,2.090956613,7.224255097,79.14270779
J04000837,Martley RD,Tenure,0,1.0815822,8.714462299,79.04820766
J04000838,Maryport UD,Tenure,0,3.862009113,7.919288349,56.71512259
J04000839,Masham RD,Tenure,0,9.400705053,21.85663925,59.10693302
J04000840,Matlock UD,Tenure,0,4.496788009,9.817987152,73.5117773
J04000841,Melford RD,Tenure,0,9.779442364,10.09571369,73.2667499
J04000842,Melksham UD,Tenure,0,2.588789046,12.32349166,64.89088575
J04000843,Meltham UD,Tenure,0,9.078366446,11.17549669,74.64128035
J04000844,Melton and Belvoir RD,Tenure,0,6.45945125,13.76936317,73.51422497
J04000845,Melton Mowbray UD,Tenure,0,10.12658228,11.86601223,70.92913115
J04000846,Menai Bridge UD,Tenure,0,10.59907834,15.60236998,67.47860434
J04000847,Mere and Tisbury RD,Tenure,0,11.01352538,14.42121904,64.88670297
J04000848,Meriden RD,Tenure,0,17.78207022,7.985456198,67.32644018
J04000849,Merthyr Tydfil CB,Tenure,0,9.937971953,10.33351312,64.83279396
J04000850,Merton and Morden UD,Tenure,0,4.235155328,17.07825403,67.50294927
J04000851,Mexborough UD,Tenure,0,24.35486334,14.62818751,54.77172087
J04000852,Middlesbrough CB,Tenure,0,6.522776869,20.55714675,56.25340971
J04000853,Middleton MB,Tenure,0,14.59175228,9.761916354,62.10623692
J04000854,Middlewich UD,Tenure,0,2.962440487,9.53976371,77.41139129
J04000855,Midhurst RD,Tenure,0,2.392396766,11.5140922,67.70810575
J04000856,Mildenhall RD,Tenure,0,4.277885805,21.95509988,57.48040775
J04000857,Milford Haven UD,Tenure,0,22.24934896,10.36783854,58.95182292
J04000858,Millom RD,Tenure,0,1.96043486,9.819996436,75.94011763
J04000859,Milnrow UD,Tenure,0,12.19264033,13.04052908,68.95031372
J04000860,Minehead UD,Tenure,0,1.010678871,16.4187643,67.94431732
J04000861,Mirfield UD,Tenure,0,9.612676056,12.01877934,73.81455399
J04000862,Mitcham MB,Tenure,0,4.920558828,23.64059718,52.84550062
J04000863,Mitford and Launditch RD,Tenure,0,1.84104176,10.14818141,74.40502919
J04000864,Mold UD,Tenure,0,11.6873805,9.369024857,68.95315488
J04000865,Monmouth MB,Tenure,0,3.716814159,10.57522124,67.67699115
J04000866,Monmouth RD,Tenure,0,1.657285804,8.161350844,81.64477799
J04000867,Montgomery MB,Tenure,0,9.618573798,17.41293532,65.67164179
J04000868,Morecambe and Heysham MB,Tenure,0,3.848136864,20.12186548,68.13217717
J04000869,Morley MB,Tenure,0,10.17171476,13.12504969,70.8919628
J04000870,Morpeth MB,Tenure,0,7.083199486,7.741728236,74.97590748
J04000871,Morpeth RD,Tenure,0,9.102870813,11.85406699,67.90669856
J04000872,Mossley MB,Tenure,0,3.6492891,15.45023697,67.53554502
J04000873,Mountain Ash UD,Tenure,0,6.827978056,13.86167712,68.51489028
J04000874,Mynyddislwyn UD,Tenure,0,10.40089711,9.349593496,73.67535744
J04000875,Nailsworth UD,Tenure,0,10.39270131,13.64537882,66.52122174
J04000876,Nant Conway RD,Tenure,0,3.341067285,9.187935035,78.00464037
J04000877,Nantwich RD,Tenure,0,1.217019695,8.570234114,84.09977703
J04000878,Nantwich UD,Tenure,0,3.248882265,13.57675112,68.16691505
J04000879,Nantyglo and Blaina UD,Tenure,0,13.57721581,9.133316965,59.121041
J04000880,Narberth RD,Tenure,0,4.55170307,11.13487093,77.88299985
J04000881,Narberth UD,Tenure,0,5.477707006,18.34394904,67.00636943
J04000882,Neath MB,Tenure,0,13.57741509,11.77767975,63.20247022
J04000883,Neath RD,Tenure,0,9.545180888,7.312133983,74.01346396
J04000884,Nelson MB,Tenure,0,7.393876131,20.40709812,60.63848295
J04000885,Neston UD,Tenure,0,7.206879845,8.151647287,78.07655039
J04000886,New Forest RD,Tenure,0,6.458413678,9.618202854,75.12533745
J04000887,New Mills UD,Tenure,0,8.985786557,11.82847507,73.50036136
J04000888,New Quay UD,Tenure,0,3.098591549,12.67605634,72.95774648
J04000889,New Radnor RD,Tenure,0,2.049180328,13.7295082,77.86885246
J04000890,New Romney MB,Tenure,0,5.226748655,10.72252114,75.32667179
J04000891,New Windsor MB,Tenure,0,1.959990281,17.39693853,61.20515105
J04000892,Newark MB,Tenure,0,15.28585271,17.01388889,58.78552972
J04000893,Newark RD,Tenure,0,7.604145904,10.06577636,77.88519035
J04000894,Newbiggin by the Sea UD,Tenure,0,15.12339169,10.08226113,62.28643746
J04000895,Newburn UD,Tenure,0,19.19571656,7.268170426,66.66097061
J04000896,Newbury MB,Tenure,0,1.444658468,16.69877019,61.16461698
J04000897,Newbury RD,Tenure,0,0.948112394,10.61885882,71.01074527
J04000898,Newcastle Emlyn RD,Tenure,0,11.50537634,9.483870968,73.22580645
J04000899,Newcastle Emlyn UD,Tenure,0,7.90513834,24.11067194,57.90513834
J04000900,Newcastle under Lyme MB,Tenure,0,7.854253494,10.00245158,65.26722236
J04000901,Newcastle under Lyme RD,Tenure,0,3.428264374,7.866738313,77.76464267
J04000902,"Newcastle upon Tyne, City and County of CB",Tenure,0,25.62462177,20.77955761,42.30260964
J04000903,Newent RD,Tenure,0,1.822716807,11.08979279,75.40291635
J04000904,Newhaven UD,Tenure,0,9.42498096,17.65041889,66.69840061
J04000905,Newmarket RD,Tenure,0,1.302066033,11.2668571,68.67734007
J04000906,Newmarket UD,Tenure,0,7.50743605,21.48720999,52.57584771
J04000907,Newport CB,Tenure,0,10.29436705,15.13022411,59.345851
J04000908,Newport MB,Tenure,0,1.718683198,15.45104746,66.90893544
J04000909,Newport Pagnell RD,Tenure,0,8.539088729,18.30215827,54.87386091
J04000910,Newport Pagnell UD,Tenure,0,4.871511903,12.974933,77.17168532
J04000911,Newport UD,Tenure,0,4.932621409,15.12840071,67.88710908
J04000912,Newquay UD,Tenure,0,1.931470973,20.68965517,62.92012222
J04000913,Newton Abbot RD,Tenure,0,1.67807256,11.00121871,78.8225368
J04000914,Newton Abbot UD,Tenure,0,3.351206434,15.31980084,67.45499809
J04000915,Newton-le-Willows UD,Tenure,0,7.563727539,10.17551191,58.890514
J04000916,Newtown and Llanidloes RD,Tenure,0,5.392156863,11.43048128,78.03030303
J04000917,Newtown and Llanllwchaiarn UD,Tenure,0,19.68095713,13.69890329,52.00398804
J04000918,Neyland UD,Tenure,0,15.12987013,8.896103896,66.03896104
J04000919,Nidderdale RD,Tenure,0,3.796146911,11.85346873,78.46635665
J04000920,Norham and Islandshires RD,Tenure,0,2.167630058,14.88439306,68.25626204
J04000921,Norman Cross RD,Tenure,0,4.317643965,14.57796476,65.67972653
J04000922,Normanton UD,Tenure,0,15.90934096,9.472989328,66.17889757
J04000923,North Cotswold RD,Tenure,0,1.386734787,11.82373871,67.03767904
J04000924,North Kesteven RD,Tenure,0,5.92392434,9.589136008,77.82512298
J04000925,North Lonsdale RD,Tenure,0,3.627075351,12.20945083,77.07535121
J04000926,North Walsham UD,Tenure,0,2.787207433,11.8634983,68.85831696
J04000927,North Westmorland RD,Tenure,0,0.683371298,14.91357363,72.04877395
J04000928,North Witchford RD,Tenure,0,1.446995911,9.468386285,80.52846807
J04000929,Northallerton RD,Tenure,0,0.500234485,10.92699703,76.05127403
J04000930,Northallerton UD,Tenure,0,2.152141487,12.80630727,58.02258683
J04000931,Northam UD,Tenure,0,1.570590266,14.98101484,74.64618571
J04000932,Northampton CB,Tenure,0,14.68460778,21.98759996,53.51783628
J04000933,Northampton RD,Tenure,0,10.15372421,11.28214755,71.16367353
J04000934,Northfleet UD,Tenure,0,11.80211582,19.13410383,61.98251085
J04000935,Northleach RD,Tenure,0,1.515593122,18.01224133,62.69309239
J04000936,Northwich RD,Tenure,0,4.640155704,7.307471137,80.40872296
J04000937,Northwich UD,Tenure,0,7.53604194,16.29532547,62.8658803
J04000938,Norton Radstock UD,Tenure,0,3.068309071,10.16797312,75.6774916
J04000939,Norton RD,Tenure,0,0.811054371,17.15229799,61.79032743
J04000940,Norton UD,Tenure,0,1.475204018,11.55053358,66.29001883
J04000941,"Norwich, City and County of CB",Tenure,0,25.52212072,20.39942683,43.74529823
J04000942,"Nottingham, City and County of CB",Tenure,0,20.55097784,21.70424302,45.18034254
J04000943,Nuneaton MB,Tenure,0,11.1604275,12.56205104,69.92349471
J04000944,Oadby UD,Tenure,0,3.497735279,9.360845496,83.35430297
J04000945,Oakengates UD,Tenure,0,7.690531178,12.0669746,66.45496536
J04000946,Oakham RD,Tenure,0,2.159730034,11.63104612,67.01912261
J04000947,Oakham UD,Tenure,0,2.835820896,12.70788913,69.25373134
J04000948,Ogmore and Garw UD,Tenure,0,4.002921841,11.95032871,69.83199416
J04000949,Ogwen RD,Tenure,0,5.051218651,14.30589898,71.1762628
J04000950,Okehampton MB,Tenure,0,2.783171521,17.89644013,65.5987055
J04000951,Okehampton RD,Tenure,0,1.787455314,13.45466363,74.78063048
J04000952,Old Fletton UD,Tenure,0,5.434782609,18.89632107,59.5840301
J04000953,Oldbury MB,Tenure,0,19.28386092,10.89257914,62.61546445
J04000954,Oldham CB,Tenure,0,13.48556657,12.76389487,51.9549763
J04000955,Ormskirk UD,Tenure,0,6.574827802,11.59204759,75.95491547
J04000956,Orpington UD,Tenure,0,1.238015952,6.721808953,80.49520638
J04000957,Orrell UD,Tenure,0,12.92827004,8.337552743,74.00843882
J04000958,Osgoldcross RD,Tenure,0,8.488904544,8.259950687,78.39027827
J04000959,Ossett MB,Tenure,0,12.76459269,10.39127646,68.59097712
J04000960,Oswaldtwistle UD,Tenure,0,3.356176419,11.73783166,74.32788614
J04000961,Oswestry MB,Tenure,0,11.0546213,15.79976535,64.17676965
J04000962,Oswestry RD,Tenure,0,9.836760653,8.797964808,74.80390078
J04000963,Otley UD,Tenure,0,11.57655464,9.887968826,72.36564377
J04000964,Ottery St. Mary UD,Tenure,0,5.427219594,10.07514612,80.07236293
J04000965,Oundle and Thrapston RD,Tenure,0,1.956500149,12.41434105,72.04290396
J04000966,Oundle UD,Tenure,0,2.209685002,12.83497884,66.99576869
J04000967,"Oxford, City of CB",Tenure,0,13.17556084,28.01665534,46.46711421
J04000968,Paddington MB,Tenure,0,13.24897997,37.58996928,29.92023105
J04000969,Padiham UD,Tenure,0,5.128828391,22.77588721,56.61157025
J04000970,Padstow UD,Tenure,0,13.58313817,9.679937549,65.72989852
J04000971,Paignton UD,Tenure,0,0.821797192,18.38282053,70.22941838
J04000972,Painscastle RD,Tenure,0,4.162537166,10.703667,76.90782953
J04000973,Pembroke MB,Tenure,0,16.35178286,13.59765833,60.27142097
J04000974,Pembroke RD,Tenure,0,8.017530291,10.36349575,75.14823408
J04000975,Penarth UD,Tenure,0,5.374701671,14.39618138,73.05966587
J04000976,Penge UD,Tenure,0,2.993926402,22.98678099,45.12325831
J04000977,Penistone RD,Tenure,0,9.936984973,8.531265148,77.09646146
J04000978,Penistone UD,Tenure,0,9.318699524,7.517084282,77.11741561
J04000979,Penllyn RD,Tenure,0,3.212851406,13.55421687,71.08433735
J04000980,Penmaenmawr UD,Tenure,0,4.556962025,14.58227848,68.15189873
J04000981,Penrith RD,Tenure,0,0.927487352,14.13153457,74.26644182
J04000982,Penrith UD,Tenure,0,2.332859175,12.60312945,67.08392603
J04000983,Penryn MB,Tenure,0,11.34774317,21.61474889,58.01017165
J04000984,Penybont RD,Tenure,0,4.076785424,9.389946315,74.62502034
J04000985,Penzance MB,Tenure,0,2.520591446,17.81284112,58.7873375
J04000986,Pershore RD,Tenure,0,0.780197177,9.667352294,77.16859352
J04000987,Peterborough RD,Tenure,0,2.945368171,8.867775139,78.98653998
J04000988,"Peterborough, City of MB",Tenure,0,7.757115926,18.69807061,55.70554146
J04000989,Petersfield RD,Tenure,0,1.21378469,8.935651113,77.85910339
J04000990,Petersfield UD,Tenure,0,1.351960342,13.6247559,69.13023885
J04000991,Petworth RD,Tenure,0,2.062849431,10.46847889,69.57779063
J04000992,Pewsey RD,Tenure,0,2.636516244,11.79026365,53.89552681
J04000993,Pickering RD,Tenure,0,0.310438494,10.98176174,78.03647652
J04000994,Pickering UD,Tenure,0,1.374680307,11.28516624,69.5971867
J04000995,Ploughley RD,Tenure,0,1.941269754,12.62098759,73.68075682
J04000996,"Plymouth, City of CB",Tenure,0,10.4256503,20.07233273,52.98140678
J04000997,Plympton St. Mary RD,Tenure,0,1.578266494,10.05893345,78.87882708
J04000998,Pocklington RD,Tenure,0,6.338083615,11.73923313,76.67900165
J04000999,Pontardawe RD,Tenure,0,12.93226315,8.026404621,70.5348436
J04001000,Pontefract MB,Tenure,0,16.23524236,7.684974701,66.34157073
J04001001,Pontypool RD,Tenure,0,3.964098728,7.524308153,78.07030666
J04001002,Pontypool UD,Tenure,0,9.310187894,7.860347182,67.86294779
J04001003,Pontypridd UD,Tenure,0,7.31064764,15.04573729,64.89571899
J04001004,"Poole, County of a Town MB",Tenure,0,6.521328506,14.62773493,70.36360774
J04001005,Poplar MB,Tenure,0,12.62842162,32.6964408,22.961196
J04001006,Port Talbot MB,Tenure,0,12.87322811,9.756710566,67.2765658
J04001007,Porthcawl UD,Tenure,0,1.803691275,12.76565996,78.27181208
J04001008,Portishead UD,Tenure,0,2.788021832,12.28794807,76.26493583
J04001009,Portland UD,Tenure,0,4.579710145,15.49758454,68.09661836
J04001010,Portmadoc UD,Tenure,0,5.891315389,11.52869477,68.6135094
J04001011,Portslade-by-Sea UD,Tenure,0,9.756097561,11.17471379,68.39223494
J04001012,"Portsmouth, City of CB",Tenure,0,11.700771,22.28072023,54.86761901
J04001013,Potters Bar UD,Tenure,0,1.898261704,9.800575877,74.85336462
J04001014,Poulton le Fylde UD,Tenure,0,6.82173777,9.877959737,76.64545739
J04001015,Preesall UD,Tenure,0,0.269023828,11.33743274,80.51498847
J04001016,Prescot UD,Tenure,0,13.64090274,11.72358698,57.21989215
J04001017,Prestatyn UD,Tenure,0,4.671280277,13.06228374,75.70439941
J04001018,Presteigne UD,Tenure,0,10.8577633,15.96091205,61.34636265
J04001019,Preston CB,Tenure,0,5.616704435,21.54418906,49.69245711
J04001020,Preston RD,Tenure,0,0.497223533,6.939353246,82.0201067
J04001021,Prestwich MB,Tenure,0,8.135540287,15.84166146,68.08244847
J04001022,Prudhoe UD,Tenure,0,10.81081081,6.805366518,69.82306047
J04001023,Pudsey MB,Tenure,0,9.959672492,12.33044116,73.0294513
J04001024,Pwllheli MB,Tenure,0,12.76706618,18.55132882,53.72589891
J04001025,Queenborough MB,Tenure,0,3.01530153,16.78667867,63.95139514
J04001026,Queensbury and Shelf UD,Tenure,0,2.541673543,12.46080211,78.16471365
J04001027,Radcliffe MB,Tenure,0,11.83082492,12.99930145,66.0443259
J04001028,Rainford UD,Tenure,0,1.789505611,5.156202608,85.95693054
J04001029,Ramsbottom UD,Tenure,0,4.815650865,11.01078505,78.37973414
J04001030,Ramsey UD,Tenure,0,3.708906996,14.3860635,67.40657488
J04001031,Ramsgate MB,Tenure,0,7.172011662,23.32361516,57.89027299
J04001032,Raunds UD,Tenure,0,2.576003713,9.236481782,76.11974936
J04001033,Rawmarsh UD,Tenure,0,25.0345434,10.19972365,58.27157392
J04001034,Rawtenstall MB,Tenure,0,5.269425424,11.58082763,69.47504218
J04001035,Rayleigh UD,Tenure,0,1.080305205,6.829341996,85.04192793
J04001036,Reading CB,Tenure,0,10.20457591,24.98022056,54.25863433
J04001037,Redcar MB,Tenure,0,9.001848429,12.77880468,65.07701787
J04001038,Redditch UD,Tenure,0,15.60338698,11.00445996,66.05907828
J04001039,Reeth RD,Tenure,0,5.042016807,15.12605042,69.86794718
J04001040,Reigate MB,Tenure,0,3.163093325,15.05898953,66.9580214
J04001041,Repton RD,Tenure,0,5.22796128,10.44114387,78.67065691
J04001042,Rhayader RD,Tenure,0,8.031301483,13.71499176,71.62273476
J04001043,Rhondda MB,Tenure,0,6.192479621,14.38338154,70.21759138
J04001044,Rhyl UD,Tenure,0,8.46971002,19.51382907,60.45554599
J04001045,Rhymney UD,Tenure,0,29.24403183,6.99602122,56.59814324
J04001046,Richmond MB,Tenure,0,3.059763808,25.4026005,56.68018609
J04001047,Richmond MB,Tenure,0,10.38659794,14.66494845,67.42268041
J04001048,Richmond RD,Tenure,0,7.868675996,13.25080732,57.52421959
J04001049,Rickmansworth UD,Tenure,0,2.775096525,11.38191763,73.93822394
J04001050,Ringwood and Fordingbridge RD,Tenure,0,5.195252021,11.12449108,76.67870864
J04001051,Ripley UD,Tenure,0,4.550524203,9.781396386,75.9536025
J04001052,Ripon and Pateley Bridge RD,Tenure,0,4.646381579,13.84320175,72.0120614
J04001053,"Ripon, City of MB",Tenure,0,9.453781513,14.57659987,65.885585
J04001054,Ripponden UD,Tenure,0,1.866752494,12.19826199,78.3070486
J04001055,Risca UD,Tenure,0,15.85365854,10.47444036,67.00634815
J04001056,Rishton UD,Tenure,0,1.854395604,20.12362637,69.95192308
J04001057,Rochdale CB,Tenure,0,18.94832985,13.01409186,58.60908142
J04001058,"Rochester, City of MB",Tenure,0,1.767196682,15.36035258,65.48565503
J04001059,Rochford RD,Tenure,0,1.293845624,8.023810695,81.49259605
J04001060,Romford MB,Tenure,0,17.15857472,11.48850693,64.89990641
J04001061,Romney Marsh RD,Tenure,0,7.339015152,7.528409091,79.42708333
J04001062,Romsey and Stockbridge RD,Tenure,0,7.878101708,8.599867912,72.45494858
J04001063,Romsey MB,Tenure,0,4.027446301,10.48627685,73.53818616
J04001064,Ross and Whitchurch RD,Tenure,0,2.343974691,12.35260282,75.05033074
J04001065,Ross on Wye UD,Tenure,0,4.631696429,14.20200893,65.73660714
J04001066,Rothbury RD,Tenure,0,7.192494788,15.11466296,65.70535094
J04001067,Rotherham CB,Tenure,0,23.38616276,10.91130753,56.62602865
J04001068,Rotherham RD,Tenure,0,14.14106347,10.32228201,70.82682405
J04001069,Rothwell UD,Tenure,0,8.798405467,13.24031891,69.4476082
J04001070,Rothwell UD,Tenure,0,11.85448203,9.393882763,72.75275649
J04001071,Rowley Regis MB,Tenure,0,21.25505174,10.44988231,61.22041124
J04001072,Royal Leamington Spa MB,Tenure,0,12.5620229,24.41316794,53.75
J04001073,Royal Tunbridge Wells MB,Tenure,0,1.360370701,20.89869489,60.57900778
J04001074,Royston UD,Tenure,0,5.045716221,12.69895022,72.84117846
J04001075,Royston UD,Tenure,0,18.92517952,9.728978457,65.23048413
J04001076,Royton UD,Tenure,0,8.202070207,6.99819982,73.58235824
J04001077,Rugby MB,Tenure,0,10.75073964,14.69674556,64.78180473
J04001078,Rugby RD,Tenure,0,6.203312764,8.671646639,78.53199091
J04001079,Rugeley UD,Tenure,0,9.207009207,12.03841204,72.40867241
J04001080,Ruislip Northwood UD,Tenure,0,5.874277687,12.95852888,73.80838362
J04001081,Runcorn RD,Tenure,0,2.633523327,6.325205826,72.28995145
J04001082,Runcorn UD,Tenure,0,4.366769946,12.95507359,63.12935709
J04001083,Rushden UD,Tenure,0,2.430104031,11.02893368,73.04941482
J04001084,Ruthin MB,Tenure,0,8.270989194,12.26101413,68.0798005
J04001085,Ruthin RD,Tenure,0,6.05516932,9.845256784,77.86499215
J04001086,Ryde MB,Tenure,0,1.059115151,20.43866897,66.55149102
J04001087,Rye MB,Tenure,0,4.00390625,13.33007813,62.5
J04001088,Ryton UD,Tenure,0,12.88135593,8.149717514,73.03672316
J04001089,Saddleworth UD,Tenure,0,3.126445287,9.592082139,81.26907779
J04001090,Saffron Walden MB,Tenure,0,8.606006275,12.23666517,68.36993874
J04001091,Saffron Walden RD,Tenure,0,8.221400883,10.19561886,74.18191652
J04001092,Salcombe UD,Tenure,0,1.758014478,7.859358842,71.87176836
J04001093,Sale MB,Tenure,0,3.483408505,12.67316366,70.26820232
J04001094,"Salford, City of CB",Tenure,0,21.75260128,27.23658052,33.51062456
J04001095,"Salisbury (or New Sarum), City of MB",Tenure,0,14.08030861,15.31357765,59.50669238
J04001096,Salisbury and Wilton RD,Tenure,0,6.743663282,11.16967677,73.31214635
J04001097,Saltash MB,Tenure,0,10.19581364,9.858203916,74.12221472
J04001098,Saltburn and Marske-by-the-Sea UD,Tenure,0,3.366174056,11.63499883,75.51020408
J04001099,Samford RD,Tenure,0,4.87324196,9.415031801,77.53292126
J04001100,Sandbach UD,Tenure,0,1.798469388,9.885204082,78.41836735
J04001101,Sandown Shanklin UD,Tenure,0,0.831491422,18.02968109,67.5192085
J04001102,Sandwich MB,Tenure,0,9.748829289,14.77224351,69.56151554
J04001103,Sandy UD,Tenure,0,2.024207012,10.53839733,68.59348915
J04001104,Sawbridgeworth UD,Tenure,0,2.035126847,12.46166713,76.77725118
J04001105,Saxmundham UD,Tenure,0,1.478743068,9.796672828,64.94146642
J04001106,Scalby UD,Tenure,0,2.05531591,6.952550114,82.2887592
J04001107,Scarborough MB,Tenure,0,3.112363124,25.46231087,55.09564269
J04001108,Scarborough RD,Tenure,0,0.93708166,9.281570727,81.1393723
J04001109,Scunthorpe MB,Tenure,0,11.6783972,14.57192865,57.96372845
J04001110,Seaford UD,Tenure,0,5.206596257,12.1919585,77.71910321
J04001111,Seaham UD,Tenure,0,19.05847487,11.70637182,62.45298074
J04001112,Seaton UD,Tenure,0,4.461279461,13.15937149,76.99214366
J04001113,Seaton Valley UD,Tenure,0,16.07235815,8.198854763,68.22401527
J04001114,Sedbergh RD,Tenure,0,7.431133889,13.2607303,69.89109545
J04001115,Sedgefield RD,Tenure,0,14.5102561,11.22709067,65.08678238
J04001116,Sedgley UD,Tenure,0,13.70511559,6.068617806,74.45892769
J04001117,Seisdon RD,Tenure,0,1.878744309,7.462257369,77.28732327
J04001118,Selby RD,Tenure,0,3.61371485,6.980759743,83.75678342
J04001119,Selby UD,Tenure,0,15.39817337,15.89488864,55.80836404
J04001120,Settle RD,Tenure,0,2.025031641,12.88145127,75.24961328
J04001121,Sevenoaks RD,Tenure,0,1.563786008,10.57887517,71.62688615
J04001122,Sevenoaks UD,Tenure,0,0.776327633,14.62646265,69.14941494
J04001123,Shaftesbury MB,Tenure,0,0.927357032,13.16846986,68.438949
J04001124,Shaftesbury RD,Tenure,0,0.767386091,11.51079137,74.78417266
J04001125,Sheerness UD,Tenure,0,3.758169935,30.00408497,43.54575163
J04001126,"Sheffield, City of CB",Tenure,0,18.2063538,16.48494333,53.83887008
J04001127,Sheppey RD,Tenure,0,1.211465657,12.26608978,74.95943753
J04001128,Shepshed UD,Tenure,0,8.078715691,9.96029691,76.17814604
J04001129,Shepton Mallet RD,Tenure,0,2.035416243,11.68328923,74.96438022
J04001130,Shepton Mallet UD,Tenure,0,2.855837332,18.87137309,63.17112177
J04001131,Sherborne RD,Tenure,0,0.520291363,12.1748179,72.89281998
J04001132,Sherborne UD,Tenure,0,1.022329836,15.68469196,60.55959107
J04001133,Sheringham UD,Tenure,0,1.319185546,14.48236306,72.9566963
J04001134,Shifnal RD,Tenure,0,9.510940633,12.98927731,65.00740999
J04001135,Shildon UD,Tenure,0,17.32477789,12.98124383,57.82823297
J04001136,Shipley UD,Tenure,0,8.214177061,19.85599838,59.57813609
J04001137,Shipston on Stour RD,Tenure,0,1.174976183,9.971419498,71.64179104
J04001138,Shoreditch MB,Tenure,0,38.36474164,26.9787234,16.41945289
J04001139,Shoreham-by-Sea UD,Tenure,0,7.924566155,11.43544989,73.97933594
J04001140,Shrewsbury MB,Tenure,0,4.563995503,13.95856753,66.69985547
J04001141,Sidmouth UD,Tenure,0,7.258430364,8.422803569,78.13397853
J04001142,Silsden UD,Tenure,0,1.916233233,13.79687928,78.37393923
J04001143,Sittingbourne and Milton UD,Tenure,0,2.681037751,13.60017332,67.65964361
J04001144,Skegness UD,Tenure,0,3.954237476,25.91358436,54.67066533
J04001145,Skelmersdale UD,Tenure,0,26.81084284,10.2651459,57.87290772
J04001146,Skelton and Brotton UD,Tenure,0,8.560418387,13.10211946,67.1758877
J04001147,Skipton RD,Tenure,0,1.825089898,12.43639324,76.48415768
J04001148,Skipton UD,Tenure,0,3.479169778,15.36508885,68.04539346
J04001149,Sleaford UD,Tenure,0,8.728603162,14.791585,68.53521495
J04001150,Slough MB,Tenure,0,13.3334673,22.5513444,53.30774487
J04001151,Smallburgh RD,Tenure,0,2.416107383,11.71364653,73.46756152
J04001152,Smethwick CB,Tenure,0,18.77624475,18.43631274,52.00959808
J04001153,Sodbury RD,Tenure,0,1.590009715,13.48783204,74.99111395
J04001154,Solihull MB,Tenure,0,5.600304214,10.21364123,80.203616
J04001155,South Cambridgeshire RD,Tenure,0,11.66059344,7.888883631,71.81865506
J04001156,South East Derbyshire RD,Tenure,0,8.403063505,9.284514508,74.10968826
J04001157,South Kesteven RD,Tenure,0,7.142857143,9.483852771,76.94965449
J04001158,South Molton MB,Tenure,0,2.947950253,17.31920774,62.8742515
J04001159,South Molton RD,Tenure,0,1.736745887,12.24862888,73.40036563
J04001160,South Shields CB,Tenure,0,23.96838376,10.83128918,54.17279913
J04001161,South Westmorland RD,Tenure,0,4.590370104,11.30075458,77.43442328
J04001162,Southall MB,Tenure,0,11.86598673,21.57701376,50.6004277
J04001163,Southam RD,Tenure,0,1.176583126,9.307442127,73.39774249
J04001164,"Southampton, City of CB",Tenure,0,16.40438364,24.2814445,49.43811799
J04001165,Southborough UD,Tenure,0,1.350752879,12.15677591,65.56687334
J04001166,Southend-on-Sea CB,Tenure,0,6.801199818,20.71828383,65.16778703
J04001167,Southgate MB,Tenure,0,5.870847762,23.91624984,63.09157368
J04001168,Southport CB,Tenure,0,1.020587277,17.25971062,72.501818
J04001169,Southwark MB,Tenure,0,39.71347538,22.73652825,19.16224275
J04001170,Southwell RD,Tenure,0,8.715187391,9.342794993,74.48561138
J04001171,Southwick UD,Tenure,0,16.15271659,9.376966646,69.49863646
J04001172,Southwold MB,Tenure,0,13.76701967,8.320726172,68.22995461
J04001173,Sowerby Bridge UD,Tenure,0,5.713937622,15.87475634,63.49902534
J04001174,Spalding RD,Tenure,0,11.07908485,7.304990092,77.18429112
J04001175,Spalding UD,Tenure,0,9.961179483,16.13942347,66.4161229
J04001176,Spenborough MB,Tenure,0,10.86832061,12.23759542,70.25763359
J04001177,Spennymoor UD,Tenure,0,13.07631609,8.815240672,65.87757863
J04001178,Spilsby RD,Tenure,0,2.807775378,12.63847279,72.54929283
J04001179,St. Albans MB,Tenure,0,9.676494676,16.17117117,66.80589681
J04001180,St. Albans RD,Tenure,0,8.456253303,9.498870898,74.97237304
J04001181,St. Asaph RD,Tenure,0,9.937791602,13.04821151,69.50233281
J04001182,St. Austell RD,Tenure,0,2.071132695,14.72646765,71.87544636
J04001183,St. Austell UD,Tenure,0,2.797809467,15.12226861,69.59279944
J04001184,St. Faiths and Aylsham RD,Tenure,0,1.610930384,9.449577098,78.64671438
J04001185,St. Germans RD,Tenure,0,6.655223531,12.38199267,73.24646953
J04001186,St. Helens CB,Tenure,0,7.758969176,11.38453765,59.60080849
J04001187,St. Ives MB,Tenure,0,1.658310837,14.30775164,69.05129194
J04001188,St. Ives MB,Tenure,0,1.669044223,15.36376605,71.14122682
J04001189,St. Ives RD,Tenure,0,1.513877208,9.907485282,78.33473507
J04001190,St. Just UD,Tenure,0,1.044979555,13.53930032,71.87641981
J04001191,St. Marylebone MB,Tenure,0,10.37793876,42.00382723,32.50068343
J04001192,St. Neots RD,Tenure,0,1.403887689,11.06311495,75.73794096
J04001193,St. Neots UD,Tenure,0,4.56230856,13.1388038,65.50056424
J04001194,St. Pancras MB,Tenure,0,31.29708518,25.19043922,26.64680083
J04001195,St. Thomas RD,Tenure,0,4.365738587,12.53903914,75.53325802
J04001196,Stafford MB,Tenure,0,5.729699929,13.3968654,63.97968024
J04001197,Stafford RD,Tenure,0,2.440404612,8.177123859,80.40602674
J04001198,Staines UD,Tenure,0,1.538583867,13.50137161,70.68341748
J04001199,Stalybridge MB,Tenure,0,6.813880126,12.11356467,61.97686646
J04001200,Stamford MB,Tenure,0,12.83836909,15.61271482,65.70818825
J04001201,Standish with Langtree UD,Tenure,0,9.078080903,7.525870179,79.97804955
J04001202,Stanley UD,Tenure,0,11.92851661,12.31224646,63.50180901
J04001203,Stanley UD,Tenure,0,9.40285205,8.03030303,75.49910873
J04001204,Startforth RD,Tenure,0,0.878734622,14.70415934,72.58347979
J04001205,Staveley UD,Tenure,0,28.71391076,7.834645669,58.37270341
J04001206,Stepney MB,Tenure,0,18.42747602,30.29907049,25.2200498
J04001207,Stevenage UD,Tenure,0,24.06115392,10.21962021,57.41369896
J04001208,Stockport CB,Tenure,0,12.86340898,13.932792,63.30022475
J04001209,Stocksbridge UD,Tenure,0,13.68956743,7.80322307,75.4028838
J04001210,Stockton on Tees MB,Tenure,0,11.24115012,12.56465829,63.89539084
J04001211,Stockton RD,Tenure,0,4.588280352,7.927996936,78.75143623
J04001212,Stoke Newington MB,Tenure,0,21.61892247,29.52956636,30.61760841
J04001213,"Stoke on Trent, City of CB",Tenure,0,18.66432851,13.62073165,58.34867748
J04001214,Stokesley RD,Tenure,0,3.05178604,8.799367127,76.12426216
J04001215,Stone RD,Tenure,0,4.168821765,8.647977656,78.63866763
J04001216,Stone UD,Tenure,0,3.1447444,12.55025847,72.80298679
J04001217,Stourbridge MB,Tenure,0,15.56182192,9.195622043,70.7068776
J04001218,Stourport-on-Severn UD,Tenure,0,5.65053286,10.92362345,74.46714032
J04001219,Stowmarket UD,Tenure,0,10.40255082,12.26252159,69.70904743
J04001220,Stratford upon Avon MB,Tenure,0,1.051773339,17.27680391,65.71545047
J04001221,Stratford-on-Avon RD,Tenure,0,0.946119307,8.988133419,76.59557409
J04001222,Stratton RD,Tenure,0,5.409836066,10.59016393,76.68852459
J04001223,Street UD,Tenure,0,3.313758389,14.99580537,66.40100671
J04001224,Stretford MB,Tenure,0,7.763061074,14.59056029,57.6526858
J04001225,Strood RD,Tenure,0,2.568433603,7.074370311,80.56535347
J04001226,Stroud RD,Tenure,0,8.656314168,9.310831622,78.04158111
J04001227,Stroud UD,Tenure,0,11.33802139,14.19901744,66.96850014
J04001228,Sturminster RD,Tenure,0,1.040750513,9.073585459,72.50073292
J04001229,Sudbury MB,Tenure,0,12.04334906,15.94126901,62.01712987
J04001230,Sunbury on Thames UD,Tenure,0,1.632201847,10.40447392,74.63909481
J04001231,Sunderland CB,Tenure,0,12.29072398,15,56.79110106
J04001232,Sunderland RD,Tenure,0,17.06865382,7.240178138,58.08457163
J04001233,Surbiton MB,Tenure,0,6.674945669,21.02176688,66.01814481
J04001234,Sutton and Cheam MB,Tenure,0,4.85317895,17.55072237,70.69055443
J04001235,Sutton Coldfield MB,Tenure,0,5.026005593,10.0154204,78.70677714
J04001236,Sutton in Ashfield UD,Tenure,0,14.24552944,13.3413703,65.30038176
J04001237,Swadlincote UD,Tenure,0,10.58850261,13.35302583,70.21131561
J04001238,Swaffham RD,Tenure,0,1.491401613,11.2768224,72.68300107
J04001239,Swaffham UD,Tenure,0,3.406998158,12.21608349,64.67157766
J04001240,Swale RD,Tenure,0,1.434563758,10.19295302,74.92449664
J04001241,Swanage UD,Tenure,0,1.820603908,13.32149201,71.75843694
J04001242,Swanscombe UD,Tenure,0,14.64515247,21.41392042,53.76726378
J04001243,Swansea CB,Tenure,0,14.47219069,15.10835995,58.9235277
J04001244,Swindon MB,Tenure,0,17.65175513,18.25439749,55.94014783
J04001245,Swinton and Pendlebury MB,Tenure,0,13.37041031,11.85517281,64.63310822
J04001246,Swinton UD,Tenure,0,20.07782101,7.252918288,67.76653696
J04001247,Tadcaster RD,Tenure,0,10.02937474,8.439991607,76.99853126
J04001248,Tamworth MB,Tenure,0,15.77863578,12.74131274,63.91248391
J04001249,Tamworth RD,Tenure,0,12.7629323,8.326015138,71.29176599
J04001250,Tarvin RD,Tenure,0,1.747126437,11.64367816,76.7816092
J04001251,Taunton MB,Tenure,0,16.34261692,17.65049337,56.89262568
J04001252,Taunton RD,Tenure,0,7.791746933,11.86758593,74.08496401
J04001253,Tavistock RD,Tenure,0,2.607936112,10.83104567,76.79061642
J04001254,Tavistock UD,Tenure,0,3.237607463,14.19425645,70.36766051
J04001255,Teifiside RD,Tenure,0,3.315628521,10.12393369,76.06631257
J04001256,Teignmouth UD,Tenure,0,1.936095315,17.018684,70.95857027
J04001257,Tenbury RD,Tenure,0,0.465580313,12.13834386,71.26704357
J04001258,Tenby MB,Tenure,0,11.45139814,18.99689303,59.12117177
J04001259,Tendring RD,Tenure,0,5.764319591,9.655843366,79.3810045
J04001260,Tenterden MB,Tenure,0,8.582197738,9.452015077,74.34038852
J04001261,Tenterden RD,Tenure,0,10.51532033,7.428040854,75.30176416
J04001262,Tetbury RD,Tenure,0,1.992238034,12.18628719,65.9767141
J04001263,Tettenhall UD,Tenure,0,8.421446617,8.954804903,74.6982315
J04001264,Tewkesbury MB,Tenure,0,2.827868852,11.96721311,63.87295082
J04001265,Thame UD,Tenure,0,1.249206013,11.0099513,76.18039382
J04001266,Thedwastre RD,Tenure,0,7.538503107,7.930289111,77.45203999
J04001267,Thetford MB,Tenure,0,5.249695493,15.8952497,55.33495737
J04001268,Thingoe RD,Tenure,0,3.627128345,10.10158821,72.54972099
J04001269,Thirsk RD,Tenure,0,1.312462372,14.52137267,67.39313666
J04001270,Thornaby on Tees MB,Tenure,0,14.27889663,15.63424644,52.92545576
J04001271,Thornbury RD,Tenure,0,2.760388219,12.76837108,74.97584135
J04001272,Thorne RD,Tenure,0,16.52476316,11.79997602,65.92517088
J04001273,Thorney RD,Tenure,0,3.857566766,13.94658754,71.01879327
J04001274,Thornton Cleveleys UD,Tenure,0,0.41453641,13.52770485,80.16443278
J04001275,Thurrock UD,Tenure,0,16.12592818,13.18300643,66.20050358
J04001276,Tickhill UD,Tenure,0,7.17264387,9.132610509,79.94161802
J04001277,Tintwistle RD,Tenure,0,16.08280255,12.57961783,66.40127389
J04001278,Tipton MB,Tenure,0,28.34217418,11.37447123,51.46713221
J04001279,Tiverton MB,Tenure,0,12.67697669,17.67588761,59.58396863
J04001280,Tiverton RD,Tenure,0,7.212516663,12.32021329,72.76362871
J04001281,Todmorden MB,Tenure,0,4.131994261,15.6527977,66.51362984
J04001282,Tonbridge RD,Tenure,0,1.087533156,8.832891247,75.17241379
J04001283,Tonbridge UD,Tenure,0,2.295081967,10.76977904,65.22451889
J04001284,Torpoint UD,Tenure,0,10.29411765,12.73529412,67.91176471
J04001285,Torquay MB,Tenure,0,0.951420407,25.17397882,62.40040343
J04001286,Torrington RD,Tenure,0,1.168539326,11.25842697,79.05617978
J04001287,Totnes MB,Tenure,0,2.13303396,17.90625877,58.54616896
J04001288,Totnes RD,Tenure,0,1.068422189,11.32095834,76.63500971
J04001289,Tottenham MB,Tenure,0,23.98382343,27.80633811,30.59839605
J04001290,Tottington UD,Tenure,0,2.263493906,8.280131553,87.07680402
J04001291,Tow Law UD,Tenure,0,3.755364807,10.83690987,57.93991416
J04001292,Towcester RD,Tenure,0,2.958307787,9.725628449,75.82004905
J04001293,Towyn UD,Tenure,0,4.241915162,16.04367913,67.78664427
J04001294,Trawden UD,Tenure,0,2.383222116,8.293612965,85.51000953
J04001295,Tredegar UD,Tenure,0,13.59381964,9.582528599,60.74877433
J04001296,Tregaron RD,Tenure,0,2.142857143,13.96825397,76.07142857
J04001297,Tring UD,Tenure,0,11.08211203,10.37944188,74.58341698
J04001298,Trowbridge UD,Tenure,0,2.008860373,15.28414299,65.53620532
J04001299,Truro RD,Tenure,0,5.481428056,13.73448045,73.28834166
J04001300,"Truro, City of MB",Tenure,0,12.75605214,16.26762437,60.68103219
J04001301,Turton UD,Tenure,0,2.145699948,7.475341755,86.39903097
J04001302,Tutbury RD,Tenure,0,1.809598741,9.520062943,82.15435234
J04001303,Twickenham MB,Tenure,0,3.023616543,18.48906561,66.70963232
J04001304,Twrcelyn RD,Tenure,0,8.265381764,10.54484804,76.07487027
J04001305,Tyldesley UD,Tenure,0,11.67238422,9.159519726,75.53173242
J04001306,Tynemouth CB,Tenure,0,15.42617906,13.87676233,60.75288056
J04001307,Uckfield RD,Tenure,0,5.054589567,10.16983421,77.74295727
J04001308,Ulverston UD,Tenure,0,10.49452624,11.81577954,72.1593054
J04001309,Upholland UD,Tenure,0,23.19391635,9.885931559,61.12495083
J04001310,Uppingham RD,Tenure,0,2.637362637,11.34615385,72.63736264
J04001311,Upton upon Severn RD,Tenure,0,1.428942582,9.534944141,75.63003378
J04001312,Urmston UD,Tenure,0,4.257936043,7.912615673,77.77322244
J04001313,Usk UD,Tenure,0,2.943722944,12.81385281,71.94805195
J04001314,Uttoxeter RD,Tenure,0,1.937321937,8.945868946,78.13865147
J04001315,Uttoxeter UD,Tenure,0,5.331385795,10.13328464,72.17454811
J04001316,Uxbridge MB,Tenure,0,12.0879515,15.40944797,64.25625022
J04001317,Valley RD,Tenure,0,10.99126161,11.35991262,70.03003823
J04001318,Vaynor and Penderyn RD,Tenure,0,8.496953284,7.447528775,74.0690589
J04001319,Ventnor UD,Tenure,0,0.824175824,15.76923077,68.21428571
J04001320,Wadebridge RD,Tenure,0,8.214832641,12.97309123,70.06125574
J04001321,Wainford RD,Tenure,0,6.479073067,8.820052022,78.48191062
J04001322,Wakefield RD,Tenure,0,10.17506307,7.270086385,76.41617613
J04001323,"Wakefield, City of CB",Tenure,0,22.95027379,13.87450052,51.41334912
J04001324,Wallasey CB,Tenure,0,4.221567716,18.65085516,64.2406862
J04001325,WallingFord MB,Tenure,0,2.577319588,11.06731352,64.4936325
J04001326,Wallingford RD,Tenure,0,1.92125755,12.21890692,71.3703515
J04001327,Wallsend MB,Tenure,0,20.93670639,12.22895097,57.73100215
J04001328,Walsall CB,Tenure,0,11.56961865,13.55993147,53.01085048
J04001329,Walsingham RD,Tenure,0,3.104300544,14.01878398,66.74246169
J04001330,Waltham Holy Cross UD,Tenure,0,14.84419263,11.898017,63.38999056
J04001331,Walthamstow MB,Tenure,0,13.59477747,23.63480416,49.05413133
J04001332,Walton and Weybridge UD,Tenure,0,2.29303034,16.64814129,69.27257009
J04001333,Walton le Dale UD,Tenure,0,0.71423666,9.058443788,77.02767667
J04001334,Wandsworth MB,Tenure,0,12.95207825,30.77687798,44.80363985
J04001335,Wanstead and Woodford MB,Tenure,0,6.719606866,17.41685065,68.04358664
J04001336,Wantage RD,Tenure,0,1.591394026,9.957325747,72.27062589
J04001337,Wantage UD,Tenure,0,2.671370968,11.11391129,63.83568548
J04001338,Wardle UD,Tenure,0,15.9952955,10.96736254,61.98177007
J04001339,Ware RD,Tenure,0,1.845114345,10.51195426,73.07692308
J04001340,Ware UD,Tenure,0,2.694391565,14.29199004,67.15478108
J04001341,Wareham and Purbeck RD,Tenure,0,2.387101824,11.55983408,69.39031071
J04001342,Wareham MB,Tenure,0,2.476107732,13.64031277,65.8123371
J04001343,Warminster and Westbury RD,Tenure,0,0.801792241,11.37837519,77.43190661
J04001344,Warminster UD,Tenure,0,1.736842105,12.56578947,65.44736842
J04001345,Warmley RD,Tenure,0,1.65958308,9.658975916,77.95486744
J04001346,Warrington CB,Tenure,0,15.93441401,16.90329793,52.91969443
J04001347,Warrington RD,Tenure,0,3.137464864,6.898674876,78.01632981
J04001348,Warsop UD,Tenure,0,13.556231,11.18541033,64.78216819
J04001349,Warwick MB,Tenure,0,10.96793527,15.23074618,65.27569673
J04001350,Warwick RD,Tenure,0,5.039370079,10.56549749,77.84538296
J04001351,Washington UD,Tenure,0,17.38809362,8.361735969,60.27039309
J04001352,Watchet UD,Tenure,0,1.801242236,12.91925466,63.35403727
J04001353,Watford MB,Tenure,0,4.040189251,18.66726915,61.92653235
J04001354,Watford RD,Tenure,0,5.93824228,8.935866983,69.90973872
J04001355,Wath RD,Tenure,0,6.228956229,16.32996633,67.34006734
J04001356,Wath upon Dearne UD,Tenure,0,22.41465445,9.042464613,61.51540383
J04001357,Wayland RD,Tenure,0,1.37146192,14.81762474,71.31601984
J04001358,Weardale RD,Tenure,0,7.749712974,10.76349024,72.35935706
J04001359,Wednesbury MB,Tenure,0,23.43244337,10.00202265,54.29813916
J04001360,Wednesfield UD,Tenure,0,23.28585135,6.81969149,65.01586833
J04001361,Wellingborough RD,Tenure,0,2.559091755,8.989391401,78.866555
J04001362,Wellingborough UD,Tenure,0,6.780535873,14.0725447,60.11449486
J04001363,Wellington RD,Tenure,0,6.769258541,12.06281872,67.9227402
J04001364,Wellington RD,Tenure,0,7.6,10.54117647,75.83529412
J04001365,Wellington UD,Tenure,0,8.832849221,12.52970689,63.9952469
J04001366,Wellington UD,Tenure,0,13.2310804,11.89954492,66.02056295
J04001367,Wells next the Sea UD,Tenure,0,5.316223648,10.90742438,60.40329973
J04001368,Wells RD,Tenure,0,1.14009328,11.07272413,78.92554845
J04001369,"Wells, City of MB",Tenure,0,3.273040482,14.2118863,68.64771748
J04001370,Welshpool MB,Tenure,0,8.165737824,15.48340199,60.62515144
J04001371,Welton RD,Tenure,0,0.988480119,8.762541806,79.53920476
J04001372,Welwyn Garden City UD,Tenure,0,24.89105358,8.418354268,55.4473212
J04001373,Welwyn RD,Tenure,0,9.78313253,7.253012048,79.22891566
J04001374,Wem RD,Tenure,0,1.208160032,10.37829273,74.94553377
J04001375,Wem UD,Tenure,0,1.942117289,13.25209444,69.34501142
J04001376,Wembley MB,Tenure,0,5.258841415,25.80012802,55.71891503
J04001377,Wenlock MB,Tenure,0,10.96792876,17.97581988,57.75718526
J04001378,Weobley RD,Tenure,0,0.947521866,16.29008746,68.07580175
J04001379,West Ashford RD,Tenure,0,7.111945783,13.66048828,69.74769331
J04001380,West Bridgford UD,Tenure,0,1.639565481,18.41306255,71.23675865
J04001381,West Bromwich CB,Tenure,0,25.15134001,10.80217808,55.56535759
J04001382,West Dean RD,Tenure,0,2.27012392,8.518171405,74.24763095
J04001383,West Ham CB,Tenure,0,20.479445,32.63385651,28.97104784
J04001384,West Hartlepool CB,Tenure,0,8.897855897,15.46352973,60.42813665
J04001385,West Kesteven RD,Tenure,0,7.378915142,11.25677055,74.3307952
J04001386,West Lancashire RD,Tenure,0,3.44939606,6.506009864,83.98452497
J04001387,West Mersea UD,Tenure,0,4,8.545454545,82.15151515
J04001388,West Penwith RD,Tenure,0,1.726655786,13.08306846,70.26028692
J04001389,Westbury UD,Tenure,0,1.478232619,14.71734893,67.83625731
J04001390,Westhoughton UD,Tenure,0,6.064081976,9.581708343,75.48367363
J04001391,Westminster MB,Tenure,0,11.09516247,33.67945272,29.62985585
J04001392,Weston-super-Mare MB,Tenure,0,5.401586435,21.10536626,63.0913003
J04001393,Wetherby RD,Tenure,0,7.604652536,8.561138336,78.92779123
J04001394,Weymouth and Melcombe Regis MB,Tenure,0,4.497827754,16.47499787,66.57296192
J04001395,Whaley Bridge UD,Tenure,0,7.98138869,11.81102362,76.41374374
J04001396,Wharfedale RD,Tenure,0,3.6966567,10.08426203,81.70698559
J04001397,Whickham UD,Tenure,0,12.2983871,9.557945042,71.87126643
J04001398,Whiston RD,Tenure,0,6.352693629,6.80137389,72.65525884
J04001399,Whitby RD,Tenure,0,1.901960784,11.8627451,72.78431373
J04001400,Whitby UD,Tenure,0,2.44059088,15.97623635,63.53564547
J04001401,Whitchurch UD,Tenure,0,2.125175152,17.70200841,63.49836525
J04001402,Whitefield UD,Tenure,0,8.494012584,11.25431297,67.90135985
J04001403,Whitehaven MB,Tenure,0,10.94811193,6.574300462,68.08838178
J04001404,Whitley Bay MB,Tenure,0,5.274194573,10.20524878,79.95170617
J04001405,Whitstable UD,Tenure,0,5.901888881,11.58928942,77.56867086
J04001406,Whittlesey UD,Tenure,0,1.474414571,12.72043943,75.28187337
J04001407,Whitworth UD,Tenure,0,5.619684083,12.60631835,69.04617254
J04001408,Widnes MB,Tenure,0,6.17801876,9.538132742,66.85004156
J04001409,Wigan CB,Tenure,0,19.62639794,11.26643726,62.83335382
J04001410,Wigan RD,Tenure,0,9.894939966,7.622212693,78.94511149
J04001411,Wigston UD,Tenure,0,6.589735803,8.730640753,79.16034012
J04001412,Wigton RD,Tenure,0,1.603541564,9.18839154,74.48106247
J04001413,Willenhall UD,Tenure,0,11.86838372,10.66790353,65.06602641
J04001414,Willesden MB,Tenure,0,13.2736511,31.0799258,33.2978466
J04001415,Williton RD,Tenure,0,1.120283019,13.03066038,66.4504717
J04001416,Wilmslow UD,Tenure,0,1.061084026,11.22024663,73.74533983
J04001417,Wilton MB,Tenure,0,14.64137522,12.56668643,57.43924126
J04001418,Wimbledon MB,Tenure,0,1.544417792,30.31182931,58.2081387
J04001419,Wimborne and Cranborne RD,Tenure,0,0.74937552,7.64106834,81.93492602
J04001420,Wimborne Minster UD,Tenure,0,1.697998787,15.31231049,60.61249242
J04001421,Wincanton RD,Tenure,0,2.941448525,12.20978633,70.24327074
J04001422,Winchester RD,Tenure,0,3.387809497,10.60765472,74.96668303
J04001423,"Winchester, City of MB",Tenure,0,17.77481425,15.39340827,53.92773227
J04001424,Windermere UD,Tenure,0,9.146995708,18.15987124,61.40021459
J04001425,Windsor RD,Tenure,0,1.144615385,12.48,69.21846154
J04001426,Wing RD,Tenure,0,3.030744572,7.41658167,78.44965758
J04001427,Winsford UD,Tenure,0,9.679221194,9.487711459,66.46983722
J04001428,Winslow RD,Tenure,0,2.468834026,12.84527011,65.47910046
J04001429,Wirksworth UD,Tenure,0,4.802478699,9.295120062,74.78698683
J04001430,Wirral UD,Tenure,0,1.652961906,6.704144991,86.47424064
J04001431,Wisbech MB,Tenure,0,4.314775161,19.01498929,56.78800857
J04001432,Wisbech RD,Tenure,0,1.867777479,9.325450148,76.55200215
J04001433,Witham UD,Tenure,0,5.266057935,11.16183879,64.37342569
J04001434,Withernsea UD,Tenure,0,14.64497041,18.97189349,60.24408284
J04001435,Withnell UD,Tenure,0,1.454293629,5.95567867,83.37950139
J04001436,Witney RD,Tenure,0,1.491451437,11.88159331,70.8166606
J04001437,Witney UD,Tenure,0,1.802124359,11.37367228,65.31805705
J04001438,Wivenhoe UD,Tenure,0,3.239390994,16.58568189,75.898931
J04001439,Woking UD,Tenure,0,8.405988663,14.57004143,70.46084238
J04001440,Wokingham MB,Tenure,0,5.993031359,10.16647309,79.14053426
J04001441,Wokingham RD,Tenure,0,4.367631862,9.886749478,79.89117827
J04001442,Wolverhampton CB,Tenure,0,22.65825454,15.00825982,51.28290745
J04001443,Wolverton UD,Tenure,0,14.58863444,16.70059372,59.39779474
J04001444,Wombwell UD,Tenure,0,19.74331294,13.49406261,61.6888569
J04001445,Wood Green MB,Tenure,0,17.86399919,28.73092856,40.63857735
J04001446,Woodbridge UD,Tenure,0,0.957330416,12.03501094,68.62691466
J04001447,Woodhall Spa UD,Tenure,0,1.043382757,11.09280615,77.210324
J04001448,Woodstock MB,Tenure,0,1.57790927,17.35700197,69.03353057
J04001449,Woolwich MB,Tenure,0,23.25497342,17.18446456,43.76910682
J04001450,"Worcester, City and County of CB",Tenure,0,6.700100301,17.13712566,61.37555524
J04001451,Workington MB,Tenure,0,4.243478261,8.208695652,61.72173913
J04001452,Worksop MB,Tenure,0,13.93225019,12.599554,67.04895402
J04001453,Worksop RD,Tenure,0,13.92249104,10.39426523,69.28763441
J04001454,Worsbrough UD,Tenure,0,23.13333333,7.733333333,62.93333333
J04001455,Worsley UD,Tenure,0,16.06852686,10.12581828,62.54700775
J04001456,Worthing MB,Tenure,0,2.100161551,17.90664059,69.34146756
J04001457,Worthing RD,Tenure,0,6.31308348,9.557570018,77.41577594
J04001458,Wortley RD,Tenure,0,15.3816455,6.598200842,74.44114127
J04001459,Wrexham MB,Tenure,0,22.19967304,14.64569592,55.24550426
J04001460,Wrexham RD,Tenure,0,19.1871484,8.733190939,66.28561114
J04001461,Wycombe RD,Tenure,0,5.859802848,8.406352683,78.13983206
J04001462,Wymondham UD,Tenure,0,3.055865033,11.87330893,71.9719879
J04001463,Yeovil MB,Tenure,0,7.161823837,14.43744784,61.25483651
J04001464,Yeovil RD,Tenure,0,3.39332479,10.19111829,72.46893631
J04001465,Yiewsley and West Drayton UD,Tenure,0,14.51895582,21.23420349,48.26123051
J04001466,"York, City and County of CB",Tenure,0,13.36508936,22.18132431,56.1806157
J04001467,Ystradgynlais RD,Tenure,0,16.10504299,6.297931676,71.74064606
