date,category,chiffre,series
01/01/2020,Retail,114,Total
02/01/2020,Retail,117,Total
03/01/2020,Retail,117,Total
04/01/2020,Retail,116,Total
05/01/2020,Retail,113,Total
06/01/2020,Retail,108,Total
07/01/2020,Retail,103,Total
08/01/2020,Retail,103,Total
09/01/2020,Retail,99,Total
10/01/2020,Retail,95,Total
11/01/2020,Retail,93,Total
12/01/2020,Retail,92,Total
13/01/2020,Retail,91,Total
14/01/2020,Retail,90,Total
15/01/2020,Retail,89,Total
16/01/2020,Retail,89,Total
17/01/2020,Retail,89,Total
18/01/2020,Retail,90,Total
19/01/2020,Retail,90,Total
20/01/2020,Retail,90,Total
21/01/2020,Retail,91,Total
22/01/2020,Retail,92,Total
23/01/2020,Retail,91,Total
24/01/2020,Retail,92,Total
25/01/2020,Retail,92,Total
26/01/2020,Retail,93,Total
27/01/2020,Retail,93,Total
28/01/2020,Retail,93,Total
29/01/2020,Retail,93,Total
30/01/2020,Retail,94,Total
31/01/2020,Retail,96,Total
01/02/2020,Retail,97,Total
02/02/2020,Retail,99,Total
03/02/2020,Retail,100,Total
04/02/2020,Retail,100,Total
05/02/2020,Retail,99,Total
06/02/2020,Retail,99,Total
07/02/2020,Retail,97,Total
08/02/2020,Retail,97,Total
09/02/2020,Retail,96,Total
10/02/2020,Retail,95,Total
11/02/2020,Retail,95,Total
12/02/2020,Retail,95,Total
13/02/2020,Retail,94,Total
14/02/2020,Retail,95,Total
15/02/2020,Retail,95,Total
16/02/2020,Retail,98,Total
17/02/2020,Retail,99,Total
18/02/2020,Retail,101,Total
19/02/2020,Retail,103,Total
20/02/2020,Retail,105,Total
21/02/2020,Retail,107,Total
22/02/2020,Retail,108,Total
23/02/2020,Retail,106,Total
24/02/2020,Retail,104,Total
25/02/2020,Retail,102,Total
26/02/2020,Retail,101,Total
27/02/2020,Retail,99,Total
28/02/2020,Retail,98,Total
29/02/2020,Retail,97,Total
01/03/2020,Retail,97,Total
02/03/2020,Retail,98,Total
03/03/2020,Retail,98,Total
04/03/2020,Retail,99,Total
05/03/2020,Retail,99,Total
06/03/2020,Retail,98,Total
07/03/2020,Retail,97,Total
08/03/2020,Retail,96,Total
09/03/2020,Retail,95,Total
10/03/2020,Retail,95,Total
11/03/2020,Retail,94,Total
12/03/2020,Retail,93,Total
13/03/2020,Retail,92,Total
14/03/2020,Retail,90,Total
15/03/2020,Retail,87,Total
16/03/2020,Retail,85,Total
17/03/2020,Retail,82,Total
18/03/2020,Retail,80,Total
19/03/2020,Retail,77,Total
20/03/2020,Retail,71,Total
21/03/2020,Retail,65,Total
22/03/2020,Retail,60,Total
23/03/2020,Retail,57,Total
24/03/2020,Retail,53,Total
25/03/2020,Retail,49,Total
26/03/2020,Retail,46,Total
27/03/2020,Retail,44,Total
28/03/2020,Retail,42,Total
29/03/2020,Retail,41,Total
30/03/2020,Retail,40,Total
31/03/2020,Retail,40,Total
01/04/2020,Retail,41,Total
02/04/2020,Retail,41,Total
03/04/2020,Retail,41,Total
04/04/2020,Retail,41,Total
05/04/2020,Retail,42,Total
06/04/2020,Retail,42,Total
07/04/2020,Retail,42,Total
08/04/2020,Retail,41,Total
09/04/2020,Retail,42,Total
10/04/2020,Retail,42,Total
11/04/2020,Retail,41,Total
12/04/2020,Retail,40,Total
13/04/2020,Retail,39,Total
14/04/2020,Retail,39,Total
15/04/2020,Retail,39,Total
16/04/2020,Retail,38,Total
17/04/2020,Retail,38,Total
18/04/2020,Retail,38,Total
19/04/2020,Retail,39,Total
20/04/2020,Retail,40,Total
21/04/2020,Retail,40,Total
22/04/2020,Retail,40,Total
23/04/2020,Retail,40,Total
24/04/2020,Retail,40,Total
25/04/2020,Retail,41,Total
26/04/2020,Retail,41,Total
27/04/2020,Retail,42,Total
28/04/2020,Retail,42,Total
29/04/2020,Retail,43,Total
30/04/2020,Retail,45,Total
01/05/2020,Retail,45,Total
02/05/2020,Retail,45,Total
03/05/2020,Retail,46,Total
04/05/2020,Retail,47,Total
05/05/2020,Retail,47,Total
06/05/2020,Retail,47,Total
07/05/2020,Retail,47,Total
08/05/2020,Retail,47,Total
09/05/2020,Retail,47,Total
10/05/2020,Retail,47,Total
11/05/2020,Retail,46,Total
12/05/2020,Retail,47,Total
13/05/2020,Retail,47,Total
14/05/2020,Retail,46,Total
15/05/2020,Retail,47,Total
16/05/2020,Retail,48,Total
17/05/2020,Retail,48,Total
18/05/2020,Retail,49,Total
19/05/2020,Retail,49,Total
20/05/2020,Retail,50,Total
21/05/2020,Retail,51,Total
22/05/2020,Retail,51,Total
23/05/2020,Retail,52,Total
24/05/2020,Retail,52,Total
25/05/2020,Retail,52,Total
26/05/2020,Retail,53,Total
27/05/2020,Retail,53,Total
28/05/2020,Retail,54,Total
29/05/2020,Retail,55,Total
30/05/2020,Retail,55,Total
31/05/2020,Retail,56,Total
01/06/2020,Retail,58,Total
02/06/2020,Retail,58,Total
03/06/2020,Retail,59,Total
04/06/2020,Retail,59,Total
05/06/2020,Retail,58,Total
06/06/2020,Retail,58,Total
07/06/2020,Retail,58,Total
08/06/2020,Retail,58,Total
09/06/2020,Retail,58,Total
10/06/2020,Retail,57,Total
11/06/2020,Retail,57,Total
12/06/2020,Retail,57,Total
13/06/2020,Retail,57,Total
14/06/2020,Retail,57,Total
15/06/2020,Retail,58,Total
16/06/2020,Retail,58,Total
17/06/2020,Retail,59,Total
18/06/2020,Retail,60,Total
19/06/2020,Retail,60,Total
20/06/2020,Retail,61,Total
21/06/2020,Retail,61,Total
22/06/2020,Retail,61,Total
23/06/2020,Retail,61,Total
24/06/2020,Retail,61,Total
25/06/2020,Retail,62,Total
26/06/2020,Retail,63,Total
27/06/2020,Retail,64,Total
28/06/2020,Retail,65,Total
29/06/2020,Retail,65,Total
30/06/2020,Retail,67,Total
01/07/2020,Retail,68,Total
02/07/2020,Retail,69,Total
03/07/2020,Retail,69,Total
04/07/2020,Retail,71,Total
05/07/2020,Retail,71,Total
06/07/2020,Retail,73,Total
07/07/2020,Retail,73,Total
08/07/2020,Retail,73,Total
09/07/2020,Retail,74,Total
10/07/2020,Retail,75,Total
11/07/2020,Retail,76,Total
12/07/2020,Retail,76,Total
13/07/2020,Retail,77,Total
14/07/2020,Retail,77,Total
15/07/2020,Retail,78,Total
16/07/2020,Retail,79,Total
17/07/2020,Retail,79,Total
18/07/2020,Retail,80,Total
19/07/2020,Retail,80,Total
20/07/2020,Retail,81,Total
21/07/2020,Retail,82,Total
22/07/2020,Retail,82,Total
23/07/2020,Retail,82,Total
24/07/2020,Retail,83,Total
25/07/2020,Retail,84,Total
26/07/2020,Retail,85,Total
27/07/2020,Retail,86,Total
28/07/2020,Retail,87,Total
29/07/2020,Retail,88,Total
30/07/2020,Retail,90,Total
31/07/2020,Retail,92,Total
01/08/2020,Retail,93,Total
02/08/2020,Retail,94,Total
03/08/2020,Retail,95,Total
04/08/2020,Retail,96,Total
05/08/2020,Retail,96,Total
06/08/2020,Retail,96,Total
07/08/2020,Retail,96,Total
08/08/2020,Retail,95,Total
09/08/2020,Retail,95,Total
10/08/2020,Retail,96,Total
11/08/2020,Retail,96,Total
12/08/2020,Retail,96,Total
13/08/2020,Retail,96,Total
14/08/2020,Retail,96,Total
15/08/2020,Retail,95,Total
16/08/2020,Retail,95,Total
17/08/2020,Retail,94,Total
18/08/2020,Retail,94,Total
19/08/2020,Retail,93,Total
20/08/2020,Retail,93,Total
21/08/2020,Retail,92,Total
22/08/2020,Retail,93,Total
23/08/2020,Retail,93,Total
24/08/2020,Retail,93,Total
25/08/2020,Retail,93,Total
26/08/2020,Retail,93,Total
27/08/2020,Retail,93,Total
28/08/2020,Retail,94,Total
29/08/2020,Retail,95,Total
30/08/2020,Retail,95,Total
31/08/2020,Retail,96,Total
01/09/2020,Retail,96,Total
02/09/2020,Retail,95,Total
03/09/2020,Retail,95,Total
04/09/2020,Retail,93,Total
05/09/2020,Retail,92,Total
06/09/2020,Retail,91,Total
07/09/2020,Retail,88,Total
08/09/2020,Retail,87,Total
09/09/2020,Retail,86,Total
10/09/2020,Retail,85,Total
11/09/2020,Retail,84,Total
12/09/2020,Retail,84,Total
13/09/2020,Retail,84,Total
14/09/2020,Retail,83,Total
15/09/2020,Retail,83,Total
16/09/2020,Retail,83,Total
17/09/2020,Retail,83,Total
18/09/2020,Retail,83,Total
19/09/2020,Retail,82,Total
20/09/2020,Retail,82,Total
21/09/2020,Retail,82,Total
22/09/2020,Retail,81,Total
23/09/2020,Retail,81,Total
24/09/2020,Retail,80,Total
25/09/2020,Retail,81,Total
26/09/2020,Retail,81,Total
27/09/2020,Retail,81,Total
28/09/2020,Retail,82,Total
29/09/2020,Retail,82,Total
30/09/2020,Retail,84,Total
01/10/2020,Retail,85,Total
02/10/2020,Retail,85,Total
03/10/2020,Retail,84,Total
04/10/2020,Retail,84,Total
05/10/2020,Retail,84,Total
06/10/2020,Retail,84,Total
07/10/2020,Retail,82,Total
08/10/2020,Retail,80,Total
09/10/2020,Retail,79,Total
10/10/2020,Retail,79,Total
11/10/2020,Retail,78,Total
12/10/2020,Retail,78,Total
13/10/2020,Retail,78,Total
14/10/2020,Retail,78,Total
15/10/2020,Retail,78,Total
16/10/2020,Retail,78,Total
17/10/2020,Retail,77,Total
18/10/2020,Retail,76,Total
19/10/2020,Retail,76,Total
20/10/2020,Retail,75,Total
21/10/2020,Retail,74,Total
22/10/2020,Retail,74,Total
23/10/2020,Retail,74,Total
24/10/2020,Retail,74,Total
25/10/2020,Retail,74,Total
26/10/2020,Retail,74,Total
27/10/2020,Retail,74,Total
28/10/2020,Retail,75,Total
29/10/2020,Retail,76,Total
30/10/2020,Retail,78,Total
31/10/2020,Retail,79,Total
01/11/2020,Retail,80,Total
02/11/2020,Retail,81,Total
03/11/2020,Retail,82,Total
04/11/2020,Retail,83,Total
05/11/2020,Retail,81,Total
06/11/2020,Retail,78,Total
07/11/2020,Retail,75,Total
08/11/2020,Retail,73,Total
09/11/2020,Retail,72,Total
10/11/2020,Retail,70,Total
11/11/2020,Retail,67,Total
12/11/2020,Retail,67,Total
13/11/2020,Retail,68,Total
14/11/2020,Retail,68,Total
15/11/2020,Retail,68,Total
16/11/2020,Retail,67,Total
17/11/2020,Retail,67,Total
18/11/2020,Retail,67,Total
19/11/2020,Retail,67,Total
20/11/2020,Retail,67,Total
21/11/2020,Retail,68,Total
22/11/2020,Retail,68,Total
23/11/2020,Retail,69,Total
24/11/2020,Retail,70,Total
25/11/2020,Retail,72,Total
26/11/2020,Retail,74,Total
27/11/2020,Retail,80,Total
28/11/2020,Retail,82,Total
29/11/2020,Retail,83,Total
30/11/2020,Retail,86,Total
01/12/2020,Retail,87,Total
02/12/2020,Retail,88,Total
03/12/2020,Retail,89,Total
04/12/2020,Retail,85,Total
05/12/2020,Retail,86,Total
06/12/2020,Retail,87,Total
07/12/2020,Retail,85,Total
08/12/2020,Retail,85,Total
09/12/2020,Retail,85,Total
10/12/2020,Retail,85,Total
11/12/2020,Retail,85,Total
12/12/2020,Retail,85,Total
13/12/2020,Retail,85,Total
14/12/2020,Retail,86,Total
15/12/2020,Retail,87,Total
16/12/2020,Retail,87,Total
17/12/2020,Retail,88,Total
18/12/2020,Retail,89,Total
19/12/2020,Retail,89,Total
20/12/2020,Retail,89,Total
21/12/2020,Retail,91,Total
22/12/2020,Retail,93,Total
23/12/2020,Retail,97,Total
24/12/2020,Retail,96,Total
25/12/2020,Retail,87,Total
26/12/2020,Retail,80,Total
27/12/2020,Retail,78,Total
28/12/2020,Retail,74,Total
29/12/2020,Retail,71,Total
30/12/2020,Retail,68,Total
31/12/2020,Retail,67,Total
01/01/2021,Retail,69,Total
02/01/2021,Retail,71,Total
03/01/2021,Retail,70,Total
04/01/2021,Retail,71,Total
05/01/2021,Retail,70,Total
06/01/2021,Retail,67,Total
07/01/2021,Retail,66,Total
08/01/2021,Retail,71,Total
09/01/2021,Retail,72,Total
10/01/2021,Retail,71,Total
11/01/2021,Retail,71,Total
12/01/2021,Retail,70,Total
13/01/2021,Retail,69,Total
14/01/2021,Retail,68,Total
15/01/2021,Retail,67,Total
16/01/2021,Retail,67,Total
17/01/2021,Retail,66,Total
18/01/2021,Retail,65,Total
19/01/2021,Retail,65,Total
20/01/2021,Retail,65,Total
21/01/2021,Retail,65,Total
22/01/2021,Retail,65,Total
23/01/2021,Retail,65,Total
24/01/2021,Retail,65,Total
25/01/2021,Retail,66,Total
26/01/2021,Retail,66,Total
27/01/2021,Retail,67,Total
28/01/2021,Retail,69,Total
29/01/2021,Retail,71,Total
30/01/2021,Retail,72,Total
31/01/2021,Retail,73,Total
01/02/2021,Retail,74,Total
02/02/2021,Retail,75,Total
03/02/2021,Retail,74,Total
04/02/2021,Retail,73,Total
05/02/2021,Retail,72,Total
06/02/2021,Retail,71,Total
07/02/2021,Retail,70,Total
08/02/2021,Retail,69,Total
09/02/2021,Retail,68,Total
10/02/2021,Retail,68,Total
11/02/2021,Retail,68,Total
12/02/2021,Retail,68,Total
13/02/2021,Retail,68,Total
14/02/2021,Retail,68,Total
15/02/2021,Retail,68,Total
16/02/2021,Retail,68,Total
17/02/2021,Retail,67,Total
18/02/2021,Retail,67,Total
19/02/2021,Retail,67,Total
20/02/2021,Retail,66,Total
21/02/2021,Retail,66,Total
22/02/2021,Retail,66,Total
23/02/2021,Retail,66,Total
24/02/2021,Retail,66,Total
25/02/2021,Retail,67,Total
26/02/2021,Retail,70,Total
27/02/2021,Retail,71,Total
28/02/2021,Retail,72,Total
01/03/2021,Retail,73,Total
02/03/2021,Retail,74,Total
03/03/2021,Retail,75,Total
04/03/2021,Retail,74,Total
05/03/2021,Retail,73,Total
06/03/2021,Retail,72,Total
07/03/2021,Retail,72,Total
08/03/2021,Retail,71,Total
09/03/2021,Retail,71,Total
10/03/2021,Retail,70,Total
11/03/2021,Retail,70,Total
12/03/2021,Retail,70,Total
13/03/2021,Retail,70,Total
14/03/2021,Retail,69,Total
15/03/2021,Retail,70,Total
16/03/2021,Retail,70,Total
17/03/2021,Retail,70,Total
18/03/2021,Retail,70,Total
19/03/2021,Retail,70,Total
20/03/2021,Retail,70,Total
21/03/2021,Retail,70,Total
22/03/2021,Retail,69,Total
23/03/2021,Retail,69,Total
24/03/2021,Retail,69,Total
25/03/2021,Retail,70,Total
26/03/2021,Retail,71,Total
27/03/2021,Retail,72,Total
28/03/2021,Retail,72,Total
29/03/2021,Retail,73,Total
30/03/2021,Retail,73,Total
31/03/2021,Retail,76,Total
01/04/2021,Retail,77,Total
02/04/2021,Retail,77,Total
03/04/2021,Retail,76,Total
04/04/2021,Retail,74,Total
05/04/2021,Retail,74,Total
06/04/2021,Retail,76,Total
07/04/2021,Retail,74,Total
08/04/2021,Retail,72,Total
09/04/2021,Retail,72,Total
10/04/2021,Retail,72,Total
11/04/2021,Retail,74,Total
12/04/2021,Retail,74,Total
13/04/2021,Retail,74,Total
14/04/2021,Retail,74,Total
15/04/2021,Retail,75,Total
16/04/2021,Retail,75,Total
17/04/2021,Retail,76,Total
18/04/2021,Retail,77,Total
19/04/2021,Retail,77,Total
20/04/2021,Retail,76,Total
21/04/2021,Retail,76,Total
22/04/2021,Retail,75,Total
23/04/2021,Retail,75,Total
24/04/2021,Retail,76,Total
25/04/2021,Retail,76,Total
26/04/2021,Retail,76,Total
27/04/2021,Retail,77,Total
28/04/2021,Retail,77,Total
29/04/2021,Retail,79,Total
30/04/2021,Retail,81,Total
01/05/2021,Retail,82,Total
02/05/2021,Retail,83,Total
03/05/2021,Retail,84,Total
04/05/2021,Retail,84,Total
05/05/2021,Retail,85,Total
06/05/2021,Retail,85,Total
07/05/2021,Retail,82,Total
08/05/2021,Retail,82,Total
09/05/2021,Retail,82,Total
10/05/2021,Retail,83,Total
11/05/2021,Retail,83,Total
12/05/2021,Retail,83,Total
13/05/2021,Retail,82,Total
14/05/2021,Retail,82,Total
15/05/2021,Retail,82,Total
16/05/2021,Retail,81,Total
17/05/2021,Retail,80,Total
18/05/2021,Retail,79,Total
19/05/2021,Retail,79,Total
20/05/2021,Retail,79,Total
21/05/2021,Retail,80,Total
22/05/2021,Retail,80,Total
23/05/2021,Retail,80,Total
24/05/2021,Retail,81,Total
25/05/2021,Retail,81,Total
26/05/2021,Retail,81,Total
27/05/2021,Retail,82,Total
28/05/2021,Retail,84,Total
29/05/2021,Retail,86,Total
30/05/2021,Retail,87,Total
31/05/2021,Retail,88,Total
01/06/2021,Retail,90,Total
02/06/2021,Retail,91,Total
03/06/2021,Retail,91,Total
04/06/2021,Retail,90,Total
05/06/2021,Retail,90,Total
06/06/2021,Retail,89,Total
07/06/2021,Retail,89,Total
08/06/2021,Retail,87,Total
09/06/2021,Retail,87,Total
10/06/2021,Retail,86,Total
11/06/2021,Retail,86,Total
12/06/2021,Retail,86,Total
13/06/2021,Retail,86,Total
14/06/2021,Retail,85,Total
15/06/2021,Retail,86,Total
16/06/2021,Retail,85,Total
17/06/2021,Retail,85,Total
18/06/2021,Retail,85,Total
19/06/2021,Retail,85,Total
20/06/2021,Retail,85,Total
21/06/2021,Retail,85,Total
22/06/2021,Retail,85,Total
23/06/2021,Retail,85,Total
24/06/2021,Retail,85,Total
25/06/2021,Retail,86,Total
26/06/2021,Retail,87,Total
27/06/2021,Retail,88,Total
28/06/2021,Retail,88,Total
29/06/2021,Retail,89,Total
30/06/2021,Retail,91,Total
01/07/2021,Retail,93,Total
02/07/2021,Retail,93,Total
03/07/2021,Retail,94,Total
04/07/2021,Retail,95,Total
05/07/2021,Retail,96,Total
06/07/2021,Retail,96,Total
07/07/2021,Retail,96,Total
08/07/2021,Retail,95,Total
09/07/2021,Retail,95,Total
10/07/2021,Retail,95,Total
11/07/2021,Retail,95,Total
12/07/2021,Retail,95,Total
13/07/2021,Retail,95,Total
14/07/2021,Retail,95,Total
15/07/2021,Retail,96,Total
16/07/2021,Retail,96,Total
17/07/2021,Retail,96,Total
18/07/2021,Retail,96,Total
19/07/2021,Retail,97,Total
20/07/2021,Retail,97,Total
21/07/2021,Retail,98,Total
22/07/2021,Retail,98,Total
23/07/2021,Retail,98,Total
24/07/2021,Retail,99,Total
25/07/2021,Retail,100,Total
26/07/2021,Retail,100,Total
27/07/2021,Retail,101,Total
28/07/2021,Retail,102,Total
29/07/2021,Retail,104,Total
30/07/2021,Retail,105,Total
31/07/2021,Retail,107,Total
01/08/2021,Retail,108,Total
02/08/2021,Retail,110,Total
03/08/2021,Retail,111,Total
04/08/2021,Retail,112,Total
05/08/2021,Retail,112,Total
06/08/2021,Retail,112,Total
07/08/2021,Retail,112,Total
08/08/2021,Retail,112,Total
09/08/2021,Retail,112,Total
10/08/2021,Retail,111,Total
11/08/2021,Retail,112,Total
12/08/2021,Retail,112,Total
13/08/2021,Retail,112,Total
14/08/2021,Retail,112,Total
15/08/2021,Retail,111,Total
16/08/2021,Retail,111,Total
17/08/2021,Retail,112,Total
18/08/2021,Retail,111,Total
19/08/2021,Retail,112,Total
20/08/2021,Retail,113,Total
21/08/2021,Retail,113,Total
22/08/2021,Retail,113,Total
23/08/2021,Retail,113,Total
24/08/2021,Retail,114,Total
25/08/2021,Retail,114,Total
26/08/2021,Retail,115,Total
27/08/2021,Retail,116,Total
28/08/2021,Retail,117,Total
29/08/2021,Retail,119,Total
30/08/2021,Retail,120,Total
31/08/2021,Retail,121,Total
01/09/2021,Retail,121,Total
02/09/2021,Retail,120,Total
03/09/2021,Retail,119,Total
04/09/2021,Retail,117,Total
05/09/2021,Retail,116,Total
06/09/2021,Retail,115,Total
07/09/2021,Retail,114,Total
08/09/2021,Retail,113,Total
09/09/2021,Retail,112,Total
10/09/2021,Retail,112,Total
11/09/2021,Retail,111,Total
12/09/2021,Retail,111,Total
13/09/2021,Retail,110,Total
14/09/2021,Retail,109,Total
15/09/2021,Retail,108,Total
16/09/2021,Retail,108,Total
17/09/2021,Retail,108,Total
18/09/2021,Retail,108,Total
19/09/2021,Retail,108,Total
20/09/2021,Retail,109,Total
21/09/2021,Retail,109,Total
22/09/2021,Retail,109,Total
23/09/2021,Retail,109,Total
24/09/2021,Retail,111,Total
25/09/2021,Retail,111,Total
26/09/2021,Retail,111,Total
27/09/2021,Retail,111,Total
28/09/2021,Retail,112,Total
29/09/2021,Retail,113,Total
30/09/2021,Retail,114,Total
01/10/2021,Retail,115,Total
02/10/2021,Retail,115,Total
03/10/2021,Retail,116,Total
04/10/2021,Retail,115,Total
05/10/2021,Retail,115,Total
06/10/2021,Retail,115,Total
07/10/2021,Retail,114,Total
08/10/2021,Retail,113,Total
09/10/2021,Retail,112,Total
10/10/2021,Retail,112,Total
11/10/2021,Retail,111,Total
12/10/2021,Retail,111,Total
13/10/2021,Retail,110,Total
14/10/2021,Retail,109,Total
15/10/2021,Retail,109,Total
16/10/2021,Retail,109,Total
17/10/2021,Retail,109,Total
18/10/2021,Retail,109,Total
19/10/2021,Retail,109,Total
20/10/2021,Retail,110,Total
21/10/2021,Retail,111,Total
22/10/2021,Retail,111,Total
23/10/2021,Retail,112,Total
24/10/2021,Retail,112,Total
25/10/2021,Retail,114,Total
26/10/2021,Retail,116,Total
27/10/2021,Retail,118,Total
28/10/2021,Retail,120,Total
29/10/2021,Retail,123,Total
30/10/2021,Retail,124,Total
31/10/2021,Retail,125,Total
01/11/2021,Retail,125,Total
02/11/2021,Retail,124,Total
03/11/2021,Retail,122,Total
04/11/2021,Retail,120,Total
05/11/2021,Retail,118,Total
06/11/2021,Retail,116,Total
07/11/2021,Retail,115,Total
08/11/2021,Retail,115,Total
09/11/2021,Retail,114,Total
10/11/2021,Retail,114,Total
11/11/2021,Retail,115,Total
12/11/2021,Retail,115,Total
13/11/2021,Retail,116,Total
14/11/2021,Retail,115,Total
15/11/2021,Retail,115,Total
16/11/2021,Retail,115,Total
17/11/2021,Retail,114,Total
18/11/2021,Retail,115,Total
19/11/2021,Retail,115,Total
20/11/2021,Retail,115,Total
21/11/2021,Retail,115,Total
22/11/2021,Retail,116,Total
23/11/2021,Retail,116,Total
24/11/2021,Retail,117,Total
25/11/2021,Retail,119,Total
26/11/2021,Retail,123,Total
27/11/2021,Retail,125,Total
28/11/2021,Retail,127,Total
29/11/2021,Retail,130,Total
30/11/2021,Retail,132,Total
01/12/2021,Retail,132,Total
02/12/2021,Retail,130,Total
03/12/2021,Retail,126,Total
04/12/2021,Retail,127,Total
05/12/2021,Retail,126,Total
06/12/2021,Retail,124,Total
07/12/2021,Retail,122,Total
08/12/2021,Retail,120,Total
09/12/2021,Retail,119,Total
10/12/2021,Retail,118,Total
11/12/2021,Retail,114,Total
12/12/2021,Retail,113,Total
13/12/2021,Retail,112,Total
14/12/2021,Retail,113,Total
15/12/2021,Retail,114,Total
16/12/2021,Retail,115,Total
17/12/2021,Retail,116,Total
18/12/2021,Retail,116,Total
19/12/2021,Retail,117,Total
20/12/2021,Retail,120,Total
21/12/2021,Retail,123,Total
22/12/2021,Retail,126,Total
23/12/2021,Retail,132,Total
24/12/2021,Retail,132,Total
25/12/2021,Retail,121,Total
26/12/2021,Retail,119,Total
27/12/2021,Retail,117,Total
28/12/2021,Retail,115,Total
29/12/2021,Retail,112,Total
30/12/2021,Retail,108,Total
31/12/2021,Retail,107,Total
01/01/2022,Retail,111,Total
02/01/2022,Retail,113,Total
03/01/2022,Retail,112,Total
04/01/2022,Retail,112,Total
05/01/2022,Retail,110,Total
06/01/2022,Retail,107,Total
07/01/2022,Retail,106,Total
08/01/2022,Retail,110,Total
09/01/2022,Retail,109,Total
10/01/2022,Retail,108,Total
11/01/2022,Retail,106,Total
12/01/2022,Retail,104,Total
13/01/2022,Retail,103,Total
14/01/2022,Retail,103,Total
15/01/2022,Retail,102,Total
16/01/2022,Retail,102,Total
17/01/2022,Retail,101,Total
18/01/2022,Retail,101,Total
19/01/2022,Retail,101,Total
20/01/2022,Retail,101,Total
21/01/2022,Retail,103,Total
22/01/2022,Retail,105,Total
23/01/2022,Retail,107,Total
24/01/2022,Retail,108,Total
25/01/2022,Retail,110,Total
26/01/2022,Retail,111,Total
27/01/2022,Retail,112,Total
28/01/2022,Retail,112,Total
29/01/2022,Retail,112,Total
30/01/2022,Retail,113,Total
31/01/2022,Retail,114,Total
01/02/2022,Retail,115,Total
02/02/2022,Retail,115,Total
03/02/2022,Retail,114,Total
04/02/2022,Retail,114,Total
05/02/2022,Retail,113,Total
06/02/2022,Retail,113,Total
07/02/2022,Retail,112,Total
08/02/2022,Retail,110,Total
09/02/2022,Retail,109,Total
10/02/2022,Retail,110,Total
11/02/2022,Retail,110,Total
12/02/2022,Retail,111,Total
13/02/2022,Retail,112,Total
14/02/2022,Retail,113,Total
15/02/2022,Retail,114,Total
16/02/2022,Retail,115,Total
17/02/2022,Retail,115,Total
18/02/2022,Retail,115,Total
19/02/2022,Retail,115,Total
20/02/2022,Retail,114,Total
21/02/2022,Retail,113,Total
22/02/2022,Retail,112,Total
23/02/2022,Retail,112,Total
24/02/2022,Retail,113,Total
25/02/2022,Retail,114,Total
26/02/2022,Retail,114,Total
27/02/2022,Retail,114,Total
28/02/2022,Retail,117,Total
01/03/2022,Retail,118,Total
02/03/2022,Retail,119,Total
03/03/2022,Retail,118,Total
04/03/2022,Retail,118,Total
05/03/2022,Retail,118,Total
06/03/2022,Retail,118,Total
07/03/2022,Retail,117,Total
08/03/2022,Retail,115,Total
09/03/2022,Retail,115,Total
10/03/2022,Retail,114,Total
11/03/2022,Retail,114,Total
12/03/2022,Retail,113,Total
13/03/2022,Retail,113,Total
14/03/2022,Retail,112,Total
15/03/2022,Retail,112,Total
16/03/2022,Retail,112,Total
17/03/2022,Retail,112,Total
18/03/2022,Retail,112,Total
19/03/2022,Retail,112,Total
20/03/2022,Retail,113,Total
21/03/2022,Retail,112,Total
22/03/2022,Retail,113,Total
23/03/2022,Retail,113,Total
24/03/2022,Retail,114,Total
25/03/2022,Retail,115,Total
26/03/2022,Retail,116,Total
27/03/2022,Retail,117,Total
28/03/2022,Retail,120,Total
29/03/2022,Retail,121,Total
30/03/2022,Retail,123,Total
31/03/2022,Retail,125,Total
01/04/2022,Retail,126,Total
02/04/2022,Retail,127,Total
03/04/2022,Retail,129,Total
04/04/2022,Retail,131,Total
05/04/2022,Retail,132,Total
06/04/2022,Retail,133,Total
07/04/2022,Retail,133,Total
08/04/2022,Retail,132,Total
09/04/2022,Retail,132,Total
10/04/2022,Retail,131,Total
11/04/2022,Retail,129,Total
12/04/2022,Retail,129,Total
13/04/2022,Retail,129,Total
14/04/2022,Retail,131,Total
15/04/2022,Retail,131,Total
16/04/2022,Retail,129,Total
17/04/2022,Retail,127,Total
18/04/2022,Retail,125,Total
19/04/2022,Retail,125,Total
20/04/2022,Retail,123,Total
21/04/2022,Retail,121,Total
22/04/2022,Retail,120,Total
23/04/2022,Retail,119,Total
24/04/2022,Retail,119,Total
25/04/2022,Retail,119,Total
26/04/2022,Retail,119,Total
27/04/2022,Retail,119,Total
28/04/2022,Retail,120,Total
29/04/2022,Retail,122,Total
30/04/2022,Retail,125,Total
01/05/2022,Retail,128,Total
02/05/2022,Retail,129,Total
03/05/2022,Retail,129,Total
04/05/2022,Retail,129,Total
05/05/2022,Retail,128,Total
06/05/2022,Retail,127,Total
07/05/2022,Retail,125,Total
08/05/2022,Retail,123,Total
09/05/2022,Retail,123,Total
10/05/2022,Retail,123,Total
11/05/2022,Retail,124,Total
12/05/2022,Retail,125,Total
13/05/2022,Retail,124,Total
14/05/2022,Retail,124,Total
15/05/2022,Retail,124,Total
16/05/2022,Retail,123,Total
17/05/2022,Retail,122,Total
18/05/2022,Retail,120,Total
19/05/2022,Retail,118,Total
20/05/2022,Retail,118,Total
21/05/2022,Retail,118,Total
22/05/2022,Retail,118,Total
23/05/2022,Retail,118,Total
24/05/2022,Retail,118,Total
25/05/2022,Retail,119,Total
26/05/2022,Retail,120,Total
27/05/2022,Retail,122,Total
28/05/2022,Retail,124,Total
29/05/2022,Retail,126,Total
30/05/2022,Retail,129,Total
31/05/2022,Retail,132,Total
01/06/2022,Retail,137,Total
02/06/2022,Retail,140,Total
03/06/2022,Retail,140,Total
04/06/2022,Retail,140,Total
05/06/2022,Retail,139,Total
06/06/2022,Retail,137,Total
07/06/2022,Retail,135,Total
08/06/2022,Retail,131,Total
09/06/2022,Retail,127,Total
10/06/2022,Retail,126,Total
11/06/2022,Retail,126,Total
12/06/2022,Retail,125,Total
13/06/2022,Retail,126,Total
14/06/2022,Retail,126,Total
15/06/2022,Retail,126,Total
16/06/2022,Retail,126,Total
17/06/2022,Retail,125,Total
18/06/2022,Retail,125,Total
19/06/2022,Retail,125,Total
20/06/2022,Retail,124,Total
21/06/2022,Retail,123,Total
22/06/2022,Retail,121,Total
23/06/2022,Retail,121,Total
24/06/2022,Retail,121,Total
25/06/2022,Retail,120,Total
26/06/2022,Retail,120,Total
27/06/2022,Retail,121,Total
28/06/2022,Retail,123,Total
29/06/2022,Retail,124,Total
30/06/2022,Retail,127,Total
01/07/2022,Retail,128,Total
02/07/2022,Retail,129,Total
03/07/2022,Retail,130,Total
01/01/2020,Entertainment,114,Total
02/01/2020,Entertainment,117,Total
03/01/2020,Entertainment,117,Total
04/01/2020,Entertainment,116,Total
05/01/2020,Entertainment,113,Total
06/01/2020,Entertainment,108,Total
07/01/2020,Entertainment,103,Total
08/01/2020,Entertainment,103,Total
09/01/2020,Entertainment,99,Total
10/01/2020,Entertainment,95,Total
11/01/2020,Entertainment,93,Total
12/01/2020,Entertainment,92,Total
13/01/2020,Entertainment,91,Total
14/01/2020,Entertainment,90,Total
15/01/2020,Entertainment,89,Total
16/01/2020,Entertainment,89,Total
17/01/2020,Entertainment,89,Total
18/01/2020,Entertainment,90,Total
19/01/2020,Entertainment,90,Total
20/01/2020,Entertainment,90,Total
21/01/2020,Entertainment,91,Total
22/01/2020,Entertainment,92,Total
23/01/2020,Entertainment,91,Total
24/01/2020,Entertainment,92,Total
25/01/2020,Entertainment,92,Total
26/01/2020,Entertainment,93,Total
27/01/2020,Entertainment,93,Total
28/01/2020,Entertainment,93,Total
29/01/2020,Entertainment,93,Total
30/01/2020,Entertainment,94,Total
31/01/2020,Entertainment,96,Total
01/02/2020,Entertainment,97,Total
02/02/2020,Entertainment,99,Total
03/02/2020,Entertainment,100,Total
04/02/2020,Entertainment,100,Total
05/02/2020,Entertainment,99,Total
06/02/2020,Entertainment,99,Total
07/02/2020,Entertainment,97,Total
08/02/2020,Entertainment,97,Total
09/02/2020,Entertainment,96,Total
10/02/2020,Entertainment,95,Total
11/02/2020,Entertainment,95,Total
12/02/2020,Entertainment,95,Total
13/02/2020,Entertainment,94,Total
14/02/2020,Entertainment,95,Total
15/02/2020,Entertainment,95,Total
16/02/2020,Entertainment,98,Total
17/02/2020,Entertainment,99,Total
18/02/2020,Entertainment,101,Total
19/02/2020,Entertainment,103,Total
20/02/2020,Entertainment,105,Total
21/02/2020,Entertainment,107,Total
22/02/2020,Entertainment,108,Total
23/02/2020,Entertainment,106,Total
24/02/2020,Entertainment,104,Total
25/02/2020,Entertainment,102,Total
26/02/2020,Entertainment,101,Total
27/02/2020,Entertainment,99,Total
28/02/2020,Entertainment,98,Total
29/02/2020,Entertainment,97,Total
01/03/2020,Entertainment,97,Total
02/03/2020,Entertainment,98,Total
03/03/2020,Entertainment,98,Total
04/03/2020,Entertainment,99,Total
05/03/2020,Entertainment,99,Total
06/03/2020,Entertainment,98,Total
07/03/2020,Entertainment,97,Total
08/03/2020,Entertainment,96,Total
09/03/2020,Entertainment,95,Total
10/03/2020,Entertainment,95,Total
11/03/2020,Entertainment,94,Total
12/03/2020,Entertainment,93,Total
13/03/2020,Entertainment,92,Total
14/03/2020,Entertainment,90,Total
15/03/2020,Entertainment,87,Total
16/03/2020,Entertainment,85,Total
17/03/2020,Entertainment,82,Total
18/03/2020,Entertainment,80,Total
19/03/2020,Entertainment,77,Total
20/03/2020,Entertainment,71,Total
21/03/2020,Entertainment,65,Total
22/03/2020,Entertainment,60,Total
23/03/2020,Entertainment,57,Total
24/03/2020,Entertainment,53,Total
25/03/2020,Entertainment,49,Total
26/03/2020,Entertainment,46,Total
27/03/2020,Entertainment,44,Total
28/03/2020,Entertainment,42,Total
29/03/2020,Entertainment,41,Total
30/03/2020,Entertainment,40,Total
31/03/2020,Entertainment,40,Total
01/04/2020,Entertainment,41,Total
02/04/2020,Entertainment,41,Total
03/04/2020,Entertainment,41,Total
04/04/2020,Entertainment,41,Total
05/04/2020,Entertainment,42,Total
06/04/2020,Entertainment,42,Total
07/04/2020,Entertainment,42,Total
08/04/2020,Entertainment,41,Total
09/04/2020,Entertainment,42,Total
10/04/2020,Entertainment,42,Total
11/04/2020,Entertainment,41,Total
12/04/2020,Entertainment,40,Total
13/04/2020,Entertainment,39,Total
14/04/2020,Entertainment,39,Total
15/04/2020,Entertainment,39,Total
16/04/2020,Entertainment,38,Total
17/04/2020,Entertainment,38,Total
18/04/2020,Entertainment,38,Total
19/04/2020,Entertainment,39,Total
20/04/2020,Entertainment,40,Total
21/04/2020,Entertainment,40,Total
22/04/2020,Entertainment,40,Total
23/04/2020,Entertainment,40,Total
24/04/2020,Entertainment,40,Total
25/04/2020,Entertainment,41,Total
26/04/2020,Entertainment,41,Total
27/04/2020,Entertainment,42,Total
28/04/2020,Entertainment,42,Total
29/04/2020,Entertainment,43,Total
30/04/2020,Entertainment,45,Total
01/05/2020,Entertainment,45,Total
02/05/2020,Entertainment,45,Total
03/05/2020,Entertainment,46,Total
04/05/2020,Entertainment,47,Total
05/05/2020,Entertainment,47,Total
06/05/2020,Entertainment,47,Total
07/05/2020,Entertainment,47,Total
08/05/2020,Entertainment,47,Total
09/05/2020,Entertainment,47,Total
10/05/2020,Entertainment,47,Total
11/05/2020,Entertainment,46,Total
12/05/2020,Entertainment,47,Total
13/05/2020,Entertainment,47,Total
14/05/2020,Entertainment,46,Total
15/05/2020,Entertainment,47,Total
16/05/2020,Entertainment,48,Total
17/05/2020,Entertainment,48,Total
18/05/2020,Entertainment,49,Total
19/05/2020,Entertainment,49,Total
20/05/2020,Entertainment,50,Total
21/05/2020,Entertainment,51,Total
22/05/2020,Entertainment,51,Total
23/05/2020,Entertainment,52,Total
24/05/2020,Entertainment,52,Total
25/05/2020,Entertainment,52,Total
26/05/2020,Entertainment,53,Total
27/05/2020,Entertainment,53,Total
28/05/2020,Entertainment,54,Total
29/05/2020,Entertainment,55,Total
30/05/2020,Entertainment,55,Total
31/05/2020,Entertainment,56,Total
01/06/2020,Entertainment,58,Total
02/06/2020,Entertainment,58,Total
03/06/2020,Entertainment,59,Total
04/06/2020,Entertainment,59,Total
05/06/2020,Entertainment,58,Total
06/06/2020,Entertainment,58,Total
07/06/2020,Entertainment,58,Total
08/06/2020,Entertainment,58,Total
09/06/2020,Entertainment,58,Total
10/06/2020,Entertainment,57,Total
11/06/2020,Entertainment,57,Total
12/06/2020,Entertainment,57,Total
13/06/2020,Entertainment,57,Total
14/06/2020,Entertainment,57,Total
15/06/2020,Entertainment,58,Total
16/06/2020,Entertainment,58,Total
17/06/2020,Entertainment,59,Total
18/06/2020,Entertainment,60,Total
19/06/2020,Entertainment,60,Total
20/06/2020,Entertainment,61,Total
21/06/2020,Entertainment,61,Total
22/06/2020,Entertainment,61,Total
23/06/2020,Entertainment,61,Total
24/06/2020,Entertainment,61,Total
25/06/2020,Entertainment,62,Total
26/06/2020,Entertainment,63,Total
27/06/2020,Entertainment,64,Total
28/06/2020,Entertainment,65,Total
29/06/2020,Entertainment,65,Total
30/06/2020,Entertainment,67,Total
01/07/2020,Entertainment,68,Total
02/07/2020,Entertainment,69,Total
03/07/2020,Entertainment,69,Total
04/07/2020,Entertainment,71,Total
05/07/2020,Entertainment,71,Total
06/07/2020,Entertainment,73,Total
07/07/2020,Entertainment,73,Total
08/07/2020,Entertainment,73,Total
09/07/2020,Entertainment,74,Total
10/07/2020,Entertainment,75,Total
11/07/2020,Entertainment,76,Total
12/07/2020,Entertainment,76,Total
13/07/2020,Entertainment,77,Total
14/07/2020,Entertainment,77,Total
15/07/2020,Entertainment,78,Total
16/07/2020,Entertainment,79,Total
17/07/2020,Entertainment,79,Total
18/07/2020,Entertainment,80,Total
19/07/2020,Entertainment,80,Total
20/07/2020,Entertainment,81,Total
21/07/2020,Entertainment,82,Total
22/07/2020,Entertainment,82,Total
23/07/2020,Entertainment,82,Total
24/07/2020,Entertainment,83,Total
25/07/2020,Entertainment,84,Total
26/07/2020,Entertainment,85,Total
27/07/2020,Entertainment,86,Total
28/07/2020,Entertainment,87,Total
29/07/2020,Entertainment,88,Total
30/07/2020,Entertainment,90,Total
31/07/2020,Entertainment,92,Total
01/08/2020,Entertainment,93,Total
02/08/2020,Entertainment,94,Total
03/08/2020,Entertainment,95,Total
04/08/2020,Entertainment,96,Total
05/08/2020,Entertainment,96,Total
06/08/2020,Entertainment,96,Total
07/08/2020,Entertainment,96,Total
08/08/2020,Entertainment,95,Total
09/08/2020,Entertainment,95,Total
10/08/2020,Entertainment,96,Total
11/08/2020,Entertainment,96,Total
12/08/2020,Entertainment,96,Total
13/08/2020,Entertainment,96,Total
14/08/2020,Entertainment,96,Total
15/08/2020,Entertainment,95,Total
16/08/2020,Entertainment,95,Total
17/08/2020,Entertainment,94,Total
18/08/2020,Entertainment,94,Total
19/08/2020,Entertainment,93,Total
20/08/2020,Entertainment,93,Total
21/08/2020,Entertainment,92,Total
22/08/2020,Entertainment,93,Total
23/08/2020,Entertainment,93,Total
24/08/2020,Entertainment,93,Total
25/08/2020,Entertainment,93,Total
26/08/2020,Entertainment,93,Total
27/08/2020,Entertainment,93,Total
28/08/2020,Entertainment,94,Total
29/08/2020,Entertainment,95,Total
30/08/2020,Entertainment,95,Total
31/08/2020,Entertainment,96,Total
01/09/2020,Entertainment,96,Total
02/09/2020,Entertainment,95,Total
03/09/2020,Entertainment,95,Total
04/09/2020,Entertainment,93,Total
05/09/2020,Entertainment,92,Total
06/09/2020,Entertainment,91,Total
07/09/2020,Entertainment,88,Total
08/09/2020,Entertainment,87,Total
09/09/2020,Entertainment,86,Total
10/09/2020,Entertainment,85,Total
11/09/2020,Entertainment,84,Total
12/09/2020,Entertainment,84,Total
13/09/2020,Entertainment,84,Total
14/09/2020,Entertainment,83,Total
15/09/2020,Entertainment,83,Total
16/09/2020,Entertainment,83,Total
17/09/2020,Entertainment,83,Total
18/09/2020,Entertainment,83,Total
19/09/2020,Entertainment,82,Total
20/09/2020,Entertainment,82,Total
21/09/2020,Entertainment,82,Total
22/09/2020,Entertainment,81,Total
23/09/2020,Entertainment,81,Total
24/09/2020,Entertainment,80,Total
25/09/2020,Entertainment,81,Total
26/09/2020,Entertainment,81,Total
27/09/2020,Entertainment,81,Total
28/09/2020,Entertainment,82,Total
29/09/2020,Entertainment,82,Total
30/09/2020,Entertainment,84,Total
01/10/2020,Entertainment,85,Total
02/10/2020,Entertainment,85,Total
03/10/2020,Entertainment,84,Total
04/10/2020,Entertainment,84,Total
05/10/2020,Entertainment,84,Total
06/10/2020,Entertainment,84,Total
07/10/2020,Entertainment,82,Total
08/10/2020,Entertainment,80,Total
09/10/2020,Entertainment,79,Total
10/10/2020,Entertainment,79,Total
11/10/2020,Entertainment,78,Total
12/10/2020,Entertainment,78,Total
13/10/2020,Entertainment,78,Total
14/10/2020,Entertainment,78,Total
15/10/2020,Entertainment,78,Total
16/10/2020,Entertainment,78,Total
17/10/2020,Entertainment,77,Total
18/10/2020,Entertainment,76,Total
19/10/2020,Entertainment,76,Total
20/10/2020,Entertainment,75,Total
21/10/2020,Entertainment,74,Total
22/10/2020,Entertainment,74,Total
23/10/2020,Entertainment,74,Total
24/10/2020,Entertainment,74,Total
25/10/2020,Entertainment,74,Total
26/10/2020,Entertainment,74,Total
27/10/2020,Entertainment,74,Total
28/10/2020,Entertainment,75,Total
29/10/2020,Entertainment,76,Total
30/10/2020,Entertainment,78,Total
31/10/2020,Entertainment,79,Total
01/11/2020,Entertainment,80,Total
02/11/2020,Entertainment,81,Total
03/11/2020,Entertainment,82,Total
04/11/2020,Entertainment,83,Total
05/11/2020,Entertainment,81,Total
06/11/2020,Entertainment,78,Total
07/11/2020,Entertainment,75,Total
08/11/2020,Entertainment,73,Total
09/11/2020,Entertainment,72,Total
10/11/2020,Entertainment,70,Total
11/11/2020,Entertainment,67,Total
12/11/2020,Entertainment,67,Total
13/11/2020,Entertainment,68,Total
14/11/2020,Entertainment,68,Total
15/11/2020,Entertainment,68,Total
16/11/2020,Entertainment,67,Total
17/11/2020,Entertainment,67,Total
18/11/2020,Entertainment,67,Total
19/11/2020,Entertainment,67,Total
20/11/2020,Entertainment,67,Total
21/11/2020,Entertainment,68,Total
22/11/2020,Entertainment,68,Total
23/11/2020,Entertainment,69,Total
24/11/2020,Entertainment,70,Total
25/11/2020,Entertainment,72,Total
26/11/2020,Entertainment,74,Total
27/11/2020,Entertainment,80,Total
28/11/2020,Entertainment,82,Total
29/11/2020,Entertainment,83,Total
30/11/2020,Entertainment,86,Total
01/12/2020,Entertainment,87,Total
02/12/2020,Entertainment,88,Total
03/12/2020,Entertainment,89,Total
04/12/2020,Entertainment,85,Total
05/12/2020,Entertainment,86,Total
06/12/2020,Entertainment,87,Total
07/12/2020,Entertainment,85,Total
08/12/2020,Entertainment,85,Total
09/12/2020,Entertainment,85,Total
10/12/2020,Entertainment,85,Total
11/12/2020,Entertainment,85,Total
12/12/2020,Entertainment,85,Total
13/12/2020,Entertainment,85,Total
14/12/2020,Entertainment,86,Total
15/12/2020,Entertainment,87,Total
16/12/2020,Entertainment,87,Total
17/12/2020,Entertainment,88,Total
18/12/2020,Entertainment,89,Total
19/12/2020,Entertainment,89,Total
20/12/2020,Entertainment,89,Total
21/12/2020,Entertainment,91,Total
22/12/2020,Entertainment,93,Total
23/12/2020,Entertainment,97,Total
24/12/2020,Entertainment,96,Total
25/12/2020,Entertainment,87,Total
26/12/2020,Entertainment,80,Total
27/12/2020,Entertainment,78,Total
28/12/2020,Entertainment,74,Total
29/12/2020,Entertainment,71,Total
30/12/2020,Entertainment,68,Total
31/12/2020,Entertainment,67,Total
01/01/2021,Entertainment,69,Total
02/01/2021,Entertainment,71,Total
03/01/2021,Entertainment,70,Total
04/01/2021,Entertainment,71,Total
05/01/2021,Entertainment,70,Total
06/01/2021,Entertainment,67,Total
07/01/2021,Entertainment,66,Total
08/01/2021,Entertainment,71,Total
09/01/2021,Entertainment,72,Total
10/01/2021,Entertainment,71,Total
11/01/2021,Entertainment,71,Total
12/01/2021,Entertainment,70,Total
13/01/2021,Entertainment,69,Total
14/01/2021,Entertainment,68,Total
15/01/2021,Entertainment,67,Total
16/01/2021,Entertainment,67,Total
17/01/2021,Entertainment,66,Total
18/01/2021,Entertainment,65,Total
19/01/2021,Entertainment,65,Total
20/01/2021,Entertainment,65,Total
21/01/2021,Entertainment,65,Total
22/01/2021,Entertainment,65,Total
23/01/2021,Entertainment,65,Total
24/01/2021,Entertainment,65,Total
25/01/2021,Entertainment,66,Total
26/01/2021,Entertainment,66,Total
27/01/2021,Entertainment,67,Total
28/01/2021,Entertainment,69,Total
29/01/2021,Entertainment,71,Total
30/01/2021,Entertainment,72,Total
31/01/2021,Entertainment,73,Total
01/02/2021,Entertainment,74,Total
02/02/2021,Entertainment,75,Total
03/02/2021,Entertainment,74,Total
04/02/2021,Entertainment,73,Total
05/02/2021,Entertainment,72,Total
06/02/2021,Entertainment,71,Total
07/02/2021,Entertainment,70,Total
08/02/2021,Entertainment,69,Total
09/02/2021,Entertainment,68,Total
10/02/2021,Entertainment,68,Total
11/02/2021,Entertainment,68,Total
12/02/2021,Entertainment,68,Total
13/02/2021,Entertainment,68,Total
14/02/2021,Entertainment,68,Total
15/02/2021,Entertainment,68,Total
16/02/2021,Entertainment,68,Total
17/02/2021,Entertainment,67,Total
18/02/2021,Entertainment,67,Total
19/02/2021,Entertainment,67,Total
20/02/2021,Entertainment,66,Total
21/02/2021,Entertainment,66,Total
22/02/2021,Entertainment,66,Total
23/02/2021,Entertainment,66,Total
24/02/2021,Entertainment,66,Total
25/02/2021,Entertainment,67,Total
26/02/2021,Entertainment,70,Total
27/02/2021,Entertainment,71,Total
28/02/2021,Entertainment,72,Total
01/03/2021,Entertainment,73,Total
02/03/2021,Entertainment,74,Total
03/03/2021,Entertainment,75,Total
04/03/2021,Entertainment,74,Total
05/03/2021,Entertainment,73,Total
06/03/2021,Entertainment,72,Total
07/03/2021,Entertainment,72,Total
08/03/2021,Entertainment,71,Total
09/03/2021,Entertainment,71,Total
10/03/2021,Entertainment,70,Total
11/03/2021,Entertainment,70,Total
12/03/2021,Entertainment,70,Total
13/03/2021,Entertainment,70,Total
14/03/2021,Entertainment,69,Total
15/03/2021,Entertainment,70,Total
16/03/2021,Entertainment,70,Total
17/03/2021,Entertainment,70,Total
18/03/2021,Entertainment,70,Total
19/03/2021,Entertainment,70,Total
20/03/2021,Entertainment,70,Total
21/03/2021,Entertainment,70,Total
22/03/2021,Entertainment,69,Total
23/03/2021,Entertainment,69,Total
24/03/2021,Entertainment,69,Total
25/03/2021,Entertainment,70,Total
26/03/2021,Entertainment,71,Total
27/03/2021,Entertainment,72,Total
28/03/2021,Entertainment,72,Total
29/03/2021,Entertainment,73,Total
30/03/2021,Entertainment,73,Total
31/03/2021,Entertainment,76,Total
01/04/2021,Entertainment,77,Total
02/04/2021,Entertainment,77,Total
03/04/2021,Entertainment,76,Total
04/04/2021,Entertainment,74,Total
05/04/2021,Entertainment,74,Total
06/04/2021,Entertainment,76,Total
07/04/2021,Entertainment,74,Total
08/04/2021,Entertainment,72,Total
09/04/2021,Entertainment,72,Total
10/04/2021,Entertainment,72,Total
11/04/2021,Entertainment,74,Total
12/04/2021,Entertainment,74,Total
13/04/2021,Entertainment,74,Total
14/04/2021,Entertainment,74,Total
15/04/2021,Entertainment,75,Total
16/04/2021,Entertainment,75,Total
17/04/2021,Entertainment,76,Total
18/04/2021,Entertainment,77,Total
19/04/2021,Entertainment,77,Total
20/04/2021,Entertainment,76,Total
21/04/2021,Entertainment,76,Total
22/04/2021,Entertainment,75,Total
23/04/2021,Entertainment,75,Total
24/04/2021,Entertainment,76,Total
25/04/2021,Entertainment,76,Total
26/04/2021,Entertainment,76,Total
27/04/2021,Entertainment,77,Total
28/04/2021,Entertainment,77,Total
29/04/2021,Entertainment,79,Total
30/04/2021,Entertainment,81,Total
01/05/2021,Entertainment,82,Total
02/05/2021,Entertainment,83,Total
03/05/2021,Entertainment,84,Total
04/05/2021,Entertainment,84,Total
05/05/2021,Entertainment,85,Total
06/05/2021,Entertainment,85,Total
07/05/2021,Entertainment,82,Total
08/05/2021,Entertainment,82,Total
09/05/2021,Entertainment,82,Total
10/05/2021,Entertainment,83,Total
11/05/2021,Entertainment,83,Total
12/05/2021,Entertainment,83,Total
13/05/2021,Entertainment,82,Total
14/05/2021,Entertainment,82,Total
15/05/2021,Entertainment,82,Total
16/05/2021,Entertainment,81,Total
17/05/2021,Entertainment,80,Total
18/05/2021,Entertainment,79,Total
19/05/2021,Entertainment,79,Total
20/05/2021,Entertainment,79,Total
21/05/2021,Entertainment,80,Total
22/05/2021,Entertainment,80,Total
23/05/2021,Entertainment,80,Total
24/05/2021,Entertainment,81,Total
25/05/2021,Entertainment,81,Total
26/05/2021,Entertainment,81,Total
27/05/2021,Entertainment,82,Total
28/05/2021,Entertainment,84,Total
29/05/2021,Entertainment,86,Total
30/05/2021,Entertainment,87,Total
31/05/2021,Entertainment,88,Total
01/06/2021,Entertainment,90,Total
02/06/2021,Entertainment,91,Total
03/06/2021,Entertainment,91,Total
04/06/2021,Entertainment,90,Total
05/06/2021,Entertainment,90,Total
06/06/2021,Entertainment,89,Total
07/06/2021,Entertainment,89,Total
08/06/2021,Entertainment,87,Total
09/06/2021,Entertainment,87,Total
10/06/2021,Entertainment,86,Total
11/06/2021,Entertainment,86,Total
12/06/2021,Entertainment,86,Total
13/06/2021,Entertainment,86,Total
14/06/2021,Entertainment,85,Total
15/06/2021,Entertainment,86,Total
16/06/2021,Entertainment,85,Total
17/06/2021,Entertainment,85,Total
18/06/2021,Entertainment,85,Total
19/06/2021,Entertainment,85,Total
20/06/2021,Entertainment,85,Total
21/06/2021,Entertainment,85,Total
22/06/2021,Entertainment,85,Total
23/06/2021,Entertainment,85,Total
24/06/2021,Entertainment,85,Total
25/06/2021,Entertainment,86,Total
26/06/2021,Entertainment,87,Total
27/06/2021,Entertainment,88,Total
28/06/2021,Entertainment,88,Total
29/06/2021,Entertainment,89,Total
30/06/2021,Entertainment,91,Total
01/07/2021,Entertainment,93,Total
02/07/2021,Entertainment,93,Total
03/07/2021,Entertainment,94,Total
04/07/2021,Entertainment,95,Total
05/07/2021,Entertainment,96,Total
06/07/2021,Entertainment,96,Total
07/07/2021,Entertainment,96,Total
08/07/2021,Entertainment,95,Total
09/07/2021,Entertainment,95,Total
10/07/2021,Entertainment,95,Total
11/07/2021,Entertainment,95,Total
12/07/2021,Entertainment,95,Total
13/07/2021,Entertainment,95,Total
14/07/2021,Entertainment,95,Total
15/07/2021,Entertainment,96,Total
16/07/2021,Entertainment,96,Total
17/07/2021,Entertainment,96,Total
18/07/2021,Entertainment,96,Total
19/07/2021,Entertainment,97,Total
20/07/2021,Entertainment,97,Total
21/07/2021,Entertainment,98,Total
22/07/2021,Entertainment,98,Total
23/07/2021,Entertainment,98,Total
24/07/2021,Entertainment,99,Total
25/07/2021,Entertainment,100,Total
26/07/2021,Entertainment,100,Total
27/07/2021,Entertainment,101,Total
28/07/2021,Entertainment,102,Total
29/07/2021,Entertainment,104,Total
30/07/2021,Entertainment,105,Total
31/07/2021,Entertainment,107,Total
01/08/2021,Entertainment,108,Total
02/08/2021,Entertainment,110,Total
03/08/2021,Entertainment,111,Total
04/08/2021,Entertainment,112,Total
05/08/2021,Entertainment,112,Total
06/08/2021,Entertainment,112,Total
07/08/2021,Entertainment,112,Total
08/08/2021,Entertainment,112,Total
09/08/2021,Entertainment,112,Total
10/08/2021,Entertainment,111,Total
11/08/2021,Entertainment,112,Total
12/08/2021,Entertainment,112,Total
13/08/2021,Entertainment,112,Total
14/08/2021,Entertainment,112,Total
15/08/2021,Entertainment,111,Total
16/08/2021,Entertainment,111,Total
17/08/2021,Entertainment,112,Total
18/08/2021,Entertainment,111,Total
19/08/2021,Entertainment,112,Total
20/08/2021,Entertainment,113,Total
21/08/2021,Entertainment,113,Total
22/08/2021,Entertainment,113,Total
23/08/2021,Entertainment,113,Total
24/08/2021,Entertainment,114,Total
25/08/2021,Entertainment,114,Total
26/08/2021,Entertainment,115,Total
27/08/2021,Entertainment,116,Total
28/08/2021,Entertainment,117,Total
29/08/2021,Entertainment,119,Total
30/08/2021,Entertainment,120,Total
31/08/2021,Entertainment,121,Total
01/09/2021,Entertainment,121,Total
02/09/2021,Entertainment,120,Total
03/09/2021,Entertainment,119,Total
04/09/2021,Entertainment,117,Total
05/09/2021,Entertainment,116,Total
06/09/2021,Entertainment,115,Total
07/09/2021,Entertainment,114,Total
08/09/2021,Entertainment,113,Total
09/09/2021,Entertainment,112,Total
10/09/2021,Entertainment,112,Total
11/09/2021,Entertainment,111,Total
12/09/2021,Entertainment,111,Total
13/09/2021,Entertainment,110,Total
14/09/2021,Entertainment,109,Total
15/09/2021,Entertainment,108,Total
16/09/2021,Entertainment,108,Total
17/09/2021,Entertainment,108,Total
18/09/2021,Entertainment,108,Total
19/09/2021,Entertainment,108,Total
20/09/2021,Entertainment,109,Total
21/09/2021,Entertainment,109,Total
22/09/2021,Entertainment,109,Total
23/09/2021,Entertainment,109,Total
24/09/2021,Entertainment,111,Total
25/09/2021,Entertainment,111,Total
26/09/2021,Entertainment,111,Total
27/09/2021,Entertainment,111,Total
28/09/2021,Entertainment,112,Total
29/09/2021,Entertainment,113,Total
30/09/2021,Entertainment,114,Total
01/10/2021,Entertainment,115,Total
02/10/2021,Entertainment,115,Total
03/10/2021,Entertainment,116,Total
04/10/2021,Entertainment,115,Total
05/10/2021,Entertainment,115,Total
06/10/2021,Entertainment,115,Total
07/10/2021,Entertainment,114,Total
08/10/2021,Entertainment,113,Total
09/10/2021,Entertainment,112,Total
10/10/2021,Entertainment,112,Total
11/10/2021,Entertainment,111,Total
12/10/2021,Entertainment,111,Total
13/10/2021,Entertainment,110,Total
14/10/2021,Entertainment,109,Total
15/10/2021,Entertainment,109,Total
16/10/2021,Entertainment,109,Total
17/10/2021,Entertainment,109,Total
18/10/2021,Entertainment,109,Total
19/10/2021,Entertainment,109,Total
20/10/2021,Entertainment,110,Total
21/10/2021,Entertainment,111,Total
22/10/2021,Entertainment,111,Total
23/10/2021,Entertainment,112,Total
24/10/2021,Entertainment,112,Total
25/10/2021,Entertainment,114,Total
26/10/2021,Entertainment,116,Total
27/10/2021,Entertainment,118,Total
28/10/2021,Entertainment,120,Total
29/10/2021,Entertainment,123,Total
30/10/2021,Entertainment,124,Total
31/10/2021,Entertainment,125,Total
01/11/2021,Entertainment,125,Total
02/11/2021,Entertainment,124,Total
03/11/2021,Entertainment,122,Total
04/11/2021,Entertainment,120,Total
05/11/2021,Entertainment,118,Total
06/11/2021,Entertainment,116,Total
07/11/2021,Entertainment,115,Total
08/11/2021,Entertainment,115,Total
09/11/2021,Entertainment,114,Total
10/11/2021,Entertainment,114,Total
11/11/2021,Entertainment,115,Total
12/11/2021,Entertainment,115,Total
13/11/2021,Entertainment,116,Total
14/11/2021,Entertainment,115,Total
15/11/2021,Entertainment,115,Total
16/11/2021,Entertainment,115,Total
17/11/2021,Entertainment,114,Total
18/11/2021,Entertainment,115,Total
19/11/2021,Entertainment,115,Total
20/11/2021,Entertainment,115,Total
21/11/2021,Entertainment,115,Total
22/11/2021,Entertainment,116,Total
23/11/2021,Entertainment,116,Total
24/11/2021,Entertainment,117,Total
25/11/2021,Entertainment,119,Total
26/11/2021,Entertainment,123,Total
27/11/2021,Entertainment,125,Total
28/11/2021,Entertainment,127,Total
29/11/2021,Entertainment,130,Total
30/11/2021,Entertainment,132,Total
01/12/2021,Entertainment,132,Total
02/12/2021,Entertainment,130,Total
03/12/2021,Entertainment,126,Total
04/12/2021,Entertainment,127,Total
05/12/2021,Entertainment,126,Total
06/12/2021,Entertainment,124,Total
07/12/2021,Entertainment,122,Total
08/12/2021,Entertainment,120,Total
09/12/2021,Entertainment,119,Total
10/12/2021,Entertainment,118,Total
11/12/2021,Entertainment,114,Total
12/12/2021,Entertainment,113,Total
13/12/2021,Entertainment,112,Total
14/12/2021,Entertainment,113,Total
15/12/2021,Entertainment,114,Total
16/12/2021,Entertainment,115,Total
17/12/2021,Entertainment,116,Total
18/12/2021,Entertainment,116,Total
19/12/2021,Entertainment,117,Total
20/12/2021,Entertainment,120,Total
21/12/2021,Entertainment,123,Total
22/12/2021,Entertainment,126,Total
23/12/2021,Entertainment,132,Total
24/12/2021,Entertainment,132,Total
25/12/2021,Entertainment,121,Total
26/12/2021,Entertainment,119,Total
27/12/2021,Entertainment,117,Total
28/12/2021,Entertainment,115,Total
29/12/2021,Entertainment,112,Total
30/12/2021,Entertainment,108,Total
31/12/2021,Entertainment,107,Total
01/01/2022,Entertainment,111,Total
02/01/2022,Entertainment,113,Total
03/01/2022,Entertainment,112,Total
04/01/2022,Entertainment,112,Total
05/01/2022,Entertainment,110,Total
06/01/2022,Entertainment,107,Total
07/01/2022,Entertainment,106,Total
08/01/2022,Entertainment,110,Total
09/01/2022,Entertainment,109,Total
10/01/2022,Entertainment,108,Total
11/01/2022,Entertainment,106,Total
12/01/2022,Entertainment,104,Total
13/01/2022,Entertainment,103,Total
14/01/2022,Entertainment,103,Total
15/01/2022,Entertainment,102,Total
16/01/2022,Entertainment,102,Total
17/01/2022,Entertainment,101,Total
18/01/2022,Entertainment,101,Total
19/01/2022,Entertainment,101,Total
20/01/2022,Entertainment,101,Total
21/01/2022,Entertainment,103,Total
22/01/2022,Entertainment,105,Total
23/01/2022,Entertainment,107,Total
24/01/2022,Entertainment,108,Total
25/01/2022,Entertainment,110,Total
26/01/2022,Entertainment,111,Total
27/01/2022,Entertainment,112,Total
28/01/2022,Entertainment,112,Total
29/01/2022,Entertainment,112,Total
30/01/2022,Entertainment,113,Total
31/01/2022,Entertainment,114,Total
01/02/2022,Entertainment,115,Total
02/02/2022,Entertainment,115,Total
03/02/2022,Entertainment,114,Total
04/02/2022,Entertainment,114,Total
05/02/2022,Entertainment,113,Total
06/02/2022,Entertainment,113,Total
07/02/2022,Entertainment,112,Total
08/02/2022,Entertainment,110,Total
09/02/2022,Entertainment,109,Total
10/02/2022,Entertainment,110,Total
11/02/2022,Entertainment,110,Total
12/02/2022,Entertainment,111,Total
13/02/2022,Entertainment,112,Total
14/02/2022,Entertainment,113,Total
15/02/2022,Entertainment,114,Total
16/02/2022,Entertainment,115,Total
17/02/2022,Entertainment,115,Total
18/02/2022,Entertainment,115,Total
19/02/2022,Entertainment,115,Total
20/02/2022,Entertainment,114,Total
21/02/2022,Entertainment,113,Total
22/02/2022,Entertainment,112,Total
23/02/2022,Entertainment,112,Total
24/02/2022,Entertainment,113,Total
25/02/2022,Entertainment,114,Total
26/02/2022,Entertainment,114,Total
27/02/2022,Entertainment,114,Total
28/02/2022,Entertainment,117,Total
01/03/2022,Entertainment,118,Total
02/03/2022,Entertainment,119,Total
03/03/2022,Entertainment,118,Total
04/03/2022,Entertainment,118,Total
05/03/2022,Entertainment,118,Total
06/03/2022,Entertainment,118,Total
07/03/2022,Entertainment,117,Total
08/03/2022,Entertainment,115,Total
09/03/2022,Entertainment,115,Total
10/03/2022,Entertainment,114,Total
11/03/2022,Entertainment,114,Total
12/03/2022,Entertainment,113,Total
13/03/2022,Entertainment,113,Total
14/03/2022,Entertainment,112,Total
15/03/2022,Entertainment,112,Total
16/03/2022,Entertainment,112,Total
17/03/2022,Entertainment,112,Total
18/03/2022,Entertainment,112,Total
19/03/2022,Entertainment,112,Total
20/03/2022,Entertainment,113,Total
21/03/2022,Entertainment,112,Total
22/03/2022,Entertainment,113,Total
23/03/2022,Entertainment,113,Total
24/03/2022,Entertainment,114,Total
25/03/2022,Entertainment,115,Total
26/03/2022,Entertainment,116,Total
27/03/2022,Entertainment,117,Total
28/03/2022,Entertainment,120,Total
29/03/2022,Entertainment,121,Total
30/03/2022,Entertainment,123,Total
31/03/2022,Entertainment,125,Total
01/04/2022,Entertainment,126,Total
02/04/2022,Entertainment,127,Total
03/04/2022,Entertainment,129,Total
04/04/2022,Entertainment,131,Total
05/04/2022,Entertainment,132,Total
06/04/2022,Entertainment,133,Total
07/04/2022,Entertainment,133,Total
08/04/2022,Entertainment,132,Total
09/04/2022,Entertainment,132,Total
10/04/2022,Entertainment,131,Total
11/04/2022,Entertainment,129,Total
12/04/2022,Entertainment,129,Total
13/04/2022,Entertainment,129,Total
14/04/2022,Entertainment,131,Total
15/04/2022,Entertainment,131,Total
16/04/2022,Entertainment,129,Total
17/04/2022,Entertainment,127,Total
18/04/2022,Entertainment,125,Total
19/04/2022,Entertainment,125,Total
20/04/2022,Entertainment,123,Total
21/04/2022,Entertainment,121,Total
22/04/2022,Entertainment,120,Total
23/04/2022,Entertainment,119,Total
24/04/2022,Entertainment,119,Total
25/04/2022,Entertainment,119,Total
26/04/2022,Entertainment,119,Total
27/04/2022,Entertainment,119,Total
28/04/2022,Entertainment,120,Total
29/04/2022,Entertainment,122,Total
30/04/2022,Entertainment,125,Total
01/05/2022,Entertainment,128,Total
02/05/2022,Entertainment,129,Total
03/05/2022,Entertainment,129,Total
04/05/2022,Entertainment,129,Total
05/05/2022,Entertainment,128,Total
06/05/2022,Entertainment,127,Total
07/05/2022,Entertainment,125,Total
08/05/2022,Entertainment,123,Total
09/05/2022,Entertainment,123,Total
10/05/2022,Entertainment,123,Total
11/05/2022,Entertainment,124,Total
12/05/2022,Entertainment,125,Total
13/05/2022,Entertainment,124,Total
14/05/2022,Entertainment,124,Total
15/05/2022,Entertainment,124,Total
16/05/2022,Entertainment,123,Total
17/05/2022,Entertainment,122,Total
18/05/2022,Entertainment,120,Total
19/05/2022,Entertainment,118,Total
20/05/2022,Entertainment,118,Total
21/05/2022,Entertainment,118,Total
22/05/2022,Entertainment,118,Total
23/05/2022,Entertainment,118,Total
24/05/2022,Entertainment,118,Total
25/05/2022,Entertainment,119,Total
26/05/2022,Entertainment,120,Total
27/05/2022,Entertainment,122,Total
28/05/2022,Entertainment,124,Total
29/05/2022,Entertainment,126,Total
30/05/2022,Entertainment,129,Total
31/05/2022,Entertainment,132,Total
01/06/2022,Entertainment,137,Total
02/06/2022,Entertainment,140,Total
03/06/2022,Entertainment,140,Total
04/06/2022,Entertainment,140,Total
05/06/2022,Entertainment,139,Total
06/06/2022,Entertainment,137,Total
07/06/2022,Entertainment,135,Total
08/06/2022,Entertainment,131,Total
09/06/2022,Entertainment,127,Total
10/06/2022,Entertainment,126,Total
11/06/2022,Entertainment,126,Total
12/06/2022,Entertainment,125,Total
13/06/2022,Entertainment,126,Total
14/06/2022,Entertainment,126,Total
15/06/2022,Entertainment,126,Total
16/06/2022,Entertainment,126,Total
17/06/2022,Entertainment,125,Total
18/06/2022,Entertainment,125,Total
19/06/2022,Entertainment,125,Total
20/06/2022,Entertainment,124,Total
21/06/2022,Entertainment,123,Total
22/06/2022,Entertainment,121,Total
23/06/2022,Entertainment,121,Total
24/06/2022,Entertainment,121,Total
25/06/2022,Entertainment,120,Total
26/06/2022,Entertainment,120,Total
27/06/2022,Entertainment,121,Total
28/06/2022,Entertainment,123,Total
29/06/2022,Entertainment,124,Total
30/06/2022,Entertainment,127,Total
01/07/2022,Entertainment,128,Total
02/07/2022,Entertainment,129,Total
03/07/2022,Entertainment,130,Total
01/01/2020,Automotive Fuel,114,Total
02/01/2020,Automotive Fuel,117,Total
03/01/2020,Automotive Fuel,117,Total
04/01/2020,Automotive Fuel,116,Total
05/01/2020,Automotive Fuel,113,Total
06/01/2020,Automotive Fuel,108,Total
07/01/2020,Automotive Fuel,103,Total
08/01/2020,Automotive Fuel,103,Total
09/01/2020,Automotive Fuel,99,Total
10/01/2020,Automotive Fuel,95,Total
11/01/2020,Automotive Fuel,93,Total
12/01/2020,Automotive Fuel,92,Total
13/01/2020,Automotive Fuel,91,Total
14/01/2020,Automotive Fuel,90,Total
15/01/2020,Automotive Fuel,89,Total
16/01/2020,Automotive Fuel,89,Total
17/01/2020,Automotive Fuel,89,Total
18/01/2020,Automotive Fuel,90,Total
19/01/2020,Automotive Fuel,90,Total
20/01/2020,Automotive Fuel,90,Total
21/01/2020,Automotive Fuel,91,Total
22/01/2020,Automotive Fuel,92,Total
23/01/2020,Automotive Fuel,91,Total
24/01/2020,Automotive Fuel,92,Total
25/01/2020,Automotive Fuel,92,Total
26/01/2020,Automotive Fuel,93,Total
27/01/2020,Automotive Fuel,93,Total
28/01/2020,Automotive Fuel,93,Total
29/01/2020,Automotive Fuel,93,Total
30/01/2020,Automotive Fuel,94,Total
31/01/2020,Automotive Fuel,96,Total
01/02/2020,Automotive Fuel,97,Total
02/02/2020,Automotive Fuel,99,Total
03/02/2020,Automotive Fuel,100,Total
04/02/2020,Automotive Fuel,100,Total
05/02/2020,Automotive Fuel,99,Total
06/02/2020,Automotive Fuel,99,Total
07/02/2020,Automotive Fuel,97,Total
08/02/2020,Automotive Fuel,97,Total
09/02/2020,Automotive Fuel,96,Total
10/02/2020,Automotive Fuel,95,Total
11/02/2020,Automotive Fuel,95,Total
12/02/2020,Automotive Fuel,95,Total
13/02/2020,Automotive Fuel,94,Total
14/02/2020,Automotive Fuel,95,Total
15/02/2020,Automotive Fuel,95,Total
16/02/2020,Automotive Fuel,98,Total
17/02/2020,Automotive Fuel,99,Total
18/02/2020,Automotive Fuel,101,Total
19/02/2020,Automotive Fuel,103,Total
20/02/2020,Automotive Fuel,105,Total
21/02/2020,Automotive Fuel,107,Total
22/02/2020,Automotive Fuel,108,Total
23/02/2020,Automotive Fuel,106,Total
24/02/2020,Automotive Fuel,104,Total
25/02/2020,Automotive Fuel,102,Total
26/02/2020,Automotive Fuel,101,Total
27/02/2020,Automotive Fuel,99,Total
28/02/2020,Automotive Fuel,98,Total
29/02/2020,Automotive Fuel,97,Total
01/03/2020,Automotive Fuel,97,Total
02/03/2020,Automotive Fuel,98,Total
03/03/2020,Automotive Fuel,98,Total
04/03/2020,Automotive Fuel,99,Total
05/03/2020,Automotive Fuel,99,Total
06/03/2020,Automotive Fuel,98,Total
07/03/2020,Automotive Fuel,97,Total
08/03/2020,Automotive Fuel,96,Total
09/03/2020,Automotive Fuel,95,Total
10/03/2020,Automotive Fuel,95,Total
11/03/2020,Automotive Fuel,94,Total
12/03/2020,Automotive Fuel,93,Total
13/03/2020,Automotive Fuel,92,Total
14/03/2020,Automotive Fuel,90,Total
15/03/2020,Automotive Fuel,87,Total
16/03/2020,Automotive Fuel,85,Total
17/03/2020,Automotive Fuel,82,Total
18/03/2020,Automotive Fuel,80,Total
19/03/2020,Automotive Fuel,77,Total
20/03/2020,Automotive Fuel,71,Total
21/03/2020,Automotive Fuel,65,Total
22/03/2020,Automotive Fuel,60,Total
23/03/2020,Automotive Fuel,57,Total
24/03/2020,Automotive Fuel,53,Total
25/03/2020,Automotive Fuel,49,Total
26/03/2020,Automotive Fuel,46,Total
27/03/2020,Automotive Fuel,44,Total
28/03/2020,Automotive Fuel,42,Total
29/03/2020,Automotive Fuel,41,Total
30/03/2020,Automotive Fuel,40,Total
31/03/2020,Automotive Fuel,40,Total
01/04/2020,Automotive Fuel,41,Total
02/04/2020,Automotive Fuel,41,Total
03/04/2020,Automotive Fuel,41,Total
04/04/2020,Automotive Fuel,41,Total
05/04/2020,Automotive Fuel,42,Total
06/04/2020,Automotive Fuel,42,Total
07/04/2020,Automotive Fuel,42,Total
08/04/2020,Automotive Fuel,41,Total
09/04/2020,Automotive Fuel,42,Total
10/04/2020,Automotive Fuel,42,Total
11/04/2020,Automotive Fuel,41,Total
12/04/2020,Automotive Fuel,40,Total
13/04/2020,Automotive Fuel,39,Total
14/04/2020,Automotive Fuel,39,Total
15/04/2020,Automotive Fuel,39,Total
16/04/2020,Automotive Fuel,38,Total
17/04/2020,Automotive Fuel,38,Total
18/04/2020,Automotive Fuel,38,Total
19/04/2020,Automotive Fuel,39,Total
20/04/2020,Automotive Fuel,40,Total
21/04/2020,Automotive Fuel,40,Total
22/04/2020,Automotive Fuel,40,Total
23/04/2020,Automotive Fuel,40,Total
24/04/2020,Automotive Fuel,40,Total
25/04/2020,Automotive Fuel,41,Total
26/04/2020,Automotive Fuel,41,Total
27/04/2020,Automotive Fuel,42,Total
28/04/2020,Automotive Fuel,42,Total
29/04/2020,Automotive Fuel,43,Total
30/04/2020,Automotive Fuel,45,Total
01/05/2020,Automotive Fuel,45,Total
02/05/2020,Automotive Fuel,45,Total
03/05/2020,Automotive Fuel,46,Total
04/05/2020,Automotive Fuel,47,Total
05/05/2020,Automotive Fuel,47,Total
06/05/2020,Automotive Fuel,47,Total
07/05/2020,Automotive Fuel,47,Total
08/05/2020,Automotive Fuel,47,Total
09/05/2020,Automotive Fuel,47,Total
10/05/2020,Automotive Fuel,47,Total
11/05/2020,Automotive Fuel,46,Total
12/05/2020,Automotive Fuel,47,Total
13/05/2020,Automotive Fuel,47,Total
14/05/2020,Automotive Fuel,46,Total
15/05/2020,Automotive Fuel,47,Total
16/05/2020,Automotive Fuel,48,Total
17/05/2020,Automotive Fuel,48,Total
18/05/2020,Automotive Fuel,49,Total
19/05/2020,Automotive Fuel,49,Total
20/05/2020,Automotive Fuel,50,Total
21/05/2020,Automotive Fuel,51,Total
22/05/2020,Automotive Fuel,51,Total
23/05/2020,Automotive Fuel,52,Total
24/05/2020,Automotive Fuel,52,Total
25/05/2020,Automotive Fuel,52,Total
26/05/2020,Automotive Fuel,53,Total
27/05/2020,Automotive Fuel,53,Total
28/05/2020,Automotive Fuel,54,Total
29/05/2020,Automotive Fuel,55,Total
30/05/2020,Automotive Fuel,55,Total
31/05/2020,Automotive Fuel,56,Total
01/06/2020,Automotive Fuel,58,Total
02/06/2020,Automotive Fuel,58,Total
03/06/2020,Automotive Fuel,59,Total
04/06/2020,Automotive Fuel,59,Total
05/06/2020,Automotive Fuel,58,Total
06/06/2020,Automotive Fuel,58,Total
07/06/2020,Automotive Fuel,58,Total
08/06/2020,Automotive Fuel,58,Total
09/06/2020,Automotive Fuel,58,Total
10/06/2020,Automotive Fuel,57,Total
11/06/2020,Automotive Fuel,57,Total
12/06/2020,Automotive Fuel,57,Total
13/06/2020,Automotive Fuel,57,Total
14/06/2020,Automotive Fuel,57,Total
15/06/2020,Automotive Fuel,58,Total
16/06/2020,Automotive Fuel,58,Total
17/06/2020,Automotive Fuel,59,Total
18/06/2020,Automotive Fuel,60,Total
19/06/2020,Automotive Fuel,60,Total
20/06/2020,Automotive Fuel,61,Total
21/06/2020,Automotive Fuel,61,Total
22/06/2020,Automotive Fuel,61,Total
23/06/2020,Automotive Fuel,61,Total
24/06/2020,Automotive Fuel,61,Total
25/06/2020,Automotive Fuel,62,Total
26/06/2020,Automotive Fuel,63,Total
27/06/2020,Automotive Fuel,64,Total
28/06/2020,Automotive Fuel,65,Total
29/06/2020,Automotive Fuel,65,Total
30/06/2020,Automotive Fuel,67,Total
01/07/2020,Automotive Fuel,68,Total
02/07/2020,Automotive Fuel,69,Total
03/07/2020,Automotive Fuel,69,Total
04/07/2020,Automotive Fuel,71,Total
05/07/2020,Automotive Fuel,71,Total
06/07/2020,Automotive Fuel,73,Total
07/07/2020,Automotive Fuel,73,Total
08/07/2020,Automotive Fuel,73,Total
09/07/2020,Automotive Fuel,74,Total
10/07/2020,Automotive Fuel,75,Total
11/07/2020,Automotive Fuel,76,Total
12/07/2020,Automotive Fuel,76,Total
13/07/2020,Automotive Fuel,77,Total
14/07/2020,Automotive Fuel,77,Total
15/07/2020,Automotive Fuel,78,Total
16/07/2020,Automotive Fuel,79,Total
17/07/2020,Automotive Fuel,79,Total
18/07/2020,Automotive Fuel,80,Total
19/07/2020,Automotive Fuel,80,Total
20/07/2020,Automotive Fuel,81,Total
21/07/2020,Automotive Fuel,82,Total
22/07/2020,Automotive Fuel,82,Total
23/07/2020,Automotive Fuel,82,Total
24/07/2020,Automotive Fuel,83,Total
25/07/2020,Automotive Fuel,84,Total
26/07/2020,Automotive Fuel,85,Total
27/07/2020,Automotive Fuel,86,Total
28/07/2020,Automotive Fuel,87,Total
29/07/2020,Automotive Fuel,88,Total
30/07/2020,Automotive Fuel,90,Total
31/07/2020,Automotive Fuel,92,Total
01/08/2020,Automotive Fuel,93,Total
02/08/2020,Automotive Fuel,94,Total
03/08/2020,Automotive Fuel,95,Total
04/08/2020,Automotive Fuel,96,Total
05/08/2020,Automotive Fuel,96,Total
06/08/2020,Automotive Fuel,96,Total
07/08/2020,Automotive Fuel,96,Total
08/08/2020,Automotive Fuel,95,Total
09/08/2020,Automotive Fuel,95,Total
10/08/2020,Automotive Fuel,96,Total
11/08/2020,Automotive Fuel,96,Total
12/08/2020,Automotive Fuel,96,Total
13/08/2020,Automotive Fuel,96,Total
14/08/2020,Automotive Fuel,96,Total
15/08/2020,Automotive Fuel,95,Total
16/08/2020,Automotive Fuel,95,Total
17/08/2020,Automotive Fuel,94,Total
18/08/2020,Automotive Fuel,94,Total
19/08/2020,Automotive Fuel,93,Total
20/08/2020,Automotive Fuel,93,Total
21/08/2020,Automotive Fuel,92,Total
22/08/2020,Automotive Fuel,93,Total
23/08/2020,Automotive Fuel,93,Total
24/08/2020,Automotive Fuel,93,Total
25/08/2020,Automotive Fuel,93,Total
26/08/2020,Automotive Fuel,93,Total
27/08/2020,Automotive Fuel,93,Total
28/08/2020,Automotive Fuel,94,Total
29/08/2020,Automotive Fuel,95,Total
30/08/2020,Automotive Fuel,95,Total
31/08/2020,Automotive Fuel,96,Total
01/09/2020,Automotive Fuel,96,Total
02/09/2020,Automotive Fuel,95,Total
03/09/2020,Automotive Fuel,95,Total
04/09/2020,Automotive Fuel,93,Total
05/09/2020,Automotive Fuel,92,Total
06/09/2020,Automotive Fuel,91,Total
07/09/2020,Automotive Fuel,88,Total
08/09/2020,Automotive Fuel,87,Total
09/09/2020,Automotive Fuel,86,Total
10/09/2020,Automotive Fuel,85,Total
11/09/2020,Automotive Fuel,84,Total
12/09/2020,Automotive Fuel,84,Total
13/09/2020,Automotive Fuel,84,Total
14/09/2020,Automotive Fuel,83,Total
15/09/2020,Automotive Fuel,83,Total
16/09/2020,Automotive Fuel,83,Total
17/09/2020,Automotive Fuel,83,Total
18/09/2020,Automotive Fuel,83,Total
19/09/2020,Automotive Fuel,82,Total
20/09/2020,Automotive Fuel,82,Total
21/09/2020,Automotive Fuel,82,Total
22/09/2020,Automotive Fuel,81,Total
23/09/2020,Automotive Fuel,81,Total
24/09/2020,Automotive Fuel,80,Total
25/09/2020,Automotive Fuel,81,Total
26/09/2020,Automotive Fuel,81,Total
27/09/2020,Automotive Fuel,81,Total
28/09/2020,Automotive Fuel,82,Total
29/09/2020,Automotive Fuel,82,Total
30/09/2020,Automotive Fuel,84,Total
01/10/2020,Automotive Fuel,85,Total
02/10/2020,Automotive Fuel,85,Total
03/10/2020,Automotive Fuel,84,Total
04/10/2020,Automotive Fuel,84,Total
05/10/2020,Automotive Fuel,84,Total
06/10/2020,Automotive Fuel,84,Total
07/10/2020,Automotive Fuel,82,Total
08/10/2020,Automotive Fuel,80,Total
09/10/2020,Automotive Fuel,79,Total
10/10/2020,Automotive Fuel,79,Total
11/10/2020,Automotive Fuel,78,Total
12/10/2020,Automotive Fuel,78,Total
13/10/2020,Automotive Fuel,78,Total
14/10/2020,Automotive Fuel,78,Total
15/10/2020,Automotive Fuel,78,Total
16/10/2020,Automotive Fuel,78,Total
17/10/2020,Automotive Fuel,77,Total
18/10/2020,Automotive Fuel,76,Total
19/10/2020,Automotive Fuel,76,Total
20/10/2020,Automotive Fuel,75,Total
21/10/2020,Automotive Fuel,74,Total
22/10/2020,Automotive Fuel,74,Total
23/10/2020,Automotive Fuel,74,Total
24/10/2020,Automotive Fuel,74,Total
25/10/2020,Automotive Fuel,74,Total
26/10/2020,Automotive Fuel,74,Total
27/10/2020,Automotive Fuel,74,Total
28/10/2020,Automotive Fuel,75,Total
29/10/2020,Automotive Fuel,76,Total
30/10/2020,Automotive Fuel,78,Total
31/10/2020,Automotive Fuel,79,Total
01/11/2020,Automotive Fuel,80,Total
02/11/2020,Automotive Fuel,81,Total
03/11/2020,Automotive Fuel,82,Total
04/11/2020,Automotive Fuel,83,Total
05/11/2020,Automotive Fuel,81,Total
06/11/2020,Automotive Fuel,78,Total
07/11/2020,Automotive Fuel,75,Total
08/11/2020,Automotive Fuel,73,Total
09/11/2020,Automotive Fuel,72,Total
10/11/2020,Automotive Fuel,70,Total
11/11/2020,Automotive Fuel,67,Total
12/11/2020,Automotive Fuel,67,Total
13/11/2020,Automotive Fuel,68,Total
14/11/2020,Automotive Fuel,68,Total
15/11/2020,Automotive Fuel,68,Total
16/11/2020,Automotive Fuel,67,Total
17/11/2020,Automotive Fuel,67,Total
18/11/2020,Automotive Fuel,67,Total
19/11/2020,Automotive Fuel,67,Total
20/11/2020,Automotive Fuel,67,Total
21/11/2020,Automotive Fuel,68,Total
22/11/2020,Automotive Fuel,68,Total
23/11/2020,Automotive Fuel,69,Total
24/11/2020,Automotive Fuel,70,Total
25/11/2020,Automotive Fuel,72,Total
26/11/2020,Automotive Fuel,74,Total
27/11/2020,Automotive Fuel,80,Total
28/11/2020,Automotive Fuel,82,Total
29/11/2020,Automotive Fuel,83,Total
30/11/2020,Automotive Fuel,86,Total
01/12/2020,Automotive Fuel,87,Total
02/12/2020,Automotive Fuel,88,Total
03/12/2020,Automotive Fuel,89,Total
04/12/2020,Automotive Fuel,85,Total
05/12/2020,Automotive Fuel,86,Total
06/12/2020,Automotive Fuel,87,Total
07/12/2020,Automotive Fuel,85,Total
08/12/2020,Automotive Fuel,85,Total
09/12/2020,Automotive Fuel,85,Total
10/12/2020,Automotive Fuel,85,Total
11/12/2020,Automotive Fuel,85,Total
12/12/2020,Automotive Fuel,85,Total
13/12/2020,Automotive Fuel,85,Total
14/12/2020,Automotive Fuel,86,Total
15/12/2020,Automotive Fuel,87,Total
16/12/2020,Automotive Fuel,87,Total
17/12/2020,Automotive Fuel,88,Total
18/12/2020,Automotive Fuel,89,Total
19/12/2020,Automotive Fuel,89,Total
20/12/2020,Automotive Fuel,89,Total
21/12/2020,Automotive Fuel,91,Total
22/12/2020,Automotive Fuel,93,Total
23/12/2020,Automotive Fuel,97,Total
24/12/2020,Automotive Fuel,96,Total
25/12/2020,Automotive Fuel,87,Total
26/12/2020,Automotive Fuel,80,Total
27/12/2020,Automotive Fuel,78,Total
28/12/2020,Automotive Fuel,74,Total
29/12/2020,Automotive Fuel,71,Total
30/12/2020,Automotive Fuel,68,Total
31/12/2020,Automotive Fuel,67,Total
01/01/2021,Automotive Fuel,69,Total
02/01/2021,Automotive Fuel,71,Total
03/01/2021,Automotive Fuel,70,Total
04/01/2021,Automotive Fuel,71,Total
05/01/2021,Automotive Fuel,70,Total
06/01/2021,Automotive Fuel,67,Total
07/01/2021,Automotive Fuel,66,Total
08/01/2021,Automotive Fuel,71,Total
09/01/2021,Automotive Fuel,72,Total
10/01/2021,Automotive Fuel,71,Total
11/01/2021,Automotive Fuel,71,Total
12/01/2021,Automotive Fuel,70,Total
13/01/2021,Automotive Fuel,69,Total
14/01/2021,Automotive Fuel,68,Total
15/01/2021,Automotive Fuel,67,Total
16/01/2021,Automotive Fuel,67,Total
17/01/2021,Automotive Fuel,66,Total
18/01/2021,Automotive Fuel,65,Total
19/01/2021,Automotive Fuel,65,Total
20/01/2021,Automotive Fuel,65,Total
21/01/2021,Automotive Fuel,65,Total
22/01/2021,Automotive Fuel,65,Total
23/01/2021,Automotive Fuel,65,Total
24/01/2021,Automotive Fuel,65,Total
25/01/2021,Automotive Fuel,66,Total
26/01/2021,Automotive Fuel,66,Total
27/01/2021,Automotive Fuel,67,Total
28/01/2021,Automotive Fuel,69,Total
29/01/2021,Automotive Fuel,71,Total
30/01/2021,Automotive Fuel,72,Total
31/01/2021,Automotive Fuel,73,Total
01/02/2021,Automotive Fuel,74,Total
02/02/2021,Automotive Fuel,75,Total
03/02/2021,Automotive Fuel,74,Total
04/02/2021,Automotive Fuel,73,Total
05/02/2021,Automotive Fuel,72,Total
06/02/2021,Automotive Fuel,71,Total
07/02/2021,Automotive Fuel,70,Total
08/02/2021,Automotive Fuel,69,Total
09/02/2021,Automotive Fuel,68,Total
10/02/2021,Automotive Fuel,68,Total
11/02/2021,Automotive Fuel,68,Total
12/02/2021,Automotive Fuel,68,Total
13/02/2021,Automotive Fuel,68,Total
14/02/2021,Automotive Fuel,68,Total
15/02/2021,Automotive Fuel,68,Total
16/02/2021,Automotive Fuel,68,Total
17/02/2021,Automotive Fuel,67,Total
18/02/2021,Automotive Fuel,67,Total
19/02/2021,Automotive Fuel,67,Total
20/02/2021,Automotive Fuel,66,Total
21/02/2021,Automotive Fuel,66,Total
22/02/2021,Automotive Fuel,66,Total
23/02/2021,Automotive Fuel,66,Total
24/02/2021,Automotive Fuel,66,Total
25/02/2021,Automotive Fuel,67,Total
26/02/2021,Automotive Fuel,70,Total
27/02/2021,Automotive Fuel,71,Total
28/02/2021,Automotive Fuel,72,Total
01/03/2021,Automotive Fuel,73,Total
02/03/2021,Automotive Fuel,74,Total
03/03/2021,Automotive Fuel,75,Total
04/03/2021,Automotive Fuel,74,Total
05/03/2021,Automotive Fuel,73,Total
06/03/2021,Automotive Fuel,72,Total
07/03/2021,Automotive Fuel,72,Total
08/03/2021,Automotive Fuel,71,Total
09/03/2021,Automotive Fuel,71,Total
10/03/2021,Automotive Fuel,70,Total
11/03/2021,Automotive Fuel,70,Total
12/03/2021,Automotive Fuel,70,Total
13/03/2021,Automotive Fuel,70,Total
14/03/2021,Automotive Fuel,69,Total
15/03/2021,Automotive Fuel,70,Total
16/03/2021,Automotive Fuel,70,Total
17/03/2021,Automotive Fuel,70,Total
18/03/2021,Automotive Fuel,70,Total
19/03/2021,Automotive Fuel,70,Total
20/03/2021,Automotive Fuel,70,Total
21/03/2021,Automotive Fuel,70,Total
22/03/2021,Automotive Fuel,69,Total
23/03/2021,Automotive Fuel,69,Total
24/03/2021,Automotive Fuel,69,Total
25/03/2021,Automotive Fuel,70,Total
26/03/2021,Automotive Fuel,71,Total
27/03/2021,Automotive Fuel,72,Total
28/03/2021,Automotive Fuel,72,Total
29/03/2021,Automotive Fuel,73,Total
30/03/2021,Automotive Fuel,73,Total
31/03/2021,Automotive Fuel,76,Total
01/04/2021,Automotive Fuel,77,Total
02/04/2021,Automotive Fuel,77,Total
03/04/2021,Automotive Fuel,76,Total
04/04/2021,Automotive Fuel,74,Total
05/04/2021,Automotive Fuel,74,Total
06/04/2021,Automotive Fuel,76,Total
07/04/2021,Automotive Fuel,74,Total
08/04/2021,Automotive Fuel,72,Total
09/04/2021,Automotive Fuel,72,Total
10/04/2021,Automotive Fuel,72,Total
11/04/2021,Automotive Fuel,74,Total
12/04/2021,Automotive Fuel,74,Total
13/04/2021,Automotive Fuel,74,Total
14/04/2021,Automotive Fuel,74,Total
15/04/2021,Automotive Fuel,75,Total
16/04/2021,Automotive Fuel,75,Total
17/04/2021,Automotive Fuel,76,Total
18/04/2021,Automotive Fuel,77,Total
19/04/2021,Automotive Fuel,77,Total
20/04/2021,Automotive Fuel,76,Total
21/04/2021,Automotive Fuel,76,Total
22/04/2021,Automotive Fuel,75,Total
23/04/2021,Automotive Fuel,75,Total
24/04/2021,Automotive Fuel,76,Total
25/04/2021,Automotive Fuel,76,Total
26/04/2021,Automotive Fuel,76,Total
27/04/2021,Automotive Fuel,77,Total
28/04/2021,Automotive Fuel,77,Total
29/04/2021,Automotive Fuel,79,Total
30/04/2021,Automotive Fuel,81,Total
01/05/2021,Automotive Fuel,82,Total
02/05/2021,Automotive Fuel,83,Total
03/05/2021,Automotive Fuel,84,Total
04/05/2021,Automotive Fuel,84,Total
05/05/2021,Automotive Fuel,85,Total
06/05/2021,Automotive Fuel,85,Total
07/05/2021,Automotive Fuel,82,Total
08/05/2021,Automotive Fuel,82,Total
09/05/2021,Automotive Fuel,82,Total
10/05/2021,Automotive Fuel,83,Total
11/05/2021,Automotive Fuel,83,Total
12/05/2021,Automotive Fuel,83,Total
13/05/2021,Automotive Fuel,82,Total
14/05/2021,Automotive Fuel,82,Total
15/05/2021,Automotive Fuel,82,Total
16/05/2021,Automotive Fuel,81,Total
17/05/2021,Automotive Fuel,80,Total
18/05/2021,Automotive Fuel,79,Total
19/05/2021,Automotive Fuel,79,Total
20/05/2021,Automotive Fuel,79,Total
21/05/2021,Automotive Fuel,80,Total
22/05/2021,Automotive Fuel,80,Total
23/05/2021,Automotive Fuel,80,Total
24/05/2021,Automotive Fuel,81,Total
25/05/2021,Automotive Fuel,81,Total
26/05/2021,Automotive Fuel,81,Total
27/05/2021,Automotive Fuel,82,Total
28/05/2021,Automotive Fuel,84,Total
29/05/2021,Automotive Fuel,86,Total
30/05/2021,Automotive Fuel,87,Total
31/05/2021,Automotive Fuel,88,Total
01/06/2021,Automotive Fuel,90,Total
02/06/2021,Automotive Fuel,91,Total
03/06/2021,Automotive Fuel,91,Total
04/06/2021,Automotive Fuel,90,Total
05/06/2021,Automotive Fuel,90,Total
06/06/2021,Automotive Fuel,89,Total
07/06/2021,Automotive Fuel,89,Total
08/06/2021,Automotive Fuel,87,Total
09/06/2021,Automotive Fuel,87,Total
10/06/2021,Automotive Fuel,86,Total
11/06/2021,Automotive Fuel,86,Total
12/06/2021,Automotive Fuel,86,Total
13/06/2021,Automotive Fuel,86,Total
14/06/2021,Automotive Fuel,85,Total
15/06/2021,Automotive Fuel,86,Total
16/06/2021,Automotive Fuel,85,Total
17/06/2021,Automotive Fuel,85,Total
18/06/2021,Automotive Fuel,85,Total
19/06/2021,Automotive Fuel,85,Total
20/06/2021,Automotive Fuel,85,Total
21/06/2021,Automotive Fuel,85,Total
22/06/2021,Automotive Fuel,85,Total
23/06/2021,Automotive Fuel,85,Total
24/06/2021,Automotive Fuel,85,Total
25/06/2021,Automotive Fuel,86,Total
26/06/2021,Automotive Fuel,87,Total
27/06/2021,Automotive Fuel,88,Total
28/06/2021,Automotive Fuel,88,Total
29/06/2021,Automotive Fuel,89,Total
30/06/2021,Automotive Fuel,91,Total
01/07/2021,Automotive Fuel,93,Total
02/07/2021,Automotive Fuel,93,Total
03/07/2021,Automotive Fuel,94,Total
04/07/2021,Automotive Fuel,95,Total
05/07/2021,Automotive Fuel,96,Total
06/07/2021,Automotive Fuel,96,Total
07/07/2021,Automotive Fuel,96,Total
08/07/2021,Automotive Fuel,95,Total
09/07/2021,Automotive Fuel,95,Total
10/07/2021,Automotive Fuel,95,Total
11/07/2021,Automotive Fuel,95,Total
12/07/2021,Automotive Fuel,95,Total
13/07/2021,Automotive Fuel,95,Total
14/07/2021,Automotive Fuel,95,Total
15/07/2021,Automotive Fuel,96,Total
16/07/2021,Automotive Fuel,96,Total
17/07/2021,Automotive Fuel,96,Total
18/07/2021,Automotive Fuel,96,Total
19/07/2021,Automotive Fuel,97,Total
20/07/2021,Automotive Fuel,97,Total
21/07/2021,Automotive Fuel,98,Total
22/07/2021,Automotive Fuel,98,Total
23/07/2021,Automotive Fuel,98,Total
24/07/2021,Automotive Fuel,99,Total
25/07/2021,Automotive Fuel,100,Total
26/07/2021,Automotive Fuel,100,Total
27/07/2021,Automotive Fuel,101,Total
28/07/2021,Automotive Fuel,102,Total
29/07/2021,Automotive Fuel,104,Total
30/07/2021,Automotive Fuel,105,Total
31/07/2021,Automotive Fuel,107,Total
01/08/2021,Automotive Fuel,108,Total
02/08/2021,Automotive Fuel,110,Total
03/08/2021,Automotive Fuel,111,Total
04/08/2021,Automotive Fuel,112,Total
05/08/2021,Automotive Fuel,112,Total
06/08/2021,Automotive Fuel,112,Total
07/08/2021,Automotive Fuel,112,Total
08/08/2021,Automotive Fuel,112,Total
09/08/2021,Automotive Fuel,112,Total
10/08/2021,Automotive Fuel,111,Total
11/08/2021,Automotive Fuel,112,Total
12/08/2021,Automotive Fuel,112,Total
13/08/2021,Automotive Fuel,112,Total
14/08/2021,Automotive Fuel,112,Total
15/08/2021,Automotive Fuel,111,Total
16/08/2021,Automotive Fuel,111,Total
17/08/2021,Automotive Fuel,112,Total
18/08/2021,Automotive Fuel,111,Total
19/08/2021,Automotive Fuel,112,Total
20/08/2021,Automotive Fuel,113,Total
21/08/2021,Automotive Fuel,113,Total
22/08/2021,Automotive Fuel,113,Total
23/08/2021,Automotive Fuel,113,Total
24/08/2021,Automotive Fuel,114,Total
25/08/2021,Automotive Fuel,114,Total
26/08/2021,Automotive Fuel,115,Total
27/08/2021,Automotive Fuel,116,Total
28/08/2021,Automotive Fuel,117,Total
29/08/2021,Automotive Fuel,119,Total
30/08/2021,Automotive Fuel,120,Total
31/08/2021,Automotive Fuel,121,Total
01/09/2021,Automotive Fuel,121,Total
02/09/2021,Automotive Fuel,120,Total
03/09/2021,Automotive Fuel,119,Total
04/09/2021,Automotive Fuel,117,Total
05/09/2021,Automotive Fuel,116,Total
06/09/2021,Automotive Fuel,115,Total
07/09/2021,Automotive Fuel,114,Total
08/09/2021,Automotive Fuel,113,Total
09/09/2021,Automotive Fuel,112,Total
10/09/2021,Automotive Fuel,112,Total
11/09/2021,Automotive Fuel,111,Total
12/09/2021,Automotive Fuel,111,Total
13/09/2021,Automotive Fuel,110,Total
14/09/2021,Automotive Fuel,109,Total
15/09/2021,Automotive Fuel,108,Total
16/09/2021,Automotive Fuel,108,Total
17/09/2021,Automotive Fuel,108,Total
18/09/2021,Automotive Fuel,108,Total
19/09/2021,Automotive Fuel,108,Total
20/09/2021,Automotive Fuel,109,Total
21/09/2021,Automotive Fuel,109,Total
22/09/2021,Automotive Fuel,109,Total
23/09/2021,Automotive Fuel,109,Total
24/09/2021,Automotive Fuel,111,Total
25/09/2021,Automotive Fuel,111,Total
26/09/2021,Automotive Fuel,111,Total
27/09/2021,Automotive Fuel,111,Total
28/09/2021,Automotive Fuel,112,Total
29/09/2021,Automotive Fuel,113,Total
30/09/2021,Automotive Fuel,114,Total
01/10/2021,Automotive Fuel,115,Total
02/10/2021,Automotive Fuel,115,Total
03/10/2021,Automotive Fuel,116,Total
04/10/2021,Automotive Fuel,115,Total
05/10/2021,Automotive Fuel,115,Total
06/10/2021,Automotive Fuel,115,Total
07/10/2021,Automotive Fuel,114,Total
08/10/2021,Automotive Fuel,113,Total
09/10/2021,Automotive Fuel,112,Total
10/10/2021,Automotive Fuel,112,Total
11/10/2021,Automotive Fuel,111,Total
12/10/2021,Automotive Fuel,111,Total
13/10/2021,Automotive Fuel,110,Total
14/10/2021,Automotive Fuel,109,Total
15/10/2021,Automotive Fuel,109,Total
16/10/2021,Automotive Fuel,109,Total
17/10/2021,Automotive Fuel,109,Total
18/10/2021,Automotive Fuel,109,Total
19/10/2021,Automotive Fuel,109,Total
20/10/2021,Automotive Fuel,110,Total
21/10/2021,Automotive Fuel,111,Total
22/10/2021,Automotive Fuel,111,Total
23/10/2021,Automotive Fuel,112,Total
24/10/2021,Automotive Fuel,112,Total
25/10/2021,Automotive Fuel,114,Total
26/10/2021,Automotive Fuel,116,Total
27/10/2021,Automotive Fuel,118,Total
28/10/2021,Automotive Fuel,120,Total
29/10/2021,Automotive Fuel,123,Total
30/10/2021,Automotive Fuel,124,Total
31/10/2021,Automotive Fuel,125,Total
01/11/2021,Automotive Fuel,125,Total
02/11/2021,Automotive Fuel,124,Total
03/11/2021,Automotive Fuel,122,Total
04/11/2021,Automotive Fuel,120,Total
05/11/2021,Automotive Fuel,118,Total
06/11/2021,Automotive Fuel,116,Total
07/11/2021,Automotive Fuel,115,Total
08/11/2021,Automotive Fuel,115,Total
09/11/2021,Automotive Fuel,114,Total
10/11/2021,Automotive Fuel,114,Total
11/11/2021,Automotive Fuel,115,Total
12/11/2021,Automotive Fuel,115,Total
13/11/2021,Automotive Fuel,116,Total
14/11/2021,Automotive Fuel,115,Total
15/11/2021,Automotive Fuel,115,Total
16/11/2021,Automotive Fuel,115,Total
17/11/2021,Automotive Fuel,114,Total
18/11/2021,Automotive Fuel,115,Total
19/11/2021,Automotive Fuel,115,Total
20/11/2021,Automotive Fuel,115,Total
21/11/2021,Automotive Fuel,115,Total
22/11/2021,Automotive Fuel,116,Total
23/11/2021,Automotive Fuel,116,Total
24/11/2021,Automotive Fuel,117,Total
25/11/2021,Automotive Fuel,119,Total
26/11/2021,Automotive Fuel,123,Total
27/11/2021,Automotive Fuel,125,Total
28/11/2021,Automotive Fuel,127,Total
29/11/2021,Automotive Fuel,130,Total
30/11/2021,Automotive Fuel,132,Total
01/12/2021,Automotive Fuel,132,Total
02/12/2021,Automotive Fuel,130,Total
03/12/2021,Automotive Fuel,126,Total
04/12/2021,Automotive Fuel,127,Total
05/12/2021,Automotive Fuel,126,Total
06/12/2021,Automotive Fuel,124,Total
07/12/2021,Automotive Fuel,122,Total
08/12/2021,Automotive Fuel,120,Total
09/12/2021,Automotive Fuel,119,Total
10/12/2021,Automotive Fuel,118,Total
11/12/2021,Automotive Fuel,114,Total
12/12/2021,Automotive Fuel,113,Total
13/12/2021,Automotive Fuel,112,Total
14/12/2021,Automotive Fuel,113,Total
15/12/2021,Automotive Fuel,114,Total
16/12/2021,Automotive Fuel,115,Total
17/12/2021,Automotive Fuel,116,Total
18/12/2021,Automotive Fuel,116,Total
19/12/2021,Automotive Fuel,117,Total
20/12/2021,Automotive Fuel,120,Total
21/12/2021,Automotive Fuel,123,Total
22/12/2021,Automotive Fuel,126,Total
23/12/2021,Automotive Fuel,132,Total
24/12/2021,Automotive Fuel,132,Total
25/12/2021,Automotive Fuel,121,Total
26/12/2021,Automotive Fuel,119,Total
27/12/2021,Automotive Fuel,117,Total
28/12/2021,Automotive Fuel,115,Total
29/12/2021,Automotive Fuel,112,Total
30/12/2021,Automotive Fuel,108,Total
31/12/2021,Automotive Fuel,107,Total
01/01/2022,Automotive Fuel,111,Total
02/01/2022,Automotive Fuel,113,Total
03/01/2022,Automotive Fuel,112,Total
04/01/2022,Automotive Fuel,112,Total
05/01/2022,Automotive Fuel,110,Total
06/01/2022,Automotive Fuel,107,Total
07/01/2022,Automotive Fuel,106,Total
08/01/2022,Automotive Fuel,110,Total
09/01/2022,Automotive Fuel,109,Total
10/01/2022,Automotive Fuel,108,Total
11/01/2022,Automotive Fuel,106,Total
12/01/2022,Automotive Fuel,104,Total
13/01/2022,Automotive Fuel,103,Total
14/01/2022,Automotive Fuel,103,Total
15/01/2022,Automotive Fuel,102,Total
16/01/2022,Automotive Fuel,102,Total
17/01/2022,Automotive Fuel,101,Total
18/01/2022,Automotive Fuel,101,Total
19/01/2022,Automotive Fuel,101,Total
20/01/2022,Automotive Fuel,101,Total
21/01/2022,Automotive Fuel,103,Total
22/01/2022,Automotive Fuel,105,Total
23/01/2022,Automotive Fuel,107,Total
24/01/2022,Automotive Fuel,108,Total
25/01/2022,Automotive Fuel,110,Total
26/01/2022,Automotive Fuel,111,Total
27/01/2022,Automotive Fuel,112,Total
28/01/2022,Automotive Fuel,112,Total
29/01/2022,Automotive Fuel,112,Total
30/01/2022,Automotive Fuel,113,Total
31/01/2022,Automotive Fuel,114,Total
01/02/2022,Automotive Fuel,115,Total
02/02/2022,Automotive Fuel,115,Total
03/02/2022,Automotive Fuel,114,Total
04/02/2022,Automotive Fuel,114,Total
05/02/2022,Automotive Fuel,113,Total
06/02/2022,Automotive Fuel,113,Total
07/02/2022,Automotive Fuel,112,Total
08/02/2022,Automotive Fuel,110,Total
09/02/2022,Automotive Fuel,109,Total
10/02/2022,Automotive Fuel,110,Total
11/02/2022,Automotive Fuel,110,Total
12/02/2022,Automotive Fuel,111,Total
13/02/2022,Automotive Fuel,112,Total
14/02/2022,Automotive Fuel,113,Total
15/02/2022,Automotive Fuel,114,Total
16/02/2022,Automotive Fuel,115,Total
17/02/2022,Automotive Fuel,115,Total
18/02/2022,Automotive Fuel,115,Total
19/02/2022,Automotive Fuel,115,Total
20/02/2022,Automotive Fuel,114,Total
21/02/2022,Automotive Fuel,113,Total
22/02/2022,Automotive Fuel,112,Total
23/02/2022,Automotive Fuel,112,Total
24/02/2022,Automotive Fuel,113,Total
25/02/2022,Automotive Fuel,114,Total
26/02/2022,Automotive Fuel,114,Total
27/02/2022,Automotive Fuel,114,Total
28/02/2022,Automotive Fuel,117,Total
01/03/2022,Automotive Fuel,118,Total
02/03/2022,Automotive Fuel,119,Total
03/03/2022,Automotive Fuel,118,Total
04/03/2022,Automotive Fuel,118,Total
05/03/2022,Automotive Fuel,118,Total
06/03/2022,Automotive Fuel,118,Total
07/03/2022,Automotive Fuel,117,Total
08/03/2022,Automotive Fuel,115,Total
09/03/2022,Automotive Fuel,115,Total
10/03/2022,Automotive Fuel,114,Total
11/03/2022,Automotive Fuel,114,Total
12/03/2022,Automotive Fuel,113,Total
13/03/2022,Automotive Fuel,113,Total
14/03/2022,Automotive Fuel,112,Total
15/03/2022,Automotive Fuel,112,Total
16/03/2022,Automotive Fuel,112,Total
17/03/2022,Automotive Fuel,112,Total
18/03/2022,Automotive Fuel,112,Total
19/03/2022,Automotive Fuel,112,Total
20/03/2022,Automotive Fuel,113,Total
21/03/2022,Automotive Fuel,112,Total
22/03/2022,Automotive Fuel,113,Total
23/03/2022,Automotive Fuel,113,Total
24/03/2022,Automotive Fuel,114,Total
25/03/2022,Automotive Fuel,115,Total
26/03/2022,Automotive Fuel,116,Total
27/03/2022,Automotive Fuel,117,Total
28/03/2022,Automotive Fuel,120,Total
29/03/2022,Automotive Fuel,121,Total
30/03/2022,Automotive Fuel,123,Total
31/03/2022,Automotive Fuel,125,Total
01/04/2022,Automotive Fuel,126,Total
02/04/2022,Automotive Fuel,127,Total
03/04/2022,Automotive Fuel,129,Total
04/04/2022,Automotive Fuel,131,Total
05/04/2022,Automotive Fuel,132,Total
06/04/2022,Automotive Fuel,133,Total
07/04/2022,Automotive Fuel,133,Total
08/04/2022,Automotive Fuel,132,Total
09/04/2022,Automotive Fuel,132,Total
10/04/2022,Automotive Fuel,131,Total
11/04/2022,Automotive Fuel,129,Total
12/04/2022,Automotive Fuel,129,Total
13/04/2022,Automotive Fuel,129,Total
14/04/2022,Automotive Fuel,131,Total
15/04/2022,Automotive Fuel,131,Total
16/04/2022,Automotive Fuel,129,Total
17/04/2022,Automotive Fuel,127,Total
18/04/2022,Automotive Fuel,125,Total
19/04/2022,Automotive Fuel,125,Total
20/04/2022,Automotive Fuel,123,Total
21/04/2022,Automotive Fuel,121,Total
22/04/2022,Automotive Fuel,120,Total
23/04/2022,Automotive Fuel,119,Total
24/04/2022,Automotive Fuel,119,Total
25/04/2022,Automotive Fuel,119,Total
26/04/2022,Automotive Fuel,119,Total
27/04/2022,Automotive Fuel,119,Total
28/04/2022,Automotive Fuel,120,Total
29/04/2022,Automotive Fuel,122,Total
30/04/2022,Automotive Fuel,125,Total
01/05/2022,Automotive Fuel,128,Total
02/05/2022,Automotive Fuel,129,Total
03/05/2022,Automotive Fuel,129,Total
04/05/2022,Automotive Fuel,129,Total
05/05/2022,Automotive Fuel,128,Total
06/05/2022,Automotive Fuel,127,Total
07/05/2022,Automotive Fuel,125,Total
08/05/2022,Automotive Fuel,123,Total
09/05/2022,Automotive Fuel,123,Total
10/05/2022,Automotive Fuel,123,Total
11/05/2022,Automotive Fuel,124,Total
12/05/2022,Automotive Fuel,125,Total
13/05/2022,Automotive Fuel,124,Total
14/05/2022,Automotive Fuel,124,Total
15/05/2022,Automotive Fuel,124,Total
16/05/2022,Automotive Fuel,123,Total
17/05/2022,Automotive Fuel,122,Total
18/05/2022,Automotive Fuel,120,Total
19/05/2022,Automotive Fuel,118,Total
20/05/2022,Automotive Fuel,118,Total
21/05/2022,Automotive Fuel,118,Total
22/05/2022,Automotive Fuel,118,Total
23/05/2022,Automotive Fuel,118,Total
24/05/2022,Automotive Fuel,118,Total
25/05/2022,Automotive Fuel,119,Total
26/05/2022,Automotive Fuel,120,Total
27/05/2022,Automotive Fuel,122,Total
28/05/2022,Automotive Fuel,124,Total
29/05/2022,Automotive Fuel,126,Total
30/05/2022,Automotive Fuel,129,Total
31/05/2022,Automotive Fuel,132,Total
01/06/2022,Automotive Fuel,137,Total
02/06/2022,Automotive Fuel,140,Total
03/06/2022,Automotive Fuel,140,Total
04/06/2022,Automotive Fuel,140,Total
05/06/2022,Automotive Fuel,139,Total
06/06/2022,Automotive Fuel,137,Total
07/06/2022,Automotive Fuel,135,Total
08/06/2022,Automotive Fuel,131,Total
09/06/2022,Automotive Fuel,127,Total
10/06/2022,Automotive Fuel,126,Total
11/06/2022,Automotive Fuel,126,Total
12/06/2022,Automotive Fuel,125,Total
13/06/2022,Automotive Fuel,126,Total
14/06/2022,Automotive Fuel,126,Total
15/06/2022,Automotive Fuel,126,Total
16/06/2022,Automotive Fuel,126,Total
17/06/2022,Automotive Fuel,125,Total
18/06/2022,Automotive Fuel,125,Total
19/06/2022,Automotive Fuel,125,Total
20/06/2022,Automotive Fuel,124,Total
21/06/2022,Automotive Fuel,123,Total
22/06/2022,Automotive Fuel,121,Total
23/06/2022,Automotive Fuel,121,Total
24/06/2022,Automotive Fuel,121,Total
25/06/2022,Automotive Fuel,120,Total
26/06/2022,Automotive Fuel,120,Total
27/06/2022,Automotive Fuel,121,Total
28/06/2022,Automotive Fuel,123,Total
29/06/2022,Automotive Fuel,124,Total
30/06/2022,Automotive Fuel,127,Total
01/07/2022,Automotive Fuel,128,Total
02/07/2022,Automotive Fuel,129,Total
03/07/2022,Automotive Fuel,130,Total
01/01/2020,Food and Drink,114,Total
02/01/2020,Food and Drink,117,Total
03/01/2020,Food and Drink,117,Total
04/01/2020,Food and Drink,116,Total
05/01/2020,Food and Drink,113,Total
06/01/2020,Food and Drink,108,Total
07/01/2020,Food and Drink,103,Total
08/01/2020,Food and Drink,103,Total
09/01/2020,Food and Drink,99,Total
10/01/2020,Food and Drink,95,Total
11/01/2020,Food and Drink,93,Total
12/01/2020,Food and Drink,92,Total
13/01/2020,Food and Drink,91,Total
14/01/2020,Food and Drink,90,Total
15/01/2020,Food and Drink,89,Total
16/01/2020,Food and Drink,89,Total
17/01/2020,Food and Drink,89,Total
18/01/2020,Food and Drink,90,Total
19/01/2020,Food and Drink,90,Total
20/01/2020,Food and Drink,90,Total
21/01/2020,Food and Drink,91,Total
22/01/2020,Food and Drink,92,Total
23/01/2020,Food and Drink,91,Total
24/01/2020,Food and Drink,92,Total
25/01/2020,Food and Drink,92,Total
26/01/2020,Food and Drink,93,Total
27/01/2020,Food and Drink,93,Total
28/01/2020,Food and Drink,93,Total
29/01/2020,Food and Drink,93,Total
30/01/2020,Food and Drink,94,Total
31/01/2020,Food and Drink,96,Total
01/02/2020,Food and Drink,97,Total
02/02/2020,Food and Drink,99,Total
03/02/2020,Food and Drink,100,Total
04/02/2020,Food and Drink,100,Total
05/02/2020,Food and Drink,99,Total
06/02/2020,Food and Drink,99,Total
07/02/2020,Food and Drink,97,Total
08/02/2020,Food and Drink,97,Total
09/02/2020,Food and Drink,96,Total
10/02/2020,Food and Drink,95,Total
11/02/2020,Food and Drink,95,Total
12/02/2020,Food and Drink,95,Total
13/02/2020,Food and Drink,94,Total
14/02/2020,Food and Drink,95,Total
15/02/2020,Food and Drink,95,Total
16/02/2020,Food and Drink,98,Total
17/02/2020,Food and Drink,99,Total
18/02/2020,Food and Drink,101,Total
19/02/2020,Food and Drink,103,Total
20/02/2020,Food and Drink,105,Total
21/02/2020,Food and Drink,107,Total
22/02/2020,Food and Drink,108,Total
23/02/2020,Food and Drink,106,Total
24/02/2020,Food and Drink,104,Total
25/02/2020,Food and Drink,102,Total
26/02/2020,Food and Drink,101,Total
27/02/2020,Food and Drink,99,Total
28/02/2020,Food and Drink,98,Total
29/02/2020,Food and Drink,97,Total
01/03/2020,Food and Drink,97,Total
02/03/2020,Food and Drink,98,Total
03/03/2020,Food and Drink,98,Total
04/03/2020,Food and Drink,99,Total
05/03/2020,Food and Drink,99,Total
06/03/2020,Food and Drink,98,Total
07/03/2020,Food and Drink,97,Total
08/03/2020,Food and Drink,96,Total
09/03/2020,Food and Drink,95,Total
10/03/2020,Food and Drink,95,Total
11/03/2020,Food and Drink,94,Total
12/03/2020,Food and Drink,93,Total
13/03/2020,Food and Drink,92,Total
14/03/2020,Food and Drink,90,Total
15/03/2020,Food and Drink,87,Total
16/03/2020,Food and Drink,85,Total
17/03/2020,Food and Drink,82,Total
18/03/2020,Food and Drink,80,Total
19/03/2020,Food and Drink,77,Total
20/03/2020,Food and Drink,71,Total
21/03/2020,Food and Drink,65,Total
22/03/2020,Food and Drink,60,Total
23/03/2020,Food and Drink,57,Total
24/03/2020,Food and Drink,53,Total
25/03/2020,Food and Drink,49,Total
26/03/2020,Food and Drink,46,Total
27/03/2020,Food and Drink,44,Total
28/03/2020,Food and Drink,42,Total
29/03/2020,Food and Drink,41,Total
30/03/2020,Food and Drink,40,Total
31/03/2020,Food and Drink,40,Total
01/04/2020,Food and Drink,41,Total
02/04/2020,Food and Drink,41,Total
03/04/2020,Food and Drink,41,Total
04/04/2020,Food and Drink,41,Total
05/04/2020,Food and Drink,42,Total
06/04/2020,Food and Drink,42,Total
07/04/2020,Food and Drink,42,Total
08/04/2020,Food and Drink,41,Total
09/04/2020,Food and Drink,42,Total
10/04/2020,Food and Drink,42,Total
11/04/2020,Food and Drink,41,Total
12/04/2020,Food and Drink,40,Total
13/04/2020,Food and Drink,39,Total
14/04/2020,Food and Drink,39,Total
15/04/2020,Food and Drink,39,Total
16/04/2020,Food and Drink,38,Total
17/04/2020,Food and Drink,38,Total
18/04/2020,Food and Drink,38,Total
19/04/2020,Food and Drink,39,Total
20/04/2020,Food and Drink,40,Total
21/04/2020,Food and Drink,40,Total
22/04/2020,Food and Drink,40,Total
23/04/2020,Food and Drink,40,Total
24/04/2020,Food and Drink,40,Total
25/04/2020,Food and Drink,41,Total
26/04/2020,Food and Drink,41,Total
27/04/2020,Food and Drink,42,Total
28/04/2020,Food and Drink,42,Total
29/04/2020,Food and Drink,43,Total
30/04/2020,Food and Drink,45,Total
01/05/2020,Food and Drink,45,Total
02/05/2020,Food and Drink,45,Total
03/05/2020,Food and Drink,46,Total
04/05/2020,Food and Drink,47,Total
05/05/2020,Food and Drink,47,Total
06/05/2020,Food and Drink,47,Total
07/05/2020,Food and Drink,47,Total
08/05/2020,Food and Drink,47,Total
09/05/2020,Food and Drink,47,Total
10/05/2020,Food and Drink,47,Total
11/05/2020,Food and Drink,46,Total
12/05/2020,Food and Drink,47,Total
13/05/2020,Food and Drink,47,Total
14/05/2020,Food and Drink,46,Total
15/05/2020,Food and Drink,47,Total
16/05/2020,Food and Drink,48,Total
17/05/2020,Food and Drink,48,Total
18/05/2020,Food and Drink,49,Total
19/05/2020,Food and Drink,49,Total
20/05/2020,Food and Drink,50,Total
21/05/2020,Food and Drink,51,Total
22/05/2020,Food and Drink,51,Total
23/05/2020,Food and Drink,52,Total
24/05/2020,Food and Drink,52,Total
25/05/2020,Food and Drink,52,Total
26/05/2020,Food and Drink,53,Total
27/05/2020,Food and Drink,53,Total
28/05/2020,Food and Drink,54,Total
29/05/2020,Food and Drink,55,Total
30/05/2020,Food and Drink,55,Total
31/05/2020,Food and Drink,56,Total
01/06/2020,Food and Drink,58,Total
02/06/2020,Food and Drink,58,Total
03/06/2020,Food and Drink,59,Total
04/06/2020,Food and Drink,59,Total
05/06/2020,Food and Drink,58,Total
06/06/2020,Food and Drink,58,Total
07/06/2020,Food and Drink,58,Total
08/06/2020,Food and Drink,58,Total
09/06/2020,Food and Drink,58,Total
10/06/2020,Food and Drink,57,Total
11/06/2020,Food and Drink,57,Total
12/06/2020,Food and Drink,57,Total
13/06/2020,Food and Drink,57,Total
14/06/2020,Food and Drink,57,Total
15/06/2020,Food and Drink,58,Total
16/06/2020,Food and Drink,58,Total
17/06/2020,Food and Drink,59,Total
18/06/2020,Food and Drink,60,Total
19/06/2020,Food and Drink,60,Total
20/06/2020,Food and Drink,61,Total
21/06/2020,Food and Drink,61,Total
22/06/2020,Food and Drink,61,Total
23/06/2020,Food and Drink,61,Total
24/06/2020,Food and Drink,61,Total
25/06/2020,Food and Drink,62,Total
26/06/2020,Food and Drink,63,Total
27/06/2020,Food and Drink,64,Total
28/06/2020,Food and Drink,65,Total
29/06/2020,Food and Drink,65,Total
30/06/2020,Food and Drink,67,Total
01/07/2020,Food and Drink,68,Total
02/07/2020,Food and Drink,69,Total
03/07/2020,Food and Drink,69,Total
04/07/2020,Food and Drink,71,Total
05/07/2020,Food and Drink,71,Total
06/07/2020,Food and Drink,73,Total
07/07/2020,Food and Drink,73,Total
08/07/2020,Food and Drink,73,Total
09/07/2020,Food and Drink,74,Total
10/07/2020,Food and Drink,75,Total
11/07/2020,Food and Drink,76,Total
12/07/2020,Food and Drink,76,Total
13/07/2020,Food and Drink,77,Total
14/07/2020,Food and Drink,77,Total
15/07/2020,Food and Drink,78,Total
16/07/2020,Food and Drink,79,Total
17/07/2020,Food and Drink,79,Total
18/07/2020,Food and Drink,80,Total
19/07/2020,Food and Drink,80,Total
20/07/2020,Food and Drink,81,Total
21/07/2020,Food and Drink,82,Total
22/07/2020,Food and Drink,82,Total
23/07/2020,Food and Drink,82,Total
24/07/2020,Food and Drink,83,Total
25/07/2020,Food and Drink,84,Total
26/07/2020,Food and Drink,85,Total
27/07/2020,Food and Drink,86,Total
28/07/2020,Food and Drink,87,Total
29/07/2020,Food and Drink,88,Total
30/07/2020,Food and Drink,90,Total
31/07/2020,Food and Drink,92,Total
01/08/2020,Food and Drink,93,Total
02/08/2020,Food and Drink,94,Total
03/08/2020,Food and Drink,95,Total
04/08/2020,Food and Drink,96,Total
05/08/2020,Food and Drink,96,Total
06/08/2020,Food and Drink,96,Total
07/08/2020,Food and Drink,96,Total
08/08/2020,Food and Drink,95,Total
09/08/2020,Food and Drink,95,Total
10/08/2020,Food and Drink,96,Total
11/08/2020,Food and Drink,96,Total
12/08/2020,Food and Drink,96,Total
13/08/2020,Food and Drink,96,Total
14/08/2020,Food and Drink,96,Total
15/08/2020,Food and Drink,95,Total
16/08/2020,Food and Drink,95,Total
17/08/2020,Food and Drink,94,Total
18/08/2020,Food and Drink,94,Total
19/08/2020,Food and Drink,93,Total
20/08/2020,Food and Drink,93,Total
21/08/2020,Food and Drink,92,Total
22/08/2020,Food and Drink,93,Total
23/08/2020,Food and Drink,93,Total
24/08/2020,Food and Drink,93,Total
25/08/2020,Food and Drink,93,Total
26/08/2020,Food and Drink,93,Total
27/08/2020,Food and Drink,93,Total
28/08/2020,Food and Drink,94,Total
29/08/2020,Food and Drink,95,Total
30/08/2020,Food and Drink,95,Total
31/08/2020,Food and Drink,96,Total
01/09/2020,Food and Drink,96,Total
02/09/2020,Food and Drink,95,Total
03/09/2020,Food and Drink,95,Total
04/09/2020,Food and Drink,93,Total
05/09/2020,Food and Drink,92,Total
06/09/2020,Food and Drink,91,Total
07/09/2020,Food and Drink,88,Total
08/09/2020,Food and Drink,87,Total
09/09/2020,Food and Drink,86,Total
10/09/2020,Food and Drink,85,Total
11/09/2020,Food and Drink,84,Total
12/09/2020,Food and Drink,84,Total
13/09/2020,Food and Drink,84,Total
14/09/2020,Food and Drink,83,Total
15/09/2020,Food and Drink,83,Total
16/09/2020,Food and Drink,83,Total
17/09/2020,Food and Drink,83,Total
18/09/2020,Food and Drink,83,Total
19/09/2020,Food and Drink,82,Total
20/09/2020,Food and Drink,82,Total
21/09/2020,Food and Drink,82,Total
22/09/2020,Food and Drink,81,Total
23/09/2020,Food and Drink,81,Total
24/09/2020,Food and Drink,80,Total
25/09/2020,Food and Drink,81,Total
26/09/2020,Food and Drink,81,Total
27/09/2020,Food and Drink,81,Total
28/09/2020,Food and Drink,82,Total
29/09/2020,Food and Drink,82,Total
30/09/2020,Food and Drink,84,Total
01/10/2020,Food and Drink,85,Total
02/10/2020,Food and Drink,85,Total
03/10/2020,Food and Drink,84,Total
04/10/2020,Food and Drink,84,Total
05/10/2020,Food and Drink,84,Total
06/10/2020,Food and Drink,84,Total
07/10/2020,Food and Drink,82,Total
08/10/2020,Food and Drink,80,Total
09/10/2020,Food and Drink,79,Total
10/10/2020,Food and Drink,79,Total
11/10/2020,Food and Drink,78,Total
12/10/2020,Food and Drink,78,Total
13/10/2020,Food and Drink,78,Total
14/10/2020,Food and Drink,78,Total
15/10/2020,Food and Drink,78,Total
16/10/2020,Food and Drink,78,Total
17/10/2020,Food and Drink,77,Total
18/10/2020,Food and Drink,76,Total
19/10/2020,Food and Drink,76,Total
20/10/2020,Food and Drink,75,Total
21/10/2020,Food and Drink,74,Total
22/10/2020,Food and Drink,74,Total
23/10/2020,Food and Drink,74,Total
24/10/2020,Food and Drink,74,Total
25/10/2020,Food and Drink,74,Total
26/10/2020,Food and Drink,74,Total
27/10/2020,Food and Drink,74,Total
28/10/2020,Food and Drink,75,Total
29/10/2020,Food and Drink,76,Total
30/10/2020,Food and Drink,78,Total
31/10/2020,Food and Drink,79,Total
01/11/2020,Food and Drink,80,Total
02/11/2020,Food and Drink,81,Total
03/11/2020,Food and Drink,82,Total
04/11/2020,Food and Drink,83,Total
05/11/2020,Food and Drink,81,Total
06/11/2020,Food and Drink,78,Total
07/11/2020,Food and Drink,75,Total
08/11/2020,Food and Drink,73,Total
09/11/2020,Food and Drink,72,Total
10/11/2020,Food and Drink,70,Total
11/11/2020,Food and Drink,67,Total
12/11/2020,Food and Drink,67,Total
13/11/2020,Food and Drink,68,Total
14/11/2020,Food and Drink,68,Total
15/11/2020,Food and Drink,68,Total
16/11/2020,Food and Drink,67,Total
17/11/2020,Food and Drink,67,Total
18/11/2020,Food and Drink,67,Total
19/11/2020,Food and Drink,67,Total
20/11/2020,Food and Drink,67,Total
21/11/2020,Food and Drink,68,Total
22/11/2020,Food and Drink,68,Total
23/11/2020,Food and Drink,69,Total
24/11/2020,Food and Drink,70,Total
25/11/2020,Food and Drink,72,Total
26/11/2020,Food and Drink,74,Total
27/11/2020,Food and Drink,80,Total
28/11/2020,Food and Drink,82,Total
29/11/2020,Food and Drink,83,Total
30/11/2020,Food and Drink,86,Total
01/12/2020,Food and Drink,87,Total
02/12/2020,Food and Drink,88,Total
03/12/2020,Food and Drink,89,Total
04/12/2020,Food and Drink,85,Total
05/12/2020,Food and Drink,86,Total
06/12/2020,Food and Drink,87,Total
07/12/2020,Food and Drink,85,Total
08/12/2020,Food and Drink,85,Total
09/12/2020,Food and Drink,85,Total
10/12/2020,Food and Drink,85,Total
11/12/2020,Food and Drink,85,Total
12/12/2020,Food and Drink,85,Total
13/12/2020,Food and Drink,85,Total
14/12/2020,Food and Drink,86,Total
15/12/2020,Food and Drink,87,Total
16/12/2020,Food and Drink,87,Total
17/12/2020,Food and Drink,88,Total
18/12/2020,Food and Drink,89,Total
19/12/2020,Food and Drink,89,Total
20/12/2020,Food and Drink,89,Total
21/12/2020,Food and Drink,91,Total
22/12/2020,Food and Drink,93,Total
23/12/2020,Food and Drink,97,Total
24/12/2020,Food and Drink,96,Total
25/12/2020,Food and Drink,87,Total
26/12/2020,Food and Drink,80,Total
27/12/2020,Food and Drink,78,Total
28/12/2020,Food and Drink,74,Total
29/12/2020,Food and Drink,71,Total
30/12/2020,Food and Drink,68,Total
31/12/2020,Food and Drink,67,Total
01/01/2021,Food and Drink,69,Total
02/01/2021,Food and Drink,71,Total
03/01/2021,Food and Drink,70,Total
04/01/2021,Food and Drink,71,Total
05/01/2021,Food and Drink,70,Total
06/01/2021,Food and Drink,67,Total
07/01/2021,Food and Drink,66,Total
08/01/2021,Food and Drink,71,Total
09/01/2021,Food and Drink,72,Total
10/01/2021,Food and Drink,71,Total
11/01/2021,Food and Drink,71,Total
12/01/2021,Food and Drink,70,Total
13/01/2021,Food and Drink,69,Total
14/01/2021,Food and Drink,68,Total
15/01/2021,Food and Drink,67,Total
16/01/2021,Food and Drink,67,Total
17/01/2021,Food and Drink,66,Total
18/01/2021,Food and Drink,65,Total
19/01/2021,Food and Drink,65,Total
20/01/2021,Food and Drink,65,Total
21/01/2021,Food and Drink,65,Total
22/01/2021,Food and Drink,65,Total
23/01/2021,Food and Drink,65,Total
24/01/2021,Food and Drink,65,Total
25/01/2021,Food and Drink,66,Total
26/01/2021,Food and Drink,66,Total
27/01/2021,Food and Drink,67,Total
28/01/2021,Food and Drink,69,Total
29/01/2021,Food and Drink,71,Total
30/01/2021,Food and Drink,72,Total
31/01/2021,Food and Drink,73,Total
01/02/2021,Food and Drink,74,Total
02/02/2021,Food and Drink,75,Total
03/02/2021,Food and Drink,74,Total
04/02/2021,Food and Drink,73,Total
05/02/2021,Food and Drink,72,Total
06/02/2021,Food and Drink,71,Total
07/02/2021,Food and Drink,70,Total
08/02/2021,Food and Drink,69,Total
09/02/2021,Food and Drink,68,Total
10/02/2021,Food and Drink,68,Total
11/02/2021,Food and Drink,68,Total
12/02/2021,Food and Drink,68,Total
13/02/2021,Food and Drink,68,Total
14/02/2021,Food and Drink,68,Total
15/02/2021,Food and Drink,68,Total
16/02/2021,Food and Drink,68,Total
17/02/2021,Food and Drink,67,Total
18/02/2021,Food and Drink,67,Total
19/02/2021,Food and Drink,67,Total
20/02/2021,Food and Drink,66,Total
21/02/2021,Food and Drink,66,Total
22/02/2021,Food and Drink,66,Total
23/02/2021,Food and Drink,66,Total
24/02/2021,Food and Drink,66,Total
25/02/2021,Food and Drink,67,Total
26/02/2021,Food and Drink,70,Total
27/02/2021,Food and Drink,71,Total
28/02/2021,Food and Drink,72,Total
01/03/2021,Food and Drink,73,Total
02/03/2021,Food and Drink,74,Total
03/03/2021,Food and Drink,75,Total
04/03/2021,Food and Drink,74,Total
05/03/2021,Food and Drink,73,Total
06/03/2021,Food and Drink,72,Total
07/03/2021,Food and Drink,72,Total
08/03/2021,Food and Drink,71,Total
09/03/2021,Food and Drink,71,Total
10/03/2021,Food and Drink,70,Total
11/03/2021,Food and Drink,70,Total
12/03/2021,Food and Drink,70,Total
13/03/2021,Food and Drink,70,Total
14/03/2021,Food and Drink,69,Total
15/03/2021,Food and Drink,70,Total
16/03/2021,Food and Drink,70,Total
17/03/2021,Food and Drink,70,Total
18/03/2021,Food and Drink,70,Total
19/03/2021,Food and Drink,70,Total
20/03/2021,Food and Drink,70,Total
21/03/2021,Food and Drink,70,Total
22/03/2021,Food and Drink,69,Total
23/03/2021,Food and Drink,69,Total
24/03/2021,Food and Drink,69,Total
25/03/2021,Food and Drink,70,Total
26/03/2021,Food and Drink,71,Total
27/03/2021,Food and Drink,72,Total
28/03/2021,Food and Drink,72,Total
29/03/2021,Food and Drink,73,Total
30/03/2021,Food and Drink,73,Total
31/03/2021,Food and Drink,76,Total
01/04/2021,Food and Drink,77,Total
02/04/2021,Food and Drink,77,Total
03/04/2021,Food and Drink,76,Total
04/04/2021,Food and Drink,74,Total
05/04/2021,Food and Drink,74,Total
06/04/2021,Food and Drink,76,Total
07/04/2021,Food and Drink,74,Total
08/04/2021,Food and Drink,72,Total
09/04/2021,Food and Drink,72,Total
10/04/2021,Food and Drink,72,Total
11/04/2021,Food and Drink,74,Total
12/04/2021,Food and Drink,74,Total
13/04/2021,Food and Drink,74,Total
14/04/2021,Food and Drink,74,Total
15/04/2021,Food and Drink,75,Total
16/04/2021,Food and Drink,75,Total
17/04/2021,Food and Drink,76,Total
18/04/2021,Food and Drink,77,Total
19/04/2021,Food and Drink,77,Total
20/04/2021,Food and Drink,76,Total
21/04/2021,Food and Drink,76,Total
22/04/2021,Food and Drink,75,Total
23/04/2021,Food and Drink,75,Total
24/04/2021,Food and Drink,76,Total
25/04/2021,Food and Drink,76,Total
26/04/2021,Food and Drink,76,Total
27/04/2021,Food and Drink,77,Total
28/04/2021,Food and Drink,77,Total
29/04/2021,Food and Drink,79,Total
30/04/2021,Food and Drink,81,Total
01/05/2021,Food and Drink,82,Total
02/05/2021,Food and Drink,83,Total
03/05/2021,Food and Drink,84,Total
04/05/2021,Food and Drink,84,Total
05/05/2021,Food and Drink,85,Total
06/05/2021,Food and Drink,85,Total
07/05/2021,Food and Drink,82,Total
08/05/2021,Food and Drink,82,Total
09/05/2021,Food and Drink,82,Total
10/05/2021,Food and Drink,83,Total
11/05/2021,Food and Drink,83,Total
12/05/2021,Food and Drink,83,Total
13/05/2021,Food and Drink,82,Total
14/05/2021,Food and Drink,82,Total
15/05/2021,Food and Drink,82,Total
16/05/2021,Food and Drink,81,Total
17/05/2021,Food and Drink,80,Total
18/05/2021,Food and Drink,79,Total
19/05/2021,Food and Drink,79,Total
20/05/2021,Food and Drink,79,Total
21/05/2021,Food and Drink,80,Total
22/05/2021,Food and Drink,80,Total
23/05/2021,Food and Drink,80,Total
24/05/2021,Food and Drink,81,Total
25/05/2021,Food and Drink,81,Total
26/05/2021,Food and Drink,81,Total
27/05/2021,Food and Drink,82,Total
28/05/2021,Food and Drink,84,Total
29/05/2021,Food and Drink,86,Total
30/05/2021,Food and Drink,87,Total
31/05/2021,Food and Drink,88,Total
01/06/2021,Food and Drink,90,Total
02/06/2021,Food and Drink,91,Total
03/06/2021,Food and Drink,91,Total
04/06/2021,Food and Drink,90,Total
05/06/2021,Food and Drink,90,Total
06/06/2021,Food and Drink,89,Total
07/06/2021,Food and Drink,89,Total
08/06/2021,Food and Drink,87,Total
09/06/2021,Food and Drink,87,Total
10/06/2021,Food and Drink,86,Total
11/06/2021,Food and Drink,86,Total
12/06/2021,Food and Drink,86,Total
13/06/2021,Food and Drink,86,Total
14/06/2021,Food and Drink,85,Total
15/06/2021,Food and Drink,86,Total
16/06/2021,Food and Drink,85,Total
17/06/2021,Food and Drink,85,Total
18/06/2021,Food and Drink,85,Total
19/06/2021,Food and Drink,85,Total
20/06/2021,Food and Drink,85,Total
21/06/2021,Food and Drink,85,Total
22/06/2021,Food and Drink,85,Total
23/06/2021,Food and Drink,85,Total
24/06/2021,Food and Drink,85,Total
25/06/2021,Food and Drink,86,Total
26/06/2021,Food and Drink,87,Total
27/06/2021,Food and Drink,88,Total
28/06/2021,Food and Drink,88,Total
29/06/2021,Food and Drink,89,Total
30/06/2021,Food and Drink,91,Total
01/07/2021,Food and Drink,93,Total
02/07/2021,Food and Drink,93,Total
03/07/2021,Food and Drink,94,Total
04/07/2021,Food and Drink,95,Total
05/07/2021,Food and Drink,96,Total
06/07/2021,Food and Drink,96,Total
07/07/2021,Food and Drink,96,Total
08/07/2021,Food and Drink,95,Total
09/07/2021,Food and Drink,95,Total
10/07/2021,Food and Drink,95,Total
11/07/2021,Food and Drink,95,Total
12/07/2021,Food and Drink,95,Total
13/07/2021,Food and Drink,95,Total
14/07/2021,Food and Drink,95,Total
15/07/2021,Food and Drink,96,Total
16/07/2021,Food and Drink,96,Total
17/07/2021,Food and Drink,96,Total
18/07/2021,Food and Drink,96,Total
19/07/2021,Food and Drink,97,Total
20/07/2021,Food and Drink,97,Total
21/07/2021,Food and Drink,98,Total
22/07/2021,Food and Drink,98,Total
23/07/2021,Food and Drink,98,Total
24/07/2021,Food and Drink,99,Total
25/07/2021,Food and Drink,100,Total
26/07/2021,Food and Drink,100,Total
27/07/2021,Food and Drink,101,Total
28/07/2021,Food and Drink,102,Total
29/07/2021,Food and Drink,104,Total
30/07/2021,Food and Drink,105,Total
31/07/2021,Food and Drink,107,Total
01/08/2021,Food and Drink,108,Total
02/08/2021,Food and Drink,110,Total
03/08/2021,Food and Drink,111,Total
04/08/2021,Food and Drink,112,Total
05/08/2021,Food and Drink,112,Total
06/08/2021,Food and Drink,112,Total
07/08/2021,Food and Drink,112,Total
08/08/2021,Food and Drink,112,Total
09/08/2021,Food and Drink,112,Total
10/08/2021,Food and Drink,111,Total
11/08/2021,Food and Drink,112,Total
12/08/2021,Food and Drink,112,Total
13/08/2021,Food and Drink,112,Total
14/08/2021,Food and Drink,112,Total
15/08/2021,Food and Drink,111,Total
16/08/2021,Food and Drink,111,Total
17/08/2021,Food and Drink,112,Total
18/08/2021,Food and Drink,111,Total
19/08/2021,Food and Drink,112,Total
20/08/2021,Food and Drink,113,Total
21/08/2021,Food and Drink,113,Total
22/08/2021,Food and Drink,113,Total
23/08/2021,Food and Drink,113,Total
24/08/2021,Food and Drink,114,Total
25/08/2021,Food and Drink,114,Total
26/08/2021,Food and Drink,115,Total
27/08/2021,Food and Drink,116,Total
28/08/2021,Food and Drink,117,Total
29/08/2021,Food and Drink,119,Total
30/08/2021,Food and Drink,120,Total
31/08/2021,Food and Drink,121,Total
01/09/2021,Food and Drink,121,Total
02/09/2021,Food and Drink,120,Total
03/09/2021,Food and Drink,119,Total
04/09/2021,Food and Drink,117,Total
05/09/2021,Food and Drink,116,Total
06/09/2021,Food and Drink,115,Total
07/09/2021,Food and Drink,114,Total
08/09/2021,Food and Drink,113,Total
09/09/2021,Food and Drink,112,Total
10/09/2021,Food and Drink,112,Total
11/09/2021,Food and Drink,111,Total
12/09/2021,Food and Drink,111,Total
13/09/2021,Food and Drink,110,Total
14/09/2021,Food and Drink,109,Total
15/09/2021,Food and Drink,108,Total
16/09/2021,Food and Drink,108,Total
17/09/2021,Food and Drink,108,Total
18/09/2021,Food and Drink,108,Total
19/09/2021,Food and Drink,108,Total
20/09/2021,Food and Drink,109,Total
21/09/2021,Food and Drink,109,Total
22/09/2021,Food and Drink,109,Total
23/09/2021,Food and Drink,109,Total
24/09/2021,Food and Drink,111,Total
25/09/2021,Food and Drink,111,Total
26/09/2021,Food and Drink,111,Total
27/09/2021,Food and Drink,111,Total
28/09/2021,Food and Drink,112,Total
29/09/2021,Food and Drink,113,Total
30/09/2021,Food and Drink,114,Total
01/10/2021,Food and Drink,115,Total
02/10/2021,Food and Drink,115,Total
03/10/2021,Food and Drink,116,Total
04/10/2021,Food and Drink,115,Total
05/10/2021,Food and Drink,115,Total
06/10/2021,Food and Drink,115,Total
07/10/2021,Food and Drink,114,Total
08/10/2021,Food and Drink,113,Total
09/10/2021,Food and Drink,112,Total
10/10/2021,Food and Drink,112,Total
11/10/2021,Food and Drink,111,Total
12/10/2021,Food and Drink,111,Total
13/10/2021,Food and Drink,110,Total
14/10/2021,Food and Drink,109,Total
15/10/2021,Food and Drink,109,Total
16/10/2021,Food and Drink,109,Total
17/10/2021,Food and Drink,109,Total
18/10/2021,Food and Drink,109,Total
19/10/2021,Food and Drink,109,Total
20/10/2021,Food and Drink,110,Total
21/10/2021,Food and Drink,111,Total
22/10/2021,Food and Drink,111,Total
23/10/2021,Food and Drink,112,Total
24/10/2021,Food and Drink,112,Total
25/10/2021,Food and Drink,114,Total
26/10/2021,Food and Drink,116,Total
27/10/2021,Food and Drink,118,Total
28/10/2021,Food and Drink,120,Total
29/10/2021,Food and Drink,123,Total
30/10/2021,Food and Drink,124,Total
31/10/2021,Food and Drink,125,Total
01/11/2021,Food and Drink,125,Total
02/11/2021,Food and Drink,124,Total
03/11/2021,Food and Drink,122,Total
04/11/2021,Food and Drink,120,Total
05/11/2021,Food and Drink,118,Total
06/11/2021,Food and Drink,116,Total
07/11/2021,Food and Drink,115,Total
08/11/2021,Food and Drink,115,Total
09/11/2021,Food and Drink,114,Total
10/11/2021,Food and Drink,114,Total
11/11/2021,Food and Drink,115,Total
12/11/2021,Food and Drink,115,Total
13/11/2021,Food and Drink,116,Total
14/11/2021,Food and Drink,115,Total
15/11/2021,Food and Drink,115,Total
16/11/2021,Food and Drink,115,Total
17/11/2021,Food and Drink,114,Total
18/11/2021,Food and Drink,115,Total
19/11/2021,Food and Drink,115,Total
20/11/2021,Food and Drink,115,Total
21/11/2021,Food and Drink,115,Total
22/11/2021,Food and Drink,116,Total
23/11/2021,Food and Drink,116,Total
24/11/2021,Food and Drink,117,Total
25/11/2021,Food and Drink,119,Total
26/11/2021,Food and Drink,123,Total
27/11/2021,Food and Drink,125,Total
28/11/2021,Food and Drink,127,Total
29/11/2021,Food and Drink,130,Total
30/11/2021,Food and Drink,132,Total
01/12/2021,Food and Drink,132,Total
02/12/2021,Food and Drink,130,Total
03/12/2021,Food and Drink,126,Total
04/12/2021,Food and Drink,127,Total
05/12/2021,Food and Drink,126,Total
06/12/2021,Food and Drink,124,Total
07/12/2021,Food and Drink,122,Total
08/12/2021,Food and Drink,120,Total
09/12/2021,Food and Drink,119,Total
10/12/2021,Food and Drink,118,Total
11/12/2021,Food and Drink,114,Total
12/12/2021,Food and Drink,113,Total
13/12/2021,Food and Drink,112,Total
14/12/2021,Food and Drink,113,Total
15/12/2021,Food and Drink,114,Total
16/12/2021,Food and Drink,115,Total
17/12/2021,Food and Drink,116,Total
18/12/2021,Food and Drink,116,Total
19/12/2021,Food and Drink,117,Total
20/12/2021,Food and Drink,120,Total
21/12/2021,Food and Drink,123,Total
22/12/2021,Food and Drink,126,Total
23/12/2021,Food and Drink,132,Total
24/12/2021,Food and Drink,132,Total
25/12/2021,Food and Drink,121,Total
26/12/2021,Food and Drink,119,Total
27/12/2021,Food and Drink,117,Total
28/12/2021,Food and Drink,115,Total
29/12/2021,Food and Drink,112,Total
30/12/2021,Food and Drink,108,Total
31/12/2021,Food and Drink,107,Total
01/01/2022,Food and Drink,111,Total
02/01/2022,Food and Drink,113,Total
03/01/2022,Food and Drink,112,Total
04/01/2022,Food and Drink,112,Total
05/01/2022,Food and Drink,110,Total
06/01/2022,Food and Drink,107,Total
07/01/2022,Food and Drink,106,Total
08/01/2022,Food and Drink,110,Total
09/01/2022,Food and Drink,109,Total
10/01/2022,Food and Drink,108,Total
11/01/2022,Food and Drink,106,Total
12/01/2022,Food and Drink,104,Total
13/01/2022,Food and Drink,103,Total
14/01/2022,Food and Drink,103,Total
15/01/2022,Food and Drink,102,Total
16/01/2022,Food and Drink,102,Total
17/01/2022,Food and Drink,101,Total
18/01/2022,Food and Drink,101,Total
19/01/2022,Food and Drink,101,Total
20/01/2022,Food and Drink,101,Total
21/01/2022,Food and Drink,103,Total
22/01/2022,Food and Drink,105,Total
23/01/2022,Food and Drink,107,Total
24/01/2022,Food and Drink,108,Total
25/01/2022,Food and Drink,110,Total
26/01/2022,Food and Drink,111,Total
27/01/2022,Food and Drink,112,Total
28/01/2022,Food and Drink,112,Total
29/01/2022,Food and Drink,112,Total
30/01/2022,Food and Drink,113,Total
31/01/2022,Food and Drink,114,Total
01/02/2022,Food and Drink,115,Total
02/02/2022,Food and Drink,115,Total
03/02/2022,Food and Drink,114,Total
04/02/2022,Food and Drink,114,Total
05/02/2022,Food and Drink,113,Total
06/02/2022,Food and Drink,113,Total
07/02/2022,Food and Drink,112,Total
08/02/2022,Food and Drink,110,Total
09/02/2022,Food and Drink,109,Total
10/02/2022,Food and Drink,110,Total
11/02/2022,Food and Drink,110,Total
12/02/2022,Food and Drink,111,Total
13/02/2022,Food and Drink,112,Total
14/02/2022,Food and Drink,113,Total
15/02/2022,Food and Drink,114,Total
16/02/2022,Food and Drink,115,Total
17/02/2022,Food and Drink,115,Total
18/02/2022,Food and Drink,115,Total
19/02/2022,Food and Drink,115,Total
20/02/2022,Food and Drink,114,Total
21/02/2022,Food and Drink,113,Total
22/02/2022,Food and Drink,112,Total
23/02/2022,Food and Drink,112,Total
24/02/2022,Food and Drink,113,Total
25/02/2022,Food and Drink,114,Total
26/02/2022,Food and Drink,114,Total
27/02/2022,Food and Drink,114,Total
28/02/2022,Food and Drink,117,Total
01/03/2022,Food and Drink,118,Total
02/03/2022,Food and Drink,119,Total
03/03/2022,Food and Drink,118,Total
04/03/2022,Food and Drink,118,Total
05/03/2022,Food and Drink,118,Total
06/03/2022,Food and Drink,118,Total
07/03/2022,Food and Drink,117,Total
08/03/2022,Food and Drink,115,Total
09/03/2022,Food and Drink,115,Total
10/03/2022,Food and Drink,114,Total
11/03/2022,Food and Drink,114,Total
12/03/2022,Food and Drink,113,Total
13/03/2022,Food and Drink,113,Total
14/03/2022,Food and Drink,112,Total
15/03/2022,Food and Drink,112,Total
16/03/2022,Food and Drink,112,Total
17/03/2022,Food and Drink,112,Total
18/03/2022,Food and Drink,112,Total
19/03/2022,Food and Drink,112,Total
20/03/2022,Food and Drink,113,Total
21/03/2022,Food and Drink,112,Total
22/03/2022,Food and Drink,113,Total
23/03/2022,Food and Drink,113,Total
24/03/2022,Food and Drink,114,Total
25/03/2022,Food and Drink,115,Total
26/03/2022,Food and Drink,116,Total
27/03/2022,Food and Drink,117,Total
28/03/2022,Food and Drink,120,Total
29/03/2022,Food and Drink,121,Total
30/03/2022,Food and Drink,123,Total
31/03/2022,Food and Drink,125,Total
01/04/2022,Food and Drink,126,Total
02/04/2022,Food and Drink,127,Total
03/04/2022,Food and Drink,129,Total
04/04/2022,Food and Drink,131,Total
05/04/2022,Food and Drink,132,Total
06/04/2022,Food and Drink,133,Total
07/04/2022,Food and Drink,133,Total
08/04/2022,Food and Drink,132,Total
09/04/2022,Food and Drink,132,Total
10/04/2022,Food and Drink,131,Total
11/04/2022,Food and Drink,129,Total
12/04/2022,Food and Drink,129,Total
13/04/2022,Food and Drink,129,Total
14/04/2022,Food and Drink,131,Total
15/04/2022,Food and Drink,131,Total
16/04/2022,Food and Drink,129,Total
17/04/2022,Food and Drink,127,Total
18/04/2022,Food and Drink,125,Total
19/04/2022,Food and Drink,125,Total
20/04/2022,Food and Drink,123,Total
21/04/2022,Food and Drink,121,Total
22/04/2022,Food and Drink,120,Total
23/04/2022,Food and Drink,119,Total
24/04/2022,Food and Drink,119,Total
25/04/2022,Food and Drink,119,Total
26/04/2022,Food and Drink,119,Total
27/04/2022,Food and Drink,119,Total
28/04/2022,Food and Drink,120,Total
29/04/2022,Food and Drink,122,Total
30/04/2022,Food and Drink,125,Total
01/05/2022,Food and Drink,128,Total
02/05/2022,Food and Drink,129,Total
03/05/2022,Food and Drink,129,Total
04/05/2022,Food and Drink,129,Total
05/05/2022,Food and Drink,128,Total
06/05/2022,Food and Drink,127,Total
07/05/2022,Food and Drink,125,Total
08/05/2022,Food and Drink,123,Total
09/05/2022,Food and Drink,123,Total
10/05/2022,Food and Drink,123,Total
11/05/2022,Food and Drink,124,Total
12/05/2022,Food and Drink,125,Total
13/05/2022,Food and Drink,124,Total
14/05/2022,Food and Drink,124,Total
15/05/2022,Food and Drink,124,Total
16/05/2022,Food and Drink,123,Total
17/05/2022,Food and Drink,122,Total
18/05/2022,Food and Drink,120,Total
19/05/2022,Food and Drink,118,Total
20/05/2022,Food and Drink,118,Total
21/05/2022,Food and Drink,118,Total
22/05/2022,Food and Drink,118,Total
23/05/2022,Food and Drink,118,Total
24/05/2022,Food and Drink,118,Total
25/05/2022,Food and Drink,119,Total
26/05/2022,Food and Drink,120,Total
27/05/2022,Food and Drink,122,Total
28/05/2022,Food and Drink,124,Total
29/05/2022,Food and Drink,126,Total
30/05/2022,Food and Drink,129,Total
31/05/2022,Food and Drink,132,Total
01/06/2022,Food and Drink,137,Total
02/06/2022,Food and Drink,140,Total
03/06/2022,Food and Drink,140,Total
04/06/2022,Food and Drink,140,Total
05/06/2022,Food and Drink,139,Total
06/06/2022,Food and Drink,137,Total
07/06/2022,Food and Drink,135,Total
08/06/2022,Food and Drink,131,Total
09/06/2022,Food and Drink,127,Total
10/06/2022,Food and Drink,126,Total
11/06/2022,Food and Drink,126,Total
12/06/2022,Food and Drink,125,Total
13/06/2022,Food and Drink,126,Total
14/06/2022,Food and Drink,126,Total
15/06/2022,Food and Drink,126,Total
16/06/2022,Food and Drink,126,Total
17/06/2022,Food and Drink,125,Total
18/06/2022,Food and Drink,125,Total
19/06/2022,Food and Drink,125,Total
20/06/2022,Food and Drink,124,Total
21/06/2022,Food and Drink,123,Total
22/06/2022,Food and Drink,121,Total
23/06/2022,Food and Drink,121,Total
24/06/2022,Food and Drink,121,Total
25/06/2022,Food and Drink,120,Total
26/06/2022,Food and Drink,120,Total
27/06/2022,Food and Drink,121,Total
28/06/2022,Food and Drink,123,Total
29/06/2022,Food and Drink,124,Total
30/06/2022,Food and Drink,127,Total
01/07/2022,Food and Drink,128,Total
02/07/2022,Food and Drink,129,Total
03/07/2022,Food and Drink,130,Total
01/01/2020,Travel and accomodation,114,Total
02/01/2020,Travel and accomodation,117,Total
03/01/2020,Travel and accomodation,117,Total
04/01/2020,Travel and accomodation,116,Total
05/01/2020,Travel and accomodation,113,Total
06/01/2020,Travel and accomodation,108,Total
07/01/2020,Travel and accomodation,103,Total
08/01/2020,Travel and accomodation,103,Total
09/01/2020,Travel and accomodation,99,Total
10/01/2020,Travel and accomodation,95,Total
11/01/2020,Travel and accomodation,93,Total
12/01/2020,Travel and accomodation,92,Total
13/01/2020,Travel and accomodation,91,Total
14/01/2020,Travel and accomodation,90,Total
15/01/2020,Travel and accomodation,89,Total
16/01/2020,Travel and accomodation,89,Total
17/01/2020,Travel and accomodation,89,Total
18/01/2020,Travel and accomodation,90,Total
19/01/2020,Travel and accomodation,90,Total
20/01/2020,Travel and accomodation,90,Total
21/01/2020,Travel and accomodation,91,Total
22/01/2020,Travel and accomodation,92,Total
23/01/2020,Travel and accomodation,91,Total
24/01/2020,Travel and accomodation,92,Total
25/01/2020,Travel and accomodation,92,Total
26/01/2020,Travel and accomodation,93,Total
27/01/2020,Travel and accomodation,93,Total
28/01/2020,Travel and accomodation,93,Total
29/01/2020,Travel and accomodation,93,Total
30/01/2020,Travel and accomodation,94,Total
31/01/2020,Travel and accomodation,96,Total
01/02/2020,Travel and accomodation,97,Total
02/02/2020,Travel and accomodation,99,Total
03/02/2020,Travel and accomodation,100,Total
04/02/2020,Travel and accomodation,100,Total
05/02/2020,Travel and accomodation,99,Total
06/02/2020,Travel and accomodation,99,Total
07/02/2020,Travel and accomodation,97,Total
08/02/2020,Travel and accomodation,97,Total
09/02/2020,Travel and accomodation,96,Total
10/02/2020,Travel and accomodation,95,Total
11/02/2020,Travel and accomodation,95,Total
12/02/2020,Travel and accomodation,95,Total
13/02/2020,Travel and accomodation,94,Total
14/02/2020,Travel and accomodation,95,Total
15/02/2020,Travel and accomodation,95,Total
16/02/2020,Travel and accomodation,98,Total
17/02/2020,Travel and accomodation,99,Total
18/02/2020,Travel and accomodation,101,Total
19/02/2020,Travel and accomodation,103,Total
20/02/2020,Travel and accomodation,105,Total
21/02/2020,Travel and accomodation,107,Total
22/02/2020,Travel and accomodation,108,Total
23/02/2020,Travel and accomodation,106,Total
24/02/2020,Travel and accomodation,104,Total
25/02/2020,Travel and accomodation,102,Total
26/02/2020,Travel and accomodation,101,Total
27/02/2020,Travel and accomodation,99,Total
28/02/2020,Travel and accomodation,98,Total
29/02/2020,Travel and accomodation,97,Total
01/03/2020,Travel and accomodation,97,Total
02/03/2020,Travel and accomodation,98,Total
03/03/2020,Travel and accomodation,98,Total
04/03/2020,Travel and accomodation,99,Total
05/03/2020,Travel and accomodation,99,Total
06/03/2020,Travel and accomodation,98,Total
07/03/2020,Travel and accomodation,97,Total
08/03/2020,Travel and accomodation,96,Total
09/03/2020,Travel and accomodation,95,Total
10/03/2020,Travel and accomodation,95,Total
11/03/2020,Travel and accomodation,94,Total
12/03/2020,Travel and accomodation,93,Total
13/03/2020,Travel and accomodation,92,Total
14/03/2020,Travel and accomodation,90,Total
15/03/2020,Travel and accomodation,87,Total
16/03/2020,Travel and accomodation,85,Total
17/03/2020,Travel and accomodation,82,Total
18/03/2020,Travel and accomodation,80,Total
19/03/2020,Travel and accomodation,77,Total
20/03/2020,Travel and accomodation,71,Total
21/03/2020,Travel and accomodation,65,Total
22/03/2020,Travel and accomodation,60,Total
23/03/2020,Travel and accomodation,57,Total
24/03/2020,Travel and accomodation,53,Total
25/03/2020,Travel and accomodation,49,Total
26/03/2020,Travel and accomodation,46,Total
27/03/2020,Travel and accomodation,44,Total
28/03/2020,Travel and accomodation,42,Total
29/03/2020,Travel and accomodation,41,Total
30/03/2020,Travel and accomodation,40,Total
31/03/2020,Travel and accomodation,40,Total
01/04/2020,Travel and accomodation,41,Total
02/04/2020,Travel and accomodation,41,Total
03/04/2020,Travel and accomodation,41,Total
04/04/2020,Travel and accomodation,41,Total
05/04/2020,Travel and accomodation,42,Total
06/04/2020,Travel and accomodation,42,Total
07/04/2020,Travel and accomodation,42,Total
08/04/2020,Travel and accomodation,41,Total
09/04/2020,Travel and accomodation,42,Total
10/04/2020,Travel and accomodation,42,Total
11/04/2020,Travel and accomodation,41,Total
12/04/2020,Travel and accomodation,40,Total
13/04/2020,Travel and accomodation,39,Total
14/04/2020,Travel and accomodation,39,Total
15/04/2020,Travel and accomodation,39,Total
16/04/2020,Travel and accomodation,38,Total
17/04/2020,Travel and accomodation,38,Total
18/04/2020,Travel and accomodation,38,Total
19/04/2020,Travel and accomodation,39,Total
20/04/2020,Travel and accomodation,40,Total
21/04/2020,Travel and accomodation,40,Total
22/04/2020,Travel and accomodation,40,Total
23/04/2020,Travel and accomodation,40,Total
24/04/2020,Travel and accomodation,40,Total
25/04/2020,Travel and accomodation,41,Total
26/04/2020,Travel and accomodation,41,Total
27/04/2020,Travel and accomodation,42,Total
28/04/2020,Travel and accomodation,42,Total
29/04/2020,Travel and accomodation,43,Total
30/04/2020,Travel and accomodation,45,Total
01/05/2020,Travel and accomodation,45,Total
02/05/2020,Travel and accomodation,45,Total
03/05/2020,Travel and accomodation,46,Total
04/05/2020,Travel and accomodation,47,Total
05/05/2020,Travel and accomodation,47,Total
06/05/2020,Travel and accomodation,47,Total
07/05/2020,Travel and accomodation,47,Total
08/05/2020,Travel and accomodation,47,Total
09/05/2020,Travel and accomodation,47,Total
10/05/2020,Travel and accomodation,47,Total
11/05/2020,Travel and accomodation,46,Total
12/05/2020,Travel and accomodation,47,Total
13/05/2020,Travel and accomodation,47,Total
14/05/2020,Travel and accomodation,46,Total
15/05/2020,Travel and accomodation,47,Total
16/05/2020,Travel and accomodation,48,Total
17/05/2020,Travel and accomodation,48,Total
18/05/2020,Travel and accomodation,49,Total
19/05/2020,Travel and accomodation,49,Total
20/05/2020,Travel and accomodation,50,Total
21/05/2020,Travel and accomodation,51,Total
22/05/2020,Travel and accomodation,51,Total
23/05/2020,Travel and accomodation,52,Total
24/05/2020,Travel and accomodation,52,Total
25/05/2020,Travel and accomodation,52,Total
26/05/2020,Travel and accomodation,53,Total
27/05/2020,Travel and accomodation,53,Total
28/05/2020,Travel and accomodation,54,Total
29/05/2020,Travel and accomodation,55,Total
30/05/2020,Travel and accomodation,55,Total
31/05/2020,Travel and accomodation,56,Total
01/06/2020,Travel and accomodation,58,Total
02/06/2020,Travel and accomodation,58,Total
03/06/2020,Travel and accomodation,59,Total
04/06/2020,Travel and accomodation,59,Total
05/06/2020,Travel and accomodation,58,Total
06/06/2020,Travel and accomodation,58,Total
07/06/2020,Travel and accomodation,58,Total
08/06/2020,Travel and accomodation,58,Total
09/06/2020,Travel and accomodation,58,Total
10/06/2020,Travel and accomodation,57,Total
11/06/2020,Travel and accomodation,57,Total
12/06/2020,Travel and accomodation,57,Total
13/06/2020,Travel and accomodation,57,Total
14/06/2020,Travel and accomodation,57,Total
15/06/2020,Travel and accomodation,58,Total
16/06/2020,Travel and accomodation,58,Total
17/06/2020,Travel and accomodation,59,Total
18/06/2020,Travel and accomodation,60,Total
19/06/2020,Travel and accomodation,60,Total
20/06/2020,Travel and accomodation,61,Total
21/06/2020,Travel and accomodation,61,Total
22/06/2020,Travel and accomodation,61,Total
23/06/2020,Travel and accomodation,61,Total
24/06/2020,Travel and accomodation,61,Total
25/06/2020,Travel and accomodation,62,Total
26/06/2020,Travel and accomodation,63,Total
27/06/2020,Travel and accomodation,64,Total
28/06/2020,Travel and accomodation,65,Total
29/06/2020,Travel and accomodation,65,Total
30/06/2020,Travel and accomodation,67,Total
01/07/2020,Travel and accomodation,68,Total
02/07/2020,Travel and accomodation,69,Total
03/07/2020,Travel and accomodation,69,Total
04/07/2020,Travel and accomodation,71,Total
05/07/2020,Travel and accomodation,71,Total
06/07/2020,Travel and accomodation,73,Total
07/07/2020,Travel and accomodation,73,Total
08/07/2020,Travel and accomodation,73,Total
09/07/2020,Travel and accomodation,74,Total
10/07/2020,Travel and accomodation,75,Total
11/07/2020,Travel and accomodation,76,Total
12/07/2020,Travel and accomodation,76,Total
13/07/2020,Travel and accomodation,77,Total
14/07/2020,Travel and accomodation,77,Total
15/07/2020,Travel and accomodation,78,Total
16/07/2020,Travel and accomodation,79,Total
17/07/2020,Travel and accomodation,79,Total
18/07/2020,Travel and accomodation,80,Total
19/07/2020,Travel and accomodation,80,Total
20/07/2020,Travel and accomodation,81,Total
21/07/2020,Travel and accomodation,82,Total
22/07/2020,Travel and accomodation,82,Total
23/07/2020,Travel and accomodation,82,Total
24/07/2020,Travel and accomodation,83,Total
25/07/2020,Travel and accomodation,84,Total
26/07/2020,Travel and accomodation,85,Total
27/07/2020,Travel and accomodation,86,Total
28/07/2020,Travel and accomodation,87,Total
29/07/2020,Travel and accomodation,88,Total
30/07/2020,Travel and accomodation,90,Total
31/07/2020,Travel and accomodation,92,Total
01/08/2020,Travel and accomodation,93,Total
02/08/2020,Travel and accomodation,94,Total
03/08/2020,Travel and accomodation,95,Total
04/08/2020,Travel and accomodation,96,Total
05/08/2020,Travel and accomodation,96,Total
06/08/2020,Travel and accomodation,96,Total
07/08/2020,Travel and accomodation,96,Total
08/08/2020,Travel and accomodation,95,Total
09/08/2020,Travel and accomodation,95,Total
10/08/2020,Travel and accomodation,96,Total
11/08/2020,Travel and accomodation,96,Total
12/08/2020,Travel and accomodation,96,Total
13/08/2020,Travel and accomodation,96,Total
14/08/2020,Travel and accomodation,96,Total
15/08/2020,Travel and accomodation,95,Total
16/08/2020,Travel and accomodation,95,Total
17/08/2020,Travel and accomodation,94,Total
18/08/2020,Travel and accomodation,94,Total
19/08/2020,Travel and accomodation,93,Total
20/08/2020,Travel and accomodation,93,Total
21/08/2020,Travel and accomodation,92,Total
22/08/2020,Travel and accomodation,93,Total
23/08/2020,Travel and accomodation,93,Total
24/08/2020,Travel and accomodation,93,Total
25/08/2020,Travel and accomodation,93,Total
26/08/2020,Travel and accomodation,93,Total
27/08/2020,Travel and accomodation,93,Total
28/08/2020,Travel and accomodation,94,Total
29/08/2020,Travel and accomodation,95,Total
30/08/2020,Travel and accomodation,95,Total
31/08/2020,Travel and accomodation,96,Total
01/09/2020,Travel and accomodation,96,Total
02/09/2020,Travel and accomodation,95,Total
03/09/2020,Travel and accomodation,95,Total
04/09/2020,Travel and accomodation,93,Total
05/09/2020,Travel and accomodation,92,Total
06/09/2020,Travel and accomodation,91,Total
07/09/2020,Travel and accomodation,88,Total
08/09/2020,Travel and accomodation,87,Total
09/09/2020,Travel and accomodation,86,Total
10/09/2020,Travel and accomodation,85,Total
11/09/2020,Travel and accomodation,84,Total
12/09/2020,Travel and accomodation,84,Total
13/09/2020,Travel and accomodation,84,Total
14/09/2020,Travel and accomodation,83,Total
15/09/2020,Travel and accomodation,83,Total
16/09/2020,Travel and accomodation,83,Total
17/09/2020,Travel and accomodation,83,Total
18/09/2020,Travel and accomodation,83,Total
19/09/2020,Travel and accomodation,82,Total
20/09/2020,Travel and accomodation,82,Total
21/09/2020,Travel and accomodation,82,Total
22/09/2020,Travel and accomodation,81,Total
23/09/2020,Travel and accomodation,81,Total
24/09/2020,Travel and accomodation,80,Total
25/09/2020,Travel and accomodation,81,Total
26/09/2020,Travel and accomodation,81,Total
27/09/2020,Travel and accomodation,81,Total
28/09/2020,Travel and accomodation,82,Total
29/09/2020,Travel and accomodation,82,Total
30/09/2020,Travel and accomodation,84,Total
01/10/2020,Travel and accomodation,85,Total
02/10/2020,Travel and accomodation,85,Total
03/10/2020,Travel and accomodation,84,Total
04/10/2020,Travel and accomodation,84,Total
05/10/2020,Travel and accomodation,84,Total
06/10/2020,Travel and accomodation,84,Total
07/10/2020,Travel and accomodation,82,Total
08/10/2020,Travel and accomodation,80,Total
09/10/2020,Travel and accomodation,79,Total
10/10/2020,Travel and accomodation,79,Total
11/10/2020,Travel and accomodation,78,Total
12/10/2020,Travel and accomodation,78,Total
13/10/2020,Travel and accomodation,78,Total
14/10/2020,Travel and accomodation,78,Total
15/10/2020,Travel and accomodation,78,Total
16/10/2020,Travel and accomodation,78,Total
17/10/2020,Travel and accomodation,77,Total
18/10/2020,Travel and accomodation,76,Total
19/10/2020,Travel and accomodation,76,Total
20/10/2020,Travel and accomodation,75,Total
21/10/2020,Travel and accomodation,74,Total
22/10/2020,Travel and accomodation,74,Total
23/10/2020,Travel and accomodation,74,Total
24/10/2020,Travel and accomodation,74,Total
25/10/2020,Travel and accomodation,74,Total
26/10/2020,Travel and accomodation,74,Total
27/10/2020,Travel and accomodation,74,Total
28/10/2020,Travel and accomodation,75,Total
29/10/2020,Travel and accomodation,76,Total
30/10/2020,Travel and accomodation,78,Total
31/10/2020,Travel and accomodation,79,Total
01/11/2020,Travel and accomodation,80,Total
02/11/2020,Travel and accomodation,81,Total
03/11/2020,Travel and accomodation,82,Total
04/11/2020,Travel and accomodation,83,Total
05/11/2020,Travel and accomodation,81,Total
06/11/2020,Travel and accomodation,78,Total
07/11/2020,Travel and accomodation,75,Total
08/11/2020,Travel and accomodation,73,Total
09/11/2020,Travel and accomodation,72,Total
10/11/2020,Travel and accomodation,70,Total
11/11/2020,Travel and accomodation,67,Total
12/11/2020,Travel and accomodation,67,Total
13/11/2020,Travel and accomodation,68,Total
14/11/2020,Travel and accomodation,68,Total
15/11/2020,Travel and accomodation,68,Total
16/11/2020,Travel and accomodation,67,Total
17/11/2020,Travel and accomodation,67,Total
18/11/2020,Travel and accomodation,67,Total
19/11/2020,Travel and accomodation,67,Total
20/11/2020,Travel and accomodation,67,Total
21/11/2020,Travel and accomodation,68,Total
22/11/2020,Travel and accomodation,68,Total
23/11/2020,Travel and accomodation,69,Total
24/11/2020,Travel and accomodation,70,Total
25/11/2020,Travel and accomodation,72,Total
26/11/2020,Travel and accomodation,74,Total
27/11/2020,Travel and accomodation,80,Total
28/11/2020,Travel and accomodation,82,Total
29/11/2020,Travel and accomodation,83,Total
30/11/2020,Travel and accomodation,86,Total
01/12/2020,Travel and accomodation,87,Total
02/12/2020,Travel and accomodation,88,Total
03/12/2020,Travel and accomodation,89,Total
04/12/2020,Travel and accomodation,85,Total
05/12/2020,Travel and accomodation,86,Total
06/12/2020,Travel and accomodation,87,Total
07/12/2020,Travel and accomodation,85,Total
08/12/2020,Travel and accomodation,85,Total
09/12/2020,Travel and accomodation,85,Total
10/12/2020,Travel and accomodation,85,Total
11/12/2020,Travel and accomodation,85,Total
12/12/2020,Travel and accomodation,85,Total
13/12/2020,Travel and accomodation,85,Total
14/12/2020,Travel and accomodation,86,Total
15/12/2020,Travel and accomodation,87,Total
16/12/2020,Travel and accomodation,87,Total
17/12/2020,Travel and accomodation,88,Total
18/12/2020,Travel and accomodation,89,Total
19/12/2020,Travel and accomodation,89,Total
20/12/2020,Travel and accomodation,89,Total
21/12/2020,Travel and accomodation,91,Total
22/12/2020,Travel and accomodation,93,Total
23/12/2020,Travel and accomodation,97,Total
24/12/2020,Travel and accomodation,96,Total
25/12/2020,Travel and accomodation,87,Total
26/12/2020,Travel and accomodation,80,Total
27/12/2020,Travel and accomodation,78,Total
28/12/2020,Travel and accomodation,74,Total
29/12/2020,Travel and accomodation,71,Total
30/12/2020,Travel and accomodation,68,Total
31/12/2020,Travel and accomodation,67,Total
01/01/2021,Travel and accomodation,69,Total
02/01/2021,Travel and accomodation,71,Total
03/01/2021,Travel and accomodation,70,Total
04/01/2021,Travel and accomodation,71,Total
05/01/2021,Travel and accomodation,70,Total
06/01/2021,Travel and accomodation,67,Total
07/01/2021,Travel and accomodation,66,Total
08/01/2021,Travel and accomodation,71,Total
09/01/2021,Travel and accomodation,72,Total
10/01/2021,Travel and accomodation,71,Total
11/01/2021,Travel and accomodation,71,Total
12/01/2021,Travel and accomodation,70,Total
13/01/2021,Travel and accomodation,69,Total
14/01/2021,Travel and accomodation,68,Total
15/01/2021,Travel and accomodation,67,Total
16/01/2021,Travel and accomodation,67,Total
17/01/2021,Travel and accomodation,66,Total
18/01/2021,Travel and accomodation,65,Total
19/01/2021,Travel and accomodation,65,Total
20/01/2021,Travel and accomodation,65,Total
21/01/2021,Travel and accomodation,65,Total
22/01/2021,Travel and accomodation,65,Total
23/01/2021,Travel and accomodation,65,Total
24/01/2021,Travel and accomodation,65,Total
25/01/2021,Travel and accomodation,66,Total
26/01/2021,Travel and accomodation,66,Total
27/01/2021,Travel and accomodation,67,Total
28/01/2021,Travel and accomodation,69,Total
29/01/2021,Travel and accomodation,71,Total
30/01/2021,Travel and accomodation,72,Total
31/01/2021,Travel and accomodation,73,Total
01/02/2021,Travel and accomodation,74,Total
02/02/2021,Travel and accomodation,75,Total
03/02/2021,Travel and accomodation,74,Total
04/02/2021,Travel and accomodation,73,Total
05/02/2021,Travel and accomodation,72,Total
06/02/2021,Travel and accomodation,71,Total
07/02/2021,Travel and accomodation,70,Total
08/02/2021,Travel and accomodation,69,Total
09/02/2021,Travel and accomodation,68,Total
10/02/2021,Travel and accomodation,68,Total
11/02/2021,Travel and accomodation,68,Total
12/02/2021,Travel and accomodation,68,Total
13/02/2021,Travel and accomodation,68,Total
14/02/2021,Travel and accomodation,68,Total
15/02/2021,Travel and accomodation,68,Total
16/02/2021,Travel and accomodation,68,Total
17/02/2021,Travel and accomodation,67,Total
18/02/2021,Travel and accomodation,67,Total
19/02/2021,Travel and accomodation,67,Total
20/02/2021,Travel and accomodation,66,Total
21/02/2021,Travel and accomodation,66,Total
22/02/2021,Travel and accomodation,66,Total
23/02/2021,Travel and accomodation,66,Total
24/02/2021,Travel and accomodation,66,Total
25/02/2021,Travel and accomodation,67,Total
26/02/2021,Travel and accomodation,70,Total
27/02/2021,Travel and accomodation,71,Total
28/02/2021,Travel and accomodation,72,Total
01/03/2021,Travel and accomodation,73,Total
02/03/2021,Travel and accomodation,74,Total
03/03/2021,Travel and accomodation,75,Total
04/03/2021,Travel and accomodation,74,Total
05/03/2021,Travel and accomodation,73,Total
06/03/2021,Travel and accomodation,72,Total
07/03/2021,Travel and accomodation,72,Total
08/03/2021,Travel and accomodation,71,Total
09/03/2021,Travel and accomodation,71,Total
10/03/2021,Travel and accomodation,70,Total
11/03/2021,Travel and accomodation,70,Total
12/03/2021,Travel and accomodation,70,Total
13/03/2021,Travel and accomodation,70,Total
14/03/2021,Travel and accomodation,69,Total
15/03/2021,Travel and accomodation,70,Total
16/03/2021,Travel and accomodation,70,Total
17/03/2021,Travel and accomodation,70,Total
18/03/2021,Travel and accomodation,70,Total
19/03/2021,Travel and accomodation,70,Total
20/03/2021,Travel and accomodation,70,Total
21/03/2021,Travel and accomodation,70,Total
22/03/2021,Travel and accomodation,69,Total
23/03/2021,Travel and accomodation,69,Total
24/03/2021,Travel and accomodation,69,Total
25/03/2021,Travel and accomodation,70,Total
26/03/2021,Travel and accomodation,71,Total
27/03/2021,Travel and accomodation,72,Total
28/03/2021,Travel and accomodation,72,Total
29/03/2021,Travel and accomodation,73,Total
30/03/2021,Travel and accomodation,73,Total
31/03/2021,Travel and accomodation,76,Total
01/04/2021,Travel and accomodation,77,Total
02/04/2021,Travel and accomodation,77,Total
03/04/2021,Travel and accomodation,76,Total
04/04/2021,Travel and accomodation,74,Total
05/04/2021,Travel and accomodation,74,Total
06/04/2021,Travel and accomodation,76,Total
07/04/2021,Travel and accomodation,74,Total
08/04/2021,Travel and accomodation,72,Total
09/04/2021,Travel and accomodation,72,Total
10/04/2021,Travel and accomodation,72,Total
11/04/2021,Travel and accomodation,74,Total
12/04/2021,Travel and accomodation,74,Total
13/04/2021,Travel and accomodation,74,Total
14/04/2021,Travel and accomodation,74,Total
15/04/2021,Travel and accomodation,75,Total
16/04/2021,Travel and accomodation,75,Total
17/04/2021,Travel and accomodation,76,Total
18/04/2021,Travel and accomodation,77,Total
19/04/2021,Travel and accomodation,77,Total
20/04/2021,Travel and accomodation,76,Total
21/04/2021,Travel and accomodation,76,Total
22/04/2021,Travel and accomodation,75,Total
23/04/2021,Travel and accomodation,75,Total
24/04/2021,Travel and accomodation,76,Total
25/04/2021,Travel and accomodation,76,Total
26/04/2021,Travel and accomodation,76,Total
27/04/2021,Travel and accomodation,77,Total
28/04/2021,Travel and accomodation,77,Total
29/04/2021,Travel and accomodation,79,Total
30/04/2021,Travel and accomodation,81,Total
01/05/2021,Travel and accomodation,82,Total
02/05/2021,Travel and accomodation,83,Total
03/05/2021,Travel and accomodation,84,Total
04/05/2021,Travel and accomodation,84,Total
05/05/2021,Travel and accomodation,85,Total
06/05/2021,Travel and accomodation,85,Total
07/05/2021,Travel and accomodation,82,Total
08/05/2021,Travel and accomodation,82,Total
09/05/2021,Travel and accomodation,82,Total
10/05/2021,Travel and accomodation,83,Total
11/05/2021,Travel and accomodation,83,Total
12/05/2021,Travel and accomodation,83,Total
13/05/2021,Travel and accomodation,82,Total
14/05/2021,Travel and accomodation,82,Total
15/05/2021,Travel and accomodation,82,Total
16/05/2021,Travel and accomodation,81,Total
17/05/2021,Travel and accomodation,80,Total
18/05/2021,Travel and accomodation,79,Total
19/05/2021,Travel and accomodation,79,Total
20/05/2021,Travel and accomodation,79,Total
21/05/2021,Travel and accomodation,80,Total
22/05/2021,Travel and accomodation,80,Total
23/05/2021,Travel and accomodation,80,Total
24/05/2021,Travel and accomodation,81,Total
25/05/2021,Travel and accomodation,81,Total
26/05/2021,Travel and accomodation,81,Total
27/05/2021,Travel and accomodation,82,Total
28/05/2021,Travel and accomodation,84,Total
29/05/2021,Travel and accomodation,86,Total
30/05/2021,Travel and accomodation,87,Total
31/05/2021,Travel and accomodation,88,Total
01/06/2021,Travel and accomodation,90,Total
02/06/2021,Travel and accomodation,91,Total
03/06/2021,Travel and accomodation,91,Total
04/06/2021,Travel and accomodation,90,Total
05/06/2021,Travel and accomodation,90,Total
06/06/2021,Travel and accomodation,89,Total
07/06/2021,Travel and accomodation,89,Total
08/06/2021,Travel and accomodation,87,Total
09/06/2021,Travel and accomodation,87,Total
10/06/2021,Travel and accomodation,86,Total
11/06/2021,Travel and accomodation,86,Total
12/06/2021,Travel and accomodation,86,Total
13/06/2021,Travel and accomodation,86,Total
14/06/2021,Travel and accomodation,85,Total
15/06/2021,Travel and accomodation,86,Total
16/06/2021,Travel and accomodation,85,Total
17/06/2021,Travel and accomodation,85,Total
18/06/2021,Travel and accomodation,85,Total
19/06/2021,Travel and accomodation,85,Total
20/06/2021,Travel and accomodation,85,Total
21/06/2021,Travel and accomodation,85,Total
22/06/2021,Travel and accomodation,85,Total
23/06/2021,Travel and accomodation,85,Total
24/06/2021,Travel and accomodation,85,Total
25/06/2021,Travel and accomodation,86,Total
26/06/2021,Travel and accomodation,87,Total
27/06/2021,Travel and accomodation,88,Total
28/06/2021,Travel and accomodation,88,Total
29/06/2021,Travel and accomodation,89,Total
30/06/2021,Travel and accomodation,91,Total
01/07/2021,Travel and accomodation,93,Total
02/07/2021,Travel and accomodation,93,Total
03/07/2021,Travel and accomodation,94,Total
04/07/2021,Travel and accomodation,95,Total
05/07/2021,Travel and accomodation,96,Total
06/07/2021,Travel and accomodation,96,Total
07/07/2021,Travel and accomodation,96,Total
08/07/2021,Travel and accomodation,95,Total
09/07/2021,Travel and accomodation,95,Total
10/07/2021,Travel and accomodation,95,Total
11/07/2021,Travel and accomodation,95,Total
12/07/2021,Travel and accomodation,95,Total
13/07/2021,Travel and accomodation,95,Total
14/07/2021,Travel and accomodation,95,Total
15/07/2021,Travel and accomodation,96,Total
16/07/2021,Travel and accomodation,96,Total
17/07/2021,Travel and accomodation,96,Total
18/07/2021,Travel and accomodation,96,Total
19/07/2021,Travel and accomodation,97,Total
20/07/2021,Travel and accomodation,97,Total
21/07/2021,Travel and accomodation,98,Total
22/07/2021,Travel and accomodation,98,Total
23/07/2021,Travel and accomodation,98,Total
24/07/2021,Travel and accomodation,99,Total
25/07/2021,Travel and accomodation,100,Total
26/07/2021,Travel and accomodation,100,Total
27/07/2021,Travel and accomodation,101,Total
28/07/2021,Travel and accomodation,102,Total
29/07/2021,Travel and accomodation,104,Total
30/07/2021,Travel and accomodation,105,Total
31/07/2021,Travel and accomodation,107,Total
01/08/2021,Travel and accomodation,108,Total
02/08/2021,Travel and accomodation,110,Total
03/08/2021,Travel and accomodation,111,Total
04/08/2021,Travel and accomodation,112,Total
05/08/2021,Travel and accomodation,112,Total
06/08/2021,Travel and accomodation,112,Total
07/08/2021,Travel and accomodation,112,Total
08/08/2021,Travel and accomodation,112,Total
09/08/2021,Travel and accomodation,112,Total
10/08/2021,Travel and accomodation,111,Total
11/08/2021,Travel and accomodation,112,Total
12/08/2021,Travel and accomodation,112,Total
13/08/2021,Travel and accomodation,112,Total
14/08/2021,Travel and accomodation,112,Total
15/08/2021,Travel and accomodation,111,Total
16/08/2021,Travel and accomodation,111,Total
17/08/2021,Travel and accomodation,112,Total
18/08/2021,Travel and accomodation,111,Total
19/08/2021,Travel and accomodation,112,Total
20/08/2021,Travel and accomodation,113,Total
21/08/2021,Travel and accomodation,113,Total
22/08/2021,Travel and accomodation,113,Total
23/08/2021,Travel and accomodation,113,Total
24/08/2021,Travel and accomodation,114,Total
25/08/2021,Travel and accomodation,114,Total
26/08/2021,Travel and accomodation,115,Total
27/08/2021,Travel and accomodation,116,Total
28/08/2021,Travel and accomodation,117,Total
29/08/2021,Travel and accomodation,119,Total
30/08/2021,Travel and accomodation,120,Total
31/08/2021,Travel and accomodation,121,Total
01/09/2021,Travel and accomodation,121,Total
02/09/2021,Travel and accomodation,120,Total
03/09/2021,Travel and accomodation,119,Total
04/09/2021,Travel and accomodation,117,Total
05/09/2021,Travel and accomodation,116,Total
06/09/2021,Travel and accomodation,115,Total
07/09/2021,Travel and accomodation,114,Total
08/09/2021,Travel and accomodation,113,Total
09/09/2021,Travel and accomodation,112,Total
10/09/2021,Travel and accomodation,112,Total
11/09/2021,Travel and accomodation,111,Total
12/09/2021,Travel and accomodation,111,Total
13/09/2021,Travel and accomodation,110,Total
14/09/2021,Travel and accomodation,109,Total
15/09/2021,Travel and accomodation,108,Total
16/09/2021,Travel and accomodation,108,Total
17/09/2021,Travel and accomodation,108,Total
18/09/2021,Travel and accomodation,108,Total
19/09/2021,Travel and accomodation,108,Total
20/09/2021,Travel and accomodation,109,Total
21/09/2021,Travel and accomodation,109,Total
22/09/2021,Travel and accomodation,109,Total
23/09/2021,Travel and accomodation,109,Total
24/09/2021,Travel and accomodation,111,Total
25/09/2021,Travel and accomodation,111,Total
26/09/2021,Travel and accomodation,111,Total
27/09/2021,Travel and accomodation,111,Total
28/09/2021,Travel and accomodation,112,Total
29/09/2021,Travel and accomodation,113,Total
30/09/2021,Travel and accomodation,114,Total
01/10/2021,Travel and accomodation,115,Total
02/10/2021,Travel and accomodation,115,Total
03/10/2021,Travel and accomodation,116,Total
04/10/2021,Travel and accomodation,115,Total
05/10/2021,Travel and accomodation,115,Total
06/10/2021,Travel and accomodation,115,Total
07/10/2021,Travel and accomodation,114,Total
08/10/2021,Travel and accomodation,113,Total
09/10/2021,Travel and accomodation,112,Total
10/10/2021,Travel and accomodation,112,Total
11/10/2021,Travel and accomodation,111,Total
12/10/2021,Travel and accomodation,111,Total
13/10/2021,Travel and accomodation,110,Total
14/10/2021,Travel and accomodation,109,Total
15/10/2021,Travel and accomodation,109,Total
16/10/2021,Travel and accomodation,109,Total
17/10/2021,Travel and accomodation,109,Total
18/10/2021,Travel and accomodation,109,Total
19/10/2021,Travel and accomodation,109,Total
20/10/2021,Travel and accomodation,110,Total
21/10/2021,Travel and accomodation,111,Total
22/10/2021,Travel and accomodation,111,Total
23/10/2021,Travel and accomodation,112,Total
24/10/2021,Travel and accomodation,112,Total
25/10/2021,Travel and accomodation,114,Total
26/10/2021,Travel and accomodation,116,Total
27/10/2021,Travel and accomodation,118,Total
28/10/2021,Travel and accomodation,120,Total
29/10/2021,Travel and accomodation,123,Total
30/10/2021,Travel and accomodation,124,Total
31/10/2021,Travel and accomodation,125,Total
01/11/2021,Travel and accomodation,125,Total
02/11/2021,Travel and accomodation,124,Total
03/11/2021,Travel and accomodation,122,Total
04/11/2021,Travel and accomodation,120,Total
05/11/2021,Travel and accomodation,118,Total
06/11/2021,Travel and accomodation,116,Total
07/11/2021,Travel and accomodation,115,Total
08/11/2021,Travel and accomodation,115,Total
09/11/2021,Travel and accomodation,114,Total
10/11/2021,Travel and accomodation,114,Total
11/11/2021,Travel and accomodation,115,Total
12/11/2021,Travel and accomodation,115,Total
13/11/2021,Travel and accomodation,116,Total
14/11/2021,Travel and accomodation,115,Total
15/11/2021,Travel and accomodation,115,Total
16/11/2021,Travel and accomodation,115,Total
17/11/2021,Travel and accomodation,114,Total
18/11/2021,Travel and accomodation,115,Total
19/11/2021,Travel and accomodation,115,Total
20/11/2021,Travel and accomodation,115,Total
21/11/2021,Travel and accomodation,115,Total
22/11/2021,Travel and accomodation,116,Total
23/11/2021,Travel and accomodation,116,Total
24/11/2021,Travel and accomodation,117,Total
25/11/2021,Travel and accomodation,119,Total
26/11/2021,Travel and accomodation,123,Total
27/11/2021,Travel and accomodation,125,Total
28/11/2021,Travel and accomodation,127,Total
29/11/2021,Travel and accomodation,130,Total
30/11/2021,Travel and accomodation,132,Total
01/12/2021,Travel and accomodation,132,Total
02/12/2021,Travel and accomodation,130,Total
03/12/2021,Travel and accomodation,126,Total
04/12/2021,Travel and accomodation,127,Total
05/12/2021,Travel and accomodation,126,Total
06/12/2021,Travel and accomodation,124,Total
07/12/2021,Travel and accomodation,122,Total
08/12/2021,Travel and accomodation,120,Total
09/12/2021,Travel and accomodation,119,Total
10/12/2021,Travel and accomodation,118,Total
11/12/2021,Travel and accomodation,114,Total
12/12/2021,Travel and accomodation,113,Total
13/12/2021,Travel and accomodation,112,Total
14/12/2021,Travel and accomodation,113,Total
15/12/2021,Travel and accomodation,114,Total
16/12/2021,Travel and accomodation,115,Total
17/12/2021,Travel and accomodation,116,Total
18/12/2021,Travel and accomodation,116,Total
19/12/2021,Travel and accomodation,117,Total
20/12/2021,Travel and accomodation,120,Total
21/12/2021,Travel and accomodation,123,Total
22/12/2021,Travel and accomodation,126,Total
23/12/2021,Travel and accomodation,132,Total
24/12/2021,Travel and accomodation,132,Total
25/12/2021,Travel and accomodation,121,Total
26/12/2021,Travel and accomodation,119,Total
27/12/2021,Travel and accomodation,117,Total
28/12/2021,Travel and accomodation,115,Total
29/12/2021,Travel and accomodation,112,Total
30/12/2021,Travel and accomodation,108,Total
31/12/2021,Travel and accomodation,107,Total
01/01/2022,Travel and accomodation,111,Total
02/01/2022,Travel and accomodation,113,Total
03/01/2022,Travel and accomodation,112,Total
04/01/2022,Travel and accomodation,112,Total
05/01/2022,Travel and accomodation,110,Total
06/01/2022,Travel and accomodation,107,Total
07/01/2022,Travel and accomodation,106,Total
08/01/2022,Travel and accomodation,110,Total
09/01/2022,Travel and accomodation,109,Total
10/01/2022,Travel and accomodation,108,Total
11/01/2022,Travel and accomodation,106,Total
12/01/2022,Travel and accomodation,104,Total
13/01/2022,Travel and accomodation,103,Total
14/01/2022,Travel and accomodation,103,Total
15/01/2022,Travel and accomodation,102,Total
16/01/2022,Travel and accomodation,102,Total
17/01/2022,Travel and accomodation,101,Total
18/01/2022,Travel and accomodation,101,Total
19/01/2022,Travel and accomodation,101,Total
20/01/2022,Travel and accomodation,101,Total
21/01/2022,Travel and accomodation,103,Total
22/01/2022,Travel and accomodation,105,Total
23/01/2022,Travel and accomodation,107,Total
24/01/2022,Travel and accomodation,108,Total
25/01/2022,Travel and accomodation,110,Total
26/01/2022,Travel and accomodation,111,Total
27/01/2022,Travel and accomodation,112,Total
28/01/2022,Travel and accomodation,112,Total
29/01/2022,Travel and accomodation,112,Total
30/01/2022,Travel and accomodation,113,Total
31/01/2022,Travel and accomodation,114,Total
01/02/2022,Travel and accomodation,115,Total
02/02/2022,Travel and accomodation,115,Total
03/02/2022,Travel and accomodation,114,Total
04/02/2022,Travel and accomodation,114,Total
05/02/2022,Travel and accomodation,113,Total
06/02/2022,Travel and accomodation,113,Total
07/02/2022,Travel and accomodation,112,Total
08/02/2022,Travel and accomodation,110,Total
09/02/2022,Travel and accomodation,109,Total
10/02/2022,Travel and accomodation,110,Total
11/02/2022,Travel and accomodation,110,Total
12/02/2022,Travel and accomodation,111,Total
13/02/2022,Travel and accomodation,112,Total
14/02/2022,Travel and accomodation,113,Total
15/02/2022,Travel and accomodation,114,Total
16/02/2022,Travel and accomodation,115,Total
17/02/2022,Travel and accomodation,115,Total
18/02/2022,Travel and accomodation,115,Total
19/02/2022,Travel and accomodation,115,Total
20/02/2022,Travel and accomodation,114,Total
21/02/2022,Travel and accomodation,113,Total
22/02/2022,Travel and accomodation,112,Total
23/02/2022,Travel and accomodation,112,Total
24/02/2022,Travel and accomodation,113,Total
25/02/2022,Travel and accomodation,114,Total
26/02/2022,Travel and accomodation,114,Total
27/02/2022,Travel and accomodation,114,Total
28/02/2022,Travel and accomodation,117,Total
01/03/2022,Travel and accomodation,118,Total
02/03/2022,Travel and accomodation,119,Total
03/03/2022,Travel and accomodation,118,Total
04/03/2022,Travel and accomodation,118,Total
05/03/2022,Travel and accomodation,118,Total
06/03/2022,Travel and accomodation,118,Total
07/03/2022,Travel and accomodation,117,Total
08/03/2022,Travel and accomodation,115,Total
09/03/2022,Travel and accomodation,115,Total
10/03/2022,Travel and accomodation,114,Total
11/03/2022,Travel and accomodation,114,Total
12/03/2022,Travel and accomodation,113,Total
13/03/2022,Travel and accomodation,113,Total
14/03/2022,Travel and accomodation,112,Total
15/03/2022,Travel and accomodation,112,Total
16/03/2022,Travel and accomodation,112,Total
17/03/2022,Travel and accomodation,112,Total
18/03/2022,Travel and accomodation,112,Total
19/03/2022,Travel and accomodation,112,Total
20/03/2022,Travel and accomodation,113,Total
21/03/2022,Travel and accomodation,112,Total
22/03/2022,Travel and accomodation,113,Total
23/03/2022,Travel and accomodation,113,Total
24/03/2022,Travel and accomodation,114,Total
25/03/2022,Travel and accomodation,115,Total
26/03/2022,Travel and accomodation,116,Total
27/03/2022,Travel and accomodation,117,Total
28/03/2022,Travel and accomodation,120,Total
29/03/2022,Travel and accomodation,121,Total
30/03/2022,Travel and accomodation,123,Total
31/03/2022,Travel and accomodation,125,Total
01/04/2022,Travel and accomodation,126,Total
02/04/2022,Travel and accomodation,127,Total
03/04/2022,Travel and accomodation,129,Total
04/04/2022,Travel and accomodation,131,Total
05/04/2022,Travel and accomodation,132,Total
06/04/2022,Travel and accomodation,133,Total
07/04/2022,Travel and accomodation,133,Total
08/04/2022,Travel and accomodation,132,Total
09/04/2022,Travel and accomodation,132,Total
10/04/2022,Travel and accomodation,131,Total
11/04/2022,Travel and accomodation,129,Total
12/04/2022,Travel and accomodation,129,Total
13/04/2022,Travel and accomodation,129,Total
14/04/2022,Travel and accomodation,131,Total
15/04/2022,Travel and accomodation,131,Total
16/04/2022,Travel and accomodation,129,Total
17/04/2022,Travel and accomodation,127,Total
18/04/2022,Travel and accomodation,125,Total
19/04/2022,Travel and accomodation,125,Total
20/04/2022,Travel and accomodation,123,Total
21/04/2022,Travel and accomodation,121,Total
22/04/2022,Travel and accomodation,120,Total
23/04/2022,Travel and accomodation,119,Total
24/04/2022,Travel and accomodation,119,Total
25/04/2022,Travel and accomodation,119,Total
26/04/2022,Travel and accomodation,119,Total
27/04/2022,Travel and accomodation,119,Total
28/04/2022,Travel and accomodation,120,Total
29/04/2022,Travel and accomodation,122,Total
30/04/2022,Travel and accomodation,125,Total
01/05/2022,Travel and accomodation,128,Total
02/05/2022,Travel and accomodation,129,Total
03/05/2022,Travel and accomodation,129,Total
04/05/2022,Travel and accomodation,129,Total
05/05/2022,Travel and accomodation,128,Total
06/05/2022,Travel and accomodation,127,Total
07/05/2022,Travel and accomodation,125,Total
08/05/2022,Travel and accomodation,123,Total
09/05/2022,Travel and accomodation,123,Total
10/05/2022,Travel and accomodation,123,Total
11/05/2022,Travel and accomodation,124,Total
12/05/2022,Travel and accomodation,125,Total
13/05/2022,Travel and accomodation,124,Total
14/05/2022,Travel and accomodation,124,Total
15/05/2022,Travel and accomodation,124,Total
16/05/2022,Travel and accomodation,123,Total
17/05/2022,Travel and accomodation,122,Total
18/05/2022,Travel and accomodation,120,Total
19/05/2022,Travel and accomodation,118,Total
20/05/2022,Travel and accomodation,118,Total
21/05/2022,Travel and accomodation,118,Total
22/05/2022,Travel and accomodation,118,Total
23/05/2022,Travel and accomodation,118,Total
24/05/2022,Travel and accomodation,118,Total
25/05/2022,Travel and accomodation,119,Total
26/05/2022,Travel and accomodation,120,Total
27/05/2022,Travel and accomodation,122,Total
28/05/2022,Travel and accomodation,124,Total
29/05/2022,Travel and accomodation,126,Total
30/05/2022,Travel and accomodation,129,Total
31/05/2022,Travel and accomodation,132,Total
01/06/2022,Travel and accomodation,137,Total
02/06/2022,Travel and accomodation,140,Total
03/06/2022,Travel and accomodation,140,Total
04/06/2022,Travel and accomodation,140,Total
05/06/2022,Travel and accomodation,139,Total
06/06/2022,Travel and accomodation,137,Total
07/06/2022,Travel and accomodation,135,Total
08/06/2022,Travel and accomodation,131,Total
09/06/2022,Travel and accomodation,127,Total
10/06/2022,Travel and accomodation,126,Total
11/06/2022,Travel and accomodation,126,Total
12/06/2022,Travel and accomodation,125,Total
13/06/2022,Travel and accomodation,126,Total
14/06/2022,Travel and accomodation,126,Total
15/06/2022,Travel and accomodation,126,Total
16/06/2022,Travel and accomodation,126,Total
17/06/2022,Travel and accomodation,125,Total
18/06/2022,Travel and accomodation,125,Total
19/06/2022,Travel and accomodation,125,Total
20/06/2022,Travel and accomodation,124,Total
21/06/2022,Travel and accomodation,123,Total
22/06/2022,Travel and accomodation,121,Total
23/06/2022,Travel and accomodation,121,Total
24/06/2022,Travel and accomodation,121,Total
25/06/2022,Travel and accomodation,120,Total
26/06/2022,Travel and accomodation,120,Total
27/06/2022,Travel and accomodation,121,Total
28/06/2022,Travel and accomodation,123,Total
29/06/2022,Travel and accomodation,124,Total
30/06/2022,Travel and accomodation,127,Total
01/07/2022,Travel and accomodation,128,Total
02/07/2022,Travel and accomodation,129,Total
03/07/2022,Travel and accomodation,130,Total
01/01/2020,"Pubs, restaurants, and fast food",114,Total
02/01/2020,"Pubs, restaurants, and fast food",117,Total
03/01/2020,"Pubs, restaurants, and fast food",117,Total
04/01/2020,"Pubs, restaurants, and fast food",116,Total
05/01/2020,"Pubs, restaurants, and fast food",113,Total
06/01/2020,"Pubs, restaurants, and fast food",108,Total
07/01/2020,"Pubs, restaurants, and fast food",103,Total
08/01/2020,"Pubs, restaurants, and fast food",103,Total
09/01/2020,"Pubs, restaurants, and fast food",99,Total
10/01/2020,"Pubs, restaurants, and fast food",95,Total
11/01/2020,"Pubs, restaurants, and fast food",93,Total
12/01/2020,"Pubs, restaurants, and fast food",92,Total
13/01/2020,"Pubs, restaurants, and fast food",91,Total
14/01/2020,"Pubs, restaurants, and fast food",90,Total
15/01/2020,"Pubs, restaurants, and fast food",89,Total
16/01/2020,"Pubs, restaurants, and fast food",89,Total
17/01/2020,"Pubs, restaurants, and fast food",89,Total
18/01/2020,"Pubs, restaurants, and fast food",90,Total
19/01/2020,"Pubs, restaurants, and fast food",90,Total
20/01/2020,"Pubs, restaurants, and fast food",90,Total
21/01/2020,"Pubs, restaurants, and fast food",91,Total
22/01/2020,"Pubs, restaurants, and fast food",92,Total
23/01/2020,"Pubs, restaurants, and fast food",91,Total
24/01/2020,"Pubs, restaurants, and fast food",92,Total
25/01/2020,"Pubs, restaurants, and fast food",92,Total
26/01/2020,"Pubs, restaurants, and fast food",93,Total
27/01/2020,"Pubs, restaurants, and fast food",93,Total
28/01/2020,"Pubs, restaurants, and fast food",93,Total
29/01/2020,"Pubs, restaurants, and fast food",93,Total
30/01/2020,"Pubs, restaurants, and fast food",94,Total
31/01/2020,"Pubs, restaurants, and fast food",96,Total
01/02/2020,"Pubs, restaurants, and fast food",97,Total
02/02/2020,"Pubs, restaurants, and fast food",99,Total
03/02/2020,"Pubs, restaurants, and fast food",100,Total
04/02/2020,"Pubs, restaurants, and fast food",100,Total
05/02/2020,"Pubs, restaurants, and fast food",99,Total
06/02/2020,"Pubs, restaurants, and fast food",99,Total
07/02/2020,"Pubs, restaurants, and fast food",97,Total
08/02/2020,"Pubs, restaurants, and fast food",97,Total
09/02/2020,"Pubs, restaurants, and fast food",96,Total
10/02/2020,"Pubs, restaurants, and fast food",95,Total
11/02/2020,"Pubs, restaurants, and fast food",95,Total
12/02/2020,"Pubs, restaurants, and fast food",95,Total
13/02/2020,"Pubs, restaurants, and fast food",94,Total
14/02/2020,"Pubs, restaurants, and fast food",95,Total
15/02/2020,"Pubs, restaurants, and fast food",95,Total
16/02/2020,"Pubs, restaurants, and fast food",98,Total
17/02/2020,"Pubs, restaurants, and fast food",99,Total
18/02/2020,"Pubs, restaurants, and fast food",101,Total
19/02/2020,"Pubs, restaurants, and fast food",103,Total
20/02/2020,"Pubs, restaurants, and fast food",105,Total
21/02/2020,"Pubs, restaurants, and fast food",107,Total
22/02/2020,"Pubs, restaurants, and fast food",108,Total
23/02/2020,"Pubs, restaurants, and fast food",106,Total
24/02/2020,"Pubs, restaurants, and fast food",104,Total
25/02/2020,"Pubs, restaurants, and fast food",102,Total
26/02/2020,"Pubs, restaurants, and fast food",101,Total
27/02/2020,"Pubs, restaurants, and fast food",99,Total
28/02/2020,"Pubs, restaurants, and fast food",98,Total
29/02/2020,"Pubs, restaurants, and fast food",97,Total
01/03/2020,"Pubs, restaurants, and fast food",97,Total
02/03/2020,"Pubs, restaurants, and fast food",98,Total
03/03/2020,"Pubs, restaurants, and fast food",98,Total
04/03/2020,"Pubs, restaurants, and fast food",99,Total
05/03/2020,"Pubs, restaurants, and fast food",99,Total
06/03/2020,"Pubs, restaurants, and fast food",98,Total
07/03/2020,"Pubs, restaurants, and fast food",97,Total
08/03/2020,"Pubs, restaurants, and fast food",96,Total
09/03/2020,"Pubs, restaurants, and fast food",95,Total
10/03/2020,"Pubs, restaurants, and fast food",95,Total
11/03/2020,"Pubs, restaurants, and fast food",94,Total
12/03/2020,"Pubs, restaurants, and fast food",93,Total
13/03/2020,"Pubs, restaurants, and fast food",92,Total
14/03/2020,"Pubs, restaurants, and fast food",90,Total
15/03/2020,"Pubs, restaurants, and fast food",87,Total
16/03/2020,"Pubs, restaurants, and fast food",85,Total
17/03/2020,"Pubs, restaurants, and fast food",82,Total
18/03/2020,"Pubs, restaurants, and fast food",80,Total
19/03/2020,"Pubs, restaurants, and fast food",77,Total
20/03/2020,"Pubs, restaurants, and fast food",71,Total
21/03/2020,"Pubs, restaurants, and fast food",65,Total
22/03/2020,"Pubs, restaurants, and fast food",60,Total
23/03/2020,"Pubs, restaurants, and fast food",57,Total
24/03/2020,"Pubs, restaurants, and fast food",53,Total
25/03/2020,"Pubs, restaurants, and fast food",49,Total
26/03/2020,"Pubs, restaurants, and fast food",46,Total
27/03/2020,"Pubs, restaurants, and fast food",44,Total
28/03/2020,"Pubs, restaurants, and fast food",42,Total
29/03/2020,"Pubs, restaurants, and fast food",41,Total
30/03/2020,"Pubs, restaurants, and fast food",40,Total
31/03/2020,"Pubs, restaurants, and fast food",40,Total
01/04/2020,"Pubs, restaurants, and fast food",41,Total
02/04/2020,"Pubs, restaurants, and fast food",41,Total
03/04/2020,"Pubs, restaurants, and fast food",41,Total
04/04/2020,"Pubs, restaurants, and fast food",41,Total
05/04/2020,"Pubs, restaurants, and fast food",42,Total
06/04/2020,"Pubs, restaurants, and fast food",42,Total
07/04/2020,"Pubs, restaurants, and fast food",42,Total
08/04/2020,"Pubs, restaurants, and fast food",41,Total
09/04/2020,"Pubs, restaurants, and fast food",42,Total
10/04/2020,"Pubs, restaurants, and fast food",42,Total
11/04/2020,"Pubs, restaurants, and fast food",41,Total
12/04/2020,"Pubs, restaurants, and fast food",40,Total
13/04/2020,"Pubs, restaurants, and fast food",39,Total
14/04/2020,"Pubs, restaurants, and fast food",39,Total
15/04/2020,"Pubs, restaurants, and fast food",39,Total
16/04/2020,"Pubs, restaurants, and fast food",38,Total
17/04/2020,"Pubs, restaurants, and fast food",38,Total
18/04/2020,"Pubs, restaurants, and fast food",38,Total
19/04/2020,"Pubs, restaurants, and fast food",39,Total
20/04/2020,"Pubs, restaurants, and fast food",40,Total
21/04/2020,"Pubs, restaurants, and fast food",40,Total
22/04/2020,"Pubs, restaurants, and fast food",40,Total
23/04/2020,"Pubs, restaurants, and fast food",40,Total
24/04/2020,"Pubs, restaurants, and fast food",40,Total
25/04/2020,"Pubs, restaurants, and fast food",41,Total
26/04/2020,"Pubs, restaurants, and fast food",41,Total
27/04/2020,"Pubs, restaurants, and fast food",42,Total
28/04/2020,"Pubs, restaurants, and fast food",42,Total
29/04/2020,"Pubs, restaurants, and fast food",43,Total
30/04/2020,"Pubs, restaurants, and fast food",45,Total
01/05/2020,"Pubs, restaurants, and fast food",45,Total
02/05/2020,"Pubs, restaurants, and fast food",45,Total
03/05/2020,"Pubs, restaurants, and fast food",46,Total
04/05/2020,"Pubs, restaurants, and fast food",47,Total
05/05/2020,"Pubs, restaurants, and fast food",47,Total
06/05/2020,"Pubs, restaurants, and fast food",47,Total
07/05/2020,"Pubs, restaurants, and fast food",47,Total
08/05/2020,"Pubs, restaurants, and fast food",47,Total
09/05/2020,"Pubs, restaurants, and fast food",47,Total
10/05/2020,"Pubs, restaurants, and fast food",47,Total
11/05/2020,"Pubs, restaurants, and fast food",46,Total
12/05/2020,"Pubs, restaurants, and fast food",47,Total
13/05/2020,"Pubs, restaurants, and fast food",47,Total
14/05/2020,"Pubs, restaurants, and fast food",46,Total
15/05/2020,"Pubs, restaurants, and fast food",47,Total
16/05/2020,"Pubs, restaurants, and fast food",48,Total
17/05/2020,"Pubs, restaurants, and fast food",48,Total
18/05/2020,"Pubs, restaurants, and fast food",49,Total
19/05/2020,"Pubs, restaurants, and fast food",49,Total
20/05/2020,"Pubs, restaurants, and fast food",50,Total
21/05/2020,"Pubs, restaurants, and fast food",51,Total
22/05/2020,"Pubs, restaurants, and fast food",51,Total
23/05/2020,"Pubs, restaurants, and fast food",52,Total
24/05/2020,"Pubs, restaurants, and fast food",52,Total
25/05/2020,"Pubs, restaurants, and fast food",52,Total
26/05/2020,"Pubs, restaurants, and fast food",53,Total
27/05/2020,"Pubs, restaurants, and fast food",53,Total
28/05/2020,"Pubs, restaurants, and fast food",54,Total
29/05/2020,"Pubs, restaurants, and fast food",55,Total
30/05/2020,"Pubs, restaurants, and fast food",55,Total
31/05/2020,"Pubs, restaurants, and fast food",56,Total
01/06/2020,"Pubs, restaurants, and fast food",58,Total
02/06/2020,"Pubs, restaurants, and fast food",58,Total
03/06/2020,"Pubs, restaurants, and fast food",59,Total
04/06/2020,"Pubs, restaurants, and fast food",59,Total
05/06/2020,"Pubs, restaurants, and fast food",58,Total
06/06/2020,"Pubs, restaurants, and fast food",58,Total
07/06/2020,"Pubs, restaurants, and fast food",58,Total
08/06/2020,"Pubs, restaurants, and fast food",58,Total
09/06/2020,"Pubs, restaurants, and fast food",58,Total
10/06/2020,"Pubs, restaurants, and fast food",57,Total
11/06/2020,"Pubs, restaurants, and fast food",57,Total
12/06/2020,"Pubs, restaurants, and fast food",57,Total
13/06/2020,"Pubs, restaurants, and fast food",57,Total
14/06/2020,"Pubs, restaurants, and fast food",57,Total
15/06/2020,"Pubs, restaurants, and fast food",58,Total
16/06/2020,"Pubs, restaurants, and fast food",58,Total
17/06/2020,"Pubs, restaurants, and fast food",59,Total
18/06/2020,"Pubs, restaurants, and fast food",60,Total
19/06/2020,"Pubs, restaurants, and fast food",60,Total
20/06/2020,"Pubs, restaurants, and fast food",61,Total
21/06/2020,"Pubs, restaurants, and fast food",61,Total
22/06/2020,"Pubs, restaurants, and fast food",61,Total
23/06/2020,"Pubs, restaurants, and fast food",61,Total
24/06/2020,"Pubs, restaurants, and fast food",61,Total
25/06/2020,"Pubs, restaurants, and fast food",62,Total
26/06/2020,"Pubs, restaurants, and fast food",63,Total
27/06/2020,"Pubs, restaurants, and fast food",64,Total
28/06/2020,"Pubs, restaurants, and fast food",65,Total
29/06/2020,"Pubs, restaurants, and fast food",65,Total
30/06/2020,"Pubs, restaurants, and fast food",67,Total
01/07/2020,"Pubs, restaurants, and fast food",68,Total
02/07/2020,"Pubs, restaurants, and fast food",69,Total
03/07/2020,"Pubs, restaurants, and fast food",69,Total
04/07/2020,"Pubs, restaurants, and fast food",71,Total
05/07/2020,"Pubs, restaurants, and fast food",71,Total
06/07/2020,"Pubs, restaurants, and fast food",73,Total
07/07/2020,"Pubs, restaurants, and fast food",73,Total
08/07/2020,"Pubs, restaurants, and fast food",73,Total
09/07/2020,"Pubs, restaurants, and fast food",74,Total
10/07/2020,"Pubs, restaurants, and fast food",75,Total
11/07/2020,"Pubs, restaurants, and fast food",76,Total
12/07/2020,"Pubs, restaurants, and fast food",76,Total
13/07/2020,"Pubs, restaurants, and fast food",77,Total
14/07/2020,"Pubs, restaurants, and fast food",77,Total
15/07/2020,"Pubs, restaurants, and fast food",78,Total
16/07/2020,"Pubs, restaurants, and fast food",79,Total
17/07/2020,"Pubs, restaurants, and fast food",79,Total
18/07/2020,"Pubs, restaurants, and fast food",80,Total
19/07/2020,"Pubs, restaurants, and fast food",80,Total
20/07/2020,"Pubs, restaurants, and fast food",81,Total
21/07/2020,"Pubs, restaurants, and fast food",82,Total
22/07/2020,"Pubs, restaurants, and fast food",82,Total
23/07/2020,"Pubs, restaurants, and fast food",82,Total
24/07/2020,"Pubs, restaurants, and fast food",83,Total
25/07/2020,"Pubs, restaurants, and fast food",84,Total
26/07/2020,"Pubs, restaurants, and fast food",85,Total
27/07/2020,"Pubs, restaurants, and fast food",86,Total
28/07/2020,"Pubs, restaurants, and fast food",87,Total
29/07/2020,"Pubs, restaurants, and fast food",88,Total
30/07/2020,"Pubs, restaurants, and fast food",90,Total
31/07/2020,"Pubs, restaurants, and fast food",92,Total
01/08/2020,"Pubs, restaurants, and fast food",93,Total
02/08/2020,"Pubs, restaurants, and fast food",94,Total
03/08/2020,"Pubs, restaurants, and fast food",95,Total
04/08/2020,"Pubs, restaurants, and fast food",96,Total
05/08/2020,"Pubs, restaurants, and fast food",96,Total
06/08/2020,"Pubs, restaurants, and fast food",96,Total
07/08/2020,"Pubs, restaurants, and fast food",96,Total
08/08/2020,"Pubs, restaurants, and fast food",95,Total
09/08/2020,"Pubs, restaurants, and fast food",95,Total
10/08/2020,"Pubs, restaurants, and fast food",96,Total
11/08/2020,"Pubs, restaurants, and fast food",96,Total
12/08/2020,"Pubs, restaurants, and fast food",96,Total
13/08/2020,"Pubs, restaurants, and fast food",96,Total
14/08/2020,"Pubs, restaurants, and fast food",96,Total
15/08/2020,"Pubs, restaurants, and fast food",95,Total
16/08/2020,"Pubs, restaurants, and fast food",95,Total
17/08/2020,"Pubs, restaurants, and fast food",94,Total
18/08/2020,"Pubs, restaurants, and fast food",94,Total
19/08/2020,"Pubs, restaurants, and fast food",93,Total
20/08/2020,"Pubs, restaurants, and fast food",93,Total
21/08/2020,"Pubs, restaurants, and fast food",92,Total
22/08/2020,"Pubs, restaurants, and fast food",93,Total
23/08/2020,"Pubs, restaurants, and fast food",93,Total
24/08/2020,"Pubs, restaurants, and fast food",93,Total
25/08/2020,"Pubs, restaurants, and fast food",93,Total
26/08/2020,"Pubs, restaurants, and fast food",93,Total
27/08/2020,"Pubs, restaurants, and fast food",93,Total
28/08/2020,"Pubs, restaurants, and fast food",94,Total
29/08/2020,"Pubs, restaurants, and fast food",95,Total
30/08/2020,"Pubs, restaurants, and fast food",95,Total
31/08/2020,"Pubs, restaurants, and fast food",96,Total
01/09/2020,"Pubs, restaurants, and fast food",96,Total
02/09/2020,"Pubs, restaurants, and fast food",95,Total
03/09/2020,"Pubs, restaurants, and fast food",95,Total
04/09/2020,"Pubs, restaurants, and fast food",93,Total
05/09/2020,"Pubs, restaurants, and fast food",92,Total
06/09/2020,"Pubs, restaurants, and fast food",91,Total
07/09/2020,"Pubs, restaurants, and fast food",88,Total
08/09/2020,"Pubs, restaurants, and fast food",87,Total
09/09/2020,"Pubs, restaurants, and fast food",86,Total
10/09/2020,"Pubs, restaurants, and fast food",85,Total
11/09/2020,"Pubs, restaurants, and fast food",84,Total
12/09/2020,"Pubs, restaurants, and fast food",84,Total
13/09/2020,"Pubs, restaurants, and fast food",84,Total
14/09/2020,"Pubs, restaurants, and fast food",83,Total
15/09/2020,"Pubs, restaurants, and fast food",83,Total
16/09/2020,"Pubs, restaurants, and fast food",83,Total
17/09/2020,"Pubs, restaurants, and fast food",83,Total
18/09/2020,"Pubs, restaurants, and fast food",83,Total
19/09/2020,"Pubs, restaurants, and fast food",82,Total
20/09/2020,"Pubs, restaurants, and fast food",82,Total
21/09/2020,"Pubs, restaurants, and fast food",82,Total
22/09/2020,"Pubs, restaurants, and fast food",81,Total
23/09/2020,"Pubs, restaurants, and fast food",81,Total
24/09/2020,"Pubs, restaurants, and fast food",80,Total
25/09/2020,"Pubs, restaurants, and fast food",81,Total
26/09/2020,"Pubs, restaurants, and fast food",81,Total
27/09/2020,"Pubs, restaurants, and fast food",81,Total
28/09/2020,"Pubs, restaurants, and fast food",82,Total
29/09/2020,"Pubs, restaurants, and fast food",82,Total
30/09/2020,"Pubs, restaurants, and fast food",84,Total
01/10/2020,"Pubs, restaurants, and fast food",85,Total
02/10/2020,"Pubs, restaurants, and fast food",85,Total
03/10/2020,"Pubs, restaurants, and fast food",84,Total
04/10/2020,"Pubs, restaurants, and fast food",84,Total
05/10/2020,"Pubs, restaurants, and fast food",84,Total
06/10/2020,"Pubs, restaurants, and fast food",84,Total
07/10/2020,"Pubs, restaurants, and fast food",82,Total
08/10/2020,"Pubs, restaurants, and fast food",80,Total
09/10/2020,"Pubs, restaurants, and fast food",79,Total
10/10/2020,"Pubs, restaurants, and fast food",79,Total
11/10/2020,"Pubs, restaurants, and fast food",78,Total
12/10/2020,"Pubs, restaurants, and fast food",78,Total
13/10/2020,"Pubs, restaurants, and fast food",78,Total
14/10/2020,"Pubs, restaurants, and fast food",78,Total
15/10/2020,"Pubs, restaurants, and fast food",78,Total
16/10/2020,"Pubs, restaurants, and fast food",78,Total
17/10/2020,"Pubs, restaurants, and fast food",77,Total
18/10/2020,"Pubs, restaurants, and fast food",76,Total
19/10/2020,"Pubs, restaurants, and fast food",76,Total
20/10/2020,"Pubs, restaurants, and fast food",75,Total
21/10/2020,"Pubs, restaurants, and fast food",74,Total
22/10/2020,"Pubs, restaurants, and fast food",74,Total
23/10/2020,"Pubs, restaurants, and fast food",74,Total
24/10/2020,"Pubs, restaurants, and fast food",74,Total
25/10/2020,"Pubs, restaurants, and fast food",74,Total
26/10/2020,"Pubs, restaurants, and fast food",74,Total
27/10/2020,"Pubs, restaurants, and fast food",74,Total
28/10/2020,"Pubs, restaurants, and fast food",75,Total
29/10/2020,"Pubs, restaurants, and fast food",76,Total
30/10/2020,"Pubs, restaurants, and fast food",78,Total
31/10/2020,"Pubs, restaurants, and fast food",79,Total
01/11/2020,"Pubs, restaurants, and fast food",80,Total
02/11/2020,"Pubs, restaurants, and fast food",81,Total
03/11/2020,"Pubs, restaurants, and fast food",82,Total
04/11/2020,"Pubs, restaurants, and fast food",83,Total
05/11/2020,"Pubs, restaurants, and fast food",81,Total
06/11/2020,"Pubs, restaurants, and fast food",78,Total
07/11/2020,"Pubs, restaurants, and fast food",75,Total
08/11/2020,"Pubs, restaurants, and fast food",73,Total
09/11/2020,"Pubs, restaurants, and fast food",72,Total
10/11/2020,"Pubs, restaurants, and fast food",70,Total
11/11/2020,"Pubs, restaurants, and fast food",67,Total
12/11/2020,"Pubs, restaurants, and fast food",67,Total
13/11/2020,"Pubs, restaurants, and fast food",68,Total
14/11/2020,"Pubs, restaurants, and fast food",68,Total
15/11/2020,"Pubs, restaurants, and fast food",68,Total
16/11/2020,"Pubs, restaurants, and fast food",67,Total
17/11/2020,"Pubs, restaurants, and fast food",67,Total
18/11/2020,"Pubs, restaurants, and fast food",67,Total
19/11/2020,"Pubs, restaurants, and fast food",67,Total
20/11/2020,"Pubs, restaurants, and fast food",67,Total
21/11/2020,"Pubs, restaurants, and fast food",68,Total
22/11/2020,"Pubs, restaurants, and fast food",68,Total
23/11/2020,"Pubs, restaurants, and fast food",69,Total
24/11/2020,"Pubs, restaurants, and fast food",70,Total
25/11/2020,"Pubs, restaurants, and fast food",72,Total
26/11/2020,"Pubs, restaurants, and fast food",74,Total
27/11/2020,"Pubs, restaurants, and fast food",80,Total
28/11/2020,"Pubs, restaurants, and fast food",82,Total
29/11/2020,"Pubs, restaurants, and fast food",83,Total
30/11/2020,"Pubs, restaurants, and fast food",86,Total
01/12/2020,"Pubs, restaurants, and fast food",87,Total
02/12/2020,"Pubs, restaurants, and fast food",88,Total
03/12/2020,"Pubs, restaurants, and fast food",89,Total
04/12/2020,"Pubs, restaurants, and fast food",85,Total
05/12/2020,"Pubs, restaurants, and fast food",86,Total
06/12/2020,"Pubs, restaurants, and fast food",87,Total
07/12/2020,"Pubs, restaurants, and fast food",85,Total
08/12/2020,"Pubs, restaurants, and fast food",85,Total
09/12/2020,"Pubs, restaurants, and fast food",85,Total
10/12/2020,"Pubs, restaurants, and fast food",85,Total
11/12/2020,"Pubs, restaurants, and fast food",85,Total
12/12/2020,"Pubs, restaurants, and fast food",85,Total
13/12/2020,"Pubs, restaurants, and fast food",85,Total
14/12/2020,"Pubs, restaurants, and fast food",86,Total
15/12/2020,"Pubs, restaurants, and fast food",87,Total
16/12/2020,"Pubs, restaurants, and fast food",87,Total
17/12/2020,"Pubs, restaurants, and fast food",88,Total
18/12/2020,"Pubs, restaurants, and fast food",89,Total
19/12/2020,"Pubs, restaurants, and fast food",89,Total
20/12/2020,"Pubs, restaurants, and fast food",89,Total
21/12/2020,"Pubs, restaurants, and fast food",91,Total
22/12/2020,"Pubs, restaurants, and fast food",93,Total
23/12/2020,"Pubs, restaurants, and fast food",97,Total
24/12/2020,"Pubs, restaurants, and fast food",96,Total
25/12/2020,"Pubs, restaurants, and fast food",87,Total
26/12/2020,"Pubs, restaurants, and fast food",80,Total
27/12/2020,"Pubs, restaurants, and fast food",78,Total
28/12/2020,"Pubs, restaurants, and fast food",74,Total
29/12/2020,"Pubs, restaurants, and fast food",71,Total
30/12/2020,"Pubs, restaurants, and fast food",68,Total
31/12/2020,"Pubs, restaurants, and fast food",67,Total
01/01/2021,"Pubs, restaurants, and fast food",69,Total
02/01/2021,"Pubs, restaurants, and fast food",71,Total
03/01/2021,"Pubs, restaurants, and fast food",70,Total
04/01/2021,"Pubs, restaurants, and fast food",71,Total
05/01/2021,"Pubs, restaurants, and fast food",70,Total
06/01/2021,"Pubs, restaurants, and fast food",67,Total
07/01/2021,"Pubs, restaurants, and fast food",66,Total
08/01/2021,"Pubs, restaurants, and fast food",71,Total
09/01/2021,"Pubs, restaurants, and fast food",72,Total
10/01/2021,"Pubs, restaurants, and fast food",71,Total
11/01/2021,"Pubs, restaurants, and fast food",71,Total
12/01/2021,"Pubs, restaurants, and fast food",70,Total
13/01/2021,"Pubs, restaurants, and fast food",69,Total
14/01/2021,"Pubs, restaurants, and fast food",68,Total
15/01/2021,"Pubs, restaurants, and fast food",67,Total
16/01/2021,"Pubs, restaurants, and fast food",67,Total
17/01/2021,"Pubs, restaurants, and fast food",66,Total
18/01/2021,"Pubs, restaurants, and fast food",65,Total
19/01/2021,"Pubs, restaurants, and fast food",65,Total
20/01/2021,"Pubs, restaurants, and fast food",65,Total
21/01/2021,"Pubs, restaurants, and fast food",65,Total
22/01/2021,"Pubs, restaurants, and fast food",65,Total
23/01/2021,"Pubs, restaurants, and fast food",65,Total
24/01/2021,"Pubs, restaurants, and fast food",65,Total
25/01/2021,"Pubs, restaurants, and fast food",66,Total
26/01/2021,"Pubs, restaurants, and fast food",66,Total
27/01/2021,"Pubs, restaurants, and fast food",67,Total
28/01/2021,"Pubs, restaurants, and fast food",69,Total
29/01/2021,"Pubs, restaurants, and fast food",71,Total
30/01/2021,"Pubs, restaurants, and fast food",72,Total
31/01/2021,"Pubs, restaurants, and fast food",73,Total
01/02/2021,"Pubs, restaurants, and fast food",74,Total
02/02/2021,"Pubs, restaurants, and fast food",75,Total
03/02/2021,"Pubs, restaurants, and fast food",74,Total
04/02/2021,"Pubs, restaurants, and fast food",73,Total
05/02/2021,"Pubs, restaurants, and fast food",72,Total
06/02/2021,"Pubs, restaurants, and fast food",71,Total
07/02/2021,"Pubs, restaurants, and fast food",70,Total
08/02/2021,"Pubs, restaurants, and fast food",69,Total
09/02/2021,"Pubs, restaurants, and fast food",68,Total
10/02/2021,"Pubs, restaurants, and fast food",68,Total
11/02/2021,"Pubs, restaurants, and fast food",68,Total
12/02/2021,"Pubs, restaurants, and fast food",68,Total
13/02/2021,"Pubs, restaurants, and fast food",68,Total
14/02/2021,"Pubs, restaurants, and fast food",68,Total
15/02/2021,"Pubs, restaurants, and fast food",68,Total
16/02/2021,"Pubs, restaurants, and fast food",68,Total
17/02/2021,"Pubs, restaurants, and fast food",67,Total
18/02/2021,"Pubs, restaurants, and fast food",67,Total
19/02/2021,"Pubs, restaurants, and fast food",67,Total
20/02/2021,"Pubs, restaurants, and fast food",66,Total
21/02/2021,"Pubs, restaurants, and fast food",66,Total
22/02/2021,"Pubs, restaurants, and fast food",66,Total
23/02/2021,"Pubs, restaurants, and fast food",66,Total
24/02/2021,"Pubs, restaurants, and fast food",66,Total
25/02/2021,"Pubs, restaurants, and fast food",67,Total
26/02/2021,"Pubs, restaurants, and fast food",70,Total
27/02/2021,"Pubs, restaurants, and fast food",71,Total
28/02/2021,"Pubs, restaurants, and fast food",72,Total
01/03/2021,"Pubs, restaurants, and fast food",73,Total
02/03/2021,"Pubs, restaurants, and fast food",74,Total
03/03/2021,"Pubs, restaurants, and fast food",75,Total
04/03/2021,"Pubs, restaurants, and fast food",74,Total
05/03/2021,"Pubs, restaurants, and fast food",73,Total
06/03/2021,"Pubs, restaurants, and fast food",72,Total
07/03/2021,"Pubs, restaurants, and fast food",72,Total
08/03/2021,"Pubs, restaurants, and fast food",71,Total
09/03/2021,"Pubs, restaurants, and fast food",71,Total
10/03/2021,"Pubs, restaurants, and fast food",70,Total
11/03/2021,"Pubs, restaurants, and fast food",70,Total
12/03/2021,"Pubs, restaurants, and fast food",70,Total
13/03/2021,"Pubs, restaurants, and fast food",70,Total
14/03/2021,"Pubs, restaurants, and fast food",69,Total
15/03/2021,"Pubs, restaurants, and fast food",70,Total
16/03/2021,"Pubs, restaurants, and fast food",70,Total
17/03/2021,"Pubs, restaurants, and fast food",70,Total
18/03/2021,"Pubs, restaurants, and fast food",70,Total
19/03/2021,"Pubs, restaurants, and fast food",70,Total
20/03/2021,"Pubs, restaurants, and fast food",70,Total
21/03/2021,"Pubs, restaurants, and fast food",70,Total
22/03/2021,"Pubs, restaurants, and fast food",69,Total
23/03/2021,"Pubs, restaurants, and fast food",69,Total
24/03/2021,"Pubs, restaurants, and fast food",69,Total
25/03/2021,"Pubs, restaurants, and fast food",70,Total
26/03/2021,"Pubs, restaurants, and fast food",71,Total
27/03/2021,"Pubs, restaurants, and fast food",72,Total
28/03/2021,"Pubs, restaurants, and fast food",72,Total
29/03/2021,"Pubs, restaurants, and fast food",73,Total
30/03/2021,"Pubs, restaurants, and fast food",73,Total
31/03/2021,"Pubs, restaurants, and fast food",76,Total
01/04/2021,"Pubs, restaurants, and fast food",77,Total
02/04/2021,"Pubs, restaurants, and fast food",77,Total
03/04/2021,"Pubs, restaurants, and fast food",76,Total
04/04/2021,"Pubs, restaurants, and fast food",74,Total
05/04/2021,"Pubs, restaurants, and fast food",74,Total
06/04/2021,"Pubs, restaurants, and fast food",76,Total
07/04/2021,"Pubs, restaurants, and fast food",74,Total
08/04/2021,"Pubs, restaurants, and fast food",72,Total
09/04/2021,"Pubs, restaurants, and fast food",72,Total
10/04/2021,"Pubs, restaurants, and fast food",72,Total
11/04/2021,"Pubs, restaurants, and fast food",74,Total
12/04/2021,"Pubs, restaurants, and fast food",74,Total
13/04/2021,"Pubs, restaurants, and fast food",74,Total
14/04/2021,"Pubs, restaurants, and fast food",74,Total
15/04/2021,"Pubs, restaurants, and fast food",75,Total
16/04/2021,"Pubs, restaurants, and fast food",75,Total
17/04/2021,"Pubs, restaurants, and fast food",76,Total
18/04/2021,"Pubs, restaurants, and fast food",77,Total
19/04/2021,"Pubs, restaurants, and fast food",77,Total
20/04/2021,"Pubs, restaurants, and fast food",76,Total
21/04/2021,"Pubs, restaurants, and fast food",76,Total
22/04/2021,"Pubs, restaurants, and fast food",75,Total
23/04/2021,"Pubs, restaurants, and fast food",75,Total
24/04/2021,"Pubs, restaurants, and fast food",76,Total
25/04/2021,"Pubs, restaurants, and fast food",76,Total
26/04/2021,"Pubs, restaurants, and fast food",76,Total
27/04/2021,"Pubs, restaurants, and fast food",77,Total
28/04/2021,"Pubs, restaurants, and fast food",77,Total
29/04/2021,"Pubs, restaurants, and fast food",79,Total
30/04/2021,"Pubs, restaurants, and fast food",81,Total
01/05/2021,"Pubs, restaurants, and fast food",82,Total
02/05/2021,"Pubs, restaurants, and fast food",83,Total
03/05/2021,"Pubs, restaurants, and fast food",84,Total
04/05/2021,"Pubs, restaurants, and fast food",84,Total
05/05/2021,"Pubs, restaurants, and fast food",85,Total
06/05/2021,"Pubs, restaurants, and fast food",85,Total
07/05/2021,"Pubs, restaurants, and fast food",82,Total
08/05/2021,"Pubs, restaurants, and fast food",82,Total
09/05/2021,"Pubs, restaurants, and fast food",82,Total
10/05/2021,"Pubs, restaurants, and fast food",83,Total
11/05/2021,"Pubs, restaurants, and fast food",83,Total
12/05/2021,"Pubs, restaurants, and fast food",83,Total
13/05/2021,"Pubs, restaurants, and fast food",82,Total
14/05/2021,"Pubs, restaurants, and fast food",82,Total
15/05/2021,"Pubs, restaurants, and fast food",82,Total
16/05/2021,"Pubs, restaurants, and fast food",81,Total
17/05/2021,"Pubs, restaurants, and fast food",80,Total
18/05/2021,"Pubs, restaurants, and fast food",79,Total
19/05/2021,"Pubs, restaurants, and fast food",79,Total
20/05/2021,"Pubs, restaurants, and fast food",79,Total
21/05/2021,"Pubs, restaurants, and fast food",80,Total
22/05/2021,"Pubs, restaurants, and fast food",80,Total
23/05/2021,"Pubs, restaurants, and fast food",80,Total
24/05/2021,"Pubs, restaurants, and fast food",81,Total
25/05/2021,"Pubs, restaurants, and fast food",81,Total
26/05/2021,"Pubs, restaurants, and fast food",81,Total
27/05/2021,"Pubs, restaurants, and fast food",82,Total
28/05/2021,"Pubs, restaurants, and fast food",84,Total
29/05/2021,"Pubs, restaurants, and fast food",86,Total
30/05/2021,"Pubs, restaurants, and fast food",87,Total
31/05/2021,"Pubs, restaurants, and fast food",88,Total
01/06/2021,"Pubs, restaurants, and fast food",90,Total
02/06/2021,"Pubs, restaurants, and fast food",91,Total
03/06/2021,"Pubs, restaurants, and fast food",91,Total
04/06/2021,"Pubs, restaurants, and fast food",90,Total
05/06/2021,"Pubs, restaurants, and fast food",90,Total
06/06/2021,"Pubs, restaurants, and fast food",89,Total
07/06/2021,"Pubs, restaurants, and fast food",89,Total
08/06/2021,"Pubs, restaurants, and fast food",87,Total
09/06/2021,"Pubs, restaurants, and fast food",87,Total
10/06/2021,"Pubs, restaurants, and fast food",86,Total
11/06/2021,"Pubs, restaurants, and fast food",86,Total
12/06/2021,"Pubs, restaurants, and fast food",86,Total
13/06/2021,"Pubs, restaurants, and fast food",86,Total
14/06/2021,"Pubs, restaurants, and fast food",85,Total
15/06/2021,"Pubs, restaurants, and fast food",86,Total
16/06/2021,"Pubs, restaurants, and fast food",85,Total
17/06/2021,"Pubs, restaurants, and fast food",85,Total
18/06/2021,"Pubs, restaurants, and fast food",85,Total
19/06/2021,"Pubs, restaurants, and fast food",85,Total
20/06/2021,"Pubs, restaurants, and fast food",85,Total
21/06/2021,"Pubs, restaurants, and fast food",85,Total
22/06/2021,"Pubs, restaurants, and fast food",85,Total
23/06/2021,"Pubs, restaurants, and fast food",85,Total
24/06/2021,"Pubs, restaurants, and fast food",85,Total
25/06/2021,"Pubs, restaurants, and fast food",86,Total
26/06/2021,"Pubs, restaurants, and fast food",87,Total
27/06/2021,"Pubs, restaurants, and fast food",88,Total
28/06/2021,"Pubs, restaurants, and fast food",88,Total
29/06/2021,"Pubs, restaurants, and fast food",89,Total
30/06/2021,"Pubs, restaurants, and fast food",91,Total
01/07/2021,"Pubs, restaurants, and fast food",93,Total
02/07/2021,"Pubs, restaurants, and fast food",93,Total
03/07/2021,"Pubs, restaurants, and fast food",94,Total
04/07/2021,"Pubs, restaurants, and fast food",95,Total
05/07/2021,"Pubs, restaurants, and fast food",96,Total
06/07/2021,"Pubs, restaurants, and fast food",96,Total
07/07/2021,"Pubs, restaurants, and fast food",96,Total
08/07/2021,"Pubs, restaurants, and fast food",95,Total
09/07/2021,"Pubs, restaurants, and fast food",95,Total
10/07/2021,"Pubs, restaurants, and fast food",95,Total
11/07/2021,"Pubs, restaurants, and fast food",95,Total
12/07/2021,"Pubs, restaurants, and fast food",95,Total
13/07/2021,"Pubs, restaurants, and fast food",95,Total
14/07/2021,"Pubs, restaurants, and fast food",95,Total
15/07/2021,"Pubs, restaurants, and fast food",96,Total
16/07/2021,"Pubs, restaurants, and fast food",96,Total
17/07/2021,"Pubs, restaurants, and fast food",96,Total
18/07/2021,"Pubs, restaurants, and fast food",96,Total
19/07/2021,"Pubs, restaurants, and fast food",97,Total
20/07/2021,"Pubs, restaurants, and fast food",97,Total
21/07/2021,"Pubs, restaurants, and fast food",98,Total
22/07/2021,"Pubs, restaurants, and fast food",98,Total
23/07/2021,"Pubs, restaurants, and fast food",98,Total
24/07/2021,"Pubs, restaurants, and fast food",99,Total
25/07/2021,"Pubs, restaurants, and fast food",100,Total
26/07/2021,"Pubs, restaurants, and fast food",100,Total
27/07/2021,"Pubs, restaurants, and fast food",101,Total
28/07/2021,"Pubs, restaurants, and fast food",102,Total
29/07/2021,"Pubs, restaurants, and fast food",104,Total
30/07/2021,"Pubs, restaurants, and fast food",105,Total
31/07/2021,"Pubs, restaurants, and fast food",107,Total
01/08/2021,"Pubs, restaurants, and fast food",108,Total
02/08/2021,"Pubs, restaurants, and fast food",110,Total
03/08/2021,"Pubs, restaurants, and fast food",111,Total
04/08/2021,"Pubs, restaurants, and fast food",112,Total
05/08/2021,"Pubs, restaurants, and fast food",112,Total
06/08/2021,"Pubs, restaurants, and fast food",112,Total
07/08/2021,"Pubs, restaurants, and fast food",112,Total
08/08/2021,"Pubs, restaurants, and fast food",112,Total
09/08/2021,"Pubs, restaurants, and fast food",112,Total
10/08/2021,"Pubs, restaurants, and fast food",111,Total
11/08/2021,"Pubs, restaurants, and fast food",112,Total
12/08/2021,"Pubs, restaurants, and fast food",112,Total
13/08/2021,"Pubs, restaurants, and fast food",112,Total
14/08/2021,"Pubs, restaurants, and fast food",112,Total
15/08/2021,"Pubs, restaurants, and fast food",111,Total
16/08/2021,"Pubs, restaurants, and fast food",111,Total
17/08/2021,"Pubs, restaurants, and fast food",112,Total
18/08/2021,"Pubs, restaurants, and fast food",111,Total
19/08/2021,"Pubs, restaurants, and fast food",112,Total
20/08/2021,"Pubs, restaurants, and fast food",113,Total
21/08/2021,"Pubs, restaurants, and fast food",113,Total
22/08/2021,"Pubs, restaurants, and fast food",113,Total
23/08/2021,"Pubs, restaurants, and fast food",113,Total
24/08/2021,"Pubs, restaurants, and fast food",114,Total
25/08/2021,"Pubs, restaurants, and fast food",114,Total
26/08/2021,"Pubs, restaurants, and fast food",115,Total
27/08/2021,"Pubs, restaurants, and fast food",116,Total
28/08/2021,"Pubs, restaurants, and fast food",117,Total
29/08/2021,"Pubs, restaurants, and fast food",119,Total
30/08/2021,"Pubs, restaurants, and fast food",120,Total
31/08/2021,"Pubs, restaurants, and fast food",121,Total
01/09/2021,"Pubs, restaurants, and fast food",121,Total
02/09/2021,"Pubs, restaurants, and fast food",120,Total
03/09/2021,"Pubs, restaurants, and fast food",119,Total
04/09/2021,"Pubs, restaurants, and fast food",117,Total
05/09/2021,"Pubs, restaurants, and fast food",116,Total
06/09/2021,"Pubs, restaurants, and fast food",115,Total
07/09/2021,"Pubs, restaurants, and fast food",114,Total
08/09/2021,"Pubs, restaurants, and fast food",113,Total
09/09/2021,"Pubs, restaurants, and fast food",112,Total
10/09/2021,"Pubs, restaurants, and fast food",112,Total
11/09/2021,"Pubs, restaurants, and fast food",111,Total
12/09/2021,"Pubs, restaurants, and fast food",111,Total
13/09/2021,"Pubs, restaurants, and fast food",110,Total
14/09/2021,"Pubs, restaurants, and fast food",109,Total
15/09/2021,"Pubs, restaurants, and fast food",108,Total
16/09/2021,"Pubs, restaurants, and fast food",108,Total
17/09/2021,"Pubs, restaurants, and fast food",108,Total
18/09/2021,"Pubs, restaurants, and fast food",108,Total
19/09/2021,"Pubs, restaurants, and fast food",108,Total
20/09/2021,"Pubs, restaurants, and fast food",109,Total
21/09/2021,"Pubs, restaurants, and fast food",109,Total
22/09/2021,"Pubs, restaurants, and fast food",109,Total
23/09/2021,"Pubs, restaurants, and fast food",109,Total
24/09/2021,"Pubs, restaurants, and fast food",111,Total
25/09/2021,"Pubs, restaurants, and fast food",111,Total
26/09/2021,"Pubs, restaurants, and fast food",111,Total
27/09/2021,"Pubs, restaurants, and fast food",111,Total
28/09/2021,"Pubs, restaurants, and fast food",112,Total
29/09/2021,"Pubs, restaurants, and fast food",113,Total
30/09/2021,"Pubs, restaurants, and fast food",114,Total
01/10/2021,"Pubs, restaurants, and fast food",115,Total
02/10/2021,"Pubs, restaurants, and fast food",115,Total
03/10/2021,"Pubs, restaurants, and fast food",116,Total
04/10/2021,"Pubs, restaurants, and fast food",115,Total
05/10/2021,"Pubs, restaurants, and fast food",115,Total
06/10/2021,"Pubs, restaurants, and fast food",115,Total
07/10/2021,"Pubs, restaurants, and fast food",114,Total
08/10/2021,"Pubs, restaurants, and fast food",113,Total
09/10/2021,"Pubs, restaurants, and fast food",112,Total
10/10/2021,"Pubs, restaurants, and fast food",112,Total
11/10/2021,"Pubs, restaurants, and fast food",111,Total
12/10/2021,"Pubs, restaurants, and fast food",111,Total
13/10/2021,"Pubs, restaurants, and fast food",110,Total
14/10/2021,"Pubs, restaurants, and fast food",109,Total
15/10/2021,"Pubs, restaurants, and fast food",109,Total
16/10/2021,"Pubs, restaurants, and fast food",109,Total
17/10/2021,"Pubs, restaurants, and fast food",109,Total
18/10/2021,"Pubs, restaurants, and fast food",109,Total
19/10/2021,"Pubs, restaurants, and fast food",109,Total
20/10/2021,"Pubs, restaurants, and fast food",110,Total
21/10/2021,"Pubs, restaurants, and fast food",111,Total
22/10/2021,"Pubs, restaurants, and fast food",111,Total
23/10/2021,"Pubs, restaurants, and fast food",112,Total
24/10/2021,"Pubs, restaurants, and fast food",112,Total
25/10/2021,"Pubs, restaurants, and fast food",114,Total
26/10/2021,"Pubs, restaurants, and fast food",116,Total
27/10/2021,"Pubs, restaurants, and fast food",118,Total
28/10/2021,"Pubs, restaurants, and fast food",120,Total
29/10/2021,"Pubs, restaurants, and fast food",123,Total
30/10/2021,"Pubs, restaurants, and fast food",124,Total
31/10/2021,"Pubs, restaurants, and fast food",125,Total
01/11/2021,"Pubs, restaurants, and fast food",125,Total
02/11/2021,"Pubs, restaurants, and fast food",124,Total
03/11/2021,"Pubs, restaurants, and fast food",122,Total
04/11/2021,"Pubs, restaurants, and fast food",120,Total
05/11/2021,"Pubs, restaurants, and fast food",118,Total
06/11/2021,"Pubs, restaurants, and fast food",116,Total
07/11/2021,"Pubs, restaurants, and fast food",115,Total
08/11/2021,"Pubs, restaurants, and fast food",115,Total
09/11/2021,"Pubs, restaurants, and fast food",114,Total
10/11/2021,"Pubs, restaurants, and fast food",114,Total
11/11/2021,"Pubs, restaurants, and fast food",115,Total
12/11/2021,"Pubs, restaurants, and fast food",115,Total
13/11/2021,"Pubs, restaurants, and fast food",116,Total
14/11/2021,"Pubs, restaurants, and fast food",115,Total
15/11/2021,"Pubs, restaurants, and fast food",115,Total
16/11/2021,"Pubs, restaurants, and fast food",115,Total
17/11/2021,"Pubs, restaurants, and fast food",114,Total
18/11/2021,"Pubs, restaurants, and fast food",115,Total
19/11/2021,"Pubs, restaurants, and fast food",115,Total
20/11/2021,"Pubs, restaurants, and fast food",115,Total
21/11/2021,"Pubs, restaurants, and fast food",115,Total
22/11/2021,"Pubs, restaurants, and fast food",116,Total
23/11/2021,"Pubs, restaurants, and fast food",116,Total
24/11/2021,"Pubs, restaurants, and fast food",117,Total
25/11/2021,"Pubs, restaurants, and fast food",119,Total
26/11/2021,"Pubs, restaurants, and fast food",123,Total
27/11/2021,"Pubs, restaurants, and fast food",125,Total
28/11/2021,"Pubs, restaurants, and fast food",127,Total
29/11/2021,"Pubs, restaurants, and fast food",130,Total
30/11/2021,"Pubs, restaurants, and fast food",132,Total
01/12/2021,"Pubs, restaurants, and fast food",132,Total
02/12/2021,"Pubs, restaurants, and fast food",130,Total
03/12/2021,"Pubs, restaurants, and fast food",126,Total
04/12/2021,"Pubs, restaurants, and fast food",127,Total
05/12/2021,"Pubs, restaurants, and fast food",126,Total
06/12/2021,"Pubs, restaurants, and fast food",124,Total
07/12/2021,"Pubs, restaurants, and fast food",122,Total
08/12/2021,"Pubs, restaurants, and fast food",120,Total
09/12/2021,"Pubs, restaurants, and fast food",119,Total
10/12/2021,"Pubs, restaurants, and fast food",118,Total
11/12/2021,"Pubs, restaurants, and fast food",114,Total
12/12/2021,"Pubs, restaurants, and fast food",113,Total
13/12/2021,"Pubs, restaurants, and fast food",112,Total
14/12/2021,"Pubs, restaurants, and fast food",113,Total
15/12/2021,"Pubs, restaurants, and fast food",114,Total
16/12/2021,"Pubs, restaurants, and fast food",115,Total
17/12/2021,"Pubs, restaurants, and fast food",116,Total
18/12/2021,"Pubs, restaurants, and fast food",116,Total
19/12/2021,"Pubs, restaurants, and fast food",117,Total
20/12/2021,"Pubs, restaurants, and fast food",120,Total
21/12/2021,"Pubs, restaurants, and fast food",123,Total
22/12/2021,"Pubs, restaurants, and fast food",126,Total
23/12/2021,"Pubs, restaurants, and fast food",132,Total
24/12/2021,"Pubs, restaurants, and fast food",132,Total
25/12/2021,"Pubs, restaurants, and fast food",121,Total
26/12/2021,"Pubs, restaurants, and fast food",119,Total
27/12/2021,"Pubs, restaurants, and fast food",117,Total
28/12/2021,"Pubs, restaurants, and fast food",115,Total
29/12/2021,"Pubs, restaurants, and fast food",112,Total
30/12/2021,"Pubs, restaurants, and fast food",108,Total
31/12/2021,"Pubs, restaurants, and fast food",107,Total
01/01/2022,"Pubs, restaurants, and fast food",111,Total
02/01/2022,"Pubs, restaurants, and fast food",113,Total
03/01/2022,"Pubs, restaurants, and fast food",112,Total
04/01/2022,"Pubs, restaurants, and fast food",112,Total
05/01/2022,"Pubs, restaurants, and fast food",110,Total
06/01/2022,"Pubs, restaurants, and fast food",107,Total
07/01/2022,"Pubs, restaurants, and fast food",106,Total
08/01/2022,"Pubs, restaurants, and fast food",110,Total
09/01/2022,"Pubs, restaurants, and fast food",109,Total
10/01/2022,"Pubs, restaurants, and fast food",108,Total
11/01/2022,"Pubs, restaurants, and fast food",106,Total
12/01/2022,"Pubs, restaurants, and fast food",104,Total
13/01/2022,"Pubs, restaurants, and fast food",103,Total
14/01/2022,"Pubs, restaurants, and fast food",103,Total
15/01/2022,"Pubs, restaurants, and fast food",102,Total
16/01/2022,"Pubs, restaurants, and fast food",102,Total
17/01/2022,"Pubs, restaurants, and fast food",101,Total
18/01/2022,"Pubs, restaurants, and fast food",101,Total
19/01/2022,"Pubs, restaurants, and fast food",101,Total
20/01/2022,"Pubs, restaurants, and fast food",101,Total
21/01/2022,"Pubs, restaurants, and fast food",103,Total
22/01/2022,"Pubs, restaurants, and fast food",105,Total
23/01/2022,"Pubs, restaurants, and fast food",107,Total
24/01/2022,"Pubs, restaurants, and fast food",108,Total
25/01/2022,"Pubs, restaurants, and fast food",110,Total
26/01/2022,"Pubs, restaurants, and fast food",111,Total
27/01/2022,"Pubs, restaurants, and fast food",112,Total
28/01/2022,"Pubs, restaurants, and fast food",112,Total
29/01/2022,"Pubs, restaurants, and fast food",112,Total
30/01/2022,"Pubs, restaurants, and fast food",113,Total
31/01/2022,"Pubs, restaurants, and fast food",114,Total
01/02/2022,"Pubs, restaurants, and fast food",115,Total
02/02/2022,"Pubs, restaurants, and fast food",115,Total
03/02/2022,"Pubs, restaurants, and fast food",114,Total
04/02/2022,"Pubs, restaurants, and fast food",114,Total
05/02/2022,"Pubs, restaurants, and fast food",113,Total
06/02/2022,"Pubs, restaurants, and fast food",113,Total
07/02/2022,"Pubs, restaurants, and fast food",112,Total
08/02/2022,"Pubs, restaurants, and fast food",110,Total
09/02/2022,"Pubs, restaurants, and fast food",109,Total
10/02/2022,"Pubs, restaurants, and fast food",110,Total
11/02/2022,"Pubs, restaurants, and fast food",110,Total
12/02/2022,"Pubs, restaurants, and fast food",111,Total
13/02/2022,"Pubs, restaurants, and fast food",112,Total
14/02/2022,"Pubs, restaurants, and fast food",113,Total
15/02/2022,"Pubs, restaurants, and fast food",114,Total
16/02/2022,"Pubs, restaurants, and fast food",115,Total
17/02/2022,"Pubs, restaurants, and fast food",115,Total
18/02/2022,"Pubs, restaurants, and fast food",115,Total
19/02/2022,"Pubs, restaurants, and fast food",115,Total
20/02/2022,"Pubs, restaurants, and fast food",114,Total
21/02/2022,"Pubs, restaurants, and fast food",113,Total
22/02/2022,"Pubs, restaurants, and fast food",112,Total
23/02/2022,"Pubs, restaurants, and fast food",112,Total
24/02/2022,"Pubs, restaurants, and fast food",113,Total
25/02/2022,"Pubs, restaurants, and fast food",114,Total
26/02/2022,"Pubs, restaurants, and fast food",114,Total
27/02/2022,"Pubs, restaurants, and fast food",114,Total
28/02/2022,"Pubs, restaurants, and fast food",117,Total
01/03/2022,"Pubs, restaurants, and fast food",118,Total
02/03/2022,"Pubs, restaurants, and fast food",119,Total
03/03/2022,"Pubs, restaurants, and fast food",118,Total
04/03/2022,"Pubs, restaurants, and fast food",118,Total
05/03/2022,"Pubs, restaurants, and fast food",118,Total
06/03/2022,"Pubs, restaurants, and fast food",118,Total
07/03/2022,"Pubs, restaurants, and fast food",117,Total
08/03/2022,"Pubs, restaurants, and fast food",115,Total
09/03/2022,"Pubs, restaurants, and fast food",115,Total
10/03/2022,"Pubs, restaurants, and fast food",114,Total
11/03/2022,"Pubs, restaurants, and fast food",114,Total
12/03/2022,"Pubs, restaurants, and fast food",113,Total
13/03/2022,"Pubs, restaurants, and fast food",113,Total
14/03/2022,"Pubs, restaurants, and fast food",112,Total
15/03/2022,"Pubs, restaurants, and fast food",112,Total
16/03/2022,"Pubs, restaurants, and fast food",112,Total
17/03/2022,"Pubs, restaurants, and fast food",112,Total
18/03/2022,"Pubs, restaurants, and fast food",112,Total
19/03/2022,"Pubs, restaurants, and fast food",112,Total
20/03/2022,"Pubs, restaurants, and fast food",113,Total
21/03/2022,"Pubs, restaurants, and fast food",112,Total
22/03/2022,"Pubs, restaurants, and fast food",113,Total
23/03/2022,"Pubs, restaurants, and fast food",113,Total
24/03/2022,"Pubs, restaurants, and fast food",114,Total
25/03/2022,"Pubs, restaurants, and fast food",115,Total
26/03/2022,"Pubs, restaurants, and fast food",116,Total
27/03/2022,"Pubs, restaurants, and fast food",117,Total
28/03/2022,"Pubs, restaurants, and fast food",120,Total
29/03/2022,"Pubs, restaurants, and fast food",121,Total
30/03/2022,"Pubs, restaurants, and fast food",123,Total
31/03/2022,"Pubs, restaurants, and fast food",125,Total
01/04/2022,"Pubs, restaurants, and fast food",126,Total
02/04/2022,"Pubs, restaurants, and fast food",127,Total
03/04/2022,"Pubs, restaurants, and fast food",129,Total
04/04/2022,"Pubs, restaurants, and fast food",131,Total
05/04/2022,"Pubs, restaurants, and fast food",132,Total
06/04/2022,"Pubs, restaurants, and fast food",133,Total
07/04/2022,"Pubs, restaurants, and fast food",133,Total
08/04/2022,"Pubs, restaurants, and fast food",132,Total
09/04/2022,"Pubs, restaurants, and fast food",132,Total
10/04/2022,"Pubs, restaurants, and fast food",131,Total
11/04/2022,"Pubs, restaurants, and fast food",129,Total
12/04/2022,"Pubs, restaurants, and fast food",129,Total
13/04/2022,"Pubs, restaurants, and fast food",129,Total
14/04/2022,"Pubs, restaurants, and fast food",131,Total
15/04/2022,"Pubs, restaurants, and fast food",131,Total
16/04/2022,"Pubs, restaurants, and fast food",129,Total
17/04/2022,"Pubs, restaurants, and fast food",127,Total
18/04/2022,"Pubs, restaurants, and fast food",125,Total
19/04/2022,"Pubs, restaurants, and fast food",125,Total
20/04/2022,"Pubs, restaurants, and fast food",123,Total
21/04/2022,"Pubs, restaurants, and fast food",121,Total
22/04/2022,"Pubs, restaurants, and fast food",120,Total
23/04/2022,"Pubs, restaurants, and fast food",119,Total
24/04/2022,"Pubs, restaurants, and fast food",119,Total
25/04/2022,"Pubs, restaurants, and fast food",119,Total
26/04/2022,"Pubs, restaurants, and fast food",119,Total
27/04/2022,"Pubs, restaurants, and fast food",119,Total
28/04/2022,"Pubs, restaurants, and fast food",120,Total
29/04/2022,"Pubs, restaurants, and fast food",122,Total
30/04/2022,"Pubs, restaurants, and fast food",125,Total
01/05/2022,"Pubs, restaurants, and fast food",128,Total
02/05/2022,"Pubs, restaurants, and fast food",129,Total
03/05/2022,"Pubs, restaurants, and fast food",129,Total
04/05/2022,"Pubs, restaurants, and fast food",129,Total
05/05/2022,"Pubs, restaurants, and fast food",128,Total
06/05/2022,"Pubs, restaurants, and fast food",127,Total
07/05/2022,"Pubs, restaurants, and fast food",125,Total
08/05/2022,"Pubs, restaurants, and fast food",123,Total
09/05/2022,"Pubs, restaurants, and fast food",123,Total
10/05/2022,"Pubs, restaurants, and fast food",123,Total
11/05/2022,"Pubs, restaurants, and fast food",124,Total
12/05/2022,"Pubs, restaurants, and fast food",125,Total
13/05/2022,"Pubs, restaurants, and fast food",124,Total
14/05/2022,"Pubs, restaurants, and fast food",124,Total
15/05/2022,"Pubs, restaurants, and fast food",124,Total
16/05/2022,"Pubs, restaurants, and fast food",123,Total
17/05/2022,"Pubs, restaurants, and fast food",122,Total
18/05/2022,"Pubs, restaurants, and fast food",120,Total
19/05/2022,"Pubs, restaurants, and fast food",118,Total
20/05/2022,"Pubs, restaurants, and fast food",118,Total
21/05/2022,"Pubs, restaurants, and fast food",118,Total
22/05/2022,"Pubs, restaurants, and fast food",118,Total
23/05/2022,"Pubs, restaurants, and fast food",118,Total
24/05/2022,"Pubs, restaurants, and fast food",118,Total
25/05/2022,"Pubs, restaurants, and fast food",119,Total
26/05/2022,"Pubs, restaurants, and fast food",120,Total
27/05/2022,"Pubs, restaurants, and fast food",122,Total
28/05/2022,"Pubs, restaurants, and fast food",124,Total
29/05/2022,"Pubs, restaurants, and fast food",126,Total
30/05/2022,"Pubs, restaurants, and fast food",129,Total
31/05/2022,"Pubs, restaurants, and fast food",132,Total
01/06/2022,"Pubs, restaurants, and fast food",137,Total
02/06/2022,"Pubs, restaurants, and fast food",140,Total
03/06/2022,"Pubs, restaurants, and fast food",140,Total
04/06/2022,"Pubs, restaurants, and fast food",140,Total
05/06/2022,"Pubs, restaurants, and fast food",139,Total
06/06/2022,"Pubs, restaurants, and fast food",137,Total
07/06/2022,"Pubs, restaurants, and fast food",135,Total
08/06/2022,"Pubs, restaurants, and fast food",131,Total
09/06/2022,"Pubs, restaurants, and fast food",127,Total
10/06/2022,"Pubs, restaurants, and fast food",126,Total
11/06/2022,"Pubs, restaurants, and fast food",126,Total
12/06/2022,"Pubs, restaurants, and fast food",125,Total
13/06/2022,"Pubs, restaurants, and fast food",126,Total
14/06/2022,"Pubs, restaurants, and fast food",126,Total
15/06/2022,"Pubs, restaurants, and fast food",126,Total
16/06/2022,"Pubs, restaurants, and fast food",126,Total
17/06/2022,"Pubs, restaurants, and fast food",125,Total
18/06/2022,"Pubs, restaurants, and fast food",125,Total
19/06/2022,"Pubs, restaurants, and fast food",125,Total
20/06/2022,"Pubs, restaurants, and fast food",124,Total
21/06/2022,"Pubs, restaurants, and fast food",123,Total
22/06/2022,"Pubs, restaurants, and fast food",121,Total
23/06/2022,"Pubs, restaurants, and fast food",121,Total
24/06/2022,"Pubs, restaurants, and fast food",121,Total
25/06/2022,"Pubs, restaurants, and fast food",120,Total
26/06/2022,"Pubs, restaurants, and fast food",120,Total
27/06/2022,"Pubs, restaurants, and fast food",121,Total
28/06/2022,"Pubs, restaurants, and fast food",123,Total
29/06/2022,"Pubs, restaurants, and fast food",124,Total
30/06/2022,"Pubs, restaurants, and fast food",127,Total
01/07/2022,"Pubs, restaurants, and fast food",128,Total
02/07/2022,"Pubs, restaurants, and fast food",129,Total
03/07/2022,"Pubs, restaurants, and fast food",130,Total
01/01/2020,Retail,120,Sector
01/01/2020,Travel and accomodation,106,Sector
01/01/2020,Automotive Fuel,125,Sector
01/01/2020,Food and Drink,102,Sector
01/01/2020,Entertainment,108,Sector
01/01/2020,"Pubs, restaurants, and fast food",119,Sector
02/01/2020,Retail,123,Sector
02/01/2020,Travel and accomodation,111,Sector
02/01/2020,Automotive Fuel,129,Sector
02/01/2020,Food and Drink,107,Sector
02/01/2020,Entertainment,108,Sector
02/01/2020,"Pubs, restaurants, and fast food",122,Sector
03/01/2020,Retail,121,Sector
03/01/2020,Travel and accomodation,113,Sector
03/01/2020,Automotive Fuel,132,Sector
03/01/2020,Food and Drink,107,Sector
03/01/2020,Entertainment,107,Sector
03/01/2020,"Pubs, restaurants, and fast food",122,Sector
04/01/2020,Retail,119,Sector
04/01/2020,Travel and accomodation,113,Sector
04/01/2020,Automotive Fuel,135,Sector
04/01/2020,Food and Drink,108,Sector
04/01/2020,Entertainment,101,Sector
04/01/2020,"Pubs, restaurants, and fast food",120,Sector
05/01/2020,Retail,118,Sector
05/01/2020,Travel and accomodation,112,Sector
05/01/2020,Automotive Fuel,135,Sector
05/01/2020,Food and Drink,107,Sector
05/01/2020,Entertainment,95,Sector
05/01/2020,"Pubs, restaurants, and fast food",113,Sector
06/01/2020,Retail,113,Sector
06/01/2020,Travel and accomodation,111,Sector
06/01/2020,Automotive Fuel,131,Sector
06/01/2020,Food and Drink,100,Sector
06/01/2020,Entertainment,90,Sector
06/01/2020,"Pubs, restaurants, and fast food",105,Sector
07/01/2020,Retail,111,Sector
07/01/2020,Travel and accomodation,109,Sector
07/01/2020,Automotive Fuel,126,Sector
07/01/2020,Food and Drink,90,Sector
07/01/2020,Entertainment,87,Sector
07/01/2020,"Pubs, restaurants, and fast food",95,Sector
08/01/2020,Retail,117,Sector
08/01/2020,Travel and accomodation,108,Sector
08/01/2020,Automotive Fuel,127,Sector
08/01/2020,Food and Drink,95,Sector
08/01/2020,Entertainment,85,Sector
08/01/2020,"Pubs, restaurants, and fast food",88,Sector
09/01/2020,Retail,112,Sector
09/01/2020,Travel and accomodation,103,Sector
09/01/2020,Automotive Fuel,120,Sector
09/01/2020,Food and Drink,93,Sector
09/01/2020,Entertainment,82,Sector
09/01/2020,"Pubs, restaurants, and fast food",83,Sector
10/01/2020,Retail,107,Sector
10/01/2020,Travel and accomodation,98,Sector
10/01/2020,Automotive Fuel,111,Sector
10/01/2020,Food and Drink,91,Sector
10/01/2020,Entertainment,80,Sector
10/01/2020,"Pubs, restaurants, and fast food",80,Sector
11/01/2020,Retail,105,Sector
11/01/2020,Travel and accomodation,94,Sector
11/01/2020,Automotive Fuel,101,Sector
11/01/2020,Food and Drink,91,Sector
11/01/2020,Entertainment,80,Sector
11/01/2020,"Pubs, restaurants, and fast food",80,Sector
12/01/2020,Retail,103,Sector
12/01/2020,Travel and accomodation,92,Sector
12/01/2020,Automotive Fuel,95,Sector
12/01/2020,Food and Drink,91,Sector
12/01/2020,Entertainment,79,Sector
12/01/2020,"Pubs, restaurants, and fast food",79,Sector
13/01/2020,Retail,103,Sector
13/01/2020,Travel and accomodation,90,Sector
13/01/2020,Automotive Fuel,93,Sector
13/01/2020,Food and Drink,91,Sector
13/01/2020,Entertainment,80,Sector
13/01/2020,"Pubs, restaurants, and fast food",79,Sector
14/01/2020,Retail,101,Sector
14/01/2020,Travel and accomodation,89,Sector
14/01/2020,Automotive Fuel,92,Sector
14/01/2020,Food and Drink,89,Sector
14/01/2020,Entertainment,79,Sector
14/01/2020,"Pubs, restaurants, and fast food",78,Sector
15/01/2020,Retail,100,Sector
15/01/2020,Travel and accomodation,89,Sector
15/01/2020,Automotive Fuel,91,Sector
15/01/2020,Food and Drink,89,Sector
15/01/2020,Entertainment,78,Sector
15/01/2020,"Pubs, restaurants, and fast food",78,Sector
16/01/2020,Retail,99,Sector
16/01/2020,Travel and accomodation,89,Sector
16/01/2020,Automotive Fuel,90,Sector
16/01/2020,Food and Drink,89,Sector
16/01/2020,Entertainment,79,Sector
16/01/2020,"Pubs, restaurants, and fast food",78,Sector
17/01/2020,Retail,98,Sector
17/01/2020,Travel and accomodation,89,Sector
17/01/2020,Automotive Fuel,91,Sector
17/01/2020,Food and Drink,90,Sector
17/01/2020,Entertainment,80,Sector
17/01/2020,"Pubs, restaurants, and fast food",79,Sector
18/01/2020,Retail,98,Sector
18/01/2020,Travel and accomodation,89,Sector
18/01/2020,Automotive Fuel,91,Sector
18/01/2020,Food and Drink,90,Sector
18/01/2020,Entertainment,80,Sector
18/01/2020,"Pubs, restaurants, and fast food",81,Sector
19/01/2020,Retail,98,Sector
19/01/2020,Travel and accomodation,89,Sector
19/01/2020,Automotive Fuel,91,Sector
19/01/2020,Food and Drink,90,Sector
19/01/2020,Entertainment,82,Sector
19/01/2020,"Pubs, restaurants, and fast food",82,Sector
20/01/2020,Retail,97,Sector
20/01/2020,Travel and accomodation,90,Sector
20/01/2020,Automotive Fuel,92,Sector
20/01/2020,Food and Drink,91,Sector
20/01/2020,Entertainment,83,Sector
20/01/2020,"Pubs, restaurants, and fast food",83,Sector
21/01/2020,Retail,97,Sector
21/01/2020,Travel and accomodation,91,Sector
21/01/2020,Automotive Fuel,93,Sector
21/01/2020,Food and Drink,92,Sector
21/01/2020,Entertainment,84,Sector
21/01/2020,"Pubs, restaurants, and fast food",84,Sector
22/01/2020,Retail,97,Sector
22/01/2020,Travel and accomodation,91,Sector
22/01/2020,Automotive Fuel,94,Sector
22/01/2020,Food and Drink,92,Sector
22/01/2020,Entertainment,85,Sector
22/01/2020,"Pubs, restaurants, and fast food",85,Sector
23/01/2020,Retail,98,Sector
23/01/2020,Travel and accomodation,90,Sector
23/01/2020,Automotive Fuel,94,Sector
23/01/2020,Food and Drink,91,Sector
23/01/2020,Entertainment,85,Sector
23/01/2020,"Pubs, restaurants, and fast food",86,Sector
24/01/2020,Retail,98,Sector
24/01/2020,Travel and accomodation,90,Sector
24/01/2020,Automotive Fuel,94,Sector
24/01/2020,Food and Drink,92,Sector
24/01/2020,Entertainment,86,Sector
24/01/2020,"Pubs, restaurants, and fast food",86,Sector
25/01/2020,Retail,98,Sector
25/01/2020,Travel and accomodation,91,Sector
25/01/2020,Automotive Fuel,93,Sector
25/01/2020,Food and Drink,92,Sector
25/01/2020,Entertainment,87,Sector
25/01/2020,"Pubs, restaurants, and fast food",87,Sector
26/01/2020,Retail,99,Sector
26/01/2020,Travel and accomodation,92,Sector
26/01/2020,Automotive Fuel,93,Sector
26/01/2020,Food and Drink,92,Sector
26/01/2020,Entertainment,88,Sector
26/01/2020,"Pubs, restaurants, and fast food",87,Sector
27/01/2020,Retail,99,Sector
27/01/2020,Travel and accomodation,90,Sector
27/01/2020,Automotive Fuel,93,Sector
27/01/2020,Food and Drink,92,Sector
27/01/2020,Entertainment,89,Sector
27/01/2020,"Pubs, restaurants, and fast food",87,Sector
28/01/2020,Retail,100,Sector
28/01/2020,Travel and accomodation,91,Sector
28/01/2020,Automotive Fuel,92,Sector
28/01/2020,Food and Drink,92,Sector
28/01/2020,Entertainment,90,Sector
28/01/2020,"Pubs, restaurants, and fast food",87,Sector
29/01/2020,Retail,100,Sector
29/01/2020,Travel and accomodation,90,Sector
29/01/2020,Automotive Fuel,91,Sector
29/01/2020,Food and Drink,92,Sector
29/01/2020,Entertainment,90,Sector
29/01/2020,"Pubs, restaurants, and fast food",86,Sector
30/01/2020,Retail,102,Sector
30/01/2020,Travel and accomodation,91,Sector
30/01/2020,Automotive Fuel,92,Sector
30/01/2020,Food and Drink,92,Sector
30/01/2020,Entertainment,92,Sector
30/01/2020,"Pubs, restaurants, and fast food",87,Sector
31/01/2020,Retail,106,Sector
31/01/2020,Travel and accomodation,93,Sector
31/01/2020,Automotive Fuel,93,Sector
31/01/2020,Food and Drink,92,Sector
31/01/2020,Entertainment,94,Sector
31/01/2020,"Pubs, restaurants, and fast food",88,Sector
01/02/2020,Retail,108,Sector
01/02/2020,Travel and accomodation,93,Sector
01/02/2020,Automotive Fuel,93,Sector
01/02/2020,Food and Drink,94,Sector
01/02/2020,Entertainment,97,Sector
01/02/2020,"Pubs, restaurants, and fast food",91,Sector
02/02/2020,Retail,108,Sector
02/02/2020,Travel and accomodation,94,Sector
02/02/2020,Automotive Fuel,94,Sector
02/02/2020,Food and Drink,95,Sector
02/02/2020,Entertainment,99,Sector
02/02/2020,"Pubs, restaurants, and fast food",92,Sector
03/02/2020,Retail,109,Sector
03/02/2020,Travel and accomodation,96,Sector
03/02/2020,Automotive Fuel,94,Sector
03/02/2020,Food and Drink,96,Sector
03/02/2020,Entertainment,100,Sector
03/02/2020,"Pubs, restaurants, and fast food",93,Sector
04/02/2020,Retail,109,Sector
04/02/2020,Travel and accomodation,96,Sector
04/02/2020,Automotive Fuel,94,Sector
04/02/2020,Food and Drink,96,Sector
04/02/2020,Entertainment,100,Sector
04/02/2020,"Pubs, restaurants, and fast food",93,Sector
05/02/2020,Retail,108,Sector
05/02/2020,Travel and accomodation,96,Sector
05/02/2020,Automotive Fuel,95,Sector
05/02/2020,Food and Drink,96,Sector
05/02/2020,Entertainment,101,Sector
05/02/2020,"Pubs, restaurants, and fast food",94,Sector
06/02/2020,Retail,106,Sector
06/02/2020,Travel and accomodation,96,Sector
06/02/2020,Automotive Fuel,95,Sector
06/02/2020,Food and Drink,97,Sector
06/02/2020,Entertainment,100,Sector
06/02/2020,"Pubs, restaurants, and fast food",94,Sector
07/02/2020,Retail,102,Sector
07/02/2020,Travel and accomodation,95,Sector
07/02/2020,Automotive Fuel,94,Sector
07/02/2020,Food and Drink,97,Sector
07/02/2020,Entertainment,98,Sector
07/02/2020,"Pubs, restaurants, and fast food",94,Sector
08/02/2020,Retail,100,Sector
08/02/2020,Travel and accomodation,95,Sector
08/02/2020,Automotive Fuel,94,Sector
08/02/2020,Food and Drink,97,Sector
08/02/2020,Entertainment,97,Sector
08/02/2020,"Pubs, restaurants, and fast food",94,Sector
09/02/2020,Retail,99,Sector
09/02/2020,Travel and accomodation,95,Sector
09/02/2020,Automotive Fuel,93,Sector
09/02/2020,Food and Drink,96,Sector
09/02/2020,Entertainment,94,Sector
09/02/2020,"Pubs, restaurants, and fast food",93,Sector
10/02/2020,Retail,98,Sector
10/02/2020,Travel and accomodation,95,Sector
10/02/2020,Automotive Fuel,94,Sector
10/02/2020,Food and Drink,96,Sector
10/02/2020,Entertainment,92,Sector
10/02/2020,"Pubs, restaurants, and fast food",94,Sector
11/02/2020,Retail,97,Sector
11/02/2020,Travel and accomodation,95,Sector
11/02/2020,Automotive Fuel,94,Sector
11/02/2020,Food and Drink,96,Sector
11/02/2020,Entertainment,91,Sector
11/02/2020,"Pubs, restaurants, and fast food",94,Sector
12/02/2020,Retail,96,Sector
12/02/2020,Travel and accomodation,94,Sector
12/02/2020,Automotive Fuel,94,Sector
12/02/2020,Food and Drink,96,Sector
12/02/2020,Entertainment,91,Sector
12/02/2020,"Pubs, restaurants, and fast food",94,Sector
13/02/2020,Retail,96,Sector
13/02/2020,Travel and accomodation,93,Sector
13/02/2020,Automotive Fuel,94,Sector
13/02/2020,Food and Drink,98,Sector
13/02/2020,Entertainment,91,Sector
13/02/2020,"Pubs, restaurants, and fast food",94,Sector
14/02/2020,Retail,95,Sector
14/02/2020,Travel and accomodation,94,Sector
14/02/2020,Automotive Fuel,95,Sector
14/02/2020,Food and Drink,99,Sector
14/02/2020,Entertainment,90,Sector
14/02/2020,"Pubs, restaurants, and fast food",94,Sector
15/02/2020,Retail,95,Sector
15/02/2020,Travel and accomodation,96,Sector
15/02/2020,Automotive Fuel,99,Sector
15/02/2020,Food and Drink,99,Sector
15/02/2020,Entertainment,95,Sector
15/02/2020,"Pubs, restaurants, and fast food",93,Sector
16/02/2020,Retail,97,Sector
16/02/2020,Travel and accomodation,97,Sector
16/02/2020,Automotive Fuel,101,Sector
16/02/2020,Food and Drink,101,Sector
16/02/2020,Entertainment,103,Sector
16/02/2020,"Pubs, restaurants, and fast food",95,Sector
17/02/2020,Retail,97,Sector
17/02/2020,Travel and accomodation,98,Sector
17/02/2020,Automotive Fuel,102,Sector
17/02/2020,Food and Drink,102,Sector
17/02/2020,Entertainment,108,Sector
17/02/2020,"Pubs, restaurants, and fast food",99,Sector
18/02/2020,Retail,98,Sector
18/02/2020,Travel and accomodation,100,Sector
18/02/2020,Automotive Fuel,103,Sector
18/02/2020,Food and Drink,103,Sector
18/02/2020,Entertainment,112,Sector
18/02/2020,"Pubs, restaurants, and fast food",102,Sector
19/02/2020,Retail,100,Sector
19/02/2020,Travel and accomodation,102,Sector
19/02/2020,Automotive Fuel,104,Sector
19/02/2020,Food and Drink,104,Sector
19/02/2020,Entertainment,114,Sector
19/02/2020,"Pubs, restaurants, and fast food",105,Sector
20/02/2020,Retail,100,Sector
20/02/2020,Travel and accomodation,105,Sector
20/02/2020,Automotive Fuel,104,Sector
20/02/2020,Food and Drink,103,Sector
20/02/2020,Entertainment,116,Sector
20/02/2020,"Pubs, restaurants, and fast food",109,Sector
21/02/2020,Retail,102,Sector
21/02/2020,Travel and accomodation,111,Sector
21/02/2020,Automotive Fuel,105,Sector
21/02/2020,Food and Drink,102,Sector
21/02/2020,Entertainment,118,Sector
21/02/2020,"Pubs, restaurants, and fast food",111,Sector
22/02/2020,Retail,102,Sector
22/02/2020,Travel and accomodation,118,Sector
22/02/2020,Automotive Fuel,106,Sector
22/02/2020,Food and Drink,102,Sector
22/02/2020,Entertainment,113,Sector
22/02/2020,"Pubs, restaurants, and fast food",112,Sector
23/02/2020,Retail,99,Sector
23/02/2020,Travel and accomodation,118,Sector
23/02/2020,Automotive Fuel,107,Sector
23/02/2020,Food and Drink,100,Sector
23/02/2020,Entertainment,104,Sector
23/02/2020,"Pubs, restaurants, and fast food",110,Sector
24/02/2020,Retail,98,Sector
24/02/2020,Travel and accomodation,116,Sector
24/02/2020,Automotive Fuel,106,Sector
24/02/2020,Food and Drink,99,Sector
24/02/2020,Entertainment,98,Sector
24/02/2020,"Pubs, restaurants, and fast food",107,Sector
25/02/2020,Retail,98,Sector
25/02/2020,Travel and accomodation,113,Sector
25/02/2020,Automotive Fuel,106,Sector
25/02/2020,Food and Drink,98,Sector
25/02/2020,Entertainment,94,Sector
25/02/2020,"Pubs, restaurants, and fast food",103,Sector
26/02/2020,Retail,97,Sector
26/02/2020,Travel and accomodation,110,Sector
26/02/2020,Automotive Fuel,106,Sector
26/02/2020,Food and Drink,98,Sector
26/02/2020,Entertainment,93,Sector
26/02/2020,"Pubs, restaurants, and fast food",100,Sector
27/02/2020,Retail,97,Sector
27/02/2020,Travel and accomodation,108,Sector
27/02/2020,Automotive Fuel,105,Sector
27/02/2020,Food and Drink,97,Sector
27/02/2020,Entertainment,91,Sector
27/02/2020,"Pubs, restaurants, and fast food",96,Sector
28/02/2020,Retail,98,Sector
28/02/2020,Travel and accomodation,100,Sector
28/02/2020,Automotive Fuel,105,Sector
28/02/2020,Food and Drink,97,Sector
28/02/2020,Entertainment,92,Sector
28/02/2020,"Pubs, restaurants, and fast food",95,Sector
29/02/2020,Retail,100,Sector
29/02/2020,Travel and accomodation,92,Sector
29/02/2020,Automotive Fuel,100,Sector
29/02/2020,Food and Drink,99,Sector
29/02/2020,Entertainment,92,Sector
29/02/2020,"Pubs, restaurants, and fast food",95,Sector
01/03/2020,Retail,103,Sector
01/03/2020,Travel and accomodation,89,Sector
01/03/2020,Automotive Fuel,99,Sector
01/03/2020,Food and Drink,100,Sector
01/03/2020,Entertainment,95,Sector
01/03/2020,"Pubs, restaurants, and fast food",96,Sector
02/03/2020,Retail,105,Sector
02/03/2020,Travel and accomodation,88,Sector
02/03/2020,Automotive Fuel,99,Sector
02/03/2020,Food and Drink,101,Sector
02/03/2020,Entertainment,96,Sector
02/03/2020,"Pubs, restaurants, and fast food",96,Sector
03/03/2020,Retail,106,Sector
03/03/2020,Travel and accomodation,88,Sector
03/03/2020,Automotive Fuel,99,Sector
03/03/2020,Food and Drink,102,Sector
03/03/2020,Entertainment,96,Sector
03/03/2020,"Pubs, restaurants, and fast food",96,Sector
04/03/2020,Retail,106,Sector
04/03/2020,Travel and accomodation,89,Sector
04/03/2020,Automotive Fuel,98,Sector
04/03/2020,Food and Drink,103,Sector
04/03/2020,Entertainment,95,Sector
04/03/2020,"Pubs, restaurants, and fast food",97,Sector
05/03/2020,Retail,106,Sector
05/03/2020,Travel and accomodation,89,Sector
05/03/2020,Automotive Fuel,99,Sector
05/03/2020,Food and Drink,104,Sector
05/03/2020,Entertainment,95,Sector
05/03/2020,"Pubs, restaurants, and fast food",97,Sector
06/03/2020,Retail,105,Sector
06/03/2020,Travel and accomodation,88,Sector
06/03/2020,Automotive Fuel,98,Sector
06/03/2020,Food and Drink,105,Sector
06/03/2020,Entertainment,94,Sector
06/03/2020,"Pubs, restaurants, and fast food",96,Sector
07/03/2020,Retail,103,Sector
07/03/2020,Travel and accomodation,86,Sector
07/03/2020,Automotive Fuel,98,Sector
07/03/2020,Food and Drink,105,Sector
07/03/2020,Entertainment,92,Sector
07/03/2020,"Pubs, restaurants, and fast food",97,Sector
08/03/2020,Retail,101,Sector
08/03/2020,Travel and accomodation,84,Sector
08/03/2020,Automotive Fuel,98,Sector
08/03/2020,Food and Drink,105,Sector
08/03/2020,Entertainment,91,Sector
08/03/2020,"Pubs, restaurants, and fast food",96,Sector
09/03/2020,Retail,100,Sector
09/03/2020,Travel and accomodation,82,Sector
09/03/2020,Automotive Fuel,98,Sector
09/03/2020,Food and Drink,106,Sector
09/03/2020,Entertainment,91,Sector
09/03/2020,"Pubs, restaurants, and fast food",96,Sector
10/03/2020,Retail,99,Sector
10/03/2020,Travel and accomodation,80,Sector
10/03/2020,Automotive Fuel,98,Sector
10/03/2020,Food and Drink,107,Sector
10/03/2020,Entertainment,93,Sector
10/03/2020,"Pubs, restaurants, and fast food",95,Sector
11/03/2020,Retail,98,Sector
11/03/2020,Travel and accomodation,78,Sector
11/03/2020,Automotive Fuel,98,Sector
11/03/2020,Food and Drink,108,Sector
11/03/2020,Entertainment,93,Sector
11/03/2020,"Pubs, restaurants, and fast food",94,Sector
12/03/2020,Retail,97,Sector
12/03/2020,Travel and accomodation,74,Sector
12/03/2020,Automotive Fuel,97,Sector
12/03/2020,Food and Drink,111,Sector
12/03/2020,Entertainment,92,Sector
12/03/2020,"Pubs, restaurants, and fast food",92,Sector
13/03/2020,Retail,95,Sector
13/03/2020,Travel and accomodation,72,Sector
13/03/2020,Automotive Fuel,97,Sector
13/03/2020,Food and Drink,117,Sector
13/03/2020,Entertainment,89,Sector
13/03/2020,"Pubs, restaurants, and fast food",89,Sector
14/03/2020,Retail,94,Sector
14/03/2020,Travel and accomodation,70,Sector
14/03/2020,Automotive Fuel,97,Sector
14/03/2020,Food and Drink,121,Sector
14/03/2020,Entertainment,84,Sector
14/03/2020,"Pubs, restaurants, and fast food",83,Sector
15/03/2020,Retail,92,Sector
15/03/2020,Travel and accomodation,67,Sector
15/03/2020,Automotive Fuel,97,Sector
15/03/2020,Food and Drink,123,Sector
15/03/2020,Entertainment,76,Sector
15/03/2020,"Pubs, restaurants, and fast food",76,Sector
16/03/2020,Retail,89,Sector
16/03/2020,Travel and accomodation,66,Sector
16/03/2020,Automotive Fuel,97,Sector
16/03/2020,Food and Drink,127,Sector
16/03/2020,Entertainment,71,Sector
16/03/2020,"Pubs, restaurants, and fast food",72,Sector
17/03/2020,Retail,86,Sector
17/03/2020,Travel and accomodation,63,Sector
17/03/2020,Automotive Fuel,97,Sector
17/03/2020,Food and Drink,131,Sector
17/03/2020,Entertainment,63,Sector
17/03/2020,"Pubs, restaurants, and fast food",68,Sector
18/03/2020,Retail,84,Sector
18/03/2020,Travel and accomodation,61,Sector
18/03/2020,Automotive Fuel,97,Sector
18/03/2020,Food and Drink,135,Sector
18/03/2020,Entertainment,57,Sector
18/03/2020,"Pubs, restaurants, and fast food",61,Sector
19/03/2020,Retail,82,Sector
19/03/2020,Travel and accomodation,59,Sector
19/03/2020,Automotive Fuel,96,Sector
19/03/2020,Food and Drink,137,Sector
19/03/2020,Entertainment,50,Sector
19/03/2020,"Pubs, restaurants, and fast food",55,Sector
20/03/2020,Retail,79,Sector
20/03/2020,Travel and accomodation,53,Sector
20/03/2020,Automotive Fuel,92,Sector
20/03/2020,Food and Drink,133,Sector
20/03/2020,Entertainment,44,Sector
20/03/2020,"Pubs, restaurants, and fast food",45,Sector
21/03/2020,Retail,75,Sector
21/03/2020,Travel and accomodation,46,Sector
21/03/2020,Automotive Fuel,88,Sector
21/03/2020,Food and Drink,128,Sector
21/03/2020,Entertainment,39,Sector
21/03/2020,"Pubs, restaurants, and fast food",33,Sector
22/03/2020,Retail,72,Sector
22/03/2020,Travel and accomodation,40,Sector
22/03/2020,Automotive Fuel,82,Sector
22/03/2020,Food and Drink,124,Sector
22/03/2020,Entertainment,38,Sector
22/03/2020,"Pubs, restaurants, and fast food",27,Sector
23/03/2020,Retail,70,Sector
23/03/2020,Travel and accomodation,35,Sector
23/03/2020,Automotive Fuel,77,Sector
23/03/2020,Food and Drink,118,Sector
23/03/2020,Entertainment,37,Sector
23/03/2020,"Pubs, restaurants, and fast food",23,Sector
24/03/2020,Retail,67,Sector
24/03/2020,Travel and accomodation,30,Sector
24/03/2020,Automotive Fuel,72,Sector
24/03/2020,Food and Drink,113,Sector
24/03/2020,Entertainment,36,Sector
24/03/2020,"Pubs, restaurants, and fast food",19,Sector
25/03/2020,Retail,65,Sector
25/03/2020,Travel and accomodation,26,Sector
25/03/2020,Automotive Fuel,67,Sector
25/03/2020,Food and Drink,107,Sector
25/03/2020,Entertainment,36,Sector
25/03/2020,"Pubs, restaurants, and fast food",16,Sector
26/03/2020,Retail,62,Sector
26/03/2020,Travel and accomodation,21,Sector
26/03/2020,Automotive Fuel,61,Sector
26/03/2020,Food and Drink,101,Sector
26/03/2020,Entertainment,36,Sector
26/03/2020,"Pubs, restaurants, and fast food",14,Sector
27/03/2020,Retail,61,Sector
27/03/2020,Travel and accomodation,18,Sector
27/03/2020,Automotive Fuel,57,Sector
27/03/2020,Food and Drink,99,Sector
27/03/2020,Entertainment,37,Sector
27/03/2020,"Pubs, restaurants, and fast food",11,Sector
28/03/2020,Retail,59,Sector
28/03/2020,Travel and accomodation,16,Sector
28/03/2020,Automotive Fuel,52,Sector
28/03/2020,Food and Drink,96,Sector
28/03/2020,Entertainment,37,Sector
28/03/2020,"Pubs, restaurants, and fast food",10,Sector
29/03/2020,Retail,59,Sector
29/03/2020,Travel and accomodation,14,Sector
29/03/2020,Automotive Fuel,48,Sector
29/03/2020,Food and Drink,94,Sector
29/03/2020,Entertainment,36,Sector
29/03/2020,"Pubs, restaurants, and fast food",9,Sector
30/03/2020,Retail,58,Sector
30/03/2020,Travel and accomodation,12,Sector
30/03/2020,Automotive Fuel,45,Sector
30/03/2020,Food and Drink,92,Sector
30/03/2020,Entertainment,37,Sector
30/03/2020,"Pubs, restaurants, and fast food",8,Sector
31/03/2020,Retail,60,Sector
31/03/2020,Travel and accomodation,10,Sector
31/03/2020,Automotive Fuel,43,Sector
31/03/2020,Food and Drink,93,Sector
31/03/2020,Entertainment,38,Sector
31/03/2020,"Pubs, restaurants, and fast food",8,Sector
01/04/2020,Retail,61,Sector
01/04/2020,Travel and accomodation,10,Sector
01/04/2020,Automotive Fuel,43,Sector
01/04/2020,Food and Drink,94,Sector
01/04/2020,Entertainment,38,Sector
01/04/2020,"Pubs, restaurants, and fast food",8,Sector
02/04/2020,Retail,62,Sector
02/04/2020,Travel and accomodation,9,Sector
02/04/2020,Automotive Fuel,42,Sector
02/04/2020,Food and Drink,94,Sector
02/04/2020,Entertainment,38,Sector
02/04/2020,"Pubs, restaurants, and fast food",8,Sector
03/04/2020,Retail,62,Sector
03/04/2020,Travel and accomodation,8,Sector
03/04/2020,Automotive Fuel,41,Sector
03/04/2020,Food and Drink,94,Sector
03/04/2020,Entertainment,38,Sector
03/04/2020,"Pubs, restaurants, and fast food",8,Sector
04/04/2020,Retail,62,Sector
04/04/2020,Travel and accomodation,8,Sector
04/04/2020,Automotive Fuel,41,Sector
04/04/2020,Food and Drink,96,Sector
04/04/2020,Entertainment,39,Sector
04/04/2020,"Pubs, restaurants, and fast food",8,Sector
05/04/2020,Retail,63,Sector
05/04/2020,Travel and accomodation,8,Sector
05/04/2020,Automotive Fuel,42,Sector
05/04/2020,Food and Drink,97,Sector
05/04/2020,Entertainment,39,Sector
05/04/2020,"Pubs, restaurants, and fast food",8,Sector
06/04/2020,Retail,64,Sector
06/04/2020,Travel and accomodation,8,Sector
06/04/2020,Automotive Fuel,42,Sector
06/04/2020,Food and Drink,98,Sector
06/04/2020,Entertainment,40,Sector
06/04/2020,"Pubs, restaurants, and fast food",8,Sector
07/04/2020,Retail,63,Sector
07/04/2020,Travel and accomodation,7,Sector
07/04/2020,Automotive Fuel,42,Sector
07/04/2020,Food and Drink,99,Sector
07/04/2020,Entertainment,39,Sector
07/04/2020,"Pubs, restaurants, and fast food",8,Sector
08/04/2020,Retail,62,Sector
08/04/2020,Travel and accomodation,7,Sector
08/04/2020,Automotive Fuel,42,Sector
08/04/2020,Food and Drink,101,Sector
08/04/2020,Entertainment,39,Sector
08/04/2020,"Pubs, restaurants, and fast food",8,Sector
09/04/2020,Retail,62,Sector
09/04/2020,Travel and accomodation,7,Sector
09/04/2020,Automotive Fuel,43,Sector
09/04/2020,Food and Drink,104,Sector
09/04/2020,Entertainment,40,Sector
09/04/2020,"Pubs, restaurants, and fast food",8,Sector
10/04/2020,Retail,60,Sector
10/04/2020,Travel and accomodation,7,Sector
10/04/2020,Automotive Fuel,43,Sector
10/04/2020,Food and Drink,105,Sector
10/04/2020,Entertainment,39,Sector
10/04/2020,"Pubs, restaurants, and fast food",8,Sector
11/04/2020,Retail,60,Sector
11/04/2020,Travel and accomodation,6,Sector
11/04/2020,Automotive Fuel,43,Sector
11/04/2020,Food and Drink,106,Sector
11/04/2020,Entertainment,38,Sector
11/04/2020,"Pubs, restaurants, and fast food",8,Sector
12/04/2020,Retail,58,Sector
12/04/2020,Travel and accomodation,6,Sector
12/04/2020,Automotive Fuel,43,Sector
12/04/2020,Food and Drink,102,Sector
12/04/2020,Entertainment,38,Sector
12/04/2020,"Pubs, restaurants, and fast food",8,Sector
13/04/2020,Retail,56,Sector
13/04/2020,Travel and accomodation,6,Sector
13/04/2020,Automotive Fuel,42,Sector
13/04/2020,Food and Drink,99,Sector
13/04/2020,Entertainment,37,Sector
13/04/2020,"Pubs, restaurants, and fast food",8,Sector
14/04/2020,Retail,57,Sector
14/04/2020,Travel and accomodation,6,Sector
14/04/2020,Automotive Fuel,41,Sector
14/04/2020,Food and Drink,99,Sector
14/04/2020,Entertainment,37,Sector
14/04/2020,"Pubs, restaurants, and fast food",8,Sector
15/04/2020,Retail,57,Sector
15/04/2020,Travel and accomodation,6,Sector
15/04/2020,Automotive Fuel,41,Sector
15/04/2020,Food and Drink,98,Sector
15/04/2020,Entertainment,35,Sector
15/04/2020,"Pubs, restaurants, and fast food",8,Sector
16/04/2020,Retail,56,Sector
16/04/2020,Travel and accomodation,6,Sector
16/04/2020,Automotive Fuel,41,Sector
16/04/2020,Food and Drink,94,Sector
16/04/2020,Entertainment,33,Sector
16/04/2020,"Pubs, restaurants, and fast food",8,Sector
17/04/2020,Retail,58,Sector
17/04/2020,Travel and accomodation,7,Sector
17/04/2020,Automotive Fuel,40,Sector
17/04/2020,Food and Drink,93,Sector
17/04/2020,Entertainment,32,Sector
17/04/2020,"Pubs, restaurants, and fast food",8,Sector
18/04/2020,Retail,58,Sector
18/04/2020,Travel and accomodation,7,Sector
18/04/2020,Automotive Fuel,40,Sector
18/04/2020,Food and Drink,92,Sector
18/04/2020,Entertainment,30,Sector
18/04/2020,"Pubs, restaurants, and fast food",8,Sector
19/04/2020,Retail,59,Sector
19/04/2020,Travel and accomodation,7,Sector
19/04/2020,Automotive Fuel,41,Sector
19/04/2020,Food and Drink,96,Sector
19/04/2020,Entertainment,29,Sector
19/04/2020,"Pubs, restaurants, and fast food",9,Sector
20/04/2020,Retail,61,Sector
20/04/2020,Travel and accomodation,7,Sector
20/04/2020,Automotive Fuel,42,Sector
20/04/2020,Food and Drink,98,Sector
20/04/2020,Entertainment,29,Sector
20/04/2020,"Pubs, restaurants, and fast food",8,Sector
21/04/2020,Retail,61,Sector
21/04/2020,Travel and accomodation,7,Sector
21/04/2020,Automotive Fuel,43,Sector
21/04/2020,Food and Drink,97,Sector
21/04/2020,Entertainment,27,Sector
21/04/2020,"Pubs, restaurants, and fast food",9,Sector
22/04/2020,Retail,61,Sector
22/04/2020,Travel and accomodation,7,Sector
22/04/2020,Automotive Fuel,43,Sector
22/04/2020,Food and Drink,97,Sector
22/04/2020,Entertainment,27,Sector
22/04/2020,"Pubs, restaurants, and fast food",9,Sector
23/04/2020,Retail,61,Sector
23/04/2020,Travel and accomodation,6,Sector
23/04/2020,Automotive Fuel,43,Sector
23/04/2020,Food and Drink,95,Sector
23/04/2020,Entertainment,27,Sector
23/04/2020,"Pubs, restaurants, and fast food",9,Sector
24/04/2020,Retail,62,Sector
24/04/2020,Travel and accomodation,6,Sector
24/04/2020,Automotive Fuel,44,Sector
24/04/2020,Food and Drink,98,Sector
24/04/2020,Entertainment,26,Sector
24/04/2020,"Pubs, restaurants, and fast food",9,Sector
25/04/2020,Retail,63,Sector
25/04/2020,Travel and accomodation,6,Sector
25/04/2020,Automotive Fuel,46,Sector
25/04/2020,Food and Drink,98,Sector
25/04/2020,Entertainment,26,Sector
25/04/2020,"Pubs, restaurants, and fast food",9,Sector
26/04/2020,Retail,64,Sector
26/04/2020,Travel and accomodation,7,Sector
26/04/2020,Automotive Fuel,46,Sector
26/04/2020,Food and Drink,99,Sector
26/04/2020,Entertainment,26,Sector
26/04/2020,"Pubs, restaurants, and fast food",9,Sector
27/04/2020,Retail,66,Sector
27/04/2020,Travel and accomodation,7,Sector
27/04/2020,Automotive Fuel,47,Sector
27/04/2020,Food and Drink,99,Sector
27/04/2020,Entertainment,25,Sector
27/04/2020,"Pubs, restaurants, and fast food",9,Sector
28/04/2020,Retail,67,Sector
28/04/2020,Travel and accomodation,7,Sector
28/04/2020,Automotive Fuel,47,Sector
28/04/2020,Food and Drink,99,Sector
28/04/2020,Entertainment,25,Sector
28/04/2020,"Pubs, restaurants, and fast food",9,Sector
29/04/2020,Retail,69,Sector
29/04/2020,Travel and accomodation,7,Sector
29/04/2020,Automotive Fuel,47,Sector
29/04/2020,Food and Drink,99,Sector
29/04/2020,Entertainment,26,Sector
29/04/2020,"Pubs, restaurants, and fast food",9,Sector
30/04/2020,Retail,74,Sector
30/04/2020,Travel and accomodation,7,Sector
30/04/2020,Automotive Fuel,48,Sector
30/04/2020,Food and Drink,101,Sector
30/04/2020,Entertainment,28,Sector
30/04/2020,"Pubs, restaurants, and fast food",10,Sector
01/05/2020,Retail,75,Sector
01/05/2020,Travel and accomodation,7,Sector
01/05/2020,Automotive Fuel,48,Sector
01/05/2020,Food and Drink,99,Sector
01/05/2020,Entertainment,29,Sector
01/05/2020,"Pubs, restaurants, and fast food",10,Sector
02/05/2020,Retail,76,Sector
02/05/2020,Travel and accomodation,8,Sector
02/05/2020,Automotive Fuel,48,Sector
02/05/2020,Food and Drink,98,Sector
02/05/2020,Entertainment,30,Sector
02/05/2020,"Pubs, restaurants, and fast food",10,Sector
03/05/2020,Retail,77,Sector
03/05/2020,Travel and accomodation,8,Sector
03/05/2020,Automotive Fuel,49,Sector
03/05/2020,Food and Drink,99,Sector
03/05/2020,Entertainment,31,Sector
03/05/2020,"Pubs, restaurants, and fast food",10,Sector
04/05/2020,Retail,78,Sector
04/05/2020,Travel and accomodation,8,Sector
04/05/2020,Automotive Fuel,50,Sector
04/05/2020,Food and Drink,100,Sector
04/05/2020,Entertainment,31,Sector
04/05/2020,"Pubs, restaurants, and fast food",10,Sector
05/05/2020,Retail,78,Sector
05/05/2020,Travel and accomodation,8,Sector
05/05/2020,Automotive Fuel,50,Sector
05/05/2020,Food and Drink,101,Sector
05/05/2020,Entertainment,31,Sector
05/05/2020,"Pubs, restaurants, and fast food",11,Sector
06/05/2020,Retail,78,Sector
06/05/2020,Travel and accomodation,8,Sector
06/05/2020,Automotive Fuel,52,Sector
06/05/2020,Food and Drink,102,Sector
06/05/2020,Entertainment,31,Sector
06/05/2020,"Pubs, restaurants, and fast food",11,Sector
07/05/2020,Retail,77,Sector
07/05/2020,Travel and accomodation,8,Sector
07/05/2020,Automotive Fuel,53,Sector
07/05/2020,Food and Drink,103,Sector
07/05/2020,Entertainment,31,Sector
07/05/2020,"Pubs, restaurants, and fast food",11,Sector
08/05/2020,Retail,75,Sector
08/05/2020,Travel and accomodation,8,Sector
08/05/2020,Automotive Fuel,54,Sector
08/05/2020,Food and Drink,105,Sector
08/05/2020,Entertainment,31,Sector
08/05/2020,"Pubs, restaurants, and fast food",11,Sector
09/05/2020,Retail,75,Sector
09/05/2020,Travel and accomodation,8,Sector
09/05/2020,Automotive Fuel,55,Sector
09/05/2020,Food and Drink,105,Sector
09/05/2020,Entertainment,31,Sector
09/05/2020,"Pubs, restaurants, and fast food",11,Sector
10/05/2020,Retail,75,Sector
10/05/2020,Travel and accomodation,8,Sector
10/05/2020,Automotive Fuel,54,Sector
10/05/2020,Food and Drink,104,Sector
10/05/2020,Entertainment,30,Sector
10/05/2020,"Pubs, restaurants, and fast food",12,Sector
11/05/2020,Retail,74,Sector
11/05/2020,Travel and accomodation,9,Sector
11/05/2020,Automotive Fuel,54,Sector
11/05/2020,Food and Drink,103,Sector
11/05/2020,Entertainment,30,Sector
11/05/2020,"Pubs, restaurants, and fast food",12,Sector
12/05/2020,Retail,74,Sector
12/05/2020,Travel and accomodation,9,Sector
12/05/2020,Automotive Fuel,55,Sector
12/05/2020,Food and Drink,103,Sector
12/05/2020,Entertainment,31,Sector
12/05/2020,"Pubs, restaurants, and fast food",12,Sector
13/05/2020,Retail,75,Sector
13/05/2020,Travel and accomodation,9,Sector
13/05/2020,Automotive Fuel,54,Sector
13/05/2020,Food and Drink,102,Sector
13/05/2020,Entertainment,30,Sector
13/05/2020,"Pubs, restaurants, and fast food",12,Sector
14/05/2020,Retail,75,Sector
14/05/2020,Travel and accomodation,9,Sector
14/05/2020,Automotive Fuel,54,Sector
14/05/2020,Food and Drink,100,Sector
14/05/2020,Entertainment,30,Sector
14/05/2020,"Pubs, restaurants, and fast food",12,Sector
15/05/2020,Retail,76,Sector
15/05/2020,Travel and accomodation,10,Sector
15/05/2020,Automotive Fuel,56,Sector
15/05/2020,Food and Drink,99,Sector
15/05/2020,Entertainment,30,Sector
15/05/2020,"Pubs, restaurants, and fast food",12,Sector
16/05/2020,Retail,77,Sector
16/05/2020,Travel and accomodation,10,Sector
16/05/2020,Automotive Fuel,57,Sector
16/05/2020,Food and Drink,100,Sector
16/05/2020,Entertainment,30,Sector
16/05/2020,"Pubs, restaurants, and fast food",13,Sector
17/05/2020,Retail,77,Sector
17/05/2020,Travel and accomodation,11,Sector
17/05/2020,Automotive Fuel,59,Sector
17/05/2020,Food and Drink,101,Sector
17/05/2020,Entertainment,31,Sector
17/05/2020,"Pubs, restaurants, and fast food",13,Sector
18/05/2020,Retail,79,Sector
18/05/2020,Travel and accomodation,11,Sector
18/05/2020,Automotive Fuel,60,Sector
18/05/2020,Food and Drink,100,Sector
18/05/2020,Entertainment,31,Sector
18/05/2020,"Pubs, restaurants, and fast food",13,Sector
19/05/2020,Retail,79,Sector
19/05/2020,Travel and accomodation,12,Sector
19/05/2020,Automotive Fuel,61,Sector
19/05/2020,Food and Drink,101,Sector
19/05/2020,Entertainment,31,Sector
19/05/2020,"Pubs, restaurants, and fast food",14,Sector
20/05/2020,Retail,80,Sector
20/05/2020,Travel and accomodation,12,Sector
20/05/2020,Automotive Fuel,63,Sector
20/05/2020,Food and Drink,102,Sector
20/05/2020,Entertainment,32,Sector
20/05/2020,"Pubs, restaurants, and fast food",14,Sector
21/05/2020,Retail,81,Sector
21/05/2020,Travel and accomodation,13,Sector
21/05/2020,Automotive Fuel,65,Sector
21/05/2020,Food and Drink,102,Sector
21/05/2020,Entertainment,32,Sector
21/05/2020,"Pubs, restaurants, and fast food",14,Sector
22/05/2020,Retail,82,Sector
22/05/2020,Travel and accomodation,13,Sector
22/05/2020,Automotive Fuel,66,Sector
22/05/2020,Food and Drink,103,Sector
22/05/2020,Entertainment,33,Sector
22/05/2020,"Pubs, restaurants, and fast food",15,Sector
23/05/2020,Retail,84,Sector
23/05/2020,Travel and accomodation,13,Sector
23/05/2020,Automotive Fuel,66,Sector
23/05/2020,Food and Drink,103,Sector
23/05/2020,Entertainment,34,Sector
23/05/2020,"Pubs, restaurants, and fast food",15,Sector
24/05/2020,Retail,84,Sector
24/05/2020,Travel and accomodation,14,Sector
24/05/2020,Automotive Fuel,67,Sector
24/05/2020,Food and Drink,103,Sector
24/05/2020,Entertainment,34,Sector
24/05/2020,"Pubs, restaurants, and fast food",16,Sector
25/05/2020,Retail,83,Sector
25/05/2020,Travel and accomodation,14,Sector
25/05/2020,Automotive Fuel,69,Sector
25/05/2020,Food and Drink,104,Sector
25/05/2020,Entertainment,34,Sector
25/05/2020,"Pubs, restaurants, and fast food",17,Sector
26/05/2020,Retail,84,Sector
26/05/2020,Travel and accomodation,14,Sector
26/05/2020,Automotive Fuel,70,Sector
26/05/2020,Food and Drink,104,Sector
26/05/2020,Entertainment,35,Sector
26/05/2020,"Pubs, restaurants, and fast food",17,Sector
27/05/2020,Retail,84,Sector
27/05/2020,Travel and accomodation,14,Sector
27/05/2020,Automotive Fuel,70,Sector
27/05/2020,Food and Drink,103,Sector
27/05/2020,Entertainment,35,Sector
27/05/2020,"Pubs, restaurants, and fast food",17,Sector
28/05/2020,Retail,86,Sector
28/05/2020,Travel and accomodation,15,Sector
28/05/2020,Automotive Fuel,71,Sector
28/05/2020,Food and Drink,104,Sector
28/05/2020,Entertainment,36,Sector
28/05/2020,"Pubs, restaurants, and fast food",17,Sector
29/05/2020,Retail,88,Sector
29/05/2020,Travel and accomodation,15,Sector
29/05/2020,Automotive Fuel,73,Sector
29/05/2020,Food and Drink,105,Sector
29/05/2020,Entertainment,36,Sector
29/05/2020,"Pubs, restaurants, and fast food",18,Sector
30/05/2020,Retail,88,Sector
30/05/2020,Travel and accomodation,15,Sector
30/05/2020,Automotive Fuel,76,Sector
30/05/2020,Food and Drink,106,Sector
30/05/2020,Entertainment,37,Sector
30/05/2020,"Pubs, restaurants, and fast food",18,Sector
31/05/2020,Retail,89,Sector
31/05/2020,Travel and accomodation,16,Sector
31/05/2020,Automotive Fuel,78,Sector
31/05/2020,Food and Drink,107,Sector
31/05/2020,Entertainment,37,Sector
31/05/2020,"Pubs, restaurants, and fast food",19,Sector
01/06/2020,Retail,93,Sector
01/06/2020,Travel and accomodation,16,Sector
01/06/2020,Automotive Fuel,78,Sector
01/06/2020,Food and Drink,108,Sector
01/06/2020,Entertainment,37,Sector
01/06/2020,"Pubs, restaurants, and fast food",19,Sector
02/06/2020,Retail,94,Sector
02/06/2020,Travel and accomodation,17,Sector
02/06/2020,Automotive Fuel,79,Sector
02/06/2020,Food and Drink,108,Sector
02/06/2020,Entertainment,37,Sector
02/06/2020,"Pubs, restaurants, and fast food",19,Sector
03/06/2020,Retail,95,Sector
03/06/2020,Travel and accomodation,18,Sector
03/06/2020,Automotive Fuel,80,Sector
03/06/2020,Food and Drink,108,Sector
03/06/2020,Entertainment,38,Sector
03/06/2020,"Pubs, restaurants, and fast food",20,Sector
04/06/2020,Retail,94,Sector
04/06/2020,Travel and accomodation,18,Sector
04/06/2020,Automotive Fuel,80,Sector
04/06/2020,Food and Drink,107,Sector
04/06/2020,Entertainment,38,Sector
04/06/2020,"Pubs, restaurants, and fast food",20,Sector
05/06/2020,Retail,93,Sector
05/06/2020,Travel and accomodation,18,Sector
05/06/2020,Automotive Fuel,80,Sector
05/06/2020,Food and Drink,106,Sector
05/06/2020,Entertainment,38,Sector
05/06/2020,"Pubs, restaurants, and fast food",21,Sector
06/06/2020,Retail,94,Sector
06/06/2020,Travel and accomodation,18,Sector
06/06/2020,Automotive Fuel,80,Sector
06/06/2020,Food and Drink,104,Sector
06/06/2020,Entertainment,38,Sector
06/06/2020,"Pubs, restaurants, and fast food",22,Sector
07/06/2020,Retail,93,Sector
07/06/2020,Travel and accomodation,19,Sector
07/06/2020,Automotive Fuel,79,Sector
07/06/2020,Food and Drink,103,Sector
07/06/2020,Entertainment,38,Sector
07/06/2020,"Pubs, restaurants, and fast food",22,Sector
08/06/2020,Retail,93,Sector
08/06/2020,Travel and accomodation,19,Sector
08/06/2020,Automotive Fuel,78,Sector
08/06/2020,Food and Drink,102,Sector
08/06/2020,Entertainment,39,Sector
08/06/2020,"Pubs, restaurants, and fast food",22,Sector
09/06/2020,Retail,92,Sector
09/06/2020,Travel and accomodation,19,Sector
09/06/2020,Automotive Fuel,77,Sector
09/06/2020,Food and Drink,101,Sector
09/06/2020,Entertainment,39,Sector
09/06/2020,"Pubs, restaurants, and fast food",22,Sector
10/06/2020,Retail,90,Sector
10/06/2020,Travel and accomodation,19,Sector
10/06/2020,Automotive Fuel,78,Sector
10/06/2020,Food and Drink,101,Sector
10/06/2020,Entertainment,39,Sector
10/06/2020,"Pubs, restaurants, and fast food",22,Sector
11/06/2020,Retail,90,Sector
11/06/2020,Travel and accomodation,19,Sector
11/06/2020,Automotive Fuel,77,Sector
11/06/2020,Food and Drink,100,Sector
11/06/2020,Entertainment,40,Sector
11/06/2020,"Pubs, restaurants, and fast food",23,Sector
12/06/2020,Retail,90,Sector
12/06/2020,Travel and accomodation,19,Sector
12/06/2020,Automotive Fuel,77,Sector
12/06/2020,Food and Drink,100,Sector
12/06/2020,Entertainment,40,Sector
12/06/2020,"Pubs, restaurants, and fast food",23,Sector
13/06/2020,Retail,89,Sector
13/06/2020,Travel and accomodation,20,Sector
13/06/2020,Automotive Fuel,77,Sector
13/06/2020,Food and Drink,100,Sector
13/06/2020,Entertainment,39,Sector
13/06/2020,"Pubs, restaurants, and fast food",24,Sector
14/06/2020,Retail,88,Sector
14/06/2020,Travel and accomodation,20,Sector
14/06/2020,Automotive Fuel,78,Sector
14/06/2020,Food and Drink,100,Sector
14/06/2020,Entertainment,40,Sector
14/06/2020,"Pubs, restaurants, and fast food",24,Sector
15/06/2020,Retail,88,Sector
15/06/2020,Travel and accomodation,21,Sector
15/06/2020,Automotive Fuel,80,Sector
15/06/2020,Food and Drink,100,Sector
15/06/2020,Entertainment,40,Sector
15/06/2020,"Pubs, restaurants, and fast food",25,Sector
16/06/2020,Retail,91,Sector
16/06/2020,Travel and accomodation,21,Sector
16/06/2020,Automotive Fuel,80,Sector
16/06/2020,Food and Drink,100,Sector
16/06/2020,Entertainment,40,Sector
16/06/2020,"Pubs, restaurants, and fast food",25,Sector
17/06/2020,Retail,92,Sector
17/06/2020,Travel and accomodation,21,Sector
17/06/2020,Automotive Fuel,81,Sector
17/06/2020,Food and Drink,100,Sector
17/06/2020,Entertainment,40,Sector
17/06/2020,"Pubs, restaurants, and fast food",26,Sector
18/06/2020,Retail,93,Sector
18/06/2020,Travel and accomodation,22,Sector
18/06/2020,Automotive Fuel,82,Sector
18/06/2020,Food and Drink,101,Sector
18/06/2020,Entertainment,40,Sector
18/06/2020,"Pubs, restaurants, and fast food",26,Sector
19/06/2020,Retail,94,Sector
19/06/2020,Travel and accomodation,23,Sector
19/06/2020,Automotive Fuel,84,Sector
19/06/2020,Food and Drink,100,Sector
19/06/2020,Entertainment,39,Sector
19/06/2020,"Pubs, restaurants, and fast food",27,Sector
20/06/2020,Retail,96,Sector
20/06/2020,Travel and accomodation,23,Sector
20/06/2020,Automotive Fuel,85,Sector
20/06/2020,Food and Drink,100,Sector
20/06/2020,Entertainment,38,Sector
20/06/2020,"Pubs, restaurants, and fast food",27,Sector
21/06/2020,Retail,96,Sector
21/06/2020,Travel and accomodation,23,Sector
21/06/2020,Automotive Fuel,85,Sector
21/06/2020,Food and Drink,100,Sector
21/06/2020,Entertainment,37,Sector
21/06/2020,"Pubs, restaurants, and fast food",28,Sector
22/06/2020,Retail,96,Sector
22/06/2020,Travel and accomodation,24,Sector
22/06/2020,Automotive Fuel,85,Sector
22/06/2020,Food and Drink,100,Sector
22/06/2020,Entertainment,36,Sector
22/06/2020,"Pubs, restaurants, and fast food",28,Sector
23/06/2020,Retail,95,Sector
23/06/2020,Travel and accomodation,24,Sector
23/06/2020,Automotive Fuel,87,Sector
23/06/2020,Food and Drink,101,Sector
23/06/2020,Entertainment,35,Sector
23/06/2020,"Pubs, restaurants, and fast food",28,Sector
24/06/2020,Retail,95,Sector
24/06/2020,Travel and accomodation,25,Sector
24/06/2020,Automotive Fuel,89,Sector
24/06/2020,Food and Drink,102,Sector
24/06/2020,Entertainment,34,Sector
24/06/2020,"Pubs, restaurants, and fast food",29,Sector
25/06/2020,Retail,94,Sector
25/06/2020,Travel and accomodation,26,Sector
25/06/2020,Automotive Fuel,91,Sector
25/06/2020,Food and Drink,102,Sector
25/06/2020,Entertainment,33,Sector
25/06/2020,"Pubs, restaurants, and fast food",30,Sector
26/06/2020,Retail,96,Sector
26/06/2020,Travel and accomodation,27,Sector
26/06/2020,Automotive Fuel,93,Sector
26/06/2020,Food and Drink,104,Sector
26/06/2020,Entertainment,34,Sector
26/06/2020,"Pubs, restaurants, and fast food",31,Sector
27/06/2020,Retail,97,Sector
27/06/2020,Travel and accomodation,28,Sector
27/06/2020,Automotive Fuel,93,Sector
27/06/2020,Food and Drink,103,Sector
27/06/2020,Entertainment,35,Sector
27/06/2020,"Pubs, restaurants, and fast food",31,Sector
28/06/2020,Retail,99,Sector
28/06/2020,Travel and accomodation,29,Sector
28/06/2020,Automotive Fuel,94,Sector
28/06/2020,Food and Drink,103,Sector
28/06/2020,Entertainment,36,Sector
28/06/2020,"Pubs, restaurants, and fast food",31,Sector
29/06/2020,Retail,99,Sector
29/06/2020,Travel and accomodation,31,Sector
29/06/2020,Automotive Fuel,95,Sector
29/06/2020,Food and Drink,103,Sector
29/06/2020,Entertainment,37,Sector
29/06/2020,"Pubs, restaurants, and fast food",32,Sector
30/06/2020,Retail,102,Sector
30/06/2020,Travel and accomodation,32,Sector
30/06/2020,Automotive Fuel,96,Sector
30/06/2020,Food and Drink,103,Sector
30/06/2020,Entertainment,38,Sector
30/06/2020,"Pubs, restaurants, and fast food",32,Sector
01/07/2020,Retail,105,Sector
01/07/2020,Travel and accomodation,34,Sector
01/07/2020,Automotive Fuel,96,Sector
01/07/2020,Food and Drink,103,Sector
01/07/2020,Entertainment,39,Sector
01/07/2020,"Pubs, restaurants, and fast food",33,Sector
02/07/2020,Retail,107,Sector
02/07/2020,Travel and accomodation,35,Sector
02/07/2020,Automotive Fuel,96,Sector
02/07/2020,Food and Drink,102,Sector
02/07/2020,Entertainment,39,Sector
02/07/2020,"Pubs, restaurants, and fast food",33,Sector
03/07/2020,Retail,107,Sector
03/07/2020,Travel and accomodation,37,Sector
03/07/2020,Automotive Fuel,96,Sector
03/07/2020,Food and Drink,101,Sector
03/07/2020,Entertainment,38,Sector
03/07/2020,"Pubs, restaurants, and fast food",34,Sector
04/07/2020,Retail,107,Sector
04/07/2020,Travel and accomodation,39,Sector
04/07/2020,Automotive Fuel,98,Sector
04/07/2020,Food and Drink,102,Sector
04/07/2020,Entertainment,38,Sector
04/07/2020,"Pubs, restaurants, and fast food",37,Sector
05/07/2020,Retail,107,Sector
05/07/2020,Travel and accomodation,40,Sector
05/07/2020,Automotive Fuel,100,Sector
05/07/2020,Food and Drink,102,Sector
05/07/2020,Entertainment,38,Sector
05/07/2020,"Pubs, restaurants, and fast food",40,Sector
06/07/2020,Retail,108,Sector
06/07/2020,Travel and accomodation,41,Sector
06/07/2020,Automotive Fuel,101,Sector
06/07/2020,Food and Drink,103,Sector
06/07/2020,Entertainment,38,Sector
06/07/2020,"Pubs, restaurants, and fast food",41,Sector
07/07/2020,Retail,108,Sector
07/07/2020,Travel and accomodation,42,Sector
07/07/2020,Automotive Fuel,102,Sector
07/07/2020,Food and Drink,103,Sector
07/07/2020,Entertainment,37,Sector
07/07/2020,"Pubs, restaurants, and fast food",43,Sector
08/07/2020,Retail,107,Sector
08/07/2020,Travel and accomodation,42,Sector
08/07/2020,Automotive Fuel,103,Sector
08/07/2020,Food and Drink,102,Sector
08/07/2020,Entertainment,37,Sector
08/07/2020,"Pubs, restaurants, and fast food",44,Sector
09/07/2020,Retail,107,Sector
09/07/2020,Travel and accomodation,43,Sector
09/07/2020,Automotive Fuel,105,Sector
09/07/2020,Food and Drink,102,Sector
09/07/2020,Entertainment,37,Sector
09/07/2020,"Pubs, restaurants, and fast food",47,Sector
10/07/2020,Retail,107,Sector
10/07/2020,Travel and accomodation,44,Sector
10/07/2020,Automotive Fuel,107,Sector
10/07/2020,Food and Drink,102,Sector
10/07/2020,Entertainment,37,Sector
10/07/2020,"Pubs, restaurants, and fast food",50,Sector
11/07/2020,Retail,108,Sector
11/07/2020,Travel and accomodation,44,Sector
11/07/2020,Automotive Fuel,110,Sector
11/07/2020,Food and Drink,103,Sector
11/07/2020,Entertainment,37,Sector
11/07/2020,"Pubs, restaurants, and fast food",51,Sector
12/07/2020,Retail,107,Sector
12/07/2020,Travel and accomodation,46,Sector
12/07/2020,Automotive Fuel,113,Sector
12/07/2020,Food and Drink,103,Sector
12/07/2020,Entertainment,37,Sector
12/07/2020,"Pubs, restaurants, and fast food",53,Sector
13/07/2020,Retail,107,Sector
13/07/2020,Travel and accomodation,47,Sector
13/07/2020,Automotive Fuel,114,Sector
13/07/2020,Food and Drink,103,Sector
13/07/2020,Entertainment,37,Sector
13/07/2020,"Pubs, restaurants, and fast food",54,Sector
14/07/2020,Retail,107,Sector
14/07/2020,Travel and accomodation,47,Sector
14/07/2020,Automotive Fuel,116,Sector
14/07/2020,Food and Drink,104,Sector
14/07/2020,Entertainment,37,Sector
14/07/2020,"Pubs, restaurants, and fast food",55,Sector
15/07/2020,Retail,109,Sector
15/07/2020,Travel and accomodation,48,Sector
15/07/2020,Automotive Fuel,117,Sector
15/07/2020,Food and Drink,104,Sector
15/07/2020,Entertainment,38,Sector
15/07/2020,"Pubs, restaurants, and fast food",56,Sector
16/07/2020,Retail,108,Sector
16/07/2020,Travel and accomodation,49,Sector
16/07/2020,Automotive Fuel,119,Sector
16/07/2020,Food and Drink,105,Sector
16/07/2020,Entertainment,38,Sector
16/07/2020,"Pubs, restaurants, and fast food",58,Sector
17/07/2020,Retail,108,Sector
17/07/2020,Travel and accomodation,50,Sector
17/07/2020,Automotive Fuel,121,Sector
17/07/2020,Food and Drink,105,Sector
17/07/2020,Entertainment,37,Sector
17/07/2020,"Pubs, restaurants, and fast food",59,Sector
18/07/2020,Retail,108,Sector
18/07/2020,Travel and accomodation,50,Sector
18/07/2020,Automotive Fuel,123,Sector
18/07/2020,Food and Drink,106,Sector
18/07/2020,Entertainment,37,Sector
18/07/2020,"Pubs, restaurants, and fast food",61,Sector
19/07/2020,Retail,109,Sector
19/07/2020,Travel and accomodation,51,Sector
19/07/2020,Automotive Fuel,124,Sector
19/07/2020,Food and Drink,106,Sector
19/07/2020,Entertainment,36,Sector
19/07/2020,"Pubs, restaurants, and fast food",62,Sector
20/07/2020,Retail,109,Sector
20/07/2020,Travel and accomodation,51,Sector
20/07/2020,Automotive Fuel,126,Sector
20/07/2020,Food and Drink,107,Sector
20/07/2020,Entertainment,36,Sector
20/07/2020,"Pubs, restaurants, and fast food",63,Sector
21/07/2020,Retail,109,Sector
21/07/2020,Travel and accomodation,52,Sector
21/07/2020,Automotive Fuel,127,Sector
21/07/2020,Food and Drink,107,Sector
21/07/2020,Entertainment,35,Sector
21/07/2020,"Pubs, restaurants, and fast food",64,Sector
22/07/2020,Retail,107,Sector
22/07/2020,Travel and accomodation,53,Sector
22/07/2020,Automotive Fuel,129,Sector
22/07/2020,Food and Drink,108,Sector
22/07/2020,Entertainment,35,Sector
22/07/2020,"Pubs, restaurants, and fast food",65,Sector
23/07/2020,Retail,108,Sector
23/07/2020,Travel and accomodation,54,Sector
23/07/2020,Automotive Fuel,130,Sector
23/07/2020,Food and Drink,108,Sector
23/07/2020,Entertainment,34,Sector
23/07/2020,"Pubs, restaurants, and fast food",67,Sector
24/07/2020,Retail,109,Sector
24/07/2020,Travel and accomodation,55,Sector
24/07/2020,Automotive Fuel,132,Sector
24/07/2020,Food and Drink,108,Sector
24/07/2020,Entertainment,35,Sector
24/07/2020,"Pubs, restaurants, and fast food",68,Sector
25/07/2020,Retail,109,Sector
25/07/2020,Travel and accomodation,56,Sector
25/07/2020,Automotive Fuel,133,Sector
25/07/2020,Food and Drink,108,Sector
25/07/2020,Entertainment,35,Sector
25/07/2020,"Pubs, restaurants, and fast food",70,Sector
26/07/2020,Retail,110,Sector
26/07/2020,Travel and accomodation,56,Sector
26/07/2020,Automotive Fuel,134,Sector
26/07/2020,Food and Drink,109,Sector
26/07/2020,Entertainment,37,Sector
26/07/2020,"Pubs, restaurants, and fast food",71,Sector
27/07/2020,Retail,111,Sector
27/07/2020,Travel and accomodation,57,Sector
27/07/2020,Automotive Fuel,135,Sector
27/07/2020,Food and Drink,109,Sector
27/07/2020,Entertainment,37,Sector
27/07/2020,"Pubs, restaurants, and fast food",72,Sector
28/07/2020,Retail,113,Sector
28/07/2020,Travel and accomodation,58,Sector
28/07/2020,Automotive Fuel,136,Sector
28/07/2020,Food and Drink,110,Sector
28/07/2020,Entertainment,38,Sector
28/07/2020,"Pubs, restaurants, and fast food",73,Sector
29/07/2020,Retail,116,Sector
29/07/2020,Travel and accomodation,58,Sector
29/07/2020,Automotive Fuel,138,Sector
29/07/2020,Food and Drink,111,Sector
29/07/2020,Entertainment,39,Sector
29/07/2020,"Pubs, restaurants, and fast food",75,Sector
30/07/2020,Retail,117,Sector
30/07/2020,Travel and accomodation,59,Sector
30/07/2020,Automotive Fuel,141,Sector
30/07/2020,Food and Drink,113,Sector
30/07/2020,Entertainment,41,Sector
30/07/2020,"Pubs, restaurants, and fast food",76,Sector
31/07/2020,Retail,120,Sector
31/07/2020,Travel and accomodation,59,Sector
31/07/2020,Automotive Fuel,144,Sector
31/07/2020,Food and Drink,115,Sector
31/07/2020,Entertainment,42,Sector
31/07/2020,"Pubs, restaurants, and fast food",77,Sector
01/08/2020,Retail,122,Sector
01/08/2020,Travel and accomodation,61,Sector
01/08/2020,Automotive Fuel,148,Sector
01/08/2020,Food and Drink,116,Sector
01/08/2020,Entertainment,43,Sector
01/08/2020,"Pubs, restaurants, and fast food",79,Sector
02/08/2020,Retail,124,Sector
02/08/2020,Travel and accomodation,62,Sector
02/08/2020,Automotive Fuel,151,Sector
02/08/2020,Food and Drink,117,Sector
02/08/2020,Entertainment,43,Sector
02/08/2020,"Pubs, restaurants, and fast food",80,Sector
03/08/2020,Retail,125,Sector
03/08/2020,Travel and accomodation,62,Sector
03/08/2020,Automotive Fuel,153,Sector
03/08/2020,Food and Drink,118,Sector
03/08/2020,Entertainment,44,Sector
03/08/2020,"Pubs, restaurants, and fast food",81,Sector
04/08/2020,Retail,125,Sector
04/08/2020,Travel and accomodation,63,Sector
04/08/2020,Automotive Fuel,154,Sector
04/08/2020,Food and Drink,119,Sector
04/08/2020,Entertainment,44,Sector
04/08/2020,"Pubs, restaurants, and fast food",82,Sector
05/08/2020,Retail,124,Sector
05/08/2020,Travel and accomodation,63,Sector
05/08/2020,Automotive Fuel,155,Sector
05/08/2020,Food and Drink,119,Sector
05/08/2020,Entertainment,44,Sector
05/08/2020,"Pubs, restaurants, and fast food",83,Sector
06/08/2020,Retail,125,Sector
06/08/2020,Travel and accomodation,63,Sector
06/08/2020,Automotive Fuel,155,Sector
06/08/2020,Food and Drink,119,Sector
06/08/2020,Entertainment,44,Sector
06/08/2020,"Pubs, restaurants, and fast food",83,Sector
07/08/2020,Retail,122,Sector
07/08/2020,Travel and accomodation,63,Sector
07/08/2020,Automotive Fuel,155,Sector
07/08/2020,Food and Drink,119,Sector
07/08/2020,Entertainment,43,Sector
07/08/2020,"Pubs, restaurants, and fast food",84,Sector
08/08/2020,Retail,120,Sector
08/08/2020,Travel and accomodation,63,Sector
08/08/2020,Automotive Fuel,155,Sector
08/08/2020,Food and Drink,120,Sector
08/08/2020,Entertainment,43,Sector
08/08/2020,"Pubs, restaurants, and fast food",85,Sector
09/08/2020,Retail,119,Sector
09/08/2020,Travel and accomodation,64,Sector
09/08/2020,Automotive Fuel,156,Sector
09/08/2020,Food and Drink,120,Sector
09/08/2020,Entertainment,43,Sector
09/08/2020,"Pubs, restaurants, and fast food",86,Sector
10/08/2020,Retail,118,Sector
10/08/2020,Travel and accomodation,65,Sector
10/08/2020,Automotive Fuel,156,Sector
10/08/2020,Food and Drink,120,Sector
10/08/2020,Entertainment,43,Sector
10/08/2020,"Pubs, restaurants, and fast food",87,Sector
11/08/2020,Retail,117,Sector
11/08/2020,Travel and accomodation,66,Sector
11/08/2020,Automotive Fuel,157,Sector
11/08/2020,Food and Drink,121,Sector
11/08/2020,Entertainment,43,Sector
11/08/2020,"Pubs, restaurants, and fast food",88,Sector
12/08/2020,Retail,117,Sector
12/08/2020,Travel and accomodation,67,Sector
12/08/2020,Automotive Fuel,158,Sector
12/08/2020,Food and Drink,121,Sector
12/08/2020,Entertainment,44,Sector
12/08/2020,"Pubs, restaurants, and fast food",89,Sector
13/08/2020,Retail,116,Sector
13/08/2020,Travel and accomodation,68,Sector
13/08/2020,Automotive Fuel,158,Sector
13/08/2020,Food and Drink,121,Sector
13/08/2020,Entertainment,43,Sector
13/08/2020,"Pubs, restaurants, and fast food",89,Sector
14/08/2020,Retail,115,Sector
14/08/2020,Travel and accomodation,69,Sector
14/08/2020,Automotive Fuel,159,Sector
14/08/2020,Food and Drink,121,Sector
14/08/2020,Entertainment,43,Sector
14/08/2020,"Pubs, restaurants, and fast food",89,Sector
15/08/2020,Retail,114,Sector
15/08/2020,Travel and accomodation,69,Sector
15/08/2020,Automotive Fuel,157,Sector
15/08/2020,Food and Drink,118,Sector
15/08/2020,Entertainment,43,Sector
15/08/2020,"Pubs, restaurants, and fast food",88,Sector
16/08/2020,Retail,114,Sector
16/08/2020,Travel and accomodation,69,Sector
16/08/2020,Automotive Fuel,155,Sector
16/08/2020,Food and Drink,118,Sector
16/08/2020,Entertainment,43,Sector
16/08/2020,"Pubs, restaurants, and fast food",88,Sector
17/08/2020,Retail,113,Sector
17/08/2020,Travel and accomodation,68,Sector
17/08/2020,Automotive Fuel,154,Sector
17/08/2020,Food and Drink,117,Sector
17/08/2020,Entertainment,43,Sector
17/08/2020,"Pubs, restaurants, and fast food",87,Sector
18/08/2020,Retail,112,Sector
18/08/2020,Travel and accomodation,68,Sector
18/08/2020,Automotive Fuel,153,Sector
18/08/2020,Food and Drink,116,Sector
18/08/2020,Entertainment,42,Sector
18/08/2020,"Pubs, restaurants, and fast food",87,Sector
19/08/2020,Retail,112,Sector
19/08/2020,Travel and accomodation,68,Sector
19/08/2020,Automotive Fuel,152,Sector
19/08/2020,Food and Drink,114,Sector
19/08/2020,Entertainment,42,Sector
19/08/2020,"Pubs, restaurants, and fast food",86,Sector
20/08/2020,Retail,112,Sector
20/08/2020,Travel and accomodation,68,Sector
20/08/2020,Automotive Fuel,151,Sector
20/08/2020,Food and Drink,114,Sector
20/08/2020,Entertainment,42,Sector
20/08/2020,"Pubs, restaurants, and fast food",85,Sector
21/08/2020,Retail,111,Sector
21/08/2020,Travel and accomodation,68,Sector
21/08/2020,Automotive Fuel,148,Sector
21/08/2020,Food and Drink,113,Sector
21/08/2020,Entertainment,42,Sector
21/08/2020,"Pubs, restaurants, and fast food",85,Sector
22/08/2020,Retail,113,Sector
22/08/2020,Travel and accomodation,68,Sector
22/08/2020,Automotive Fuel,147,Sector
22/08/2020,Food and Drink,114,Sector
22/08/2020,Entertainment,42,Sector
22/08/2020,"Pubs, restaurants, and fast food",85,Sector
23/08/2020,Retail,114,Sector
23/08/2020,Travel and accomodation,67,Sector
23/08/2020,Automotive Fuel,146,Sector
23/08/2020,Food and Drink,113,Sector
23/08/2020,Entertainment,43,Sector
23/08/2020,"Pubs, restaurants, and fast food",85,Sector
24/08/2020,Retail,114,Sector
24/08/2020,Travel and accomodation,67,Sector
24/08/2020,Automotive Fuel,145,Sector
24/08/2020,Food and Drink,112,Sector
24/08/2020,Entertainment,43,Sector
24/08/2020,"Pubs, restaurants, and fast food",84,Sector
25/08/2020,Retail,115,Sector
25/08/2020,Travel and accomodation,66,Sector
25/08/2020,Automotive Fuel,144,Sector
25/08/2020,Food and Drink,112,Sector
25/08/2020,Entertainment,43,Sector
25/08/2020,"Pubs, restaurants, and fast food",84,Sector
26/08/2020,Retail,117,Sector
26/08/2020,Travel and accomodation,67,Sector
26/08/2020,Automotive Fuel,144,Sector
26/08/2020,Food and Drink,112,Sector
26/08/2020,Entertainment,43,Sector
26/08/2020,"Pubs, restaurants, and fast food",84,Sector
27/08/2020,Retail,118,Sector
27/08/2020,Travel and accomodation,66,Sector
27/08/2020,Automotive Fuel,143,Sector
27/08/2020,Food and Drink,111,Sector
27/08/2020,Entertainment,43,Sector
27/08/2020,"Pubs, restaurants, and fast food",83,Sector
28/08/2020,Retail,122,Sector
28/08/2020,Travel and accomodation,65,Sector
28/08/2020,Automotive Fuel,142,Sector
28/08/2020,Food and Drink,111,Sector
28/08/2020,Entertainment,45,Sector
28/08/2020,"Pubs, restaurants, and fast food",83,Sector
29/08/2020,Retail,124,Sector
29/08/2020,Travel and accomodation,65,Sector
29/08/2020,Automotive Fuel,141,Sector
29/08/2020,Food and Drink,110,Sector
29/08/2020,Entertainment,45,Sector
29/08/2020,"Pubs, restaurants, and fast food",83,Sector
30/08/2020,Retail,124,Sector
30/08/2020,Travel and accomodation,65,Sector
30/08/2020,Automotive Fuel,140,Sector
30/08/2020,Food and Drink,110,Sector
30/08/2020,Entertainment,44,Sector
30/08/2020,"Pubs, restaurants, and fast food",84,Sector
31/08/2020,Retail,126,Sector
31/08/2020,Travel and accomodation,65,Sector
31/08/2020,Automotive Fuel,142,Sector
31/08/2020,Food and Drink,110,Sector
31/08/2020,Entertainment,44,Sector
31/08/2020,"Pubs, restaurants, and fast food",86,Sector
01/09/2020,Retail,127,Sector
01/09/2020,Travel and accomodation,64,Sector
01/09/2020,Automotive Fuel,142,Sector
01/09/2020,Food and Drink,111,Sector
01/09/2020,Entertainment,44,Sector
01/09/2020,"Pubs, restaurants, and fast food",84,Sector
02/09/2020,Retail,128,Sector
02/09/2020,Travel and accomodation,63,Sector
02/09/2020,Automotive Fuel,139,Sector
02/09/2020,Food and Drink,111,Sector
02/09/2020,Entertainment,44,Sector
02/09/2020,"Pubs, restaurants, and fast food",82,Sector
03/09/2020,Retail,128,Sector
03/09/2020,Travel and accomodation,62,Sector
03/09/2020,Automotive Fuel,136,Sector
03/09/2020,Food and Drink,110,Sector
03/09/2020,Entertainment,44,Sector
03/09/2020,"Pubs, restaurants, and fast food",81,Sector
04/09/2020,Retail,125,Sector
04/09/2020,Travel and accomodation,60,Sector
04/09/2020,Automotive Fuel,132,Sector
04/09/2020,Food and Drink,109,Sector
04/09/2020,Entertainment,43,Sector
04/09/2020,"Pubs, restaurants, and fast food",80,Sector
05/09/2020,Retail,124,Sector
05/09/2020,Travel and accomodation,59,Sector
05/09/2020,Automotive Fuel,130,Sector
05/09/2020,Food and Drink,109,Sector
05/09/2020,Entertainment,42,Sector
05/09/2020,"Pubs, restaurants, and fast food",80,Sector
06/09/2020,Retail,124,Sector
06/09/2020,Travel and accomodation,57,Sector
06/09/2020,Automotive Fuel,127,Sector
06/09/2020,Food and Drink,109,Sector
06/09/2020,Entertainment,42,Sector
06/09/2020,"Pubs, restaurants, and fast food",77,Sector
07/09/2020,Retail,121,Sector
07/09/2020,Travel and accomodation,55,Sector
07/09/2020,Automotive Fuel,122,Sector
07/09/2020,Food and Drink,108,Sector
07/09/2020,Entertainment,41,Sector
07/09/2020,"Pubs, restaurants, and fast food",74,Sector
08/09/2020,Retail,119,Sector
08/09/2020,Travel and accomodation,54,Sector
08/09/2020,Automotive Fuel,120,Sector
08/09/2020,Food and Drink,107,Sector
08/09/2020,Entertainment,40,Sector
08/09/2020,"Pubs, restaurants, and fast food",73,Sector
09/09/2020,Retail,116,Sector
09/09/2020,Travel and accomodation,53,Sector
09/09/2020,Automotive Fuel,118,Sector
09/09/2020,Food and Drink,107,Sector
09/09/2020,Entertainment,39,Sector
09/09/2020,"Pubs, restaurants, and fast food",72,Sector
10/09/2020,Retail,115,Sector
10/09/2020,Travel and accomodation,52,Sector
10/09/2020,Automotive Fuel,117,Sector
10/09/2020,Food and Drink,106,Sector
10/09/2020,Entertainment,39,Sector
10/09/2020,"Pubs, restaurants, and fast food",72,Sector
11/09/2020,Retail,114,Sector
11/09/2020,Travel and accomodation,52,Sector
11/09/2020,Automotive Fuel,116,Sector
11/09/2020,Food and Drink,106,Sector
11/09/2020,Entertainment,38,Sector
11/09/2020,"Pubs, restaurants, and fast food",72,Sector
12/09/2020,Retail,113,Sector
12/09/2020,Travel and accomodation,51,Sector
12/09/2020,Automotive Fuel,115,Sector
12/09/2020,Food and Drink,106,Sector
12/09/2020,Entertainment,39,Sector
12/09/2020,"Pubs, restaurants, and fast food",71,Sector
13/09/2020,Retail,112,Sector
13/09/2020,Travel and accomodation,50,Sector
13/09/2020,Automotive Fuel,114,Sector
13/09/2020,Food and Drink,106,Sector
13/09/2020,Entertainment,39,Sector
13/09/2020,"Pubs, restaurants, and fast food",71,Sector
14/09/2020,Retail,112,Sector
14/09/2020,Travel and accomodation,50,Sector
14/09/2020,Automotive Fuel,114,Sector
14/09/2020,Food and Drink,106,Sector
14/09/2020,Entertainment,39,Sector
14/09/2020,"Pubs, restaurants, and fast food",71,Sector
15/09/2020,Retail,112,Sector
15/09/2020,Travel and accomodation,50,Sector
15/09/2020,Automotive Fuel,113,Sector
15/09/2020,Food and Drink,106,Sector
15/09/2020,Entertainment,39,Sector
15/09/2020,"Pubs, restaurants, and fast food",71,Sector
16/09/2020,Retail,113,Sector
16/09/2020,Travel and accomodation,49,Sector
16/09/2020,Automotive Fuel,113,Sector
16/09/2020,Food and Drink,106,Sector
16/09/2020,Entertainment,39,Sector
16/09/2020,"Pubs, restaurants, and fast food",71,Sector
17/09/2020,Retail,113,Sector
17/09/2020,Travel and accomodation,49,Sector
17/09/2020,Automotive Fuel,112,Sector
17/09/2020,Food and Drink,105,Sector
17/09/2020,Entertainment,41,Sector
17/09/2020,"Pubs, restaurants, and fast food",70,Sector
18/09/2020,Retail,112,Sector
18/09/2020,Travel and accomodation,48,Sector
18/09/2020,Automotive Fuel,112,Sector
18/09/2020,Food and Drink,105,Sector
18/09/2020,Entertainment,40,Sector
18/09/2020,"Pubs, restaurants, and fast food",70,Sector
19/09/2020,Retail,112,Sector
19/09/2020,Travel and accomodation,48,Sector
19/09/2020,Automotive Fuel,111,Sector
19/09/2020,Food and Drink,105,Sector
19/09/2020,Entertainment,40,Sector
19/09/2020,"Pubs, restaurants, and fast food",69,Sector
20/09/2020,Retail,112,Sector
20/09/2020,Travel and accomodation,47,Sector
20/09/2020,Automotive Fuel,110,Sector
20/09/2020,Food and Drink,105,Sector
20/09/2020,Entertainment,40,Sector
20/09/2020,"Pubs, restaurants, and fast food",69,Sector
21/09/2020,Retail,113,Sector
21/09/2020,Travel and accomodation,47,Sector
21/09/2020,Automotive Fuel,109,Sector
21/09/2020,Food and Drink,105,Sector
21/09/2020,Entertainment,40,Sector
21/09/2020,"Pubs, restaurants, and fast food",68,Sector
22/09/2020,Retail,111,Sector
22/09/2020,Travel and accomodation,47,Sector
22/09/2020,Automotive Fuel,108,Sector
22/09/2020,Food and Drink,104,Sector
22/09/2020,Entertainment,39,Sector
22/09/2020,"Pubs, restaurants, and fast food",68,Sector
23/09/2020,Retail,111,Sector
23/09/2020,Travel and accomodation,46,Sector
23/09/2020,Automotive Fuel,107,Sector
23/09/2020,Food and Drink,104,Sector
23/09/2020,Entertainment,39,Sector
23/09/2020,"Pubs, restaurants, and fast food",67,Sector
24/09/2020,Retail,111,Sector
24/09/2020,Travel and accomodation,46,Sector
24/09/2020,Automotive Fuel,107,Sector
24/09/2020,Food and Drink,104,Sector
24/09/2020,Entertainment,37,Sector
24/09/2020,"Pubs, restaurants, and fast food",66,Sector
25/09/2020,Retail,113,Sector
25/09/2020,Travel and accomodation,46,Sector
25/09/2020,Automotive Fuel,105,Sector
25/09/2020,Food and Drink,104,Sector
25/09/2020,Entertainment,39,Sector
25/09/2020,"Pubs, restaurants, and fast food",65,Sector
26/09/2020,Retail,114,Sector
26/09/2020,Travel and accomodation,46,Sector
26/09/2020,Automotive Fuel,104,Sector
26/09/2020,Food and Drink,105,Sector
26/09/2020,Entertainment,38,Sector
26/09/2020,"Pubs, restaurants, and fast food",64,Sector
27/09/2020,Retail,116,Sector
27/09/2020,Travel and accomodation,46,Sector
27/09/2020,Automotive Fuel,103,Sector
27/09/2020,Food and Drink,105,Sector
27/09/2020,Entertainment,38,Sector
27/09/2020,"Pubs, restaurants, and fast food",63,Sector
28/09/2020,Retail,118,Sector
28/09/2020,Travel and accomodation,46,Sector
28/09/2020,Automotive Fuel,103,Sector
28/09/2020,Food and Drink,105,Sector
28/09/2020,Entertainment,38,Sector
28/09/2020,"Pubs, restaurants, and fast food",63,Sector
29/09/2020,Retail,120,Sector
29/09/2020,Travel and accomodation,45,Sector
29/09/2020,Automotive Fuel,102,Sector
29/09/2020,Food and Drink,105,Sector
29/09/2020,Entertainment,39,Sector
29/09/2020,"Pubs, restaurants, and fast food",62,Sector
30/09/2020,Retail,124,Sector
30/09/2020,Travel and accomodation,45,Sector
30/09/2020,Automotive Fuel,102,Sector
30/09/2020,Food and Drink,106,Sector
30/09/2020,Entertainment,40,Sector
30/09/2020,"Pubs, restaurants, and fast food",61,Sector
01/10/2020,Retail,127,Sector
01/10/2020,Travel and accomodation,45,Sector
01/10/2020,Automotive Fuel,102,Sector
01/10/2020,Food and Drink,107,Sector
01/10/2020,Entertainment,41,Sector
01/10/2020,"Pubs, restaurants, and fast food",61,Sector
02/10/2020,Retail,128,Sector
02/10/2020,Travel and accomodation,45,Sector
02/10/2020,Automotive Fuel,101,Sector
02/10/2020,Food and Drink,106,Sector
02/10/2020,Entertainment,40,Sector
02/10/2020,"Pubs, restaurants, and fast food",60,Sector
03/10/2020,Retail,129,Sector
03/10/2020,Travel and accomodation,43,Sector
03/10/2020,Automotive Fuel,100,Sector
03/10/2020,Food and Drink,107,Sector
03/10/2020,Entertainment,40,Sector
03/10/2020,"Pubs, restaurants, and fast food",60,Sector
04/10/2020,Retail,130,Sector
04/10/2020,Travel and accomodation,43,Sector
04/10/2020,Automotive Fuel,98,Sector
04/10/2020,Food and Drink,107,Sector
04/10/2020,Entertainment,41,Sector
04/10/2020,"Pubs, restaurants, and fast food",59,Sector
05/10/2020,Retail,129,Sector
05/10/2020,Travel and accomodation,43,Sector
05/10/2020,Automotive Fuel,97,Sector
05/10/2020,Food and Drink,106,Sector
05/10/2020,Entertainment,41,Sector
05/10/2020,"Pubs, restaurants, and fast food",59,Sector
06/10/2020,Retail,129,Sector
06/10/2020,Travel and accomodation,42,Sector
06/10/2020,Automotive Fuel,97,Sector
06/10/2020,Food and Drink,106,Sector
06/10/2020,Entertainment,41,Sector
06/10/2020,"Pubs, restaurants, and fast food",58,Sector
07/10/2020,Retail,125,Sector
07/10/2020,Travel and accomodation,41,Sector
07/10/2020,Automotive Fuel,96,Sector
07/10/2020,Food and Drink,106,Sector
07/10/2020,Entertainment,40,Sector
07/10/2020,"Pubs, restaurants, and fast food",58,Sector
08/10/2020,Retail,120,Sector
08/10/2020,Travel and accomodation,40,Sector
08/10/2020,Automotive Fuel,94,Sector
08/10/2020,Food and Drink,105,Sector
08/10/2020,Entertainment,39,Sector
08/10/2020,"Pubs, restaurants, and fast food",58,Sector
09/10/2020,Retail,118,Sector
09/10/2020,Travel and accomodation,39,Sector
09/10/2020,Automotive Fuel,94,Sector
09/10/2020,Food and Drink,105,Sector
09/10/2020,Entertainment,39,Sector
09/10/2020,"Pubs, restaurants, and fast food",58,Sector
10/10/2020,Retail,117,Sector
10/10/2020,Travel and accomodation,39,Sector
10/10/2020,Automotive Fuel,93,Sector
10/10/2020,Food and Drink,104,Sector
10/10/2020,Entertainment,39,Sector
10/10/2020,"Pubs, restaurants, and fast food",57,Sector
11/10/2020,Retail,116,Sector
11/10/2020,Travel and accomodation,39,Sector
11/10/2020,Automotive Fuel,94,Sector
11/10/2020,Food and Drink,104,Sector
11/10/2020,Entertainment,38,Sector
11/10/2020,"Pubs, restaurants, and fast food",58,Sector
12/10/2020,Retail,115,Sector
12/10/2020,Travel and accomodation,38,Sector
12/10/2020,Automotive Fuel,93,Sector
12/10/2020,Food and Drink,104,Sector
12/10/2020,Entertainment,37,Sector
12/10/2020,"Pubs, restaurants, and fast food",57,Sector
13/10/2020,Retail,116,Sector
13/10/2020,Travel and accomodation,38,Sector
13/10/2020,Automotive Fuel,92,Sector
13/10/2020,Food and Drink,103,Sector
13/10/2020,Entertainment,38,Sector
13/10/2020,"Pubs, restaurants, and fast food",57,Sector
14/10/2020,Retail,118,Sector
14/10/2020,Travel and accomodation,38,Sector
14/10/2020,Automotive Fuel,92,Sector
14/10/2020,Food and Drink,103,Sector
14/10/2020,Entertainment,38,Sector
14/10/2020,"Pubs, restaurants, and fast food",56,Sector
15/10/2020,Retail,118,Sector
15/10/2020,Travel and accomodation,37,Sector
15/10/2020,Automotive Fuel,92,Sector
15/10/2020,Food and Drink,103,Sector
15/10/2020,Entertainment,38,Sector
15/10/2020,"Pubs, restaurants, and fast food",56,Sector
16/10/2020,Retail,117,Sector
16/10/2020,Travel and accomodation,37,Sector
16/10/2020,Automotive Fuel,92,Sector
16/10/2020,Food and Drink,103,Sector
16/10/2020,Entertainment,38,Sector
16/10/2020,"Pubs, restaurants, and fast food",55,Sector
17/10/2020,Retail,116,Sector
17/10/2020,Travel and accomodation,36,Sector
17/10/2020,Automotive Fuel,91,Sector
17/10/2020,Food and Drink,103,Sector
17/10/2020,Entertainment,39,Sector
17/10/2020,"Pubs, restaurants, and fast food",54,Sector
18/10/2020,Retail,116,Sector
18/10/2020,Travel and accomodation,36,Sector
18/10/2020,Automotive Fuel,90,Sector
18/10/2020,Food and Drink,103,Sector
18/10/2020,Entertainment,39,Sector
18/10/2020,"Pubs, restaurants, and fast food",53,Sector
19/10/2020,Retail,115,Sector
19/10/2020,Travel and accomodation,36,Sector
19/10/2020,Automotive Fuel,89,Sector
19/10/2020,Food and Drink,103,Sector
19/10/2020,Entertainment,39,Sector
19/10/2020,"Pubs, restaurants, and fast food",52,Sector
20/10/2020,Retail,113,Sector
20/10/2020,Travel and accomodation,36,Sector
20/10/2020,Automotive Fuel,89,Sector
20/10/2020,Food and Drink,103,Sector
20/10/2020,Entertainment,39,Sector
20/10/2020,"Pubs, restaurants, and fast food",52,Sector
21/10/2020,Retail,111,Sector
21/10/2020,Travel and accomodation,35,Sector
21/10/2020,Automotive Fuel,88,Sector
21/10/2020,Food and Drink,103,Sector
21/10/2020,Entertainment,39,Sector
21/10/2020,"Pubs, restaurants, and fast food",52,Sector
22/10/2020,Retail,111,Sector
22/10/2020,Travel and accomodation,35,Sector
22/10/2020,Automotive Fuel,88,Sector
22/10/2020,Food and Drink,103,Sector
22/10/2020,Entertainment,39,Sector
22/10/2020,"Pubs, restaurants, and fast food",51,Sector
23/10/2020,Retail,111,Sector
23/10/2020,Travel and accomodation,35,Sector
23/10/2020,Automotive Fuel,87,Sector
23/10/2020,Food and Drink,102,Sector
23/10/2020,Entertainment,39,Sector
23/10/2020,"Pubs, restaurants, and fast food",50,Sector
24/10/2020,Retail,111,Sector
24/10/2020,Travel and accomodation,35,Sector
24/10/2020,Automotive Fuel,86,Sector
24/10/2020,Food and Drink,102,Sector
24/10/2020,Entertainment,39,Sector
24/10/2020,"Pubs, restaurants, and fast food",50,Sector
25/10/2020,Retail,112,Sector
25/10/2020,Travel and accomodation,35,Sector
25/10/2020,Automotive Fuel,86,Sector
25/10/2020,Food and Drink,102,Sector
25/10/2020,Entertainment,39,Sector
25/10/2020,"Pubs, restaurants, and fast food",50,Sector
26/10/2020,Retail,112,Sector
26/10/2020,Travel and accomodation,35,Sector
26/10/2020,Automotive Fuel,86,Sector
26/10/2020,Food and Drink,102,Sector
26/10/2020,Entertainment,39,Sector
26/10/2020,"Pubs, restaurants, and fast food",50,Sector
27/10/2020,Retail,112,Sector
27/10/2020,Travel and accomodation,35,Sector
27/10/2020,Automotive Fuel,86,Sector
27/10/2020,Food and Drink,102,Sector
27/10/2020,Entertainment,41,Sector
27/10/2020,"Pubs, restaurants, and fast food",50,Sector
28/10/2020,Retail,114,Sector
28/10/2020,Travel and accomodation,36,Sector
28/10/2020,Automotive Fuel,86,Sector
28/10/2020,Food and Drink,103,Sector
28/10/2020,Entertainment,42,Sector
28/10/2020,"Pubs, restaurants, and fast food",51,Sector
29/10/2020,Retail,117,Sector
29/10/2020,Travel and accomodation,36,Sector
29/10/2020,Automotive Fuel,86,Sector
29/10/2020,Food and Drink,104,Sector
29/10/2020,Entertainment,44,Sector
29/10/2020,"Pubs, restaurants, and fast food",51,Sector
30/10/2020,Retail,120,Sector
30/10/2020,Travel and accomodation,37,Sector
30/10/2020,Automotive Fuel,86,Sector
30/10/2020,Food and Drink,105,Sector
30/10/2020,Entertainment,46,Sector
30/10/2020,"Pubs, restaurants, and fast food",51,Sector
31/10/2020,Retail,121,Sector
31/10/2020,Travel and accomodation,37,Sector
31/10/2020,Automotive Fuel,86,Sector
31/10/2020,Food and Drink,107,Sector
31/10/2020,Entertainment,48,Sector
31/10/2020,"Pubs, restaurants, and fast food",51,Sector
01/11/2020,Retail,123,Sector
01/11/2020,Travel and accomodation,37,Sector
01/11/2020,Automotive Fuel,86,Sector
01/11/2020,Food and Drink,107,Sector
01/11/2020,Entertainment,49,Sector
01/11/2020,"Pubs, restaurants, and fast food",51,Sector
02/11/2020,Retail,125,Sector
02/11/2020,Travel and accomodation,37,Sector
02/11/2020,Automotive Fuel,86,Sector
02/11/2020,Food and Drink,108,Sector
02/11/2020,Entertainment,50,Sector
02/11/2020,"Pubs, restaurants, and fast food",51,Sector
03/11/2020,Retail,127,Sector
03/11/2020,Travel and accomodation,37,Sector
03/11/2020,Automotive Fuel,87,Sector
03/11/2020,Food and Drink,109,Sector
03/11/2020,Entertainment,52,Sector
03/11/2020,"Pubs, restaurants, and fast food",52,Sector
04/11/2020,Retail,127,Sector
04/11/2020,Travel and accomodation,38,Sector
04/11/2020,Automotive Fuel,88,Sector
04/11/2020,Food and Drink,110,Sector
04/11/2020,Entertainment,53,Sector
04/11/2020,"Pubs, restaurants, and fast food",54,Sector
05/11/2020,Retail,124,Sector
05/11/2020,Travel and accomodation,37,Sector
05/11/2020,Automotive Fuel,87,Sector
05/11/2020,Food and Drink,110,Sector
05/11/2020,Entertainment,52,Sector
05/11/2020,"Pubs, restaurants, and fast food",52,Sector
06/11/2020,Retail,121,Sector
06/11/2020,Travel and accomodation,35,Sector
06/11/2020,Automotive Fuel,85,Sector
06/11/2020,Food and Drink,110,Sector
06/11/2020,Entertainment,49,Sector
06/11/2020,"Pubs, restaurants, and fast food",48,Sector
07/11/2020,Retail,117,Sector
07/11/2020,Travel and accomodation,33,Sector
07/11/2020,Automotive Fuel,84,Sector
07/11/2020,Food and Drink,109,Sector
07/11/2020,Entertainment,48,Sector
07/11/2020,"Pubs, restaurants, and fast food",44,Sector
08/11/2020,Retail,115,Sector
08/11/2020,Travel and accomodation,31,Sector
08/11/2020,Automotive Fuel,82,Sector
08/11/2020,Food and Drink,109,Sector
08/11/2020,Entertainment,47,Sector
08/11/2020,"Pubs, restaurants, and fast food",40,Sector
09/11/2020,Retail,113,Sector
09/11/2020,Travel and accomodation,29,Sector
09/11/2020,Automotive Fuel,81,Sector
09/11/2020,Food and Drink,108,Sector
09/11/2020,Entertainment,45,Sector
09/11/2020,"Pubs, restaurants, and fast food",38,Sector
10/11/2020,Retail,111,Sector
10/11/2020,Travel and accomodation,28,Sector
10/11/2020,Automotive Fuel,79,Sector
10/11/2020,Food and Drink,108,Sector
10/11/2020,Entertainment,42,Sector
10/11/2020,"Pubs, restaurants, and fast food",35,Sector
11/11/2020,Retail,108,Sector
11/11/2020,Travel and accomodation,26,Sector
11/11/2020,Automotive Fuel,76,Sector
11/11/2020,Food and Drink,107,Sector
11/11/2020,Entertainment,40,Sector
11/11/2020,"Pubs, restaurants, and fast food",30,Sector
12/11/2020,Retail,109,Sector
12/11/2020,Travel and accomodation,25,Sector
12/11/2020,Automotive Fuel,75,Sector
12/11/2020,Food and Drink,107,Sector
12/11/2020,Entertainment,40,Sector
12/11/2020,"Pubs, restaurants, and fast food",30,Sector
13/11/2020,Retail,111,Sector
13/11/2020,Travel and accomodation,25,Sector
13/11/2020,Automotive Fuel,75,Sector
13/11/2020,Food and Drink,107,Sector
13/11/2020,Entertainment,40,Sector
13/11/2020,"Pubs, restaurants, and fast food",30,Sector
14/11/2020,Retail,111,Sector
14/11/2020,Travel and accomodation,25,Sector
14/11/2020,Automotive Fuel,75,Sector
14/11/2020,Food and Drink,106,Sector
14/11/2020,Entertainment,40,Sector
14/11/2020,"Pubs, restaurants, and fast food",30,Sector
15/11/2020,Retail,111,Sector
15/11/2020,Travel and accomodation,25,Sector
15/11/2020,Automotive Fuel,75,Sector
15/11/2020,Food and Drink,106,Sector
15/11/2020,Entertainment,40,Sector
15/11/2020,"Pubs, restaurants, and fast food",30,Sector
16/11/2020,Retail,110,Sector
16/11/2020,Travel and accomodation,25,Sector
16/11/2020,Automotive Fuel,75,Sector
16/11/2020,Food and Drink,106,Sector
16/11/2020,Entertainment,40,Sector
16/11/2020,"Pubs, restaurants, and fast food",30,Sector
17/11/2020,Retail,109,Sector
17/11/2020,Travel and accomodation,26,Sector
17/11/2020,Automotive Fuel,75,Sector
17/11/2020,Food and Drink,105,Sector
17/11/2020,Entertainment,39,Sector
17/11/2020,"Pubs, restaurants, and fast food",30,Sector
18/11/2020,Retail,110,Sector
18/11/2020,Travel and accomodation,26,Sector
18/11/2020,Automotive Fuel,75,Sector
18/11/2020,Food and Drink,106,Sector
18/11/2020,Entertainment,39,Sector
18/11/2020,"Pubs, restaurants, and fast food",30,Sector
19/11/2020,Retail,110,Sector
19/11/2020,Travel and accomodation,26,Sector
19/11/2020,Automotive Fuel,75,Sector
19/11/2020,Food and Drink,106,Sector
19/11/2020,Entertainment,39,Sector
19/11/2020,"Pubs, restaurants, and fast food",30,Sector
20/11/2020,Retail,110,Sector
20/11/2020,Travel and accomodation,27,Sector
20/11/2020,Automotive Fuel,75,Sector
20/11/2020,Food and Drink,106,Sector
20/11/2020,Entertainment,39,Sector
20/11/2020,"Pubs, restaurants, and fast food",30,Sector
21/11/2020,Retail,111,Sector
21/11/2020,Travel and accomodation,27,Sector
21/11/2020,Automotive Fuel,75,Sector
21/11/2020,Food and Drink,106,Sector
21/11/2020,Entertainment,41,Sector
21/11/2020,"Pubs, restaurants, and fast food",30,Sector
22/11/2020,Retail,112,Sector
22/11/2020,Travel and accomodation,27,Sector
22/11/2020,Automotive Fuel,75,Sector
22/11/2020,Food and Drink,106,Sector
22/11/2020,Entertainment,41,Sector
22/11/2020,"Pubs, restaurants, and fast food",30,Sector
23/11/2020,Retail,114,Sector
23/11/2020,Travel and accomodation,28,Sector
23/11/2020,Automotive Fuel,75,Sector
23/11/2020,Food and Drink,105,Sector
23/11/2020,Entertainment,41,Sector
23/11/2020,"Pubs, restaurants, and fast food",30,Sector
24/11/2020,Retail,118,Sector
24/11/2020,Travel and accomodation,28,Sector
24/11/2020,Automotive Fuel,76,Sector
24/11/2020,Food and Drink,105,Sector
24/11/2020,Entertainment,42,Sector
24/11/2020,"Pubs, restaurants, and fast food",30,Sector
25/11/2020,Retail,121,Sector
25/11/2020,Travel and accomodation,29,Sector
25/11/2020,Automotive Fuel,76,Sector
25/11/2020,Food and Drink,106,Sector
25/11/2020,Entertainment,43,Sector
25/11/2020,"Pubs, restaurants, and fast food",30,Sector
26/11/2020,Retail,127,Sector
26/11/2020,Travel and accomodation,29,Sector
26/11/2020,Automotive Fuel,76,Sector
26/11/2020,Food and Drink,106,Sector
26/11/2020,Entertainment,45,Sector
26/11/2020,"Pubs, restaurants, and fast food",30,Sector
27/11/2020,Retail,143,Sector
27/11/2020,Travel and accomodation,30,Sector
27/11/2020,Automotive Fuel,77,Sector
27/11/2020,Food and Drink,108,Sector
27/11/2020,Entertainment,47,Sector
27/11/2020,"Pubs, restaurants, and fast food",30,Sector
28/11/2020,Retail,148,Sector
28/11/2020,Travel and accomodation,31,Sector
28/11/2020,Automotive Fuel,78,Sector
28/11/2020,Food and Drink,108,Sector
28/11/2020,Entertainment,47,Sector
28/11/2020,"Pubs, restaurants, and fast food",30,Sector
29/11/2020,Retail,153,Sector
29/11/2020,Travel and accomodation,32,Sector
29/11/2020,Automotive Fuel,78,Sector
29/11/2020,Food and Drink,109,Sector
29/11/2020,Entertainment,48,Sector
29/11/2020,"Pubs, restaurants, and fast food",30,Sector
30/11/2020,Retail,160,Sector
30/11/2020,Travel and accomodation,33,Sector
30/11/2020,Automotive Fuel,79,Sector
30/11/2020,Food and Drink,110,Sector
30/11/2020,Entertainment,50,Sector
30/11/2020,"Pubs, restaurants, and fast food",31,Sector
01/12/2020,Retail,162,Sector
01/12/2020,Travel and accomodation,34,Sector
01/12/2020,Automotive Fuel,81,Sector
01/12/2020,Food and Drink,111,Sector
01/12/2020,Entertainment,51,Sector
01/12/2020,"Pubs, restaurants, and fast food",31,Sector
02/12/2020,Retail,163,Sector
02/12/2020,Travel and accomodation,34,Sector
02/12/2020,Automotive Fuel,82,Sector
02/12/2020,Food and Drink,111,Sector
02/12/2020,Entertainment,52,Sector
02/12/2020,"Pubs, restaurants, and fast food",32,Sector
03/12/2020,Retail,163,Sector
03/12/2020,Travel and accomodation,35,Sector
03/12/2020,Automotive Fuel,83,Sector
03/12/2020,Food and Drink,110,Sector
03/12/2020,Entertainment,52,Sector
03/12/2020,"Pubs, restaurants, and fast food",34,Sector
04/12/2020,Retail,150,Sector
04/12/2020,Travel and accomodation,36,Sector
04/12/2020,Automotive Fuel,85,Sector
04/12/2020,Food and Drink,109,Sector
04/12/2020,Entertainment,52,Sector
04/12/2020,"Pubs, restaurants, and fast food",36,Sector
05/12/2020,Retail,150,Sector
05/12/2020,Travel and accomodation,37,Sector
05/12/2020,Automotive Fuel,86,Sector
05/12/2020,Food and Drink,108,Sector
05/12/2020,Entertainment,53,Sector
05/12/2020,"Pubs, restaurants, and fast food",40,Sector
06/12/2020,Retail,150,Sector
06/12/2020,Travel and accomodation,37,Sector
06/12/2020,Automotive Fuel,87,Sector
06/12/2020,Food and Drink,108,Sector
06/12/2020,Entertainment,54,Sector
06/12/2020,"Pubs, restaurants, and fast food",42,Sector
07/12/2020,Retail,144,Sector
07/12/2020,Travel and accomodation,38,Sector
07/12/2020,Automotive Fuel,88,Sector
07/12/2020,Food and Drink,107,Sector
07/12/2020,Entertainment,54,Sector
07/12/2020,"Pubs, restaurants, and fast food",43,Sector
08/12/2020,Retail,142,Sector
08/12/2020,Travel and accomodation,38,Sector
08/12/2020,Automotive Fuel,88,Sector
08/12/2020,Food and Drink,106,Sector
08/12/2020,Entertainment,55,Sector
08/12/2020,"Pubs, restaurants, and fast food",44,Sector
09/12/2020,Retail,143,Sector
09/12/2020,Travel and accomodation,38,Sector
09/12/2020,Automotive Fuel,89,Sector
09/12/2020,Food and Drink,107,Sector
09/12/2020,Entertainment,56,Sector
09/12/2020,"Pubs, restaurants, and fast food",44,Sector
10/12/2020,Retail,142,Sector
10/12/2020,Travel and accomodation,37,Sector
10/12/2020,Automotive Fuel,89,Sector
10/12/2020,Food and Drink,108,Sector
10/12/2020,Entertainment,56,Sector
10/12/2020,"Pubs, restaurants, and fast food",45,Sector
11/12/2020,Retail,141,Sector
11/12/2020,Travel and accomodation,38,Sector
11/12/2020,Automotive Fuel,89,Sector
11/12/2020,Food and Drink,107,Sector
11/12/2020,Entertainment,56,Sector
11/12/2020,"Pubs, restaurants, and fast food",45,Sector
12/12/2020,Retail,141,Sector
12/12/2020,Travel and accomodation,38,Sector
12/12/2020,Automotive Fuel,89,Sector
12/12/2020,Food and Drink,106,Sector
12/12/2020,Entertainment,56,Sector
12/12/2020,"Pubs, restaurants, and fast food",45,Sector
13/12/2020,Retail,141,Sector
13/12/2020,Travel and accomodation,39,Sector
13/12/2020,Automotive Fuel,90,Sector
13/12/2020,Food and Drink,106,Sector
13/12/2020,Entertainment,56,Sector
13/12/2020,"Pubs, restaurants, and fast food",45,Sector
14/12/2020,Retail,142,Sector
14/12/2020,Travel and accomodation,39,Sector
14/12/2020,Automotive Fuel,91,Sector
14/12/2020,Food and Drink,107,Sector
14/12/2020,Entertainment,56,Sector
14/12/2020,"Pubs, restaurants, and fast food",45,Sector
15/12/2020,Retail,145,Sector
15/12/2020,Travel and accomodation,40,Sector
15/12/2020,Automotive Fuel,92,Sector
15/12/2020,Food and Drink,108,Sector
15/12/2020,Entertainment,55,Sector
15/12/2020,"Pubs, restaurants, and fast food",46,Sector
16/12/2020,Retail,145,Sector
16/12/2020,Travel and accomodation,41,Sector
16/12/2020,Automotive Fuel,93,Sector
16/12/2020,Food and Drink,109,Sector
16/12/2020,Entertainment,54,Sector
16/12/2020,"Pubs, restaurants, and fast food",46,Sector
17/12/2020,Retail,146,Sector
17/12/2020,Travel and accomodation,41,Sector
17/12/2020,Automotive Fuel,95,Sector
17/12/2020,Food and Drink,110,Sector
17/12/2020,Entertainment,53,Sector
17/12/2020,"Pubs, restaurants, and fast food",46,Sector
18/12/2020,Retail,148,Sector
18/12/2020,Travel and accomodation,42,Sector
18/12/2020,Automotive Fuel,97,Sector
18/12/2020,Food and Drink,111,Sector
18/12/2020,Entertainment,53,Sector
18/12/2020,"Pubs, restaurants, and fast food",45,Sector
19/12/2020,Retail,150,Sector
19/12/2020,Travel and accomodation,44,Sector
19/12/2020,Automotive Fuel,101,Sector
19/12/2020,Food and Drink,113,Sector
19/12/2020,Entertainment,52,Sector
19/12/2020,"Pubs, restaurants, and fast food",43,Sector
20/12/2020,Retail,149,Sector
20/12/2020,Travel and accomodation,45,Sector
20/12/2020,Automotive Fuel,104,Sector
20/12/2020,Food and Drink,115,Sector
20/12/2020,Entertainment,52,Sector
20/12/2020,"Pubs, restaurants, and fast food",42,Sector
21/12/2020,Retail,151,Sector
21/12/2020,Travel and accomodation,46,Sector
21/12/2020,Automotive Fuel,106,Sector
21/12/2020,Food and Drink,122,Sector
21/12/2020,Entertainment,53,Sector
21/12/2020,"Pubs, restaurants, and fast food",42,Sector
22/12/2020,Retail,154,Sector
22/12/2020,Travel and accomodation,45,Sector
22/12/2020,Automotive Fuel,106,Sector
22/12/2020,Food and Drink,130,Sector
22/12/2020,Entertainment,53,Sector
22/12/2020,"Pubs, restaurants, and fast food",41,Sector
23/12/2020,Retail,157,Sector
23/12/2020,Travel and accomodation,46,Sector
23/12/2020,Automotive Fuel,109,Sector
23/12/2020,Food and Drink,143,Sector
23/12/2020,Entertainment,54,Sector
23/12/2020,"Pubs, restaurants, and fast food",42,Sector
24/12/2020,Retail,153,Sector
24/12/2020,Travel and accomodation,45,Sector
24/12/2020,Automotive Fuel,110,Sector
24/12/2020,Food and Drink,152,Sector
24/12/2020,Entertainment,54,Sector
24/12/2020,"Pubs, restaurants, and fast food",42,Sector
25/12/2020,Retail,137,Sector
25/12/2020,Travel and accomodation,40,Sector
25/12/2020,Automotive Fuel,100,Sector
25/12/2020,Food and Drink,136,Sector
25/12/2020,Entertainment,51,Sector
25/12/2020,"Pubs, restaurants, and fast food",37,Sector
26/12/2020,Retail,128,Sector
26/12/2020,Travel and accomodation,38,Sector
26/12/2020,Automotive Fuel,92,Sector
26/12/2020,Food and Drink,123,Sector
26/12/2020,Entertainment,51,Sector
26/12/2020,"Pubs, restaurants, and fast food",33,Sector
27/12/2020,Retail,126,Sector
27/12/2020,Travel and accomodation,36,Sector
27/12/2020,Automotive Fuel,88,Sector
27/12/2020,Food and Drink,119,Sector
27/12/2020,Entertainment,51,Sector
27/12/2020,"Pubs, restaurants, and fast food",31,Sector
28/12/2020,Retail,119,Sector
28/12/2020,Travel and accomodation,34,Sector
28/12/2020,Automotive Fuel,86,Sector
28/12/2020,Food and Drink,112,Sector
28/12/2020,Entertainment,51,Sector
28/12/2020,"Pubs, restaurants, and fast food",31,Sector
29/12/2020,Retail,114,Sector
29/12/2020,Travel and accomodation,34,Sector
29/12/2020,Automotive Fuel,85,Sector
29/12/2020,Food and Drink,105,Sector
29/12/2020,Entertainment,51,Sector
29/12/2020,"Pubs, restaurants, and fast food",30,Sector
30/12/2020,Retail,108,Sector
30/12/2020,Travel and accomodation,34,Sector
30/12/2020,Automotive Fuel,82,Sector
30/12/2020,Food and Drink,97,Sector
30/12/2020,Entertainment,51,Sector
30/12/2020,"Pubs, restaurants, and fast food",29,Sector
31/12/2020,Retail,106,Sector
31/12/2020,Travel and accomodation,34,Sector
31/12/2020,Automotive Fuel,80,Sector
31/12/2020,Food and Drink,97,Sector
31/12/2020,Entertainment,51,Sector
31/12/2020,"Pubs, restaurants, and fast food",29,Sector
01/01/2021,Retail,108,Sector
01/01/2021,Travel and accomodation,35,Sector
01/01/2021,Automotive Fuel,81,Sector
01/01/2021,Food and Drink,99,Sector
01/01/2021,Entertainment,52,Sector
01/01/2021,"Pubs, restaurants, and fast food",31,Sector
02/01/2021,Retail,109,Sector
02/01/2021,Travel and accomodation,35,Sector
02/01/2021,Automotive Fuel,83,Sector
02/01/2021,Food and Drink,106,Sector
02/01/2021,Entertainment,50,Sector
02/01/2021,"Pubs, restaurants, and fast food",32,Sector
03/01/2021,Retail,109,Sector
03/01/2021,Travel and accomodation,35,Sector
03/01/2021,Automotive Fuel,84,Sector
03/01/2021,Food and Drink,106,Sector
03/01/2021,Entertainment,49,Sector
03/01/2021,"Pubs, restaurants, and fast food",32,Sector
04/01/2021,Retail,111,Sector
04/01/2021,Travel and accomodation,35,Sector
04/01/2021,Automotive Fuel,83,Sector
04/01/2021,Food and Drink,106,Sector
04/01/2021,Entertainment,48,Sector
04/01/2021,"Pubs, restaurants, and fast food",31,Sector
05/01/2021,Retail,110,Sector
05/01/2021,Travel and accomodation,34,Sector
05/01/2021,Automotive Fuel,82,Sector
05/01/2021,Food and Drink,104,Sector
05/01/2021,Entertainment,47,Sector
05/01/2021,"Pubs, restaurants, and fast food",30,Sector
06/01/2021,Retail,109,Sector
06/01/2021,Travel and accomodation,32,Sector
06/01/2021,Automotive Fuel,79,Sector
06/01/2021,Food and Drink,96,Sector
06/01/2021,Entertainment,46,Sector
06/01/2021,"Pubs, restaurants, and fast food",28,Sector
07/01/2021,Retail,112,Sector
07/01/2021,Travel and accomodation,32,Sector
07/01/2021,Automotive Fuel,78,Sector
07/01/2021,Food and Drink,86,Sector
07/01/2021,Entertainment,45,Sector
07/01/2021,"Pubs, restaurants, and fast food",27,Sector
08/01/2021,Retail,121,Sector
08/01/2021,Travel and accomodation,33,Sector
08/01/2021,Automotive Fuel,83,Sector
08/01/2021,Food and Drink,97,Sector
08/01/2021,Entertainment,47,Sector
08/01/2021,"Pubs, restaurants, and fast food",27,Sector
09/01/2021,Retail,121,Sector
09/01/2021,Travel and accomodation,32,Sector
09/01/2021,Automotive Fuel,83,Sector
09/01/2021,Food and Drink,101,Sector
09/01/2021,Entertainment,48,Sector
09/01/2021,"Pubs, restaurants, and fast food",28,Sector
10/01/2021,Retail,121,Sector
10/01/2021,Travel and accomodation,31,Sector
10/01/2021,Automotive Fuel,81,Sector
10/01/2021,Food and Drink,101,Sector
10/01/2021,Entertainment,48,Sector
10/01/2021,"Pubs, restaurants, and fast food",27,Sector
11/01/2021,Retail,120,Sector
11/01/2021,Travel and accomodation,30,Sector
11/01/2021,Automotive Fuel,79,Sector
11/01/2021,Food and Drink,100,Sector
11/01/2021,Entertainment,48,Sector
11/01/2021,"Pubs, restaurants, and fast food",27,Sector
12/01/2021,Retail,119,Sector
12/01/2021,Travel and accomodation,29,Sector
12/01/2021,Automotive Fuel,78,Sector
12/01/2021,Food and Drink,99,Sector
12/01/2021,Entertainment,48,Sector
12/01/2021,"Pubs, restaurants, and fast food",26,Sector
13/01/2021,Retail,117,Sector
13/01/2021,Travel and accomodation,28,Sector
13/01/2021,Automotive Fuel,77,Sector
13/01/2021,Food and Drink,99,Sector
13/01/2021,Entertainment,48,Sector
13/01/2021,"Pubs, restaurants, and fast food",26,Sector
14/01/2021,Retail,115,Sector
14/01/2021,Travel and accomodation,27,Sector
14/01/2021,Automotive Fuel,75,Sector
14/01/2021,Food and Drink,99,Sector
14/01/2021,Entertainment,48,Sector
14/01/2021,"Pubs, restaurants, and fast food",26,Sector
15/01/2021,Retail,113,Sector
15/01/2021,Travel and accomodation,26,Sector
15/01/2021,Automotive Fuel,75,Sector
15/01/2021,Food and Drink,99,Sector
15/01/2021,Entertainment,47,Sector
15/01/2021,"Pubs, restaurants, and fast food",26,Sector
16/01/2021,Retail,112,Sector
16/01/2021,Travel and accomodation,26,Sector
16/01/2021,Automotive Fuel,74,Sector
16/01/2021,Food and Drink,100,Sector
16/01/2021,Entertainment,47,Sector
16/01/2021,"Pubs, restaurants, and fast food",26,Sector
17/01/2021,Retail,110,Sector
17/01/2021,Travel and accomodation,25,Sector
17/01/2021,Automotive Fuel,73,Sector
17/01/2021,Food and Drink,100,Sector
17/01/2021,Entertainment,47,Sector
17/01/2021,"Pubs, restaurants, and fast food",26,Sector
18/01/2021,Retail,107,Sector
18/01/2021,Travel and accomodation,25,Sector
18/01/2021,Automotive Fuel,73,Sector
18/01/2021,Food and Drink,99,Sector
18/01/2021,Entertainment,48,Sector
18/01/2021,"Pubs, restaurants, and fast food",26,Sector
19/01/2021,Retail,105,Sector
19/01/2021,Travel and accomodation,26,Sector
19/01/2021,Automotive Fuel,73,Sector
19/01/2021,Food and Drink,99,Sector
19/01/2021,Entertainment,48,Sector
19/01/2021,"Pubs, restaurants, and fast food",26,Sector
20/01/2021,Retail,106,Sector
20/01/2021,Travel and accomodation,25,Sector
20/01/2021,Automotive Fuel,72,Sector
20/01/2021,Food and Drink,99,Sector
20/01/2021,Entertainment,48,Sector
20/01/2021,"Pubs, restaurants, and fast food",26,Sector
21/01/2021,Retail,106,Sector
21/01/2021,Travel and accomodation,25,Sector
21/01/2021,Automotive Fuel,72,Sector
21/01/2021,Food and Drink,100,Sector
21/01/2021,Entertainment,49,Sector
21/01/2021,"Pubs, restaurants, and fast food",26,Sector
22/01/2021,Retail,107,Sector
22/01/2021,Travel and accomodation,25,Sector
22/01/2021,Automotive Fuel,72,Sector
22/01/2021,Food and Drink,100,Sector
22/01/2021,Entertainment,49,Sector
22/01/2021,"Pubs, restaurants, and fast food",26,Sector
23/01/2021,Retail,107,Sector
23/01/2021,Travel and accomodation,24,Sector
23/01/2021,Automotive Fuel,72,Sector
23/01/2021,Food and Drink,101,Sector
23/01/2021,Entertainment,49,Sector
23/01/2021,"Pubs, restaurants, and fast food",26,Sector
24/01/2021,Retail,108,Sector
24/01/2021,Travel and accomodation,24,Sector
24/01/2021,Automotive Fuel,72,Sector
24/01/2021,Food and Drink,100,Sector
24/01/2021,Entertainment,49,Sector
24/01/2021,"Pubs, restaurants, and fast food",26,Sector
25/01/2021,Retail,112,Sector
25/01/2021,Travel and accomodation,23,Sector
25/01/2021,Automotive Fuel,72,Sector
25/01/2021,Food and Drink,100,Sector
25/01/2021,Entertainment,48,Sector
25/01/2021,"Pubs, restaurants, and fast food",26,Sector
26/01/2021,Retail,113,Sector
26/01/2021,Travel and accomodation,23,Sector
26/01/2021,Automotive Fuel,72,Sector
26/01/2021,Food and Drink,100,Sector
26/01/2021,Entertainment,48,Sector
26/01/2021,"Pubs, restaurants, and fast food",26,Sector
27/01/2021,Retail,116,Sector
27/01/2021,Travel and accomodation,23,Sector
27/01/2021,Automotive Fuel,73,Sector
27/01/2021,Food and Drink,101,Sector
27/01/2021,Entertainment,47,Sector
27/01/2021,"Pubs, restaurants, and fast food",26,Sector
28/01/2021,Retail,120,Sector
28/01/2021,Travel and accomodation,22,Sector
28/01/2021,Automotive Fuel,73,Sector
28/01/2021,Food and Drink,101,Sector
28/01/2021,Entertainment,48,Sector
28/01/2021,"Pubs, restaurants, and fast food",26,Sector
29/01/2021,Retail,124,Sector
29/01/2021,Travel and accomodation,23,Sector
29/01/2021,Automotive Fuel,74,Sector
29/01/2021,Food and Drink,102,Sector
29/01/2021,Entertainment,50,Sector
29/01/2021,"Pubs, restaurants, and fast food",27,Sector
30/01/2021,Retail,127,Sector
30/01/2021,Travel and accomodation,23,Sector
30/01/2021,Automotive Fuel,74,Sector
30/01/2021,Food and Drink,103,Sector
30/01/2021,Entertainment,51,Sector
30/01/2021,"Pubs, restaurants, and fast food",27,Sector
31/01/2021,Retail,130,Sector
31/01/2021,Travel and accomodation,24,Sector
31/01/2021,Automotive Fuel,76,Sector
31/01/2021,Food and Drink,104,Sector
31/01/2021,Entertainment,51,Sector
31/01/2021,"Pubs, restaurants, and fast food",27,Sector
01/02/2021,Retail,132,Sector
01/02/2021,Travel and accomodation,24,Sector
01/02/2021,Automotive Fuel,76,Sector
01/02/2021,Food and Drink,105,Sector
01/02/2021,Entertainment,52,Sector
01/02/2021,"Pubs, restaurants, and fast food",27,Sector
02/02/2021,Retail,133,Sector
02/02/2021,Travel and accomodation,24,Sector
02/02/2021,Automotive Fuel,76,Sector
02/02/2021,Food and Drink,106,Sector
02/02/2021,Entertainment,52,Sector
02/02/2021,"Pubs, restaurants, and fast food",27,Sector
03/02/2021,Retail,131,Sector
03/02/2021,Travel and accomodation,25,Sector
03/02/2021,Automotive Fuel,77,Sector
03/02/2021,Food and Drink,106,Sector
03/02/2021,Entertainment,54,Sector
03/02/2021,"Pubs, restaurants, and fast food",27,Sector
04/02/2021,Retail,128,Sector
04/02/2021,Travel and accomodation,25,Sector
04/02/2021,Automotive Fuel,76,Sector
04/02/2021,Food and Drink,106,Sector
04/02/2021,Entertainment,54,Sector
04/02/2021,"Pubs, restaurants, and fast food",27,Sector
05/02/2021,Retail,124,Sector
05/02/2021,Travel and accomodation,25,Sector
05/02/2021,Automotive Fuel,76,Sector
05/02/2021,Food and Drink,106,Sector
05/02/2021,Entertainment,53,Sector
05/02/2021,"Pubs, restaurants, and fast food",27,Sector
06/02/2021,Retail,122,Sector
06/02/2021,Travel and accomodation,24,Sector
06/02/2021,Automotive Fuel,76,Sector
06/02/2021,Food and Drink,106,Sector
06/02/2021,Entertainment,53,Sector
06/02/2021,"Pubs, restaurants, and fast food",27,Sector
07/02/2021,Retail,119,Sector
07/02/2021,Travel and accomodation,24,Sector
07/02/2021,Automotive Fuel,76,Sector
07/02/2021,Food and Drink,106,Sector
07/02/2021,Entertainment,53,Sector
07/02/2021,"Pubs, restaurants, and fast food",27,Sector
08/02/2021,Retail,116,Sector
08/02/2021,Travel and accomodation,24,Sector
08/02/2021,Automotive Fuel,75,Sector
08/02/2021,Food and Drink,105,Sector
08/02/2021,Entertainment,53,Sector
08/02/2021,"Pubs, restaurants, and fast food",27,Sector
09/02/2021,Retail,114,Sector
09/02/2021,Travel and accomodation,23,Sector
09/02/2021,Automotive Fuel,75,Sector
09/02/2021,Food and Drink,105,Sector
09/02/2021,Entertainment,52,Sector
09/02/2021,"Pubs, restaurants, and fast food",27,Sector
10/02/2021,Retail,114,Sector
10/02/2021,Travel and accomodation,23,Sector
10/02/2021,Automotive Fuel,76,Sector
10/02/2021,Food and Drink,105,Sector
10/02/2021,Entertainment,51,Sector
10/02/2021,"Pubs, restaurants, and fast food",27,Sector
11/02/2021,Retail,113,Sector
11/02/2021,Travel and accomodation,23,Sector
11/02/2021,Automotive Fuel,76,Sector
11/02/2021,Food and Drink,106,Sector
11/02/2021,Entertainment,51,Sector
11/02/2021,"Pubs, restaurants, and fast food",27,Sector
12/02/2021,Retail,114,Sector
12/02/2021,Travel and accomodation,23,Sector
12/02/2021,Automotive Fuel,77,Sector
12/02/2021,Food and Drink,106,Sector
12/02/2021,Entertainment,51,Sector
12/02/2021,"Pubs, restaurants, and fast food",27,Sector
13/02/2021,Retail,113,Sector
13/02/2021,Travel and accomodation,23,Sector
13/02/2021,Automotive Fuel,78,Sector
13/02/2021,Food and Drink,107,Sector
13/02/2021,Entertainment,51,Sector
13/02/2021,"Pubs, restaurants, and fast food",27,Sector
14/02/2021,Retail,112,Sector
14/02/2021,Travel and accomodation,23,Sector
14/02/2021,Automotive Fuel,79,Sector
14/02/2021,Food and Drink,108,Sector
14/02/2021,Entertainment,50,Sector
14/02/2021,"Pubs, restaurants, and fast food",28,Sector
15/02/2021,Retail,110,Sector
15/02/2021,Travel and accomodation,24,Sector
15/02/2021,Automotive Fuel,79,Sector
15/02/2021,Food and Drink,108,Sector
15/02/2021,Entertainment,50,Sector
15/02/2021,"Pubs, restaurants, and fast food",29,Sector
16/02/2021,Retail,110,Sector
16/02/2021,Travel and accomodation,24,Sector
16/02/2021,Automotive Fuel,78,Sector
16/02/2021,Food and Drink,108,Sector
16/02/2021,Entertainment,50,Sector
16/02/2021,"Pubs, restaurants, and fast food",28,Sector
17/02/2021,Retail,109,Sector
17/02/2021,Travel and accomodation,24,Sector
17/02/2021,Automotive Fuel,78,Sector
17/02/2021,Food and Drink,107,Sector
17/02/2021,Entertainment,50,Sector
17/02/2021,"Pubs, restaurants, and fast food",28,Sector
18/02/2021,Retail,109,Sector
18/02/2021,Travel and accomodation,24,Sector
18/02/2021,Automotive Fuel,78,Sector
18/02/2021,Food and Drink,106,Sector
18/02/2021,Entertainment,50,Sector
18/02/2021,"Pubs, restaurants, and fast food",28,Sector
19/02/2021,Retail,108,Sector
19/02/2021,Travel and accomodation,23,Sector
19/02/2021,Automotive Fuel,77,Sector
19/02/2021,Food and Drink,105,Sector
19/02/2021,Entertainment,50,Sector
19/02/2021,"Pubs, restaurants, and fast food",28,Sector
20/02/2021,Retail,107,Sector
20/02/2021,Travel and accomodation,23,Sector
20/02/2021,Automotive Fuel,77,Sector
20/02/2021,Food and Drink,103,Sector
20/02/2021,Entertainment,50,Sector
20/02/2021,"Pubs, restaurants, and fast food",28,Sector
21/02/2021,Retail,107,Sector
21/02/2021,Travel and accomodation,23,Sector
21/02/2021,Automotive Fuel,76,Sector
21/02/2021,Food and Drink,102,Sector
21/02/2021,Entertainment,50,Sector
21/02/2021,"Pubs, restaurants, and fast food",28,Sector
22/02/2021,Retail,107,Sector
22/02/2021,Travel and accomodation,23,Sector
22/02/2021,Automotive Fuel,76,Sector
22/02/2021,Food and Drink,102,Sector
22/02/2021,Entertainment,50,Sector
22/02/2021,"Pubs, restaurants, and fast food",28,Sector
23/02/2021,Retail,108,Sector
23/02/2021,Travel and accomodation,23,Sector
23/02/2021,Automotive Fuel,76,Sector
23/02/2021,Food and Drink,102,Sector
23/02/2021,Entertainment,50,Sector
23/02/2021,"Pubs, restaurants, and fast food",28,Sector
24/02/2021,Retail,108,Sector
24/02/2021,Travel and accomodation,24,Sector
24/02/2021,Automotive Fuel,76,Sector
24/02/2021,Food and Drink,102,Sector
24/02/2021,Entertainment,52,Sector
24/02/2021,"Pubs, restaurants, and fast food",28,Sector
25/02/2021,Retail,110,Sector
25/02/2021,Travel and accomodation,24,Sector
25/02/2021,Automotive Fuel,77,Sector
25/02/2021,Food and Drink,102,Sector
25/02/2021,Entertainment,53,Sector
25/02/2021,"Pubs, restaurants, and fast food",28,Sector
26/02/2021,Retail,115,Sector
26/02/2021,Travel and accomodation,25,Sector
26/02/2021,Automotive Fuel,78,Sector
26/02/2021,Food and Drink,103,Sector
26/02/2021,Entertainment,56,Sector
26/02/2021,"Pubs, restaurants, and fast food",29,Sector
27/02/2021,Retail,117,Sector
27/02/2021,Travel and accomodation,26,Sector
27/02/2021,Automotive Fuel,79,Sector
27/02/2021,Food and Drink,105,Sector
27/02/2021,Entertainment,57,Sector
27/02/2021,"Pubs, restaurants, and fast food",29,Sector
28/02/2021,Retail,120,Sector
28/02/2021,Travel and accomodation,27,Sector
28/02/2021,Automotive Fuel,81,Sector
28/02/2021,Food and Drink,106,Sector
28/02/2021,Entertainment,58,Sector
28/02/2021,"Pubs, restaurants, and fast food",30,Sector
01/03/2021,Retail,123,Sector
01/03/2021,Travel and accomodation,27,Sector
01/03/2021,Automotive Fuel,82,Sector
01/03/2021,Food and Drink,107,Sector
01/03/2021,Entertainment,59,Sector
01/03/2021,"Pubs, restaurants, and fast food",30,Sector
02/03/2021,Retail,124,Sector
02/03/2021,Travel and accomodation,27,Sector
02/03/2021,Automotive Fuel,82,Sector
02/03/2021,Food and Drink,107,Sector
02/03/2021,Entertainment,60,Sector
02/03/2021,"Pubs, restaurants, and fast food",30,Sector
03/03/2021,Retail,125,Sector
03/03/2021,Travel and accomodation,27,Sector
03/03/2021,Automotive Fuel,83,Sector
03/03/2021,Food and Drink,108,Sector
03/03/2021,Entertainment,60,Sector
03/03/2021,"Pubs, restaurants, and fast food",30,Sector
04/03/2021,Retail,124,Sector
04/03/2021,Travel and accomodation,27,Sector
04/03/2021,Automotive Fuel,83,Sector
04/03/2021,Food and Drink,108,Sector
04/03/2021,Entertainment,61,Sector
04/03/2021,"Pubs, restaurants, and fast food",30,Sector
05/03/2021,Retail,120,Sector
05/03/2021,Travel and accomodation,26,Sector
05/03/2021,Automotive Fuel,83,Sector
05/03/2021,Food and Drink,108,Sector
05/03/2021,Entertainment,60,Sector
05/03/2021,"Pubs, restaurants, and fast food",30,Sector
06/03/2021,Retail,120,Sector
06/03/2021,Travel and accomodation,26,Sector
06/03/2021,Automotive Fuel,83,Sector
06/03/2021,Food and Drink,108,Sector
06/03/2021,Entertainment,59,Sector
06/03/2021,"Pubs, restaurants, and fast food",30,Sector
07/03/2021,Retail,119,Sector
07/03/2021,Travel and accomodation,26,Sector
07/03/2021,Automotive Fuel,82,Sector
07/03/2021,Food and Drink,108,Sector
07/03/2021,Entertainment,58,Sector
07/03/2021,"Pubs, restaurants, and fast food",30,Sector
08/03/2021,Retail,117,Sector
08/03/2021,Travel and accomodation,26,Sector
08/03/2021,Automotive Fuel,83,Sector
08/03/2021,Food and Drink,108,Sector
08/03/2021,Entertainment,58,Sector
08/03/2021,"Pubs, restaurants, and fast food",30,Sector
09/03/2021,Retail,115,Sector
09/03/2021,Travel and accomodation,26,Sector
09/03/2021,Automotive Fuel,83,Sector
09/03/2021,Food and Drink,108,Sector
09/03/2021,Entertainment,58,Sector
09/03/2021,"Pubs, restaurants, and fast food",30,Sector
10/03/2021,Retail,114,Sector
10/03/2021,Travel and accomodation,26,Sector
10/03/2021,Automotive Fuel,83,Sector
10/03/2021,Food and Drink,108,Sector
10/03/2021,Entertainment,59,Sector
10/03/2021,"Pubs, restaurants, and fast food",30,Sector
11/03/2021,Retail,113,Sector
11/03/2021,Travel and accomodation,26,Sector
11/03/2021,Automotive Fuel,83,Sector
11/03/2021,Food and Drink,108,Sector
11/03/2021,Entertainment,58,Sector
11/03/2021,"Pubs, restaurants, and fast food",30,Sector
12/03/2021,Retail,112,Sector
12/03/2021,Travel and accomodation,26,Sector
12/03/2021,Automotive Fuel,83,Sector
12/03/2021,Food and Drink,109,Sector
12/03/2021,Entertainment,58,Sector
12/03/2021,"Pubs, restaurants, and fast food",30,Sector
13/03/2021,Retail,111,Sector
13/03/2021,Travel and accomodation,26,Sector
13/03/2021,Automotive Fuel,83,Sector
13/03/2021,Food and Drink,110,Sector
13/03/2021,Entertainment,59,Sector
13/03/2021,"Pubs, restaurants, and fast food",30,Sector
14/03/2021,Retail,109,Sector
14/03/2021,Travel and accomodation,27,Sector
14/03/2021,Automotive Fuel,83,Sector
14/03/2021,Food and Drink,110,Sector
14/03/2021,Entertainment,59,Sector
14/03/2021,"Pubs, restaurants, and fast food",30,Sector
15/03/2021,Retail,109,Sector
15/03/2021,Travel and accomodation,26,Sector
15/03/2021,Automotive Fuel,83,Sector
15/03/2021,Food and Drink,109,Sector
15/03/2021,Entertainment,66,Sector
15/03/2021,"Pubs, restaurants, and fast food",30,Sector
16/03/2021,Retail,109,Sector
16/03/2021,Travel and accomodation,27,Sector
16/03/2021,Automotive Fuel,83,Sector
16/03/2021,Food and Drink,109,Sector
16/03/2021,Entertainment,68,Sector
16/03/2021,"Pubs, restaurants, and fast food",29,Sector
17/03/2021,Retail,109,Sector
17/03/2021,Travel and accomodation,27,Sector
17/03/2021,Automotive Fuel,83,Sector
17/03/2021,Food and Drink,109,Sector
17/03/2021,Entertainment,70,Sector
17/03/2021,"Pubs, restaurants, and fast food",30,Sector
18/03/2021,Retail,108,Sector
18/03/2021,Travel and accomodation,27,Sector
18/03/2021,Automotive Fuel,83,Sector
18/03/2021,Food and Drink,108,Sector
18/03/2021,Entertainment,72,Sector
18/03/2021,"Pubs, restaurants, and fast food",30,Sector
19/03/2021,Retail,108,Sector
19/03/2021,Travel and accomodation,27,Sector
19/03/2021,Automotive Fuel,83,Sector
19/03/2021,Food and Drink,108,Sector
19/03/2021,Entertainment,75,Sector
19/03/2021,"Pubs, restaurants, and fast food",30,Sector
20/03/2021,Retail,108,Sector
20/03/2021,Travel and accomodation,27,Sector
20/03/2021,Automotive Fuel,83,Sector
20/03/2021,Food and Drink,106,Sector
20/03/2021,Entertainment,74,Sector
20/03/2021,"Pubs, restaurants, and fast food",30,Sector
21/03/2021,Retail,108,Sector
21/03/2021,Travel and accomodation,26,Sector
21/03/2021,Automotive Fuel,83,Sector
21/03/2021,Food and Drink,106,Sector
21/03/2021,Entertainment,75,Sector
21/03/2021,"Pubs, restaurants, and fast food",30,Sector
22/03/2021,Retail,108,Sector
22/03/2021,Travel and accomodation,27,Sector
22/03/2021,Automotive Fuel,83,Sector
22/03/2021,Food and Drink,106,Sector
22/03/2021,Entertainment,67,Sector
22/03/2021,"Pubs, restaurants, and fast food",30,Sector
23/03/2021,Retail,108,Sector
23/03/2021,Travel and accomodation,26,Sector
23/03/2021,Automotive Fuel,84,Sector
23/03/2021,Food and Drink,106,Sector
23/03/2021,Entertainment,64,Sector
23/03/2021,"Pubs, restaurants, and fast food",30,Sector
24/03/2021,Retail,108,Sector
24/03/2021,Travel and accomodation,26,Sector
24/03/2021,Automotive Fuel,84,Sector
24/03/2021,Food and Drink,106,Sector
24/03/2021,Entertainment,63,Sector
24/03/2021,"Pubs, restaurants, and fast food",30,Sector
25/03/2021,Retail,112,Sector
25/03/2021,Travel and accomodation,26,Sector
25/03/2021,Automotive Fuel,85,Sector
25/03/2021,Food and Drink,106,Sector
25/03/2021,Entertainment,60,Sector
25/03/2021,"Pubs, restaurants, and fast food",31,Sector
26/03/2021,Retail,114,Sector
26/03/2021,Travel and accomodation,26,Sector
26/03/2021,Automotive Fuel,85,Sector
26/03/2021,Food and Drink,107,Sector
26/03/2021,Entertainment,60,Sector
26/03/2021,"Pubs, restaurants, and fast food",31,Sector
27/03/2021,Retail,115,Sector
27/03/2021,Travel and accomodation,27,Sector
27/03/2021,Automotive Fuel,86,Sector
27/03/2021,Food and Drink,107,Sector
27/03/2021,Entertainment,61,Sector
27/03/2021,"Pubs, restaurants, and fast food",31,Sector
28/03/2021,Retail,117,Sector
28/03/2021,Travel and accomodation,27,Sector
28/03/2021,Automotive Fuel,86,Sector
28/03/2021,Food and Drink,107,Sector
28/03/2021,Entertainment,60,Sector
28/03/2021,"Pubs, restaurants, and fast food",31,Sector
29/03/2021,Retail,118,Sector
29/03/2021,Travel and accomodation,27,Sector
29/03/2021,Automotive Fuel,87,Sector
29/03/2021,Food and Drink,108,Sector
29/03/2021,Entertainment,63,Sector
29/03/2021,"Pubs, restaurants, and fast food",31,Sector
30/03/2021,Retail,119,Sector
30/03/2021,Travel and accomodation,28,Sector
30/03/2021,Automotive Fuel,87,Sector
30/03/2021,Food and Drink,108,Sector
30/03/2021,Entertainment,63,Sector
30/03/2021,"Pubs, restaurants, and fast food",31,Sector
31/03/2021,Retail,123,Sector
31/03/2021,Travel and accomodation,29,Sector
31/03/2021,Automotive Fuel,89,Sector
31/03/2021,Food and Drink,110,Sector
31/03/2021,Entertainment,64,Sector
31/03/2021,"Pubs, restaurants, and fast food",32,Sector
01/04/2021,Retail,125,Sector
01/04/2021,Travel and accomodation,30,Sector
01/04/2021,Automotive Fuel,92,Sector
01/04/2021,Food and Drink,114,Sector
01/04/2021,Entertainment,66,Sector
01/04/2021,"Pubs, restaurants, and fast food",33,Sector
02/04/2021,Retail,122,Sector
02/04/2021,Travel and accomodation,30,Sector
02/04/2021,Automotive Fuel,93,Sector
02/04/2021,Food and Drink,117,Sector
02/04/2021,Entertainment,64,Sector
02/04/2021,"Pubs, restaurants, and fast food",33,Sector
03/04/2021,Retail,120,Sector
03/04/2021,Travel and accomodation,30,Sector
03/04/2021,Automotive Fuel,93,Sector
03/04/2021,Food and Drink,118,Sector
03/04/2021,Entertainment,63,Sector
03/04/2021,"Pubs, restaurants, and fast food",32,Sector
04/04/2021,Retail,117,Sector
04/04/2021,Travel and accomodation,29,Sector
04/04/2021,Automotive Fuel,93,Sector
04/04/2021,Food and Drink,114,Sector
04/04/2021,Entertainment,63,Sector
04/04/2021,"Pubs, restaurants, and fast food",33,Sector
05/04/2021,Retail,117,Sector
05/04/2021,Travel and accomodation,29,Sector
05/04/2021,Automotive Fuel,93,Sector
05/04/2021,Food and Drink,113,Sector
05/04/2021,Entertainment,63,Sector
05/04/2021,"Pubs, restaurants, and fast food",33,Sector
06/04/2021,Retail,121,Sector
06/04/2021,Travel and accomodation,29,Sector
06/04/2021,Automotive Fuel,93,Sector
06/04/2021,Food and Drink,113,Sector
06/04/2021,Entertainment,65,Sector
06/04/2021,"Pubs, restaurants, and fast food",33,Sector
07/04/2021,Retail,118,Sector
07/04/2021,Travel and accomodation,29,Sector
07/04/2021,Automotive Fuel,92,Sector
07/04/2021,Food and Drink,111,Sector
07/04/2021,Entertainment,65,Sector
07/04/2021,"Pubs, restaurants, and fast food",33,Sector
08/04/2021,Retail,115,Sector
08/04/2021,Travel and accomodation,28,Sector
08/04/2021,Automotive Fuel,90,Sector
08/04/2021,Food and Drink,106,Sector
08/04/2021,Entertainment,64,Sector
08/04/2021,"Pubs, restaurants, and fast food",32,Sector
09/04/2021,Retail,117,Sector
09/04/2021,Travel and accomodation,28,Sector
09/04/2021,Automotive Fuel,88,Sector
09/04/2021,Food and Drink,103,Sector
09/04/2021,Entertainment,65,Sector
09/04/2021,"Pubs, restaurants, and fast food",31,Sector
10/04/2021,Retail,117,Sector
10/04/2021,Travel and accomodation,29,Sector
10/04/2021,Automotive Fuel,88,Sector
10/04/2021,Food and Drink,101,Sector
10/04/2021,Entertainment,68,Sector
10/04/2021,"Pubs, restaurants, and fast food",32,Sector
11/04/2021,Retail,119,Sector
11/04/2021,Travel and accomodation,29,Sector
11/04/2021,Automotive Fuel,89,Sector
11/04/2021,Food and Drink,105,Sector
11/04/2021,Entertainment,68,Sector
11/04/2021,"Pubs, restaurants, and fast food",32,Sector
12/04/2021,Retail,120,Sector
12/04/2021,Travel and accomodation,29,Sector
12/04/2021,Automotive Fuel,89,Sector
12/04/2021,Food and Drink,105,Sector
12/04/2021,Entertainment,68,Sector
12/04/2021,"Pubs, restaurants, and fast food",33,Sector
13/04/2021,Retail,118,Sector
13/04/2021,Travel and accomodation,30,Sector
13/04/2021,Automotive Fuel,89,Sector
13/04/2021,Food and Drink,104,Sector
13/04/2021,Entertainment,66,Sector
13/04/2021,"Pubs, restaurants, and fast food",34,Sector
14/04/2021,Retail,118,Sector
14/04/2021,Travel and accomodation,30,Sector
14/04/2021,Automotive Fuel,90,Sector
14/04/2021,Food and Drink,104,Sector
14/04/2021,Entertainment,65,Sector
14/04/2021,"Pubs, restaurants, and fast food",36,Sector
15/04/2021,Retail,119,Sector
15/04/2021,Travel and accomodation,30,Sector
15/04/2021,Automotive Fuel,90,Sector
15/04/2021,Food and Drink,103,Sector
15/04/2021,Entertainment,65,Sector
15/04/2021,"Pubs, restaurants, and fast food",37,Sector
16/04/2021,Retail,120,Sector
16/04/2021,Travel and accomodation,30,Sector
16/04/2021,Automotive Fuel,91,Sector
16/04/2021,Food and Drink,103,Sector
16/04/2021,Entertainment,64,Sector
16/04/2021,"Pubs, restaurants, and fast food",40,Sector
17/04/2021,Retail,122,Sector
17/04/2021,Travel and accomodation,30,Sector
17/04/2021,Automotive Fuel,92,Sector
17/04/2021,Food and Drink,102,Sector
17/04/2021,Entertainment,61,Sector
17/04/2021,"Pubs, restaurants, and fast food",43,Sector
18/04/2021,Retail,124,Sector
18/04/2021,Travel and accomodation,31,Sector
18/04/2021,Automotive Fuel,92,Sector
18/04/2021,Food and Drink,101,Sector
18/04/2021,Entertainment,60,Sector
18/04/2021,"Pubs, restaurants, and fast food",45,Sector
19/04/2021,Retail,122,Sector
19/04/2021,Travel and accomodation,31,Sector
19/04/2021,Automotive Fuel,92,Sector
19/04/2021,Food and Drink,102,Sector
19/04/2021,Entertainment,60,Sector
19/04/2021,"Pubs, restaurants, and fast food",44,Sector
20/04/2021,Retail,120,Sector
20/04/2021,Travel and accomodation,30,Sector
20/04/2021,Automotive Fuel,92,Sector
20/04/2021,Food and Drink,102,Sector
20/04/2021,Entertainment,59,Sector
20/04/2021,"Pubs, restaurants, and fast food",44,Sector
21/04/2021,Retail,120,Sector
21/04/2021,Travel and accomodation,31,Sector
21/04/2021,Automotive Fuel,92,Sector
21/04/2021,Food and Drink,102,Sector
21/04/2021,Entertainment,58,Sector
21/04/2021,"Pubs, restaurants, and fast food",44,Sector
22/04/2021,Retail,118,Sector
22/04/2021,Travel and accomodation,31,Sector
22/04/2021,Automotive Fuel,92,Sector
22/04/2021,Food and Drink,102,Sector
22/04/2021,Entertainment,57,Sector
22/04/2021,"Pubs, restaurants, and fast food",44,Sector
23/04/2021,Retail,118,Sector
23/04/2021,Travel and accomodation,31,Sector
23/04/2021,Automotive Fuel,92,Sector
23/04/2021,Food and Drink,102,Sector
23/04/2021,Entertainment,57,Sector
23/04/2021,"Pubs, restaurants, and fast food",44,Sector
24/04/2021,Retail,119,Sector
24/04/2021,Travel and accomodation,31,Sector
24/04/2021,Automotive Fuel,93,Sector
24/04/2021,Food and Drink,103,Sector
24/04/2021,Entertainment,57,Sector
24/04/2021,"Pubs, restaurants, and fast food",44,Sector
25/04/2021,Retail,118,Sector
25/04/2021,Travel and accomodation,31,Sector
25/04/2021,Automotive Fuel,93,Sector
25/04/2021,Food and Drink,103,Sector
25/04/2021,Entertainment,58,Sector
25/04/2021,"Pubs, restaurants, and fast food",44,Sector
26/04/2021,Retail,118,Sector
26/04/2021,Travel and accomodation,32,Sector
26/04/2021,Automotive Fuel,94,Sector
26/04/2021,Food and Drink,103,Sector
26/04/2021,Entertainment,58,Sector
26/04/2021,"Pubs, restaurants, and fast food",43,Sector
27/04/2021,Retail,120,Sector
27/04/2021,Travel and accomodation,32,Sector
27/04/2021,Automotive Fuel,94,Sector
27/04/2021,Food and Drink,103,Sector
27/04/2021,Entertainment,60,Sector
27/04/2021,"Pubs, restaurants, and fast food",44,Sector
28/04/2021,Retail,122,Sector
28/04/2021,Travel and accomodation,32,Sector
28/04/2021,Automotive Fuel,95,Sector
28/04/2021,Food and Drink,104,Sector
28/04/2021,Entertainment,62,Sector
28/04/2021,"Pubs, restaurants, and fast food",44,Sector
29/04/2021,Retail,124,Sector
29/04/2021,Travel and accomodation,33,Sector
29/04/2021,Automotive Fuel,95,Sector
29/04/2021,Food and Drink,105,Sector
29/04/2021,Entertainment,65,Sector
29/04/2021,"Pubs, restaurants, and fast food",44,Sector
30/04/2021,Retail,127,Sector
30/04/2021,Travel and accomodation,35,Sector
30/04/2021,Automotive Fuel,97,Sector
30/04/2021,Food and Drink,106,Sector
30/04/2021,Entertainment,69,Sector
30/04/2021,"Pubs, restaurants, and fast food",44,Sector
01/05/2021,Retail,130,Sector
01/05/2021,Travel and accomodation,36,Sector
01/05/2021,Automotive Fuel,98,Sector
01/05/2021,Food and Drink,107,Sector
01/05/2021,Entertainment,71,Sector
01/05/2021,"Pubs, restaurants, and fast food",45,Sector
02/05/2021,Retail,131,Sector
02/05/2021,Travel and accomodation,37,Sector
02/05/2021,Automotive Fuel,98,Sector
02/05/2021,Food and Drink,106,Sector
02/05/2021,Entertainment,71,Sector
02/05/2021,"Pubs, restaurants, and fast food",46,Sector
03/05/2021,Retail,130,Sector
03/05/2021,Travel and accomodation,38,Sector
03/05/2021,Automotive Fuel,99,Sector
03/05/2021,Food and Drink,106,Sector
03/05/2021,Entertainment,73,Sector
03/05/2021,"Pubs, restaurants, and fast food",48,Sector
04/05/2021,Retail,131,Sector
04/05/2021,Travel and accomodation,40,Sector
04/05/2021,Automotive Fuel,99,Sector
04/05/2021,Food and Drink,107,Sector
04/05/2021,Entertainment,73,Sector
04/05/2021,"Pubs, restaurants, and fast food",47,Sector
05/05/2021,Retail,131,Sector
05/05/2021,Travel and accomodation,42,Sector
05/05/2021,Automotive Fuel,100,Sector
05/05/2021,Food and Drink,107,Sector
05/05/2021,Entertainment,73,Sector
05/05/2021,"Pubs, restaurants, and fast food",47,Sector
06/05/2021,Retail,130,Sector
06/05/2021,Travel and accomodation,43,Sector
06/05/2021,Automotive Fuel,100,Sector
06/05/2021,Food and Drink,106,Sector
06/05/2021,Entertainment,73,Sector
06/05/2021,"Pubs, restaurants, and fast food",47,Sector
07/05/2021,Retail,126,Sector
07/05/2021,Travel and accomodation,44,Sector
07/05/2021,Automotive Fuel,97,Sector
07/05/2021,Food and Drink,103,Sector
07/05/2021,Entertainment,71,Sector
07/05/2021,"Pubs, restaurants, and fast food",46,Sector
08/05/2021,Retail,125,Sector
08/05/2021,Travel and accomodation,46,Sector
08/05/2021,Automotive Fuel,96,Sector
08/05/2021,Food and Drink,102,Sector
08/05/2021,Entertainment,70,Sector
08/05/2021,"Pubs, restaurants, and fast food",45,Sector
09/05/2021,Retail,125,Sector
09/05/2021,Travel and accomodation,47,Sector
09/05/2021,Automotive Fuel,97,Sector
09/05/2021,Food and Drink,103,Sector
09/05/2021,Entertainment,69,Sector
09/05/2021,"Pubs, restaurants, and fast food",45,Sector
10/05/2021,Retail,126,Sector
10/05/2021,Travel and accomodation,50,Sector
10/05/2021,Automotive Fuel,96,Sector
10/05/2021,Food and Drink,103,Sector
10/05/2021,Entertainment,68,Sector
10/05/2021,"Pubs, restaurants, and fast food",43,Sector
11/05/2021,Retail,126,Sector
11/05/2021,Travel and accomodation,51,Sector
11/05/2021,Automotive Fuel,96,Sector
11/05/2021,Food and Drink,102,Sector
11/05/2021,Entertainment,67,Sector
11/05/2021,"Pubs, restaurants, and fast food",44,Sector
12/05/2021,Retail,125,Sector
12/05/2021,Travel and accomodation,52,Sector
12/05/2021,Automotive Fuel,96,Sector
12/05/2021,Food and Drink,102,Sector
12/05/2021,Entertainment,65,Sector
12/05/2021,"Pubs, restaurants, and fast food",44,Sector
13/05/2021,Retail,123,Sector
13/05/2021,Travel and accomodation,53,Sector
13/05/2021,Automotive Fuel,96,Sector
13/05/2021,Food and Drink,101,Sector
13/05/2021,Entertainment,64,Sector
13/05/2021,"Pubs, restaurants, and fast food",45,Sector
14/05/2021,Retail,122,Sector
14/05/2021,Travel and accomodation,53,Sector
14/05/2021,Automotive Fuel,97,Sector
14/05/2021,Food and Drink,103,Sector
14/05/2021,Entertainment,63,Sector
14/05/2021,"Pubs, restaurants, and fast food",46,Sector
15/05/2021,Retail,120,Sector
15/05/2021,Travel and accomodation,52,Sector
15/05/2021,Automotive Fuel,97,Sector
15/05/2021,Food and Drink,102,Sector
15/05/2021,Entertainment,62,Sector
15/05/2021,"Pubs, restaurants, and fast food",46,Sector
16/05/2021,Retail,119,Sector
16/05/2021,Travel and accomodation,52,Sector
16/05/2021,Automotive Fuel,97,Sector
16/05/2021,Food and Drink,102,Sector
16/05/2021,Entertainment,62,Sector
16/05/2021,"Pubs, restaurants, and fast food",46,Sector
17/05/2021,Retail,117,Sector
17/05/2021,Travel and accomodation,51,Sector
17/05/2021,Automotive Fuel,97,Sector
17/05/2021,Food and Drink,101,Sector
17/05/2021,Entertainment,62,Sector
17/05/2021,"Pubs, restaurants, and fast food",47,Sector
18/05/2021,Retail,113,Sector
18/05/2021,Travel and accomodation,51,Sector
18/05/2021,Automotive Fuel,97,Sector
18/05/2021,Food and Drink,101,Sector
18/05/2021,Entertainment,62,Sector
18/05/2021,"Pubs, restaurants, and fast food",48,Sector
19/05/2021,Retail,112,Sector
19/05/2021,Travel and accomodation,53,Sector
19/05/2021,Automotive Fuel,97,Sector
19/05/2021,Food and Drink,100,Sector
19/05/2021,Entertainment,61,Sector
19/05/2021,"Pubs, restaurants, and fast food",49,Sector
20/05/2021,Retail,111,Sector
20/05/2021,Travel and accomodation,53,Sector
20/05/2021,Automotive Fuel,97,Sector
20/05/2021,Food and Drink,99,Sector
20/05/2021,Entertainment,60,Sector
20/05/2021,"Pubs, restaurants, and fast food",50,Sector
21/05/2021,Retail,111,Sector
21/05/2021,Travel and accomodation,54,Sector
21/05/2021,Automotive Fuel,97,Sector
21/05/2021,Food and Drink,98,Sector
21/05/2021,Entertainment,61,Sector
21/05/2021,"Pubs, restaurants, and fast food",52,Sector
22/05/2021,Retail,110,Sector
22/05/2021,Travel and accomodation,54,Sector
22/05/2021,Automotive Fuel,98,Sector
22/05/2021,Food and Drink,97,Sector
22/05/2021,Entertainment,62,Sector
22/05/2021,"Pubs, restaurants, and fast food",55,Sector
23/05/2021,Retail,109,Sector
23/05/2021,Travel and accomodation,55,Sector
23/05/2021,Automotive Fuel,98,Sector
23/05/2021,Food and Drink,97,Sector
23/05/2021,Entertainment,62,Sector
23/05/2021,"Pubs, restaurants, and fast food",56,Sector
24/05/2021,Retail,110,Sector
24/05/2021,Travel and accomodation,55,Sector
24/05/2021,Automotive Fuel,98,Sector
24/05/2021,Food and Drink,97,Sector
24/05/2021,Entertainment,62,Sector
24/05/2021,"Pubs, restaurants, and fast food",56,Sector
25/05/2021,Retail,112,Sector
25/05/2021,Travel and accomodation,55,Sector
25/05/2021,Automotive Fuel,98,Sector
25/05/2021,Food and Drink,97,Sector
25/05/2021,Entertainment,61,Sector
25/05/2021,"Pubs, restaurants, and fast food",57,Sector
26/05/2021,Retail,112,Sector
26/05/2021,Travel and accomodation,53,Sector
26/05/2021,Automotive Fuel,99,Sector
26/05/2021,Food and Drink,98,Sector
26/05/2021,Entertainment,63,Sector
26/05/2021,"Pubs, restaurants, and fast food",57,Sector
27/05/2021,Retail,114,Sector
27/05/2021,Travel and accomodation,52,Sector
27/05/2021,Automotive Fuel,101,Sector
27/05/2021,Food and Drink,98,Sector
27/05/2021,Entertainment,65,Sector
27/05/2021,"Pubs, restaurants, and fast food",58,Sector
28/05/2021,Retail,118,Sector
28/05/2021,Travel and accomodation,53,Sector
28/05/2021,Automotive Fuel,103,Sector
28/05/2021,Food and Drink,99,Sector
28/05/2021,Entertainment,67,Sector
28/05/2021,"Pubs, restaurants, and fast food",60,Sector
29/05/2021,Retail,120,Sector
29/05/2021,Travel and accomodation,54,Sector
29/05/2021,Automotive Fuel,105,Sector
29/05/2021,Food and Drink,100,Sector
29/05/2021,Entertainment,68,Sector
29/05/2021,"Pubs, restaurants, and fast food",61,Sector
30/05/2021,Retail,121,Sector
30/05/2021,Travel and accomodation,53,Sector
30/05/2021,Automotive Fuel,108,Sector
30/05/2021,Food and Drink,102,Sector
30/05/2021,Entertainment,68,Sector
30/05/2021,"Pubs, restaurants, and fast food",65,Sector
31/05/2021,Retail,120,Sector
31/05/2021,Travel and accomodation,54,Sector
31/05/2021,Automotive Fuel,111,Sector
31/05/2021,Food and Drink,104,Sector
31/05/2021,Entertainment,70,Sector
31/05/2021,"Pubs, restaurants, and fast food",69,Sector
01/06/2021,Retail,123,Sector
01/06/2021,Travel and accomodation,55,Sector
01/06/2021,Automotive Fuel,114,Sector
01/06/2021,Food and Drink,106,Sector
01/06/2021,Entertainment,73,Sector
01/06/2021,"Pubs, restaurants, and fast food",70,Sector
02/06/2021,Retail,124,Sector
02/06/2021,Travel and accomodation,55,Sector
02/06/2021,Automotive Fuel,115,Sector
02/06/2021,Food and Drink,107,Sector
02/06/2021,Entertainment,73,Sector
02/06/2021,"Pubs, restaurants, and fast food",71,Sector
03/06/2021,Retail,124,Sector
03/06/2021,Travel and accomodation,56,Sector
03/06/2021,Automotive Fuel,115,Sector
03/06/2021,Food and Drink,108,Sector
03/06/2021,Entertainment,73,Sector
03/06/2021,"Pubs, restaurants, and fast food",71,Sector
04/06/2021,Retail,121,Sector
04/06/2021,Travel and accomodation,55,Sector
04/06/2021,Automotive Fuel,114,Sector
04/06/2021,Food and Drink,108,Sector
04/06/2021,Entertainment,73,Sector
04/06/2021,"Pubs, restaurants, and fast food",71,Sector
05/06/2021,Retail,120,Sector
05/06/2021,Travel and accomodation,56,Sector
05/06/2021,Automotive Fuel,113,Sector
05/06/2021,Food and Drink,108,Sector
05/06/2021,Entertainment,72,Sector
05/06/2021,"Pubs, restaurants, and fast food",71,Sector
06/06/2021,Retail,121,Sector
06/06/2021,Travel and accomodation,56,Sector
06/06/2021,Automotive Fuel,112,Sector
06/06/2021,Food and Drink,107,Sector
06/06/2021,Entertainment,72,Sector
06/06/2021,"Pubs, restaurants, and fast food",69,Sector
07/06/2021,Retail,122,Sector
07/06/2021,Travel and accomodation,56,Sector
07/06/2021,Automotive Fuel,110,Sector
07/06/2021,Food and Drink,107,Sector
07/06/2021,Entertainment,71,Sector
07/06/2021,"Pubs, restaurants, and fast food",66,Sector
08/06/2021,Retail,119,Sector
08/06/2021,Travel and accomodation,54,Sector
08/06/2021,Automotive Fuel,108,Sector
08/06/2021,Food and Drink,106,Sector
08/06/2021,Entertainment,69,Sector
08/06/2021,"Pubs, restaurants, and fast food",65,Sector
09/06/2021,Retail,119,Sector
09/06/2021,Travel and accomodation,54,Sector
09/06/2021,Automotive Fuel,108,Sector
09/06/2021,Food and Drink,105,Sector
09/06/2021,Entertainment,68,Sector
09/06/2021,"Pubs, restaurants, and fast food",65,Sector
10/06/2021,Retail,118,Sector
10/06/2021,Travel and accomodation,53,Sector
10/06/2021,Automotive Fuel,109,Sector
10/06/2021,Food and Drink,105,Sector
10/06/2021,Entertainment,67,Sector
10/06/2021,"Pubs, restaurants, and fast food",65,Sector
11/06/2021,Retail,118,Sector
11/06/2021,Travel and accomodation,53,Sector
11/06/2021,Automotive Fuel,109,Sector
11/06/2021,Food and Drink,105,Sector
11/06/2021,Entertainment,67,Sector
11/06/2021,"Pubs, restaurants, and fast food",65,Sector
12/06/2021,Retail,117,Sector
12/06/2021,Travel and accomodation,52,Sector
12/06/2021,Automotive Fuel,109,Sector
12/06/2021,Food and Drink,105,Sector
12/06/2021,Entertainment,67,Sector
12/06/2021,"Pubs, restaurants, and fast food",65,Sector
13/06/2021,Retail,116,Sector
13/06/2021,Travel and accomodation,52,Sector
13/06/2021,Automotive Fuel,109,Sector
13/06/2021,Food and Drink,105,Sector
13/06/2021,Entertainment,68,Sector
13/06/2021,"Pubs, restaurants, and fast food",65,Sector
14/06/2021,Retail,115,Sector
14/06/2021,Travel and accomodation,53,Sector
14/06/2021,Automotive Fuel,110,Sector
14/06/2021,Food and Drink,105,Sector
14/06/2021,Entertainment,68,Sector
14/06/2021,"Pubs, restaurants, and fast food",65,Sector
15/06/2021,Retail,115,Sector
15/06/2021,Travel and accomodation,53,Sector
15/06/2021,Automotive Fuel,110,Sector
15/06/2021,Food and Drink,105,Sector
15/06/2021,Entertainment,69,Sector
15/06/2021,"Pubs, restaurants, and fast food",65,Sector
16/06/2021,Retail,114,Sector
16/06/2021,Travel and accomodation,53,Sector
16/06/2021,Automotive Fuel,110,Sector
16/06/2021,Food and Drink,104,Sector
16/06/2021,Entertainment,70,Sector
16/06/2021,"Pubs, restaurants, and fast food",65,Sector
17/06/2021,Retail,114,Sector
17/06/2021,Travel and accomodation,53,Sector
17/06/2021,Automotive Fuel,110,Sector
17/06/2021,Food and Drink,104,Sector
17/06/2021,Entertainment,72,Sector
17/06/2021,"Pubs, restaurants, and fast food",65,Sector
18/06/2021,Retail,114,Sector
18/06/2021,Travel and accomodation,53,Sector
18/06/2021,Automotive Fuel,110,Sector
18/06/2021,Food and Drink,104,Sector
18/06/2021,Entertainment,71,Sector
18/06/2021,"Pubs, restaurants, and fast food",64,Sector
19/06/2021,Retail,114,Sector
19/06/2021,Travel and accomodation,53,Sector
19/06/2021,Automotive Fuel,110,Sector
19/06/2021,Food and Drink,103,Sector
19/06/2021,Entertainment,71,Sector
19/06/2021,"Pubs, restaurants, and fast food",64,Sector
20/06/2021,Retail,115,Sector
20/06/2021,Travel and accomodation,53,Sector
20/06/2021,Automotive Fuel,109,Sector
20/06/2021,Food and Drink,102,Sector
20/06/2021,Entertainment,70,Sector
20/06/2021,"Pubs, restaurants, and fast food",64,Sector
21/06/2021,Retail,116,Sector
21/06/2021,Travel and accomodation,53,Sector
21/06/2021,Automotive Fuel,109,Sector
21/06/2021,Food and Drink,101,Sector
21/06/2021,Entertainment,69,Sector
21/06/2021,"Pubs, restaurants, and fast food",64,Sector
22/06/2021,Retail,117,Sector
22/06/2021,Travel and accomodation,53,Sector
22/06/2021,Automotive Fuel,109,Sector
22/06/2021,Food and Drink,100,Sector
22/06/2021,Entertainment,68,Sector
22/06/2021,"Pubs, restaurants, and fast food",64,Sector
23/06/2021,Retail,116,Sector
23/06/2021,Travel and accomodation,53,Sector
23/06/2021,Automotive Fuel,109,Sector
23/06/2021,Food and Drink,101,Sector
23/06/2021,Entertainment,67,Sector
23/06/2021,"Pubs, restaurants, and fast food",64,Sector
24/06/2021,Retail,116,Sector
24/06/2021,Travel and accomodation,54,Sector
24/06/2021,Automotive Fuel,109,Sector
24/06/2021,Food and Drink,101,Sector
24/06/2021,Entertainment,66,Sector
24/06/2021,"Pubs, restaurants, and fast food",64,Sector
25/06/2021,Retail,118,Sector
25/06/2021,Travel and accomodation,56,Sector
25/06/2021,Automotive Fuel,110,Sector
25/06/2021,Food and Drink,100,Sector
25/06/2021,Entertainment,67,Sector
25/06/2021,"Pubs, restaurants, and fast food",65,Sector
26/06/2021,Retail,119,Sector
26/06/2021,Travel and accomodation,56,Sector
26/06/2021,Automotive Fuel,111,Sector
26/06/2021,Food and Drink,100,Sector
26/06/2021,Entertainment,68,Sector
26/06/2021,"Pubs, restaurants, and fast food",66,Sector
27/06/2021,Retail,119,Sector
27/06/2021,Travel and accomodation,58,Sector
27/06/2021,Automotive Fuel,112,Sector
27/06/2021,Food and Drink,101,Sector
27/06/2021,Entertainment,71,Sector
27/06/2021,"Pubs, restaurants, and fast food",66,Sector
28/06/2021,Retail,118,Sector
28/06/2021,Travel and accomodation,58,Sector
28/06/2021,Automotive Fuel,112,Sector
28/06/2021,Food and Drink,101,Sector
28/06/2021,Entertainment,76,Sector
28/06/2021,"Pubs, restaurants, and fast food",66,Sector
29/06/2021,Retail,119,Sector
29/06/2021,Travel and accomodation,59,Sector
29/06/2021,Automotive Fuel,113,Sector
29/06/2021,Food and Drink,101,Sector
29/06/2021,Entertainment,79,Sector
29/06/2021,"Pubs, restaurants, and fast food",67,Sector
30/06/2021,Retail,123,Sector
30/06/2021,Travel and accomodation,61,Sector
30/06/2021,Automotive Fuel,114,Sector
30/06/2021,Food and Drink,102,Sector
30/06/2021,Entertainment,80,Sector
30/06/2021,"Pubs, restaurants, and fast food",67,Sector
01/07/2021,Retail,126,Sector
01/07/2021,Travel and accomodation,62,Sector
01/07/2021,Automotive Fuel,116,Sector
01/07/2021,Food and Drink,103,Sector
01/07/2021,Entertainment,84,Sector
01/07/2021,"Pubs, restaurants, and fast food",68,Sector
02/07/2021,Retail,127,Sector
02/07/2021,Travel and accomodation,61,Sector
02/07/2021,Automotive Fuel,117,Sector
02/07/2021,Food and Drink,104,Sector
02/07/2021,Entertainment,85,Sector
02/07/2021,"Pubs, restaurants, and fast food",69,Sector
03/07/2021,Retail,128,Sector
03/07/2021,Travel and accomodation,62,Sector
03/07/2021,Automotive Fuel,118,Sector
03/07/2021,Food and Drink,105,Sector
03/07/2021,Entertainment,86,Sector
03/07/2021,"Pubs, restaurants, and fast food",70,Sector
04/07/2021,Retail,130,Sector
04/07/2021,Travel and accomodation,63,Sector
04/07/2021,Automotive Fuel,118,Sector
04/07/2021,Food and Drink,106,Sector
04/07/2021,Entertainment,86,Sector
04/07/2021,"Pubs, restaurants, and fast food",70,Sector
05/07/2021,Retail,131,Sector
05/07/2021,Travel and accomodation,64,Sector
05/07/2021,Automotive Fuel,119,Sector
05/07/2021,Food and Drink,107,Sector
05/07/2021,Entertainment,83,Sector
05/07/2021,"Pubs, restaurants, and fast food",71,Sector
06/07/2021,Retail,132,Sector
06/07/2021,Travel and accomodation,64,Sector
06/07/2021,Automotive Fuel,120,Sector
06/07/2021,Food and Drink,107,Sector
06/07/2021,Entertainment,84,Sector
06/07/2021,"Pubs, restaurants, and fast food",71,Sector
07/07/2021,Retail,128,Sector
07/07/2021,Travel and accomodation,64,Sector
07/07/2021,Automotive Fuel,119,Sector
07/07/2021,Food and Drink,108,Sector
07/07/2021,Entertainment,85,Sector
07/07/2021,"Pubs, restaurants, and fast food",72,Sector
08/07/2021,Retail,126,Sector
08/07/2021,Travel and accomodation,66,Sector
08/07/2021,Automotive Fuel,119,Sector
08/07/2021,Food and Drink,107,Sector
08/07/2021,Entertainment,83,Sector
08/07/2021,"Pubs, restaurants, and fast food",72,Sector
09/07/2021,Retail,125,Sector
09/07/2021,Travel and accomodation,67,Sector
09/07/2021,Automotive Fuel,120,Sector
09/07/2021,Food and Drink,107,Sector
09/07/2021,Entertainment,85,Sector
09/07/2021,"Pubs, restaurants, and fast food",72,Sector
10/07/2021,Retail,124,Sector
10/07/2021,Travel and accomodation,68,Sector
10/07/2021,Automotive Fuel,122,Sector
10/07/2021,Food and Drink,107,Sector
10/07/2021,Entertainment,84,Sector
10/07/2021,"Pubs, restaurants, and fast food",73,Sector
11/07/2021,Retail,121,Sector
11/07/2021,Travel and accomodation,68,Sector
11/07/2021,Automotive Fuel,122,Sector
11/07/2021,Food and Drink,108,Sector
11/07/2021,Entertainment,85,Sector
11/07/2021,"Pubs, restaurants, and fast food",75,Sector
12/07/2021,Retail,119,Sector
12/07/2021,Travel and accomodation,70,Sector
12/07/2021,Automotive Fuel,123,Sector
12/07/2021,Food and Drink,108,Sector
12/07/2021,Entertainment,83,Sector
12/07/2021,"Pubs, restaurants, and fast food",75,Sector
13/07/2021,Retail,119,Sector
13/07/2021,Travel and accomodation,71,Sector
13/07/2021,Automotive Fuel,125,Sector
13/07/2021,Food and Drink,109,Sector
13/07/2021,Entertainment,81,Sector
13/07/2021,"Pubs, restaurants, and fast food",76,Sector
14/07/2021,Retail,120,Sector
14/07/2021,Travel and accomodation,71,Sector
14/07/2021,Automotive Fuel,126,Sector
14/07/2021,Food and Drink,109,Sector
14/07/2021,Entertainment,78,Sector
14/07/2021,"Pubs, restaurants, and fast food",76,Sector
15/07/2021,Retail,121,Sector
15/07/2021,Travel and accomodation,71,Sector
15/07/2021,Automotive Fuel,127,Sector
15/07/2021,Food and Drink,109,Sector
15/07/2021,Entertainment,77,Sector
15/07/2021,"Pubs, restaurants, and fast food",76,Sector
16/07/2021,Retail,121,Sector
16/07/2021,Travel and accomodation,72,Sector
16/07/2021,Automotive Fuel,129,Sector
16/07/2021,Food and Drink,110,Sector
16/07/2021,Entertainment,73,Sector
16/07/2021,"Pubs, restaurants, and fast food",77,Sector
17/07/2021,Retail,120,Sector
17/07/2021,Travel and accomodation,73,Sector
17/07/2021,Automotive Fuel,132,Sector
17/07/2021,Food and Drink,111,Sector
17/07/2021,Entertainment,71,Sector
17/07/2021,"Pubs, restaurants, and fast food",78,Sector
18/07/2021,Retail,120,Sector
18/07/2021,Travel and accomodation,73,Sector
18/07/2021,Automotive Fuel,135,Sector
18/07/2021,Food and Drink,110,Sector
18/07/2021,Entertainment,68,Sector
18/07/2021,"Pubs, restaurants, and fast food",77,Sector
19/07/2021,Retail,122,Sector
19/07/2021,Travel and accomodation,74,Sector
19/07/2021,Automotive Fuel,138,Sector
19/07/2021,Food and Drink,113,Sector
19/07/2021,Entertainment,68,Sector
19/07/2021,"Pubs, restaurants, and fast food",79,Sector
20/07/2021,Retail,121,Sector
20/07/2021,Travel and accomodation,74,Sector
20/07/2021,Automotive Fuel,140,Sector
20/07/2021,Food and Drink,113,Sector
20/07/2021,Entertainment,67,Sector
20/07/2021,"Pubs, restaurants, and fast food",80,Sector
21/07/2021,Retail,121,Sector
21/07/2021,Travel and accomodation,75,Sector
21/07/2021,Automotive Fuel,142,Sector
21/07/2021,Food and Drink,114,Sector
21/07/2021,Entertainment,67,Sector
21/07/2021,"Pubs, restaurants, and fast food",80,Sector
22/07/2021,Retail,119,Sector
22/07/2021,Travel and accomodation,76,Sector
22/07/2021,Automotive Fuel,145,Sector
22/07/2021,Food and Drink,115,Sector
22/07/2021,Entertainment,67,Sector
22/07/2021,"Pubs, restaurants, and fast food",82,Sector
23/07/2021,Retail,120,Sector
23/07/2021,Travel and accomodation,76,Sector
23/07/2021,Automotive Fuel,146,Sector
23/07/2021,Food and Drink,115,Sector
23/07/2021,Entertainment,67,Sector
23/07/2021,"Pubs, restaurants, and fast food",83,Sector
24/07/2021,Retail,121,Sector
24/07/2021,Travel and accomodation,77,Sector
24/07/2021,Automotive Fuel,146,Sector
24/07/2021,Food and Drink,114,Sector
24/07/2021,Entertainment,69,Sector
24/07/2021,"Pubs, restaurants, and fast food",84,Sector
25/07/2021,Retail,122,Sector
25/07/2021,Travel and accomodation,78,Sector
25/07/2021,Automotive Fuel,147,Sector
25/07/2021,Food and Drink,114,Sector
25/07/2021,Entertainment,71,Sector
25/07/2021,"Pubs, restaurants, and fast food",84,Sector
26/07/2021,Retail,123,Sector
26/07/2021,Travel and accomodation,79,Sector
26/07/2021,Automotive Fuel,147,Sector
26/07/2021,Food and Drink,113,Sector
26/07/2021,Entertainment,71,Sector
26/07/2021,"Pubs, restaurants, and fast food",85,Sector
27/07/2021,Retail,125,Sector
27/07/2021,Travel and accomodation,80,Sector
27/07/2021,Automotive Fuel,147,Sector
27/07/2021,Food and Drink,113,Sector
27/07/2021,Entertainment,72,Sector
27/07/2021,"Pubs, restaurants, and fast food",85,Sector
28/07/2021,Retail,127,Sector
28/07/2021,Travel and accomodation,80,Sector
28/07/2021,Automotive Fuel,147,Sector
28/07/2021,Food and Drink,113,Sector
28/07/2021,Entertainment,73,Sector
28/07/2021,"Pubs, restaurants, and fast food",86,Sector
29/07/2021,Retail,130,Sector
29/07/2021,Travel and accomodation,81,Sector
29/07/2021,Automotive Fuel,147,Sector
29/07/2021,Food and Drink,112,Sector
29/07/2021,Entertainment,74,Sector
29/07/2021,"Pubs, restaurants, and fast food",87,Sector
30/07/2021,Retail,134,Sector
30/07/2021,Travel and accomodation,82,Sector
30/07/2021,Automotive Fuel,147,Sector
30/07/2021,Food and Drink,112,Sector
30/07/2021,Entertainment,76,Sector
30/07/2021,"Pubs, restaurants, and fast food",88,Sector
31/07/2021,Retail,136,Sector
31/07/2021,Travel and accomodation,84,Sector
31/07/2021,Automotive Fuel,148,Sector
31/07/2021,Food and Drink,113,Sector
31/07/2021,Entertainment,76,Sector
31/07/2021,"Pubs, restaurants, and fast food",89,Sector
01/08/2021,Retail,138,Sector
01/08/2021,Travel and accomodation,85,Sector
01/08/2021,Automotive Fuel,149,Sector
01/08/2021,Food and Drink,114,Sector
01/08/2021,Entertainment,77,Sector
01/08/2021,"Pubs, restaurants, and fast food",91,Sector
02/08/2021,Retail,139,Sector
02/08/2021,Travel and accomodation,86,Sector
02/08/2021,Automotive Fuel,150,Sector
02/08/2021,Food and Drink,115,Sector
02/08/2021,Entertainment,79,Sector
02/08/2021,"Pubs, restaurants, and fast food",92,Sector
03/08/2021,Retail,140,Sector
03/08/2021,Travel and accomodation,88,Sector
03/08/2021,Automotive Fuel,151,Sector
03/08/2021,Food and Drink,115,Sector
03/08/2021,Entertainment,80,Sector
03/08/2021,"Pubs, restaurants, and fast food",93,Sector
04/08/2021,Retail,140,Sector
04/08/2021,Travel and accomodation,89,Sector
04/08/2021,Automotive Fuel,152,Sector
04/08/2021,Food and Drink,116,Sector
04/08/2021,Entertainment,82,Sector
04/08/2021,"Pubs, restaurants, and fast food",94,Sector
05/08/2021,Retail,141,Sector
05/08/2021,Travel and accomodation,90,Sector
05/08/2021,Automotive Fuel,152,Sector
05/08/2021,Food and Drink,117,Sector
05/08/2021,Entertainment,82,Sector
05/08/2021,"Pubs, restaurants, and fast food",95,Sector
06/08/2021,Retail,139,Sector
06/08/2021,Travel and accomodation,91,Sector
06/08/2021,Automotive Fuel,152,Sector
06/08/2021,Food and Drink,117,Sector
06/08/2021,Entertainment,82,Sector
06/08/2021,"Pubs, restaurants, and fast food",95,Sector
07/08/2021,Retail,138,Sector
07/08/2021,Travel and accomodation,92,Sector
07/08/2021,Automotive Fuel,152,Sector
07/08/2021,Food and Drink,117,Sector
07/08/2021,Entertainment,82,Sector
07/08/2021,"Pubs, restaurants, and fast food",95,Sector
08/08/2021,Retail,137,Sector
08/08/2021,Travel and accomodation,92,Sector
08/08/2021,Automotive Fuel,152,Sector
08/08/2021,Food and Drink,117,Sector
08/08/2021,Entertainment,82,Sector
08/08/2021,"Pubs, restaurants, and fast food",95,Sector
09/08/2021,Retail,136,Sector
09/08/2021,Travel and accomodation,93,Sector
09/08/2021,Automotive Fuel,152,Sector
09/08/2021,Food and Drink,116,Sector
09/08/2021,Entertainment,82,Sector
09/08/2021,"Pubs, restaurants, and fast food",96,Sector
10/08/2021,Retail,135,Sector
10/08/2021,Travel and accomodation,93,Sector
10/08/2021,Automotive Fuel,153,Sector
10/08/2021,Food and Drink,117,Sector
10/08/2021,Entertainment,81,Sector
10/08/2021,"Pubs, restaurants, and fast food",96,Sector
11/08/2021,Retail,135,Sector
11/08/2021,Travel and accomodation,94,Sector
11/08/2021,Automotive Fuel,154,Sector
11/08/2021,Food and Drink,117,Sector
11/08/2021,Entertainment,81,Sector
11/08/2021,"Pubs, restaurants, and fast food",97,Sector
12/08/2021,Retail,134,Sector
12/08/2021,Travel and accomodation,95,Sector
12/08/2021,Automotive Fuel,155,Sector
12/08/2021,Food and Drink,117,Sector
12/08/2021,Entertainment,81,Sector
12/08/2021,"Pubs, restaurants, and fast food",98,Sector
13/08/2021,Retail,133,Sector
13/08/2021,Travel and accomodation,95,Sector
13/08/2021,Automotive Fuel,156,Sector
13/08/2021,Food and Drink,117,Sector
13/08/2021,Entertainment,82,Sector
13/08/2021,"Pubs, restaurants, and fast food",98,Sector
14/08/2021,Retail,132,Sector
14/08/2021,Travel and accomodation,95,Sector
14/08/2021,Automotive Fuel,158,Sector
14/08/2021,Food and Drink,117,Sector
14/08/2021,Entertainment,83,Sector
14/08/2021,"Pubs, restaurants, and fast food",99,Sector
15/08/2021,Retail,131,Sector
15/08/2021,Travel and accomodation,95,Sector
15/08/2021,Automotive Fuel,158,Sector
15/08/2021,Food and Drink,117,Sector
15/08/2021,Entertainment,83,Sector
15/08/2021,"Pubs, restaurants, and fast food",99,Sector
16/08/2021,Retail,130,Sector
16/08/2021,Travel and accomodation,96,Sector
16/08/2021,Automotive Fuel,159,Sector
16/08/2021,Food and Drink,117,Sector
16/08/2021,Entertainment,83,Sector
16/08/2021,"Pubs, restaurants, and fast food",100,Sector
17/08/2021,Retail,130,Sector
17/08/2021,Travel and accomodation,97,Sector
17/08/2021,Automotive Fuel,159,Sector
17/08/2021,Food and Drink,117,Sector
17/08/2021,Entertainment,82,Sector
17/08/2021,"Pubs, restaurants, and fast food",100,Sector
18/08/2021,Retail,129,Sector
18/08/2021,Travel and accomodation,97,Sector
18/08/2021,Automotive Fuel,159,Sector
18/08/2021,Food and Drink,117,Sector
18/08/2021,Entertainment,82,Sector
18/08/2021,"Pubs, restaurants, and fast food",100,Sector
19/08/2021,Retail,130,Sector
19/08/2021,Travel and accomodation,98,Sector
19/08/2021,Automotive Fuel,158,Sector
19/08/2021,Food and Drink,117,Sector
19/08/2021,Entertainment,82,Sector
19/08/2021,"Pubs, restaurants, and fast food",100,Sector
20/08/2021,Retail,132,Sector
20/08/2021,Travel and accomodation,101,Sector
20/08/2021,Automotive Fuel,158,Sector
20/08/2021,Food and Drink,116,Sector
20/08/2021,Entertainment,82,Sector
20/08/2021,"Pubs, restaurants, and fast food",100,Sector
21/08/2021,Retail,132,Sector
21/08/2021,Travel and accomodation,100,Sector
21/08/2021,Automotive Fuel,157,Sector
21/08/2021,Food and Drink,116,Sector
21/08/2021,Entertainment,81,Sector
21/08/2021,"Pubs, restaurants, and fast food",100,Sector
22/08/2021,Retail,132,Sector
22/08/2021,Travel and accomodation,100,Sector
22/08/2021,Automotive Fuel,157,Sector
22/08/2021,Food and Drink,116,Sector
22/08/2021,Entertainment,82,Sector
22/08/2021,"Pubs, restaurants, and fast food",101,Sector
23/08/2021,Retail,133,Sector
23/08/2021,Travel and accomodation,101,Sector
23/08/2021,Automotive Fuel,156,Sector
23/08/2021,Food and Drink,116,Sector
23/08/2021,Entertainment,81,Sector
23/08/2021,"Pubs, restaurants, and fast food",101,Sector
24/08/2021,Retail,133,Sector
24/08/2021,Travel and accomodation,102,Sector
24/08/2021,Automotive Fuel,156,Sector
24/08/2021,Food and Drink,115,Sector
24/08/2021,Entertainment,81,Sector
24/08/2021,"Pubs, restaurants, and fast food",101,Sector
25/08/2021,Retail,135,Sector
25/08/2021,Travel and accomodation,102,Sector
25/08/2021,Automotive Fuel,157,Sector
25/08/2021,Food and Drink,116,Sector
25/08/2021,Entertainment,82,Sector
25/08/2021,"Pubs, restaurants, and fast food",101,Sector
26/08/2021,Retail,136,Sector
26/08/2021,Travel and accomodation,103,Sector
26/08/2021,Automotive Fuel,157,Sector
26/08/2021,Food and Drink,116,Sector
26/08/2021,Entertainment,82,Sector
26/08/2021,"Pubs, restaurants, and fast food",101,Sector
27/08/2021,Retail,138,Sector
27/08/2021,Travel and accomodation,104,Sector
27/08/2021,Automotive Fuel,158,Sector
27/08/2021,Food and Drink,116,Sector
27/08/2021,Entertainment,83,Sector
27/08/2021,"Pubs, restaurants, and fast food",101,Sector
28/08/2021,Retail,141,Sector
28/08/2021,Travel and accomodation,104,Sector
28/08/2021,Automotive Fuel,159,Sector
28/08/2021,Food and Drink,117,Sector
28/08/2021,Entertainment,85,Sector
28/08/2021,"Pubs, restaurants, and fast food",102,Sector
29/08/2021,Retail,142,Sector
29/08/2021,Travel and accomodation,104,Sector
29/08/2021,Automotive Fuel,159,Sector
29/08/2021,Food and Drink,117,Sector
29/08/2021,Entertainment,87,Sector
29/08/2021,"Pubs, restaurants, and fast food",105,Sector
30/08/2021,Retail,145,Sector
30/08/2021,Travel and accomodation,104,Sector
30/08/2021,Automotive Fuel,160,Sector
30/08/2021,Food and Drink,117,Sector
30/08/2021,Entertainment,88,Sector
30/08/2021,"Pubs, restaurants, and fast food",106,Sector
31/08/2021,Retail,148,Sector
31/08/2021,Travel and accomodation,105,Sector
31/08/2021,Automotive Fuel,160,Sector
31/08/2021,Food and Drink,117,Sector
31/08/2021,Entertainment,89,Sector
31/08/2021,"Pubs, restaurants, and fast food",105,Sector
01/09/2021,Retail,150,Sector
01/09/2021,Travel and accomodation,105,Sector
01/09/2021,Automotive Fuel,158,Sector
01/09/2021,Food and Drink,117,Sector
01/09/2021,Entertainment,89,Sector
01/09/2021,"Pubs, restaurants, and fast food",104,Sector
02/09/2021,Retail,151,Sector
02/09/2021,Travel and accomodation,103,Sector
02/09/2021,Automotive Fuel,156,Sector
02/09/2021,Food and Drink,117,Sector
02/09/2021,Entertainment,89,Sector
02/09/2021,"Pubs, restaurants, and fast food",102,Sector
03/09/2021,Retail,148,Sector
03/09/2021,Travel and accomodation,102,Sector
03/09/2021,Automotive Fuel,153,Sector
03/09/2021,Food and Drink,116,Sector
03/09/2021,Entertainment,88,Sector
03/09/2021,"Pubs, restaurants, and fast food",100,Sector
04/09/2021,Retail,148,Sector
04/09/2021,Travel and accomodation,100,Sector
04/09/2021,Automotive Fuel,150,Sector
04/09/2021,Food and Drink,116,Sector
04/09/2021,Entertainment,86,Sector
04/09/2021,"Pubs, restaurants, and fast food",98,Sector
05/09/2021,Retail,147,Sector
05/09/2021,Travel and accomodation,100,Sector
05/09/2021,Automotive Fuel,148,Sector
05/09/2021,Food and Drink,116,Sector
05/09/2021,Entertainment,84,Sector
05/09/2021,"Pubs, restaurants, and fast food",95,Sector
06/09/2021,Retail,145,Sector
06/09/2021,Travel and accomodation,99,Sector
06/09/2021,Automotive Fuel,144,Sector
06/09/2021,Food and Drink,116,Sector
06/09/2021,Entertainment,83,Sector
06/09/2021,"Pubs, restaurants, and fast food",92,Sector
07/09/2021,Retail,141,Sector
07/09/2021,Travel and accomodation,103,Sector
07/09/2021,Automotive Fuel,142,Sector
07/09/2021,Food and Drink,115,Sector
07/09/2021,Entertainment,83,Sector
07/09/2021,"Pubs, restaurants, and fast food",91,Sector
08/09/2021,Retail,137,Sector
08/09/2021,Travel and accomodation,104,Sector
08/09/2021,Automotive Fuel,140,Sector
08/09/2021,Food and Drink,115,Sector
08/09/2021,Entertainment,82,Sector
08/09/2021,"Pubs, restaurants, and fast food",91,Sector
09/09/2021,Retail,135,Sector
09/09/2021,Travel and accomodation,105,Sector
09/09/2021,Automotive Fuel,139,Sector
09/09/2021,Food and Drink,114,Sector
09/09/2021,Entertainment,80,Sector
09/09/2021,"Pubs, restaurants, and fast food",91,Sector
10/09/2021,Retail,134,Sector
10/09/2021,Travel and accomodation,105,Sector
10/09/2021,Automotive Fuel,138,Sector
10/09/2021,Food and Drink,114,Sector
10/09/2021,Entertainment,80,Sector
10/09/2021,"Pubs, restaurants, and fast food",91,Sector
11/09/2021,Retail,133,Sector
11/09/2021,Travel and accomodation,105,Sector
11/09/2021,Automotive Fuel,137,Sector
11/09/2021,Food and Drink,114,Sector
11/09/2021,Entertainment,81,Sector
11/09/2021,"Pubs, restaurants, and fast food",92,Sector
12/09/2021,Retail,133,Sector
12/09/2021,Travel and accomodation,104,Sector
12/09/2021,Automotive Fuel,135,Sector
12/09/2021,Food and Drink,113,Sector
12/09/2021,Entertainment,81,Sector
12/09/2021,"Pubs, restaurants, and fast food",92,Sector
13/09/2021,Retail,133,Sector
13/09/2021,Travel and accomodation,103,Sector
13/09/2021,Automotive Fuel,134,Sector
13/09/2021,Food and Drink,112,Sector
13/09/2021,Entertainment,81,Sector
13/09/2021,"Pubs, restaurants, and fast food",91,Sector
14/09/2021,Retail,133,Sector
14/09/2021,Travel and accomodation,97,Sector
14/09/2021,Automotive Fuel,132,Sector
14/09/2021,Food and Drink,111,Sector
14/09/2021,Entertainment,81,Sector
14/09/2021,"Pubs, restaurants, and fast food",91,Sector
15/09/2021,Retail,134,Sector
15/09/2021,Travel and accomodation,94,Sector
15/09/2021,Automotive Fuel,132,Sector
15/09/2021,Food and Drink,111,Sector
15/09/2021,Entertainment,81,Sector
15/09/2021,"Pubs, restaurants, and fast food",90,Sector
16/09/2021,Retail,133,Sector
16/09/2021,Travel and accomodation,92,Sector
16/09/2021,Automotive Fuel,131,Sector
16/09/2021,Food and Drink,110,Sector
16/09/2021,Entertainment,82,Sector
16/09/2021,"Pubs, restaurants, and fast food",90,Sector
17/09/2021,Retail,134,Sector
17/09/2021,Travel and accomodation,91,Sector
17/09/2021,Automotive Fuel,130,Sector
17/09/2021,Food and Drink,110,Sector
17/09/2021,Entertainment,83,Sector
17/09/2021,"Pubs, restaurants, and fast food",90,Sector
18/09/2021,Retail,134,Sector
18/09/2021,Travel and accomodation,91,Sector
18/09/2021,Automotive Fuel,129,Sector
18/09/2021,Food and Drink,110,Sector
18/09/2021,Entertainment,83,Sector
18/09/2021,"Pubs, restaurants, and fast food",90,Sector
19/09/2021,Retail,135,Sector
19/09/2021,Travel and accomodation,91,Sector
19/09/2021,Automotive Fuel,128,Sector
19/09/2021,Food and Drink,110,Sector
19/09/2021,Entertainment,83,Sector
19/09/2021,"Pubs, restaurants, and fast food",90,Sector
20/09/2021,Retail,136,Sector
20/09/2021,Travel and accomodation,95,Sector
20/09/2021,Automotive Fuel,128,Sector
20/09/2021,Food and Drink,110,Sector
20/09/2021,Entertainment,83,Sector
20/09/2021,"Pubs, restaurants, and fast food",90,Sector
21/09/2021,Retail,135,Sector
21/09/2021,Travel and accomodation,97,Sector
21/09/2021,Automotive Fuel,127,Sector
21/09/2021,Food and Drink,109,Sector
21/09/2021,Entertainment,82,Sector
21/09/2021,"Pubs, restaurants, and fast food",90,Sector
22/09/2021,Retail,135,Sector
22/09/2021,Travel and accomodation,98,Sector
22/09/2021,Automotive Fuel,126,Sector
22/09/2021,Food and Drink,109,Sector
22/09/2021,Entertainment,81,Sector
22/09/2021,"Pubs, restaurants, and fast food",90,Sector
23/09/2021,Retail,135,Sector
23/09/2021,Travel and accomodation,100,Sector
23/09/2021,Automotive Fuel,126,Sector
23/09/2021,Food and Drink,109,Sector
23/09/2021,Entertainment,81,Sector
23/09/2021,"Pubs, restaurants, and fast food",90,Sector
24/09/2021,Retail,136,Sector
24/09/2021,Travel and accomodation,102,Sector
24/09/2021,Automotive Fuel,131,Sector
24/09/2021,Food and Drink,110,Sector
24/09/2021,Entertainment,82,Sector
24/09/2021,"Pubs, restaurants, and fast food",90,Sector
25/09/2021,Retail,137,Sector
25/09/2021,Travel and accomodation,102,Sector
25/09/2021,Automotive Fuel,134,Sector
25/09/2021,Food and Drink,110,Sector
25/09/2021,Entertainment,84,Sector
25/09/2021,"Pubs, restaurants, and fast food",90,Sector
26/09/2021,Retail,137,Sector
26/09/2021,Travel and accomodation,102,Sector
26/09/2021,Automotive Fuel,135,Sector
26/09/2021,Food and Drink,110,Sector
26/09/2021,Entertainment,84,Sector
26/09/2021,"Pubs, restaurants, and fast food",90,Sector
27/09/2021,Retail,139,Sector
27/09/2021,Travel and accomodation,98,Sector
27/09/2021,Automotive Fuel,136,Sector
27/09/2021,Food and Drink,110,Sector
27/09/2021,Entertainment,85,Sector
27/09/2021,"Pubs, restaurants, and fast food",90,Sector
28/09/2021,Retail,141,Sector
28/09/2021,Travel and accomodation,96,Sector
28/09/2021,Automotive Fuel,137,Sector
28/09/2021,Food and Drink,110,Sector
28/09/2021,Entertainment,87,Sector
28/09/2021,"Pubs, restaurants, and fast food",89,Sector
29/09/2021,Retail,145,Sector
29/09/2021,Travel and accomodation,96,Sector
29/09/2021,Automotive Fuel,137,Sector
29/09/2021,Food and Drink,111,Sector
29/09/2021,Entertainment,88,Sector
29/09/2021,"Pubs, restaurants, and fast food",89,Sector
30/09/2021,Retail,149,Sector
30/09/2021,Travel and accomodation,97,Sector
30/09/2021,Automotive Fuel,137,Sector
30/09/2021,Food and Drink,111,Sector
30/09/2021,Entertainment,91,Sector
30/09/2021,"Pubs, restaurants, and fast food",89,Sector
01/10/2021,Retail,151,Sector
01/10/2021,Travel and accomodation,96,Sector
01/10/2021,Automotive Fuel,131,Sector
01/10/2021,Food and Drink,111,Sector
01/10/2021,Entertainment,93,Sector
01/10/2021,"Pubs, restaurants, and fast food",88,Sector
02/10/2021,Retail,153,Sector
02/10/2021,Travel and accomodation,96,Sector
02/10/2021,Automotive Fuel,126,Sector
02/10/2021,Food and Drink,112,Sector
02/10/2021,Entertainment,91,Sector
02/10/2021,"Pubs, restaurants, and fast food",88,Sector
03/10/2021,Retail,154,Sector
03/10/2021,Travel and accomodation,96,Sector
03/10/2021,Automotive Fuel,124,Sector
03/10/2021,Food and Drink,112,Sector
03/10/2021,Entertainment,92,Sector
03/10/2021,"Pubs, restaurants, and fast food",88,Sector
04/10/2021,Retail,154,Sector
04/10/2021,Travel and accomodation,96,Sector
04/10/2021,Automotive Fuel,122,Sector
04/10/2021,Food and Drink,112,Sector
04/10/2021,Entertainment,93,Sector
04/10/2021,"Pubs, restaurants, and fast food",87,Sector
05/10/2021,Retail,153,Sector
05/10/2021,Travel and accomodation,97,Sector
05/10/2021,Automotive Fuel,120,Sector
05/10/2021,Food and Drink,113,Sector
05/10/2021,Entertainment,91,Sector
05/10/2021,"Pubs, restaurants, and fast food",87,Sector
06/10/2021,Retail,152,Sector
06/10/2021,Travel and accomodation,99,Sector
06/10/2021,Automotive Fuel,119,Sector
06/10/2021,Food and Drink,113,Sector
06/10/2021,Entertainment,91,Sector
06/10/2021,"Pubs, restaurants, and fast food",87,Sector
07/10/2021,Retail,148,Sector
07/10/2021,Travel and accomodation,100,Sector
07/10/2021,Automotive Fuel,118,Sector
07/10/2021,Food and Drink,112,Sector
07/10/2021,Entertainment,88,Sector
07/10/2021,"Pubs, restaurants, and fast food",86,Sector
08/10/2021,Retail,146,Sector
08/10/2021,Travel and accomodation,99,Sector
08/10/2021,Automotive Fuel,117,Sector
08/10/2021,Food and Drink,112,Sector
08/10/2021,Entertainment,86,Sector
08/10/2021,"Pubs, restaurants, and fast food",86,Sector
09/10/2021,Retail,145,Sector
09/10/2021,Travel and accomodation,100,Sector
09/10/2021,Automotive Fuel,116,Sector
09/10/2021,Food and Drink,112,Sector
09/10/2021,Entertainment,85,Sector
09/10/2021,"Pubs, restaurants, and fast food",87,Sector
10/10/2021,Retail,143,Sector
10/10/2021,Travel and accomodation,100,Sector
10/10/2021,Automotive Fuel,115,Sector
10/10/2021,Food and Drink,111,Sector
10/10/2021,Entertainment,85,Sector
10/10/2021,"Pubs, restaurants, and fast food",87,Sector
11/10/2021,Retail,142,Sector
11/10/2021,Travel and accomodation,99,Sector
11/10/2021,Automotive Fuel,115,Sector
11/10/2021,Food and Drink,111,Sector
11/10/2021,Entertainment,84,Sector
11/10/2021,"Pubs, restaurants, and fast food",87,Sector
12/10/2021,Retail,140,Sector
12/10/2021,Travel and accomodation,100,Sector
12/10/2021,Automotive Fuel,114,Sector
12/10/2021,Food and Drink,111,Sector
12/10/2021,Entertainment,85,Sector
12/10/2021,"Pubs, restaurants, and fast food",87,Sector
13/10/2021,Retail,138,Sector
13/10/2021,Travel and accomodation,99,Sector
13/10/2021,Automotive Fuel,114,Sector
13/10/2021,Food and Drink,110,Sector
13/10/2021,Entertainment,86,Sector
13/10/2021,"Pubs, restaurants, and fast food",87,Sector
14/10/2021,Retail,138,Sector
14/10/2021,Travel and accomodation,98,Sector
14/10/2021,Automotive Fuel,113,Sector
14/10/2021,Food and Drink,110,Sector
14/10/2021,Entertainment,86,Sector
14/10/2021,"Pubs, restaurants, and fast food",86,Sector
15/10/2021,Retail,136,Sector
15/10/2021,Travel and accomodation,99,Sector
15/10/2021,Automotive Fuel,113,Sector
15/10/2021,Food and Drink,110,Sector
15/10/2021,Entertainment,87,Sector
15/10/2021,"Pubs, restaurants, and fast food",86,Sector
16/10/2021,Retail,136,Sector
16/10/2021,Travel and accomodation,100,Sector
16/10/2021,Automotive Fuel,112,Sector
16/10/2021,Food and Drink,110,Sector
16/10/2021,Entertainment,87,Sector
16/10/2021,"Pubs, restaurants, and fast food",85,Sector
17/10/2021,Retail,135,Sector
17/10/2021,Travel and accomodation,102,Sector
17/10/2021,Automotive Fuel,112,Sector
17/10/2021,Food and Drink,110,Sector
17/10/2021,Entertainment,88,Sector
17/10/2021,"Pubs, restaurants, and fast food",85,Sector
18/10/2021,Retail,135,Sector
18/10/2021,Travel and accomodation,103,Sector
18/10/2021,Automotive Fuel,112,Sector
18/10/2021,Food and Drink,110,Sector
18/10/2021,Entertainment,88,Sector
18/10/2021,"Pubs, restaurants, and fast food",85,Sector
19/10/2021,Retail,135,Sector
19/10/2021,Travel and accomodation,102,Sector
19/10/2021,Automotive Fuel,112,Sector
19/10/2021,Food and Drink,110,Sector
19/10/2021,Entertainment,88,Sector
19/10/2021,"Pubs, restaurants, and fast food",85,Sector
20/10/2021,Retail,136,Sector
20/10/2021,Travel and accomodation,105,Sector
20/10/2021,Automotive Fuel,112,Sector
20/10/2021,Food and Drink,110,Sector
20/10/2021,Entertainment,88,Sector
20/10/2021,"Pubs, restaurants, and fast food",85,Sector
21/10/2021,Retail,136,Sector
21/10/2021,Travel and accomodation,107,Sector
21/10/2021,Automotive Fuel,113,Sector
21/10/2021,Food and Drink,110,Sector
21/10/2021,Entertainment,89,Sector
21/10/2021,"Pubs, restaurants, and fast food",86,Sector
22/10/2021,Retail,136,Sector
22/10/2021,Travel and accomodation,109,Sector
22/10/2021,Automotive Fuel,114,Sector
22/10/2021,Food and Drink,110,Sector
22/10/2021,Entertainment,90,Sector
22/10/2021,"Pubs, restaurants, and fast food",86,Sector
23/10/2021,Retail,136,Sector
23/10/2021,Travel and accomodation,110,Sector
23/10/2021,Automotive Fuel,115,Sector
23/10/2021,Food and Drink,110,Sector
23/10/2021,Entertainment,91,Sector
23/10/2021,"Pubs, restaurants, and fast food",87,Sector
24/10/2021,Retail,136,Sector
24/10/2021,Travel and accomodation,111,Sector
24/10/2021,Automotive Fuel,115,Sector
24/10/2021,Food and Drink,110,Sector
24/10/2021,Entertainment,92,Sector
24/10/2021,"Pubs, restaurants, and fast food",88,Sector
25/10/2021,Retail,139,Sector
25/10/2021,Travel and accomodation,114,Sector
25/10/2021,Automotive Fuel,116,Sector
25/10/2021,Food and Drink,110,Sector
25/10/2021,Entertainment,93,Sector
25/10/2021,"Pubs, restaurants, and fast food",89,Sector
26/10/2021,Retail,140,Sector
26/10/2021,Travel and accomodation,117,Sector
26/10/2021,Automotive Fuel,117,Sector
26/10/2021,Food and Drink,111,Sector
26/10/2021,Entertainment,94,Sector
26/10/2021,"Pubs, restaurants, and fast food",90,Sector
27/10/2021,Retail,143,Sector
27/10/2021,Travel and accomodation,122,Sector
27/10/2021,Automotive Fuel,118,Sector
27/10/2021,Food and Drink,111,Sector
27/10/2021,Entertainment,96,Sector
27/10/2021,"Pubs, restaurants, and fast food",91,Sector
28/10/2021,Retail,145,Sector
28/10/2021,Travel and accomodation,126,Sector
28/10/2021,Automotive Fuel,118,Sector
28/10/2021,Food and Drink,112,Sector
28/10/2021,Entertainment,98,Sector
28/10/2021,"Pubs, restaurants, and fast food",92,Sector
29/10/2021,Retail,150,Sector
29/10/2021,Travel and accomodation,130,Sector
29/10/2021,Automotive Fuel,119,Sector
29/10/2021,Food and Drink,113,Sector
29/10/2021,Entertainment,100,Sector
29/10/2021,"Pubs, restaurants, and fast food",92,Sector
30/10/2021,Retail,151,Sector
30/10/2021,Travel and accomodation,133,Sector
30/10/2021,Automotive Fuel,121,Sector
30/10/2021,Food and Drink,114,Sector
30/10/2021,Entertainment,102,Sector
30/10/2021,"Pubs, restaurants, and fast food",91,Sector
31/10/2021,Retail,153,Sector
31/10/2021,Travel and accomodation,135,Sector
31/10/2021,Automotive Fuel,123,Sector
31/10/2021,Food and Drink,115,Sector
31/10/2021,Entertainment,102,Sector
31/10/2021,"Pubs, restaurants, and fast food",91,Sector
01/11/2021,Retail,152,Sector
01/11/2021,Travel and accomodation,136,Sector
01/11/2021,Automotive Fuel,123,Sector
01/11/2021,Food and Drink,114,Sector
01/11/2021,Entertainment,102,Sector
01/11/2021,"Pubs, restaurants, and fast food",90,Sector
02/11/2021,Retail,151,Sector
02/11/2021,Travel and accomodation,136,Sector
02/11/2021,Automotive Fuel,123,Sector
02/11/2021,Food and Drink,114,Sector
02/11/2021,Entertainment,101,Sector
02/11/2021,"Pubs, restaurants, and fast food",88,Sector
03/11/2021,Retail,148,Sector
03/11/2021,Travel and accomodation,133,Sector
03/11/2021,Automotive Fuel,122,Sector
03/11/2021,Food and Drink,114,Sector
03/11/2021,Entertainment,99,Sector
03/11/2021,"Pubs, restaurants, and fast food",86,Sector
04/11/2021,Retail,147,Sector
04/11/2021,Travel and accomodation,130,Sector
04/11/2021,Automotive Fuel,122,Sector
04/11/2021,Food and Drink,114,Sector
04/11/2021,Entertainment,97,Sector
04/11/2021,"Pubs, restaurants, and fast food",84,Sector
05/11/2021,Retail,144,Sector
05/11/2021,Travel and accomodation,126,Sector
05/11/2021,Automotive Fuel,120,Sector
05/11/2021,Food and Drink,112,Sector
05/11/2021,Entertainment,92,Sector
05/11/2021,"Pubs, restaurants, and fast food",83,Sector
06/11/2021,Retail,143,Sector
06/11/2021,Travel and accomodation,123,Sector
06/11/2021,Automotive Fuel,117,Sector
06/11/2021,Food and Drink,111,Sector
06/11/2021,Entertainment,92,Sector
06/11/2021,"Pubs, restaurants, and fast food",82,Sector
07/11/2021,Retail,141,Sector
07/11/2021,Travel and accomodation,121,Sector
07/11/2021,Automotive Fuel,117,Sector
07/11/2021,Food and Drink,110,Sector
07/11/2021,Entertainment,91,Sector
07/11/2021,"Pubs, restaurants, and fast food",82,Sector
08/11/2021,Retail,141,Sector
08/11/2021,Travel and accomodation,121,Sector
08/11/2021,Automotive Fuel,116,Sector
08/11/2021,Food and Drink,111,Sector
08/11/2021,Entertainment,90,Sector
08/11/2021,"Pubs, restaurants, and fast food",81,Sector
09/11/2021,Retail,140,Sector
09/11/2021,Travel and accomodation,120,Sector
09/11/2021,Automotive Fuel,115,Sector
09/11/2021,Food and Drink,110,Sector
09/11/2021,Entertainment,89,Sector
09/11/2021,"Pubs, restaurants, and fast food",81,Sector
10/11/2021,Retail,140,Sector
10/11/2021,Travel and accomodation,122,Sector
10/11/2021,Automotive Fuel,115,Sector
10/11/2021,Food and Drink,110,Sector
10/11/2021,Entertainment,88,Sector
10/11/2021,"Pubs, restaurants, and fast food",81,Sector
11/11/2021,Retail,141,Sector
11/11/2021,Travel and accomodation,123,Sector
11/11/2021,Automotive Fuel,114,Sector
11/11/2021,Food and Drink,110,Sector
11/11/2021,Entertainment,89,Sector
11/11/2021,"Pubs, restaurants, and fast food",81,Sector
12/11/2021,Retail,141,Sector
12/11/2021,Travel and accomodation,124,Sector
12/11/2021,Automotive Fuel,114,Sector
12/11/2021,Food and Drink,110,Sector
12/11/2021,Entertainment,90,Sector
12/11/2021,"Pubs, restaurants, and fast food",82,Sector
13/11/2021,Retail,141,Sector
13/11/2021,Travel and accomodation,124,Sector
13/11/2021,Automotive Fuel,114,Sector
13/11/2021,Food and Drink,110,Sector
13/11/2021,Entertainment,90,Sector
13/11/2021,"Pubs, restaurants, and fast food",83,Sector
14/11/2021,Retail,141,Sector
14/11/2021,Travel and accomodation,123,Sector
14/11/2021,Automotive Fuel,113,Sector
14/11/2021,Food and Drink,110,Sector
14/11/2021,Entertainment,89,Sector
14/11/2021,"Pubs, restaurants, and fast food",83,Sector
15/11/2021,Retail,141,Sector
15/11/2021,Travel and accomodation,121,Sector
15/11/2021,Automotive Fuel,113,Sector
15/11/2021,Food and Drink,110,Sector
15/11/2021,Entertainment,90,Sector
15/11/2021,"Pubs, restaurants, and fast food",83,Sector
16/11/2021,Retail,140,Sector
16/11/2021,Travel and accomodation,124,Sector
16/11/2021,Automotive Fuel,113,Sector
16/11/2021,Food and Drink,109,Sector
16/11/2021,Entertainment,90,Sector
16/11/2021,"Pubs, restaurants, and fast food",83,Sector
17/11/2021,Retail,139,Sector
17/11/2021,Travel and accomodation,121,Sector
17/11/2021,Automotive Fuel,113,Sector
17/11/2021,Food and Drink,109,Sector
17/11/2021,Entertainment,90,Sector
17/11/2021,"Pubs, restaurants, and fast food",83,Sector
18/11/2021,Retail,140,Sector
18/11/2021,Travel and accomodation,123,Sector
18/11/2021,Automotive Fuel,113,Sector
18/11/2021,Food and Drink,109,Sector
18/11/2021,Entertainment,89,Sector
18/11/2021,"Pubs, restaurants, and fast food",83,Sector
19/11/2021,Retail,140,Sector
19/11/2021,Travel and accomodation,125,Sector
19/11/2021,Automotive Fuel,113,Sector
19/11/2021,Food and Drink,109,Sector
19/11/2021,Entertainment,90,Sector
19/11/2021,"Pubs, restaurants, and fast food",83,Sector
20/11/2021,Retail,140,Sector
20/11/2021,Travel and accomodation,125,Sector
20/11/2021,Automotive Fuel,112,Sector
20/11/2021,Food and Drink,108,Sector
20/11/2021,Entertainment,90,Sector
20/11/2021,"Pubs, restaurants, and fast food",82,Sector
21/11/2021,Retail,141,Sector
21/11/2021,Travel and accomodation,126,Sector
21/11/2021,Automotive Fuel,112,Sector
21/11/2021,Food and Drink,108,Sector
21/11/2021,Entertainment,90,Sector
21/11/2021,"Pubs, restaurants, and fast food",82,Sector
22/11/2021,Retail,142,Sector
22/11/2021,Travel and accomodation,126,Sector
22/11/2021,Automotive Fuel,112,Sector
22/11/2021,Food and Drink,108,Sector
22/11/2021,Entertainment,90,Sector
22/11/2021,"Pubs, restaurants, and fast food",82,Sector
23/11/2021,Retail,145,Sector
23/11/2021,Travel and accomodation,123,Sector
23/11/2021,Automotive Fuel,112,Sector
23/11/2021,Food and Drink,108,Sector
23/11/2021,Entertainment,91,Sector
23/11/2021,"Pubs, restaurants, and fast food",82,Sector
24/11/2021,Retail,148,Sector
24/11/2021,Travel and accomodation,125,Sector
24/11/2021,Automotive Fuel,112,Sector
24/11/2021,Food and Drink,108,Sector
24/11/2021,Entertainment,91,Sector
24/11/2021,"Pubs, restaurants, and fast food",82,Sector
25/11/2021,Retail,152,Sector
25/11/2021,Travel and accomodation,125,Sector
25/11/2021,Automotive Fuel,113,Sector
25/11/2021,Food and Drink,109,Sector
25/11/2021,Entertainment,93,Sector
25/11/2021,"Pubs, restaurants, and fast food",82,Sector
26/11/2021,Retail,164,Sector
26/11/2021,Travel and accomodation,126,Sector
26/11/2021,Automotive Fuel,113,Sector
26/11/2021,Food and Drink,109,Sector
26/11/2021,Entertainment,91,Sector
26/11/2021,"Pubs, restaurants, and fast food",81,Sector
27/11/2021,Retail,171,Sector
27/11/2021,Travel and accomodation,128,Sector
27/11/2021,Automotive Fuel,114,Sector
27/11/2021,Food and Drink,110,Sector
27/11/2021,Entertainment,91,Sector
27/11/2021,"Pubs, restaurants, and fast food",81,Sector
28/11/2021,Retail,177,Sector
28/11/2021,Travel and accomodation,129,Sector
28/11/2021,Automotive Fuel,115,Sector
28/11/2021,Food and Drink,111,Sector
28/11/2021,Entertainment,92,Sector
28/11/2021,"Pubs, restaurants, and fast food",81,Sector
29/11/2021,Retail,184,Sector
29/11/2021,Travel and accomodation,128,Sector
29/11/2021,Automotive Fuel,115,Sector
29/11/2021,Food and Drink,111,Sector
29/11/2021,Entertainment,93,Sector
29/11/2021,"Pubs, restaurants, and fast food",81,Sector
30/11/2021,Retail,188,Sector
30/11/2021,Travel and accomodation,129,Sector
30/11/2021,Automotive Fuel,116,Sector
30/11/2021,Food and Drink,112,Sector
30/11/2021,Entertainment,94,Sector
30/11/2021,"Pubs, restaurants, and fast food",81,Sector
01/12/2021,Retail,190,Sector
01/12/2021,Travel and accomodation,126,Sector
01/12/2021,Automotive Fuel,117,Sector
01/12/2021,Food and Drink,113,Sector
01/12/2021,Entertainment,96,Sector
01/12/2021,"Pubs, restaurants, and fast food",81,Sector
02/12/2021,Retail,187,Sector
02/12/2021,Travel and accomodation,122,Sector
02/12/2021,Automotive Fuel,117,Sector
02/12/2021,Food and Drink,113,Sector
02/12/2021,Entertainment,95,Sector
02/12/2021,"Pubs, restaurants, and fast food",81,Sector
03/12/2021,Retail,176,Sector
03/12/2021,Travel and accomodation,119,Sector
03/12/2021,Automotive Fuel,118,Sector
03/12/2021,Food and Drink,114,Sector
03/12/2021,Entertainment,96,Sector
03/12/2021,"Pubs, restaurants, and fast food",81,Sector
04/12/2021,Retail,171,Sector
04/12/2021,Travel and accomodation,131,Sector
04/12/2021,Automotive Fuel,118,Sector
04/12/2021,Food and Drink,114,Sector
04/12/2021,Entertainment,96,Sector
04/12/2021,"Pubs, restaurants, and fast food",81,Sector
05/12/2021,Retail,167,Sector
05/12/2021,Travel and accomodation,131,Sector
05/12/2021,Automotive Fuel,117,Sector
05/12/2021,Food and Drink,114,Sector
05/12/2021,Entertainment,95,Sector
05/12/2021,"Pubs, restaurants, and fast food",81,Sector
06/12/2021,Retail,161,Sector
06/12/2021,Travel and accomodation,132,Sector
06/12/2021,Automotive Fuel,117,Sector
06/12/2021,Food and Drink,114,Sector
06/12/2021,Entertainment,95,Sector
06/12/2021,"Pubs, restaurants, and fast food",81,Sector
07/12/2021,Retail,157,Sector
07/12/2021,Travel and accomodation,128,Sector
07/12/2021,Automotive Fuel,116,Sector
07/12/2021,Food and Drink,113,Sector
07/12/2021,Entertainment,93,Sector
07/12/2021,"Pubs, restaurants, and fast food",81,Sector
08/12/2021,Retail,154,Sector
08/12/2021,Travel and accomodation,125,Sector
08/12/2021,Automotive Fuel,115,Sector
08/12/2021,Food and Drink,112,Sector
08/12/2021,Entertainment,91,Sector
08/12/2021,"Pubs, restaurants, and fast food",81,Sector
09/12/2021,Retail,154,Sector
09/12/2021,Travel and accomodation,124,Sector
09/12/2021,Automotive Fuel,115,Sector
09/12/2021,Food and Drink,112,Sector
09/12/2021,Entertainment,91,Sector
09/12/2021,"Pubs, restaurants, and fast food",80,Sector
10/12/2021,Retail,154,Sector
10/12/2021,Travel and accomodation,121,Sector
10/12/2021,Automotive Fuel,115,Sector
10/12/2021,Food and Drink,112,Sector
10/12/2021,Entertainment,89,Sector
10/12/2021,"Pubs, restaurants, and fast food",80,Sector
11/12/2021,Retail,153,Sector
11/12/2021,Travel and accomodation,104,Sector
11/12/2021,Automotive Fuel,115,Sector
11/12/2021,Food and Drink,111,Sector
11/12/2021,Entertainment,89,Sector
11/12/2021,"Pubs, restaurants, and fast food",78,Sector
12/12/2021,Retail,152,Sector
12/12/2021,Travel and accomodation,101,Sector
12/12/2021,Automotive Fuel,115,Sector
12/12/2021,Food and Drink,111,Sector
12/12/2021,Entertainment,89,Sector
12/12/2021,"Pubs, restaurants, and fast food",78,Sector
13/12/2021,Retail,152,Sector
13/12/2021,Travel and accomodation,98,Sector
13/12/2021,Automotive Fuel,115,Sector
13/12/2021,Food and Drink,111,Sector
13/12/2021,Entertainment,88,Sector
13/12/2021,"Pubs, restaurants, and fast food",78,Sector
14/12/2021,Retail,153,Sector
14/12/2021,Travel and accomodation,98,Sector
14/12/2021,Automotive Fuel,115,Sector
14/12/2021,Food and Drink,112,Sector
14/12/2021,Entertainment,89,Sector
14/12/2021,"Pubs, restaurants, and fast food",78,Sector
15/12/2021,Retail,156,Sector
15/12/2021,Travel and accomodation,100,Sector
15/12/2021,Automotive Fuel,116,Sector
15/12/2021,Food and Drink,113,Sector
15/12/2021,Entertainment,89,Sector
15/12/2021,"Pubs, restaurants, and fast food",78,Sector
16/12/2021,Retail,158,Sector
16/12/2021,Travel and accomodation,100,Sector
16/12/2021,Automotive Fuel,117,Sector
16/12/2021,Food and Drink,113,Sector
16/12/2021,Entertainment,89,Sector
16/12/2021,"Pubs, restaurants, and fast food",78,Sector
17/12/2021,Retail,160,Sector
17/12/2021,Travel and accomodation,100,Sector
17/12/2021,Automotive Fuel,120,Sector
17/12/2021,Food and Drink,114,Sector
17/12/2021,Entertainment,89,Sector
17/12/2021,"Pubs, restaurants, and fast food",77,Sector
18/12/2021,Retail,163,Sector
18/12/2021,Travel and accomodation,99,Sector
18/12/2021,Automotive Fuel,125,Sector
18/12/2021,Food and Drink,115,Sector
18/12/2021,Entertainment,90,Sector
18/12/2021,"Pubs, restaurants, and fast food",76,Sector
19/12/2021,Retail,164,Sector
19/12/2021,Travel and accomodation,100,Sector
19/12/2021,Automotive Fuel,127,Sector
19/12/2021,Food and Drink,115,Sector
19/12/2021,Entertainment,91,Sector
19/12/2021,"Pubs, restaurants, and fast food",75,Sector
20/12/2021,Retail,171,Sector
20/12/2021,Travel and accomodation,100,Sector
20/12/2021,Automotive Fuel,130,Sector
20/12/2021,Food and Drink,118,Sector
20/12/2021,Entertainment,92,Sector
20/12/2021,"Pubs, restaurants, and fast food",76,Sector
21/12/2021,Retail,176,Sector
21/12/2021,Travel and accomodation,100,Sector
21/12/2021,Automotive Fuel,133,Sector
21/12/2021,Food and Drink,122,Sector
21/12/2021,Entertainment,93,Sector
21/12/2021,"Pubs, restaurants, and fast food",77,Sector
22/12/2021,Retail,181,Sector
22/12/2021,Travel and accomodation,102,Sector
22/12/2021,Automotive Fuel,137,Sector
22/12/2021,Food and Drink,129,Sector
22/12/2021,Entertainment,95,Sector
22/12/2021,"Pubs, restaurants, and fast food",79,Sector
23/12/2021,Retail,189,Sector
23/12/2021,Travel and accomodation,104,Sector
23/12/2021,Automotive Fuel,141,Sector
23/12/2021,Food and Drink,142,Sector
23/12/2021,Entertainment,97,Sector
23/12/2021,"Pubs, restaurants, and fast food",80,Sector
24/12/2021,Retail,189,Sector
24/12/2021,Travel and accomodation,103,Sector
24/12/2021,Automotive Fuel,140,Sector
24/12/2021,Food and Drink,152,Sector
24/12/2021,Entertainment,96,Sector
24/12/2021,"Pubs, restaurants, and fast food",77,Sector
25/12/2021,Retail,173,Sector
25/12/2021,Travel and accomodation,100,Sector
25/12/2021,Automotive Fuel,129,Sector
25/12/2021,Food and Drink,136,Sector
25/12/2021,Entertainment,91,Sector
25/12/2021,"Pubs, restaurants, and fast food",68,Sector
26/12/2021,Retail,170,Sector
26/12/2021,Travel and accomodation,99,Sector
26/12/2021,Automotive Fuel,125,Sector
26/12/2021,Food and Drink,129,Sector
26/12/2021,Entertainment,91,Sector
26/12/2021,"Pubs, restaurants, and fast food",65,Sector
27/12/2021,Retail,163,Sector
27/12/2021,Travel and accomodation,99,Sector
27/12/2021,Automotive Fuel,124,Sector
27/12/2021,Food and Drink,126,Sector
27/12/2021,Entertainment,94,Sector
27/12/2021,"Pubs, restaurants, and fast food",67,Sector
28/12/2021,Retail,157,Sector
28/12/2021,Travel and accomodation,101,Sector
28/12/2021,Automotive Fuel,123,Sector
28/12/2021,Food and Drink,122,Sector
28/12/2021,Entertainment,96,Sector
28/12/2021,"Pubs, restaurants, and fast food",68,Sector
29/12/2021,Retail,151,Sector
29/12/2021,Travel and accomodation,101,Sector
29/12/2021,Automotive Fuel,120,Sector
29/12/2021,Food and Drink,116,Sector
29/12/2021,Entertainment,97,Sector
29/12/2021,"Pubs, restaurants, and fast food",69,Sector
30/12/2021,Retail,142,Sector
30/12/2021,Travel and accomodation,102,Sector
30/12/2021,Automotive Fuel,117,Sector
30/12/2021,Food and Drink,107,Sector
30/12/2021,Entertainment,98,Sector
30/12/2021,"Pubs, restaurants, and fast food",70,Sector
31/12/2021,Retail,137,Sector
31/12/2021,Travel and accomodation,102,Sector
31/12/2021,Automotive Fuel,115,Sector
31/12/2021,Food and Drink,104,Sector
31/12/2021,Entertainment,98,Sector
31/12/2021,"Pubs, restaurants, and fast food",74,Sector
01/01/2022,Retail,139,Sector
01/01/2022,Travel and accomodation,106,Sector
01/01/2022,Automotive Fuel,117,Sector
01/01/2022,Food and Drink,107,Sector
01/01/2022,Entertainment,100,Sector
01/01/2022,"Pubs, restaurants, and fast food",81,Sector
02/01/2022,Retail,140,Sector
02/01/2022,Travel and accomodation,109,Sector
02/01/2022,Automotive Fuel,121,Sector
02/01/2022,Food and Drink,111,Sector
02/01/2022,Entertainment,101,Sector
02/01/2022,"Pubs, restaurants, and fast food",83,Sector
03/01/2022,Retail,138,Sector
03/01/2022,Travel and accomodation,110,Sector
03/01/2022,Automotive Fuel,122,Sector
03/01/2022,Food and Drink,112,Sector
03/01/2022,Entertainment,98,Sector
03/01/2022,"Pubs, restaurants, and fast food",81,Sector
04/01/2022,Retail,140,Sector
04/01/2022,Travel and accomodation,109,Sector
04/01/2022,Automotive Fuel,122,Sector
04/01/2022,Food and Drink,112,Sector
04/01/2022,Entertainment,94,Sector
04/01/2022,"Pubs, restaurants, and fast food",78,Sector
05/01/2022,Retail,138,Sector
05/01/2022,Travel and accomodation,110,Sector
05/01/2022,Automotive Fuel,120,Sector
05/01/2022,Food and Drink,110,Sector
05/01/2022,Entertainment,91,Sector
05/01/2022,"Pubs, restaurants, and fast food",74,Sector
06/01/2022,Retail,135,Sector
06/01/2022,Travel and accomodation,111,Sector
06/01/2022,Automotive Fuel,118,Sector
06/01/2022,Food and Drink,103,Sector
06/01/2022,Entertainment,87,Sector
06/01/2022,"Pubs, restaurants, and fast food",70,Sector
07/01/2022,Retail,136,Sector
07/01/2022,Travel and accomodation,113,Sector
07/01/2022,Automotive Fuel,117,Sector
07/01/2022,Food and Drink,93,Sector
07/01/2022,Entertainment,86,Sector
07/01/2022,"Pubs, restaurants, and fast food",67,Sector
08/01/2022,Retail,143,Sector
08/01/2022,Travel and accomodation,117,Sector
08/01/2022,Automotive Fuel,122,Sector
08/01/2022,Food and Drink,104,Sector
08/01/2022,Entertainment,88,Sector
08/01/2022,"Pubs, restaurants, and fast food",67,Sector
09/01/2022,Retail,142,Sector
09/01/2022,Travel and accomodation,115,Sector
09/01/2022,Automotive Fuel,120,Sector
09/01/2022,Food and Drink,105,Sector
09/01/2022,Entertainment,86,Sector
09/01/2022,"Pubs, restaurants, and fast food",65,Sector
10/01/2022,Retail,141,Sector
10/01/2022,Travel and accomodation,115,Sector
10/01/2022,Automotive Fuel,116,Sector
10/01/2022,Food and Drink,104,Sector
10/01/2022,Entertainment,85,Sector
10/01/2022,"Pubs, restaurants, and fast food",62,Sector
11/01/2022,Retail,137,Sector
11/01/2022,Travel and accomodation,115,Sector
11/01/2022,Automotive Fuel,114,Sector
11/01/2022,Food and Drink,103,Sector
11/01/2022,Entertainment,85,Sector
11/01/2022,"Pubs, restaurants, and fast food",61,Sector
12/01/2022,Retail,134,Sector
12/01/2022,Travel and accomodation,112,Sector
12/01/2022,Automotive Fuel,112,Sector
12/01/2022,Food and Drink,101,Sector
12/01/2022,Entertainment,85,Sector
12/01/2022,"Pubs, restaurants, and fast food",60,Sector
13/01/2022,Retail,133,Sector
13/01/2022,Travel and accomodation,109,Sector
13/01/2022,Automotive Fuel,112,Sector
13/01/2022,Food and Drink,102,Sector
13/01/2022,Entertainment,86,Sector
13/01/2022,"Pubs, restaurants, and fast food",60,Sector
14/01/2022,Retail,132,Sector
14/01/2022,Travel and accomodation,106,Sector
14/01/2022,Automotive Fuel,112,Sector
14/01/2022,Food and Drink,103,Sector
14/01/2022,Entertainment,87,Sector
14/01/2022,"Pubs, restaurants, and fast food",61,Sector
15/01/2022,Retail,131,Sector
15/01/2022,Travel and accomodation,103,Sector
15/01/2022,Automotive Fuel,113,Sector
15/01/2022,Food and Drink,103,Sector
15/01/2022,Entertainment,88,Sector
15/01/2022,"Pubs, restaurants, and fast food",63,Sector
16/01/2022,Retail,131,Sector
16/01/2022,Travel and accomodation,101,Sector
16/01/2022,Automotive Fuel,112,Sector
16/01/2022,Food and Drink,103,Sector
16/01/2022,Entertainment,88,Sector
16/01/2022,"Pubs, restaurants, and fast food",63,Sector
17/01/2022,Retail,129,Sector
17/01/2022,Travel and accomodation,101,Sector
17/01/2022,Automotive Fuel,111,Sector
17/01/2022,Food and Drink,103,Sector
17/01/2022,Entertainment,88,Sector
17/01/2022,"Pubs, restaurants, and fast food",64,Sector
18/01/2022,Retail,128,Sector
18/01/2022,Travel and accomodation,100,Sector
18/01/2022,Automotive Fuel,111,Sector
18/01/2022,Food and Drink,103,Sector
18/01/2022,Entertainment,88,Sector
18/01/2022,"Pubs, restaurants, and fast food",64,Sector
19/01/2022,Retail,128,Sector
19/01/2022,Travel and accomodation,99,Sector
19/01/2022,Automotive Fuel,111,Sector
19/01/2022,Food and Drink,104,Sector
19/01/2022,Entertainment,88,Sector
19/01/2022,"Pubs, restaurants, and fast food",64,Sector
20/01/2022,Retail,128,Sector
20/01/2022,Travel and accomodation,98,Sector
20/01/2022,Automotive Fuel,111,Sector
20/01/2022,Food and Drink,103,Sector
20/01/2022,Entertainment,88,Sector
20/01/2022,"Pubs, restaurants, and fast food",65,Sector
21/01/2022,Retail,129,Sector
21/01/2022,Travel and accomodation,107,Sector
21/01/2022,Automotive Fuel,110,Sector
21/01/2022,Food and Drink,103,Sector
21/01/2022,Entertainment,88,Sector
21/01/2022,"Pubs, restaurants, and fast food",66,Sector
22/01/2022,Retail,129,Sector
22/01/2022,Travel and accomodation,117,Sector
22/01/2022,Automotive Fuel,109,Sector
22/01/2022,Food and Drink,104,Sector
22/01/2022,Entertainment,89,Sector
22/01/2022,"Pubs, restaurants, and fast food",67,Sector
23/01/2022,Retail,129,Sector
23/01/2022,Travel and accomodation,121,Sector
23/01/2022,Automotive Fuel,109,Sector
23/01/2022,Food and Drink,103,Sector
23/01/2022,Entertainment,89,Sector
23/01/2022,"Pubs, restaurants, and fast food",68,Sector
24/01/2022,Retail,132,Sector
24/01/2022,Travel and accomodation,125,Sector
24/01/2022,Automotive Fuel,109,Sector
24/01/2022,Food and Drink,103,Sector
24/01/2022,Entertainment,89,Sector
24/01/2022,"Pubs, restaurants, and fast food",68,Sector
25/01/2022,Retail,134,Sector
25/01/2022,Travel and accomodation,127,Sector
25/01/2022,Automotive Fuel,109,Sector
25/01/2022,Food and Drink,104,Sector
25/01/2022,Entertainment,89,Sector
25/01/2022,"Pubs, restaurants, and fast food",69,Sector
26/01/2022,Retail,136,Sector
26/01/2022,Travel and accomodation,129,Sector
26/01/2022,Automotive Fuel,109,Sector
26/01/2022,Food and Drink,104,Sector
26/01/2022,Entertainment,92,Sector
26/01/2022,"Pubs, restaurants, and fast food",69,Sector
27/01/2022,Retail,138,Sector
27/01/2022,Travel and accomodation,129,Sector
27/01/2022,Automotive Fuel,109,Sector
27/01/2022,Food and Drink,104,Sector
27/01/2022,Entertainment,92,Sector
27/01/2022,"Pubs, restaurants, and fast food",70,Sector
28/01/2022,Retail,141,Sector
28/01/2022,Travel and accomodation,123,Sector
28/01/2022,Automotive Fuel,109,Sector
28/01/2022,Food and Drink,105,Sector
28/01/2022,Entertainment,94,Sector
28/01/2022,"Pubs, restaurants, and fast food",72,Sector
29/01/2022,Retail,144,Sector
29/01/2022,Travel and accomodation,116,Sector
29/01/2022,Automotive Fuel,110,Sector
29/01/2022,Food and Drink,106,Sector
29/01/2022,Entertainment,96,Sector
29/01/2022,"Pubs, restaurants, and fast food",73,Sector
30/01/2022,Retail,146,Sector
30/01/2022,Travel and accomodation,112,Sector
30/01/2022,Automotive Fuel,111,Sector
30/01/2022,Food and Drink,106,Sector
30/01/2022,Entertainment,96,Sector
30/01/2022,"Pubs, restaurants, and fast food",75,Sector
31/01/2022,Retail,151,Sector
31/01/2022,Travel and accomodation,109,Sector
31/01/2022,Automotive Fuel,112,Sector
31/01/2022,Food and Drink,107,Sector
31/01/2022,Entertainment,99,Sector
31/01/2022,"Pubs, restaurants, and fast food",76,Sector
01/02/2022,Retail,151,Sector
01/02/2022,Travel and accomodation,109,Sector
01/02/2022,Automotive Fuel,113,Sector
01/02/2022,Food and Drink,108,Sector
01/02/2022,Entertainment,101,Sector
01/02/2022,"Pubs, restaurants, and fast food",76,Sector
02/02/2022,Retail,150,Sector
02/02/2022,Travel and accomodation,108,Sector
02/02/2022,Automotive Fuel,113,Sector
02/02/2022,Food and Drink,109,Sector
02/02/2022,Entertainment,104,Sector
02/02/2022,"Pubs, restaurants, and fast food",77,Sector
03/02/2022,Retail,149,Sector
03/02/2022,Travel and accomodation,108,Sector
03/02/2022,Automotive Fuel,113,Sector
03/02/2022,Food and Drink,109,Sector
03/02/2022,Entertainment,105,Sector
03/02/2022,"Pubs, restaurants, and fast food",78,Sector
04/02/2022,Retail,146,Sector
04/02/2022,Travel and accomodation,108,Sector
04/02/2022,Automotive Fuel,113,Sector
04/02/2022,Food and Drink,109,Sector
04/02/2022,Entertainment,107,Sector
04/02/2022,"Pubs, restaurants, and fast food",78,Sector
05/02/2022,Retail,144,Sector
05/02/2022,Travel and accomodation,108,Sector
05/02/2022,Automotive Fuel,113,Sector
05/02/2022,Food and Drink,109,Sector
05/02/2022,Entertainment,107,Sector
05/02/2022,"Pubs, restaurants, and fast food",79,Sector
06/02/2022,Retail,143,Sector
06/02/2022,Travel and accomodation,109,Sector
06/02/2022,Automotive Fuel,113,Sector
06/02/2022,Food and Drink,109,Sector
06/02/2022,Entertainment,107,Sector
06/02/2022,"Pubs, restaurants, and fast food",80,Sector
07/02/2022,Retail,137,Sector
07/02/2022,Travel and accomodation,110,Sector
07/02/2022,Automotive Fuel,113,Sector
07/02/2022,Food and Drink,109,Sector
07/02/2022,Entertainment,106,Sector
07/02/2022,"Pubs, restaurants, and fast food",80,Sector
08/02/2022,Retail,134,Sector
08/02/2022,Travel and accomodation,108,Sector
08/02/2022,Automotive Fuel,113,Sector
08/02/2022,Food and Drink,109,Sector
08/02/2022,Entertainment,104,Sector
08/02/2022,"Pubs, restaurants, and fast food",80,Sector
09/02/2022,Retail,133,Sector
09/02/2022,Travel and accomodation,108,Sector
09/02/2022,Automotive Fuel,112,Sector
09/02/2022,Food and Drink,109,Sector
09/02/2022,Entertainment,100,Sector
09/02/2022,"Pubs, restaurants, and fast food",80,Sector
10/02/2022,Retail,133,Sector
10/02/2022,Travel and accomodation,109,Sector
10/02/2022,Automotive Fuel,113,Sector
10/02/2022,Food and Drink,109,Sector
10/02/2022,Entertainment,98,Sector
10/02/2022,"Pubs, restaurants, and fast food",81,Sector
11/02/2022,Retail,133,Sector
11/02/2022,Travel and accomodation,110,Sector
11/02/2022,Automotive Fuel,115,Sector
11/02/2022,Food and Drink,110,Sector
11/02/2022,Entertainment,97,Sector
11/02/2022,"Pubs, restaurants, and fast food",82,Sector
12/02/2022,Retail,133,Sector
12/02/2022,Travel and accomodation,111,Sector
12/02/2022,Automotive Fuel,118,Sector
12/02/2022,Food and Drink,111,Sector
12/02/2022,Entertainment,98,Sector
12/02/2022,"Pubs, restaurants, and fast food",83,Sector
13/02/2022,Retail,133,Sector
13/02/2022,Travel and accomodation,113,Sector
13/02/2022,Automotive Fuel,119,Sector
13/02/2022,Food and Drink,111,Sector
13/02/2022,Entertainment,101,Sector
13/02/2022,"Pubs, restaurants, and fast food",85,Sector
14/02/2022,Retail,133,Sector
14/02/2022,Travel and accomodation,111,Sector
14/02/2022,Automotive Fuel,120,Sector
14/02/2022,Food and Drink,114,Sector
14/02/2022,Entertainment,102,Sector
14/02/2022,"Pubs, restaurants, and fast food",90,Sector
15/02/2022,Retail,134,Sector
15/02/2022,Travel and accomodation,110,Sector
15/02/2022,Automotive Fuel,121,Sector
15/02/2022,Food and Drink,114,Sector
15/02/2022,Entertainment,105,Sector
15/02/2022,"Pubs, restaurants, and fast food",92,Sector
16/02/2022,Retail,133,Sector
16/02/2022,Travel and accomodation,110,Sector
16/02/2022,Automotive Fuel,121,Sector
16/02/2022,Food and Drink,115,Sector
16/02/2022,Entertainment,106,Sector
16/02/2022,"Pubs, restaurants, and fast food",94,Sector
17/02/2022,Retail,133,Sector
17/02/2022,Travel and accomodation,110,Sector
17/02/2022,Automotive Fuel,123,Sector
17/02/2022,Food and Drink,115,Sector
17/02/2022,Entertainment,108,Sector
17/02/2022,"Pubs, restaurants, and fast food",96,Sector
18/02/2022,Retail,132,Sector
18/02/2022,Travel and accomodation,111,Sector
18/02/2022,Automotive Fuel,121,Sector
18/02/2022,Food and Drink,114,Sector
18/02/2022,Entertainment,108,Sector
18/02/2022,"Pubs, restaurants, and fast food",96,Sector
19/02/2022,Retail,131,Sector
19/02/2022,Travel and accomodation,115,Sector
19/02/2022,Automotive Fuel,122,Sector
19/02/2022,Food and Drink,114,Sector
19/02/2022,Entertainment,107,Sector
19/02/2022,"Pubs, restaurants, and fast food",95,Sector
20/02/2022,Retail,130,Sector
20/02/2022,Travel and accomodation,115,Sector
20/02/2022,Automotive Fuel,123,Sector
20/02/2022,Food and Drink,113,Sector
20/02/2022,Entertainment,105,Sector
20/02/2022,"Pubs, restaurants, and fast food",94,Sector
21/02/2022,Retail,129,Sector
21/02/2022,Travel and accomodation,115,Sector
21/02/2022,Automotive Fuel,123,Sector
21/02/2022,Food and Drink,110,Sector
21/02/2022,Entertainment,104,Sector
21/02/2022,"Pubs, restaurants, and fast food",90,Sector
22/02/2022,Retail,129,Sector
22/02/2022,Travel and accomodation,116,Sector
22/02/2022,Automotive Fuel,123,Sector
22/02/2022,Food and Drink,110,Sector
22/02/2022,Entertainment,102,Sector
22/02/2022,"Pubs, restaurants, and fast food",88,Sector
23/02/2022,Retail,129,Sector
23/02/2022,Travel and accomodation,115,Sector
23/02/2022,Automotive Fuel,123,Sector
23/02/2022,Food and Drink,110,Sector
23/02/2022,Entertainment,102,Sector
23/02/2022,"Pubs, restaurants, and fast food",87,Sector
24/02/2022,Retail,132,Sector
24/02/2022,Travel and accomodation,116,Sector
24/02/2022,Automotive Fuel,125,Sector
24/02/2022,Food and Drink,109,Sector
24/02/2022,Entertainment,101,Sector
24/02/2022,"Pubs, restaurants, and fast food",86,Sector
25/02/2022,Retail,136,Sector
25/02/2022,Travel and accomodation,114,Sector
25/02/2022,Automotive Fuel,129,Sector
25/02/2022,Food and Drink,110,Sector
25/02/2022,Entertainment,101,Sector
25/02/2022,"Pubs, restaurants, and fast food",87,Sector
26/02/2022,Retail,138,Sector
26/02/2022,Travel and accomodation,110,Sector
26/02/2022,Automotive Fuel,129,Sector
26/02/2022,Food and Drink,110,Sector
26/02/2022,Entertainment,101,Sector
26/02/2022,"Pubs, restaurants, and fast food",89,Sector
27/02/2022,Retail,140,Sector
27/02/2022,Travel and accomodation,107,Sector
27/02/2022,Automotive Fuel,129,Sector
27/02/2022,Food and Drink,111,Sector
27/02/2022,Entertainment,101,Sector
27/02/2022,"Pubs, restaurants, and fast food",90,Sector
28/02/2022,Retail,146,Sector
28/02/2022,Travel and accomodation,108,Sector
28/02/2022,Automotive Fuel,130,Sector
28/02/2022,Food and Drink,111,Sector
28/02/2022,Entertainment,103,Sector
28/02/2022,"Pubs, restaurants, and fast food",90,Sector
01/03/2022,Retail,150,Sector
01/03/2022,Travel and accomodation,107,Sector
01/03/2022,Automotive Fuel,131,Sector
01/03/2022,Food and Drink,112,Sector
01/03/2022,Entertainment,106,Sector
01/03/2022,"Pubs, restaurants, and fast food",90,Sector
02/03/2022,Retail,151,Sector
02/03/2022,Travel and accomodation,107,Sector
02/03/2022,Automotive Fuel,132,Sector
02/03/2022,Food and Drink,113,Sector
02/03/2022,Entertainment,107,Sector
02/03/2022,"Pubs, restaurants, and fast food",89,Sector
03/03/2022,Retail,150,Sector
03/03/2022,Travel and accomodation,105,Sector
03/03/2022,Automotive Fuel,130,Sector
03/03/2022,Food and Drink,114,Sector
03/03/2022,Entertainment,109,Sector
03/03/2022,"Pubs, restaurants, and fast food",89,Sector
04/03/2022,Retail,150,Sector
04/03/2022,Travel and accomodation,104,Sector
04/03/2022,Automotive Fuel,128,Sector
04/03/2022,Food and Drink,114,Sector
04/03/2022,Entertainment,110,Sector
04/03/2022,"Pubs, restaurants, and fast food",89,Sector
05/03/2022,Retail,150,Sector
05/03/2022,Travel and accomodation,104,Sector
05/03/2022,Automotive Fuel,127,Sector
05/03/2022,Food and Drink,114,Sector
05/03/2022,Entertainment,111,Sector
05/03/2022,"Pubs, restaurants, and fast food",89,Sector
06/03/2022,Retail,149,Sector
06/03/2022,Travel and accomodation,104,Sector
06/03/2022,Automotive Fuel,127,Sector
06/03/2022,Food and Drink,115,Sector
06/03/2022,Entertainment,112,Sector
06/03/2022,"Pubs, restaurants, and fast food",89,Sector
07/03/2022,Retail,146,Sector
07/03/2022,Travel and accomodation,104,Sector
07/03/2022,Automotive Fuel,128,Sector
07/03/2022,Food and Drink,114,Sector
07/03/2022,Entertainment,112,Sector
07/03/2022,"Pubs, restaurants, and fast food",89,Sector
08/03/2022,Retail,142,Sector
08/03/2022,Travel and accomodation,102,Sector
08/03/2022,Automotive Fuel,128,Sector
08/03/2022,Food and Drink,114,Sector
08/03/2022,Entertainment,109,Sector
08/03/2022,"Pubs, restaurants, and fast food",90,Sector
09/03/2022,Retail,141,Sector
09/03/2022,Travel and accomodation,102,Sector
09/03/2022,Automotive Fuel,130,Sector
09/03/2022,Food and Drink,114,Sector
09/03/2022,Entertainment,108,Sector
09/03/2022,"Pubs, restaurants, and fast food",90,Sector
10/03/2022,Retail,140,Sector
10/03/2022,Travel and accomodation,102,Sector
10/03/2022,Automotive Fuel,130,Sector
10/03/2022,Food and Drink,113,Sector
10/03/2022,Entertainment,107,Sector
10/03/2022,"Pubs, restaurants, and fast food",91,Sector
11/03/2022,Retail,137,Sector
11/03/2022,Travel and accomodation,102,Sector
11/03/2022,Automotive Fuel,130,Sector
11/03/2022,Food and Drink,113,Sector
11/03/2022,Entertainment,107,Sector
11/03/2022,"Pubs, restaurants, and fast food",91,Sector
12/03/2022,Retail,137,Sector
12/03/2022,Travel and accomodation,101,Sector
12/03/2022,Automotive Fuel,130,Sector
12/03/2022,Food and Drink,113,Sector
12/03/2022,Entertainment,105,Sector
12/03/2022,"Pubs, restaurants, and fast food",91,Sector
13/03/2022,Retail,136,Sector
13/03/2022,Travel and accomodation,101,Sector
13/03/2022,Automotive Fuel,129,Sector
13/03/2022,Food and Drink,113,Sector
13/03/2022,Entertainment,104,Sector
13/03/2022,"Pubs, restaurants, and fast food",91,Sector
14/03/2022,Retail,134,Sector
14/03/2022,Travel and accomodation,100,Sector
14/03/2022,Automotive Fuel,129,Sector
14/03/2022,Food and Drink,113,Sector
14/03/2022,Entertainment,103,Sector
14/03/2022,"Pubs, restaurants, and fast food",91,Sector
15/03/2022,Retail,133,Sector
15/03/2022,Travel and accomodation,100,Sector
15/03/2022,Automotive Fuel,128,Sector
15/03/2022,Food and Drink,112,Sector
15/03/2022,Entertainment,106,Sector
15/03/2022,"Pubs, restaurants, and fast food",91,Sector
16/03/2022,Retail,132,Sector
16/03/2022,Travel and accomodation,101,Sector
16/03/2022,Automotive Fuel,125,Sector
16/03/2022,Food and Drink,112,Sector
16/03/2022,Entertainment,107,Sector
16/03/2022,"Pubs, restaurants, and fast food",91,Sector
17/03/2022,Retail,132,Sector
17/03/2022,Travel and accomodation,101,Sector
17/03/2022,Automotive Fuel,125,Sector
17/03/2022,Food and Drink,112,Sector
17/03/2022,Entertainment,109,Sector
17/03/2022,"Pubs, restaurants, and fast food",93,Sector
18/03/2022,Retail,131,Sector
18/03/2022,Travel and accomodation,101,Sector
18/03/2022,Automotive Fuel,124,Sector
18/03/2022,Food and Drink,113,Sector
18/03/2022,Entertainment,110,Sector
18/03/2022,"Pubs, restaurants, and fast food",95,Sector
19/03/2022,Retail,131,Sector
19/03/2022,Travel and accomodation,101,Sector
19/03/2022,Automotive Fuel,125,Sector
19/03/2022,Food and Drink,112,Sector
19/03/2022,Entertainment,110,Sector
19/03/2022,"Pubs, restaurants, and fast food",96,Sector
20/03/2022,Retail,131,Sector
20/03/2022,Travel and accomodation,101,Sector
20/03/2022,Automotive Fuel,126,Sector
20/03/2022,Food and Drink,112,Sector
20/03/2022,Entertainment,110,Sector
20/03/2022,"Pubs, restaurants, and fast food",96,Sector
21/03/2022,Retail,131,Sector
21/03/2022,Travel and accomodation,101,Sector
21/03/2022,Automotive Fuel,125,Sector
21/03/2022,Food and Drink,112,Sector
21/03/2022,Entertainment,108,Sector
21/03/2022,"Pubs, restaurants, and fast food",96,Sector
22/03/2022,Retail,132,Sector
22/03/2022,Travel and accomodation,103,Sector
22/03/2022,Automotive Fuel,125,Sector
22/03/2022,Food and Drink,112,Sector
22/03/2022,Entertainment,105,Sector
22/03/2022,"Pubs, restaurants, and fast food",97,Sector
23/03/2022,Retail,132,Sector
23/03/2022,Travel and accomodation,103,Sector
23/03/2022,Automotive Fuel,126,Sector
23/03/2022,Food and Drink,113,Sector
23/03/2022,Entertainment,104,Sector
23/03/2022,"Pubs, restaurants, and fast food",97,Sector
24/03/2022,Retail,134,Sector
24/03/2022,Travel and accomodation,104,Sector
24/03/2022,Automotive Fuel,127,Sector
24/03/2022,Food and Drink,113,Sector
24/03/2022,Entertainment,103,Sector
24/03/2022,"Pubs, restaurants, and fast food",95,Sector
25/03/2022,Retail,138,Sector
25/03/2022,Travel and accomodation,105,Sector
25/03/2022,Automotive Fuel,128,Sector
25/03/2022,Food and Drink,113,Sector
25/03/2022,Entertainment,103,Sector
25/03/2022,"Pubs, restaurants, and fast food",95,Sector
26/03/2022,Retail,140,Sector
26/03/2022,Travel and accomodation,105,Sector
26/03/2022,Automotive Fuel,130,Sector
26/03/2022,Food and Drink,115,Sector
26/03/2022,Entertainment,104,Sector
26/03/2022,"Pubs, restaurants, and fast food",95,Sector
27/03/2022,Retail,142,Sector
27/03/2022,Travel and accomodation,106,Sector
27/03/2022,Automotive Fuel,130,Sector
27/03/2022,Food and Drink,116,Sector
27/03/2022,Entertainment,103,Sector
27/03/2022,"Pubs, restaurants, and fast food",96,Sector
28/03/2022,Retail,146,Sector
28/03/2022,Travel and accomodation,109,Sector
28/03/2022,Automotive Fuel,132,Sector
28/03/2022,Food and Drink,116,Sector
28/03/2022,Entertainment,104,Sector
28/03/2022,"Pubs, restaurants, and fast food",97,Sector
29/03/2022,Retail,149,Sector
29/03/2022,Travel and accomodation,110,Sector
29/03/2022,Automotive Fuel,132,Sector
29/03/2022,Food and Drink,117,Sector
29/03/2022,Entertainment,106,Sector
29/03/2022,"Pubs, restaurants, and fast food",97,Sector
30/03/2022,Retail,153,Sector
30/03/2022,Travel and accomodation,112,Sector
30/03/2022,Automotive Fuel,133,Sector
30/03/2022,Food and Drink,117,Sector
30/03/2022,Entertainment,105,Sector
30/03/2022,"Pubs, restaurants, and fast food",97,Sector
31/03/2022,Retail,158,Sector
31/03/2022,Travel and accomodation,114,Sector
31/03/2022,Automotive Fuel,134,Sector
31/03/2022,Food and Drink,117,Sector
31/03/2022,Entertainment,105,Sector
31/03/2022,"Pubs, restaurants, and fast food",97,Sector
01/04/2022,Retail,159,Sector
01/04/2022,Travel and accomodation,117,Sector
01/04/2022,Automotive Fuel,135,Sector
01/04/2022,Food and Drink,117,Sector
01/04/2022,Entertainment,106,Sector
01/04/2022,"Pubs, restaurants, and fast food",98,Sector
02/04/2022,Retail,161,Sector
02/04/2022,Travel and accomodation,119,Sector
02/04/2022,Automotive Fuel,136,Sector
02/04/2022,Food and Drink,117,Sector
02/04/2022,Entertainment,108,Sector
02/04/2022,"Pubs, restaurants, and fast food",98,Sector
03/04/2022,Retail,163,Sector
03/04/2022,Travel and accomodation,122,Sector
03/04/2022,Automotive Fuel,136,Sector
03/04/2022,Food and Drink,118,Sector
03/04/2022,Entertainment,111,Sector
03/04/2022,"Pubs, restaurants, and fast food",98,Sector
04/04/2022,Retail,167,Sector
04/04/2022,Travel and accomodation,123,Sector
04/04/2022,Automotive Fuel,137,Sector
04/04/2022,Food and Drink,118,Sector
04/04/2022,Entertainment,113,Sector
04/04/2022,"Pubs, restaurants, and fast food",98,Sector
05/04/2022,Retail,170,Sector
05/04/2022,Travel and accomodation,124,Sector
05/04/2022,Automotive Fuel,138,Sector
05/04/2022,Food and Drink,119,Sector
05/04/2022,Entertainment,114,Sector
05/04/2022,"Pubs, restaurants, and fast food",100,Sector
06/04/2022,Retail,170,Sector
06/04/2022,Travel and accomodation,125,Sector
06/04/2022,Automotive Fuel,138,Sector
06/04/2022,Food and Drink,120,Sector
06/04/2022,Entertainment,116,Sector
06/04/2022,"Pubs, restaurants, and fast food",101,Sector
07/04/2022,Retail,167,Sector
07/04/2022,Travel and accomodation,125,Sector
07/04/2022,Automotive Fuel,139,Sector
07/04/2022,Food and Drink,120,Sector
07/04/2022,Entertainment,118,Sector
07/04/2022,"Pubs, restaurants, and fast food",102,Sector
08/04/2022,Retail,164,Sector
08/04/2022,Travel and accomodation,124,Sector
08/04/2022,Automotive Fuel,140,Sector
08/04/2022,Food and Drink,120,Sector
08/04/2022,Entertainment,118,Sector
08/04/2022,"Pubs, restaurants, and fast food",103,Sector
09/04/2022,Retail,162,Sector
09/04/2022,Travel and accomodation,124,Sector
09/04/2022,Automotive Fuel,141,Sector
09/04/2022,Food and Drink,120,Sector
09/04/2022,Entertainment,120,Sector
09/04/2022,"Pubs, restaurants, and fast food",104,Sector
10/04/2022,Retail,160,Sector
10/04/2022,Travel and accomodation,124,Sector
10/04/2022,Automotive Fuel,142,Sector
10/04/2022,Food and Drink,120,Sector
10/04/2022,Entertainment,120,Sector
10/04/2022,"Pubs, restaurants, and fast food",105,Sector
11/04/2022,Retail,155,Sector
11/04/2022,Travel and accomodation,123,Sector
11/04/2022,Automotive Fuel,143,Sector
11/04/2022,Food and Drink,120,Sector
11/04/2022,Entertainment,119,Sector
11/04/2022,"Pubs, restaurants, and fast food",106,Sector
12/04/2022,Retail,151,Sector
12/04/2022,Travel and accomodation,124,Sector
12/04/2022,Automotive Fuel,144,Sector
12/04/2022,Food and Drink,120,Sector
12/04/2022,Entertainment,119,Sector
12/04/2022,"Pubs, restaurants, and fast food",107,Sector
13/04/2022,Retail,151,Sector
13/04/2022,Travel and accomodation,124,Sector
13/04/2022,Automotive Fuel,146,Sector
13/04/2022,Food and Drink,122,Sector
13/04/2022,Entertainment,119,Sector
13/04/2022,"Pubs, restaurants, and fast food",108,Sector
14/04/2022,Retail,151,Sector
14/04/2022,Travel and accomodation,125,Sector
14/04/2022,Automotive Fuel,149,Sector
14/04/2022,Food and Drink,126,Sector
14/04/2022,Entertainment,120,Sector
14/04/2022,"Pubs, restaurants, and fast food",111,Sector
15/04/2022,Retail,149,Sector
15/04/2022,Travel and accomodation,126,Sector
15/04/2022,Automotive Fuel,150,Sector
15/04/2022,Food and Drink,128,Sector
15/04/2022,Entertainment,118,Sector
15/04/2022,"Pubs, restaurants, and fast food",113,Sector
16/04/2022,Retail,146,Sector
16/04/2022,Travel and accomodation,124,Sector
16/04/2022,Automotive Fuel,149,Sector
16/04/2022,Food and Drink,129,Sector
16/04/2022,Entertainment,114,Sector
16/04/2022,"Pubs, restaurants, and fast food",113,Sector
17/04/2022,Retail,142,Sector
17/04/2022,Travel and accomodation,122,Sector
17/04/2022,Automotive Fuel,148,Sector
17/04/2022,Food and Drink,124,Sector
17/04/2022,Entertainment,112,Sector
17/04/2022,"Pubs, restaurants, and fast food",114,Sector
18/04/2022,Retail,136,Sector
18/04/2022,Travel and accomodation,121,Sector
18/04/2022,Automotive Fuel,151,Sector
18/04/2022,Food and Drink,123,Sector
18/04/2022,Entertainment,111,Sector
18/04/2022,"Pubs, restaurants, and fast food",116,Sector
19/04/2022,Retail,137,Sector
19/04/2022,Travel and accomodation,119,Sector
19/04/2022,Automotive Fuel,152,Sector
19/04/2022,Food and Drink,124,Sector
19/04/2022,Entertainment,109,Sector
19/04/2022,"Pubs, restaurants, and fast food",115,Sector
20/04/2022,Retail,136,Sector
20/04/2022,Travel and accomodation,118,Sector
20/04/2022,Automotive Fuel,152,Sector
20/04/2022,Food and Drink,122,Sector
20/04/2022,Entertainment,108,Sector
20/04/2022,"Pubs, restaurants, and fast food",113,Sector
21/04/2022,Retail,134,Sector
21/04/2022,Travel and accomodation,115,Sector
21/04/2022,Automotive Fuel,149,Sector
21/04/2022,Food and Drink,118,Sector
21/04/2022,Entertainment,105,Sector
21/04/2022,"Pubs, restaurants, and fast food",109,Sector
22/04/2022,Retail,137,Sector
22/04/2022,Travel and accomodation,113,Sector
22/04/2022,Automotive Fuel,147,Sector
22/04/2022,Food and Drink,116,Sector
22/04/2022,Entertainment,106,Sector
22/04/2022,"Pubs, restaurants, and fast food",104,Sector
23/04/2022,Retail,138,Sector
23/04/2022,Travel and accomodation,111,Sector
23/04/2022,Automotive Fuel,145,Sector
23/04/2022,Food and Drink,114,Sector
23/04/2022,Entertainment,106,Sector
23/04/2022,"Pubs, restaurants, and fast food",102,Sector
24/04/2022,Retail,141,Sector
24/04/2022,Travel and accomodation,110,Sector
24/04/2022,Automotive Fuel,145,Sector
24/04/2022,Food and Drink,117,Sector
24/04/2022,Entertainment,105,Sector
24/04/2022,"Pubs, restaurants, and fast food",98,Sector
25/04/2022,Retail,145,Sector
25/04/2022,Travel and accomodation,109,Sector
25/04/2022,Automotive Fuel,141,Sector
25/04/2022,Food and Drink,116,Sector
25/04/2022,Entertainment,105,Sector
25/04/2022,"Pubs, restaurants, and fast food",93,Sector
26/04/2022,Retail,146,Sector
26/04/2022,Travel and accomodation,109,Sector
26/04/2022,Automotive Fuel,139,Sector
26/04/2022,Food and Drink,115,Sector
26/04/2022,Entertainment,106,Sector
26/04/2022,"Pubs, restaurants, and fast food",92,Sector
27/04/2022,Retail,148,Sector
27/04/2022,Travel and accomodation,110,Sector
27/04/2022,Automotive Fuel,138,Sector
27/04/2022,Food and Drink,114,Sector
27/04/2022,Entertainment,105,Sector
27/04/2022,"Pubs, restaurants, and fast food",91,Sector
28/04/2022,Retail,151,Sector
28/04/2022,Travel and accomodation,111,Sector
28/04/2022,Automotive Fuel,137,Sector
28/04/2022,Food and Drink,114,Sector
28/04/2022,Entertainment,107,Sector
28/04/2022,"Pubs, restaurants, and fast food",90,Sector
29/04/2022,Retail,154,Sector
29/04/2022,Travel and accomodation,113,Sector
29/04/2022,Automotive Fuel,139,Sector
29/04/2022,Food and Drink,114,Sector
29/04/2022,Entertainment,107,Sector
29/04/2022,"Pubs, restaurants, and fast food",92,Sector
30/04/2022,Retail,158,Sector
30/04/2022,Travel and accomodation,117,Sector
30/04/2022,Automotive Fuel,140,Sector
30/04/2022,Food and Drink,115,Sector
30/04/2022,Entertainment,108,Sector
30/04/2022,"Pubs, restaurants, and fast food",95,Sector
01/05/2022,Retail,160,Sector
01/05/2022,Travel and accomodation,119,Sector
01/05/2022,Automotive Fuel,141,Sector
01/05/2022,Food and Drink,117,Sector
01/05/2022,Entertainment,113,Sector
01/05/2022,"Pubs, restaurants, and fast food",100,Sector
02/05/2022,Retail,158,Sector
02/05/2022,Travel and accomodation,119,Sector
02/05/2022,Automotive Fuel,143,Sector
02/05/2022,Food and Drink,118,Sector
02/05/2022,Entertainment,115,Sector
02/05/2022,"Pubs, restaurants, and fast food",105,Sector
03/05/2022,Retail,158,Sector
03/05/2022,Travel and accomodation,119,Sector
03/05/2022,Automotive Fuel,143,Sector
03/05/2022,Food and Drink,119,Sector
03/05/2022,Entertainment,114,Sector
03/05/2022,"Pubs, restaurants, and fast food",105,Sector
04/05/2022,Retail,156,Sector
04/05/2022,Travel and accomodation,118,Sector
04/05/2022,Automotive Fuel,143,Sector
04/05/2022,Food and Drink,120,Sector
04/05/2022,Entertainment,116,Sector
04/05/2022,"Pubs, restaurants, and fast food",106,Sector
05/05/2022,Retail,155,Sector
05/05/2022,Travel and accomodation,118,Sector
05/05/2022,Automotive Fuel,143,Sector
05/05/2022,Food and Drink,121,Sector
05/05/2022,Entertainment,116,Sector
05/05/2022,"Pubs, restaurants, and fast food",107,Sector
06/05/2022,Retail,152,Sector
06/05/2022,Travel and accomodation,117,Sector
06/05/2022,Automotive Fuel,142,Sector
06/05/2022,Food and Drink,120,Sector
06/05/2022,Entertainment,115,Sector
06/05/2022,"Pubs, restaurants, and fast food",107,Sector
07/05/2022,Retail,149,Sector
07/05/2022,Travel and accomodation,114,Sector
07/05/2022,Automotive Fuel,141,Sector
07/05/2022,Food and Drink,119,Sector
07/05/2022,Entertainment,115,Sector
07/05/2022,"Pubs, restaurants, and fast food",106,Sector
08/05/2022,Retail,147,Sector
08/05/2022,Travel and accomodation,112,Sector
08/05/2022,Automotive Fuel,141,Sector
08/05/2022,Food and Drink,119,Sector
08/05/2022,Entertainment,112,Sector
08/05/2022,"Pubs, restaurants, and fast food",103,Sector
09/05/2022,Retail,148,Sector
09/05/2022,Travel and accomodation,115,Sector
09/05/2022,Automotive Fuel,140,Sector
09/05/2022,Food and Drink,119,Sector
09/05/2022,Entertainment,109,Sector
09/05/2022,"Pubs, restaurants, and fast food",100,Sector
10/05/2022,Retail,147,Sector
10/05/2022,Travel and accomodation,117,Sector
10/05/2022,Automotive Fuel,139,Sector
10/05/2022,Food and Drink,119,Sector
10/05/2022,Entertainment,109,Sector
10/05/2022,"Pubs, restaurants, and fast food",100,Sector
11/05/2022,Retail,146,Sector
11/05/2022,Travel and accomodation,123,Sector
11/05/2022,Automotive Fuel,139,Sector
11/05/2022,Food and Drink,118,Sector
11/05/2022,Entertainment,107,Sector
11/05/2022,"Pubs, restaurants, and fast food",100,Sector
12/05/2022,Retail,145,Sector
12/05/2022,Travel and accomodation,128,Sector
12/05/2022,Automotive Fuel,139,Sector
12/05/2022,Food and Drink,118,Sector
12/05/2022,Entertainment,106,Sector
12/05/2022,"Pubs, restaurants, and fast food",100,Sector
13/05/2022,Retail,143,Sector
13/05/2022,Travel and accomodation,129,Sector
13/05/2022,Automotive Fuel,139,Sector
13/05/2022,Food and Drink,118,Sector
13/05/2022,Entertainment,104,Sector
13/05/2022,"Pubs, restaurants, and fast food",100,Sector
14/05/2022,Retail,142,Sector
14/05/2022,Travel and accomodation,131,Sector
14/05/2022,Automotive Fuel,139,Sector
14/05/2022,Food and Drink,118,Sector
14/05/2022,Entertainment,102,Sector
14/05/2022,"Pubs, restaurants, and fast food",100,Sector
15/05/2022,Retail,142,Sector
15/05/2022,Travel and accomodation,132,Sector
15/05/2022,Automotive Fuel,138,Sector
15/05/2022,Food and Drink,118,Sector
15/05/2022,Entertainment,102,Sector
15/05/2022,"Pubs, restaurants, and fast food",99,Sector
16/05/2022,Retail,140,Sector
16/05/2022,Travel and accomodation,129,Sector
16/05/2022,Automotive Fuel,139,Sector
16/05/2022,Food and Drink,118,Sector
16/05/2022,Entertainment,102,Sector
16/05/2022,"Pubs, restaurants, and fast food",99,Sector
17/05/2022,Retail,139,Sector
17/05/2022,Travel and accomodation,126,Sector
17/05/2022,Automotive Fuel,139,Sector
17/05/2022,Food and Drink,118,Sector
17/05/2022,Entertainment,100,Sector
17/05/2022,"Pubs, restaurants, and fast food",100,Sector
18/05/2022,Retail,138,Sector
18/05/2022,Travel and accomodation,119,Sector
18/05/2022,Automotive Fuel,140,Sector
18/05/2022,Food and Drink,118,Sector
18/05/2022,Entertainment,100,Sector
18/05/2022,"Pubs, restaurants, and fast food",101,Sector
19/05/2022,Retail,136,Sector
19/05/2022,Travel and accomodation,113,Sector
19/05/2022,Automotive Fuel,141,Sector
19/05/2022,Food and Drink,118,Sector
19/05/2022,Entertainment,100,Sector
19/05/2022,"Pubs, restaurants, and fast food",101,Sector
20/05/2022,Retail,137,Sector
20/05/2022,Travel and accomodation,111,Sector
20/05/2022,Automotive Fuel,141,Sector
20/05/2022,Food and Drink,118,Sector
20/05/2022,Entertainment,99,Sector
20/05/2022,"Pubs, restaurants, and fast food",101,Sector
21/05/2022,Retail,137,Sector
21/05/2022,Travel and accomodation,109,Sector
21/05/2022,Automotive Fuel,141,Sector
21/05/2022,Food and Drink,117,Sector
21/05/2022,Entertainment,98,Sector
21/05/2022,"Pubs, restaurants, and fast food",100,Sector
22/05/2022,Retail,137,Sector
22/05/2022,Travel and accomodation,108,Sector
22/05/2022,Automotive Fuel,141,Sector
22/05/2022,Food and Drink,118,Sector
22/05/2022,Entertainment,98,Sector
22/05/2022,"Pubs, restaurants, and fast food",101,Sector
23/05/2022,Retail,137,Sector
23/05/2022,Travel and accomodation,109,Sector
23/05/2022,Automotive Fuel,142,Sector
23/05/2022,Food and Drink,118,Sector
23/05/2022,Entertainment,97,Sector
23/05/2022,"Pubs, restaurants, and fast food",101,Sector
24/05/2022,Retail,137,Sector
24/05/2022,Travel and accomodation,110,Sector
24/05/2022,Automotive Fuel,142,Sector
24/05/2022,Food and Drink,117,Sector
24/05/2022,Entertainment,98,Sector
24/05/2022,"Pubs, restaurants, and fast food",101,Sector
25/05/2022,Retail,139,Sector
25/05/2022,Travel and accomodation,111,Sector
25/05/2022,Automotive Fuel,142,Sector
25/05/2022,Food and Drink,118,Sector
25/05/2022,Entertainment,98,Sector
25/05/2022,"Pubs, restaurants, and fast food",102,Sector
26/05/2022,Retail,140,Sector
26/05/2022,Travel and accomodation,113,Sector
26/05/2022,Automotive Fuel,143,Sector
26/05/2022,Food and Drink,118,Sector
26/05/2022,Entertainment,99,Sector
26/05/2022,"Pubs, restaurants, and fast food",102,Sector
27/05/2022,Retail,143,Sector
27/05/2022,Travel and accomodation,116,Sector
27/05/2022,Automotive Fuel,145,Sector
27/05/2022,Food and Drink,120,Sector
27/05/2022,Entertainment,103,Sector
27/05/2022,"Pubs, restaurants, and fast food",104,Sector
28/05/2022,Retail,145,Sector
28/05/2022,Travel and accomodation,118,Sector
28/05/2022,Automotive Fuel,148,Sector
28/05/2022,Food and Drink,121,Sector
28/05/2022,Entertainment,106,Sector
28/05/2022,"Pubs, restaurants, and fast food",105,Sector
29/05/2022,Retail,146,Sector
29/05/2022,Travel and accomodation,120,Sector
29/05/2022,Automotive Fuel,150,Sector
29/05/2022,Food and Drink,121,Sector
29/05/2022,Entertainment,108,Sector
29/05/2022,"Pubs, restaurants, and fast food",106,Sector
30/05/2022,Retail,150,Sector
30/05/2022,Travel and accomodation,122,Sector
30/05/2022,Automotive Fuel,152,Sector
30/05/2022,Food and Drink,123,Sector
30/05/2022,Entertainment,112,Sector
30/05/2022,"Pubs, restaurants, and fast food",109,Sector
31/05/2022,Retail,155,Sector
31/05/2022,Travel and accomodation,125,Sector
31/05/2022,Automotive Fuel,155,Sector
31/05/2022,Food and Drink,125,Sector
31/05/2022,Entertainment,115,Sector
31/05/2022,"Pubs, restaurants, and fast food",113,Sector
01/06/2022,Retail,158,Sector
01/06/2022,Travel and accomodation,129,Sector
01/06/2022,Automotive Fuel,160,Sector
01/06/2022,Food and Drink,129,Sector
01/06/2022,Entertainment,121,Sector
01/06/2022,"Pubs, restaurants, and fast food",118,Sector
02/06/2022,Retail,159,Sector
02/06/2022,Travel and accomodation,132,Sector
02/06/2022,Automotive Fuel,165,Sector
02/06/2022,Food and Drink,134,Sector
02/06/2022,Entertainment,126,Sector
02/06/2022,"Pubs, restaurants, and fast food",126,Sector
03/06/2022,Retail,155,Sector
03/06/2022,Travel and accomodation,131,Sector
03/06/2022,Automotive Fuel,165,Sector
03/06/2022,Food and Drink,134,Sector
03/06/2022,Entertainment,127,Sector
03/06/2022,"Pubs, restaurants, and fast food",131,Sector
04/06/2022,Retail,153,Sector
04/06/2022,Travel and accomodation,132,Sector
04/06/2022,Automotive Fuel,167,Sector
04/06/2022,Food and Drink,133,Sector
04/06/2022,Entertainment,125,Sector
04/06/2022,"Pubs, restaurants, and fast food",132,Sector
05/06/2022,Retail,152,Sector
05/06/2022,Travel and accomodation,133,Sector
05/06/2022,Automotive Fuel,169,Sector
05/06/2022,Food and Drink,133,Sector
05/06/2022,Entertainment,124,Sector
05/06/2022,"Pubs, restaurants, and fast food",133,Sector
06/06/2022,Retail,148,Sector
06/06/2022,Travel and accomodation,132,Sector
06/06/2022,Automotive Fuel,170,Sector
06/06/2022,Food and Drink,132,Sector
06/06/2022,Entertainment,122,Sector
06/06/2022,"Pubs, restaurants, and fast food",132,Sector
07/06/2022,Retail,143,Sector
07/06/2022,Travel and accomodation,131,Sector
07/06/2022,Automotive Fuel,169,Sector
07/06/2022,Food and Drink,131,Sector
07/06/2022,Entertainment,119,Sector
07/06/2022,"Pubs, restaurants, and fast food",130,Sector
08/06/2022,Retail,139,Sector
08/06/2022,Travel and accomodation,128,Sector
08/06/2022,Automotive Fuel,166,Sector
08/06/2022,Food and Drink,127,Sector
08/06/2022,Entertainment,113,Sector
08/06/2022,"Pubs, restaurants, and fast food",125,Sector
09/06/2022,Retail,138,Sector
09/06/2022,Travel and accomodation,125,Sector
09/06/2022,Automotive Fuel,162,Sector
09/06/2022,Food and Drink,123,Sector
09/06/2022,Entertainment,108,Sector
09/06/2022,"Pubs, restaurants, and fast food",118,Sector
10/06/2022,Retail,139,Sector
10/06/2022,Travel and accomodation,124,Sector
10/06/2022,Automotive Fuel,161,Sector
10/06/2022,Food and Drink,122,Sector
10/06/2022,Entertainment,106,Sector
10/06/2022,"Pubs, restaurants, and fast food",113,Sector
11/06/2022,Retail,140,Sector
11/06/2022,Travel and accomodation,123,Sector
11/06/2022,Automotive Fuel,160,Sector
11/06/2022,Food and Drink,122,Sector
11/06/2022,Entertainment,105,Sector
11/06/2022,"Pubs, restaurants, and fast food",111,Sector
12/06/2022,Retail,140,Sector
12/06/2022,Travel and accomodation,123,Sector
12/06/2022,Automotive Fuel,158,Sector
12/06/2022,Food and Drink,123,Sector
12/06/2022,Entertainment,105,Sector
12/06/2022,"Pubs, restaurants, and fast food",110,Sector
13/06/2022,Retail,141,Sector
13/06/2022,Travel and accomodation,125,Sector
13/06/2022,Automotive Fuel,157,Sector
13/06/2022,Food and Drink,123,Sector
13/06/2022,Entertainment,104,Sector
13/06/2022,"Pubs, restaurants, and fast food",109,Sector
14/06/2022,Retail,140,Sector
14/06/2022,Travel and accomodation,126,Sector
14/06/2022,Automotive Fuel,156,Sector
14/06/2022,Food and Drink,123,Sector
14/06/2022,Entertainment,104,Sector
14/06/2022,"Pubs, restaurants, and fast food",109,Sector
15/06/2022,Retail,140,Sector
15/06/2022,Travel and accomodation,127,Sector
15/06/2022,Automotive Fuel,157,Sector
15/06/2022,Food and Drink,123,Sector
15/06/2022,Entertainment,102,Sector
15/06/2022,"Pubs, restaurants, and fast food",109,Sector
16/06/2022,Retail,139,Sector
16/06/2022,Travel and accomodation,128,Sector
16/06/2022,Automotive Fuel,157,Sector
16/06/2022,Food and Drink,123,Sector
16/06/2022,Entertainment,100,Sector
16/06/2022,"Pubs, restaurants, and fast food",109,Sector
17/06/2022,Retail,139,Sector
17/06/2022,Travel and accomodation,127,Sector
17/06/2022,Automotive Fuel,158,Sector
17/06/2022,Food and Drink,124,Sector
17/06/2022,Entertainment,98,Sector
17/06/2022,"Pubs, restaurants, and fast food",108,Sector
18/06/2022,Retail,140,Sector
18/06/2022,Travel and accomodation,128,Sector
18/06/2022,Automotive Fuel,158,Sector
18/06/2022,Food and Drink,124,Sector
18/06/2022,Entertainment,93,Sector
18/06/2022,"Pubs, restaurants, and fast food",107,Sector
19/06/2022,Retail,140,Sector
19/06/2022,Travel and accomodation,127,Sector
19/06/2022,Automotive Fuel,159,Sector
19/06/2022,Food and Drink,124,Sector
19/06/2022,Entertainment,89,Sector
19/06/2022,"Pubs, restaurants, and fast food",107,Sector
20/06/2022,Retail,139,Sector
20/06/2022,Travel and accomodation,125,Sector
20/06/2022,Automotive Fuel,160,Sector
20/06/2022,Food and Drink,124,Sector
20/06/2022,Entertainment,85,Sector
20/06/2022,"Pubs, restaurants, and fast food",107,Sector
21/06/2022,Retail,138,Sector
21/06/2022,Travel and accomodation,123,Sector
21/06/2022,Automotive Fuel,161,Sector
21/06/2022,Food and Drink,124,Sector
21/06/2022,Entertainment,80,Sector
21/06/2022,"Pubs, restaurants, and fast food",107,Sector
22/06/2022,Retail,137,Sector
22/06/2022,Travel and accomodation,120,Sector
22/06/2022,Automotive Fuel,161,Sector
22/06/2022,Food and Drink,124,Sector
22/06/2022,Entertainment,77,Sector
22/06/2022,"Pubs, restaurants, and fast food",107,Sector
23/06/2022,Retail,137,Sector
23/06/2022,Travel and accomodation,119,Sector
23/06/2022,Automotive Fuel,162,Sector
23/06/2022,Food and Drink,123,Sector
23/06/2022,Entertainment,73,Sector
23/06/2022,"Pubs, restaurants, and fast food",106,Sector
24/06/2022,Retail,138,Sector
24/06/2022,Travel and accomodation,119,Sector
24/06/2022,Automotive Fuel,163,Sector
24/06/2022,Food and Drink,122,Sector
24/06/2022,Entertainment,70,Sector
24/06/2022,"Pubs, restaurants, and fast food",106,Sector
25/06/2022,Retail,139,Sector
25/06/2022,Travel and accomodation,117,Sector
25/06/2022,Automotive Fuel,164,Sector
25/06/2022,Food and Drink,122,Sector
25/06/2022,Entertainment,69,Sector
25/06/2022,"Pubs, restaurants, and fast food",106,Sector
26/06/2022,Retail,140,Sector
26/06/2022,Travel and accomodation,116,Sector
26/06/2022,Automotive Fuel,165,Sector
26/06/2022,Food and Drink,122,Sector
26/06/2022,Entertainment,70,Sector
26/06/2022,"Pubs, restaurants, and fast food",107,Sector
27/06/2022,Retail,142,Sector
27/06/2022,Travel and accomodation,115,Sector
27/06/2022,Automotive Fuel,165,Sector
27/06/2022,Food and Drink,122,Sector
27/06/2022,Entertainment,71,Sector
27/06/2022,"Pubs, restaurants, and fast food",107,Sector
28/06/2022,Retail,146,Sector
28/06/2022,Travel and accomodation,115,Sector
28/06/2022,Automotive Fuel,165,Sector
28/06/2022,Food and Drink,122,Sector
28/06/2022,Entertainment,72,Sector
28/06/2022,"Pubs, restaurants, and fast food",108,Sector
29/06/2022,Retail,148,Sector
29/06/2022,Travel and accomodation,117,Sector
29/06/2022,Automotive Fuel,166,Sector
29/06/2022,Food and Drink,122,Sector
29/06/2022,Entertainment,74,Sector
29/06/2022,"Pubs, restaurants, and fast food",108,Sector
30/06/2022,Retail,153,Sector
30/06/2022,Travel and accomodation,119,Sector
30/06/2022,Automotive Fuel,167,Sector
30/06/2022,Food and Drink,123,Sector
30/06/2022,Entertainment,76,Sector
30/06/2022,"Pubs, restaurants, and fast food",110,Sector
01/07/2022,Retail,154,Sector
01/07/2022,Travel and accomodation,120,Sector
01/07/2022,Automotive Fuel,168,Sector
01/07/2022,Food and Drink,124,Sector
01/07/2022,Entertainment,78,Sector
01/07/2022,"Pubs, restaurants, and fast food",110,Sector
02/07/2022,Retail,155,Sector
02/07/2022,Travel and accomodation,121,Sector
02/07/2022,Automotive Fuel,169,Sector
02/07/2022,Food and Drink,125,Sector
02/07/2022,Entertainment,80,Sector
02/07/2022,"Pubs, restaurants, and fast food",111,Sector
03/07/2022,Retail,156,Sector
03/07/2022,Travel and accomodation,123,Sector
03/07/2022,Automotive Fuel,170,Sector
03/07/2022,Food and Drink,126,Sector
03/07/2022,Entertainment,80,Sector
03/07/2022,"Pubs, restaurants, and fast food",111,Sector
