,Product,variable,value,factor
735,"A01 Products of agriculture, hunting and related services",Gross value added,0.8394813950732187,total impact
736,"A02 Products of forestry, logging and related services",Gross value added,0.8954103422743236,total impact
737,A03 Fish and other fishing products; aquaculture products; support services to fishing,Gross value added,0.7205032475198593,total impact
738,B05 Coal and lignite,Gross value added,0.8298459808652069,total impact
739,B06 & B07 Extraction Of Crude Petroleum And Natural Gas  & Mining Of Metal Ores,Gross value added,0.877172869,total impact
740,B08 Other mining and quarrying products,Gross value added,0.7566612993826913,total impact
741,B09 Mining support services,Gross value added,0.7397576056215237,total impact
742,C101 Preserved meat and meat products,Gross value added,0.8440332816403949,total impact
743,"C102_3 Processed and preserved fish, crustaceans, molluscs, fruit and vegetables",Gross value added,0.8153175023473812,total impact
744,C104 Vegetable and animal oils and fats,Gross value added,0.5564326784516513,total impact
745,C105 Dairy products,Gross value added,0.8488148322305475,total impact
746,"C106 Grain mill products, starches and starch products",Gross value added,0.6079917742540559,total impact
747,C107 Bakery and farinaceous products,Gross value added,0.8286002575825125,total impact
748,C108 Other food products,Gross value added,0.7939821572242117,total impact
749,C109 Prepared animal feeds,Gross value added,0.7397765705162574,total impact
750,C11.01-6 & C12 Alcoholic beverages  & Tobacco products,Gross value added,0.8081422168427065,total impact
751,C1107 Soft drinks,Gross value added,0.7773065970491015,total impact
752,C13 Textiles,Gross value added,0.7819135355268859,total impact
753,C14 Wearing apparel,Gross value added,0.8665958077960295,total impact
754,C15 Leather and related products,Gross value added,0.7608863353502715,total impact
755,"C16 Wood and of products of wood and cork, except furniture; articles of straw and plaiting materials",Gross value added,0.6466480068346221,total impact
756,C17 Paper and paper products,Gross value added,0.6729327929144762,total impact
757,C18 Printing and recording services,Gross value added,0.7571634621840038,total impact
758,C19 Coke and refined petroleum products,Gross value added,0.2888861133241516,total impact
759,"C203 Paints, varnishes and similar coatings, printing ink and mastics",Gross value added,0.6567077458968652,total impact
760,"C204 Soap and detergents, cleaning and polishing preparations, perfumes and toilet preparations",Gross value added,0.759118598,total impact
761,C205 Other chemical products,Gross value added,0.5915010492555969,total impact
762,"C20A Industrial gases, inorganics and fertilisers (all inorganic chemicals) - 20.11/13/15",Gross value added,0.6358935700961151,total impact
763,C20B Petrochemicals - 20.14/16/17/60,Gross value added,0.5845768288748714,total impact
764,"C20C Dyestuffs, agro-chemicals - 20.12/20",Gross value added,0.7194398074918688,total impact
765,C21 Basic pharmaceutical products and pharmaceutical preparations,Gross value added,0.8167469167069297,total impact
766,C22 Rubber and plastic products,Gross value added,0.6252999475079436,total impact
767,"C235_6 Cement, lime, plaster and articles of concrete, cement and plaster",Gross value added,0.7637143149826766,total impact
768,"C23OTHER Glass, refractory, clay, other porcelain and ceramic, stone and abrasive products - 23.1-4/7-9",Gross value added,0.7534707327600341,total impact
769,C241_3 Basic iron and steel,Gross value added,0.6461678808553415,total impact
770,C244_5 Other basic metals and casting,Gross value added,0.6097651731975262,total impact
771,C254 Weapons and ammunition,Gross value added,0.7697238822629375,total impact
772,"C25OTHER Fabricated metal products, excl. machinery and equipment and weapons & ammunition - 25.1-3/25.5-9",Gross value added,0.7524808486631757,total impact
773,"C26 Computer, electronic and optical products",Gross value added,0.8315472063111533,total impact
774,C27 Electrical equipment,Gross value added,0.7203435755328775,total impact
775,C28 Machinery and equipment n.e.c.,Gross value added,0.7230142136778615,total impact
776,"C29 Motor vehicles, trailers and semi-trailers",Gross value added,0.5834348488677469,total impact
777,C301 Ships and boats,Gross value added,0.8575093403860171,total impact
778,C303 Air and spacecraft and related machinery,Gross value added,0.7486074508743268,total impact
779,C30OTHER Other transport equipment - 30.2/4/9,Gross value added,0.6781640595967768,total impact
780,C31 Furniture,Gross value added,0.8012580141477769,total impact
781,C32 Other manufactured goods,Gross value added,0.7695111502731803,total impact
782,C3315 Repair and maintenance of ships and boats,Gross value added,0.9025965607743988,total impact
783,C3316 Repair and maintenance of aircraft and spacecraft,Gross value added,0.5493028426373978,total impact
784,C33OTHER Rest of repair; Installation - 33.11-14/17/19/20,Gross value added,0.7744107537051143,total impact
785,"D351 Electricity, transmission and distribution",Gross value added,0.7962591140349908,total impact
786,D352_3 Gas; distribution of gaseous fuels through mains; steam and air conditioning supply,Gross value added,0.7653018753652692,total impact
787,E36 Natural water; water treatment and supply services,Gross value added,0.9436075607712625,total impact
788,E37 Sewerage services; sewage sludge,Gross value added,0.9515567305045406,total impact
789,"E38 Waste collection, treatment and disposal services; materials recovery services",Gross value added,0.6700203029875885,total impact
790,E39 Remediation services and other waste management services,Gross value added,0.9116598085715383,total impact
791,"F41, F42 & F43 Construction",Gross value added,0.842626172,total impact
792,G45 Wholesale and retail trade and repair services of motor vehicles and motorcycles,Gross value added,0.8230303,total impact
793,"G46 Wholesale trade services, except of motor vehicles and motorcycles",Gross value added,0.8247186832471813,total impact
794,"G47 Retail trade services, except of motor vehicles and motorcycles",Gross value added,0.8884839672655703,total impact
795,H491_2 Rail transport services,Gross value added,0.7560432272636864,total impact
796,"H493_5 Land transport services and transport services via pipelines, excluding rail transport",Gross value added,0.7873713372760711,total impact
797,H50 Water transport services,Gross value added,0.7433701892052635,total impact
798,H51 Air transport services,Gross value added,0.5658459790443948,total impact
799,H52 Warehousing and support services for transportation,Gross value added,0.8351247710921822,total impact
800,H53 Postal and courier services,Gross value added,0.8440319301349285,total impact
801,I55 Accommodation services,Gross value added,0.8723289048181502,total impact
802,I56 Food and beverage serving services,Gross value added,0.8487078353952777,total impact
803,J58 Publishing services,Gross value added,0.8550423360461532,total impact
804,"J59 & J60 Motion Picture, Video & TV Programme Production, Sound Recording & Music Publishing Activities & Programming And Broadcasting Activities",Gross value added,0.76513457,total impact
805,J61 Telecommunications services,Gross value added,0.8341445749929242,total impact
806,"J62 Computer programming, consultancy and related services",Gross value added,0.838732046,total impact
807,J63 Information services,Gross value added,0.8598420660296134,total impact
808,"K64 Financial services, except insurance and pension funding",Gross value added,0.8585857712131747,total impact
809,"K65.1-2 & K65.3 Insurance, reinsurance and pension funding services, except compulsory social security",Gross value added,0.7666652590813915,total impact
810,K66 Services auxiliary to financial services and insurance services,Gross value added,0.8304130470235648,total impact
811,L683 Real estate services on a fee or contract basis,Gross value added,0.9160244398506029,total impact
812,L68A Owner-Occupiers' Housing Services,Gross value added,0.9714142677562276,total impact
813,"L68BXL683 Real estate services, excluding on a fee or contract basis and imputed rent",Gross value added,0.9135732545538129,total impact
814,M691 Legal services,Gross value added,0.937756606,total impact
815,"M692 Accounting, bookkeeping and auditing services; tax consulting services",Gross value added,0.9265920270438339,total impact
816,M70 Services of head offices; management consulting services,Gross value added,0.7232937091980223,total impact
817,M71 Architectural and engineering services; technical testing and analysis services,Gross value added,0.7970834708561539,total impact
818,M72 Scientific research and development services,Gross value added,0.8380312582289444,total impact
819,M73 Advertising and market research services,Gross value added,0.8643033052198661,total impact
820,"M74 Other professional, scientific and technical services",Gross value added,0.8712456412983748,total impact
821,M75 Veterinary services,Gross value added,0.9469838138927816,total impact
822,N77 Rental and leasing services,Gross value added,0.8931714935524796,total impact
823,N78 Employment services,Gross value added,0.899208571,total impact
824,"N79 Travel agency, tour operator and other reservation services and related services",Gross value added,0.7130300003563524,total impact
825,N80 Security and investigation services,Gross value added,0.9240591521093838,total impact
826,N81 Services to buildings and landscape,Gross value added,0.8945386609459604,total impact
827,"N82 Office administrative, office support and other business support services",Gross value added,0.7599450070911106,total impact
828,O84 Public administration and defence services; compulsory social security services,Gross value added,0.8604079850579073,total impact
829,P85 Education services,Gross value added,0.9257751950877771,total impact
830,Q86 Human health services,Gross value added,0.8248189625289291,total impact
831,Q87 & Q88 Residential Care  & Social Work Activities,Gross value added,0.9084955164011215,total impact
832,"R90 Creative, arts and entertainment services",Gross value added,0.8730436259452883,total impact
833,"R91 Libraries, archives, museums and other cultural services",Gross value added,0.8610171920787149,total impact
834,R92 Gambling and betting services,Gross value added,0.8728205641023659,total impact
835,R93 Sports services and amusement and recreation services,Gross value added,0.8159136142450267,total impact
836,S94 Services furnished by membership organisations,Gross value added,0.9036822221625641,total impact
837,S95 Repair services of computers and personal and household goods,Gross value added,0.8469197079990404,total impact
838,S96 Other personal services,Gross value added,0.9303658902248934,total impact
839,T97 Services of households as employers of domestic personnel,Gross value added,1,total impact
840,"A01 Products of agriculture, hunting and related services",Output,1.9894836960481963,total impact
841,"A02 Products of forestry, logging and related services",Output,1.7265888607015667,total impact
842,A03 Fish and other fishing products; aquaculture products; support services to fishing,Output,1.8650212031882047,total impact
843,B05 Coal and lignite,Output,1.9258207089795074,total impact
844,B06 & B07 Extraction Of Crude Petroleum And Natural Gas  & Mining Of Metal Ores,Output,1.7268594142575764,total impact
845,B08 Other mining and quarrying products,Output,1.9757525477611728,total impact
846,B09 Mining support services,Output,2.0446204663539786,total impact
847,C101 Preserved meat and meat products,Output,2.4354809223636296,total impact
848,"C102_3 Processed and preserved fish, crustaceans, molluscs, fruit and vegetables",Output,2.210210411797186,total impact
849,C104 Vegetable and animal oils and fats,Output,1.9387396337601772,total impact
850,C105 Dairy products,Output,2.4805784881386748,total impact
851,"C106 Grain mill products, starches and starch products",Output,1.8824632628329248,total impact
852,C107 Bakery and farinaceous products,Output,2.034359829257901,total impact
853,C108 Other food products,Output,2.016499076635294,total impact
854,C109 Prepared animal feeds,Output,2.3256588222660994,total impact
855,C11.01-6 & C12 Alcoholic beverages  & Tobacco products,Output,1.8107103003180378,total impact
856,C1107 Soft drinks,Output,2.0831561678773514,total impact
857,C13 Textiles,Output,1.4676381295704426,total impact
858,C14 Wearing apparel,Output,1.5999754559375399,total impact
859,C15 Leather and related products,Output,1.682199552845447,total impact
860,"C16 Wood and of products of wood and cork, except furniture; articles of straw and plaiting materials",Output,1.5016144960125655,total impact
861,C17 Paper and paper products,Output,1.6153369517822593,total impact
862,C18 Printing and recording services,Output,1.6232430066461012,total impact
863,C19 Coke and refined petroleum products,Output,1.332150951,total impact
864,"C203 Paints, varnishes and similar coatings, printing ink and mastics",Output,1.621842135673579,total impact
865,"C204 Soap and detergents, cleaning and polishing preparations, perfumes and toilet preparations",Output,1.6004888973657747,total impact
866,C205 Other chemical products,Output,1.5288423262346926,total impact
867,"C20A Industrial gases, inorganics and fertilisers (all inorganic chemicals) - 20.11/13/15",Output,1.727320148343288,total impact
868,C20B Petrochemicals - 20.14/16/17/60,Output,1.7066279547467151,total impact
869,"C20C Dyestuffs, agro-chemicals - 20.12/20",Output,1.6198211815219972,total impact
870,C21 Basic pharmaceutical products and pharmaceutical preparations,Output,1.614716655249066,total impact
871,C22 Rubber and plastic products,Output,1.5402872046634237,total impact
872,"C235_6 Cement, lime, plaster and articles of concrete, cement and plaster",Output,1.7754233223515363,total impact
873,"C23OTHER Glass, refractory, clay, other porcelain and ceramic, stone and abrasive products - 23.1-4/7-9",Output,1.7736868697116213,total impact
874,C241_3 Basic iron and steel,Output,1.746973875558543,total impact
875,C244_5 Other basic metals and casting,Output,1.4333364010191347,total impact
876,C254 Weapons and ammunition,Output,1.8014441728147892,total impact
877,"C25OTHER Fabricated metal products, excl. machinery and equipment and weapons & ammunition - 25.1-3/25.5-9",Output,1.5233495031180637,total impact
878,"C26 Computer, electronic and optical products",Output,1.499471542307946,total impact
879,C27 Electrical equipment,Output,1.598166207298605,total impact
880,C28 Machinery and equipment n.e.c.,Output,1.5954027318519326,total impact
881,"C29 Motor vehicles, trailers and semi-trailers",Output,1.6834961780992264,total impact
882,C301 Ships and boats,Output,1.9615607836244504,total impact
883,C303 Air and spacecraft and related machinery,Output,1.8002146333379818,total impact
884,C30OTHER Other transport equipment - 30.2/4/9,Output,1.6902986646081366,total impact
885,C31 Furniture,Output,1.6859115889351264,total impact
886,C32 Other manufactured goods,Output,1.607389695119216,total impact
887,C3315 Repair and maintenance of ships and boats,Output,1.409973195593022,total impact
888,C3316 Repair and maintenance of aircraft and spacecraft,Output,1.3741123029855382,total impact
889,C33OTHER Rest of repair; Installation - 33.11-14/17/19/20,Output,1.5905336799139742,total impact
890,"D351 Electricity, transmission and distribution",Output,2.590343865504495,total impact
891,D352_3 Gas; distribution of gaseous fuels through mains; steam and air conditioning supply,Output,2.510561133775408,total impact
892,E36 Natural water; water treatment and supply services,Output,1.4650171846584292,total impact
893,E37 Sewerage services; sewage sludge,Output,1.2269702404068539,total impact
894,"E38 Waste collection, treatment and disposal services; materials recovery services",Output,1.6821039497225982,total impact
895,E39 Remediation services and other waste management services,Output,2.075293786765098,total impact
896,"F41, F42 & F43 Construction",Output,2.1204403139030905,total impact
897,G45 Wholesale and retail trade and repair services of motor vehicles and motorcycles,Output,1.6828009262954595,total impact
898,"G46 Wholesale trade services, except of motor vehicles and motorcycles",Output,1.6285666429237853,total impact
899,"G47 Retail trade services, except of motor vehicles and motorcycles",Output,1.554630035037451,total impact
900,H491_2 Rail transport services,Output,3.0366320009083227,total impact
901,"H493_5 Land transport services and transport services via pipelines, excluding rail transport",Output,1.7454516170538652,total impact
902,H50 Water transport services,Output,1.8949877890328797,total impact
903,H51 Air transport services,Output,1.6609605838369248,total impact
904,H52 Warehousing and support services for transportation,Output,1.7844451113279627,total impact
905,H53 Postal and courier services,Output,1.6125459170988334,total impact
906,I55 Accommodation services,Output,1.657034404726334,total impact
907,I56 Food and beverage serving services,Output,1.6772416529386487,total impact
908,J58 Publishing services,Output,1.592557891173798,total impact
909,"J59 & J60 Motion Picture, Video & TV Programme Production, Sound Recording & Music Publishing Activities & Programming And Broadcasting Activities",Output,1.7166038543990223,total impact
910,J61 Telecommunications services,Output,1.4391663260369247,total impact
911,"J62 Computer programming, consultancy and related services",Output,1.5192835110802538,total impact
912,J63 Information services,Output,1.5894076003017896,total impact
913,"K64 Financial services, except insurance and pension funding",Output,1.6884428064521735,total impact
914,"K65.1-2 & K65.3 Insurance, reinsurance and pension funding services, except compulsory social security",Output,1.5084224991273598,total impact
915,K66 Services auxiliary to financial services and insurance services,Output,1.4412528819750035,total impact
916,L683 Real estate services on a fee or contract basis,Output,1.6524586494208084,total impact
917,L68A Owner-Occupiers' Housing Services,Output,1.3206586077561886,total impact
918,"L68BXL683 Real estate services, excluding on a fee or contract basis and imputed rent",Output,1.5827254968357458,total impact
919,M691 Legal services,Output,1.3354049331138496,total impact
920,"M692 Accounting, bookkeeping and auditing services; tax consulting services",Output,1.2740510704788532,total impact
921,M70 Services of head offices; management consulting services,Output,1.468609524093474,total impact
922,M71 Architectural and engineering services; technical testing and analysis services,Output,1.7546604021842083,total impact
923,M72 Scientific research and development services,Output,1.6682548753659119,total impact
924,M73 Advertising and market research services,Output,1.6080219890764562,total impact
925,"M74 Other professional, scientific and technical services",Output,1.9096752103121977,total impact
926,M75 Veterinary services,Output,1.3393340132058673,total impact
927,N77 Rental and leasing services,Output,1.470988001825532,total impact
928,N78 Employment services,Output,1.514380393428158,total impact
929,"N79 Travel agency, tour operator and other reservation services and related services",Output,1.4858541247528378,total impact
930,N80 Security and investigation services,Output,1.6855293150461264,total impact
931,N81 Services to buildings and landscape,Output,1.9197982246599685,total impact
932,"N82 Office administrative, office support and other business support services",Output,1.3846334554608088,total impact
933,O84 Public administration and defence services; compulsory social security services,Output,1.5603686680373812,total impact
934,P85 Education services,Output,1.3442195942855393,total impact
935,Q86 Human health services,Output,1.5359582485937477,total impact
936,Q87 & Q88 Residential Care  & Social Work Activities,Output,1.523307605080944,total impact
937,"R90 Creative, arts and entertainment services",Output,1.5247578860354174,total impact
938,"R91 Libraries, archives, museums and other cultural services",Output,1.648376355738268,total impact
939,R92 Gambling and betting services,Output,1.7400314199357079,total impact
940,R93 Sports services and amusement and recreation services,Output,1.5941716744907057,total impact
941,S94 Services furnished by membership organisations,Output,1.5394478026339002,total impact
942,S95 Repair services of computers and personal and household goods,Output,1.4414951755601877,total impact
943,S96 Other personal services,Output,1.2933332818681076,total impact
944,T97 Services of households as employers of domestic personnel,Output,1,total impact
0,"A01 Products of agriculture, hunting and related services",Intermediate consumption at basic prices,0.9894836960481964,total impact
1,"A02 Products of forestry, logging and related services",Intermediate consumption at basic prices,0.7265888607015661,total impact
2,A03 Fish and other fishing products; aquaculture products; support services to fishing,Intermediate consumption at basic prices,0.8650212031882047,total impact
3,B05 Coal and lignite,Intermediate consumption at basic prices,0.9258207089795084,total impact
4,B06 & B07 Extraction Of Crude Petroleum And Natural Gas  & Mining Of Metal Ores,Intermediate consumption at basic prices,0.7268594142575765,total impact
5,B08 Other mining and quarrying products,Intermediate consumption at basic prices,0.9757525477611726,total impact
6,B09 Mining support services,Intermediate consumption at basic prices,1.044620466,total impact
7,C101 Preserved meat and meat products,Intermediate consumption at basic prices,1.435480922,total impact
8,"C102_3 Processed and preserved fish, crustaceans, molluscs, fruit and vegetables",Intermediate consumption at basic prices,1.210210411797186,total impact
9,C104 Vegetable and animal oils and fats,Intermediate consumption at basic prices,0.9387396337601777,total impact
10,C105 Dairy products,Intermediate consumption at basic prices,1.480578488138675,total impact
11,"C106 Grain mill products, starches and starch products",Intermediate consumption at basic prices,0.8824632628329252,total impact
12,C107 Bakery and farinaceous products,Intermediate consumption at basic prices,1.034359829257901,total impact
13,C108 Other food products,Intermediate consumption at basic prices,1.016499076635295,total impact
14,C109 Prepared animal feeds,Intermediate consumption at basic prices,1.325658822,total impact
15,C11.01-6 & C12 Alcoholic beverages  & Tobacco products,Intermediate consumption at basic prices,0.8107103003180366,total impact
16,C1107 Soft drinks,Intermediate consumption at basic prices,1.083156167877352,total impact
17,C13 Textiles,Intermediate consumption at basic prices,0.4676381295704429,total impact
18,C14 Wearing apparel,Intermediate consumption at basic prices,0.5999754559375395,total impact
19,C15 Leather and related products,Intermediate consumption at basic prices,0.6821995528454466,total impact
20,"C16 Wood and of products of wood and cork, except furniture; articles of straw and plaiting materials",Intermediate consumption at basic prices,0.5016144960125662,total impact
21,C17 Paper and paper products,Intermediate consumption at basic prices,0.6153369517822594,total impact
22,C18 Printing and recording services,Intermediate consumption at basic prices,0.623243007,total impact
23,C19 Coke and refined petroleum products,Intermediate consumption at basic prices,0.3321509511487807,total impact
24,"C203 Paints, varnishes and similar coatings, printing ink and mastics",Intermediate consumption at basic prices,0.6218421356735794,total impact
25,"C204 Soap and detergents, cleaning and polishing preparations, perfumes and toilet preparations",Intermediate consumption at basic prices,0.6004888973657753,total impact
26,C205 Other chemical products,Intermediate consumption at basic prices,0.5288423262346925,total impact
27,"C20A Industrial gases, inorganics and fertilisers (all inorganic chemicals) - 20.11/13/15",Intermediate consumption at basic prices,0.7273201483432882,total impact
28,C20B Petrochemicals - 20.14/16/17/60,Intermediate consumption at basic prices,0.7066279547467159,total impact
29,"C20C Dyestuffs, agro-chemicals - 20.12/20",Intermediate consumption at basic prices,0.6198211815219976,total impact
30,C21 Basic pharmaceutical products and pharmaceutical preparations,Intermediate consumption at basic prices,0.6147166552490663,total impact
31,C22 Rubber and plastic products,Intermediate consumption at basic prices,0.5402872046634248,total impact
32,"C235_6 Cement, lime, plaster and articles of concrete, cement and plaster",Intermediate consumption at basic prices,0.7754233223515367,total impact
33,"C23OTHER Glass, refractory, clay, other porcelain and ceramic, stone and abrasive products - 23.1-4/7-9",Intermediate consumption at basic prices,0.7736868697116226,total impact
34,C241_3 Basic iron and steel,Intermediate consumption at basic prices,0.7469738755585423,total impact
35,C244_5 Other basic metals and casting,Intermediate consumption at basic prices,0.4333364010191337,total impact
36,C254 Weapons and ammunition,Intermediate consumption at basic prices,0.8014441728147877,total impact
37,"C25OTHER Fabricated metal products, excl. machinery and equipment and weapons & ammunition - 25.1-3/25.5-9",Intermediate consumption at basic prices,0.5233495031180634,total impact
38,"C26 Computer, electronic and optical products",Intermediate consumption at basic prices,0.4994715423079457,total impact
39,C27 Electrical equipment,Intermediate consumption at basic prices,0.5981662072986044,total impact
40,C28 Machinery and equipment n.e.c.,Intermediate consumption at basic prices,0.5954027318519328,total impact
41,"C29 Motor vehicles, trailers and semi-trailers",Intermediate consumption at basic prices,0.6834961780992262,total impact
42,C301 Ships and boats,Intermediate consumption at basic prices,0.9615607836244491,total impact
43,C303 Air and spacecraft and related machinery,Intermediate consumption at basic prices,0.8002146333379825,total impact
44,C30OTHER Other transport equipment - 30.2/4/9,Intermediate consumption at basic prices,0.6902986646081363,total impact
45,C31 Furniture,Intermediate consumption at basic prices,0.685911589,total impact
46,C32 Other manufactured goods,Intermediate consumption at basic prices,0.6073896951192151,total impact
47,C3315 Repair and maintenance of ships and boats,Intermediate consumption at basic prices,0.4099731955930211,total impact
48,C3316 Repair and maintenance of aircraft and spacecraft,Intermediate consumption at basic prices,0.3741123029855379,total impact
49,C33OTHER Rest of repair; Installation - 33.11-14/17/19/20,Intermediate consumption at basic prices,0.5905336799139738,total impact
50,"D351 Electricity, transmission and distribution",Intermediate consumption at basic prices,1.590343865504494,total impact
51,D352_3 Gas; distribution of gaseous fuels through mains; steam and air conditioning supply,Intermediate consumption at basic prices,1.510561133775409,total impact
52,E36 Natural water; water treatment and supply services,Intermediate consumption at basic prices,0.4650171846584298,total impact
53,E37 Sewerage services; sewage sludge,Intermediate consumption at basic prices,0.2269702404068538,total impact
54,"E38 Waste collection, treatment and disposal services; materials recovery services",Intermediate consumption at basic prices,0.6821039497225982,total impact
55,E39 Remediation services and other waste management services,Intermediate consumption at basic prices,1.075293786765098,total impact
56,"F41, F42 & F43 Construction",Intermediate consumption at basic prices,1.120440313903091,total impact
57,G45 Wholesale and retail trade and repair services of motor vehicles and motorcycles,Intermediate consumption at basic prices,0.6828009262954595,total impact
58,"G46 Wholesale trade services, except of motor vehicles and motorcycles",Intermediate consumption at basic prices,0.6285666429237861,total impact
59,"G47 Retail trade services, except of motor vehicles and motorcycles",Intermediate consumption at basic prices,0.554630035,total impact
60,H491_2 Rail transport services,Intermediate consumption at basic prices,2.036632000908323,total impact
61,"H493_5 Land transport services and transport services via pipelines, excluding rail transport",Intermediate consumption at basic prices,0.7454516170538644,total impact
62,H50 Water transport services,Intermediate consumption at basic prices,0.8949877890328789,total impact
63,H51 Air transport services,Intermediate consumption at basic prices,0.6609605838369237,total impact
64,H52 Warehousing and support services for transportation,Intermediate consumption at basic prices,0.7844451113279632,total impact
65,H53 Postal and courier services,Intermediate consumption at basic prices,0.6125459170988332,total impact
66,I55 Accommodation services,Intermediate consumption at basic prices,0.6570344047263345,total impact
67,I56 Food and beverage serving services,Intermediate consumption at basic prices,0.6772416529386496,total impact
68,J58 Publishing services,Intermediate consumption at basic prices,0.592557891,total impact
69,"J59 & J60 Motion Picture, Video & TV Programme Production, Sound Recording & Music Publishing Activities & Programming And Broadcasting Activities",Intermediate consumption at basic prices,0.716603854,total impact
70,J61 Telecommunications services,Intermediate consumption at basic prices,0.4391663260369241,total impact
71,"J62 Computer programming, consultancy and related services",Intermediate consumption at basic prices,0.5192835110802541,total impact
72,J63 Information services,Intermediate consumption at basic prices,0.5894076003017901,total impact
73,"K64 Financial services, except insurance and pension funding",Intermediate consumption at basic prices,0.6884428064521727,total impact
74,"K65.1-2 & K65.3 Insurance, reinsurance and pension funding services, except compulsory social security",Intermediate consumption at basic prices,0.5084224991273605,total impact
75,K66 Services auxiliary to financial services and insurance services,Intermediate consumption at basic prices,0.4412528819750033,total impact
76,L683 Real estate services on a fee or contract basis,Intermediate consumption at basic prices,0.6524586494208087,total impact
77,L68A Owner-Occupiers' Housing Services,Intermediate consumption at basic prices,0.3206586077561892,total impact
78,"L68BXL683 Real estate services, excluding on a fee or contract basis and imputed rent",Intermediate consumption at basic prices,0.5827254968357454,total impact
79,M691 Legal services,Intermediate consumption at basic prices,0.3354049331138507,total impact
80,"M692 Accounting, bookkeeping and auditing services; tax consulting services",Intermediate consumption at basic prices,0.2740510704788527,total impact
81,M70 Services of head offices; management consulting services,Intermediate consumption at basic prices,0.4686095240934736,total impact
82,M71 Architectural and engineering services; technical testing and analysis services,Intermediate consumption at basic prices,0.7546604021842078,total impact
83,M72 Scientific research and development services,Intermediate consumption at basic prices,0.668254875,total impact
84,M73 Advertising and market research services,Intermediate consumption at basic prices,0.6080219890764563,total impact
85,"M74 Other professional, scientific and technical services",Intermediate consumption at basic prices,0.9096752103121982,total impact
86,M75 Veterinary services,Intermediate consumption at basic prices,0.3393340132058666,total impact
87,N77 Rental and leasing services,Intermediate consumption at basic prices,0.4709880018255325,total impact
88,N78 Employment services,Intermediate consumption at basic prices,0.5143803934281574,total impact
89,"N79 Travel agency, tour operator and other reservation services and related services",Intermediate consumption at basic prices,0.485854125,total impact
90,N80 Security and investigation services,Intermediate consumption at basic prices,0.685529315,total impact
91,N81 Services to buildings and landscape,Intermediate consumption at basic prices,0.9197982246599692,total impact
92,"N82 Office administrative, office support and other business support services",Intermediate consumption at basic prices,0.3846334554608083,total impact
93,O84 Public administration and defence services; compulsory social security services,Intermediate consumption at basic prices,0.5603686680373812,total impact
94,P85 Education services,Intermediate consumption at basic prices,0.344219594,total impact
95,Q86 Human health services,Intermediate consumption at basic prices,0.5359582485937474,total impact
96,Q87 & Q88 Residential Care  & Social Work Activities,Intermediate consumption at basic prices,0.5233076050809441,total impact
97,"R90 Creative, arts and entertainment services",Intermediate consumption at basic prices,0.5247578860354175,total impact
98,"R91 Libraries, archives, museums and other cultural services",Intermediate consumption at basic prices,0.6483763557382678,total impact
99,R92 Gambling and betting services,Intermediate consumption at basic prices,0.7400314199357082,total impact
100,R93 Sports services and amusement and recreation services,Intermediate consumption at basic prices,0.5941716744907058,total impact
101,S94 Services furnished by membership organisations,Intermediate consumption at basic prices,0.5394478026338996,total impact
102,S95 Repair services of computers and personal and household goods,Intermediate consumption at basic prices,0.4414951755601882,total impact
103,S96 Other personal services,Intermediate consumption at basic prices,0.2933332818681086,total impact
104,T97 Services of households as employers of domestic personnel,Intermediate consumption at basic prices,0,total impact
420,"A01 Products of agriculture, hunting and related services",Compensation of employees,0.382881836,total impact
421,"A02 Products of forestry, logging and related services",Compensation of employees,0.5304308342987185,total impact
422,A03 Fish and other fishing products; aquaculture products; support services to fishing,Compensation of employees,0.39962568494508705,total impact
423,B05 Coal and lignite,Compensation of employees,0.6574501159751044,total impact
424,B06 & B07 Extraction Of Crude Petroleum And Natural Gas  & Mining Of Metal Ores,Compensation of employees,0.3291279261701796,total impact
425,B08 Other mining and quarrying products,Compensation of employees,0.43990059513215185,total impact
426,B09 Mining support services,Compensation of employees,0.5592264732175696,total impact
427,C101 Preserved meat and meat products,Compensation of employees,0.5331776609784787,total impact
428,"C102_3 Processed and preserved fish, crustaceans, molluscs, fruit and vegetables",Compensation of employees,0.5161218496749955,total impact
429,C104 Vegetable and animal oils and fats,Compensation of employees,0.3723080063666025,total impact
430,C105 Dairy products,Compensation of employees,0.4632025511097758,total impact
431,"C106 Grain mill products, starches and starch products",Compensation of employees,0.37772189295309744,total impact
432,C107 Bakery and farinaceous products,Compensation of employees,0.5662398112176115,total impact
433,C108 Other food products,Compensation of employees,0.520717048,total impact
434,C109 Prepared animal feeds,Compensation of employees,0.43627163728577645,total impact
435,C11.01-6 & C12 Alcoholic beverages  & Tobacco products,Compensation of employees,0.3439646085449739,total impact
436,C1107 Soft drinks,Compensation of employees,0.4650388362484349,total impact
437,C13 Textiles,Compensation of employees,0.4866035023118505,total impact
438,C14 Wearing apparel,Compensation of employees,0.6281079308709641,total impact
439,C15 Leather and related products,Compensation of employees,0.6553515124165229,total impact
440,"C16 Wood and of products of wood and cork, except furniture; articles of straw and plaiting materials",Compensation of employees,0.4091572015949199,total impact
441,C17 Paper and paper products,Compensation of employees,0.45128393181463733,total impact
442,C18 Printing and recording services,Compensation of employees,0.5057033532384172,total impact
443,C19 Coke and refined petroleum products,Compensation of employees,0.11386334836143673,total impact
444,"C203 Paints, varnishes and similar coatings, printing ink and mastics",Compensation of employees,0.4778049556527025,total impact
445,"C204 Soap and detergents, cleaning and polishing preparations, perfumes and toilet preparations",Compensation of employees,0.41972480392248057,total impact
446,C205 Other chemical products,Compensation of employees,0.3004073431895329,total impact
447,"C20A Industrial gases, inorganics and fertilisers (all inorganic chemicals) - 20.11/13/15",Compensation of employees,0.32442522221406284,total impact
448,C20B Petrochemicals - 20.14/16/17/60,Compensation of employees,0.34847599395909035,total impact
449,"C20C Dyestuffs, agro-chemicals - 20.12/20",Compensation of employees,0.3860200292473381,total impact
450,C21 Basic pharmaceutical products and pharmaceutical preparations,Compensation of employees,0.39286120420896553,total impact
451,C22 Rubber and plastic products,Compensation of employees,0.4405103884183235,total impact
452,"C235_6 Cement, lime, plaster and articles of concrete, cement and plaster",Compensation of employees,0.45535181057505436,total impact
453,"C23OTHER Glass, refractory, clay, other porcelain and ceramic, stone and abrasive products - 23.1-4/7-9",Compensation of employees,0.49853749570039174,total impact
454,C241_3 Basic iron and steel,Compensation of employees,0.4290665066906468,total impact
455,C244_5 Other basic metals and casting,Compensation of employees,0.36949255535510295,total impact
456,C254 Weapons and ammunition,Compensation of employees,0.5384990512620386,total impact
457,"C25OTHER Fabricated metal products, excl. machinery and equipment and weapons & ammunition - 25.1-3/25.5-9",Compensation of employees,0.5079039940587243,total impact
458,"C26 Computer, electronic and optical products",Compensation of employees,0.5937163945162174,total impact
459,C27 Electrical equipment,Compensation of employees,0.5265014549647025,total impact
460,C28 Machinery and equipment n.e.c.,Compensation of employees,0.45256818941902616,total impact
461,"C29 Motor vehicles, trailers and semi-trailers",Compensation of employees,0.3958080095754358,total impact
462,C301 Ships and boats,Compensation of employees,0.6597414816095428,total impact
463,C303 Air and spacecraft and related machinery,Compensation of employees,0.4915411404270752,total impact
464,C30OTHER Other transport equipment - 30.2/4/9,Compensation of employees,0.44905058643503015,total impact
465,C31 Furniture,Compensation of employees,0.5790649475968926,total impact
466,C32 Other manufactured goods,Compensation of employees,0.4959534667236289,total impact
467,C3315 Repair and maintenance of ships and boats,Compensation of employees,0.6334650451714696,total impact
468,C3316 Repair and maintenance of aircraft and spacecraft,Compensation of employees,0.41048415921015335,total impact
469,C33OTHER Rest of repair; Installation - 33.11-14/17/19/20,Compensation of employees,0.4985387602254655,total impact
470,"D351 Electricity, transmission and distribution",Compensation of employees,0.2925024711520158,total impact
471,D352_3 Gas; distribution of gaseous fuels through mains; steam and air conditioning supply,Compensation of employees,0.3081775600402247,total impact
472,E36 Natural water; water treatment and supply services,Compensation of employees,0.30641913207297244,total impact
473,E37 Sewerage services; sewage sludge,Compensation of employees,0.2171241934031736,total impact
474,"E38 Waste collection, treatment and disposal services; materials recovery services",Compensation of employees,0.3964991750477599,total impact
475,E39 Remediation services and other waste management services,Compensation of employees,0.41387437461319626,total impact
476,"F41, F42 & F43 Construction",Compensation of employees,0.4492855357695825,total impact
477,G45 Wholesale and retail trade and repair services of motor vehicles and motorcycles,Compensation of employees,0.6735679344645741,total impact
478,"G46 Wholesale trade services, except of motor vehicles and motorcycles",Compensation of employees,0.53769708,total impact
479,"G47 Retail trade services, except of motor vehicles and motorcycles",Compensation of employees,0.5551644299171381,total impact
480,H491_2 Rail transport services,Compensation of employees,1.228204077086969,total impact
481,"H493_5 Land transport services and transport services via pipelines, excluding rail transport",Compensation of employees,0.6145903362078183,total impact
482,H50 Water transport services,Compensation of employees,0.5923715703445398,total impact
483,H51 Air transport services,Compensation of employees,0.5544270688827189,total impact
484,H52 Warehousing and support services for transportation,Compensation of employees,0.6147520900046439,total impact
485,H53 Postal and courier services,Compensation of employees,0.5771456483629875,total impact
486,I55 Accommodation services,Compensation of employees,0.6985630987487685,total impact
487,I56 Food and beverage serving services,Compensation of employees,0.6788577010151434,total impact
488,J58 Publishing services,Compensation of employees,0.5431279697672405,total impact
489,"J59 & J60 Motion Picture, Video & TV Programme Production, Sound Recording & Music Publishing Activities & Programming And Broadcasting Activities",Compensation of employees,0.408948288,total impact
490,J61 Telecommunications services,Compensation of employees,0.4512366005229986,total impact
491,"J62 Computer programming, consultancy and related services",Compensation of employees,0.6077198436139377,total impact
492,J63 Information services,Compensation of employees,0.5485804781222019,total impact
493,"K64 Financial services, except insurance and pension funding",Compensation of employees,0.48501073758811075,total impact
494,"K65.1-2 & K65.3 Insurance, reinsurance and pension funding services, except compulsory social security",Compensation of employees,0.3158199667506722,total impact
495,K66 Services auxiliary to financial services and insurance services,Compensation of employees,0.4831839041234658,total impact
496,L683 Real estate services on a fee or contract basis,Compensation of employees,0.622351422,total impact
497,L68A Owner-Occupiers' Housing Services,Compensation of employees,0.084453372,total impact
498,"L68BXL683 Real estate services, excluding on a fee or contract basis and imputed rent",Compensation of employees,0.322626391,total impact
499,M691 Legal services,Compensation of employees,0.45068664351904053,total impact
500,"M692 Accounting, bookkeeping and auditing services; tax consulting services",Compensation of employees,0.5820756620678696,total impact
501,M70 Services of head offices; management consulting services,Compensation of employees,0.5173918544105855,total impact
502,M71 Architectural and engineering services; technical testing and analysis services,Compensation of employees,0.6148701563069666,total impact
503,M72 Scientific research and development services,Compensation of employees,0.5286482294972129,total impact
504,M73 Advertising and market research services,Compensation of employees,0.5149151569532366,total impact
505,"M74 Other professional, scientific and technical services",Compensation of employees,0.6476213000465764,total impact
506,M75 Veterinary services,Compensation of employees,0.6491167368268309,total impact
507,N77 Rental and leasing services,Compensation of employees,0.4869483185794995,total impact
508,N78 Employment services,Compensation of employees,0.7225767880968038,total impact
509,"N79 Travel agency, tour operator and other reservation services and related services",Compensation of employees,0.7374412138149811,total impact
510,N80 Security and investigation services,Compensation of employees,0.5924495951295877,total impact
511,N81 Services to buildings and landscape,Compensation of employees,0.6176443984958087,total impact
512,"N82 Office administrative, office support and other business support services",Compensation of employees,0.4981557560452571,total impact
513,O84 Public administration and defence services; compulsory social security services,Compensation of employees,0.5871772839032523,total impact
514,P85 Education services,Compensation of employees,0.707190763,total impact
515,Q86 Human health services,Compensation of employees,0.6061255894741722,total impact
516,Q87 & Q88 Residential Care  & Social Work Activities,Compensation of employees,0.7623931360422994,total impact
517,"R90 Creative, arts and entertainment services",Compensation of employees,0.4370846545271557,total impact
518,"R91 Libraries, archives, museums and other cultural services",Compensation of employees,0.6346087900359261,total impact
519,R92 Gambling and betting services,Compensation of employees,0.4809677047548926,total impact
520,R93 Sports services and amusement and recreation services,Compensation of employees,0.6572758805795313,total impact
521,S94 Services furnished by membership organisations,Compensation of employees,0.7587820912354781,total impact
522,S95 Repair services of computers and personal and household goods,Compensation of employees,0.49561766501874566,total impact
523,S96 Other personal services,Compensation of employees,0.3224200728945207,total impact
524,T97 Services of households as employers of domestic personnel,Compensation of employees,1.0003202049311561,total impact
525,"A01 Products of agriculture, hunting and related services",Gross operating surplus and mixed income,0.5221765634162774,total impact
526,"A02 Products of forestry, logging and related services",Gross operating surplus and mixed income,0.3966688422956561,total impact
527,A03 Fish and other fishing products; aquaculture products; support services to fishing,Gross operating surplus and mixed income,0.3683856019201287,total impact
528,B05 Coal and lignite,Gross operating surplus and mixed income,0.3396368339166389,total impact
529,B06 & B07 Extraction Of Crude Petroleum And Natural Gas  & Mining Of Metal Ores,Gross operating surplus and mixed income,0.5742437921071456,total impact
530,B08 Other mining and quarrying products,Gross operating surplus and mixed income,0.3439870555658367,total impact
531,B09 Mining support services,Gross operating surplus and mixed income,0.21267500630503494,total impact
532,C101 Preserved meat and meat products,Gross operating surplus and mixed income,0.34705953554876506,total impact
533,"C102_3 Processed and preserved fish, crustaceans, molluscs, fruit and vegetables",Gross operating surplus and mixed income,0.33630037066212093,total impact
534,C104 Vegetable and animal oils and fats,Gross operating surplus and mixed income,0.27918235126715163,total impact
535,C105 Dairy products,Gross operating surplus and mixed income,0.4403286543480578,total impact
536,"C106 Grain mill products, starches and starch products",Gross operating surplus and mixed income,0.26511770227146103,total impact
537,C107 Bakery and farinaceous products,Gross operating surplus and mixed income,0.28989432496452083,total impact
538,C108 Other food products,Gross operating surplus and mixed income,0.29567570447047925,total impact
539,C109 Prepared animal feeds,Gross operating surplus and mixed income,0.3504143349988448,total impact
540,C11.01-6 & C12 Alcoholic beverages  & Tobacco products,Gross operating surplus and mixed income,0.4941531663303274,total impact
541,C1107 Soft drinks,Gross operating surplus and mixed income,0.353513724,total impact
542,C13 Textiles,Gross operating surplus and mixed income,0.34047217212205577,total impact
543,C14 Wearing apparel,Gross operating surplus and mixed income,0.30368834889233914,total impact
544,C15 Leather and related products,Gross operating surplus and mixed income,0.24097431645408823,total impact
545,"C16 Wood and of products of wood and cork, except furniture; articles of straw and plaiting materials",Gross operating surplus and mixed income,0.27150352510546183,total impact
546,C17 Paper and paper products,Gross operating surplus and mixed income,0.2418624483270141,total impact
547,C18 Printing and recording services,Gross operating surplus and mixed income,0.29630736492633963,total impact
548,C19 Coke and refined petroleum products,Gross operating surplus and mixed income,0.18055591721962652,total impact
549,"C203 Paints, varnishes and similar coatings, printing ink and mastics",Gross operating surplus and mixed income,0.20130406559294844,total impact
550,"C204 Soap and detergents, cleaning and polishing preparations, perfumes and toilet preparations",Gross operating surplus and mixed income,0.3540010040859016,total impact
551,C205 Other chemical products,Gross operating surplus and mixed income,0.31065875293608924,total impact
552,"C20A Industrial gases, inorganics and fertilisers (all inorganic chemicals) - 20.11/13/15",Gross operating surplus and mixed income,0.33869273905943487,total impact
553,C20B Petrochemicals - 20.14/16/17/60,Gross operating surplus and mixed income,0.24951193840582941,total impact
554,"C20C Dyestuffs, agro-chemicals - 20.12/20",Gross operating surplus and mixed income,0.3663953698353946,total impact
555,C21 Basic pharmaceutical products and pharmaceutical preparations,Gross operating surplus and mixed income,0.43930336866217234,total impact
556,C22 Rubber and plastic products,Gross operating surplus and mixed income,0.209141455,total impact
557,"C235_6 Cement, lime, plaster and articles of concrete, cement and plaster",Gross operating surplus and mixed income,0.34105612948465663,total impact
558,"C23OTHER Glass, refractory, clay, other porcelain and ceramic, stone and abrasive products - 23.1-4/7-9",Gross operating surplus and mixed income,0.2896120862211306,total impact
559,C241_3 Basic iron and steel,Gross operating surplus and mixed income,0.23618068451167765,total impact
560,C244_5 Other basic metals and casting,Gross operating surplus and mixed income,0.2685500065795819,total impact
561,C254 Weapons and ammunition,Gross operating surplus and mixed income,0.27922144522327647,total impact
562,"C25OTHER Fabricated metal products, excl. machinery and equipment and weapons & ammunition - 25.1-3/25.5-9",Gross operating surplus and mixed income,0.27567044960794806,total impact
563,"C26 Computer, electronic and optical products",Gross operating surplus and mixed income,0.255831949,total impact
564,C27 Electrical equipment,Gross operating surplus and mixed income,0.21574896481507183,total impact
565,C28 Machinery and equipment n.e.c.,Gross operating surplus and mixed income,0.29337391900202325,total impact
566,"C29 Motor vehicles, trailers and semi-trailers",Gross operating surplus and mixed income,0.21491237256390305,total impact
567,C301 Ships and boats,Gross operating surplus and mixed income,0.25714262610544447,total impact
568,C303 Air and spacecraft and related machinery,Gross operating surplus and mixed income,0.27528116557479637,total impact
569,C30OTHER Other transport equipment - 30.2/4/9,Gross operating surplus and mixed income,0.30277422002757615,total impact
570,C31 Furniture,Gross operating surplus and mixed income,0.26808139181293145,total impact
571,C32 Other manufactured goods,Gross operating surplus and mixed income,0.30866119792622676,total impact
572,C3315 Repair and maintenance of ships and boats,Gross operating surplus and mixed income,0.4070481405165061,total impact
573,C3316 Repair and maintenance of aircraft and spacecraft,Gross operating surplus and mixed income,0.179484089,total impact
574,C33OTHER Rest of repair; Installation - 33.11-14/17/19/20,Gross operating surplus and mixed income,0.3008590435516878,total impact
575,"D351 Electricity, transmission and distribution",Gross operating surplus and mixed income,0.4912254582156501,total impact
576,D352_3 Gas; distribution of gaseous fuels through mains; steam and air conditioning supply,Gross operating surplus and mixed income,0.44626415019195864,total impact
577,E36 Natural water; water treatment and supply services,Gross operating surplus and mixed income,0.6170821966837202,total impact
578,E37 Sewerage services; sewage sludge,Gross operating surplus and mixed income,0.7331466981926398,total impact
579,"E38 Waste collection, treatment and disposal services; materials recovery services",Gross operating surplus and mixed income,0.2904701327091873,total impact
580,E39 Remediation services and other waste management services,Gross operating surplus and mixed income,0.5258477746266644,total impact
581,"F41, F42 & F43 Construction",Gross operating surplus and mixed income,0.46555816581369225,total impact
582,G45 Wholesale and retail trade and repair services of motor vehicles and motorcycles,Gross operating surplus and mixed income,0.1967738769654851,total impact
583,"G46 Wholesale trade services, except of motor vehicles and motorcycles",Gross operating surplus and mixed income,0.3180670778405207,total impact
584,"G47 Retail trade services, except of motor vehicles and motorcycles",Gross operating surplus and mixed income,0.35751495324307037,total impact
585,H491_2 Rail transport services,Gross operating surplus and mixed income,0.5664659278343561,total impact
586,"H493_5 Land transport services and transport services via pipelines, excluding rail transport",Gross operating surplus and mixed income,0.2610332791628047,total impact
587,H50 Water transport services,Gross operating surplus and mixed income,0.16411689737048973,total impact
588,H51 Air transport services,Gross operating surplus and mixed income,0.060596399,total impact
589,H52 Warehousing and support services for transportation,Gross operating surplus and mixed income,0.23282685873443948,total impact
590,H53 Postal and courier services,Gross operating surplus and mixed income,0.2758036979680621,total impact
591,I55 Accommodation services,Gross operating surplus and mixed income,0.2638819415605027,total impact
592,I56 Food and beverage serving services,Gross operating surplus and mixed income,0.26001924574924384,total impact
593,J58 Publishing services,Gross operating surplus and mixed income,0.34252028397485207,total impact
594,"J59 & J60 Motion Picture, Video & TV Programme Production, Sound Recording & Music Publishing Activities & Programming And Broadcasting Activities",Gross operating surplus and mixed income,0.4388931720180713,total impact
595,J61 Telecommunications services,Gross operating surplus and mixed income,0.39851666405064834,total impact
596,"J62 Computer programming, consultancy and related services",Gross operating surplus and mixed income,0.25347915299126544,total impact
597,J63 Information services,Gross operating surplus and mixed income,0.35056004584314376,total impact
598,"K64 Financial services, except insurance and pension funding",Gross operating surplus and mixed income,0.37756143918530227,total impact
599,"K65.1-2 & K65.3 Insurance, reinsurance and pension funding services, except compulsory social security",Gross operating surplus and mixed income,0.4493555641436676,total impact
600,K66 Services auxiliary to financial services and insurance services,Gross operating surplus and mixed income,0.3510761014909319,total impact
601,L683 Real estate services on a fee or contract basis,Gross operating surplus and mixed income,0.3473476078807425,total impact
602,L68A Owner-Occupiers' Housing Services,Gross operating surplus and mixed income,0.8918418513622898,total impact
603,"L68BXL683 Real estate services, excluding on a fee or contract basis and imputed rent",Gross operating surplus and mixed income,0.6331762405803318,total impact
604,M691 Legal services,Gross operating surplus and mixed income,0.5185414405403782,total impact
605,"M692 Accounting, bookkeeping and auditing services; tax consulting services",Gross operating surplus and mixed income,0.36920839800334776,total impact
606,M70 Services of head offices; management consulting services,Gross operating surplus and mixed income,0.23127261119626633,total impact
607,M71 Architectural and engineering services; technical testing and analysis services,Gross operating surplus and mixed income,0.21262344993538346,total impact
608,M72 Scientific research and development services,Gross operating surplus and mixed income,0.33309243904355756,total impact
609,M73 Advertising and market research services,Gross operating surplus and mixed income,0.3946229617736585,total impact
610,"M74 Other professional, scientific and technical services",Gross operating surplus and mixed income,0.28634212703875894,total impact
611,M75 Veterinary services,Gross operating surplus and mixed income,0.3634209996545714,total impact
612,N77 Rental and leasing services,Gross operating surplus and mixed income,0.44093987293954673,total impact
613,N78 Employment services,Gross operating surplus and mixed income,0.21088303548673806,total impact
614,"N79 Travel agency, tour operator and other reservation services and related services",Gross operating surplus and mixed income,0.037044157,total impact
615,N80 Security and investigation services,Gross operating surplus and mixed income,0.4103070921231777,total impact
616,N81 Services to buildings and landscape,Gross operating surplus and mixed income,0.4126161355082845,total impact
617,"N82 Office administrative, office support and other business support services",Gross operating surplus and mixed income,0.2904414172487555,total impact
618,O84 Public administration and defence services; compulsory social security services,Gross operating surplus and mixed income,0.29112190216044714,total impact
619,P85 Education services,Gross operating surplus and mixed income,0.23997628352388425,total impact
620,Q86 Human health services,Gross operating surplus and mixed income,0.23958426980229466,total impact
621,Q87 & Q88 Residential Care  & Social Work Activities,Gross operating surplus and mixed income,0.1788758869266192,total impact
622,"R90 Creative, arts and entertainment services",Gross operating surplus and mixed income,0.5588106749288229,total impact
623,"R91 Libraries, archives, museums and other cultural services",Gross operating surplus and mixed income,0.3118913667209715,total impact
624,R92 Gambling and betting services,Gross operating surplus and mixed income,0.4467407589183715,total impact
625,R93 Sports services and amusement and recreation services,Gross operating surplus and mixed income,0.2654404684603618,total impact
626,S94 Services furnished by membership organisations,Gross operating surplus and mixed income,0.18949772018791383,total impact
627,S95 Repair services of computers and personal and household goods,Gross operating surplus and mixed income,0.40016569040697475,total impact
628,S96 Other personal services,Gross operating surplus and mixed income,0.6981503678442091,total impact
629,T97 Services of households as employers of domestic personnel,Gross operating surplus and mixed income,0,total impact
630,"A01 Products of agriculture, hunting and related services",Taxes less subsidies on production,-0.065577005,total impact
631,"A02 Products of forestry, logging and related services",Taxes less subsidies on production,-0.031689334,total impact
632,A03 Fish and other fishing products; aquaculture products; support services to fishing,Taxes less subsidies on production,-0.047508039,total impact
633,B05 Coal and lignite,Taxes less subsidies on production,-0.167240969,total impact
634,B06 & B07 Extraction Of Crude Petroleum And Natural Gas  & Mining Of Metal Ores,Taxes less subsidies on production,-0.02619885,total impact
635,B08 Other mining and quarrying products,Taxes less subsidies on production,-0.027226351,total impact
636,B09 Mining support services,Taxes less subsidies on production,-0.032143874,total impact
637,C101 Preserved meat and meat products,Taxes less subsidies on production,-0.036203915,total impact
638,"C102_3 Processed and preserved fish, crustaceans, molluscs, fruit and vegetables",Taxes less subsidies on production,-0.037104718,total impact
639,C104 Vegetable and animal oils and fats,Taxes less subsidies on production,-0.095057679,total impact
640,C105 Dairy products,Taxes less subsidies on production,-0.054716373,total impact
641,"C106 Grain mill products, starches and starch products",Taxes less subsidies on production,-0.034847821,total impact
642,C107 Bakery and farinaceous products,Taxes less subsidies on production,-0.027533879,total impact
643,C108 Other food products,Taxes less subsidies on production,-0.022410595,total impact
644,C109 Prepared animal feeds,Taxes less subsidies on production,-0.046909402,total impact
645,C11.01-6 & C12 Alcoholic beverages  & Tobacco products,Taxes less subsidies on production,-0.029975558,total impact
646,C1107 Soft drinks,Taxes less subsidies on production,-0.041245963,total impact
647,C13 Textiles,Taxes less subsidies on production,-0.045162139,total impact
648,C14 Wearing apparel,Taxes less subsidies on production,-0.065200472,total impact
649,C15 Leather and related products,Taxes less subsidies on production,-0.135439494,total impact
650,"C16 Wood and of products of wood and cork, except furniture; articles of straw and plaiting materials",Taxes less subsidies on production,-0.03401272,total impact
651,C17 Paper and paper products,Taxes less subsidies on production,-0.020213587,total impact
652,C18 Printing and recording services,Taxes less subsidies on production,-0.044847256,total impact
653,C19 Coke and refined petroleum products,Taxes less subsidies on production,-0.005533152,total impact
654,"C203 Paints, varnishes and similar coatings, printing ink and mastics",Taxes less subsidies on production,-0.022401275,total impact
655,"C204 Soap and detergents, cleaning and polishing preparations, perfumes and toilet preparations",Taxes less subsidies on production,-0.01460721,total impact
656,C205 Other chemical products,Taxes less subsidies on production,-0.019565047,total impact
657,"C20A Industrial gases, inorganics and fertilisers (all inorganic chemicals) - 20.11/13/15",Taxes less subsidies on production,-0.027224391,total impact
658,C20B Petrochemicals - 20.14/16/17/60,Taxes less subsidies on production,-0.013411103,total impact
659,"C20C Dyestuffs, agro-chemicals - 20.12/20",Taxes less subsidies on production,-0.032975592,total impact
660,C21 Basic pharmaceutical products and pharmaceutical preparations,Taxes less subsidies on production,-0.015417656,total impact
661,C22 Rubber and plastic products,Taxes less subsidies on production,-0.024351896,total impact
662,"C235_6 Cement, lime, plaster and articles of concrete, cement and plaster",Taxes less subsidies on production,-0.032693625,total impact
663,"C23OTHER Glass, refractory, clay, other porcelain and ceramic, stone and abrasive products - 23.1-4/7-9",Taxes less subsidies on production,-0.034678849,total impact
664,C241_3 Basic iron and steel,Taxes less subsidies on production,-0.01907931,total impact
665,C244_5 Other basic metals and casting,Taxes less subsidies on production,-0.028277389,total impact
666,C254 Weapons and ammunition,Taxes less subsidies on production,-0.047996614,total impact
667,"C25OTHER Fabricated metal products, excl. machinery and equipment and weapons & ammunition - 25.1-3/25.5-9",Taxes less subsidies on production,-0.031093595,total impact
668,"C26 Computer, electronic and optical products",Taxes less subsidies on production,-0.018001137,total impact
669,C27 Electrical equipment,Taxes less subsidies on production,-0.021906844,total impact
670,C28 Machinery and equipment n.e.c.,Taxes less subsidies on production,-0.022927895,total impact
671,"C29 Motor vehicles, trailers and semi-trailers",Taxes less subsidies on production,-0.027285533,total impact
672,C301 Ships and boats,Taxes less subsidies on production,-0.059374767,total impact
673,C303 Air and spacecraft and related machinery,Taxes less subsidies on production,-0.018214855,total impact
674,C30OTHER Other transport equipment - 30.2/4/9,Taxes less subsidies on production,-0.073660747,total impact
675,C31 Furniture,Taxes less subsidies on production,-0.045888325,total impact
676,C32 Other manufactured goods,Taxes less subsidies on production,-0.035103514,total impact
677,C3315 Repair and maintenance of ships and boats,Taxes less subsidies on production,-0.137916625,total impact
678,C3316 Repair and maintenance of aircraft and spacecraft,Taxes less subsidies on production,-0.040665406,total impact
679,C33OTHER Rest of repair; Installation - 33.11-14/17/19/20,Taxes less subsidies on production,-0.02498705,total impact
680,"D351 Electricity, transmission and distribution",Taxes less subsidies on production,0.012531184667325085,total impact
681,D352_3 Gas; distribution of gaseous fuels through mains; steam and air conditioning supply,Taxes less subsidies on production,0.010860165133085981,total impact
682,E36 Natural water; water treatment and supply services,Taxes less subsidies on production,0.020106232014570086,total impact
683,E37 Sewerage services; sewage sludge,Taxes less subsidies on production,0.001285839,total impact
684,"E38 Waste collection, treatment and disposal services; materials recovery services",Taxes less subsidies on production,-0.016949005,total impact
685,E39 Remediation services and other waste management services,Taxes less subsidies on production,-0.028062341,total impact
686,"F41, F42 & F43 Construction",Taxes less subsidies on production,-0.072217529,total impact
687,G45 Wholesale and retail trade and repair services of motor vehicles and motorcycles,Taxes less subsidies on production,-0.047311511,total impact
688,"G46 Wholesale trade services, except of motor vehicles and motorcycles",Taxes less subsidies on production,-0.031045475,total impact
689,"G47 Retail trade services, except of motor vehicles and motorcycles",Taxes less subsidies on production,-0.024195416,total impact
690,H491_2 Rail transport services,Taxes less subsidies on production,-1.038626778,total impact
691,"H493_5 Land transport services and transport services via pipelines, excluding rail transport",Taxes less subsidies on production,-0.088252278,total impact
692,H50 Water transport services,Taxes less subsidies on production,-0.013118279,total impact
693,H51 Air transport services,Taxes less subsidies on production,-0.049177489,total impact
694,H52 Warehousing and support services for transportation,Taxes less subsidies on production,-0.012454178,total impact
695,H53 Postal and courier services,Taxes less subsidies on production,-0.008917416,total impact
696,I55 Accommodation services,Taxes less subsidies on production,-0.090116135,total impact
697,I56 Food and beverage serving services,Taxes less subsidies on production,-0.090169111,total impact
698,J58 Publishing services,Taxes less subsidies on production,-0.030605918,total impact
699,"J59 & J60 Motion Picture, Video & TV Programme Production, Sound Recording & Music Publishing Activities & Programming And Broadcasting Activities",Taxes less subsidies on production,-0.08270689,total impact
700,J61 Telecommunications services,Taxes less subsidies on production,-0.01560869,total impact
701,"J62 Computer programming, consultancy and related services",Taxes less subsidies on production,-0.02246695,total impact
702,J63 Information services,Taxes less subsidies on production,-0.039298458,total impact
703,"K64 Financial services, except insurance and pension funding",Taxes less subsidies on production,-0.003986406,total impact
704,"K65.1-2 & K65.3 Insurance, reinsurance and pension funding services, except compulsory social security",Taxes less subsidies on production,0.001489728,total impact
705,K66 Services auxiliary to financial services and insurance services,Taxes less subsidies on production,-0.003846959,total impact
706,L683 Real estate services on a fee or contract basis,Taxes less subsidies on production,-0.05367459,total impact
707,L68A Owner-Occupiers' Housing Services,Taxes less subsidies on production,-0.004880956,total impact
708,"L68BXL683 Real estate services, excluding on a fee or contract basis and imputed rent",Taxes less subsidies on production,-0.042229377,total impact
709,M691 Legal services,Taxes less subsidies on production,-0.031471478,total impact
710,"M692 Accounting, bookkeeping and auditing services; tax consulting services",Taxes less subsidies on production,-0.024692033,total impact
711,M70 Services of head offices; management consulting services,Taxes less subsidies on production,-0.025370756,total impact
712,M71 Architectural and engineering services; technical testing and analysis services,Taxes less subsidies on production,-0.030410135,total impact
713,M72 Scientific research and development services,Taxes less subsidies on production,-0.02370941,total impact
714,M73 Advertising and market research services,Taxes less subsidies on production,-0.045234814,total impact
715,"M74 Other professional, scientific and technical services",Taxes less subsidies on production,-0.062717786,total impact
716,M75 Veterinary services,Taxes less subsidies on production,-0.065553923,total impact
717,N77 Rental and leasing services,Taxes less subsidies on production,-0.034716698,total impact
718,N78 Employment services,Taxes less subsidies on production,-0.034251253,total impact
719,"N79 Travel agency, tour operator and other reservation services and related services",Taxes less subsidies on production,-0.061455371,total impact
720,N80 Security and investigation services,Taxes less subsidies on production,-0.078697535,total impact
721,N81 Services to buildings and landscape,Taxes less subsidies on production,-0.135721873,total impact
722,"N82 Office administrative, office support and other business support services",Taxes less subsidies on production,-0.028652166,total impact
723,O84 Public administration and defence services; compulsory social security services,Taxes less subsidies on production,-0.017891201,total impact
724,P85 Education services,Taxes less subsidies on production,-0.021391851,total impact
725,Q86 Human health services,Taxes less subsidies on production,-0.020890897,total impact
726,Q87 & Q88 Residential Care  & Social Work Activities,Taxes less subsidies on production,-0.032773507,total impact
727,"R90 Creative, arts and entertainment services",Taxes less subsidies on production,-0.122851704,total impact
728,"R91 Libraries, archives, museums and other cultural services",Taxes less subsidies on production,-0.085482965,total impact
729,R92 Gambling and betting services,Taxes less subsidies on production,-0.0548879,total impact
730,R93 Sports services and amusement and recreation services,Taxes less subsidies on production,-0.106802735,total impact
731,S94 Services furnished by membership organisations,Taxes less subsidies on production,-0.044597589,total impact
732,S95 Repair services of computers and personal and household goods,Taxes less subsidies on production,-0.048863647,total impact
733,S96 Other personal services,Taxes less subsidies on production,-0.090204551,total impact
734,T97 Services of households as employers of domestic personnel,Taxes less subsidies on production,-0.000320205,total impact
315,"A01 Products of agriculture, hunting and related services",Intermediate consumption at purchaser's prices,1.150002300974978,total impact
316,"A02 Products of forestry, logging and related services",Intermediate consumption at purchaser's prices,0.8311785184272417,total impact
317,A03 Fish and other fishing products; aquaculture products; support services to fishing,Intermediate consumption at purchaser's prices,1.144517955668346,total impact
318,B05 Coal and lignite,Intermediate consumption at purchaser's prices,1.095974728114302,total impact
319,B06 & B07 Extraction Of Crude Petroleum And Natural Gas  & Mining Of Metal Ores,Intermediate consumption at purchaser's prices,0.8496865456835596,total impact
320,B08 Other mining and quarrying products,Intermediate consumption at purchaser's prices,1.219091248378481,total impact
321,B09 Mining support services,Intermediate consumption at purchaser's prices,1.304862860732455,total impact
322,C101 Preserved meat and meat products,Intermediate consumption at purchaser's prices,1.591447640723234,total impact
323,"C102_3 Processed and preserved fish, crustaceans, molluscs, fruit and vegetables",Intermediate consumption at purchaser's prices,1.394892909449806,total impact
324,C104 Vegetable and animal oils and fats,Intermediate consumption at purchaser's prices,1.382306955308525,total impact
325,C105 Dairy products,Intermediate consumption at purchaser's prices,1.631763655908126,total impact
326,"C106 Grain mill products, starches and starch products",Intermediate consumption at purchaser's prices,1.274471488578869,total impact
327,C107 Bakery and farinaceous products,Intermediate consumption at purchaser's prices,1.205759571675388,total impact
328,C108 Other food products,Intermediate consumption at purchaser's prices,1.222516919411082,total impact
329,C109 Prepared animal feeds,Intermediate consumption at purchaser's prices,1.585882251749843,total impact
330,C11.01-6 & C12 Alcoholic beverages  & Tobacco products,Intermediate consumption at purchaser's prices,1.002568083,total impact
331,C1107 Soft drinks,Intermediate consumption at purchaser's prices,1.305849571,total impact
332,C13 Textiles,Intermediate consumption at purchaser's prices,0.6857245940435568,total impact
333,C14 Wearing apparel,Intermediate consumption at purchaser's prices,0.7333796481415104,total impact
334,C15 Leather and related products,Intermediate consumption at purchaser's prices,0.9213132174951753,total impact
335,"C16 Wood and of products of wood and cork, except furniture; articles of straw and plaiting materials",Intermediate consumption at purchaser's prices,0.8549664891779439,total impact
336,C17 Paper and paper products,Intermediate consumption at purchaser's prices,0.9424041588677847,total impact
337,C18 Printing and recording services,Intermediate consumption at purchaser's prices,0.8660795444620969,total impact
338,C19 Coke and refined petroleum products,Intermediate consumption at purchaser's prices,1.043264837824629,total impact
339,"C203 Paints, varnishes and similar coatings, printing ink and mastics",Intermediate consumption at purchaser's prices,0.9651343897767136,total impact
340,"C204 Soap and detergents, cleaning and polishing preparations, perfumes and toilet preparations",Intermediate consumption at purchaser's prices,0.8413702989342096,total impact
341,C205 Other chemical products,Intermediate consumption at purchaser's prices,0.9373412769790951,total impact
342,"C20A Industrial gases, inorganics and fertilisers (all inorganic chemicals) - 20.11/13/15",Intermediate consumption at purchaser's prices,1.091426578247173,total impact
343,C20B Petrochemicals - 20.14/16/17/60,Intermediate consumption at purchaser's prices,1.122051125871844,total impact
344,"C20C Dyestuffs, agro-chemicals - 20.12/20",Intermediate consumption at purchaser's prices,0.9003813740301297,total impact
345,C21 Basic pharmaceutical products and pharmaceutical preparations,Intermediate consumption at purchaser's prices,0.7979697385421366,total impact
346,C22 Rubber and plastic products,Intermediate consumption at purchaser's prices,0.9149872571554806,total impact
347,"C235_6 Cement, lime, plaster and articles of concrete, cement and plaster",Intermediate consumption at purchaser's prices,1.011709007,total impact
348,"C23OTHER Glass, refractory, clay, other porcelain and ceramic, stone and abrasive products - 23.1-4/7-9",Intermediate consumption at purchaser's prices,1.020216136951589,total impact
349,C241_3 Basic iron and steel,Intermediate consumption at purchaser's prices,1.100805994703201,total impact
350,C244_5 Other basic metals and casting,Intermediate consumption at purchaser's prices,0.8235712278216075,total impact
351,C254 Weapons and ammunition,Intermediate consumption at purchaser's prices,1.031720290551851,total impact
352,"C25OTHER Fabricated metal products, excl. machinery and equipment and weapons & ammunition - 25.1-3/25.5-9",Intermediate consumption at purchaser's prices,0.7708686544548874,total impact
353,"C26 Computer, electronic and optical products",Intermediate consumption at purchaser's prices,0.6679243359967924,total impact
354,C27 Electrical equipment,Intermediate consumption at purchaser's prices,0.8778226317657263,total impact
355,C28 Machinery and equipment n.e.c.,Intermediate consumption at purchaser's prices,0.8723885181740716,total impact
356,"C29 Motor vehicles, trailers and semi-trailers",Intermediate consumption at purchaser's prices,1.100061329231479,total impact
357,C301 Ships and boats,Intermediate consumption at purchaser's prices,1.104051443238432,total impact
358,C303 Air and spacecraft and related machinery,Intermediate consumption at purchaser's prices,1.051607182463655,total impact
359,C30OTHER Other transport equipment - 30.2/4/9,Intermediate consumption at purchaser's prices,1.012134605,total impact
360,C31 Furniture,Intermediate consumption at purchaser's prices,0.8846535747873493,total impact
361,C32 Other manufactured goods,Intermediate consumption at purchaser's prices,0.8378785448460351,total impact
362,C3315 Repair and maintenance of ships and boats,Intermediate consumption at purchaser's prices,0.5073766348186224,total impact
363,C3316 Repair and maintenance of aircraft and spacecraft,Intermediate consumption at purchaser's prices,0.8248094603481402,total impact
364,C33OTHER Rest of repair; Installation - 33.11-14/17/19/20,Intermediate consumption at purchaser's prices,0.8161229262088585,total impact
365,"D351 Electricity, transmission and distribution",Intermediate consumption at purchaser's prices,1.794084751469502,total impact
366,D352_3 Gas; distribution of gaseous fuels through mains; steam and air conditioning supply,Intermediate consumption at purchaser's prices,1.745259258,total impact
367,E36 Natural water; water treatment and supply services,Intermediate consumption at purchaser's prices,0.5214096238871675,total impact
368,E37 Sewerage services; sewage sludge,Intermediate consumption at purchaser's prices,0.2754135099023131,total impact
369,"E38 Waste collection, treatment and disposal services; materials recovery services",Intermediate consumption at purchaser's prices,1.012083646735009,total impact
370,E39 Remediation services and other waste management services,Intermediate consumption at purchaser's prices,1.163633978193561,total impact
371,"F41, F42 & F43 Construction",Intermediate consumption at purchaser's prices,1.277814141596281,total impact
372,G45 Wholesale and retail trade and repair services of motor vehicles and motorcycles,Intermediate consumption at purchaser's prices,0.8597706261822274,total impact
373,"G46 Wholesale trade services, except of motor vehicles and motorcycles",Intermediate consumption at purchaser's prices,0.80384796,total impact
374,"G47 Retail trade services, except of motor vehicles and motorcycles",Intermediate consumption at purchaser's prices,0.6661460677718796,total impact
375,H491_2 Rail transport services,Intermediate consumption at purchaser's prices,2.280588773644636,total impact
376,"H493_5 Land transport services and transport services via pipelines, excluding rail transport",Intermediate consumption at purchaser's prices,0.9580802797777931,total impact
377,H50 Water transport services,Intermediate consumption at purchaser's prices,1.151617599827615,total impact
378,H51 Air transport services,Intermediate consumption at purchaser's prices,1.095114604792529,total impact
379,H52 Warehousing and support services for transportation,Intermediate consumption at purchaser's prices,0.9493203402357813,total impact
380,H53 Postal and courier services,Intermediate consumption at purchaser's prices,0.7685139869639047,total impact
381,I55 Accommodation services,Intermediate consumption at purchaser's prices,0.7847054999081846,total impact
382,I56 Food and beverage serving services,Intermediate consumption at purchaser's prices,0.8285338175433722,total impact
383,J58 Publishing services,Intermediate consumption at purchaser's prices,0.7375155551276442,total impact
384,"J59 & J60 Motion Picture, Video & TV Programme Production, Sound Recording & Music Publishing Activities & Programming And Broadcasting Activities",Intermediate consumption at purchaser's prices,0.9514692842942638,total impact
385,J61 Telecommunications services,Intermediate consumption at purchaser's prices,0.6050217510440001,total impact
386,"J62 Computer programming, consultancy and related services",Intermediate consumption at purchaser's prices,0.6805514648336078,total impact
387,J63 Information services,Intermediate consumption at purchaser's prices,0.729565534,total impact
388,"K64 Financial services, except insurance and pension funding",Intermediate consumption at purchaser's prices,0.829857035,total impact
389,"K65.1-2 & K65.3 Insurance, reinsurance and pension funding services, except compulsory social security",Intermediate consumption at purchaser's prices,0.7417572400459691,total impact
390,K66 Services auxiliary to financial services and insurance services,Intermediate consumption at purchaser's prices,0.6108398349514389,total impact
391,L683 Real estate services on a fee or contract basis,Intermediate consumption at purchaser's prices,0.73643421,total impact
392,L68A Owner-Occupiers' Housing Services,Intermediate consumption at purchaser's prices,0.3492443399999616,total impact
393,"L68BXL683 Real estate services, excluding on a fee or contract basis and imputed rent",Intermediate consumption at purchaser's prices,0.6691522422819329,total impact
394,M691 Legal services,Intermediate consumption at purchaser's prices,0.3976483272827877,total impact
395,"M692 Accounting, bookkeeping and auditing services; tax consulting services",Intermediate consumption at purchaser's prices,0.3474590434350188,total impact
396,M70 Services of head offices; management consulting services,Intermediate consumption at purchaser's prices,0.7453158148954511,total impact
397,M71 Architectural and engineering services; technical testing and analysis services,Intermediate consumption at purchaser's prices,0.9575769313280535,total impact
398,M72 Scientific research and development services,Intermediate consumption at purchaser's prices,0.8302236171369675,total impact
399,M73 Advertising and market research services,Intermediate consumption at purchaser's prices,0.7437186838565903,total impact
400,"M74 Other professional, scientific and technical services",Intermediate consumption at purchaser's prices,1.038429569013823,total impact
401,M75 Veterinary services,Intermediate consumption at purchaser's prices,0.3923501993130848,total impact
402,N77 Rental and leasing services,Intermediate consumption at purchaser's prices,0.5778165082730529,total impact
403,N78 Employment services,Intermediate consumption at purchaser's prices,0.6151718227177733,total impact
404,"N79 Travel agency, tour operator and other reservation services and related services",Intermediate consumption at purchaser's prices,0.7728241243964848,total impact
405,N80 Security and investigation services,Intermediate consumption at purchaser's prices,0.7614701629367425,total impact
406,N81 Services to buildings and landscape,Intermediate consumption at purchaser's prices,1.025259563714009,total impact
407,"N82 Office administrative, office support and other business support services",Intermediate consumption at purchaser's prices,0.624688448,total impact
408,O84 Public administration and defence services; compulsory social security services,Intermediate consumption at purchaser's prices,0.6999606829794736,total impact
409,P85 Education services,Intermediate consumption at purchaser's prices,0.4184443991977618,total impact
410,Q86 Human health services,Intermediate consumption at purchaser's prices,0.7111392860648185,total impact
411,Q87 & Q88 Residential Care  & Social Work Activities,Intermediate consumption at purchaser's prices,0.6148120886798226,total impact
412,"R90 Creative, arts and entertainment services",Intermediate consumption at purchaser's prices,0.6517142600901296,total impact
413,"R91 Libraries, archives, museums and other cultural services",Intermediate consumption at purchaser's prices,0.7873591636595533,total impact
414,R92 Gambling and betting services,Intermediate consumption at purchaser's prices,0.8672108558333422,total impact
415,R93 Sports services and amusement and recreation services,Intermediate consumption at purchaser's prices,0.7782580602456791,total impact
416,S94 Services furnished by membership organisations,Intermediate consumption at purchaser's prices,0.6357655804713358,total impact
417,S95 Repair services of computers and personal and household goods,Intermediate consumption at purchaser's prices,0.5945754675611478,total impact
418,S96 Other personal services,Intermediate consumption at purchaser's prices,0.362967392,total impact
419,T97 Services of households as employers of domestic personnel,Intermediate consumption at purchaser's prices,0,total impact
105,"A01 Products of agriculture, hunting and related services","Use of imported products, cif",0.1363116036014398,total impact
106,"A02 Products of forestry, logging and related services","Use of imported products, cif",0.081000833,total impact
107,A03 Fish and other fishing products; aquaculture products; support services to fishing,"Use of imported products, cif",0.2572346033809893,total impact
108,B05 Coal and lignite,"Use of imported products, cif",0.1393790339376323,total impact
109,B06 & B07 Extraction Of Crude Petroleum And Natural Gas  & Mining Of Metal Ores,"Use of imported products, cif",0.1110969095683794,total impact
110,B08 Other mining and quarrying products,"Use of imported products, cif",0.2104340456239623,total impact
111,B09 Mining support services,"Use of imported products, cif",0.2468526085742706,total impact
112,C101 Preserved meat and meat products,"Use of imported products, cif",0.1530982917316978,total impact
113,"C102_3 Processed and preserved fish, crustaceans, molluscs, fruit and vegetables","Use of imported products, cif",0.1755170331308569,total impact
114,C104 Vegetable and animal oils and fats,"Use of imported products, cif",0.437532075,total impact
115,C105 Dairy products,"Use of imported products, cif",0.1531435542755534,total impact
116,"C106 Grain mill products, starches and starch products","Use of imported products, cif",0.3894833911687826,total impact
117,C107 Bakery and farinaceous products,"Use of imported products, cif",0.1578476159934375,total impact
118,C108 Other food products,"Use of imported products, cif",0.1944778510088097,total impact
119,C109 Prepared animal feeds,"Use of imported products, cif",0.2532471706901149,total impact
120,C11.01-6 & C12 Alcoholic beverages  & Tobacco products,"Use of imported products, cif",0.1487643385400986,total impact
121,C1107 Soft drinks,"Use of imported products, cif",0.2059056718947753,total impact
122,C13 Textiles,"Use of imported products, cif",0.2096930201481612,total impact
123,C14 Wearing apparel,"Use of imported products, cif",0.1233743720880927,total impact
124,C15 Leather and related products,"Use of imported products, cif",0.2268760367554329,total impact
125,"C16 Wood and of products of wood and cork, except furniture; articles of straw and plaiting materials","Use of imported products, cif",0.342562032,total impact
126,C17 Paper and paper products,"Use of imported products, cif",0.3147432036603824,total impact
127,C18 Printing and recording services,"Use of imported products, cif",0.2332524949616649,total impact
128,C19 Coke and refined petroleum products,"Use of imported products, cif",0.6700623808144999,total impact
129,"C203 Paints, varnishes and similar coatings, printing ink and mastics","Use of imported products, cif",0.3278248804621591,total impact
130,"C204 Soap and detergents, cleaning and polishing preparations, perfumes and toilet preparations","Use of imported products, cif",0.2313689884149959,total impact
131,C205 Other chemical products,"Use of imported products, cif",0.395443053,total impact
132,"C20A Industrial gases, inorganics and fertilisers (all inorganic chemicals) - 20.11/13/15","Use of imported products, cif",0.3452204241864906,total impact
133,C20B Petrochemicals - 20.14/16/17/60,"Use of imported products, cif",0.3748043963170948,total impact
134,"C20C Dyestuffs, agro-chemicals - 20.12/20","Use of imported products, cif",0.2659983265186498,total impact
135,C21 Basic pharmaceutical products and pharmaceutical preparations,"Use of imported products, cif",0.1740397848112649,total impact
136,C22 Rubber and plastic products,"Use of imported products, cif",0.3616624615960991,total impact
137,"C235_6 Cement, lime, plaster and articles of concrete, cement and plaster","Use of imported products, cif",0.2109311474700084,total impact
138,"C23OTHER Glass, refractory, clay, other porcelain and ceramic, stone and abrasive products - 23.1-4/7-9","Use of imported products, cif",0.2166138135731759,total impact
139,C241_3 Basic iron and steel,"Use of imported products, cif",0.3339501033856418,total impact
140,C244_5 Other basic metals and casting,"Use of imported products, cif",0.3790394525044037,total impact
141,C254 Weapons and ammunition,"Use of imported products, cif",0.2206152882989884,total impact
142,"C25OTHER Fabricated metal products, excl. machinery and equipment and weapons & ammunition - 25.1-3/25.5-9","Use of imported products, cif",0.2355985508737726,total impact
143,"C26 Computer, electronic and optical products","Use of imported products, cif",0.1622048481952468,total impact
144,C27 Electrical equipment,"Use of imported products, cif",0.2697564754918912,total impact
145,C28 Machinery and equipment n.e.c.,"Use of imported products, cif",0.267085886,total impact
146,"C29 Motor vehicles, trailers and semi-trailers","Use of imported products, cif",0.4043038184305301,total impact
147,C301 Ships and boats,"Use of imported products, cif",0.1245842446170776,total impact
148,C303 Air and spacecraft and related machinery,"Use of imported products, cif",0.2386045422131355,total impact
149,C30OTHER Other transport equipment - 30.2/4/9,"Use of imported products, cif",0.3106067674048505,total impact
150,C31 Furniture,"Use of imported products, cif",0.1879729375510515,total impact
151,C32 Other manufactured goods,"Use of imported products, cif",0.2198722817339056,total impact
152,C3315 Repair and maintenance of ships and boats,"Use of imported products, cif",0.09113543,total impact
153,C3316 Repair and maintenance of aircraft and spacecraft,"Use of imported products, cif",0.444065137,total impact
154,C33OTHER Rest of repair; Installation - 33.11-14/17/19/20,"Use of imported products, cif",0.211599202,total impact
155,"D351 Electricity, transmission and distribution","Use of imported products, cif",0.1790189750468488,total impact
156,D352_3 Gas; distribution of gaseous fuels through mains; steam and air conditioning supply,"Use of imported products, cif",0.2161295316633314,total impact
157,E36 Natural water; water treatment and supply services,"Use of imported products, cif",0.047204725,total impact
158,E37 Sewerage services; sewage sludge,"Use of imported products, cif",0.024281093,total impact
159,"E38 Waste collection, treatment and disposal services; materials recovery services","Use of imported products, cif",0.2345571475245079,total impact
160,E39 Remediation services and other waste management services,"Use of imported products, cif",0.07343467,total impact
161,"F41, F42 & F43 Construction","Use of imported products, cif",0.1225339260790129,total impact
162,G45 Wholesale and retail trade and repair services of motor vehicles and motorcycles,"Use of imported products, cif",0.1641930077753263,total impact
163,"G46 Wholesale trade services, except of motor vehicles and motorcycles","Use of imported products, cif",0.1553106823697789,total impact
164,"G47 Retail trade services, except of motor vehicles and motorcycles","Use of imported products, cif",0.099020702,total impact
165,H491_2 Rail transport services,"Use of imported products, cif",0.2691693563346977,total impact
166,"H493_5 Land transport services and transport services via pipelines, excluding rail transport","Use of imported products, cif",0.1589940831592996,total impact
167,H50 Water transport services,"Use of imported products, cif",0.2057046504671829,total impact
168,H51 Air transport services,"Use of imported products, cif",0.3449357762260636,total impact
169,H52 Warehousing and support services for transportation,"Use of imported products, cif",0.1440812556938352,total impact
170,H53 Postal and courier services,"Use of imported products, cif",0.097518319,total impact
171,I55 Accommodation services,"Use of imported products, cif",0.09278746,total impact
172,I56 Food and beverage serving services,"Use of imported products, cif",0.1171691315639145,total impact
173,J58 Publishing services,"Use of imported products, cif",0.1377114178208997,total impact
174,"J59 & J60 Motion Picture, Video & TV Programme Production, Sound Recording & Music Publishing Activities & Programming And Broadcasting Activities","Use of imported products, cif",0.2273755512100009,total impact
175,J61 Telecommunications services,"Use of imported products, cif",0.1596560296257927,total impact
176,"J62 Computer programming, consultancy and related services","Use of imported products, cif",0.1510524459685581,total impact
177,J63 Information services,"Use of imported products, cif",0.1317140385085694,total impact
178,"K64 Financial services, except insurance and pension funding","Use of imported products, cif",0.084150161,total impact
179,"K65.1-2 & K65.3 Insurance, reinsurance and pension funding services, except compulsory social security","Use of imported products, cif",0.1748340430645335,total impact
180,K66 Services auxiliary to financial services and insurance services,"Use of imported products, cif",0.1237033489209766,total impact
181,L683 Real estate services on a fee or contract basis,"Use of imported products, cif",0.066213941,total impact
182,L68A Owner-Occupiers' Housing Services,"Use of imported products, cif",0.019773134,total impact
183,"L68BXL683 Real estate services, excluding on a fee or contract basis and imputed rent","Use of imported products, cif",0.068441375,total impact
184,M691 Legal services,"Use of imported products, cif",0.056413694,total impact
185,"M692 Accounting, bookkeeping and auditing services; tax consulting services","Use of imported products, cif",0.066981043,total impact
186,M70 Services of head offices; management consulting services,"Use of imported products, cif",0.2654492846324263,total impact
187,M71 Architectural and engineering services; technical testing and analysis services,"Use of imported products, cif",0.187971654,total impact
188,M72 Scientific research and development services,"Use of imported products, cif",0.1506761860864164,total impact
189,M73 Advertising and market research services,"Use of imported products, cif",0.1263296336645975,total impact
190,"M74 Other professional, scientific and technical services","Use of imported products, cif",0.112323564,total impact
191,M75 Veterinary services,"Use of imported products, cif",0.047748189,total impact
192,N77 Rental and leasing services,"Use of imported products, cif",0.093669579,total impact
193,N78 Employment services,"Use of imported products, cif",0.096707723,total impact
194,"N79 Travel agency, tour operator and other reservation services and related services","Use of imported products, cif",0.2596699047959234,total impact
195,N80 Security and investigation services,"Use of imported products, cif",0.066882495,total impact
196,N81 Services to buildings and landscape,"Use of imported products, cif",0.091984362,total impact
197,"N82 Office administrative, office support and other business support services","Use of imported products, cif",0.2257200576639886,total impact
198,O84 Public administration and defence services; compulsory social security services,"Use of imported products, cif",0.0913274,total impact
199,P85 Education services,"Use of imported products, cif",0.047849652,total impact
200,Q86 Human health services,"Use of imported products, cif",0.1229086330980196,total impact
201,Q87 & Q88 Residential Care  & Social Work Activities,"Use of imported products, cif",0.047910866,total impact
202,"R90 Creative, arts and entertainment services","Use of imported products, cif",0.076492169,total impact
203,"R91 Libraries, archives, museums and other cultural services","Use of imported products, cif",0.129123233,total impact
204,R92 Gambling and betting services,"Use of imported products, cif",0.094818134,total impact
205,R93 Sports services and amusement and recreation services,"Use of imported products, cif",0.1296662026577225,total impact
206,S94 Services furnished by membership organisations,"Use of imported products, cif",0.080961885,total impact
207,S95 Repair services of computers and personal and household goods,"Use of imported products, cif",0.146311745,total impact
208,S96 Other personal services,"Use of imported products, cif",0.043582974,total impact
209,T97 Services of households as employers of domestic personnel,"Use of imported products, cif",0,total impact
210,"A01 Products of agriculture, hunting and related services",Taxes less subsidies on products,0.024207001,total impact
211,"A02 Products of forestry, logging and related services",Taxes less subsidies on products,0.023588825,total impact
212,A03 Fish and other fishing products; aquaculture products; support services to fishing,Taxes less subsidies on products,0.022262149,total impact
213,B05 Coal and lignite,Taxes less subsidies on products,0.030774985,total impact
214,B06 & B07 Extraction Of Crude Petroleum And Natural Gas  & Mining Of Metal Ores,Taxes less subsidies on products,0.011730222,total impact
215,B08 Other mining and quarrying products,Taxes less subsidies on products,0.032904655,total impact
216,B09 Mining support services,Taxes less subsidies on products,0.013389786,total impact
217,C101 Preserved meat and meat products,Taxes less subsidies on products,0.002868427,total impact
218,"C102_3 Processed and preserved fish, crustaceans, molluscs, fruit and vegetables",Taxes less subsidies on products,0.009165465,total impact
219,C104 Vegetable and animal oils and fats,Taxes less subsidies on products,0.006035246,total impact
220,C105 Dairy products,Taxes less subsidies on products,-0.001958387,total impact
221,"C106 Grain mill products, starches and starch products",Taxes less subsidies on products,0.002524835,total impact
222,C107 Bakery and farinaceous products,Taxes less subsidies on products,0.013552126,total impact
223,C108 Other food products,Taxes less subsidies on products,0.011539992,total impact
224,C109 Prepared animal feeds,Taxes less subsidies on products,0.006976259,total impact
225,C11.01-6 & C12 Alcoholic beverages  & Tobacco products,Taxes less subsidies on products,0.043093445,total impact
226,C1107 Soft drinks,Taxes less subsidies on products,0.016787731,total impact
227,C13 Textiles,Taxes less subsidies on products,0.008393444,total impact
228,C14 Wearing apparel,Taxes less subsidies on products,0.01002982,total impact
229,C15 Leather and related products,Taxes less subsidies on products,0.012237628,total impact
230,"C16 Wood and of products of wood and cork, except furniture; articles of straw and plaiting materials",Taxes less subsidies on products,0.010789961,total impact
231,C17 Paper and paper products,Taxes less subsidies on products,0.012324003,total impact
232,C18 Printing and recording services,Taxes less subsidies on products,0.009584043,total impact
233,C19 Coke and refined petroleum products,Taxes less subsidies on products,0.041051506,total impact
234,"C203 Paints, varnishes and similar coatings, printing ink and mastics",Taxes less subsidies on products,0.015467374,total impact
235,"C204 Soap and detergents, cleaning and polishing preparations, perfumes and toilet preparations",Taxes less subsidies on products,0.009512413,total impact
236,C205 Other chemical products,Taxes less subsidies on products,0.013055897,total impact
237,"C20A Industrial gases, inorganics and fertilisers (all inorganic chemicals) - 20.11/13/15",Taxes less subsidies on products,0.018886006,total impact
238,C20B Petrochemicals - 20.14/16/17/60,Taxes less subsidies on products,0.040618775,total impact
239,"C20C Dyestuffs, agro-chemicals - 20.12/20",Taxes less subsidies on products,0.014561866,total impact
240,C21 Basic pharmaceutical products and pharmaceutical preparations,Taxes less subsidies on products,0.009213298,total impact
241,C22 Rubber and plastic products,Taxes less subsidies on products,0.013037591,total impact
242,"C235_6 Cement, lime, plaster and articles of concrete, cement and plaster",Taxes less subsidies on products,0.025354538,total impact
243,"C23OTHER Glass, refractory, clay, other porcelain and ceramic, stone and abrasive products - 23.1-4/7-9",Taxes less subsidies on products,0.029915454,total impact
244,C241_3 Basic iron and steel,Taxes less subsidies on products,0.019882016,total impact
245,C244_5 Other basic metals and casting,Taxes less subsidies on products,0.011195374,total impact
246,C254 Weapons and ammunition,Taxes less subsidies on products,0.009660829,total impact
247,"C25OTHER Fabricated metal products, excl. machinery and equipment and weapons & ammunition - 25.1-3/25.5-9",Taxes less subsidies on products,0.0119206,total impact
248,"C26 Computer, electronic and optical products",Taxes less subsidies on products,0.006247945,total impact
249,C27 Electrical equipment,Taxes less subsidies on products,0.009899949,total impact
250,C28 Machinery and equipment n.e.c.,Taxes less subsidies on products,0.0098999,total impact
251,"C29 Motor vehicles, trailers and semi-trailers",Taxes less subsidies on products,0.012261333,total impact
252,C301 Ships and boats,Taxes less subsidies on products,0.017906415,total impact
253,C303 Air and spacecraft and related machinery,Taxes less subsidies on products,0.012788007,total impact
254,C30OTHER Other transport equipment - 30.2/4/9,Taxes less subsidies on products,0.011229173,total impact
255,C31 Furniture,Taxes less subsidies on products,0.010769048,total impact
256,C32 Other manufactured goods,Taxes less subsidies on products,0.010616568,total impact
257,C3315 Repair and maintenance of ships and boats,Taxes less subsidies on products,0.006268009,total impact
258,C3316 Repair and maintenance of aircraft and spacecraft,Taxes less subsidies on products,0.00663202,total impact
259,C33OTHER Rest of repair; Installation - 33.11-14/17/19/20,Taxes less subsidies on products,0.013990044,total impact
260,"D351 Electricity, transmission and distribution",Taxes less subsidies on products,0.024721911,total impact
261,D352_3 Gas; distribution of gaseous fuels through mains; steam and air conditioning supply,Taxes less subsidies on products,0.018568593,total impact
262,E36 Natural water; water treatment and supply services,Taxes less subsidies on products,0.009187715,total impact
263,E37 Sewerage services; sewage sludge,Taxes less subsidies on products,0.024162176,total impact
264,"E38 Waste collection, treatment and disposal services; materials recovery services",Taxes less subsidies on products,0.095422549,total impact
265,E39 Remediation services and other waste management services,Taxes less subsidies on products,0.014905521,total impact
266,"F41, F42 & F43 Construction",Taxes less subsidies on products,0.034839902,total impact
267,G45 Wholesale and retail trade and repair services of motor vehicles and motorcycles,Taxes less subsidies on products,0.012776692,total impact
268,"G46 Wholesale trade services, except of motor vehicles and motorcycles",Taxes less subsidies on products,0.019970634,total impact
269,"G47 Retail trade services, except of motor vehicles and motorcycles",Taxes less subsidies on products,0.012495331,total impact
270,H491_2 Rail transport services,Taxes less subsidies on products,-0.025212584,total impact
271,"H493_5 Land transport services and transport services via pipelines, excluding rail transport",Taxes less subsidies on products,0.05363458,total impact
272,H50 Water transport services,Taxes less subsidies on products,0.05092516,total impact
273,H51 Air transport services,Taxes less subsidies on products,0.089218245,total impact
274,H52 Warehousing and support services for transportation,Taxes less subsidies on products,0.020793973,total impact
275,H53 Postal and courier services,Taxes less subsidies on products,0.058449751,total impact
276,I55 Accommodation services,Taxes less subsidies on products,0.034883636,total impact
277,I56 Food and beverage serving services,Taxes less subsidies on products,0.034123033,total impact
278,J58 Publishing services,Taxes less subsidies on products,0.007246246,total impact
279,"J59 & J60 Motion Picture, Video & TV Programme Production, Sound Recording & Music Publishing Activities & Programming And Broadcasting Activities",Taxes less subsidies on products,0.007489879,total impact
280,J61 Telecommunications services,Taxes less subsidies on products,0.006199395,total impact
281,"J62 Computer programming, consultancy and related services",Taxes less subsidies on products,0.010215508,total impact
282,J63 Information services,Taxes less subsidies on products,0.008443895,total impact
283,"K64 Financial services, except insurance and pension funding",Taxes less subsidies on products,0.057264068,total impact
284,"K65.1-2 & K65.3 Insurance, reinsurance and pension funding services, except compulsory social security",Taxes less subsidies on products,0.058500698,total impact
285,K66 Services auxiliary to financial services and insurance services,Taxes less subsidies on products,0.045883604,total impact
286,L683 Real estate services on a fee or contract basis,Taxes less subsidies on products,0.017761619,total impact
287,L68A Owner-Occupiers' Housing Services,Taxes less subsidies on products,0.008812598,total impact
288,"L68BXL683 Real estate services, excluding on a fee or contract basis and imputed rent",Taxes less subsidies on products,0.017985371,total impact
289,M691 Legal services,Taxes less subsidies on products,0.0058297,total impact
290,"M692 Accounting, bookkeeping and auditing services; tax consulting services",Taxes less subsidies on products,0.00642693,total impact
291,M70 Services of head offices; management consulting services,Taxes less subsidies on products,0.011257006,total impact
292,M71 Architectural and engineering services; technical testing and analysis services,Taxes less subsidies on products,0.014944875,total impact
293,M72 Scientific research and development services,Taxes less subsidies on products,0.011292556,total impact
294,M73 Advertising and market research services,Taxes less subsidies on products,0.009367061,total impact
295,"M74 Other professional, scientific and technical services",Taxes less subsidies on products,0.016430795,total impact
296,M75 Veterinary services,Taxes less subsidies on products,0.005267997,total impact
297,N77 Rental and leasing services,Taxes less subsidies on products,0.013158928,total impact
298,N78 Employment services,Taxes less subsidies on products,0.004083706,total impact
299,"N79 Travel agency, tour operator and other reservation services and related services",Taxes less subsidies on products,0.027300095,total impact
300,N80 Security and investigation services,Taxes less subsidies on products,0.009058353,total impact
301,N81 Services to buildings and landscape,Taxes less subsidies on products,0.013476977,total impact
302,"N82 Office administrative, office support and other business support services",Taxes less subsidies on products,0.014334935,total impact
303,O84 Public administration and defence services; compulsory social security services,Taxes less subsidies on products,0.048264615,total impact
304,P85 Education services,Taxes less subsidies on products,0.026375153,total impact
305,Q86 Human health services,Taxes less subsidies on products,0.052272404,total impact
306,Q87 & Q88 Residential Care  & Social Work Activities,Taxes less subsidies on products,0.043593618,total impact
307,"R90 Creative, arts and entertainment services",Taxes less subsidies on products,0.050464205,total impact
308,"R91 Libraries, archives, museums and other cultural services",Taxes less subsidies on products,0.009859575,total impact
309,R92 Gambling and betting services,Taxes less subsidies on products,0.032361302,total impact
310,R93 Sports services and amusement and recreation services,Taxes less subsidies on products,0.054420183,total impact
311,S94 Services furnished by membership organisations,Taxes less subsidies on products,0.015355893,total impact
312,S95 Repair services of computers and personal and household goods,Taxes less subsidies on products,0.006768547,total impact
313,S96 Other personal services,Taxes less subsidies on products,0.026051136,total impact
314,T97 Services of households as employers of domestic personnel,Taxes less subsidies on products,0,total impact
