inputrequirements,industry,ImportVal,ImportPropTot,DomVal,DomPropTot,TotalVal,TotalProp
Agriculture products,"Agriculture, Hunting and Related Services",578,3.157607211144496,2187,11.947555312756078,2765,15.105162523900574
Forestry products,"Agriculture, Hunting and Related Services",2,0.010925976509150505,171,0.9341709915323682,173,0.9450969680415187
Fishing products,"Agriculture, Hunting and Related Services",0,0,0,0,0,0
Coal and lignite,"Agriculture, Hunting and Related Services",0,0,0,0,0,0
"Petroleum, natural gas and mining of metal ores","Agriculture, Hunting and Related Services",0,0,0,0,0,0
Other mining products,"Agriculture, Hunting and Related Services",0,0,0,0,0,0
Mining support services,"Agriculture, Hunting and Related Services",0,0,0,0,0,0
Meat and preserved meat products,"Agriculture, Hunting and Related Services",5,0.027314941272876262,8,0.043703906,13,0.071018847
"Fish, seafood, fruit and vegetables","Agriculture, Hunting and Related Services",3,0.016388965,6,0.03277793,9,0.049166894
Oils and fats,"Agriculture, Hunting and Related Services",0,0,0,0,0,0
Dairy products,"Agriculture, Hunting and Related Services",0,0,8,0.043703906,8,0.043703906
Grain mill and starch products,"Agriculture, Hunting and Related Services",2,0.010925976509150505,0,0,2,0.010925976509150505
Bakery products,"Agriculture, Hunting and Related Services",0,0,12,0.065555859,12,0.065555859
Other food products,"Agriculture, Hunting and Related Services",5,0.027314941272876262,0,0,5,0.027314941272876262
Animal feeds,"Agriculture, Hunting and Related Services",14,0.076481836,2079,11.357552581261949,2093,11.434034416826002
Alcoholic beverages and tobacco,"Agriculture, Hunting and Related Services",0,0,0,0,0,0
Soft drinks,"Agriculture, Hunting and Related Services",0,0,0,0,0,0
Textiles,"Agriculture, Hunting and Related Services",0,0,0,0,0,0
Clothing,"Agriculture, Hunting and Related Services",0,0,0,0,0,0
Leather products,"Agriculture, Hunting and Related Services",0,0,0,0,0,0
Wood products (excl. furniture),"Agriculture, Hunting and Related Services",0,0,0,0,0,0
Paper products,"Agriculture, Hunting and Related Services",11,0.060092870800327776,107,0.584539743,118,0.6446326140398798
Printing and recording services,"Agriculture, Hunting and Related Services",0,0,0,0,0,0
Coke and refined petroleum products,"Agriculture, Hunting and Related Services",1,0.005462988,535,2.9226987161977602,536,2.9281617044523354
Paints and coatings,"Agriculture, Hunting and Related Services",0,0,0,0,0,0
Soap and detergents,"Agriculture, Hunting and Related Services",0,0,0,0,0,0
Other chemical products,"Agriculture, Hunting and Related Services",0,0,0,0,0,0
Industrial gases and fertilizers,"Agriculture, Hunting and Related Services",33,0.18027861240098333,387,2.114176454520623,420,2.294455066921606
Petrochemicals,"Agriculture, Hunting and Related Services",0,0,0,0,0,0
Dyestuffs and agro-chemicals,"Agriculture, Hunting and Related Services",2,0.010925976509150505,1870,10.215788036055724,1872,10.226714012564875
Pharmaceutical products,"Agriculture, Hunting and Related Services",5,0.027314941272876262,425,2.3217700081944823,430,2.3490849494673585
Rubber and plastic products,"Agriculture, Hunting and Related Services",60,0.32777929527451516,797,4.354001638896476,857,4.681780934170992
Cement and concrete products,"Agriculture, Hunting and Related Services",0,0,0,0,0,0
"Glass, ceramic and stone products","Agriculture, Hunting and Related Services",0,0,0,0,0,0
Basic iron and steel,"Agriculture, Hunting and Related Services",0,0,0,0,0,0
Other basic metals and casting,"Agriculture, Hunting and Related Services",0,0,0,0,0,0
Weapons and ammunition,"Agriculture, Hunting and Related Services",0,0,0,0,0,0
Other fabricated metal products,"Agriculture, Hunting and Related Services",14,0.076481836,345,1.8847309478284624,359,1.961212783392516
Computer and electronic products,"Agriculture, Hunting and Related Services",31,0.16935263589183283,77,0.42065009560229444,108,0.5900027314941273
Electrical equipment,"Agriculture, Hunting and Related Services",0,0,0,0,0,0
Other machinery and equipment,"Agriculture, Hunting and Related Services",9,0.049166894,5,0.027314941272876262,14,0.076481836
Motor vehicles,"Agriculture, Hunting and Related Services",0,0,0,0,0,0
Ships and boats,"Agriculture, Hunting and Related Services",0,0,0,0,0,0
Aircraft and spacecraft products,"Agriculture, Hunting and Related Services",0,0,0,0,0,0
Other Transport Equipment,"Agriculture, Hunting and Related Services",0,0,0,0,0,0
Furniture,"Agriculture, Hunting and Related Services",0,0,0,0,0,0
Other manufactured goods,"Agriculture, Hunting and Related Services",0,0,102,0.5572248019666758,102,0.5572248019666758
Ship and boat repair and maintenance,"Agriculture, Hunting and Related Services",0,0,0,0,0,0
Air and spacecraft repair and maintenance,"Agriculture, Hunting and Related Services",0,0,0,0,0,0
Other repair services,"Agriculture, Hunting and Related Services",0,0,49,0.26768642447418733,49,0.26768642447418733
Electricity services,"Agriculture, Hunting and Related Services",0,0,194,1.059819721387599,194,1.059819721387599
"Mains gas, steam and air conditioning services","Agriculture, Hunting and Related Services",0,0,2,0.010925976509150505,2,0.010925976509150505
Water services,"Agriculture, Hunting and Related Services",0,0,26,0.14203769461895657,26,0.14203769461895657
Sewerage services,"Agriculture, Hunting and Related Services",0,0,27,0.14750068287353182,27,0.14750068287353182
Waste collection and treatment services,"Agriculture, Hunting and Related Services",0,0,124,0.6774105435673313,124,0.6774105435673313
Remediation and waste management services,"Agriculture, Hunting and Related Services",0,0,0,0,0,0
Construction services,"Agriculture, Hunting and Related Services",0,0,253,1.382136028407539,253,1.382136028407539
Motor vehicle trade services,"Agriculture, Hunting and Related Services",0,0,656,3.5837202950013656,656,3.5837202950013656
Wholesale trade services,"Agriculture, Hunting and Related Services",0,0,2324,12.695984703632886,2324,12.695984703632886
Retail trade services,"Agriculture, Hunting and Related Services",0,0,696,3.802239825184376,696,3.802239825184376
Rail transport services,"Agriculture, Hunting and Related Services",0,0,0,0,0,0
Land transport services,"Agriculture, Hunting and Related Services",1,0.005462988,572,3.1248292816170444,573,3.1302922698716196
Water transport services,"Agriculture, Hunting and Related Services",0,0,0,0,0,0
Air transport services,"Agriculture, Hunting and Related Services",0,0,0,0,0,0
Warehousing services,"Agriculture, Hunting and Related Services",0,0,0,0,0,0
Postal and courier services,"Agriculture, Hunting and Related Services",0,0,27,0.14750068287353182,27,0.14750068287353182
Accommodation services,"Agriculture, Hunting and Related Services",0,0,0,0,0,0
Food and beverage services,"Agriculture, Hunting and Related Services",0,0,4,0.021851953,4,0.021851953
Publishing services,"Agriculture, Hunting and Related Services",0,0,0,0,0,0
Media Production services,"Agriculture, Hunting and Related Services",0,0,0,0,0,0
Telecommunications services,"Agriculture, Hunting and Related Services",0,0,324,1.770008194482382,324,1.770008194482382
Computer programming services,"Agriculture, Hunting and Related Services",0,0,173,0.9450969680415188,173,0.9450969680415188
Information services,"Agriculture, Hunting and Related Services",0,0,0,0,0,0
Financial services (excl. insurance and pensions),"Agriculture, Hunting and Related Services",2,0.010925976509150505,970,5.299098606937995,972,5.310024583447145
Insurance and pension services,"Agriculture, Hunting and Related Services",0,0,131,0.7156514613493581,131,0.7156514613493581
Auxiliary financial services,"Agriculture, Hunting and Related Services",0,0,0,0,0,0
Real estate services,"Agriculture, Hunting and Related Services",0,0,0,0,0,0
Owner-occupier housing services,"Agriculture, Hunting and Related Services",0,0,0,0,0,0
Other real estate services,"Agriculture, Hunting and Related Services",0,0,0,0,0,0
Legal services,"Agriculture, Hunting and Related Services",1,0.005462988,8,0.043703906,9,0.049166894
Accounting and tax services,"Agriculture, Hunting and Related Services",0,0,23,0.1256487298552308,23,0.1256487298552308
Management consulting services,"Agriculture, Hunting and Related Services",0,0,61,0.3332422835290904,61,0.3332422835290904
Architectural and engineering services,"Agriculture, Hunting and Related Services",0,0,62,0.33870527178366566,62,0.33870527178366566
Scientific research and development services,"Agriculture, Hunting and Related Services",0,0,0,0,0,0
Advertising and market research services,"Agriculture, Hunting and Related Services",0,0,121,0.6610215788036056,121,0.6610215788036056
Other scientific and technical services,"Agriculture, Hunting and Related Services",0,0,205,1.1199125921879267,205,1.1199125921879267
Veterinary services,"Agriculture, Hunting and Related Services",0,0,589,3.2177000819448236,589,3.2177000819448236
Rental and leasing services,"Agriculture, Hunting and Related Services",1,0.005462988,227,1.2400983337885825,228,1.2455613220431578
Employment services,"Agriculture, Hunting and Related Services",0,0,544,2.9718656104889374,544,2.9718656104889374
Travel services,"Agriculture, Hunting and Related Services",0,0,0,0,0,0
Security services,"Agriculture, Hunting and Related Services",0,0,0,0,0,0
Building and landscape services,"Agriculture, Hunting and Related Services",0,0,0,0,0,0
Office support services,"Agriculture, Hunting and Related Services",0,0,0,0,0,0
Public administration services (including defence),"Agriculture, Hunting and Related Services",0,0,12,0.065555859,12,0.065555859
Education services,"Agriculture, Hunting and Related Services",0,0,0,0,0,0
Health services,"Agriculture, Hunting and Related Services",0,0,0,0,0,0
Residential and social care services,"Agriculture, Hunting and Related Services",0,0,0,0,0,0
Arts and entertainment services,"Agriculture, Hunting and Related Services",0,0,0,0,0,0
Libraries and other cultural services,"Agriculture, Hunting and Related Services",0,0,0,0,0,0
Gambling services,"Agriculture, Hunting and Related Services",0,0,0,0,0,0
Sports and recreation services,"Agriculture, Hunting and Related Services",0,0,0,0,0,0
Membership services,"Agriculture, Hunting and Related Services",0,0,0,0,0,0
Computer repair services,"Agriculture, Hunting and Related Services",0,0,0,0,0,0
Other personal services,"Agriculture, Hunting and Related Services",0,0,0,0,0,0
Agriculture products,Forestry and Logging,8,1.0037641154328731,4,0.5018820577164366,12,1.5056461731493096
Forestry products,Forestry and Logging,0,0,289,36.26097867001255,289,36.26097867001255
Fishing products,Forestry and Logging,0,0,0,0,0,0
Coal and lignite,Forestry and Logging,0,0,0,0,0,0
"Petroleum, natural gas and mining of metal ores",Forestry and Logging,0,0,0,0,0,0
Other mining products,Forestry and Logging,0,0,0,0,0,0
Mining support services,Forestry and Logging,0,0,0,0,0,0
Meat and preserved meat products,Forestry and Logging,0,0,1,0.12547051442910914,1,0.12547051442910914
"Fish, seafood, fruit and vegetables",Forestry and Logging,0,0,0,0,0,0
Oils and fats,Forestry and Logging,0,0,0,0,0,0
Dairy products,Forestry and Logging,0,0,0,0,0,0
Grain mill and starch products,Forestry and Logging,0,0,0,0,0,0
Bakery products,Forestry and Logging,0,0,1,0.12547051442910914,1,0.12547051442910914
Other food products,Forestry and Logging,0,0,0,0,0,0
Animal feeds,Forestry and Logging,0,0,0,0,0,0
Alcoholic beverages and tobacco,Forestry and Logging,0,0,0,0,0,0
Soft drinks,Forestry and Logging,0,0,0,0,0,0
Textiles,Forestry and Logging,0,0,0,0,0,0
Clothing,Forestry and Logging,0,0,0,0,0,0
Leather products,Forestry and Logging,0,0,0,0,0,0
Wood products (excl. furniture),Forestry and Logging,0,0,0,0,0,0
Paper products,Forestry and Logging,0,0,2,0.2509410288582183,2,0.2509410288582183
Printing and recording services,Forestry and Logging,0,0,0,0,0,0
Coke and refined petroleum products,Forestry and Logging,0,0,25,3.136762860727729,25,3.136762860727729
Paints and coatings,Forestry and Logging,0,0,0,0,0,0
Soap and detergents,Forestry and Logging,0,0,0,0,0,0
Other chemical products,Forestry and Logging,0,0,3,0.37641154328732745,3,0.37641154328732745
Industrial gases and fertilizers,Forestry and Logging,0,0,0,0,0,0
Petrochemicals,Forestry and Logging,0,0,0,0,0,0
Dyestuffs and agro-chemicals,Forestry and Logging,0,0,0,0,0,0
Pharmaceutical products,Forestry and Logging,0,0,0,0,0,0
Rubber and plastic products,Forestry and Logging,0,0,0,0,0,0
Cement and concrete products,Forestry and Logging,0,0,0,0,0,0
"Glass, ceramic and stone products",Forestry and Logging,0,0,0,0,0,0
Basic iron and steel,Forestry and Logging,0,0,0,0,0,0
Other basic metals and casting,Forestry and Logging,0,0,0,0,0,0
Weapons and ammunition,Forestry and Logging,0,0,0,0,0,0
Other fabricated metal products,Forestry and Logging,0,0,0,0,0,0
Computer and electronic products,Forestry and Logging,2,0.2509410288582183,0,0,2,0.2509410288582183
Electrical equipment,Forestry and Logging,0,0,0,0,0,0
Other machinery and equipment,Forestry and Logging,1,0.12547051442910914,37,4.642409033877039,38,4.767879548306148
Motor vehicles,Forestry and Logging,0,0,47,5.897114178168131,47,5.897114178168131
Ships and boats,Forestry and Logging,0,0,0,0,0,0
Aircraft and spacecraft products,Forestry and Logging,0,0,0,0,0,0
Other Transport Equipment,Forestry and Logging,0,0,0,0,0,0
Furniture,Forestry and Logging,0,0,0,0,0,0
Other manufactured goods,Forestry and Logging,0,0,2,0.2509410288582183,2,0.2509410288582183
Ship and boat repair and maintenance,Forestry and Logging,0,0,0,0,0,0
Air and spacecraft repair and maintenance,Forestry and Logging,0,0,0,0,0,0
Other repair services,Forestry and Logging,0,0,9,1.1292346298619824,9,1.1292346298619824
Electricity services,Forestry and Logging,0,0,11,1.3801756587202008,11,1.3801756587202008
"Mains gas, steam and air conditioning services",Forestry and Logging,0,0,0,0,0,0
Water services,Forestry and Logging,0,0,0,0,0,0
Sewerage services,Forestry and Logging,0,0,0,0,0,0
Waste collection and treatment services,Forestry and Logging,0,0,1,0.12547051442910914,1,0.12547051442910914
Remediation and waste management services,Forestry and Logging,0,0,0,0,0,0
Construction services,Forestry and Logging,0,0,50,6.273525721455458,50,6.273525721455458
Motor vehicle trade services,Forestry and Logging,0,0,28,3.5131744040150563,28,3.5131744040150563
Wholesale trade services,Forestry and Logging,0,0,109,13.676286072772898,109,13.676286072772898
Retail trade services,Forestry and Logging,0,0,21,2.6348808030112925,21,2.6348808030112925
Rail transport services,Forestry and Logging,0,0,3,0.37641154328732745,3,0.37641154328732745
Land transport services,Forestry and Logging,7,0.8782936010037641,17,2.132998745294856,24,3.011292346
Water transport services,Forestry and Logging,0,0,0,0,0,0
Air transport services,Forestry and Logging,0,0,0,0,0,0
Warehousing services,Forestry and Logging,0,0,0,0,0,0
Postal and courier services,Forestry and Logging,0,0,3,0.37641154328732745,3,0.37641154328732745
Accommodation services,Forestry and Logging,0,0,0,0,0,0
Food and beverage services,Forestry and Logging,0,0,1,0.12547051442910914,1,0.12547051442910914
Publishing services,Forestry and Logging,0,0,0,0,0,0
Media Production services,Forestry and Logging,0,0,0,0,0,0
Telecommunications services,Forestry and Logging,0,0,8,1.0037641154328731,8,1.0037641154328731
Computer programming services,Forestry and Logging,0,0,8,1.0037641154328731,8,1.0037641154328731
Information services,Forestry and Logging,0,0,0,0,0,0
Financial services (excl. insurance and pensions),Forestry and Logging,6,0.7528230865746549,21,2.6348808030112925,27,3.3877038895859473
Insurance and pension services,Forestry and Logging,0,0,5,0.6273525721455459,5,0.6273525721455459
Auxiliary financial services,Forestry and Logging,0,0,0,0,0,0
Real estate services,Forestry and Logging,0,0,0,0,0,0
Owner-occupier housing services,Forestry and Logging,0,0,0,0,0,0
Other real estate services,Forestry and Logging,0,0,0,0,0,0
Legal services,Forestry and Logging,0,0,1,0.12547051442910914,1,0.12547051442910914
Accounting and tax services,Forestry and Logging,0,0,26,3.262233375156838,26,3.262233375156838
Management consulting services,Forestry and Logging,0,0,0,0,0,0
Architectural and engineering services,Forestry and Logging,0,0,0,0,0,0
Scientific research and development services,Forestry and Logging,0,0,0,0,0,0
Advertising and market research services,Forestry and Logging,1,0.12547051442910914,7,0.8782936010037641,8,1.0037641154328731
Other scientific and technical services,Forestry and Logging,0,0,0,0,0,0
Veterinary services,Forestry and Logging,0,0,0,0,0,0
Rental and leasing services,Forestry and Logging,0,0,21,2.6348808030112925,21,2.6348808030112925
Employment services,Forestry and Logging,0,0,6,0.7528230865746549,6,0.7528230865746549
Travel services,Forestry and Logging,0,0,0,0,0,0
Security services,Forestry and Logging,0,0,0,0,0,0
Building and landscape services,Forestry and Logging,0,0,0,0,0,0
Office support services,Forestry and Logging,0,0,0,0,0,0
Public administration services (including defence),Forestry and Logging,0,0,4,0.5018820577164366,4,0.5018820577164366
Education services,Forestry and Logging,0,0,0,0,0,0
Health services,Forestry and Logging,0,0,0,0,0,0
Residential and social care services,Forestry and Logging,0,0,0,0,0,0
Arts and entertainment services,Forestry and Logging,0,0,0,0,0,0
Libraries and other cultural services,Forestry and Logging,0,0,0,0,0,0
Gambling services,Forestry and Logging,0,0,0,0,0,0
Sports and recreation services,Forestry and Logging,0,0,0,0,0,0
Membership services,Forestry and Logging,0,0,1,0.12547051442910914,1,0.12547051442910914
Computer repair services,Forestry and Logging,0,0,0,0,0,0
Other personal services,Forestry and Logging,0,0,0,0,0,0
Agriculture products,Fishing and Aquaculture,5,0.402900886,3,0.24174053182917005,8,0.644641418
Forestry products,Fishing and Aquaculture,0,0,0,0,0,0
Fishing products,Fishing and Aquaculture,217,17.485898468976632,67,5.398871877518131,284,22.88477034649476
Coal and lignite,Fishing and Aquaculture,0,0,0,0,0,0
"Petroleum, natural gas and mining of metal ores",Fishing and Aquaculture,0,0,1,0.080580177,1,0.080580177
Other mining products,Fishing and Aquaculture,0,0,0,0,0,0
Mining support services,Fishing and Aquaculture,0,0,0,0,0,0
Meat and preserved meat products,Fishing and Aquaculture,0,0,0,0,0,0
"Fish, seafood, fruit and vegetables",Fishing and Aquaculture,0,0,0,0,0,0
Oils and fats,Fishing and Aquaculture,0,0,0,0,0,0
Dairy products,Fishing and Aquaculture,0,0,0,0,0,0
Grain mill and starch products,Fishing and Aquaculture,0,0,0,0,0,0
Bakery products,Fishing and Aquaculture,0,0,1,0.080580177,1,0.080580177
Other food products,Fishing and Aquaculture,0,0,0,0,0,0
Animal feeds,Fishing and Aquaculture,59,4.754230459307011,174,14.020950846091862,233,18.775181305398874
Alcoholic beverages and tobacco,Fishing and Aquaculture,0,0,0,0,0,0
Soft drinks,Fishing and Aquaculture,0,0,0,0,0,0
Textiles,Fishing and Aquaculture,1,0.080580177,0,0,1,0.080580177
Clothing,Fishing and Aquaculture,0,0,0,0,0,0
Leather products,Fishing and Aquaculture,0,0,0,0,0,0
Wood products (excl. furniture),Fishing and Aquaculture,0,0,0,0,0,0
Paper products,Fishing and Aquaculture,0,0,4,0.32232070910556004,4,0.32232070910556004
Printing and recording services,Fishing and Aquaculture,0,0,0,0,0,0
Coke and refined petroleum products,Fishing and Aquaculture,2,0.16116035455278002,21,1.6921837228041903,23,1.8533440773569703
Paints and coatings,Fishing and Aquaculture,0,0,0,0,0,0
Soap and detergents,Fishing and Aquaculture,0,0,0,0,0,0
Other chemical products,Fishing and Aquaculture,0,0,0,0,0,0
Industrial gases and fertilizers,Fishing and Aquaculture,0,0,0,0,0,0
Petrochemicals,Fishing and Aquaculture,0,0,0,0,0,0
Dyestuffs and agro-chemicals,Fishing and Aquaculture,0,0,0,0,0,0
Pharmaceutical products,Fishing and Aquaculture,0,0,0,0,0,0
Rubber and plastic products,Fishing and Aquaculture,1,0.080580177,13,1.047542305,14,1.1281224818694602
Cement and concrete products,Fishing and Aquaculture,0,0,0,0,0,0
"Glass, ceramic and stone products",Fishing and Aquaculture,0,0,0,0,0,0
Basic iron and steel,Fishing and Aquaculture,0,0,0,0,0,0
Other basic metals and casting,Fishing and Aquaculture,0,0,0,0,0,0
Weapons and ammunition,Fishing and Aquaculture,0,0,0,0,0,0
Other fabricated metal products,Fishing and Aquaculture,1,0.080580177,1,0.080580177,2,0.16116035455278002
Computer and electronic products,Fishing and Aquaculture,2,0.16116035455278002,0,0,2,0.16116035455278002
Electrical equipment,Fishing and Aquaculture,0,0,0,0,0,0
Other machinery and equipment,Fishing and Aquaculture,0,0,0,0,0,0
Motor vehicles,Fishing and Aquaculture,0,0,0,0,0,0
Ships and boats,Fishing and Aquaculture,0,0,0,0,0,0
Aircraft and spacecraft products,Fishing and Aquaculture,0,0,0,0,0,0
Other Transport Equipment,Fishing and Aquaculture,0,0,0,0,0,0
Furniture,Fishing and Aquaculture,0,0,0,0,0,0
Other manufactured goods,Fishing and Aquaculture,0,0,2,0.16116035455278002,2,0.16116035455278002
Ship and boat repair and maintenance,Fishing and Aquaculture,4,0.32232070910556004,30,2.417405318,34,2.739726027
Air and spacecraft repair and maintenance,Fishing and Aquaculture,0,0,0,0,0,0
Other repair services,Fishing and Aquaculture,0,0,14,1.1281224818694602,14,1.1281224818694602
Electricity services,Fishing and Aquaculture,0,0,34,2.739726027,34,2.739726027
"Mains gas, steam and air conditioning services",Fishing and Aquaculture,0,0,0,0,0,0
Water services,Fishing and Aquaculture,0,0,3,0.24174053182917005,3,0.24174053182917005
Sewerage services,Fishing and Aquaculture,0,0,2,0.16116035455278002,2,0.16116035455278002
Waste collection and treatment services,Fishing and Aquaculture,1,0.080580177,8,0.6446414182111201,9,0.7252215954875101
Remediation and waste management services,Fishing and Aquaculture,0,0,0,0,0,0
Construction services,Fishing and Aquaculture,0,0,20,1.611603546,20,1.611603546
Motor vehicle trade services,Fishing and Aquaculture,0,0,0,0,0,0
Wholesale trade services,Fishing and Aquaculture,0,0,209,16.841257050765513,209,16.841257050765513
Retail trade services,Fishing and Aquaculture,0,0,51,4.109589041,51,4.109589041
Rail transport services,Fishing and Aquaculture,0,0,0,0,0,0
Land transport services,Fishing and Aquaculture,0,0,0,0,0,0
Water transport services,Fishing and Aquaculture,3,0.24174053182917005,53,4.270749396,56,4.512489927
Air transport services,Fishing and Aquaculture,0,0,0,0,0,0
Warehousing services,Fishing and Aquaculture,5,0.402900886,43,3.4649476228847704,48,3.8678485092667203
Postal and courier services,Fishing and Aquaculture,0,0,13,1.047542305,13,1.047542305
Accommodation services,Fishing and Aquaculture,0,0,0,0,0,0
Food and beverage services,Fishing and Aquaculture,2,0.16116035455278002,1,0.080580177,3,0.24174053182917005
Publishing services,Fishing and Aquaculture,0,0,0,0,0,0
Media Production services,Fishing and Aquaculture,0,0,0,0,0,0
Telecommunications services,Fishing and Aquaculture,0,0,12,0.9669621273166802,12,0.9669621273166802
Computer programming services,Fishing and Aquaculture,1,0.080580177,8,0.6446414182111201,9,0.7252215954875101
Information services,Fishing and Aquaculture,0,0,0,0,0,0
Financial services (excl. insurance and pensions),Fishing and Aquaculture,3,0.24174053182917005,30,2.417405318,33,2.6591458501208702
Insurance and pension services,Fishing and Aquaculture,0,0,9,0.7252215954875101,9,0.7252215954875101
Auxiliary financial services,Fishing and Aquaculture,0,0,0,0,0,0
Real estate services,Fishing and Aquaculture,0,0,0,0,0,0
Owner-occupier housing services,Fishing and Aquaculture,0,0,0,0,0,0
Other real estate services,Fishing and Aquaculture,0,0,0,0,0,0
Legal services,Fishing and Aquaculture,0,0,3,0.24174053182917005,3,0.24174053182917005
Accounting and tax services,Fishing and Aquaculture,1,0.080580177,7,0.5640612409347301,8,0.6446414182111201
Management consulting services,Fishing and Aquaculture,1,0.080580177,0,0,1,0.080580177
Architectural and engineering services,Fishing and Aquaculture,7,0.5640612409347301,0,0,7,0.5640612409347301
Scientific research and development services,Fishing and Aquaculture,0,0,0,0,0,0
Advertising and market research services,Fishing and Aquaculture,0,0,6,0.4834810636583401,6,0.4834810636583401
Other scientific and technical services,Fishing and Aquaculture,0,0,0,0,0,0
Veterinary services,Fishing and Aquaculture,5,0.402900886,3,0.24174053182917005,8,0.644641418
Rental and leasing services,Fishing and Aquaculture,1,0.080580177,44,3.5455278001611608,45,3.6261079774375506
Employment services,Fishing and Aquaculture,1,0.080580177,5,0.402900886,6,0.483481064
Travel services,Fishing and Aquaculture,0,0,0,0,0,0
Security services,Fishing and Aquaculture,0,0,0,0,0,0
Building and landscape services,Fishing and Aquaculture,0,0,0,0,0,0
Office support services,Fishing and Aquaculture,0,0,0,0,0,0
Public administration services (including defence),Fishing and Aquaculture,0,0,0,0,0,0
Education services,Fishing and Aquaculture,0,0,0,0,0,0
Health services,Fishing and Aquaculture,0,0,0,0,0,0
Residential and social care services,Fishing and Aquaculture,0,0,0,0,0,0
Arts and entertainment services,Fishing and Aquaculture,0,0,0,0,0,0
Libraries and other cultural services,Fishing and Aquaculture,0,0,0,0,0,0
Gambling services,Fishing and Aquaculture,0,0,0,0,0,0
Sports and recreation services,Fishing and Aquaculture,0,0,0,0,0,0
Membership services,Fishing and Aquaculture,0,0,0,0,0,0
Computer repair services,Fishing and Aquaculture,0,0,0,0,0,0
Other personal services,Fishing and Aquaculture,0,0,23,1.8533440773569703,23,1.8533440773569703
Agriculture products,Coal and Lignite Mining,0,0,0,0,0,0
Forestry products,Coal and Lignite Mining,0,0,0,0,0,0
Fishing products,Coal and Lignite Mining,0,0,0,0,0,0
Coal and lignite,Coal and Lignite Mining,3,3.1914893617021276,0,0,3,3.1914893617021276
"Petroleum, natural gas and mining of metal ores",Coal and Lignite Mining,0,0,0,0,0,0
Other mining products,Coal and Lignite Mining,0,0,0,0,0,0
Mining support services,Coal and Lignite Mining,0,0,0,0,0,0
Meat and preserved meat products,Coal and Lignite Mining,0,0,0,0,0,0
"Fish, seafood, fruit and vegetables",Coal and Lignite Mining,0,0,0,0,0,0
Oils and fats,Coal and Lignite Mining,0,0,0,0,0,0
Dairy products,Coal and Lignite Mining,0,0,0,0,0,0
Grain mill and starch products,Coal and Lignite Mining,0,0,0,0,0,0
Bakery products,Coal and Lignite Mining,0,0,0,0,0,0
Other food products,Coal and Lignite Mining,0,0,0,0,0,0
Animal feeds,Coal and Lignite Mining,0,0,0,0,0,0
Alcoholic beverages and tobacco,Coal and Lignite Mining,0,0,0,0,0,0
Soft drinks,Coal and Lignite Mining,0,0,0,0,0,0
Textiles,Coal and Lignite Mining,0,0,0,0,0,0
Clothing,Coal and Lignite Mining,0,0,0,0,0,0
Leather products,Coal and Lignite Mining,0,0,0,0,0,0
Wood products (excl. furniture),Coal and Lignite Mining,0,0,0,0,0,0
Paper products,Coal and Lignite Mining,0,0,0,0,0,0
Printing and recording services,Coal and Lignite Mining,0,0,0,0,0,0
Coke and refined petroleum products,Coal and Lignite Mining,0,0,2,2.127659574468085,2,2.127659574468085
Paints and coatings,Coal and Lignite Mining,0,0,0,0,0,0
Soap and detergents,Coal and Lignite Mining,0,0,0,0,0,0
Other chemical products,Coal and Lignite Mining,0,0,6,6.382978723404255,6,6.382978723404255
Industrial gases and fertilizers,Coal and Lignite Mining,0,0,0,0,0,0
Petrochemicals,Coal and Lignite Mining,0,0,0,0,0,0
Dyestuffs and agro-chemicals,Coal and Lignite Mining,0,0,0,0,0,0
Pharmaceutical products,Coal and Lignite Mining,0,0,0,0,0,0
Rubber and plastic products,Coal and Lignite Mining,0,0,8,8.510638298,8,8.510638298
Cement and concrete products,Coal and Lignite Mining,0,0,0,0,0,0
"Glass, ceramic and stone products",Coal and Lignite Mining,0,0,0,0,0,0
Basic iron and steel,Coal and Lignite Mining,0,0,1,1.0638297872340425,1,1.0638297872340425
Other basic metals and casting,Coal and Lignite Mining,0,0,0,0,0,0
Weapons and ammunition,Coal and Lignite Mining,0,0,0,0,0,0
Other fabricated metal products,Coal and Lignite Mining,0,0,0,0,0,0
Computer and electronic products,Coal and Lignite Mining,0,0,0,0,0,0
Electrical equipment,Coal and Lignite Mining,0,0,0,0,0,0
Other machinery and equipment,Coal and Lignite Mining,0,0,4,4.255319149,4,4.255319149
Motor vehicles,Coal and Lignite Mining,0,0,0,0,0,0
Ships and boats,Coal and Lignite Mining,0,0,0,0,0,0
Aircraft and spacecraft products,Coal and Lignite Mining,0,0,0,0,0,0
Other Transport Equipment,Coal and Lignite Mining,0,0,0,0,0,0
Furniture,Coal and Lignite Mining,0,0,0,0,0,0
Other manufactured goods,Coal and Lignite Mining,0,0,0,0,0,0
Ship and boat repair and maintenance,Coal and Lignite Mining,0,0,0,0,0,0
Air and spacecraft repair and maintenance,Coal and Lignite Mining,0,0,0,0,0,0
Other repair services,Coal and Lignite Mining,0,0,9,9.574468085106384,9,9.574468085106384
Electricity services,Coal and Lignite Mining,0,0,3,3.1914893617021276,3,3.1914893617021276
"Mains gas, steam and air conditioning services",Coal and Lignite Mining,0,0,0,0,0,0
Water services,Coal and Lignite Mining,0,0,1,1.0638297872340425,1,1.0638297872340425
Sewerage services,Coal and Lignite Mining,0,0,0,0,0,0
Waste collection and treatment services,Coal and Lignite Mining,0,0,0,0,0,0
Remediation and waste management services,Coal and Lignite Mining,0,0,0,0,0,0
Construction services,Coal and Lignite Mining,0,0,2,2.127659574468085,2,2.127659574468085
Motor vehicle trade services,Coal and Lignite Mining,0,0,0,0,0,0
Wholesale trade services,Coal and Lignite Mining,0,0,5,5.319148936170213,5,5.319148936170213
Retail trade services,Coal and Lignite Mining,0,0,0,0,0,0
Rail transport services,Coal and Lignite Mining,0,0,0,0,0,0
Land transport services,Coal and Lignite Mining,0,0,12,12.76595744680851,12,12.76595744680851
Water transport services,Coal and Lignite Mining,0,0,0,0,0,0
Air transport services,Coal and Lignite Mining,0,0,0,0,0,0
Warehousing services,Coal and Lignite Mining,0,0,0,0,0,0
Postal and courier services,Coal and Lignite Mining,0,0,0,0,0,0
Accommodation services,Coal and Lignite Mining,0,0,0,0,0,0
Food and beverage services,Coal and Lignite Mining,0,0,0,0,0,0
Publishing services,Coal and Lignite Mining,0,0,0,0,0,0
Media Production services,Coal and Lignite Mining,0,0,0,0,0,0
Telecommunications services,Coal and Lignite Mining,0,0,0,0,0,0
Computer programming services,Coal and Lignite Mining,0,0,1,1.0638297872340425,1,1.0638297872340425
Information services,Coal and Lignite Mining,0,0,0,0,0,0
Financial services (excl. insurance and pensions),Coal and Lignite Mining,2,2.127659574468085,18,19.148936170212767,20,21.276595744680854
Insurance and pension services,Coal and Lignite Mining,0,0,2,2.127659574468085,2,2.127659574468085
Auxiliary financial services,Coal and Lignite Mining,0,0,4,4.255319149,4,4.255319149
Real estate services,Coal and Lignite Mining,0,0,0,0,0,0
Owner-occupier housing services,Coal and Lignite Mining,0,0,0,0,0,0
Other real estate services,Coal and Lignite Mining,0,0,0,0,0,0
Legal services,Coal and Lignite Mining,0,0,1,1.0638297872340425,1,1.0638297872340425
Accounting and tax services,Coal and Lignite Mining,0,0,0,0,0,0
Management consulting services,Coal and Lignite Mining,0,0,0,0,0,0
Architectural and engineering services,Coal and Lignite Mining,0,0,1,1.0638297872340425,1,1.0638297872340425
Scientific research and development services,Coal and Lignite Mining,0,0,0,0,0,0
Advertising and market research services,Coal and Lignite Mining,0,0,0,0,0,0
Other scientific and technical services,Coal and Lignite Mining,0,0,0,0,0,0
Veterinary services,Coal and Lignite Mining,0,0,0,0,0,0
Rental and leasing services,Coal and Lignite Mining,0,0,8,8.510638298,8,8.510638298
Employment services,Coal and Lignite Mining,0,0,0,0,0,0
Travel services,Coal and Lignite Mining,0,0,0,0,0,0
Security services,Coal and Lignite Mining,0,0,0,0,0,0
Building and landscape services,Coal and Lignite Mining,0,0,0,0,0,0
Office support services,Coal and Lignite Mining,0,0,0,0,0,0
Public administration services (including defence),Coal and Lignite Mining,0,0,1,1.0638297872340425,1,1.0638297872340425
Education services,Coal and Lignite Mining,0,0,0,0,0,0
Health services,Coal and Lignite Mining,0,0,0,0,0,0
Residential and social care services,Coal and Lignite Mining,0,0,0,0,0,0
Arts and entertainment services,Coal and Lignite Mining,0,0,0,0,0,0
Libraries and other cultural services,Coal and Lignite Mining,0,0,0,0,0,0
Gambling services,Coal and Lignite Mining,0,0,0,0,0,0
Sports and recreation services,Coal and Lignite Mining,0,0,0,0,0,0
Membership services,Coal and Lignite Mining,0,0,0,0,0,0
Computer repair services,Coal and Lignite Mining,0,0,0,0,0,0
Other personal services,Coal and Lignite Mining,0,0,0,0,0,0
Agriculture products,"Petroleum, Natural Gas and Metals Extraction",0,0,0,0,0,0
Forestry products,"Petroleum, Natural Gas and Metals Extraction",0,0,0,0,0,0
Fishing products,"Petroleum, Natural Gas and Metals Extraction",0,0,0,0,0,0
Coal and lignite,"Petroleum, Natural Gas and Metals Extraction",0,0,0,0,0,0
"Petroleum, natural gas and mining of metal ores","Petroleum, Natural Gas and Metals Extraction",110,1.1524358302776323,391,4.096385542168675,501,5.248821372446307
Other mining products,"Petroleum, Natural Gas and Metals Extraction",0,0,0,0,0,0
Mining support services,"Petroleum, Natural Gas and Metals Extraction",0,0,1869,19.580932425353588,1869,19.580932425353588
Meat and preserved meat products,"Petroleum, Natural Gas and Metals Extraction",0,0,6,0.062860136,6,0.062860136
"Fish, seafood, fruit and vegetables","Petroleum, Natural Gas and Metals Extraction",0,0,4,0.041906757464641176,4,0.041906757464641176
Oils and fats,"Petroleum, Natural Gas and Metals Extraction",0,0,0,0,0,0
Dairy products,"Petroleum, Natural Gas and Metals Extraction",0,0,3,0.031430068,3,0.031430068
Grain mill and starch products,"Petroleum, Natural Gas and Metals Extraction",0,0,0,0,0,0
Bakery products,"Petroleum, Natural Gas and Metals Extraction",0,0,3,0.031430068,3,0.031430068
Other food products,"Petroleum, Natural Gas and Metals Extraction",0,0,1,0.010476689366160294,1,0.010476689366160294
Animal feeds,"Petroleum, Natural Gas and Metals Extraction",0,0,0,0,0,0
Alcoholic beverages and tobacco,"Petroleum, Natural Gas and Metals Extraction",0,0,0,0,0,0
Soft drinks,"Petroleum, Natural Gas and Metals Extraction",0,0,0,0,0,0
Textiles,"Petroleum, Natural Gas and Metals Extraction",0,0,0,0,0,0
Clothing,"Petroleum, Natural Gas and Metals Extraction",0,0,0,0,0,0
Leather products,"Petroleum, Natural Gas and Metals Extraction",0,0,0,0,0,0
Wood products (excl. furniture),"Petroleum, Natural Gas and Metals Extraction",0,0,21,0.22001047668936616,21,0.22001047668936616
Paper products,"Petroleum, Natural Gas and Metals Extraction",0,0,3,0.031430068,3,0.031430068
Printing and recording services,"Petroleum, Natural Gas and Metals Extraction",0,0,0,0,0,0
Coke and refined petroleum products,"Petroleum, Natural Gas and Metals Extraction",51,0.5343111576741749,0,0,51,0.5343111576741749
Paints and coatings,"Petroleum, Natural Gas and Metals Extraction",0,0,0,0,0,0
Soap and detergents,"Petroleum, Natural Gas and Metals Extraction",0,0,0,0,0,0
Other chemical products,"Petroleum, Natural Gas and Metals Extraction",0,0,0,0,0,0
Industrial gases and fertilizers,"Petroleum, Natural Gas and Metals Extraction",0,0,0,0,0,0
Petrochemicals,"Petroleum, Natural Gas and Metals Extraction",0,0,0,0,0,0
Dyestuffs and agro-chemicals,"Petroleum, Natural Gas and Metals Extraction",0,0,0,0,0,0
Pharmaceutical products,"Petroleum, Natural Gas and Metals Extraction",0,0,0,0,0,0
Rubber and plastic products,"Petroleum, Natural Gas and Metals Extraction",0,0,0,0,0,0
Cement and concrete products,"Petroleum, Natural Gas and Metals Extraction",0,0,0,0,0,0
"Glass, ceramic and stone products","Petroleum, Natural Gas and Metals Extraction",0,0,0,0,0,0
Basic iron and steel,"Petroleum, Natural Gas and Metals Extraction",19,0.19905709795704557,71,0.7438449449973807,90,0.9429020429544264
Other basic metals and casting,"Petroleum, Natural Gas and Metals Extraction",0,0,0,0,0,0
Weapons and ammunition,"Petroleum, Natural Gas and Metals Extraction",0,0,0,0,0,0
Other fabricated metal products,"Petroleum, Natural Gas and Metals Extraction",9,0.094290204,174,1.822943949711891,183,1.9172341540073337
Computer and electronic products,"Petroleum, Natural Gas and Metals Extraction",82,0.8590885280251441,0,0,82,0.8590885280251441
Electrical equipment,"Petroleum, Natural Gas and Metals Extraction",0,0,0,0,0,0
Other machinery and equipment,"Petroleum, Natural Gas and Metals Extraction",53,0.5552645364064955,1379,14.447354635935044,1432,15.00261917234154
Motor vehicles,"Petroleum, Natural Gas and Metals Extraction",0,0,0,0,0,0
Ships and boats,"Petroleum, Natural Gas and Metals Extraction",0,0,209,2.189628077527501,209,2.189628077527501
Aircraft and spacecraft products,"Petroleum, Natural Gas and Metals Extraction",0,0,0,0,0,0
Other Transport Equipment,"Petroleum, Natural Gas and Metals Extraction",0,0,0,0,0,0
Furniture,"Petroleum, Natural Gas and Metals Extraction",0,0,0,0,0,0
Other manufactured goods,"Petroleum, Natural Gas and Metals Extraction",0,0,22,0.23048716605552647,22,0.23048716605552647
Ship and boat repair and maintenance,"Petroleum, Natural Gas and Metals Extraction",9,0.094290204,163,1.7077003666841277,172,1.8019905709795703
Air and spacecraft repair and maintenance,"Petroleum, Natural Gas and Metals Extraction",0,0,0,0,0,0
Other repair services,"Petroleum, Natural Gas and Metals Extraction",0,0,329,3.446830801466737,329,3.446830801466737
Electricity services,"Petroleum, Natural Gas and Metals Extraction",0,0,106,1.110529072812991,106,1.110529072812991
"Mains gas, steam and air conditioning services","Petroleum, Natural Gas and Metals Extraction",0,0,19,0.19905709795704557,19,0.19905709795704557
Water services,"Petroleum, Natural Gas and Metals Extraction",0,0,6,0.062860136,6,0.062860136
Sewerage services,"Petroleum, Natural Gas and Metals Extraction",0,0,2,0.020953378732320588,2,0.020953378732320588
Waste collection and treatment services,"Petroleum, Natural Gas and Metals Extraction",0,0,36,0.3771608171817706,36,0.3771608171817706
Remediation and waste management services,"Petroleum, Natural Gas and Metals Extraction",0,0,0,0,0,0
Construction services,"Petroleum, Natural Gas and Metals Extraction",0,0,116,1.215295966474594,116,1.215295966474594
Motor vehicle trade services,"Petroleum, Natural Gas and Metals Extraction",0,0,56,0.5866946045049763,56,0.5866946045049763
Wholesale trade services,"Petroleum, Natural Gas and Metals Extraction",0,0,609,6.380303823991619,609,6.380303823991619
Retail trade services,"Petroleum, Natural Gas and Metals Extraction",0,0,130,1.3619696176008382,130,1.3619696176008382
Rail transport services,"Petroleum, Natural Gas and Metals Extraction",0,0,26,0.2723939235201676,26,0.2723939235201676
Land transport services,"Petroleum, Natural Gas and Metals Extraction",22,0.23048716605552647,46,0.48192771084337355,68,0.712414877
Water transport services,"Petroleum, Natural Gas and Metals Extraction",284,2.975379779989523,0,0,284,2.975379779989523
Air transport services,"Petroleum, Natural Gas and Metals Extraction",25,0.26191723415400736,132,1.3829229963331586,157,1.644840230487166
Warehousing services,"Petroleum, Natural Gas and Metals Extraction",1,0.010476689366160294,4,0.041906757464641176,5,0.052383447
Postal and courier services,"Petroleum, Natural Gas and Metals Extraction",0,0,2,0.020953378732320588,2,0.020953378732320588
Accommodation services,"Petroleum, Natural Gas and Metals Extraction",0,0,0,0,0,0
Food and beverage services,"Petroleum, Natural Gas and Metals Extraction",12,0.12572027239392353,51,0.5343111576741749,63,0.6600314300680985
Publishing services,"Petroleum, Natural Gas and Metals Extraction",0,0,0,0,0,0
Media Production services,"Petroleum, Natural Gas and Metals Extraction",0,0,0,0,0,0
Telecommunications services,"Petroleum, Natural Gas and Metals Extraction",0,0,43,0.4504976427448926,43,0.4504976427448926
Computer programming services,"Petroleum, Natural Gas and Metals Extraction",4,0.041906757464641176,185,1.9381875327396543,189,1.9800942902042955
Information services,"Petroleum, Natural Gas and Metals Extraction",0,0,3,0.031430068,3,0.031430068
Financial services (excl. insurance and pensions),"Petroleum, Natural Gas and Metals Extraction",22,0.23048716605552647,1104,11.566265060240964,1126,11.79675222629649
Insurance and pension services,"Petroleum, Natural Gas and Metals Extraction",0,0,69,0.7228915662650602,69,0.7228915662650602
Auxiliary financial services,"Petroleum, Natural Gas and Metals Extraction",0,0,0,0,0,0
Real estate services,"Petroleum, Natural Gas and Metals Extraction",0,0,0,0,0,0
Owner-occupier housing services,"Petroleum, Natural Gas and Metals Extraction",0,0,0,0,0,0
Other real estate services,"Petroleum, Natural Gas and Metals Extraction",0,0,0,0,0,0
Legal services,"Petroleum, Natural Gas and Metals Extraction",1,0.010476689366160294,110,1.1524358302776323,111,1.1629125196437926
Accounting and tax services,"Petroleum, Natural Gas and Metals Extraction",0,0,36,0.3771608171817706,36,0.3771608171817706
Management consulting services,"Petroleum, Natural Gas and Metals Extraction",7,0.073336826,44,0.46097433211105293,51,0.534311158
Architectural and engineering services,"Petroleum, Natural Gas and Metals Extraction",4,0.041906757464641176,376,3.939235202,380,3.981141959140911
Scientific research and development services,"Petroleum, Natural Gas and Metals Extraction",0,0,0,0,0,0
Advertising and market research services,"Petroleum, Natural Gas and Metals Extraction",1,0.010476689366160294,50,0.5238344683080147,51,0.534311158
Other scientific and technical services,"Petroleum, Natural Gas and Metals Extraction",0,0,4,0.041906757464641176,4,0.041906757464641176
Veterinary services,"Petroleum, Natural Gas and Metals Extraction",0,0,0,0,0,0
Rental and leasing services,"Petroleum, Natural Gas and Metals Extraction",2,0.020953378732320588,298,3.1220534311157673,300,3.143006809848088
Employment services,"Petroleum, Natural Gas and Metals Extraction",8,0.083813515,492,5.154531168150864,500,5.238344683080147
Travel services,"Petroleum, Natural Gas and Metals Extraction",0,0,0,0,0,0
Security services,"Petroleum, Natural Gas and Metals Extraction",0,0,0,0,0,0
Building and landscape services,"Petroleum, Natural Gas and Metals Extraction",0,0,0,0,0,0
Office support services,"Petroleum, Natural Gas and Metals Extraction",3,0.031430068,3,0.031430068,6,0.062860136
Public administration services (including defence),"Petroleum, Natural Gas and Metals Extraction",0,0,0,0,0,0
Education services,"Petroleum, Natural Gas and Metals Extraction",0,0,0,0,0,0
Health services,"Petroleum, Natural Gas and Metals Extraction",3,0.031430068,7,0.073336826,10,0.10476689366160293
Residential and social care services,"Petroleum, Natural Gas and Metals Extraction",0,0,0,0,0,0
Arts and entertainment services,"Petroleum, Natural Gas and Metals Extraction",0,0,0,0,0,0
Libraries and other cultural services,"Petroleum, Natural Gas and Metals Extraction",0,0,0,0,0,0
Gambling services,"Petroleum, Natural Gas and Metals Extraction",0,0,0,0,0,0
Sports and recreation services,"Petroleum, Natural Gas and Metals Extraction",0,0,0,0,0,0
Membership services,"Petroleum, Natural Gas and Metals Extraction",0,0,0,0,0,0
Computer repair services,"Petroleum, Natural Gas and Metals Extraction",0,0,0,0,0,0
Other personal services,"Petroleum, Natural Gas and Metals Extraction",0,0,0,0,0,0
Agriculture products,Other Mining and Quarrying,5,0.13113034356150013,2,0.052452137,7,0.1835824809861002
Forestry products,Other Mining and Quarrying,0,0,0,0,0,0
Fishing products,Other Mining and Quarrying,0,0,0,0,0,0
Coal and lignite,Other Mining and Quarrying,3,0.078678206,0,0,3,0.078678206
"Petroleum, natural gas and mining of metal ores",Other Mining and Quarrying,0,0,10,0.26226068712300027,10,0.26226068712300027
Other mining products,Other Mining and Quarrying,246,6.451612903225806,375,9.834775767,621,16.286388670338315
Mining support services,Other Mining and Quarrying,0,0,439,11.513244164699712,439,11.513244164699712
Meat and preserved meat products,Other Mining and Quarrying,0,0,2,0.052452137,2,0.052452137
"Fish, seafood, fruit and vegetables",Other Mining and Quarrying,0,0,4,0.1049042748492001,4,0.1049042748492001
Oils and fats,Other Mining and Quarrying,0,0,0,0,0,0
Dairy products,Other Mining and Quarrying,0,0,2,0.052452137,2,0.052452137
Grain mill and starch products,Other Mining and Quarrying,0,0,0,0,0,0
Bakery products,Other Mining and Quarrying,0,0,2,0.052452137,2,0.052452137
Other food products,Other Mining and Quarrying,0,0,1,0.026226068712300026,1,0.026226068712300026
Animal feeds,Other Mining and Quarrying,0,0,0,0,0,0
Alcoholic beverages and tobacco,Other Mining and Quarrying,0,0,0,0,0,0
Soft drinks,Other Mining and Quarrying,0,0,0,0,0,0
Textiles,Other Mining and Quarrying,0,0,0,0,0,0
Clothing,Other Mining and Quarrying,0,0,0,0,0,0
Leather products,Other Mining and Quarrying,0,0,0,0,0,0
Wood products (excl. furniture),Other Mining and Quarrying,0,0,0,0,0,0
Paper products,Other Mining and Quarrying,5,0.13113034356150013,0,0,5,0.13113034356150013
Printing and recording services,Other Mining and Quarrying,0,0,0,0,0,0
Coke and refined petroleum products,Other Mining and Quarrying,9,0.23603461841070023,48,1.2588512981904012,57,1.4948859166011015
Paints and coatings,Other Mining and Quarrying,0,0,0,0,0,0
Soap and detergents,Other Mining and Quarrying,0,0,0,0,0,0
Other chemical products,Other Mining and Quarrying,23,0.6031995803829006,0,0,23,0.6031995803829006
Industrial gases and fertilizers,Other Mining and Quarrying,4,0.1049042748492001,0,0,4,0.1049042748492001
Petrochemicals,Other Mining and Quarrying,36,0.9441384736428009,29,0.7605559926567007,65,1.7046944662995016
Dyestuffs and agro-chemicals,Other Mining and Quarrying,0,0,0,0,0,0
Pharmaceutical products,Other Mining and Quarrying,0,0,0,0,0,0
Rubber and plastic products,Other Mining and Quarrying,8,0.2098085496984002,8,0.2098085496984002,16,0.4196170993968004
Cement and concrete products,Other Mining and Quarrying,84,2.2029897718332023,18,0.47206923682140045,102,2.675059008654603
"Glass, ceramic and stone products",Other Mining and Quarrying,49,1.2850773669027014,159,4.169944925255704,208,5.4550222921584055
Basic iron and steel,Other Mining and Quarrying,0,0,0,0,0,0
Other basic metals and casting,Other Mining and Quarrying,0,0,0,0,0,0
Weapons and ammunition,Other Mining and Quarrying,0,0,0,0,0,0
Other fabricated metal products,Other Mining and Quarrying,7,0.1835824809861002,0,0,7,0.1835824809861002
Computer and electronic products,Other Mining and Quarrying,2,0.052452137,2,0.052452137,4,0.1049042748492001
Electrical equipment,Other Mining and Quarrying,0,0,0,0,0,0
Other machinery and equipment,Other Mining and Quarrying,8,0.2098085496984002,39,1.0228166797797011,47,1.2326252294781013
Motor vehicles,Other Mining and Quarrying,0,0,5,0.13113034356150013,5,0.13113034356150013
Ships and boats,Other Mining and Quarrying,0,0,0,0,0,0
Aircraft and spacecraft products,Other Mining and Quarrying,0,0,0,0,0,0
Other Transport Equipment,Other Mining and Quarrying,0,0,0,0,0,0
Furniture,Other Mining and Quarrying,0,0,0,0,0,0
Other manufactured goods,Other Mining and Quarrying,0,0,3,0.078678206,3,0.078678206
Ship and boat repair and maintenance,Other Mining and Quarrying,0,0,0,0,0,0
Air and spacecraft repair and maintenance,Other Mining and Quarrying,0,0,0,0,0,0
Other repair services,Other Mining and Quarrying,0,0,273,7.159716758457907,273,7.159716758457907
Electricity services,Other Mining and Quarrying,0,0,204,5.350118017309206,204,5.350118017309206
"Mains gas, steam and air conditioning services",Other Mining and Quarrying,0,0,29,0.7605559926567007,29,0.7605559926567007
Water services,Other Mining and Quarrying,0,0,10,0.26226068712300027,10,0.26226068712300027
Sewerage services,Other Mining and Quarrying,0,0,0,0,0,0
Waste collection and treatment services,Other Mining and Quarrying,14,0.3671649619722004,11,0.2884867558353003,25,0.6556517178075008
Remediation and waste management services,Other Mining and Quarrying,0,0,0,0,0,0
Construction services,Other Mining and Quarrying,1,0.026226068712300026,0,0,1,0.026226068712300026
Motor vehicle trade services,Other Mining and Quarrying,0,0,4,0.1049042748492001,4,0.1049042748492001
Wholesale trade services,Other Mining and Quarrying,0,0,314,8.234985575662208,314,8.234985575662208
Retail trade services,Other Mining and Quarrying,0,0,52,1.3637555730396014,52,1.3637555730396014
Rail transport services,Other Mining and Quarrying,2,0.052452137,15,0.3933910306845004,17,0.4458431681091004
Land transport services,Other Mining and Quarrying,68,1.7833726724364019,461,12.090217676370312,529,13.873590348806713
Water transport services,Other Mining and Quarrying,18,0.47206923682140045,0,0,18,0.47206923682140045
Air transport services,Other Mining and Quarrying,0,0,8,0.2098085496984002,8,0.2098085496984002
Warehousing services,Other Mining and Quarrying,4,0.1049042748492001,1,0.026226068712300026,5,0.13113034356150013
Postal and courier services,Other Mining and Quarrying,0,0,10,0.26226068712300027,10,0.26226068712300027
Accommodation services,Other Mining and Quarrying,0,0,0,0,0,0
Food and beverage services,Other Mining and Quarrying,1,0.026226068712300026,2,0.052452137,3,0.078678206
Publishing services,Other Mining and Quarrying,0,0,0,0,0,0
Media Production services,Other Mining and Quarrying,0,0,0,0,0,0
Telecommunications services,Other Mining and Quarrying,0,0,10,0.26226068712300027,10,0.26226068712300027
Computer programming services,Other Mining and Quarrying,3,0.078678206,13,0.34093889325990034,16,0.4196170993968004
Information services,Other Mining and Quarrying,0,0,0,0,0,0
Financial services (excl. insurance and pensions),Other Mining and Quarrying,31,0.8130081300813009,296,7.7629163388408085,327,8.575924468922109
Insurance and pension services,Other Mining and Quarrying,0,0,26,0.6818777865198007,26,0.6818777865198007
Auxiliary financial services,Other Mining and Quarrying,4,0.1049042748492001,4,0.1049042748492001,8,0.2098085496984002
Real estate services,Other Mining and Quarrying,0,0,0,0,0,0
Owner-occupier housing services,Other Mining and Quarrying,0,0,0,0,0,0
Other real estate services,Other Mining and Quarrying,0,0,0,0,0,0
Legal services,Other Mining and Quarrying,1,0.026226068712300026,104,2.7275111460792028,105,2.753737214791503
Accounting and tax services,Other Mining and Quarrying,0,0,6,0.15735641227380015,6,0.15735641227380015
Management consulting services,Other Mining and Quarrying,5,0.13113034356150013,0,0,5,0.13113034356150013
Architectural and engineering services,Other Mining and Quarrying,3,0.078678206,16,0.4196170993968004,19,0.4982953055337005
Scientific research and development services,Other Mining and Quarrying,0,0,0,0,0,0
Advertising and market research services,Other Mining and Quarrying,0,0,6,0.15735641227380015,6,0.15735641227380015
Other scientific and technical services,Other Mining and Quarrying,0,0,1,0.026226068712300026,1,0.026226068712300026
Veterinary services,Other Mining and Quarrying,0,0,0,0,0,0
Rental and leasing services,Other Mining and Quarrying,3,0.078678206,111,2.911093627065303,114,2.989771833202203
Employment services,Other Mining and Quarrying,1,0.026226068712300026,30,0.7867820613690008,31,0.8130081300813008
Travel services,Other Mining and Quarrying,0,0,0,0,0,0
Security services,Other Mining and Quarrying,0,0,0,0,0,0
Building and landscape services,Other Mining and Quarrying,0,0,0,0,0,0
Office support services,Other Mining and Quarrying,0,0,0,0,0,0
Public administration services (including defence),Other Mining and Quarrying,0,0,0,0,0,0
Education services,Other Mining and Quarrying,0,0,0,0,0,0
Health services,Other Mining and Quarrying,0,0,0,0,0,0
Residential and social care services,Other Mining and Quarrying,0,0,0,0,0,0
Arts and entertainment services,Other Mining and Quarrying,0,0,0,0,0,0
Libraries and other cultural services,Other Mining and Quarrying,0,0,0,0,0,0
Gambling services,Other Mining and Quarrying,0,0,0,0,0,0
Sports and recreation services,Other Mining and Quarrying,0,0,0,0,0,0
Membership services,Other Mining and Quarrying,0,0,0,0,0,0
Computer repair services,Other Mining and Quarrying,0,0,0,0,0,0
Other personal services,Other Mining and Quarrying,0,0,0,0,0,0
Agriculture products,Mining Support Services,0,0,0,0,0,0
Forestry products,Mining Support Services,0,0,0,0,0,0
Fishing products,Mining Support Services,0,0,0,0,0,0
Coal and lignite,Mining Support Services,0,0,0,0,0,0
"Petroleum, natural gas and mining of metal ores",Mining Support Services,0,0,0,0,0,0
Other mining products,Mining Support Services,0,0,0,0,0,0
Mining support services,Mining Support Services,113,3.6807817589576546,802,26.123778501628664,915,29.804560260586317
Meat and preserved meat products,Mining Support Services,0,0,1,0.03257329,1,0.03257329
"Fish, seafood, fruit and vegetables",Mining Support Services,0,0,2,0.06514658,2,0.06514658
Oils and fats,Mining Support Services,0,0,0,0,0,0
Dairy products,Mining Support Services,0,0,2,0.06514658,2,0.06514658
Grain mill and starch products,Mining Support Services,0,0,0,0,0,0
Bakery products,Mining Support Services,0,0,3,0.09771987,3,0.09771987
Other food products,Mining Support Services,0,0,2,0.06514658,2,0.06514658
Animal feeds,Mining Support Services,0,0,0,0,0,0
Alcoholic beverages and tobacco,Mining Support Services,0,0,0,0,0,0
Soft drinks,Mining Support Services,0,0,0,0,0,0
Textiles,Mining Support Services,0,0,0,0,0,0
Clothing,Mining Support Services,0,0,0,0,0,0
Leather products,Mining Support Services,0,0,0,0,0,0
Wood products (excl. furniture),Mining Support Services,0,0,0,0,0,0
Paper products,Mining Support Services,0,0,2,0.06514658,2,0.06514658
Printing and recording services,Mining Support Services,0,0,0,0,0,0
Coke and refined petroleum products,Mining Support Services,3,0.09771987,0,0,3,0.09771987
Paints and coatings,Mining Support Services,0,0,0,0,0,0
Soap and detergents,Mining Support Services,0,0,0,0,0,0
Other chemical products,Mining Support Services,32,1.0423452768729642,0,0,32,1.0423452768729642
Industrial gases and fertilizers,Mining Support Services,0,0,0,0,0,0
Petrochemicals,Mining Support Services,0,0,0,0,0,0
Dyestuffs and agro-chemicals,Mining Support Services,0,0,0,0,0,0
Pharmaceutical products,Mining Support Services,0,0,0,0,0,0
Rubber and plastic products,Mining Support Services,0,0,0,0,0,0
Cement and concrete products,Mining Support Services,0,0,0,0,0,0
"Glass, ceramic and stone products",Mining Support Services,0,0,0,0,0,0
Basic iron and steel,Mining Support Services,17,0.5537459283387622,0,0,17,0.5537459283387622
Other basic metals and casting,Mining Support Services,0,0,0,0,0,0
Weapons and ammunition,Mining Support Services,0,0,0,0,0,0
Other fabricated metal products,Mining Support Services,29,0.9446254071661238,0,0,29,0.9446254071661238
Computer and electronic products,Mining Support Services,0,0,5,0.16286644951140067,5,0.16286644951140067
Electrical equipment,Mining Support Services,0,0,0,0,0,0
Other machinery and equipment,Mining Support Services,224,7.296416938110749,13,0.4234527687296417,237,7.719869706840391
Motor vehicles,Mining Support Services,0,0,0,0,0,0
Ships and boats,Mining Support Services,0,0,0,0,0,0
Aircraft and spacecraft products,Mining Support Services,0,0,0,0,0,0
Other Transport Equipment,Mining Support Services,0,0,0,0,0,0
Furniture,Mining Support Services,0,0,0,0,0,0
Other manufactured goods,Mining Support Services,0,0,5,0.16286644951140067,5,0.16286644951140067
Ship and boat repair and maintenance,Mining Support Services,4,0.13029315960912052,8,0.26058631921824105,12,0.39087947882736157
Air and spacecraft repair and maintenance,Mining Support Services,0,0,0,0,0,0
Other repair services,Mining Support Services,4,0.13029315960912052,253,8.241042345276874,257,8.371335504885995
Electricity services,Mining Support Services,0,0,130,4.234527687296417,130,4.234527687296417
"Mains gas, steam and air conditioning services",Mining Support Services,0,0,6,0.19543973941368079,6,0.19543973941368079
Water services,Mining Support Services,0,0,3,0.09771987,3,0.09771987
Sewerage services,Mining Support Services,0,0,2,0.06514658,2,0.06514658
Waste collection and treatment services,Mining Support Services,0,0,3,0.09771987,3,0.09771987
Remediation and waste management services,Mining Support Services,0,0,0,0,0,0
Construction services,Mining Support Services,0,0,120,3.908794788273615,120,3.908794788273615
Motor vehicle trade services,Mining Support Services,1,0.03257329,9,0.2931596091205212,10,0.32573289902280134
Wholesale trade services,Mining Support Services,0,0,99,3.224755700325733,99,3.224755700325733
Retail trade services,Mining Support Services,0,0,20,0.6514657980456027,20,0.6514657980456027
Rail transport services,Mining Support Services,0,0,4,0.13029315960912052,4,0.13029315960912052
Land transport services,Mining Support Services,3,0.09771987,25,0.8143322475570033,28,0.9120521172638437
Water transport services,Mining Support Services,0,0,0,0,0,0
Air transport services,Mining Support Services,0,0,0,0,0,0
Warehousing services,Mining Support Services,0,0,0,0,0,0
Postal and courier services,Mining Support Services,0,0,15,0.4885993485342019,15,0.4885993485342019
Accommodation services,Mining Support Services,0,0,0,0,0,0
Food and beverage services,Mining Support Services,0,0,3,0.09771987,3,0.09771987
Publishing services,Mining Support Services,0,0,0,0,0,0
Media Production services,Mining Support Services,0,0,0,0,0,0
Telecommunications services,Mining Support Services,1,0.03257329,17,0.5537459283387622,18,0.5863192182410424
Computer programming services,Mining Support Services,3,0.09771987,73,2.3778501628664497,76,2.475570033
Information services,Mining Support Services,0,0,0,0,0,0
Financial services (excl. insurance and pensions),Mining Support Services,3,0.09771987,211,6.872964169381107,214,6.970684039087947
Insurance and pension services,Mining Support Services,0,0,16,0.5211726384364821,16,0.5211726384364821
Auxiliary financial services,Mining Support Services,0,0,0,0,0,0
Real estate services,Mining Support Services,0,0,0,0,0,0
Owner-occupier housing services,Mining Support Services,0,0,0,0,0,0
Other real estate services,Mining Support Services,0,0,0,0,0,0
Legal services,Mining Support Services,2,0.06514658,80,2.6058631921824107,82,2.671009771986971
Accounting and tax services,Mining Support Services,1,0.03257329,11,0.3583061889250814,12,0.39087947882736157
Management consulting services,Mining Support Services,62,2.019543973941368,70,2.2801302931596092,132,4.299674267100977
Architectural and engineering services,Mining Support Services,61,1.986970684039088,238,7.752442996742672,299,9.739413680781759
Scientific research and development services,Mining Support Services,0,0,0,0,0,0
Advertising and market research services,Mining Support Services,0,0,3,0.09771987,3,0.09771987
Other scientific and technical services,Mining Support Services,0,0,4,0.13029315960912052,4,0.13029315960912052
Veterinary services,Mining Support Services,0,0,0,0,0,0
Rental and leasing services,Mining Support Services,21,0.6840390879478827,65,2.1172638436482085,86,2.801302931596091
Employment services,Mining Support Services,7,0.2280130293159609,6,0.19543973941368079,13,0.42345276872964166
Travel services,Mining Support Services,0,0,0,0,0,0
Security services,Mining Support Services,0,0,0,0,0,0
Building and landscape services,Mining Support Services,0,0,0,0,0,0
Office support services,Mining Support Services,2,0.06514658,146,4.755700325732899,148,4.820846906
Public administration services (including defence),Mining Support Services,0,0,0,0,0,0
Education services,Mining Support Services,0,0,0,0,0,0
Health services,Mining Support Services,0,0,0,0,0,0
Residential and social care services,Mining Support Services,0,0,0,0,0,0
Arts and entertainment services,Mining Support Services,0,0,0,0,0,0
Libraries and other cultural services,Mining Support Services,0,0,0,0,0,0
Gambling services,Mining Support Services,0,0,0,0,0,0
Sports and recreation services,Mining Support Services,0,0,0,0,0,0
Membership services,Mining Support Services,0,0,0,0,0,0
Computer repair services,Mining Support Services,0,0,0,0,0,0
Other personal services,Mining Support Services,0,0,0,0,0,0
Agriculture products,Meat Processing,303,1.8994483450351054,4767,29.883400200601805,5070,31.78284854563691
Forestry products,Meat Processing,0,0,0,0,0,0
Fishing products,Meat Processing,0,0,0,0,0,0
Coal and lignite,Meat Processing,0,0,0,0,0,0
"Petroleum, natural gas and mining of metal ores",Meat Processing,0,0,0,0,0,0
Other mining products,Meat Processing,0,0,0,0,0,0
Mining support services,Meat Processing,0,0,0,0,0,0
Meat and preserved meat products,Meat Processing,111,0.6958375125376128,4310,27.018555667001003,4421,27.714393179538614
"Fish, seafood, fruit and vegetables",Meat Processing,4,0.025075225677031094,23,0.1441825476429288,27,0.1692577733199599
Oils and fats,Meat Processing,46,0.2883650952858576,16,0.10030090270812438,62,0.38866599799398194
Dairy products,Meat Processing,4,0.025075225677031094,20,0.12537612838515547,24,0.15045135406218657
Grain mill and starch products,Meat Processing,17,0.10656970912738215,251,1.573470411233701,268,1.680040120361083
Bakery products,Meat Processing,1,0.006268806,35,0.21940822467402207,36,0.22567703109327986
Other food products,Meat Processing,21,0.13164493480441325,117,0.7334503510531595,138,0.8650952858575727
Animal feeds,Meat Processing,2,0.012537612838515547,0,0,2,0.012537612838515547
Alcoholic beverages and tobacco,Meat Processing,0,0,0,0,0,0
Soft drinks,Meat Processing,0,0,0,0,0,0
Textiles,Meat Processing,0,0,0,0,0,0
Clothing,Meat Processing,0,0,0,0,0,0
Leather products,Meat Processing,0,0,0,0,0,0
Wood products (excl. furniture),Meat Processing,0,0,2,0.012537612838515547,2,0.012537612838515547
Paper products,Meat Processing,34,0.2131394182547643,102,0.6394182547642928,136,0.8525576730190572
Printing and recording services,Meat Processing,0,0,0,0,0,0
Coke and refined petroleum products,Meat Processing,1,0.006268806,28,0.17552657973921765,29,0.18179538615847543
Paints and coatings,Meat Processing,0,0,0,0,0,0
Soap and detergents,Meat Processing,0,0,4,0.025075225677031094,4,0.025075225677031094
Other chemical products,Meat Processing,14,0.08776329,0,0,14,0.08776329
Industrial gases and fertilizers,Meat Processing,2,0.012537612838515547,0,0,2,0.012537612838515547
Petrochemicals,Meat Processing,0,0,0,0,0,0
Dyestuffs and agro-chemicals,Meat Processing,0,0,0,0,0,0
Pharmaceutical products,Meat Processing,0,0,0,0,0,0
Rubber and plastic products,Meat Processing,45,0.2820962888665998,450,2.820962888665998,495,3.1030591775325975
Cement and concrete products,Meat Processing,0,0,0,0,0,0
"Glass, ceramic and stone products",Meat Processing,0,0,0,0,0,0
Basic iron and steel,Meat Processing,0,0,1,0.006268806,1,0.006268806
Other basic metals and casting,Meat Processing,0,0,0,0,0,0
Weapons and ammunition,Meat Processing,0,0,0,0,0,0
Other fabricated metal products,Meat Processing,1,0.006268806,8,0.050150451,9,0.056419257773319964
Computer and electronic products,Meat Processing,3,0.018806419257773318,4,0.025075225677031094,7,0.043881645
Electrical equipment,Meat Processing,0,0,0,0,0,0
Other machinery and equipment,Meat Processing,26,0.1629889669007021,53,0.33224674,79,0.4952357071213641
Motor vehicles,Meat Processing,0,0,3,0.018806419257773318,3,0.018806419257773318
Ships and boats,Meat Processing,0,0,0,0,0,0
Aircraft and spacecraft products,Meat Processing,0,0,0,0,0,0
Other Transport Equipment,Meat Processing,0,0,0,0,0,0
Furniture,Meat Processing,0,0,0,0,0,0
Other manufactured goods,Meat Processing,15,0.094032096,0,0,15,0.094032096
Ship and boat repair and maintenance,Meat Processing,0,0,0,0,0,0
Air and spacecraft repair and maintenance,Meat Processing,0,0,0,0,0,0
Other repair services,Meat Processing,2,0.012537612838515547,244,1.5295887662988967,246,1.5421263791374122
Electricity services,Meat Processing,0,0,225,1.410481444332999,225,1.410481444332999
"Mains gas, steam and air conditioning services",Meat Processing,0,0,58,0.36359077231695086,58,0.36359077231695086
Water services,Meat Processing,0,0,47,0.29463390170511533,47,0.29463390170511533
Sewerage services,Meat Processing,0,0,54,0.33851554663991973,54,0.33851554663991973
Waste collection and treatment services,Meat Processing,3,0.018806419257773318,137,0.8588264794383149,140,0.8776328986960882
Remediation and waste management services,Meat Processing,0,0,0,0,0,0
Construction services,Meat Processing,0,0,23,0.1441825476429288,23,0.1441825476429288
Motor vehicle trade services,Meat Processing,1,0.006268806,6,0.037612838515546636,7,0.043881645
Wholesale trade services,Meat Processing,0,0,1789,11.214894684052156,1789,11.214894684052156
Retail trade services,Meat Processing,0,0,669,4.193831494483451,669,4.193831494483451
Rail transport services,Meat Processing,0,0,7,0.043881645,7,0.043881645
Land transport services,Meat Processing,35,0.21940822467402207,452,2.8335005015045134,487,3.0529087261785355
Water transport services,Meat Processing,0,0,2,0.012537612838515547,2,0.012537612838515547
Air transport services,Meat Processing,0,0,0,0,0,0
Warehousing services,Meat Processing,6,0.037612838515546636,52,0.3259779338014042,58,0.36359077231695086
Postal and courier services,Meat Processing,0,0,39,0.24448345035105318,39,0.24448345035105318
Accommodation services,Meat Processing,0,0,0,0,0,0
Food and beverage services,Meat Processing,3,0.018806419257773318,73,0.45762286860581747,76,0.4764292878635908
Publishing services,Meat Processing,0,0,4,0.025075225677031094,4,0.025075225677031094
Media Production services,Meat Processing,0,0,0,0,0,0
Telecommunications services,Meat Processing,0,0,7,0.043881645,7,0.043881645
Computer programming services,Meat Processing,1,0.006268806,66,0.41374122367101307,67,0.4200100300902708
Information services,Meat Processing,0,0,0,0,0,0
Financial services (excl. insurance and pensions),Meat Processing,4,0.025075225677031094,119,0.745987964,123,0.7710631895687061
Insurance and pension services,Meat Processing,0,0,112,0.7021063189568706,112,0.7021063189568706
Auxiliary financial services,Meat Processing,0,0,19,0.1191073219658977,19,0.1191073219658977
Real estate services,Meat Processing,0,0,0,0,0,0
Owner-occupier housing services,Meat Processing,0,0,0,0,0,0
Other real estate services,Meat Processing,0,0,5,0.031344032,5,0.031344032
Legal services,Meat Processing,0,0,42,0.2632898696088265,42,0.2632898696088265
Accounting and tax services,Meat Processing,0,0,43,0.26955867602808425,43,0.26955867602808425
Management consulting services,Meat Processing,15,0.094032096,25,0.15672016048144433,40,0.25075225677031093
Architectural and engineering services,Meat Processing,5,0.031344032,68,0.4262788365095286,73,0.45762286860581747
Scientific research and development services,Meat Processing,0,0,0,0,0,0
Advertising and market research services,Meat Processing,2,0.012537612838515547,38,0.2382146439317954,40,0.25075225677031093
Other scientific and technical services,Meat Processing,0,0,62,0.38866599799398194,62,0.38866599799398194
Veterinary services,Meat Processing,0,0,0,0,0,0
Rental and leasing services,Meat Processing,2,0.012537612838515547,99,0.6206118355065195,101,0.6331494483450351
Employment services,Meat Processing,3,0.018806419257773318,428,2.683049147442327,431,2.7018555667001003
Travel services,Meat Processing,0,0,0,0,0,0
Security services,Meat Processing,0,0,0,0,0,0
Building and landscape services,Meat Processing,0,0,0,0,0,0
Office support services,Meat Processing,0,0,0,0,0,0
Public administration services (including defence),Meat Processing,0,0,10,0.062688064,10,0.062688064
Education services,Meat Processing,0,0,0,0,0,0
Health services,Meat Processing,0,0,0,0,0,0
Residential and social care services,Meat Processing,0,0,0,0,0,0
Arts and entertainment services,Meat Processing,0,0,0,0,0,0
Libraries and other cultural services,Meat Processing,0,0,0,0,0,0
Gambling services,Meat Processing,0,0,0,0,0,0
Sports and recreation services,Meat Processing,0,0,0,0,0,0
Membership services,Meat Processing,0,0,2,0.012537612838515547,2,0.012537612838515547
Computer repair services,Meat Processing,0,0,0,0,0,0
Other personal services,Meat Processing,0,0,0,0,0,0
Agriculture products,Seafood and Fruit and Vegetable Processing,171,2.411847672778561,1228,17.320169252468265,1399,19.732016925246825
Forestry products,Seafood and Fruit and Vegetable Processing,0,0,0,0,0,0
Fishing products,Seafood and Fruit and Vegetable Processing,1,0.014104372355430182,977,13.779971791255289,978,13.794076163610718
Coal and lignite,Seafood and Fruit and Vegetable Processing,0,0,0,0,0,0
"Petroleum, natural gas and mining of metal ores",Seafood and Fruit and Vegetable Processing,0,0,0,0,0,0
Other mining products,Seafood and Fruit and Vegetable Processing,0,0,0,0,0,0
Mining support services,Seafood and Fruit and Vegetable Processing,0,0,0,0,0,0
Meat and preserved meat products,Seafood and Fruit and Vegetable Processing,0,0,4,0.056417489,4,0.056417489
"Fish, seafood, fruit and vegetables",Seafood and Fruit and Vegetable Processing,82,1.156558533145275,572,8.067700987306065,654,9.22425952
Oils and fats,Seafood and Fruit and Vegetable Processing,34,0.4795486600846262,36,0.5077574047954866,70,0.9873060648801129
Dairy products,Seafood and Fruit and Vegetable Processing,2,0.028208744710860365,35,0.4936530324400564,37,0.5218617771509168
Grain mill and starch products,Seafood and Fruit and Vegetable Processing,28,0.39492242595204513,57,0.8039492242595205,85,1.1988716502115657
Bakery products,Seafood and Fruit and Vegetable Processing,0,0,3,0.042313117066290554,3,0.042313117066290554
Other food products,Seafood and Fruit and Vegetable Processing,30,0.4231311706629055,284,4.005641748942172,314,4.428772919605078
Animal feeds,Seafood and Fruit and Vegetable Processing,0,0,0,0,0,0
Alcoholic beverages and tobacco,Seafood and Fruit and Vegetable Processing,0,0,0,0,0,0
Soft drinks,Seafood and Fruit and Vegetable Processing,0,0,0,0,0,0
Textiles,Seafood and Fruit and Vegetable Processing,0,0,0,0,0,0
Clothing,Seafood and Fruit and Vegetable Processing,0,0,0,0,0,0
Leather products,Seafood and Fruit and Vegetable Processing,0,0,0,0,0,0
Wood products (excl. furniture),Seafood and Fruit and Vegetable Processing,0,0,0,0,0,0
Paper products,Seafood and Fruit and Vegetable Processing,31,0.43723554301833567,70,0.9873060648801129,101,1.4245416078984485
Printing and recording services,Seafood and Fruit and Vegetable Processing,0,0,0,0,0,0
Coke and refined petroleum products,Seafood and Fruit and Vegetable Processing,0,0,7,0.098730606,7,0.098730606
Paints and coatings,Seafood and Fruit and Vegetable Processing,0,0,0,0,0,0
Soap and detergents,Seafood and Fruit and Vegetable Processing,0,0,2,0.028208744710860365,2,0.028208744710860365
Other chemical products,Seafood and Fruit and Vegetable Processing,2,0.028208744710860365,0,0,2,0.028208744710860365
Industrial gases and fertilizers,Seafood and Fruit and Vegetable Processing,1,0.014104372355430182,0,0,1,0.014104372355430182
Petrochemicals,Seafood and Fruit and Vegetable Processing,0,0,0,0,0,0
Dyestuffs and agro-chemicals,Seafood and Fruit and Vegetable Processing,2,0.028208744710860365,0,0,2,0.028208744710860365
Pharmaceutical products,Seafood and Fruit and Vegetable Processing,0,0,0,0,0,0
Rubber and plastic products,Seafood and Fruit and Vegetable Processing,82,1.156558533145275,120,1.692524682651622,202,2.849083215796897
Cement and concrete products,Seafood and Fruit and Vegetable Processing,0,0,0,0,0,0
"Glass, ceramic and stone products",Seafood and Fruit and Vegetable Processing,2,0.028208744710860365,0,0,2,0.028208744710860365
Basic iron and steel,Seafood and Fruit and Vegetable Processing,0,0,2,0.028208744710860365,2,0.028208744710860365
Other basic metals and casting,Seafood and Fruit and Vegetable Processing,2,0.028208744710860365,3,0.042313117066290554,5,0.070521862
Weapons and ammunition,Seafood and Fruit and Vegetable Processing,0,0,0,0,0,0
Other fabricated metal products,Seafood and Fruit and Vegetable Processing,6,0.084626234,10,0.14104372355430184,16,0.22566995768688294
Computer and electronic products,Seafood and Fruit and Vegetable Processing,2,0.028208744710860365,4,0.056417489,6,0.084626234
Electrical equipment,Seafood and Fruit and Vegetable Processing,0,0,0,0,0,0
Other machinery and equipment,Seafood and Fruit and Vegetable Processing,5,0.070521862,0,0,5,0.070521862
Motor vehicles,Seafood and Fruit and Vegetable Processing,0,0,2,0.028208744710860365,2,0.028208744710860365
Ships and boats,Seafood and Fruit and Vegetable Processing,0,0,0,0,0,0
Aircraft and spacecraft products,Seafood and Fruit and Vegetable Processing,0,0,0,0,0,0
Other Transport Equipment,Seafood and Fruit and Vegetable Processing,0,0,0,0,0,0
Furniture,Seafood and Fruit and Vegetable Processing,0,0,0,0,0,0
Other manufactured goods,Seafood and Fruit and Vegetable Processing,3,0.042313117066290554,4,0.056417489,7,0.098730606
Ship and boat repair and maintenance,Seafood and Fruit and Vegetable Processing,0,0,0,0,0,0
Air and spacecraft repair and maintenance,Seafood and Fruit and Vegetable Processing,0,0,0,0,0,0
Other repair services,Seafood and Fruit and Vegetable Processing,1,0.014104372355430182,115,1.622002820874471,116,1.6361071932299012
Electricity services,Seafood and Fruit and Vegetable Processing,0,0,139,1.9605077574047953,139,1.9605077574047953
"Mains gas, steam and air conditioning services",Seafood and Fruit and Vegetable Processing,0,0,51,0.7193229901269393,51,0.7193229901269393
Water services,Seafood and Fruit and Vegetable Processing,0,0,36,0.5077574047954866,36,0.5077574047954866
Sewerage services,Seafood and Fruit and Vegetable Processing,0,0,18,0.2538787023977433,18,0.2538787023977433
Waste collection and treatment services,Seafood and Fruit and Vegetable Processing,1,0.014104372355430182,32,0.45133991537376583,33,0.465444288
Remediation and waste management services,Seafood and Fruit and Vegetable Processing,0,0,0,0,0,0
Construction services,Seafood and Fruit and Vegetable Processing,0,0,3,0.042313117066290554,3,0.042313117066290554
Motor vehicle trade services,Seafood and Fruit and Vegetable Processing,0,0,2,0.028208744710860365,2,0.028208744710860365
Wholesale trade services,Seafood and Fruit and Vegetable Processing,1,0.014104372355430182,1040,14.66854724964739,1041,14.682651622002819
Retail trade services,Seafood and Fruit and Vegetable Processing,0,0,239,3.3709449929478135,239,3.3709449929478135
Rail transport services,Seafood and Fruit and Vegetable Processing,0,0,0,0,0,0
Land transport services,Seafood and Fruit and Vegetable Processing,32,0.45133991537376583,344,4.8519040902679835,376,5.303244006
Water transport services,Seafood and Fruit and Vegetable Processing,0,0,0,0,0,0
Air transport services,Seafood and Fruit and Vegetable Processing,0,0,0,0,0,0
Warehousing services,Seafood and Fruit and Vegetable Processing,7,0.098730606,1,0.014104372355430182,8,0.11283497884344146
Postal and courier services,Seafood and Fruit and Vegetable Processing,1,0.014104372355430182,114,1.607898448519041,115,1.6220028208744712
Accommodation services,Seafood and Fruit and Vegetable Processing,0,0,0,0,0,0
Food and beverage services,Seafood and Fruit and Vegetable Processing,2,0.028208744710860365,67,0.9449929478138223,69,0.9732016925246826
Publishing services,Seafood and Fruit and Vegetable Processing,0,0,1,0.014104372355430182,1,0.014104372355430182
Media Production services,Seafood and Fruit and Vegetable Processing,0,0,0,0,0,0
Telecommunications services,Seafood and Fruit and Vegetable Processing,0,0,11,0.15514809590973203,11,0.15514809590973203
Computer programming services,Seafood and Fruit and Vegetable Processing,1,0.014104372355430182,55,0.7757404795486601,56,0.7898448519040903
Information services,Seafood and Fruit and Vegetable Processing,0,0,0,0,0,0
Financial services (excl. insurance and pensions),Seafood and Fruit and Vegetable Processing,9,0.12693935119887165,201,2.834978843441467,210,2.9619181946403383
Insurance and pension services,Seafood and Fruit and Vegetable Processing,0,0,46,0.6488011283497884,46,0.6488011283497884
Auxiliary financial services,Seafood and Fruit and Vegetable Processing,0,0,0,0,0,0
Real estate services,Seafood and Fruit and Vegetable Processing,0,0,0,0,0,0
Owner-occupier housing services,Seafood and Fruit and Vegetable Processing,0,0,0,0,0,0
Other real estate services,Seafood and Fruit and Vegetable Processing,0,0,2,0.028208744710860365,2,0.028208744710860365
Legal services,Seafood and Fruit and Vegetable Processing,1,0.014104372355430182,49,0.691114245,50,0.7052186177715092
Accounting and tax services,Seafood and Fruit and Vegetable Processing,0,0,27,0.38081805359661497,27,0.38081805359661497
Management consulting services,Seafood and Fruit and Vegetable Processing,8,0.11283497884344146,0,0,8,0.11283497884344146
Architectural and engineering services,Seafood and Fruit and Vegetable Processing,4,0.056417489,6,0.084626234,10,0.14104372355430184
Scientific research and development services,Seafood and Fruit and Vegetable Processing,0,0,0,0,0,0
Advertising and market research services,Seafood and Fruit and Vegetable Processing,8,0.11283497884344146,66,0.9308885754583921,74,1.0437235543018335
Other scientific and technical services,Seafood and Fruit and Vegetable Processing,0,0,144,2.0310296191819464,144,2.0310296191819464
Veterinary services,Seafood and Fruit and Vegetable Processing,0,0,0,0,0,0
Rental and leasing services,Seafood and Fruit and Vegetable Processing,1,0.014104372355430182,51,0.7193229901269393,52,0.7334273624823695
Employment services,Seafood and Fruit and Vegetable Processing,6,0.084626234,228,3.215796897038082,234,3.300423131170663
Travel services,Seafood and Fruit and Vegetable Processing,0,0,0,0,0,0
Security services,Seafood and Fruit and Vegetable Processing,0,0,0,0,0,0
Building and landscape services,Seafood and Fruit and Vegetable Processing,0,0,0,0,0,0
Office support services,Seafood and Fruit and Vegetable Processing,0,0,0,0,0,0
Public administration services (including defence),Seafood and Fruit and Vegetable Processing,0,0,13,0.18335684062059238,13,0.18335684062059238
Education services,Seafood and Fruit and Vegetable Processing,0,0,0,0,0,0
Health services,Seafood and Fruit and Vegetable Processing,0,0,0,0,0,0
Residential and social care services,Seafood and Fruit and Vegetable Processing,0,0,0,0,0,0
Arts and entertainment services,Seafood and Fruit and Vegetable Processing,0,0,0,0,0,0
Libraries and other cultural services,Seafood and Fruit and Vegetable Processing,0,0,0,0,0,0
Gambling services,Seafood and Fruit and Vegetable Processing,0,0,0,0,0,0
Sports and recreation services,Seafood and Fruit and Vegetable Processing,0,0,0,0,0,0
Membership services,Seafood and Fruit and Vegetable Processing,0,0,0,0,0,0
Computer repair services,Seafood and Fruit and Vegetable Processing,0,0,0,0,0,0
Other personal services,Seafood and Fruit and Vegetable Processing,0,0,0,0,0,0
Agriculture products,Vegetable and Animal Oils Manufacturing,22,3.741496598639456,0,0,22,3.741496598639456
Forestry products,Vegetable and Animal Oils Manufacturing,0,0,0,0,0,0
Fishing products,Vegetable and Animal Oils Manufacturing,0,0,0,0,0,0
Coal and lignite,Vegetable and Animal Oils Manufacturing,0,0,0,0,0,0
"Petroleum, natural gas and mining of metal ores",Vegetable and Animal Oils Manufacturing,0,0,0,0,0,0
Other mining products,Vegetable and Animal Oils Manufacturing,0,0,0,0,0,0
Mining support services,Vegetable and Animal Oils Manufacturing,0,0,0,0,0,0
Meat and preserved meat products,Vegetable and Animal Oils Manufacturing,1,0.17006802721088435,42,7.142857142857142,43,7.312925170068027
"Fish, seafood, fruit and vegetables",Vegetable and Animal Oils Manufacturing,1,0.17006802721088435,0,0,1,0.17006802721088435
Oils and fats,Vegetable and Animal Oils Manufacturing,254,43.197278911564624,0,0,254,43.197278911564624
Dairy products,Vegetable and Animal Oils Manufacturing,1,0.17006802721088435,1,0.17006802721088435,2,0.3401360544217687
Grain mill and starch products,Vegetable and Animal Oils Manufacturing,0,0,0,0,0,0
Bakery products,Vegetable and Animal Oils Manufacturing,0,0,3,0.5102040816326531,3,0.5102040816326531
Other food products,Vegetable and Animal Oils Manufacturing,0,0,0,0,0,0
Animal feeds,Vegetable and Animal Oils Manufacturing,0,0,0,0,0,0
Alcoholic beverages and tobacco,Vegetable and Animal Oils Manufacturing,0,0,0,0,0,0
Soft drinks,Vegetable and Animal Oils Manufacturing,0,0,0,0,0,0
Textiles,Vegetable and Animal Oils Manufacturing,0,0,0,0,0,0
Clothing,Vegetable and Animal Oils Manufacturing,0,0,0,0,0,0
Leather products,Vegetable and Animal Oils Manufacturing,0,0,0,0,0,0
Wood products (excl. furniture),Vegetable and Animal Oils Manufacturing,0,0,0,0,0,0
Paper products,Vegetable and Animal Oils Manufacturing,0,0,5,0.8503401360544218,5,0.8503401360544218
Printing and recording services,Vegetable and Animal Oils Manufacturing,0,0,0,0,0,0
Coke and refined petroleum products,Vegetable and Animal Oils Manufacturing,0,0,1,0.17006802721088435,1,0.17006802721088435
Paints and coatings,Vegetable and Animal Oils Manufacturing,0,0,0,0,0,0
Soap and detergents,Vegetable and Animal Oils Manufacturing,0,0,0,0,0,0
Other chemical products,Vegetable and Animal Oils Manufacturing,0,0,0,0,0,0
Industrial gases and fertilizers,Vegetable and Animal Oils Manufacturing,0,0,0,0,0,0
Petrochemicals,Vegetable and Animal Oils Manufacturing,0,0,0,0,0,0
Dyestuffs and agro-chemicals,Vegetable and Animal Oils Manufacturing,0,0,0,0,0,0
Pharmaceutical products,Vegetable and Animal Oils Manufacturing,0,0,0,0,0,0
Rubber and plastic products,Vegetable and Animal Oils Manufacturing,2,0.3401360544217687,12,2.0408163265306123,14,2.380952380952381
Cement and concrete products,Vegetable and Animal Oils Manufacturing,0,0,0,0,0,0
"Glass, ceramic and stone products",Vegetable and Animal Oils Manufacturing,0,0,0,0,0,0
Basic iron and steel,Vegetable and Animal Oils Manufacturing,0,0,0,0,0,0
Other basic metals and casting,Vegetable and Animal Oils Manufacturing,0,0,0,0,0,0
Weapons and ammunition,Vegetable and Animal Oils Manufacturing,0,0,0,0,0,0
Other fabricated metal products,Vegetable and Animal Oils Manufacturing,0,0,0,0,0,0
Computer and electronic products,Vegetable and Animal Oils Manufacturing,0,0,0,0,0,0
Electrical equipment,Vegetable and Animal Oils Manufacturing,0,0,0,0,0,0
Other machinery and equipment,Vegetable and Animal Oils Manufacturing,0,0,2,0.3401360544217687,2,0.3401360544217687
Motor vehicles,Vegetable and Animal Oils Manufacturing,0,0,0,0,0,0
Ships and boats,Vegetable and Animal Oils Manufacturing,0,0,0,0,0,0
Aircraft and spacecraft products,Vegetable and Animal Oils Manufacturing,0,0,0,0,0,0
Other Transport Equipment,Vegetable and Animal Oils Manufacturing,0,0,0,0,0,0
Furniture,Vegetable and Animal Oils Manufacturing,0,0,0,0,0,0
Other manufactured goods,Vegetable and Animal Oils Manufacturing,0,0,0,0,0,0
Ship and boat repair and maintenance,Vegetable and Animal Oils Manufacturing,0,0,0,0,0,0
Air and spacecraft repair and maintenance,Vegetable and Animal Oils Manufacturing,0,0,0,0,0,0
Other repair services,Vegetable and Animal Oils Manufacturing,0,0,4,0.6802721088435374,4,0.6802721088435374
Electricity services,Vegetable and Animal Oils Manufacturing,0,0,9,1.530612244897959,9,1.530612244897959
"Mains gas, steam and air conditioning services",Vegetable and Animal Oils Manufacturing,0,0,9,1.530612244897959,9,1.530612244897959
Water services,Vegetable and Animal Oils Manufacturing,0,0,3,0.5102040816326531,3,0.5102040816326531
Sewerage services,Vegetable and Animal Oils Manufacturing,0,0,3,0.5102040816326531,3,0.5102040816326531
Waste collection and treatment services,Vegetable and Animal Oils Manufacturing,0,0,5,0.8503401360544218,5,0.8503401360544218
Remediation and waste management services,Vegetable and Animal Oils Manufacturing,0,0,0,0,0,0
Construction services,Vegetable and Animal Oils Manufacturing,0,0,0,0,0,0
Motor vehicle trade services,Vegetable and Animal Oils Manufacturing,0,0,0,0,0,0
Wholesale trade services,Vegetable and Animal Oils Manufacturing,0,0,74,12.585034013605442,74,12.585034013605442
Retail trade services,Vegetable and Animal Oils Manufacturing,0,0,24,4.081632653061225,24,4.081632653061225
Rail transport services,Vegetable and Animal Oils Manufacturing,0,0,2,0.3401360544217687,2,0.3401360544217687
Land transport services,Vegetable and Animal Oils Manufacturing,1,0.17006802721088435,31,5.272108843537415,32,5.442176871
Water transport services,Vegetable and Animal Oils Manufacturing,0,0,0,0,0,0
Air transport services,Vegetable and Animal Oils Manufacturing,0,0,0,0,0,0
Warehousing services,Vegetable and Animal Oils Manufacturing,1,0.17006802721088435,1,0.17006802721088435,2,0.3401360544217687
Postal and courier services,Vegetable and Animal Oils Manufacturing,0,0,2,0.3401360544217687,2,0.3401360544217687
Accommodation services,Vegetable and Animal Oils Manufacturing,0,0,0,0,0,0
Food and beverage services,Vegetable and Animal Oils Manufacturing,0,0,2,0.3401360544217687,2,0.3401360544217687
Publishing services,Vegetable and Animal Oils Manufacturing,0,0,1,0.17006802721088435,1,0.17006802721088435
Media Production services,Vegetable and Animal Oils Manufacturing,0,0,0,0,0,0
Telecommunications services,Vegetable and Animal Oils Manufacturing,0,0,0,0,0,0
Computer programming services,Vegetable and Animal Oils Manufacturing,0,0,3,0.5102040816326531,3,0.5102040816326531
Information services,Vegetable and Animal Oils Manufacturing,0,0,0,0,0,0
Financial services (excl. insurance and pensions),Vegetable and Animal Oils Manufacturing,1,0.17006802721088435,18,3.061224489795918,19,3.2312925170068025
Insurance and pension services,Vegetable and Animal Oils Manufacturing,0,0,4,0.6802721088435374,4,0.6802721088435374
Auxiliary financial services,Vegetable and Animal Oils Manufacturing,0,0,0,0,0,0
Real estate services,Vegetable and Animal Oils Manufacturing,0,0,0,0,0,0
Owner-occupier housing services,Vegetable and Animal Oils Manufacturing,0,0,0,0,0,0
Other real estate services,Vegetable and Animal Oils Manufacturing,0,0,0,0,0,0
Legal services,Vegetable and Animal Oils Manufacturing,0,0,1,0.17006802721088435,1,0.17006802721088435
Accounting and tax services,Vegetable and Animal Oils Manufacturing,1,0.17006802721088435,2,0.3401360544217687,3,0.5102040816326531
Management consulting services,Vegetable and Animal Oils Manufacturing,0,0,0,0,0,0
Architectural and engineering services,Vegetable and Animal Oils Manufacturing,0,0,10,1.7006802721088436,10,1.7006802721088436
Scientific research and development services,Vegetable and Animal Oils Manufacturing,0,0,0,0,0,0
Advertising and market research services,Vegetable and Animal Oils Manufacturing,0,0,9,1.530612244897959,9,1.530612244897959
Other scientific and technical services,Vegetable and Animal Oils Manufacturing,0,0,12,2.0408163265306123,12,2.0408163265306123
Veterinary services,Vegetable and Animal Oils Manufacturing,0,0,0,0,0,0
Rental and leasing services,Vegetable and Animal Oils Manufacturing,0,0,2,0.3401360544217687,2,0.3401360544217687
Employment services,Vegetable and Animal Oils Manufacturing,0,0,4,0.6802721088435374,4,0.6802721088435374
Travel services,Vegetable and Animal Oils Manufacturing,0,0,0,0,0,0
Security services,Vegetable and Animal Oils Manufacturing,0,0,0,0,0,0
Building and landscape services,Vegetable and Animal Oils Manufacturing,0,0,0,0,0,0
Office support services,Vegetable and Animal Oils Manufacturing,0,0,0,0,0,0
Public administration services (including defence),Vegetable and Animal Oils Manufacturing,0,0,2,0.3401360544217687,2,0.3401360544217687
Education services,Vegetable and Animal Oils Manufacturing,0,0,0,0,0,0
Health services,Vegetable and Animal Oils Manufacturing,0,0,0,0,0,0
Residential and social care services,Vegetable and Animal Oils Manufacturing,0,0,0,0,0,0
Arts and entertainment services,Vegetable and Animal Oils Manufacturing,0,0,0,0,0,0
Libraries and other cultural services,Vegetable and Animal Oils Manufacturing,0,0,0,0,0,0
Gambling services,Vegetable and Animal Oils Manufacturing,0,0,0,0,0,0
Sports and recreation services,Vegetable and Animal Oils Manufacturing,0,0,0,0,0,0
Membership services,Vegetable and Animal Oils Manufacturing,0,0,0,0,0,0
Computer repair services,Vegetable and Animal Oils Manufacturing,0,0,0,0,0,0
Other personal services,Vegetable and Animal Oils Manufacturing,0,0,0,0,0,0
Agriculture products,Dairy Products Manufacturing,21,0.25448376151236063,4102,49.70916141541444,4123,49.96364518
Forestry products,Dairy Products Manufacturing,0,0,0,0,0,0
Fishing products,Dairy Products Manufacturing,0,0,0,0,0,0
Coal and lignite,Dairy Products Manufacturing,0,0,0,0,0,0
"Petroleum, natural gas and mining of metal ores",Dairy Products Manufacturing,0,0,0,0,0,0
Other mining products,Dairy Products Manufacturing,0,0,0,0,0,0
Mining support services,Dairy Products Manufacturing,0,0,0,0,0,0
Meat and preserved meat products,Dairy Products Manufacturing,0,0,7,0.084827921,7,0.084827921
"Fish, seafood, fruit and vegetables",Dairy Products Manufacturing,1,0.012118274357731459,4,0.048473097430925836,5,0.060591372
Oils and fats,Dairy Products Manufacturing,8,0.096946195,0,0,8,0.096946195
Dairy products,Dairy Products Manufacturing,95,1.1512360639844887,739,8.955404750363547,834,10.106640814348037
Grain mill and starch products,Dairy Products Manufacturing,1,0.012118274357731459,0,0,1,0.012118274357731459
Bakery products,Dairy Products Manufacturing,0,0,6,0.072709646,6,0.072709646
Other food products,Dairy Products Manufacturing,64,0.7755695588948134,17,0.2060106640814348,81,0.9815802229762483
Animal feeds,Dairy Products Manufacturing,0,0,0,0,0,0
Alcoholic beverages and tobacco,Dairy Products Manufacturing,0,0,0,0,0,0
Soft drinks,Dairy Products Manufacturing,0,0,0,0,0,0
Textiles,Dairy Products Manufacturing,0,0,0,0,0,0
Clothing,Dairy Products Manufacturing,0,0,0,0,0,0
Leather products,Dairy Products Manufacturing,0,0,0,0,0,0
Wood products (excl. furniture),Dairy Products Manufacturing,2,0.024236548715462918,0,0,2,0.024236548715462918
Paper products,Dairy Products Manufacturing,23,0.27872031022782356,15,0.1817741153659719,38,0.4604944255937955
Printing and recording services,Dairy Products Manufacturing,0,0,0,0,0,0
Coke and refined petroleum products,Dairy Products Manufacturing,1,0.012118274357731459,21,0.25448376151236063,22,0.26660203587009207
Paints and coatings,Dairy Products Manufacturing,0,0,0,0,0,0
Soap and detergents,Dairy Products Manufacturing,1,0.012118274357731459,6,0.072709646,7,0.084827921
Other chemical products,Dairy Products Manufacturing,6,0.072709646,0,0,6,0.072709646
Industrial gases and fertilizers,Dairy Products Manufacturing,0,0,0,0,0,0
Petrochemicals,Dairy Products Manufacturing,0,0,0,0,0,0
Dyestuffs and agro-chemicals,Dairy Products Manufacturing,0,0,0,0,0,0
Pharmaceutical products,Dairy Products Manufacturing,0,0,0,0,0,0
Rubber and plastic products,Dairy Products Manufacturing,105,1.2724188075618033,206,2.4963645176926805,311,3.768783325254484
Cement and concrete products,Dairy Products Manufacturing,0,0,0,0,0,0
"Glass, ceramic and stone products",Dairy Products Manufacturing,1,0.012118274357731459,0,0,1,0.012118274357731459
Basic iron and steel,Dairy Products Manufacturing,0,0,1,0.012118274357731459,1,0.012118274357731459
Other basic metals and casting,Dairy Products Manufacturing,0,0,0,0,0,0
Weapons and ammunition,Dairy Products Manufacturing,0,0,0,0,0,0
Other fabricated metal products,Dairy Products Manufacturing,0,0,6,0.072709646,6,0.072709646
Computer and electronic products,Dairy Products Manufacturing,0,0,3,0.036354823073194376,3,0.036354823073194376
Electrical equipment,Dairy Products Manufacturing,0,0,0,0,0,0
Other machinery and equipment,Dairy Products Manufacturing,2,0.024236548715462918,0,0,2,0.024236548715462918
Motor vehicles,Dairy Products Manufacturing,0,0,1,0.012118274357731459,1,0.012118274357731459
Ships and boats,Dairy Products Manufacturing,0,0,0,0,0,0
Aircraft and spacecraft products,Dairy Products Manufacturing,0,0,0,0,0,0
Other Transport Equipment,Dairy Products Manufacturing,0,0,0,0,0,0
Furniture,Dairy Products Manufacturing,0,0,0,0,0,0
Other manufactured goods,Dairy Products Manufacturing,0,0,0,0,0,0
Ship and boat repair and maintenance,Dairy Products Manufacturing,0,0,0,0,0,0
Air and spacecraft repair and maintenance,Dairy Products Manufacturing,0,0,0,0,0,0
Other repair services,Dairy Products Manufacturing,1,0.012118274357731459,90,1.0906446921958313,91,1.1027629665535628
Electricity services,Dairy Products Manufacturing,0,0,103,1.2481822588463403,103,1.2481822588463403
"Mains gas, steam and air conditioning services",Dairy Products Manufacturing,0,0,32,0.3877847794474067,32,0.3877847794474067
Water services,Dairy Products Manufacturing,0,0,23,0.27872031022782356,23,0.27872031022782356
Sewerage services,Dairy Products Manufacturing,0,0,10,0.12118274357731458,10,0.12118274357731458
Waste collection and treatment services,Dairy Products Manufacturing,1,0.012118274357731459,31,0.37566650508967525,32,0.3877847794474067
Remediation and waste management services,Dairy Products Manufacturing,0,0,0,0,0,0
Construction services,Dairy Products Manufacturing,0,0,0,0,0,0
Motor vehicle trade services,Dairy Products Manufacturing,0,0,2,0.024236548715462918,2,0.024236548715462918
Wholesale trade services,Dairy Products Manufacturing,0,0,779,9.440135724672807,779,9.440135724672807
Retail trade services,Dairy Products Manufacturing,0,0,276,3.3446437227338826,276,3.3446437227338826
Rail transport services,Dairy Products Manufacturing,0,0,1,0.012118274357731459,1,0.012118274357731459
Land transport services,Dairy Products Manufacturing,26,0.31507513330101794,200,2.423654871546292,226,2.738730005
Water transport services,Dairy Products Manufacturing,0,0,1,0.012118274357731459,1,0.012118274357731459
Air transport services,Dairy Products Manufacturing,0,0,0,0,0,0
Warehousing services,Dairy Products Manufacturing,3,0.036354823073194376,0,0,3,0.036354823073194376
Postal and courier services,Dairy Products Manufacturing,0,0,19,0.23024721279689772,19,0.23024721279689772
Accommodation services,Dairy Products Manufacturing,0,0,0,0,0,0
Food and beverage services,Dairy Products Manufacturing,1,0.012118274357731459,582,7.0528356761997095,583,7.064953950557441
Publishing services,Dairy Products Manufacturing,1,0.012118274357731459,0,0,1,0.012118274357731459
Media Production services,Dairy Products Manufacturing,0,0,0,0,0,0
Telecommunications services,Dairy Products Manufacturing,0,0,3,0.036354823073194376,3,0.036354823073194376
Computer programming services,Dairy Products Manufacturing,8,0.096946195,13,0.15753756665050897,21,0.25448376151236063
Information services,Dairy Products Manufacturing,0,0,0,0,0,0
Financial services (excl. insurance and pensions),Dairy Products Manufacturing,5,0.060591372,121,1.4663111972855065,126,1.5269025690741638
Insurance and pension services,Dairy Products Manufacturing,0,0,48,0.581677169,48,0.581677169
Auxiliary financial services,Dairy Products Manufacturing,0,0,7,0.084827921,7,0.084827921
Real estate services,Dairy Products Manufacturing,0,0,0,0,0,0
Owner-occupier housing services,Dairy Products Manufacturing,0,0,0,0,0,0
Other real estate services,Dairy Products Manufacturing,0,0,1,0.012118274357731459,1,0.012118274357731459
Legal services,Dairy Products Manufacturing,0,0,57,0.6907416383906931,57,0.6907416383906931
Accounting and tax services,Dairy Products Manufacturing,2,0.024236548715462918,69,0.8361609306834706,71,0.8603974793989335
Management consulting services,Dairy Products Manufacturing,0,0,0,0,0,0
Architectural and engineering services,Dairy Products Manufacturing,2,0.024236548715462918,36,0.4362578768783325,38,0.46049442559379544
Scientific research and development services,Dairy Products Manufacturing,0,0,0,0,0,0
Advertising and market research services,Dairy Products Manufacturing,4,0.048473097430925836,60,0.7270964614638876,64,0.7755695588948135
Other scientific and technical services,Dairy Products Manufacturing,0,0,20,0.24236548715462916,20,0.24236548715462916
Veterinary services,Dairy Products Manufacturing,0,0,0,0,0,0
Rental and leasing services,Dairy Products Manufacturing,1,0.012118274357731459,78,0.9452253999030538,79,0.9573436742607853
Employment services,Dairy Products Manufacturing,6,0.072709646,58,0.7028599127484246,64,0.7755695588948134
Travel services,Dairy Products Manufacturing,0,0,0,0,0,0
Security services,Dairy Products Manufacturing,0,0,0,0,0,0
Building and landscape services,Dairy Products Manufacturing,0,0,0,0,0,0
Office support services,Dairy Products Manufacturing,2,0.024236548715462918,0,0,2,0.024236548715462918
Public administration services (including defence),Dairy Products Manufacturing,0,0,2,0.024236548715462918,2,0.024236548715462918
Education services,Dairy Products Manufacturing,0,0,2,0.024236548715462918,2,0.024236548715462918
Health services,Dairy Products Manufacturing,0,0,0,0,0,0
Residential and social care services,Dairy Products Manufacturing,0,0,0,0,0,0
Arts and entertainment services,Dairy Products Manufacturing,0,0,0,0,0,0
Libraries and other cultural services,Dairy Products Manufacturing,0,0,0,0,0,0
Gambling services,Dairy Products Manufacturing,0,0,0,0,0,0
Sports and recreation services,Dairy Products Manufacturing,0,0,0,0,0,0
Membership services,Dairy Products Manufacturing,0,0,0,0,0,0
Computer repair services,Dairy Products Manufacturing,0,0,0,0,0,0
Other personal services,Dairy Products Manufacturing,0,0,0,0,0,0
Agriculture products,Grain Mill Products Manufacturing,881,18.881268752678952,261,5.593656237,1142,24.474924989284183
Forestry products,Grain Mill Products Manufacturing,0,0,0,0,0,0
Fishing products,Grain Mill Products Manufacturing,0,0,0,0,0,0
Coal and lignite,Grain Mill Products Manufacturing,0,0,0,0,0,0
"Petroleum, natural gas and mining of metal ores",Grain Mill Products Manufacturing,0,0,0,0,0,0
Other mining products,Grain Mill Products Manufacturing,0,0,0,0,0,0
Mining support services,Grain Mill Products Manufacturing,0,0,0,0,0,0
Meat and preserved meat products,Grain Mill Products Manufacturing,9,0.19288469781397344,23,0.49292756108015434,32,0.6858122588941278
"Fish, seafood, fruit and vegetables",Grain Mill Products Manufacturing,13,0.2786112301757394,54,1.1573081868838404,67,1.435919417
Oils and fats,Grain Mill Products Manufacturing,345,7.393913416202315,0,0,345,7.393913416202315
Dairy products,Grain Mill Products Manufacturing,0,0,10,0.21431633090441493,10,0.21431633090441493
Grain mill and starch products,Grain Mill Products Manufacturing,499,10.694384912130305,281,6.022288898414059,780,16.716673810544364
Bakery products,Grain Mill Products Manufacturing,0,0,5,0.10715816545220747,5,0.10715816545220747
Other food products,Grain Mill Products Manufacturing,17,0.3643377625375054,312,6.686669524217745,329,7.051007287
Animal feeds,Grain Mill Products Manufacturing,0,0,0,0,0,0
Alcoholic beverages and tobacco,Grain Mill Products Manufacturing,0,0,0,0,0,0
Soft drinks,Grain Mill Products Manufacturing,0,0,0,0,0,0
Textiles,Grain Mill Products Manufacturing,0,0,0,0,0,0
Clothing,Grain Mill Products Manufacturing,0,0,0,0,0,0
Leather products,Grain Mill Products Manufacturing,0,0,0,0,0,0
Wood products (excl. furniture),Grain Mill Products Manufacturing,0,0,0,0,0,0
Paper products,Grain Mill Products Manufacturing,6,0.12858979854264896,132,2.8289755679382766,138,2.9575653664809254
Printing and recording services,Grain Mill Products Manufacturing,0,0,0,0,0,0
Coke and refined petroleum products,Grain Mill Products Manufacturing,0,0,7,0.15002143163309042,7,0.15002143163309042
Paints and coatings,Grain Mill Products Manufacturing,0,0,0,0,0,0
Soap and detergents,Grain Mill Products Manufacturing,0,0,0,0,0,0
Other chemical products,Grain Mill Products Manufacturing,0,0,0,0,0,0
Industrial gases and fertilizers,Grain Mill Products Manufacturing,0,0,0,0,0,0
Petrochemicals,Grain Mill Products Manufacturing,0,0,1,0.021431633,1,0.021431633
Dyestuffs and agro-chemicals,Grain Mill Products Manufacturing,0,0,0,0,0,0
Pharmaceutical products,Grain Mill Products Manufacturing,0,0,0,0,0,0
Rubber and plastic products,Grain Mill Products Manufacturing,27,0.5786540934419202,0,0,27,0.5786540934419202
Cement and concrete products,Grain Mill Products Manufacturing,0,0,0,0,0,0
"Glass, ceramic and stone products",Grain Mill Products Manufacturing,0,0,0,0,0,0
Basic iron and steel,Grain Mill Products Manufacturing,0,0,0,0,0,0
Other basic metals and casting,Grain Mill Products Manufacturing,0,0,0,0,0,0
Weapons and ammunition,Grain Mill Products Manufacturing,0,0,0,0,0,0
Other fabricated metal products,Grain Mill Products Manufacturing,0,0,0,0,0,0
Computer and electronic products,Grain Mill Products Manufacturing,2,0.042863266,5,0.10715816545220747,7,0.15002143163309045
Electrical equipment,Grain Mill Products Manufacturing,0,0,0,0,0,0
Other machinery and equipment,Grain Mill Products Manufacturing,2,0.042863266,23,0.49292756108015434,25,0.5357908272610373
Motor vehicles,Grain Mill Products Manufacturing,0,0,0,0,0,0
Ships and boats,Grain Mill Products Manufacturing,0,0,0,0,0,0
Aircraft and spacecraft products,Grain Mill Products Manufacturing,0,0,0,0,0,0
Other Transport Equipment,Grain Mill Products Manufacturing,0,0,0,0,0,0
Furniture,Grain Mill Products Manufacturing,0,0,0,0,0,0
Other manufactured goods,Grain Mill Products Manufacturing,0,0,1,0.021431633,1,0.021431633
Ship and boat repair and maintenance,Grain Mill Products Manufacturing,0,0,0,0,0,0
Air and spacecraft repair and maintenance,Grain Mill Products Manufacturing,0,0,0,0,0,0
Other repair services,Grain Mill Products Manufacturing,0,0,65,1.393056150878697,65,1.393056150878697
Electricity services,Grain Mill Products Manufacturing,0,0,88,1.8859837119588514,88,1.8859837119588514
"Mains gas, steam and air conditioning services",Grain Mill Products Manufacturing,0,0,24,0.5143591941705958,24,0.5143591941705958
Water services,Grain Mill Products Manufacturing,0,0,22,0.47149592798971285,22,0.47149592798971285
Sewerage services,Grain Mill Products Manufacturing,0,0,2,0.042863266,2,0.042863266
Waste collection and treatment services,Grain Mill Products Manufacturing,0,0,11,0.23574796399485642,11,0.23574796399485642
Remediation and waste management services,Grain Mill Products Manufacturing,0,0,0,0,0,0
Construction services,Grain Mill Products Manufacturing,0,0,0,0,0,0
Motor vehicle trade services,Grain Mill Products Manufacturing,0,0,1,0.021431633,1,0.021431633
Wholesale trade services,Grain Mill Products Manufacturing,0,0,532,11.401628804114873,532,11.401628804114873
Retail trade services,Grain Mill Products Manufacturing,0,0,219,4.693527646806687,219,4.693527646806687
Rail transport services,Grain Mill Products Manufacturing,0,0,0,0,0,0
Land transport services,Grain Mill Products Manufacturing,10,0.21431633090441493,113,2.421774539219889,123,2.6360908701243035
Water transport services,Grain Mill Products Manufacturing,0,0,0,0,0,0
Air transport services,Grain Mill Products Manufacturing,0,0,0,0,0,0
Warehousing services,Grain Mill Products Manufacturing,0,0,0,0,0,0
Postal and courier services,Grain Mill Products Manufacturing,0,0,23,0.49292756108015434,23,0.49292756108015434
Accommodation services,Grain Mill Products Manufacturing,0,0,0,0,0,0
Food and beverage services,Grain Mill Products Manufacturing,0,0,40,0.8572653236176597,40,0.8572653236176597
Publishing services,Grain Mill Products Manufacturing,0,0,0,0,0,0
Media Production services,Grain Mill Products Manufacturing,0,0,0,0,0,0
Telecommunications services,Grain Mill Products Manufacturing,0,0,5,0.10715816545220747,5,0.10715816545220747
Computer programming services,Grain Mill Products Manufacturing,1,0.021431633,29,0.6215173596228032,30,0.6429489927132447
Information services,Grain Mill Products Manufacturing,0,0,0,0,0,0
Financial services (excl. insurance and pensions),Grain Mill Products Manufacturing,6,0.12858979854264896,111,2.3789112730390056,117,2.507501071581655
Insurance and pension services,Grain Mill Products Manufacturing,0,0,26,0.5572224603514788,26,0.5572224603514788
Auxiliary financial services,Grain Mill Products Manufacturing,0,0,0,0,0,0
Real estate services,Grain Mill Products Manufacturing,0,0,0,0,0,0
Owner-occupier housing services,Grain Mill Products Manufacturing,0,0,0,0,0,0
Other real estate services,Grain Mill Products Manufacturing,0,0,0,0,0,0
Legal services,Grain Mill Products Manufacturing,0,0,81,1.7359622803257608,81,1.7359622803257608
Accounting and tax services,Grain Mill Products Manufacturing,0,0,85,1.8216888126875268,85,1.8216888126875268
Management consulting services,Grain Mill Products Manufacturing,8,0.17145306472353192,0,0,8,0.17145306472353192
Architectural and engineering services,Grain Mill Products Manufacturing,1,0.021431633,20,0.42863266180882986,21,0.45006429489927136
Scientific research and development services,Grain Mill Products Manufacturing,0,0,0,0,0,0
Advertising and market research services,Grain Mill Products Manufacturing,4,0.085726532,89,1.9074153450492928,93,1.9931418774110587
Other scientific and technical services,Grain Mill Products Manufacturing,0,0,75,1.6073724817831119,75,1.6073724817831119
Veterinary services,Grain Mill Products Manufacturing,0,0,0,0,0,0
Rental and leasing services,Grain Mill Products Manufacturing,0,0,20,0.42863266180882986,20,0.42863266180882986
Employment services,Grain Mill Products Manufacturing,1,0.021431633,25,0.5357908272610373,26,0.5572224603514788
Travel services,Grain Mill Products Manufacturing,0,0,0,0,0,0
Security services,Grain Mill Products Manufacturing,0,0,0,0,0,0
Building and landscape services,Grain Mill Products Manufacturing,0,0,0,0,0,0
Office support services,Grain Mill Products Manufacturing,2,0.042863266,0,0,2,0.042863266
Public administration services (including defence),Grain Mill Products Manufacturing,0,0,11,0.23574796399485642,11,0.23574796399485642
Education services,Grain Mill Products Manufacturing,0,0,0,0,0,0
Health services,Grain Mill Products Manufacturing,0,0,0,0,0,0
Residential and social care services,Grain Mill Products Manufacturing,0,0,0,0,0,0
Arts and entertainment services,Grain Mill Products Manufacturing,0,0,0,0,0,0
Libraries and other cultural services,Grain Mill Products Manufacturing,0,0,0,0,0,0
Gambling services,Grain Mill Products Manufacturing,0,0,0,0,0,0
Sports and recreation services,Grain Mill Products Manufacturing,0,0,0,0,0,0
Membership services,Grain Mill Products Manufacturing,0,0,0,0,0,0
Computer repair services,Grain Mill Products Manufacturing,0,0,0,0,0,0
Other personal services,Grain Mill Products Manufacturing,0,0,0,0,0,0
Agriculture products,Bakery Products Manufacturing,3,0.046111282,0,0,3,0.046111282
Forestry products,Bakery Products Manufacturing,0,0,0,0,0,0
Fishing products,Bakery Products Manufacturing,0,0,0,0,0,0
Coal and lignite,Bakery Products Manufacturing,0,0,0,0,0,0
"Petroleum, natural gas and mining of metal ores",Bakery Products Manufacturing,0,0,0,0,0,0
Other mining products,Bakery Products Manufacturing,0,0,0,0,0,0
Mining support services,Bakery Products Manufacturing,0,0,0,0,0,0
Meat and preserved meat products,Bakery Products Manufacturing,4,0.061481709,92,1.414079311404857,96,1.4755610205963725
"Fish, seafood, fruit and vegetables",Bakery Products Manufacturing,8,0.12296341838303104,184,2.828158622809714,192,2.951122041192745
Oils and fats,Bakery Products Manufacturing,8,0.12296341838303104,136,2.090378112511528,144,2.213341530894559
Dairy products,Bakery Products Manufacturing,24,0.3688902551490931,395,6.071318782662158,419,6.440209037811251
Grain mill and starch products,Bakery Products Manufacturing,90,1.3833384568090994,612,9.406701506301875,702,10.790039963110974
Bakery products,Bakery Products Manufacturing,4,0.061481709,146,2.2440823854903167,150,2.305564094681832
Other food products,Bakery Products Manufacturing,127,1.952044266830618,574,8.822625268982478,701,10.774669535813096
Animal feeds,Bakery Products Manufacturing,0,0,0,0,0,0
Alcoholic beverages and tobacco,Bakery Products Manufacturing,0,0,0,0,0,0
Soft drinks,Bakery Products Manufacturing,0,0,0,0,0,0
Textiles,Bakery Products Manufacturing,0,0,0,0,0,0
Clothing,Bakery Products Manufacturing,0,0,0,0,0,0
Leather products,Bakery Products Manufacturing,0,0,0,0,0,0
Wood products (excl. furniture),Bakery Products Manufacturing,0,0,0,0,0,0
Paper products,Bakery Products Manufacturing,20,0.3074085459575776,242,3.7196434060866896,262,4.027051952044268
Printing and recording services,Bakery Products Manufacturing,0,0,0,0,0,0
Coke and refined petroleum products,Bakery Products Manufacturing,1,0.015370427,23,0.3535198278512143,24,0.3688902551490931
Paints and coatings,Bakery Products Manufacturing,0,0,0,0,0,0
Soap and detergents,Bakery Products Manufacturing,0,0,0,0,0,0
Other chemical products,Bakery Products Manufacturing,0,0,0,0,0,0
Industrial gases and fertilizers,Bakery Products Manufacturing,0,0,0,0,0,0
Petrochemicals,Bakery Products Manufacturing,0,0,0,0,0,0
Dyestuffs and agro-chemicals,Bakery Products Manufacturing,0,0,0,0,0,0
Pharmaceutical products,Bakery Products Manufacturing,0,0,0,0,0,0
Rubber and plastic products,Bakery Products Manufacturing,50,0.768521365,408,6.271134337534584,458,7.0396557024285284
Cement and concrete products,Bakery Products Manufacturing,0,0,0,0,0,0
"Glass, ceramic and stone products",Bakery Products Manufacturing,0,0,0,0,0,0
Basic iron and steel,Bakery Products Manufacturing,0,0,0,0,0,0
Other basic metals and casting,Bakery Products Manufacturing,0,0,0,0,0,0
Weapons and ammunition,Bakery Products Manufacturing,0,0,0,0,0,0
Other fabricated metal products,Bakery Products Manufacturing,2,0.030740855,11,0.16907470027666768,13,0.19981555487242544
Computer and electronic products,Bakery Products Manufacturing,8,0.12296341838303104,14,0.21518598217030432,22,0.33814940055333537
Electrical equipment,Bakery Products Manufacturing,0,0,0,0,0,0
Other machinery and equipment,Bakery Products Manufacturing,10,0.1537042729787888,95,1.4601905932984938,105,1.6138948662772825
Motor vehicles,Bakery Products Manufacturing,0,0,3,0.046111282,3,0.046111282
Ships and boats,Bakery Products Manufacturing,0,0,0,0,0,0
Aircraft and spacecraft products,Bakery Products Manufacturing,0,0,0,0,0,0
Other Transport Equipment,Bakery Products Manufacturing,0,0,0,0,0,0
Furniture,Bakery Products Manufacturing,0,0,0,0,0,0
Other manufactured goods,Bakery Products Manufacturing,2,0.030740855,0,0,2,0.030740855
Ship and boat repair and maintenance,Bakery Products Manufacturing,0,0,0,0,0,0
Air and spacecraft repair and maintenance,Bakery Products Manufacturing,0,0,0,0,0,0
Other repair services,Bakery Products Manufacturing,0,0,127,1.952044266830618,127,1.952044266830618
Electricity services,Bakery Products Manufacturing,1,0.015370427,146,2.2440823854903167,147,2.2594528127881954
"Mains gas, steam and air conditioning services",Bakery Products Manufacturing,0,0,81,1.2450046111281894,81,1.2450046111281894
Water services,Bakery Products Manufacturing,0,0,20,0.3074085459575776,20,0.3074085459575776
Sewerage services,Bakery Products Manufacturing,0,0,6,0.092222564,6,0.092222564
Waste collection and treatment services,Bakery Products Manufacturing,1,0.015370427,31,0.4764832462342454,32,0.4918536735321243
Remediation and waste management services,Bakery Products Manufacturing,0,0,0,0,0,0
Construction services,Bakery Products Manufacturing,0,0,0,0,0,0
Motor vehicle trade services,Bakery Products Manufacturing,0,0,7,0.10759299108515216,7,0.10759299108515216
Wholesale trade services,Bakery Products Manufacturing,0,0,668,10.267445434983093,668,10.267445434983093
Retail trade services,Bakery Products Manufacturing,0,0,259,3.9809406701506305,259,3.9809406701506305
Rail transport services,Bakery Products Manufacturing,0,0,0,0,0,0
Land transport services,Bakery Products Manufacturing,26,0.3996311097448509,345,5.302797417768214,371,5.702428527513065
Water transport services,Bakery Products Manufacturing,0,0,0,0,0,0
Air transport services,Bakery Products Manufacturing,0,0,0,0,0,0
Warehousing services,Bakery Products Manufacturing,0,0,0,0,0,0
Postal and courier services,Bakery Products Manufacturing,2,0.030740855,212,3.2585305871503225,214,3.2892714417460804
Accommodation services,Bakery Products Manufacturing,0,0,0,0,0,0
Food and beverage services,Bakery Products Manufacturing,4,0.061481709,22,0.33814940055333537,26,0.3996311097448509
Publishing services,Bakery Products Manufacturing,0,0,0,0,0,0
Media Production services,Bakery Products Manufacturing,0,0,0,0,0,0
Telecommunications services,Bakery Products Manufacturing,0,0,18,0.27666769136181985,18,0.27666769136181985
Computer programming services,Bakery Products Manufacturing,4,0.061481709,49,0.7531509375960652,53,0.8146326467875807
Information services,Bakery Products Manufacturing,0,0,2,0.030740855,2,0.030740855
Financial services (excl. insurance and pensions),Bakery Products Manufacturing,20,0.3074085459575776,247,3.796495542576084,267,4.103904088533661
Insurance and pension services,Bakery Products Manufacturing,1,0.015370427,40,0.6148170919151552,41,0.6301875192130341
Auxiliary financial services,Bakery Products Manufacturing,0,0,10,0.1537042729787888,10,0.1537042729787888
Real estate services,Bakery Products Manufacturing,0,0,0,0,0,0
Owner-occupier housing services,Bakery Products Manufacturing,0,0,0,0,0,0
Other real estate services,Bakery Products Manufacturing,0,0,0,0,0,0
Legal services,Bakery Products Manufacturing,1,0.015370427,144,2.2133415308945588,145,2.2287119581924375
Accounting and tax services,Bakery Products Manufacturing,0,0,91,1.3987088841069781,91,1.3987088841069781
Management consulting services,Bakery Products Manufacturing,10,0.1537042729787888,10,0.1537042729787888,20,0.3074085459575776
Architectural and engineering services,Bakery Products Manufacturing,0,0,14,0.21518598217030432,14,0.21518598217030432
Scientific research and development services,Bakery Products Manufacturing,0,0,0,0,0,0
Advertising and market research services,Bakery Products Manufacturing,8,0.12296341838303104,176,2.705195204426683,184,2.828158622809714
Other scientific and technical services,Bakery Products Manufacturing,0,0,94,1.4448201660006148,94,1.4448201660006148
Veterinary services,Bakery Products Manufacturing,0,0,0,0,0,0
Rental and leasing services,Bakery Products Manufacturing,2,0.030740855,68,1.045189056255764,70,1.0759299108515217
Employment services,Bakery Products Manufacturing,3,0.046111282,229,3.5198278512142642,232,3.565939133107901
Travel services,Bakery Products Manufacturing,0,0,0,0,0,0
Security services,Bakery Products Manufacturing,0,0,0,0,0,0
Building and landscape services,Bakery Products Manufacturing,0,0,0,0,0,0
Office support services,Bakery Products Manufacturing,0,0,0,0,0,0
Public administration services (including defence),Bakery Products Manufacturing,1,0.015370427,10,0.1537042729787888,11,0.16907470027666768
Education services,Bakery Products Manufacturing,0,0,0,0,0,0
Health services,Bakery Products Manufacturing,0,0,0,0,0,0
Residential and social care services,Bakery Products Manufacturing,0,0,0,0,0,0
Arts and entertainment services,Bakery Products Manufacturing,0,0,0,0,0,0
Libraries and other cultural services,Bakery Products Manufacturing,0,0,0,0,0,0
Gambling services,Bakery Products Manufacturing,0,0,0,0,0,0
Sports and recreation services,Bakery Products Manufacturing,0,0,0,0,0,0
Membership services,Bakery Products Manufacturing,0,0,0,0,0,0
Computer repair services,Bakery Products Manufacturing,0,0,0,0,0,0
Other personal services,Bakery Products Manufacturing,0,0,0,0,0,0
Agriculture products,Other Food Products Manufacturing,240,1.9862616899776544,0,0,240,1.9862616899776544
Forestry products,Other Food Products Manufacturing,0,0,0,0,0,0
Fishing products,Other Food Products Manufacturing,0,0,0,0,0,0
Coal and lignite,Other Food Products Manufacturing,0,0,0,0,0,0
"Petroleum, natural gas and mining of metal ores",Other Food Products Manufacturing,0,0,0,0,0,0
Other mining products,Other Food Products Manufacturing,0,0,0,0,0,0
Mining support services,Other Food Products Manufacturing,0,0,0,0,0,0
Meat and preserved meat products,Other Food Products Manufacturing,28,0.23173053,913,7.5560705122899945,941,7.787801042787388
"Fish, seafood, fruit and vegetables",Other Food Products Manufacturing,18,0.1489696267483241,753,6.231896052304891,771,6.3808656790532154
Oils and fats,Other Food Products Manufacturing,127,1.0510634776131755,34,0.2813870727468344,161,1.33245055
Dairy products,Other Food Products Manufacturing,54,0.4469088802449723,353,2.9214599023421335,407,3.3683687825871056
Grain mill and starch products,Other Food Products Manufacturing,77,0.6372589588678308,134,1.1089961102375236,211,1.7462550691053544
Bakery products,Other Food Products Manufacturing,7,0.057932633,186,1.5393528097326823,193,1.5972854423570306
Other food products,Other Food Products Manufacturing,740,6.124306877431102,1722,14.251427625589672,2462,20.375734503020773
Animal feeds,Other Food Products Manufacturing,0,0,0,0,0,0
Alcoholic beverages and tobacco,Other Food Products Manufacturing,1,0.00827609,0,0,1,0.00827609
Soft drinks,Other Food Products Manufacturing,0,0,0,0,0,0
Textiles,Other Food Products Manufacturing,0,0,0,0,0,0
Clothing,Other Food Products Manufacturing,1,0.00827609,0,0,1,0.00827609
Leather products,Other Food Products Manufacturing,0,0,0,0,0,0
Wood products (excl. furniture),Other Food Products Manufacturing,2,0.016552180749813787,0,0,2,0.016552180749813787
Paper products,Other Food Products Manufacturing,48,0.3972523379955309,296,2.4497227509724406,344,2.8469750889679717
Printing and recording services,Other Food Products Manufacturing,0,0,0,0,0,0
Coke and refined petroleum products,Other Food Products Manufacturing,1,0.00827609,9,0.074484813,10,0.082760904
Paints and coatings,Other Food Products Manufacturing,0,0,0,0,0,0
Soap and detergents,Other Food Products Manufacturing,2,0.016552180749813787,0,0,2,0.016552180749813787
Other chemical products,Other Food Products Manufacturing,152,1.257965736985848,0,0,152,1.257965736985848
Industrial gases and fertilizers,Other Food Products Manufacturing,2,0.016552180749813787,0,0,2,0.016552180749813787
Petrochemicals,Other Food Products Manufacturing,0,0,0,0,0,0
Dyestuffs and agro-chemicals,Other Food Products Manufacturing,0,0,0,0,0,0
Pharmaceutical products,Other Food Products Manufacturing,0,0,0,0,0,0
Rubber and plastic products,Other Food Products Manufacturing,285,2.3586857568484647,203,1.6800463461060993,488,4.0387321029545635
Cement and concrete products,Other Food Products Manufacturing,0,0,0,0,0,0
"Glass, ceramic and stone products",Other Food Products Manufacturing,5,0.041380452,89,0.7365720433667136,94,0.777952495
Basic iron and steel,Other Food Products Manufacturing,0,0,0,0,0,0
Other basic metals and casting,Other Food Products Manufacturing,4,0.033104361499627574,0,0,4,0.033104361499627574
Weapons and ammunition,Other Food Products Manufacturing,0,0,0,0,0,0
Other fabricated metal products,Other Food Products Manufacturing,3,0.024828271,129,1.0676156583629894,132,1.0924439294877102
Computer and electronic products,Other Food Products Manufacturing,5,0.041380452,5,0.041380452,10,0.082760904
Electrical equipment,Other Food Products Manufacturing,0,0,0,0,0,0
Other machinery and equipment,Other Food Products Manufacturing,38,0.314491434,48,0.3972523379955309,86,0.7117437722419928
Motor vehicles,Other Food Products Manufacturing,0,0,1,0.00827609,1,0.00827609
Ships and boats,Other Food Products Manufacturing,0,0,0,0,0,0
Aircraft and spacecraft products,Other Food Products Manufacturing,0,0,0,0,0,0
Other Transport Equipment,Other Food Products Manufacturing,0,0,0,0,0,0
Furniture,Other Food Products Manufacturing,0,0,0,0,0,0
Other manufactured goods,Other Food Products Manufacturing,3,0.024828271,0,0,3,0.024828271
Ship and boat repair and maintenance,Other Food Products Manufacturing,0,0,0,0,0,0
Air and spacecraft repair and maintenance,Other Food Products Manufacturing,0,0,0,0,0,0
Other repair services,Other Food Products Manufacturing,1,0.00827609,122,1.009683025738641,123,1.017959116113548
Electricity services,Other Food Products Manufacturing,1,0.00827609,178,1.4731440867334271,179,1.481420177108334
"Mains gas, steam and air conditioning services",Other Food Products Manufacturing,1,0.00827609,129,1.0676156583629894,130,1.0758917487378963
Water services,Other Food Products Manufacturing,1,0.00827609,40,0.33104361499627577,41,0.33931970537118267
Sewerage services,Other Food Products Manufacturing,0,0,30,0.2482827112472068,30,0.2482827112472068
Waste collection and treatment services,Other Food Products Manufacturing,1,0.00827609,63,0.5213936936191343,64,0.5296697839940412
Remediation and waste management services,Other Food Products Manufacturing,0,0,0,0,0,0
Construction services,Other Food Products Manufacturing,0,0,0,0,0,0
Motor vehicle trade services,Other Food Products Manufacturing,0,0,8,0.066208723,8,0.066208723
Wholesale trade services,Other Food Products Manufacturing,0,0,1362,11.27203509062319,1362,11.27203509062319
Retail trade services,Other Food Products Manufacturing,0,0,536,4.435984440950095,536,4.435984440950095
Rail transport services,Other Food Products Manufacturing,0,0,0,0,0,0
Land transport services,Other Food Products Manufacturing,45,0.3724240668708102,462,3.823553753206985,507,4.195977820077795
Water transport services,Other Food Products Manufacturing,2,0.016552180749813787,0,0,2,0.016552180749813787
Air transport services,Other Food Products Manufacturing,0,0,3,0.024828271,3,0.024828271
Warehousing services,Other Food Products Manufacturing,10,0.082760904,9,0.074484813,19,0.157245717
Postal and courier services,Other Food Products Manufacturing,0,0,212,1.7545311594802615,212,1.7545311594802615
Accommodation services,Other Food Products Manufacturing,0,0,0,0,0,0
Food and beverage services,Other Food Products Manufacturing,4,0.033104361499627574,113,0.9351982123644791,117,0.9683025738641067
Publishing services,Other Food Products Manufacturing,0,0,2,0.016552180749813787,2,0.016552180749813787
Media Production services,Other Food Products Manufacturing,0,0,0,0,0,0
Telecommunications services,Other Food Products Manufacturing,0,0,13,0.10758917487378962,13,0.10758917487378962
Computer programming services,Other Food Products Manufacturing,4,0.033104361499627574,75,0.620706778,79,0.6538111396176446
Information services,Other Food Products Manufacturing,1,0.00827609,11,0.091036994,12,0.099313084
Financial services (excl. insurance and pensions),Other Food Products Manufacturing,12,0.099313084,740,6.124306877431102,752,6.223619961929985
Insurance and pension services,Other Food Products Manufacturing,0,0,76,0.628982868,76,0.628982868
Auxiliary financial services,Other Food Products Manufacturing,1,0.00827609,7,0.057932633,8,0.066208723
Real estate services,Other Food Products Manufacturing,0,0,0,0,0,0
Owner-occupier housing services,Other Food Products Manufacturing,0,0,0,0,0,0
Other real estate services,Other Food Products Manufacturing,0,0,0,0,0,0
Legal services,Other Food Products Manufacturing,1,0.00827609,46,0.3807001572457171,47,0.388976248
Accounting and tax services,Other Food Products Manufacturing,2,0.016552180749813787,82,0.6786394107423652,84,0.695191591
Management consulting services,Other Food Products Manufacturing,13,0.10758917487378962,0,0,13,0.10758917487378962
Architectural and engineering services,Other Food Products Manufacturing,3,0.024828271,38,0.314491434,41,0.33931970537118267
Scientific research and development services,Other Food Products Manufacturing,0,0,0,0,0,0
Advertising and market research services,Other Food Products Manufacturing,37,0.3062153438715551,232,1.9200529669783992,269,2.2262683108499544
Other scientific and technical services,Other Food Products Manufacturing,0,0,267,2.2097161301001407,267,2.2097161301001407
Veterinary services,Other Food Products Manufacturing,0,0,0,0,0,0
Rental and leasing services,Other Food Products Manufacturing,1,0.00827609,54,0.4469088802449723,55,0.45518497061987917
Employment services,Other Food Products Manufacturing,14,0.1158652652486965,278,2.3007531242241166,292,2.4166183894728133
Travel services,Other Food Products Manufacturing,0,0,0,0,0,0
Security services,Other Food Products Manufacturing,0,0,0,0,0,0
Building and landscape services,Other Food Products Manufacturing,0,0,0,0,0,0
Office support services,Other Food Products Manufacturing,2,0.016552180749813787,0,0,2,0.016552180749813787
Public administration services (including defence),Other Food Products Manufacturing,0,0,18,0.1489696267483241,18,0.1489696267483241
Education services,Other Food Products Manufacturing,0,0,0,0,0,0
Health services,Other Food Products Manufacturing,0,0,0,0,0,0
Residential and social care services,Other Food Products Manufacturing,0,0,0,0,0,0
Arts and entertainment services,Other Food Products Manufacturing,0,0,0,0,0,0
Libraries and other cultural services,Other Food Products Manufacturing,0,0,0,0,0,0
Gambling services,Other Food Products Manufacturing,0,0,0,0,0,0
Sports and recreation services,Other Food Products Manufacturing,0,0,0,0,0,0
Membership services,Other Food Products Manufacturing,0,0,1,0.00827609,1,0.00827609
Computer repair services,Other Food Products Manufacturing,0,0,0,0,0,0
Other personal services,Other Food Products Manufacturing,0,0,1,0.00827609,1,0.00827609
Agriculture products,Animal Feeds Manufacturing,75,1.2935494998275268,1311,22.611245256985168,1386,23.904794756812695
Forestry products,Animal Feeds Manufacturing,0,0,0,0,0,0
Fishing products,Animal Feeds Manufacturing,0,0,0,0,0,0
Coal and lignite,Animal Feeds Manufacturing,0,0,0,0,0,0
"Petroleum, natural gas and mining of metal ores",Animal Feeds Manufacturing,0,0,0,0,0,0
Other mining products,Animal Feeds Manufacturing,0,0,0,0,0,0
Mining support services,Animal Feeds Manufacturing,0,0,0,0,0,0
Meat and preserved meat products,Animal Feeds Manufacturing,49,0.8451190065539842,92,1.5867540531217659,141,2.43187306
"Fish, seafood, fruit and vegetables",Animal Feeds Manufacturing,94,1.6212487064505003,0,0,94,1.6212487064505003
Oils and fats,Animal Feeds Manufacturing,114,1.9661952397378408,11,0.18972059330803726,125,2.155915833045878
Dairy products,Animal Feeds Manufacturing,2,0.034494653,0,0,2,0.034494653
Grain mill and starch products,Animal Feeds Manufacturing,27,0.4656778199379096,637,10.986547085201794,664,11.452224905139703
Bakery products,Animal Feeds Manufacturing,0,0,3,0.051741979993101074,3,0.051741979993101074
Other food products,Animal Feeds Manufacturing,54,0.9313556398758192,0,0,54,0.9313556398758192
Animal feeds,Animal Feeds Manufacturing,165,2.845808899620559,800,13.79786133149362,965,16.64367023111418
Alcoholic beverages and tobacco,Animal Feeds Manufacturing,0,0,0,0,0,0
Soft drinks,Animal Feeds Manufacturing,0,0,0,0,0,0
Textiles,Animal Feeds Manufacturing,0,0,0,0,0,0
Clothing,Animal Feeds Manufacturing,0,0,0,0,0,0
Leather products,Animal Feeds Manufacturing,0,0,0,0,0,0
Wood products (excl. furniture),Animal Feeds Manufacturing,0,0,0,0,0,0
Paper products,Animal Feeds Manufacturing,12,0.2069679199724043,68,1.1728182131769576,80,1.379786133149362
Printing and recording services,Animal Feeds Manufacturing,0,0,0,0,0,0
Coke and refined petroleum products,Animal Feeds Manufacturing,0,0,29,0.5001724732666437,29,0.5001724732666437
Paints and coatings,Animal Feeds Manufacturing,0,0,0,0,0,0
Soap and detergents,Animal Feeds Manufacturing,0,0,0,0,0,0
Other chemical products,Animal Feeds Manufacturing,72,1.2418075198344256,0,0,72,1.2418075198344256
Industrial gases and fertilizers,Animal Feeds Manufacturing,0,0,0,0,0,0
Petrochemicals,Animal Feeds Manufacturing,0,0,0,0,0,0
Dyestuffs and agro-chemicals,Animal Feeds Manufacturing,0,0,0,0,0,0
Pharmaceutical products,Animal Feeds Manufacturing,72,1.2418075198344256,0,0,72,1.2418075198344256
Rubber and plastic products,Animal Feeds Manufacturing,28,0.4829251466022766,0,0,28,0.4829251466022766
Cement and concrete products,Animal Feeds Manufacturing,0,0,0,0,0,0
"Glass, ceramic and stone products",Animal Feeds Manufacturing,0,0,0,0,0,0
Basic iron and steel,Animal Feeds Manufacturing,0,0,0,0,0,0
Other basic metals and casting,Animal Feeds Manufacturing,0,0,0,0,0,0
Weapons and ammunition,Animal Feeds Manufacturing,0,0,0,0,0,0
Other fabricated metal products,Animal Feeds Manufacturing,2,0.034494653,0,0,2,0.034494653
Computer and electronic products,Animal Feeds Manufacturing,5,0.086236633,2,0.034494653,7,0.12073128665056918
Electrical equipment,Animal Feeds Manufacturing,0,0,0,0,0,0
Other machinery and equipment,Animal Feeds Manufacturing,2,0.034494653,0,0,2,0.034494653
Motor vehicles,Animal Feeds Manufacturing,0,0,0,0,0,0
Ships and boats,Animal Feeds Manufacturing,0,0,0,0,0,0
Aircraft and spacecraft products,Animal Feeds Manufacturing,0,0,0,0,0,0
Other Transport Equipment,Animal Feeds Manufacturing,0,0,0,0,0,0
Furniture,Animal Feeds Manufacturing,0,0,0,0,0,0
Other manufactured goods,Animal Feeds Manufacturing,1,0.017247326664367024,1,0.017247326664367024,2,0.034494653
Ship and boat repair and maintenance,Animal Feeds Manufacturing,0,0,0,0,0,0
Air and spacecraft repair and maintenance,Animal Feeds Manufacturing,0,0,0,0,0,0
Other repair services,Animal Feeds Manufacturing,0,0,49,0.8451190065539842,49,0.8451190065539842
Electricity services,Animal Feeds Manufacturing,0,0,69,1.1900655398413247,69,1.1900655398413247
"Mains gas, steam and air conditioning services",Animal Feeds Manufacturing,0,0,9,0.1552259399793032,9,0.1552259399793032
Water services,Animal Feeds Manufacturing,0,0,6,0.10348395998620215,6,0.10348395998620215
Sewerage services,Animal Feeds Manufacturing,0,0,2,0.034494653,2,0.034494653
Waste collection and treatment services,Animal Feeds Manufacturing,1,0.017247326664367024,17,0.2932045532942394,18,0.3104518799586064
Remediation and waste management services,Animal Feeds Manufacturing,0,0,0,0,0,0
Construction services,Animal Feeds Manufacturing,0,0,0,0,0,0
Motor vehicle trade services,Animal Feeds Manufacturing,0,0,0,0,0,0
Wholesale trade services,Animal Feeds Manufacturing,0,0,689,11.883408071748878,689,11.883408071748878
Retail trade services,Animal Feeds Manufacturing,0,0,307,5.294929285960676,307,5.294929285960676
Rail transport services,Animal Feeds Manufacturing,0,0,0,0,0,0
Land transport services,Animal Feeds Manufacturing,32,0.5519144532597448,105,1.8109692997585376,137,2.3628837530182825
Water transport services,Animal Feeds Manufacturing,0,0,0,0,0,0
Air transport services,Animal Feeds Manufacturing,0,0,0,0,0,0
Warehousing services,Animal Feeds Manufacturing,0,0,0,0,0,0
Postal and courier services,Animal Feeds Manufacturing,0,0,29,0.5001724732666437,29,0.5001724732666437
Accommodation services,Animal Feeds Manufacturing,0,0,0,0,0,0
Food and beverage services,Animal Feeds Manufacturing,0,0,2,0.034494653,2,0.034494653
Publishing services,Animal Feeds Manufacturing,0,0,4,0.068989307,4,0.068989307
Media Production services,Animal Feeds Manufacturing,0,0,0,0,0,0
Telecommunications services,Animal Feeds Manufacturing,0,0,5,0.086236633,5,0.086236633
Computer programming services,Animal Feeds Manufacturing,2,0.034494653,45,0.7761297,47,0.8106243532252501
Information services,Animal Feeds Manufacturing,0,0,0,0,0,0
Financial services (excl. insurance and pensions),Animal Feeds Manufacturing,27,0.4656778199379096,62,1.0693342531907555,89,1.535012073128665
Insurance and pension services,Animal Feeds Manufacturing,0,0,38,0.6553984132459468,38,0.6553984132459468
Auxiliary financial services,Animal Feeds Manufacturing,0,0,0,0,0,0
Real estate services,Animal Feeds Manufacturing,0,0,0,0,0,0
Owner-occupier housing services,Animal Feeds Manufacturing,0,0,0,0,0,0
Other real estate services,Animal Feeds Manufacturing,0,0,0,0,0,0
Legal services,Animal Feeds Manufacturing,0,0,18,0.3104518799586064,18,0.3104518799586064
Accounting and tax services,Animal Feeds Manufacturing,0,0,16,0.2759572266298724,16,0.2759572266298724
Management consulting services,Animal Feeds Manufacturing,3,0.051741979993101074,2,0.034494653,5,0.086236633
Architectural and engineering services,Animal Feeds Manufacturing,1,0.017247326664367024,0,0,1,0.017247326664367024
Scientific research and development services,Animal Feeds Manufacturing,0,0,0,0,0,0
Advertising and market research services,Animal Feeds Manufacturing,7,0.12073128665056915,59,1.0175922731976543,66,1.1383235598482235
Other scientific and technical services,Animal Feeds Manufacturing,0,0,403,6.950672645739911,403,6.950672645739911
Veterinary services,Animal Feeds Manufacturing,0,0,0,0,0,0
Rental and leasing services,Animal Feeds Manufacturing,1,0.017247326664367024,17,0.2932045532942394,18,0.3104518799586064
Employment services,Animal Feeds Manufacturing,1,0.017247326664367024,34,0.5864091065884788,35,0.6036564332528458
Travel services,Animal Feeds Manufacturing,0,0,0,0,0,0
Security services,Animal Feeds Manufacturing,0,0,0,0,0,0
Building and landscape services,Animal Feeds Manufacturing,0,0,0,0,0,0
Office support services,Animal Feeds Manufacturing,1,0.017247326664367024,0,0,1,0.017247326664367024
Public administration services (including defence),Animal Feeds Manufacturing,0,0,7,0.12073128665056915,7,0.12073128665056915
Education services,Animal Feeds Manufacturing,0,0,0,0,0,0
Health services,Animal Feeds Manufacturing,0,0,0,0,0,0
Residential and social care services,Animal Feeds Manufacturing,0,0,0,0,0,0
Arts and entertainment services,Animal Feeds Manufacturing,0,0,0,0,0,0
Libraries and other cultural services,Animal Feeds Manufacturing,0,0,0,0,0,0
Gambling services,Animal Feeds Manufacturing,0,0,0,0,0,0
Sports and recreation services,Animal Feeds Manufacturing,0,0,0,0,0,0
Membership services,Animal Feeds Manufacturing,0,0,0,0,0,0
Computer repair services,Animal Feeds Manufacturing,0,0,0,0,0,0
Other personal services,Animal Feeds Manufacturing,0,0,0,0,0,0
Agriculture products,Alcohol and Tobacco Products Manufacturing,42,0.5856107083100948,996,13.88733965421082,1038,14.472950362520914
Forestry products,Alcohol and Tobacco Products Manufacturing,0,0,0,0,0,0
Fishing products,Alcohol and Tobacco Products Manufacturing,0,0,0,0,0,0
Coal and lignite,Alcohol and Tobacco Products Manufacturing,0,0,0,0,0,0
"Petroleum, natural gas and mining of metal ores",Alcohol and Tobacco Products Manufacturing,0,0,1,0.013943112102621306,1,0.013943112102621306
Other mining products,Alcohol and Tobacco Products Manufacturing,0,0,0,0,0,0
Mining support services,Alcohol and Tobacco Products Manufacturing,0,0,0,0,0,0
Meat and preserved meat products,Alcohol and Tobacco Products Manufacturing,0,0,38,0.5298382598996095,38,0.5298382598996095
"Fish, seafood, fruit and vegetables",Alcohol and Tobacco Products Manufacturing,1,0.013943112102621306,59,0.8226436140546569,60,0.8365867261572782
Oils and fats,Alcohol and Tobacco Products Manufacturing,3,0.041829336,0,0,3,0.041829336
Dairy products,Alcohol and Tobacco Products Manufacturing,2,0.027886224205242612,23,0.32069157836029005,25,0.34857780256553267
Grain mill and starch products,Alcohol and Tobacco Products Manufacturing,16,0.2230897936419409,453,6.316229782487451,469,6.539319576129391
Bakery products,Alcohol and Tobacco Products Manufacturing,0,0,36,0.501952036,36,0.501952036
Other food products,Alcohol and Tobacco Products Manufacturing,24,0.33463469046291133,28,0.39040713887339656,52,0.7250418293363079
Animal feeds,Alcohol and Tobacco Products Manufacturing,0,0,0,0,0,0
Alcoholic beverages and tobacco,Alcohol and Tobacco Products Manufacturing,368,5.131065253764641,47,0.6553262688232013,415,5.786391522587842
Soft drinks,Alcohol and Tobacco Products Manufacturing,0,0,20,0.2788622420524261,20,0.2788622420524261
Textiles,Alcohol and Tobacco Products Manufacturing,0,0,0,0,0,0
Clothing,Alcohol and Tobacco Products Manufacturing,0,0,0,0,0,0
Leather products,Alcohol and Tobacco Products Manufacturing,0,0,0,0,0,0
Wood products (excl. furniture),Alcohol and Tobacco Products Manufacturing,0,0,0,0,0,0
Paper products,Alcohol and Tobacco Products Manufacturing,37,0.5158951477969883,156,2.1751254880089235,193,2.691020635805912
Printing and recording services,Alcohol and Tobacco Products Manufacturing,0,0,0,0,0,0
Coke and refined petroleum products,Alcohol and Tobacco Products Manufacturing,1,0.013943112102621306,16,0.2230897936419409,17,0.2370329057445622
Paints and coatings,Alcohol and Tobacco Products Manufacturing,0,0,0,0,0,0
Soap and detergents,Alcohol and Tobacco Products Manufacturing,0,0,0,0,0,0
Other chemical products,Alcohol and Tobacco Products Manufacturing,0,0,0,0,0,0
Industrial gases and fertilizers,Alcohol and Tobacco Products Manufacturing,4,0.055772448410485224,9,0.12548800892359174,13,0.18126045733407697
Petrochemicals,Alcohol and Tobacco Products Manufacturing,0,0,0,0,0,0
Dyestuffs and agro-chemicals,Alcohol and Tobacco Products Manufacturing,0,0,0,0,0,0
Pharmaceutical products,Alcohol and Tobacco Products Manufacturing,0,0,0,0,0,0
Rubber and plastic products,Alcohol and Tobacco Products Manufacturing,19,0.26491912994980477,22,0.3067484662576687,41,0.5716675962074735
Cement and concrete products,Alcohol and Tobacco Products Manufacturing,0,0,0,0,0,0
"Glass, ceramic and stone products",Alcohol and Tobacco Products Manufacturing,170,2.3703290574456215,120,1.6731734523145567,290,4.043502509760178
Basic iron and steel,Alcohol and Tobacco Products Manufacturing,0,0,0,0,0,0
Other basic metals and casting,Alcohol and Tobacco Products Manufacturing,0,0,0,0,0,0
Weapons and ammunition,Alcohol and Tobacco Products Manufacturing,0,0,0,0,0,0
Other fabricated metal products,Alcohol and Tobacco Products Manufacturing,28,0.39040713887339656,31,0.43223647518126046,59,0.822643614
Computer and electronic products,Alcohol and Tobacco Products Manufacturing,4,0.055772448410485224,4,0.055772448410485224,8,0.11154489682097045
Electrical equipment,Alcohol and Tobacco Products Manufacturing,0,0,0,0,0,0
Other machinery and equipment,Alcohol and Tobacco Products Manufacturing,19,0.26491912994980477,88,1.2269938650306749,107,1.4919129949804797
Motor vehicles,Alcohol and Tobacco Products Manufacturing,0,0,0,0,0,0
Ships and boats,Alcohol and Tobacco Products Manufacturing,0,0,0,0,0,0
Aircraft and spacecraft products,Alcohol and Tobacco Products Manufacturing,0,0,0,0,0,0
Other Transport Equipment,Alcohol and Tobacco Products Manufacturing,0,0,0,0,0,0
Furniture,Alcohol and Tobacco Products Manufacturing,0,0,0,0,0,0
Other manufactured goods,Alcohol and Tobacco Products Manufacturing,0,0,0,0,0,0
Ship and boat repair and maintenance,Alcohol and Tobacco Products Manufacturing,0,0,0,0,0,0
Air and spacecraft repair and maintenance,Alcohol and Tobacco Products Manufacturing,0,0,0,0,0,0
Other repair services,Alcohol and Tobacco Products Manufacturing,0,0,173,2.4121583937534856,173,2.4121583937534856
Electricity services,Alcohol and Tobacco Products Manufacturing,0,0,100,1.3943112102621305,100,1.3943112102621305
"Mains gas, steam and air conditioning services",Alcohol and Tobacco Products Manufacturing,1,0.013943112102621306,71,0.9899609592861127,72,1.003904071388734
Water services,Alcohol and Tobacco Products Manufacturing,0,0,40,0.5577244841048522,40,0.5577244841048522
Sewerage services,Alcohol and Tobacco Products Manufacturing,0,0,15,0.2091466815393196,15,0.2091466815393196
Waste collection and treatment services,Alcohol and Tobacco Products Manufacturing,2,0.027886224205242612,93,1.2967094255437814,95,1.324595649749024
Remediation and waste management services,Alcohol and Tobacco Products Manufacturing,0,0,0,0,0,0
Construction services,Alcohol and Tobacco Products Manufacturing,0,0,0,0,0,0
Motor vehicle trade services,Alcohol and Tobacco Products Manufacturing,0,0,4,0.055772448410485224,4,0.055772448410485224
Wholesale trade services,Alcohol and Tobacco Products Manufacturing,1,0.013943112102621306,1017,14.180145008365866,1018,14.194088120468487
Retail trade services,Alcohol and Tobacco Products Manufacturing,0,0,212,2.9559397657557165,212,2.9559397657557165
Rail transport services,Alcohol and Tobacco Products Manufacturing,1,0.013943112102621306,10,0.13943112102621305,11,0.15337423312883436
Land transport services,Alcohol and Tobacco Products Manufacturing,61,0.8505298382598996,408,5.6887897378694925,469,6.539319576129392
Water transport services,Alcohol and Tobacco Products Manufacturing,7,0.097601785,0,0,7,0.097601785
Air transport services,Alcohol and Tobacco Products Manufacturing,1,0.013943112102621306,4,0.055772448410485224,5,0.069715561
Warehousing services,Alcohol and Tobacco Products Manufacturing,2,0.027886224205242612,74,1.0317902955939766,76,1.0596765197992193
Postal and courier services,Alcohol and Tobacco Products Manufacturing,1,0.013943112102621306,116,1.6174010039040714,117,1.6313441160066926
Accommodation services,Alcohol and Tobacco Products Manufacturing,0,0,0,0,0,0
Food and beverage services,Alcohol and Tobacco Products Manufacturing,4,0.055772448410485224,8,0.11154489682097045,12,0.16731734523145567
Publishing services,Alcohol and Tobacco Products Manufacturing,1,0.013943112102621306,2,0.027886224205242612,3,0.041829336
Media Production services,Alcohol and Tobacco Products Manufacturing,0,0,0,0,0,0
Telecommunications services,Alcohol and Tobacco Products Manufacturing,1,0.013943112102621306,14,0.19520356943669828,15,0.2091466815393196
Computer programming services,Alcohol and Tobacco Products Manufacturing,4,0.055772448410485224,143,1.9938650306748467,147,2.049637479085332
Information services,Alcohol and Tobacco Products Manufacturing,5,0.069715561,0,0,5,0.069715561
Financial services (excl. insurance and pensions),Alcohol and Tobacco Products Manufacturing,7,0.097601785,440,6.134969325153374,447,6.232571109871723
Insurance and pension services,Alcohol and Tobacco Products Manufacturing,0,0,40,0.5577244841048522,40,0.5577244841048522
Auxiliary financial services,Alcohol and Tobacco Products Manufacturing,0,0,29,0.40435025097601784,29,0.40435025097601784
Real estate services,Alcohol and Tobacco Products Manufacturing,0,0,0,0,0,0
Owner-occupier housing services,Alcohol and Tobacco Products Manufacturing,0,0,0,0,0,0
Other real estate services,Alcohol and Tobacco Products Manufacturing,0,0,0,0,0,0
Legal services,Alcohol and Tobacco Products Manufacturing,5,0.069715561,61,0.8505298382598996,66,0.9202453987730062
Accounting and tax services,Alcohol and Tobacco Products Manufacturing,1,0.013943112102621306,119,1.6592303402119355,120,1.6731734523145567
Management consulting services,Alcohol and Tobacco Products Manufacturing,43,0.5995538204127161,1,0.013943112102621306,44,0.6134969325153374
Architectural and engineering services,Alcohol and Tobacco Products Manufacturing,7,0.097601785,19,0.26491912994980477,26,0.3625209146681539
Scientific research and development services,Alcohol and Tobacco Products Manufacturing,0,0,0,0,0,0
Advertising and market research services,Alcohol and Tobacco Products Manufacturing,59,0.8226436140546569,374,5.214723926380368,433,6.037367540435025
Other scientific and technical services,Alcohol and Tobacco Products Manufacturing,0,0,82,1.143335192414947,82,1.143335192414947
Veterinary services,Alcohol and Tobacco Products Manufacturing,0,0,0,0,0,0
Rental and leasing services,Alcohol and Tobacco Products Manufacturing,2,0.027886224205242612,271,3.778583379810373,273,3.8064696040156156
Employment services,Alcohol and Tobacco Products Manufacturing,3,0.041829336,56,0.7808142777467931,59,0.822643614
Travel services,Alcohol and Tobacco Products Manufacturing,0,0,0,0,0,0
Security services,Alcohol and Tobacco Products Manufacturing,0,0,0,0,0,0
Building and landscape services,Alcohol and Tobacco Products Manufacturing,0,0,0,0,0,0
Office support services,Alcohol and Tobacco Products Manufacturing,0,0,0,0,0,0
Public administration services (including defence),Alcohol and Tobacco Products Manufacturing,0,0,39,0.5437813720022309,39,0.5437813720022309
Education services,Alcohol and Tobacco Products Manufacturing,0,0,10,0.13943112102621305,10,0.13943112102621305
Health services,Alcohol and Tobacco Products Manufacturing,1,0.013943112102621306,10,0.13943112102621305,11,0.15337423312883436
Residential and social care services,Alcohol and Tobacco Products Manufacturing,0,0,0,0,0,0
Arts and entertainment services,Alcohol and Tobacco Products Manufacturing,0,0,0,0,0,0
Libraries and other cultural services,Alcohol and Tobacco Products Manufacturing,0,0,0,0,0,0
Gambling services,Alcohol and Tobacco Products Manufacturing,0,0,0,0,0,0
Sports and recreation services,Alcohol and Tobacco Products Manufacturing,0,0,12,0.16731734523145567,12,0.16731734523145567
Membership services,Alcohol and Tobacco Products Manufacturing,0,0,0,0,0,0
Computer repair services,Alcohol and Tobacco Products Manufacturing,0,0,0,0,0,0
Other personal services,Alcohol and Tobacco Products Manufacturing,0,0,0,0,0,0
Agriculture products,Soft Drinks and Bottled Water Manufacturing,0,0,0,0,0,0
Forestry products,Soft Drinks and Bottled Water Manufacturing,0,0,0,0,0,0
Fishing products,Soft Drinks and Bottled Water Manufacturing,0,0,0,0,0,0
Coal and lignite,Soft Drinks and Bottled Water Manufacturing,0,0,0,0,0,0
"Petroleum, natural gas and mining of metal ores",Soft Drinks and Bottled Water Manufacturing,0,0,0,0,0,0
Other mining products,Soft Drinks and Bottled Water Manufacturing,0,0,0,0,0,0
Mining support services,Soft Drinks and Bottled Water Manufacturing,0,0,0,0,0,0
Meat and preserved meat products,Soft Drinks and Bottled Water Manufacturing,0,0,3,0.081543898,3,0.081543898
"Fish, seafood, fruit and vegetables",Soft Drinks and Bottled Water Manufacturing,2,0.054362599,142,3.8597444957868987,144,3.9141070943191085
Oils and fats,Soft Drinks and Bottled Water Manufacturing,0,0,0,0,0,0
Dairy products,Soft Drinks and Bottled Water Manufacturing,1,0.027181299,0,0,1,0.027181299
Grain mill and starch products,Soft Drinks and Bottled Water Manufacturing,0,0,0,0,0,0
Bakery products,Soft Drinks and Bottled Water Manufacturing,0,0,1,0.027181299,1,0.027181299
Other food products,Soft Drinks and Bottled Water Manufacturing,5,0.1359064963305246,401,10.899701005708074,406,11.0356075
Animal feeds,Soft Drinks and Bottled Water Manufacturing,0,0,0,0,0,0
Alcoholic beverages and tobacco,Soft Drinks and Bottled Water Manufacturing,0,0,0,0,0,0
Soft drinks,Soft Drinks and Bottled Water Manufacturing,18,0.4892633867898886,185,5.028540364,203,5.517803751019298
Textiles,Soft Drinks and Bottled Water Manufacturing,0,0,0,0,0,0
Clothing,Soft Drinks and Bottled Water Manufacturing,0,0,0,0,0,0
Leather products,Soft Drinks and Bottled Water Manufacturing,0,0,0,0,0,0
Wood products (excl. furniture),Soft Drinks and Bottled Water Manufacturing,0,0,0,0,0,0
Paper products,Soft Drinks and Bottled Water Manufacturing,31,0.8426202772492526,27,0.7338950801848328,58,1.5765153574340856
Printing and recording services,Soft Drinks and Bottled Water Manufacturing,0,0,0,0,0,0
Coke and refined petroleum products,Soft Drinks and Bottled Water Manufacturing,0,0,6,0.16308779559662953,6,0.16308779559662953
Paints and coatings,Soft Drinks and Bottled Water Manufacturing,0,0,0,0,0,0
Soap and detergents,Soft Drinks and Bottled Water Manufacturing,0,0,0,0,0,0
Other chemical products,Soft Drinks and Bottled Water Manufacturing,0,0,0,0,0,0
Industrial gases and fertilizers,Soft Drinks and Bottled Water Manufacturing,2,0.054362599,10,0.2718129926610492,12,0.326175591
Petrochemicals,Soft Drinks and Bottled Water Manufacturing,58,1.5765153574340853,47,1.2775210655069311,105,2.8540364229410162
Dyestuffs and agro-chemicals,Soft Drinks and Bottled Water Manufacturing,0,0,0,0,0,0
Pharmaceutical products,Soft Drinks and Bottled Water Manufacturing,0,0,0,0,0,0
Rubber and plastic products,Soft Drinks and Bottled Water Manufacturing,92,2.5006795324816524,467,12.693666757270996,559,15.194346289752648
Cement and concrete products,Soft Drinks and Bottled Water Manufacturing,0,0,0,0,0,0
"Glass, ceramic and stone products",Soft Drinks and Bottled Water Manufacturing,16,0.4349007882576787,124,3.3704811089970104,140,3.805381897254689
Basic iron and steel,Soft Drinks and Bottled Water Manufacturing,0,0,0,0,0,0
Other basic metals and casting,Soft Drinks and Bottled Water Manufacturing,0,0,0,0,0,0
Weapons and ammunition,Soft Drinks and Bottled Water Manufacturing,0,0,0,0,0,0
Other fabricated metal products,Soft Drinks and Bottled Water Manufacturing,6,0.16308779559662953,68,1.8483283500951346,74,2.011416145691764
Computer and electronic products,Soft Drinks and Bottled Water Manufacturing,6,0.16308779559662953,0,0,6,0.16308779559662953
Electrical equipment,Soft Drinks and Bottled Water Manufacturing,0,0,0,0,0,0
Other machinery and equipment,Soft Drinks and Bottled Water Manufacturing,30,0.8154389779831475,352,9.567817341668931,382,10.383256319652078
Motor vehicles,Soft Drinks and Bottled Water Manufacturing,0,0,4,0.10872519706441967,4,0.10872519706441967
Ships and boats,Soft Drinks and Bottled Water Manufacturing,0,0,0,0,0,0
Aircraft and spacecraft products,Soft Drinks and Bottled Water Manufacturing,0,0,0,0,0,0
Other Transport Equipment,Soft Drinks and Bottled Water Manufacturing,0,0,0,0,0,0
Furniture,Soft Drinks and Bottled Water Manufacturing,0,0,0,0,0,0
Other manufactured goods,Soft Drinks and Bottled Water Manufacturing,0,0,0,0,0,0
Ship and boat repair and maintenance,Soft Drinks and Bottled Water Manufacturing,0,0,0,0,0,0
Air and spacecraft repair and maintenance,Soft Drinks and Bottled Water Manufacturing,0,0,0,0,0,0
Other repair services,Soft Drinks and Bottled Water Manufacturing,0,0,82,2.2288665398206033,82,2.2288665398206033
Electricity services,Soft Drinks and Bottled Water Manufacturing,0,0,44,1.1959771677086164,44,1.1959771677086164
"Mains gas, steam and air conditioning services",Soft Drinks and Bottled Water Manufacturing,0,0,7,0.19026909486273444,7,0.19026909486273444
Water services,Soft Drinks and Bottled Water Manufacturing,0,0,27,0.7338950801848328,27,0.7338950801848328
Sewerage services,Soft Drinks and Bottled Water Manufacturing,0,0,6,0.16308779559662953,6,0.16308779559662953
Waste collection and treatment services,Soft Drinks and Bottled Water Manufacturing,0,0,10,0.2718129926610492,10,0.2718129926610492
Remediation and waste management services,Soft Drinks and Bottled Water Manufacturing,0,0,0,0,0,0
Construction services,Soft Drinks and Bottled Water Manufacturing,0,0,0,0,0,0
Motor vehicle trade services,Soft Drinks and Bottled Water Manufacturing,0,0,20,0.5436259853220984,20,0.5436259853220984
Wholesale trade services,Soft Drinks and Bottled Water Manufacturing,0,0,524,14.243000815438977,524,14.243000815438977
Retail trade services,Soft Drinks and Bottled Water Manufacturing,0,0,119,3.2345746126664854,119,3.2345746126664854
Rail transport services,Soft Drinks and Bottled Water Manufacturing,0,0,0,0,0,0
Land transport services,Soft Drinks and Bottled Water Manufacturing,39,1.0600706713780919,164,4.457733079641207,203,5.517803751019299
Water transport services,Soft Drinks and Bottled Water Manufacturing,0,0,0,0,0,0
Air transport services,Soft Drinks and Bottled Water Manufacturing,0,0,0,0,0,0
Warehousing services,Soft Drinks and Bottled Water Manufacturing,2,0.054362599,3,0.081543898,5,0.1359064963305246
Postal and courier services,Soft Drinks and Bottled Water Manufacturing,0,0,23,0.6251698831204131,23,0.6251698831204131
Accommodation services,Soft Drinks and Bottled Water Manufacturing,0,0,0,0,0,0
Food and beverage services,Soft Drinks and Bottled Water Manufacturing,1,0.027181299,5,0.1359064963305246,6,0.1630877955966295
Publishing services,Soft Drinks and Bottled Water Manufacturing,0,0,0,0,0,0
Media Production services,Soft Drinks and Bottled Water Manufacturing,0,0,0,0,0,0
Telecommunications services,Soft Drinks and Bottled Water Manufacturing,0,0,6,0.16308779559662953,6,0.16308779559662953
Computer programming services,Soft Drinks and Bottled Water Manufacturing,2,0.054362599,41,1.1144332699103017,43,1.1687958684425115
Information services,Soft Drinks and Bottled Water Manufacturing,0,0,0,0,0,0
Financial services (excl. insurance and pensions),Soft Drinks and Bottled Water Manufacturing,1,0.027181299,49,1.3318836640391412,50,1.359064963305246
Insurance and pension services,Soft Drinks and Bottled Water Manufacturing,0,0,22,0.5979885838543082,22,0.5979885838543082
Auxiliary financial services,Soft Drinks and Bottled Water Manufacturing,0,0,0,0,0,0
Real estate services,Soft Drinks and Bottled Water Manufacturing,0,0,0,0,0,0
Owner-occupier housing services,Soft Drinks and Bottled Water Manufacturing,0,0,0,0,0,0
Other real estate services,Soft Drinks and Bottled Water Manufacturing,0,0,0,0,0,0
Legal services,Soft Drinks and Bottled Water Manufacturing,1,0.027181299,40,1.0872519706441968,41,1.1144332699103017
Accounting and tax services,Soft Drinks and Bottled Water Manufacturing,6,0.16308779559662953,6,0.16308779559662953,12,0.32617559119325906
Management consulting services,Soft Drinks and Bottled Water Manufacturing,55,1.4949714596357706,35,0.9513454743136721,90,2.4463169339494426
Architectural and engineering services,Soft Drinks and Bottled Water Manufacturing,0,0,2,0.054362599,2,0.054362599
Scientific research and development services,Soft Drinks and Bottled Water Manufacturing,0,0,0,0,0,0
Advertising and market research services,Soft Drinks and Bottled Water Manufacturing,13,0.35335689045936397,103,2.7996738244088064,116,3.153030715
Other scientific and technical services,Soft Drinks and Bottled Water Manufacturing,0,0,53,1.4406088611035606,53,1.4406088611035606
Veterinary services,Soft Drinks and Bottled Water Manufacturing,0,0,0,0,0,0
Rental and leasing services,Soft Drinks and Bottled Water Manufacturing,2,0.054362599,22,0.5979885838543082,24,0.652351182
Employment services,Soft Drinks and Bottled Water Manufacturing,1,0.027181299,33,0.8969828757814623,34,0.9241641750475672
Travel services,Soft Drinks and Bottled Water Manufacturing,0,0,0,0,0,0
Security services,Soft Drinks and Bottled Water Manufacturing,0,0,0,0,0,0
Building and landscape services,Soft Drinks and Bottled Water Manufacturing,0,0,0,0,0,0
Office support services,Soft Drinks and Bottled Water Manufacturing,0,0,0,0,0,0
Public administration services (including defence),Soft Drinks and Bottled Water Manufacturing,0,0,6,0.16308779559662953,6,0.16308779559662953
Education services,Soft Drinks and Bottled Water Manufacturing,0,0,0,0,0,0
Health services,Soft Drinks and Bottled Water Manufacturing,0,0,0,0,0,0
Residential and social care services,Soft Drinks and Bottled Water Manufacturing,0,0,0,0,0,0
Arts and entertainment services,Soft Drinks and Bottled Water Manufacturing,0,0,0,0,0,0
Libraries and other cultural services,Soft Drinks and Bottled Water Manufacturing,0,0,0,0,0,0
Gambling services,Soft Drinks and Bottled Water Manufacturing,0,0,0,0,0,0
Sports and recreation services,Soft Drinks and Bottled Water Manufacturing,0,0,0,0,0,0
Membership services,Soft Drinks and Bottled Water Manufacturing,0,0,0,0,0,0
Computer repair services,Soft Drinks and Bottled Water Manufacturing,0,0,0,0,0,0
Other personal services,Soft Drinks and Bottled Water Manufacturing,0,0,0,0,0,0
Agriculture products,Textiles Manufacturing,6,0.23790642347343377,0,0,6,0.23790642347343377
Forestry products,Textiles Manufacturing,0,0,0,0,0,0
Fishing products,Textiles Manufacturing,0,0,0,0,0,0
Coal and lignite,Textiles Manufacturing,0,0,0,0,0,0
"Petroleum, natural gas and mining of metal ores",Textiles Manufacturing,0,0,0,0,0,0
Other mining products,Textiles Manufacturing,0,0,0,0,0,0
Mining support services,Textiles Manufacturing,0,0,0,0,0,0
Meat and preserved meat products,Textiles Manufacturing,2,0.079302141,0,0,2,0.079302141
"Fish, seafood, fruit and vegetables",Textiles Manufacturing,0,0,2,0.079302141,2,0.079302141
Oils and fats,Textiles Manufacturing,0,0,0,0,0,0
Dairy products,Textiles Manufacturing,0,0,2,0.079302141,2,0.079302141
Grain mill and starch products,Textiles Manufacturing,0,0,0,0,0,0
Bakery products,Textiles Manufacturing,0,0,3,0.11895321173671689,3,0.11895321173671689
Other food products,Textiles Manufacturing,0,0,3,0.11895321173671689,3,0.11895321173671689
Animal feeds,Textiles Manufacturing,0,0,0,0,0,0
Alcoholic beverages and tobacco,Textiles Manufacturing,0,0,0,0,0,0
Soft drinks,Textiles Manufacturing,0,0,0,0,0,0
Textiles,Textiles Manufacturing,617,24.464710547184772,1,0.039651071,618,24.504361617763678
Clothing,Textiles Manufacturing,1,0.039651071,0,0,1,0.039651071
Leather products,Textiles Manufacturing,0,0,0,0,0,0
Wood products (excl. furniture),Textiles Manufacturing,0,0,0,0,0,0
Paper products,Textiles Manufacturing,10,0.3965107057890563,0,0,10,0.3965107057890563
Printing and recording services,Textiles Manufacturing,0,0,2,0.079302141,2,0.079302141
Coke and refined petroleum products,Textiles Manufacturing,4,0.1586042823156225,0,0,4,0.1586042823156225
Paints and coatings,Textiles Manufacturing,0,0,0,0,0,0
Soap and detergents,Textiles Manufacturing,0,0,0,0,0,0
Other chemical products,Textiles Manufacturing,0,0,0,0,0,0
Industrial gases and fertilizers,Textiles Manufacturing,0,0,2,0.079302141,2,0.079302141
Petrochemicals,Textiles Manufacturing,109,4.3219666931007135,89,3.528945281522601,198,7.8509119746233145
Dyestuffs and agro-chemicals,Textiles Manufacturing,17,0.6740681998413958,0,0,17,0.6740681998413958
Pharmaceutical products,Textiles Manufacturing,0,0,0,0,0,0
Rubber and plastic products,Textiles Manufacturing,90,3.5685963521015065,32,1.268834259,122,4.837430610626487
Cement and concrete products,Textiles Manufacturing,0,0,0,0,0,0
"Glass, ceramic and stone products",Textiles Manufacturing,0,0,0,0,0,0
Basic iron and steel,Textiles Manufacturing,0,0,0,0,0,0
Other basic metals and casting,Textiles Manufacturing,0,0,0,0,0,0
Weapons and ammunition,Textiles Manufacturing,0,0,0,0,0,0
Other fabricated metal products,Textiles Manufacturing,11,0.43616177636796194,0,0,11,0.43616177636796194
Computer and electronic products,Textiles Manufacturing,5,0.19825535289452814,4,0.1586042823156225,9,0.3568596352101506
Electrical equipment,Textiles Manufacturing,0,0,0,0,0,0
Other machinery and equipment,Textiles Manufacturing,10,0.3965107057890563,38,1.506740681998414,48,1.9032513877874702
Motor vehicles,Textiles Manufacturing,0,0,0,0,0,0
Ships and boats,Textiles Manufacturing,0,0,0,0,0,0
Aircraft and spacecraft products,Textiles Manufacturing,0,0,0,0,0,0
Other Transport Equipment,Textiles Manufacturing,0,0,0,0,0,0
Furniture,Textiles Manufacturing,0,0,0,0,0,0
Other manufactured goods,Textiles Manufacturing,5,0.19825535289452814,0,0,5,0.19825535289452814
Ship and boat repair and maintenance,Textiles Manufacturing,0,0,0,0,0,0
Air and spacecraft repair and maintenance,Textiles Manufacturing,0,0,0,0,0,0
Other repair services,Textiles Manufacturing,0,0,34,1.3481363996827915,34,1.3481363996827915
Electricity services,Textiles Manufacturing,0,0,60,2.379064234734338,60,2.379064234734338
"Mains gas, steam and air conditioning services",Textiles Manufacturing,0,0,20,0.7930214115781126,20,0.7930214115781126
Water services,Textiles Manufacturing,0,0,11,0.43616177636796194,11,0.43616177636796194
Sewerage services,Textiles Manufacturing,0,0,6,0.23790642347343377,6,0.23790642347343377
Waste collection and treatment services,Textiles Manufacturing,3,0.11895321173671689,5,0.19825535289452814,8,0.317208565
Remediation and waste management services,Textiles Manufacturing,0,0,0,0,0,0
Construction services,Textiles Manufacturing,0,0,0,0,0,0
Motor vehicle trade services,Textiles Manufacturing,0,0,3,0.11895321173671689,3,0.11895321173671689
Wholesale trade services,Textiles Manufacturing,0,0,408,16.177636796193497,408,16.177636796193497
Retail trade services,Textiles Manufacturing,0,0,244,9.674861221252975,244,9.674861221252975
Rail transport services,Textiles Manufacturing,0,0,6,0.23790642347343377,6,0.23790642347343377
Land transport services,Textiles Manufacturing,22,0.8723235527359239,49,1.9429024583663759,71,2.8152260111022995
Water transport services,Textiles Manufacturing,0,0,0,0,0,0
Air transport services,Textiles Manufacturing,2,0.079302141,5,0.19825535289452814,7,0.2775574940523394
Warehousing services,Textiles Manufacturing,0,0,17,0.6740681998413958,17,0.6740681998413958
Postal and courier services,Textiles Manufacturing,0,0,63,2.4980174464710547,63,2.4980174464710547
Accommodation services,Textiles Manufacturing,0,0,0,0,0,0
Food and beverage services,Textiles Manufacturing,1,0.039651071,1,0.039651071,2,0.079302141
Publishing services,Textiles Manufacturing,1,0.039651071,0,0,1,0.039651071
Media Production services,Textiles Manufacturing,0,0,0,0,0,0
Telecommunications services,Textiles Manufacturing,0,0,13,0.5154639175257731,13,0.5154639175257731
Computer programming services,Textiles Manufacturing,1,0.039651071,14,0.5551149881046789,15,0.5947660586835845
Information services,Textiles Manufacturing,1,0.039651071,7,0.2775574940523394,8,0.317208565
Financial services (excl. insurance and pensions),Textiles Manufacturing,9,0.3568596352101507,118,4.678826328310865,127,5.035685963521015
Insurance and pension services,Textiles Manufacturing,0,0,21,0.8326724821570183,21,0.8326724821570183
Auxiliary financial services,Textiles Manufacturing,0,0,3,0.11895321173671689,3,0.11895321173671689
Real estate services,Textiles Manufacturing,0,0,0,0,0,0
Owner-occupier housing services,Textiles Manufacturing,0,0,0,0,0,0
Other real estate services,Textiles Manufacturing,0,0,14,0.5551149881046789,14,0.5551149881046789
Legal services,Textiles Manufacturing,0,0,50,1.9825535289452814,50,1.9825535289452814
Accounting and tax services,Textiles Manufacturing,1,0.039651071,90,3.5685963521015065,91,3.608247422680412
Management consulting services,Textiles Manufacturing,5,0.19825535289452814,5,0.19825535289452814,10,0.3965107057890563
Architectural and engineering services,Textiles Manufacturing,0,0,21,0.8326724821570183,21,0.8326724821570183
Scientific research and development services,Textiles Manufacturing,0,0,0,0,0,0
Advertising and market research services,Textiles Manufacturing,3,0.11895321173671689,47,1.8636003172085647,50,1.9825535289452816
Other scientific and technical services,Textiles Manufacturing,0,0,7,0.2775574940523394,7,0.2775574940523394
Veterinary services,Textiles Manufacturing,0,0,0,0,0,0
Rental and leasing services,Textiles Manufacturing,1,0.039651071,11,0.43616177636796194,12,0.47581284694686754
Employment services,Textiles Manufacturing,1,0.039651071,29,1.1498810467882634,30,1.1895321173671691
Travel services,Textiles Manufacturing,0,0,0,0,0,0
Security services,Textiles Manufacturing,0,0,0,0,0,0
Building and landscape services,Textiles Manufacturing,0,0,0,0,0,0
Office support services,Textiles Manufacturing,0,0,0,0,0,0
Public administration services (including defence),Textiles Manufacturing,0,0,13,0.5154639175257731,13,0.5154639175257731
Education services,Textiles Manufacturing,0,0,11,0.43616177636796194,11,0.43616177636796194
Health services,Textiles Manufacturing,0,0,0,0,0,0
Residential and social care services,Textiles Manufacturing,0,0,0,0,0,0
Arts and entertainment services,Textiles Manufacturing,0,0,0,0,0,0
Libraries and other cultural services,Textiles Manufacturing,0,0,0,0,0,0
Gambling services,Textiles Manufacturing,0,0,0,0,0,0
Sports and recreation services,Textiles Manufacturing,0,0,0,0,0,0
Membership services,Textiles Manufacturing,0,0,0,0,0,0
Computer repair services,Textiles Manufacturing,0,0,0,0,0,0
Other personal services,Textiles Manufacturing,0,0,0,0,0,0
Agriculture products,Clothing Manufacturing,0,0,1,0.07751938,1,0.07751938
Forestry products,Clothing Manufacturing,0,0,0,0,0,0
Fishing products,Clothing Manufacturing,0,0,0,0,0,0
Coal and lignite,Clothing Manufacturing,0,0,0,0,0,0
"Petroleum, natural gas and mining of metal ores",Clothing Manufacturing,0,0,0,0,0,0
Other mining products,Clothing Manufacturing,0,0,0,0,0,0
Mining support services,Clothing Manufacturing,0,0,0,0,0,0
Meat and preserved meat products,Clothing Manufacturing,0,0,1,0.07751938,1,0.07751938
"Fish, seafood, fruit and vegetables",Clothing Manufacturing,0,0,0,0,0,0
Oils and fats,Clothing Manufacturing,0,0,0,0,0,0
Dairy products,Clothing Manufacturing,0,0,0,0,0,0
Grain mill and starch products,Clothing Manufacturing,0,0,0,0,0,0
Bakery products,Clothing Manufacturing,0,0,2,0.15503875968992248,2,0.15503875968992248
Other food products,Clothing Manufacturing,0,0,0,0,0,0
Animal feeds,Clothing Manufacturing,0,0,0,0,0,0
Alcoholic beverages and tobacco,Clothing Manufacturing,0,0,0,0,0,0
Soft drinks,Clothing Manufacturing,0,0,0,0,0,0
Textiles,Clothing Manufacturing,130,10.077519379844961,196,15.193798449612403,326,25.271317829457367
Clothing,Clothing Manufacturing,8,0.6201550387596899,0,0,8,0.6201550387596899
Leather products,Clothing Manufacturing,0,0,0,0,0,0
Wood products (excl. furniture),Clothing Manufacturing,0,0,0,0,0,0
Paper products,Clothing Manufacturing,3,0.23255813953488372,7,0.5426356589147286,10,0.7751937984496123
Printing and recording services,Clothing Manufacturing,0,0,0,0,0,0
Coke and refined petroleum products,Clothing Manufacturing,0,0,1,0.07751938,1,0.07751938
Paints and coatings,Clothing Manufacturing,0,0,0,0,0,0
Soap and detergents,Clothing Manufacturing,0,0,0,0,0,0
Other chemical products,Clothing Manufacturing,0,0,0,0,0,0
Industrial gases and fertilizers,Clothing Manufacturing,0,0,0,0,0,0
Petrochemicals,Clothing Manufacturing,0,0,0,0,0,0
Dyestuffs and agro-chemicals,Clothing Manufacturing,0,0,0,0,0,0
Pharmaceutical products,Clothing Manufacturing,0,0,0,0,0,0
Rubber and plastic products,Clothing Manufacturing,3,0.23255813953488372,26,2.0155038759689923,29,2.248062015503876
Cement and concrete products,Clothing Manufacturing,0,0,0,0,0,0
"Glass, ceramic and stone products",Clothing Manufacturing,0,0,0,0,0,0
Basic iron and steel,Clothing Manufacturing,0,0,0,0,0,0
Other basic metals and casting,Clothing Manufacturing,0,0,0,0,0,0
Weapons and ammunition,Clothing Manufacturing,0,0,0,0,0,0
Other fabricated metal products,Clothing Manufacturing,1,0.07751938,0,0,1,0.07751938
Computer and electronic products,Clothing Manufacturing,4,0.31007751937984496,0,0,4,0.31007751937984496
Electrical equipment,Clothing Manufacturing,0,0,0,0,0,0
Other machinery and equipment,Clothing Manufacturing,0,0,6,0.46511627906976744,6,0.46511627906976744
Motor vehicles,Clothing Manufacturing,0,0,0,0,0,0
Ships and boats,Clothing Manufacturing,0,0,0,0,0,0
Aircraft and spacecraft products,Clothing Manufacturing,0,0,0,0,0,0
Other Transport Equipment,Clothing Manufacturing,0,0,0,0,0,0
Furniture,Clothing Manufacturing,0,0,0,0,0,0
Other manufactured goods,Clothing Manufacturing,3,0.23255813953488372,0,0,3,0.23255813953488372
Ship and boat repair and maintenance,Clothing Manufacturing,0,0,0,0,0,0
Air and spacecraft repair and maintenance,Clothing Manufacturing,0,0,0,0,0,0
Other repair services,Clothing Manufacturing,0,0,11,0.8527131782945736,11,0.8527131782945736
Electricity services,Clothing Manufacturing,0,0,13,1.0077519379844961,13,1.0077519379844961
"Mains gas, steam and air conditioning services",Clothing Manufacturing,0,0,5,0.3875968992248062,5,0.3875968992248062
Water services,Clothing Manufacturing,0,0,4,0.31007751937984496,4,0.31007751937984496
Sewerage services,Clothing Manufacturing,0,0,0,0,0,0
Waste collection and treatment services,Clothing Manufacturing,0,0,4,0.31007751937984496,4,0.31007751937984496
Remediation and waste management services,Clothing Manufacturing,0,0,0,0,0,0
Construction services,Clothing Manufacturing,0,0,3,0.23255813953488372,3,0.23255813953488372
Motor vehicle trade services,Clothing Manufacturing,0,0,0,0,0,0
Wholesale trade services,Clothing Manufacturing,0,0,190,14.728682170542637,190,14.728682170542637
Retail trade services,Clothing Manufacturing,0,0,129,10,129,10
Rail transport services,Clothing Manufacturing,0,0,0,0,0,0
Land transport services,Clothing Manufacturing,4,0.31007751937984496,36,2.7906976744186047,40,3.100775194
Water transport services,Clothing Manufacturing,0,0,0,0,0,0
Air transport services,Clothing Manufacturing,0,0,0,0,0,0
Warehousing services,Clothing Manufacturing,0,0,70,5.426356589147287,70,5.426356589147287
Postal and courier services,Clothing Manufacturing,0,0,35,2.7131782945736433,35,2.7131782945736433
Accommodation services,Clothing Manufacturing,0,0,0,0,0,0
Food and beverage services,Clothing Manufacturing,1,0.07751938,9,0.6976744186046512,10,0.7751937984496124
Publishing services,Clothing Manufacturing,0,0,10,0.7751937984496124,10,0.7751937984496124
Media Production services,Clothing Manufacturing,0,0,0,0,0,0
Telecommunications services,Clothing Manufacturing,1,0.07751938,4,0.31007751937984496,5,0.3875968992248062
Computer programming services,Clothing Manufacturing,1,0.07751938,10,0.7751937984496124,11,0.8527131782945737
Information services,Clothing Manufacturing,0,0,1,0.07751938,1,0.07751938
Financial services (excl. insurance and pensions),Clothing Manufacturing,3,0.23255813953488372,178,13.798449612403102,181,14.031007751937986
Insurance and pension services,Clothing Manufacturing,0,0,6,0.46511627906976744,6,0.46511627906976744
Auxiliary financial services,Clothing Manufacturing,0,0,0,0,0,0
Real estate services,Clothing Manufacturing,0,0,0,0,0,0
Owner-occupier housing services,Clothing Manufacturing,0,0,0,0,0,0
Other real estate services,Clothing Manufacturing,0,0,0,0,0,0
Legal services,Clothing Manufacturing,1,0.07751938,6,0.46511627906976744,7,0.5426356589147286
Accounting and tax services,Clothing Manufacturing,1,0.07751938,40,3.100775194,41,3.178294573643411
Management consulting services,Clothing Manufacturing,7,0.5426356589147286,36,2.7906976744186047,43,3.3333333333333335
Architectural and engineering services,Clothing Manufacturing,0,0,2,0.15503875968992248,2,0.15503875968992248
Scientific research and development services,Clothing Manufacturing,0,0,0,0,0,0
Advertising and market research services,Clothing Manufacturing,1,0.07751938,50,3.875968992248062,51,3.953488372093023
Other scientific and technical services,Clothing Manufacturing,0,0,6,0.46511627906976744,6,0.46511627906976744
Veterinary services,Clothing Manufacturing,0,0,0,0,0,0
Rental and leasing services,Clothing Manufacturing,0,0,3,0.23255813953488372,3,0.23255813953488372
Employment services,Clothing Manufacturing,0,0,6,0.46511627906976744,6,0.46511627906976744
Travel services,Clothing Manufacturing,0,0,0,0,0,0
Security services,Clothing Manufacturing,0,0,0,0,0,0
Building and landscape services,Clothing Manufacturing,0,0,0,0,0,0
Office support services,Clothing Manufacturing,1,0.07751938,0,0,1,0.07751938
Public administration services (including defence),Clothing Manufacturing,0,0,4,0.31007751937984496,4,0.31007751937984496
Education services,Clothing Manufacturing,0,0,6,0.46511627906976744,6,0.46511627906976744
Health services,Clothing Manufacturing,0,0,0,0,0,0
Residential and social care services,Clothing Manufacturing,0,0,0,0,0,0
Arts and entertainment services,Clothing Manufacturing,0,0,0,0,0,0
Libraries and other cultural services,Clothing Manufacturing,0,0,0,0,0,0
Gambling services,Clothing Manufacturing,0,0,0,0,0,0
Sports and recreation services,Clothing Manufacturing,0,0,0,0,0,0
Membership services,Clothing Manufacturing,0,0,0,0,0,0
Computer repair services,Clothing Manufacturing,0,0,0,0,0,0
Other personal services,Clothing Manufacturing,0,0,0,0,0,0
Agriculture products,Leather Products Manufacturing,1,0.23752969121140144,6,1.4251781472684086,7,1.6627078384798102
Forestry products,Leather Products Manufacturing,0,0,0,0,0,0
Fishing products,Leather Products Manufacturing,0,0,0,0,0,0
Coal and lignite,Leather Products Manufacturing,0,0,0,0,0,0
"Petroleum, natural gas and mining of metal ores",Leather Products Manufacturing,0,0,0,0,0,0
Other mining products,Leather Products Manufacturing,0,0,0,0,0,0
Mining support services,Leather Products Manufacturing,0,0,0,0,0,0
Meat and preserved meat products,Leather Products Manufacturing,3,0.7125890736342043,0,0,3,0.7125890736342043
"Fish, seafood, fruit and vegetables",Leather Products Manufacturing,0,0,0,0,0,0
Oils and fats,Leather Products Manufacturing,0,0,0,0,0,0
Dairy products,Leather Products Manufacturing,0,0,0,0,0,0
Grain mill and starch products,Leather Products Manufacturing,0,0,0,0,0,0
Bakery products,Leather Products Manufacturing,0,0,0,0,0,0
Other food products,Leather Products Manufacturing,0,0,0,0,0,0
Animal feeds,Leather Products Manufacturing,0,0,0,0,0,0
Alcoholic beverages and tobacco,Leather Products Manufacturing,0,0,0,0,0,0
Soft drinks,Leather Products Manufacturing,0,0,0,0,0,0
Textiles,Leather Products Manufacturing,8,1.9002375296912115,5,1.187648456057007,13,3.0878859857482186
Clothing,Leather Products Manufacturing,0,0,0,0,0,0
Leather products,Leather Products Manufacturing,56,13.30166270783848,0,0,56,13.30166270783848
Wood products (excl. furniture),Leather Products Manufacturing,0,0,0,0,0,0
Paper products,Leather Products Manufacturing,1,0.23752969121140144,4,0.9501187648456058,5,1.187648456057007
Printing and recording services,Leather Products Manufacturing,0,0,0,0,0,0
Coke and refined petroleum products,Leather Products Manufacturing,0,0,0,0,0,0
Paints and coatings,Leather Products Manufacturing,0,0,0,0,0,0
Soap and detergents,Leather Products Manufacturing,0,0,0,0,0,0
Other chemical products,Leather Products Manufacturing,15,3.5629453681710213,20,4.750593824228028,35,8.313539192
Industrial gases and fertilizers,Leather Products Manufacturing,0,0,0,0,0,0
Petrochemicals,Leather Products Manufacturing,8,1.9002375296912115,6,1.4251781472684086,14,3.3254156769596204
Dyestuffs and agro-chemicals,Leather Products Manufacturing,0,0,0,0,0,0
Pharmaceutical products,Leather Products Manufacturing,0,0,0,0,0,0
Rubber and plastic products,Leather Products Manufacturing,6,1.4251781472684086,3,0.7125890736342043,9,2.137767220902613
Cement and concrete products,Leather Products Manufacturing,0,0,0,0,0,0
"Glass, ceramic and stone products",Leather Products Manufacturing,0,0,0,0,0,0
Basic iron and steel,Leather Products Manufacturing,0,0,0,0,0,0
Other basic metals and casting,Leather Products Manufacturing,0,0,0,0,0,0
Weapons and ammunition,Leather Products Manufacturing,0,0,0,0,0,0
Other fabricated metal products,Leather Products Manufacturing,6,1.4251781472684086,4,0.9501187648456058,10,2.375296912114014
Computer and electronic products,Leather Products Manufacturing,0,0,9,2.137767220902613,9,2.137767220902613
Electrical equipment,Leather Products Manufacturing,0,0,0,0,0,0
Other machinery and equipment,Leather Products Manufacturing,0,0,0,0,0,0
Motor vehicles,Leather Products Manufacturing,0,0,0,0,0,0
Ships and boats,Leather Products Manufacturing,0,0,0,0,0,0
Aircraft and spacecraft products,Leather Products Manufacturing,0,0,0,0,0,0
Other Transport Equipment,Leather Products Manufacturing,0,0,0,0,0,0
Furniture,Leather Products Manufacturing,0,0,0,0,0,0
Other manufactured goods,Leather Products Manufacturing,1,0.23752969121140144,0,0,1,0.23752969121140144
Ship and boat repair and maintenance,Leather Products Manufacturing,0,0,0,0,0,0
Air and spacecraft repair and maintenance,Leather Products Manufacturing,0,0,0,0,0,0
Other repair services,Leather Products Manufacturing,0,0,2,0.4750593824228029,2,0.4750593824228029
Electricity services,Leather Products Manufacturing,0,0,8,1.9002375296912115,8,1.9002375296912115
"Mains gas, steam and air conditioning services",Leather Products Manufacturing,0,0,4,0.9501187648456058,4,0.9501187648456058
Water services,Leather Products Manufacturing,0,0,2,0.4750593824228029,2,0.4750593824228029
Sewerage services,Leather Products Manufacturing,0,0,4,0.9501187648456058,4,0.9501187648456058
Waste collection and treatment services,Leather Products Manufacturing,0,0,5,1.187648456057007,5,1.187648456057007
Remediation and waste management services,Leather Products Manufacturing,0,0,0,0,0,0
Construction services,Leather Products Manufacturing,0,0,0,0,0,0
Motor vehicle trade services,Leather Products Manufacturing,0,0,0,0,0,0
Wholesale trade services,Leather Products Manufacturing,0,0,48,11.401425178147269,48,11.401425178147269
Retail trade services,Leather Products Manufacturing,0,0,12,2.8503562945368173,12,2.8503562945368173
Rail transport services,Leather Products Manufacturing,0,0,0,0,0,0
Land transport services,Leather Products Manufacturing,1,0.23752969121140144,17,4.038004750593824,18,4.275534441805226
Water transport services,Leather Products Manufacturing,0,0,0,0,0,0
Air transport services,Leather Products Manufacturing,0,0,0,0,0,0
Warehousing services,Leather Products Manufacturing,0,0,4,0.9501187648456058,4,0.9501187648456058
Postal and courier services,Leather Products Manufacturing,1,0.23752969121140144,47,11.163895486935866,48,11.401425178147267
Accommodation services,Leather Products Manufacturing,0,0,0,0,0,0
Food and beverage services,Leather Products Manufacturing,0,0,1,0.23752969121140144,1,0.23752969121140144
Publishing services,Leather Products Manufacturing,0,0,1,0.23752969121140144,1,0.23752969121140144
Media Production services,Leather Products Manufacturing,0,0,0,0,0,0
Telecommunications services,Leather Products Manufacturing,0,0,1,0.23752969121140144,1,0.23752969121140144
Computer programming services,Leather Products Manufacturing,1,0.23752969121140144,5,1.187648456057007,6,1.4251781472684084
Information services,Leather Products Manufacturing,0,0,0,0,0,0
Financial services (excl. insurance and pensions),Leather Products Manufacturing,5,1.187648456057007,21,4.988123515,26,6.175771971496436
Insurance and pension services,Leather Products Manufacturing,0,0,2,0.4750593824228029,2,0.4750593824228029
Auxiliary financial services,Leather Products Manufacturing,0,0,0,0,0,0
Real estate services,Leather Products Manufacturing,0,0,0,0,0,0
Owner-occupier housing services,Leather Products Manufacturing,0,0,0,0,0,0
Other real estate services,Leather Products Manufacturing,0,0,7,1.662707838,7,1.662707838
Legal services,Leather Products Manufacturing,0,0,3,0.7125890736342043,3,0.7125890736342043
Accounting and tax services,Leather Products Manufacturing,0,0,2,0.4750593824228029,2,0.4750593824228029
Management consulting services,Leather Products Manufacturing,1,0.23752969121140144,4,0.9501187648456058,5,1.187648456057007
Architectural and engineering services,Leather Products Manufacturing,0,0,1,0.23752969121140144,1,0.23752969121140144
Scientific research and development services,Leather Products Manufacturing,0,0,0,0,0,0
Advertising and market research services,Leather Products Manufacturing,4,0.9501187648456058,23,5.463182897862233,27,6.413301662707839
Other scientific and technical services,Leather Products Manufacturing,0,0,6,1.4251781472684086,6,1.4251781472684086
Veterinary services,Leather Products Manufacturing,0,0,0,0,0,0
Rental and leasing services,Leather Products Manufacturing,0,0,3,0.7125890736342043,3,0.7125890736342043
Employment services,Leather Products Manufacturing,0,0,6,1.4251781472684086,6,1.4251781472684086
Travel services,Leather Products Manufacturing,0,0,0,0,0,0
Security services,Leather Products Manufacturing,0,0,0,0,0,0
Building and landscape services,Leather Products Manufacturing,0,0,0,0,0,0
Office support services,Leather Products Manufacturing,0,0,0,0,0,0
Public administration services (including defence),Leather Products Manufacturing,0,0,7,1.662707838,7,1.662707838
Education services,Leather Products Manufacturing,0,0,0,0,0,0
Health services,Leather Products Manufacturing,0,0,0,0,0,0
Residential and social care services,Leather Products Manufacturing,0,0,0,0,0,0
Arts and entertainment services,Leather Products Manufacturing,0,0,0,0,0,0
Libraries and other cultural services,Leather Products Manufacturing,0,0,0,0,0,0
Gambling services,Leather Products Manufacturing,0,0,0,0,0,0
Sports and recreation services,Leather Products Manufacturing,0,0,0,0,0,0
Membership services,Leather Products Manufacturing,0,0,0,0,0,0
Computer repair services,Leather Products Manufacturing,0,0,0,0,0,0
Other personal services,Leather Products Manufacturing,0,0,0,0,0,0
Agriculture products,Wood Products Manufacturing (excl. Furniture),0,0,0,0,0,0
Forestry products,Wood Products Manufacturing (excl. Furniture),157,2.8870908422214048,326,5.994851048179477,483,8.881941890400881
Fishing products,Wood Products Manufacturing (excl. Furniture),0,0,0,0,0,0
Coal and lignite,Wood Products Manufacturing (excl. Furniture),0,0,0,0,0,0
"Petroleum, natural gas and mining of metal ores",Wood Products Manufacturing (excl. Furniture),0,0,0,0,0,0
Other mining products,Wood Products Manufacturing (excl. Furniture),0,0,0,0,0,0
Mining support services,Wood Products Manufacturing (excl. Furniture),0,0,0,0,0,0
Meat and preserved meat products,Wood Products Manufacturing (excl. Furniture),0,0,4,0.073556455,4,0.073556455
"Fish, seafood, fruit and vegetables",Wood Products Manufacturing (excl. Furniture),0,0,2,0.036778227,2,0.036778227
Oils and fats,Wood Products Manufacturing (excl. Furniture),0,0,0,0,0,0
Dairy products,Wood Products Manufacturing (excl. Furniture),0,0,3,0.055167340934166975,3,0.055167340934166975
Grain mill and starch products,Wood Products Manufacturing (excl. Furniture),0,0,0,0,0,0
Bakery products,Wood Products Manufacturing (excl. Furniture),0,0,5,0.091945568,5,0.091945568
Other food products,Wood Products Manufacturing (excl. Furniture),0,0,3,0.055167340934166975,3,0.055167340934166975
Animal feeds,Wood Products Manufacturing (excl. Furniture),0,0,0,0,0,0
Alcoholic beverages and tobacco,Wood Products Manufacturing (excl. Furniture),0,0,0,0,0,0
Soft drinks,Wood Products Manufacturing (excl. Furniture),0,0,0,0,0,0
Textiles,Wood Products Manufacturing (excl. Furniture),0,0,0,0,0,0
Clothing,Wood Products Manufacturing (excl. Furniture),0,0,0,0,0,0
Leather products,Wood Products Manufacturing (excl. Furniture),0,0,0,0,0,0
Wood products (excl. furniture),Wood Products Manufacturing (excl. Furniture),2306,42.40529606472968,1,0.018389113644722326,2307,42.423685178374406
Paper products,Wood Products Manufacturing (excl. Furniture),31,0.570062523,0,0,31,0.570062523
Printing and recording services,Wood Products Manufacturing (excl. Furniture),0,0,0,0,0,0
Coke and refined petroleum products,Wood Products Manufacturing (excl. Furniture),1,0.018389113644722326,19,0.3493931592497242,20,0.36778227289444654
Paints and coatings,Wood Products Manufacturing (excl. Furniture),12,0.2206693637366679,12,0.2206693637366679,24,0.4413387274733358
Soap and detergents,Wood Products Manufacturing (excl. Furniture),0,0,0,0,0,0
Other chemical products,Wood Products Manufacturing (excl. Furniture),25,0.4597278411180581,202,3.7146009562339093,227,4.174328797351968
Industrial gases and fertilizers,Wood Products Manufacturing (excl. Furniture),0,0,0,0,0,0
Petrochemicals,Wood Products Manufacturing (excl. Furniture),5,0.091945568,4,0.073556455,9,0.16550202280250093
Dyestuffs and agro-chemicals,Wood Products Manufacturing (excl. Furniture),0,0,0,0,0,0
Pharmaceutical products,Wood Products Manufacturing (excl. Furniture),0,0,0,0,0,0
Rubber and plastic products,Wood Products Manufacturing (excl. Furniture),55,1.0114012504597278,21,0.3861713865391688,76,1.3975726369988966
Cement and concrete products,Wood Products Manufacturing (excl. Furniture),1,0.018389113644722326,0,0,1,0.018389113644722326
"Glass, ceramic and stone products",Wood Products Manufacturing (excl. Furniture),7,0.12872379551305627,39,0.7171754321441707,46,0.8458992276572269
Basic iron and steel,Wood Products Manufacturing (excl. Furniture),0,0,0,0,0,0
Other basic metals and casting,Wood Products Manufacturing (excl. Furniture),0,0,0,0,0,0
Weapons and ammunition,Wood Products Manufacturing (excl. Furniture),0,0,0,0,0,0
Other fabricated metal products,Wood Products Manufacturing (excl. Furniture),28,0.5148951820522251,57,1.0481794777491724,85,1.5630746598013974
Computer and electronic products,Wood Products Manufacturing (excl. Furniture),2,0.036778227,3,0.055167340934166975,5,0.091945568
Electrical equipment,Wood Products Manufacturing (excl. Furniture),0,0,0,0,0,0
Other machinery and equipment,Wood Products Manufacturing (excl. Furniture),19,0.3493931592497242,28,0.5148951820522251,47,0.8642883413019493
Motor vehicles,Wood Products Manufacturing (excl. Furniture),0,0,0,0,0,0
Ships and boats,Wood Products Manufacturing (excl. Furniture),0,0,0,0,0,0
Aircraft and spacecraft products,Wood Products Manufacturing (excl. Furniture),0,0,0,0,0,0
Other Transport Equipment,Wood Products Manufacturing (excl. Furniture),0,0,0,0,0,0
Furniture,Wood Products Manufacturing (excl. Furniture),3,0.055167340934166975,0,0,3,0.055167340934166975
Other manufactured goods,Wood Products Manufacturing (excl. Furniture),1,0.018389113644722326,9,0.16550202280250093,10,0.18389113644722324
Ship and boat repair and maintenance,Wood Products Manufacturing (excl. Furniture),0,0,0,0,0,0
Air and spacecraft repair and maintenance,Wood Products Manufacturing (excl. Furniture),0,0,0,0,0,0
Other repair services,Wood Products Manufacturing (excl. Furniture),0,0,81,1.4895182052225084,81,1.4895182052225084
Electricity services,Wood Products Manufacturing (excl. Furniture),0,0,97,1.7837440235380655,97,1.7837440235380655
"Mains gas, steam and air conditioning services",Wood Products Manufacturing (excl. Furniture),0,0,46,0.8458992276572269,46,0.8458992276572269
Water services,Wood Products Manufacturing (excl. Furniture),0,0,11,0.20228025009194558,11,0.20228025009194558
Sewerage services,Wood Products Manufacturing (excl. Furniture),0,0,1,0.018389113644722326,1,0.018389113644722326
Waste collection and treatment services,Wood Products Manufacturing (excl. Furniture),4,0.073556455,18,0.33100404560500185,22,0.40456050018389117
Remediation and waste management services,Wood Products Manufacturing (excl. Furniture),0,0,0,0,0,0
Construction services,Wood Products Manufacturing (excl. Furniture),0,0,6,0.11033468186833395,6,0.11033468186833395
Motor vehicle trade services,Wood Products Manufacturing (excl. Furniture),0,0,2,0.036778227,2,0.036778227
Wholesale trade services,Wood Products Manufacturing (excl. Furniture),0,0,670,12.320706141963958,670,12.320706141963958
Retail trade services,Wood Products Manufacturing (excl. Furniture),0,0,109,2.0044133872747336,109,2.0044133872747336
Rail transport services,Wood Products Manufacturing (excl. Furniture),0,0,0,0,0,0
Land transport services,Wood Products Manufacturing (excl. Furniture),23,0.42294961382861346,227,4.174328797351968,250,4.597278411180581
Water transport services,Wood Products Manufacturing (excl. Furniture),0,0,0,0,0,0
Air transport services,Wood Products Manufacturing (excl. Furniture),0,0,0,0,0,0
Warehousing services,Wood Products Manufacturing (excl. Furniture),0,0,0,0,0,0
Postal and courier services,Wood Products Manufacturing (excl. Furniture),0,0,84,1.5446855461566753,84,1.5446855461566753
Accommodation services,Wood Products Manufacturing (excl. Furniture),0,0,0,0,0,0
Food and beverage services,Wood Products Manufacturing (excl. Furniture),0,0,46,0.8458992276572269,46,0.8458992276572269
Publishing services,Wood Products Manufacturing (excl. Furniture),0,0,0,0,0,0
Media Production services,Wood Products Manufacturing (excl. Furniture),0,0,0,0,0,0
Telecommunications services,Wood Products Manufacturing (excl. Furniture),0,0,18,0.33100404560500185,18,0.33100404560500185
Computer programming services,Wood Products Manufacturing (excl. Furniture),4,0.073556455,36,0.6620080912100037,40,0.735564546
Information services,Wood Products Manufacturing (excl. Furniture),0,0,0,0,0,0
Financial services (excl. insurance and pensions),Wood Products Manufacturing (excl. Furniture),17,0.3126149319602795,149,2.7399779330636265,166,3.052592865023906
Insurance and pension services,Wood Products Manufacturing (excl. Furniture),0,0,38,0.6987863184994484,38,0.6987863184994484
Auxiliary financial services,Wood Products Manufacturing (excl. Furniture),0,0,0,0,0,0
Real estate services,Wood Products Manufacturing (excl. Furniture),0,0,0,0,0,0
Owner-occupier housing services,Wood Products Manufacturing (excl. Furniture),0,0,0,0,0,0
Other real estate services,Wood Products Manufacturing (excl. Furniture),0,0,17,0.3126149319602795,17,0.3126149319602795
Legal services,Wood Products Manufacturing (excl. Furniture),0,0,23,0.42294961382861346,23,0.42294961382861346
Accounting and tax services,Wood Products Manufacturing (excl. Furniture),1,0.018389113644722326,128,2.3538065465244578,129,2.3721956601691803
Management consulting services,Wood Products Manufacturing (excl. Furniture),0,0,0,0,0,0
Architectural and engineering services,Wood Products Manufacturing (excl. Furniture),0,0,29,0.5332842956969475,29,0.5332842956969475
Scientific research and development services,Wood Products Manufacturing (excl. Furniture),0,0,0,0,0,0
Advertising and market research services,Wood Products Manufacturing (excl. Furniture),2,0.036778227,18,0.33100404560500185,20,0.3677822728944465
Other scientific and technical services,Wood Products Manufacturing (excl. Furniture),0,0,4,0.073556455,4,0.073556455
Veterinary services,Wood Products Manufacturing (excl. Furniture),0,0,0,0,0,0
Rental and leasing services,Wood Products Manufacturing (excl. Furniture),1,0.018389113644722326,47,0.8642883413019492,48,0.8826774549466715
Employment services,Wood Products Manufacturing (excl. Furniture),1,0.018389113644722326,85,1.5630746598013976,86,1.5814637734461199
Travel services,Wood Products Manufacturing (excl. Furniture),0,0,0,0,0,0
Security services,Wood Products Manufacturing (excl. Furniture),0,0,0,0,0,0
Building and landscape services,Wood Products Manufacturing (excl. Furniture),0,0,0,0,0,0
Office support services,Wood Products Manufacturing (excl. Furniture),0,0,0,0,0,0
Public administration services (including defence),Wood Products Manufacturing (excl. Furniture),0,0,4,0.073556455,4,0.073556455
Education services,Wood Products Manufacturing (excl. Furniture),0,0,0,0,0,0
Health services,Wood Products Manufacturing (excl. Furniture),0,0,0,0,0,0
Residential and social care services,Wood Products Manufacturing (excl. Furniture),0,0,0,0,0,0
Arts and entertainment services,Wood Products Manufacturing (excl. Furniture),0,0,0,0,0,0
Libraries and other cultural services,Wood Products Manufacturing (excl. Furniture),0,0,0,0,0,0
Gambling services,Wood Products Manufacturing (excl. Furniture),0,0,0,0,0,0
Sports and recreation services,Wood Products Manufacturing (excl. Furniture),0,0,0,0,0,0
Membership services,Wood Products Manufacturing (excl. Furniture),0,0,0,0,0,0
Computer repair services,Wood Products Manufacturing (excl. Furniture),0,0,0,0,0,0
Other personal services,Wood Products Manufacturing (excl. Furniture),0,0,0,0,0,0
Agriculture products,Paper Products Manufacturing,16,0.2343635564669694,2,0.029295444558371176,18,0.26365900102534057
Forestry products,Paper Products Manufacturing,3,0.043943167,200,2.9295444558371173,203,2.973487622674674
Fishing products,Paper Products Manufacturing,0,0,0,0,0,0
Coal and lignite,Paper Products Manufacturing,0,0,0,0,0,0
"Petroleum, natural gas and mining of metal ores",Paper Products Manufacturing,0,0,0,0,0,0
Other mining products,Paper Products Manufacturing,0,0,0,0,0,0
Mining support services,Paper Products Manufacturing,0,0,0,0,0,0
Meat and preserved meat products,Paper Products Manufacturing,0,0,5,0.073238611,5,0.073238611
"Fish, seafood, fruit and vegetables",Paper Products Manufacturing,1,0.014647722279185588,3,0.043943167,4,0.058590889116742345
Oils and fats,Paper Products Manufacturing,0,0,0,0,0,0
Dairy products,Paper Products Manufacturing,0,0,5,0.073238611,5,0.073238611
Grain mill and starch products,Paper Products Manufacturing,21,0.30760216786289735,9,0.13182950051267028,30,0.43943166837556763
Bakery products,Paper Products Manufacturing,0,0,6,0.087886334,6,0.087886334
Other food products,Paper Products Manufacturing,5,0.073238611,0,0,5,0.073238611
Animal feeds,Paper Products Manufacturing,0,0,0,0,0,0
Alcoholic beverages and tobacco,Paper Products Manufacturing,0,0,0,0,0,0
Soft drinks,Paper Products Manufacturing,0,0,0,0,0,0
Textiles,Paper Products Manufacturing,9,0.13182950051267028,0,0,9,0.13182950051267028
Clothing,Paper Products Manufacturing,0,0,0,0,0,0
Leather products,Paper Products Manufacturing,0,0,0,0,0,0
Wood products (excl. furniture),Paper Products Manufacturing,54,0.7909770030760217,333,4.877691518968801,387,5.668668522044823
Paper products,Paper Products Manufacturing,1651,24.183389482935404,1,0.014647722279185588,1652,24.19803720521459
Printing and recording services,Paper Products Manufacturing,1,0.014647722279185588,3,0.043943167,4,0.058590889116742345
Coke and refined petroleum products,Paper Products Manufacturing,0,0,24,0.35154533470045407,24,0.35154533470045407
Paints and coatings,Paper Products Manufacturing,46,0.673795225,145,2.1239197304819104,191,2.797714955324447
Soap and detergents,Paper Products Manufacturing,0,0,0,0,0,0
Other chemical products,Paper Products Manufacturing,241,3.530101069283726,0,0,241,3.530101069283726
Industrial gases and fertilizers,Paper Products Manufacturing,5,0.073238611,3,0.043943167,8,0.11718177823348469
Petrochemicals,Paper Products Manufacturing,24,0.35154533470045407,19,0.27830672330452616,43,0.6298520580049802
Dyestuffs and agro-chemicals,Paper Products Manufacturing,14,0.20506811190859822,15,0.2197158341877838,29,0.42478394609638204
Pharmaceutical products,Paper Products Manufacturing,0,0,0,0,0,0
Rubber and plastic products,Paper Products Manufacturing,420,6.152043357257946,300,4.394316683755676,720,10.546360041013621
Cement and concrete products,Paper Products Manufacturing,0,0,0,0,0,0
"Glass, ceramic and stone products",Paper Products Manufacturing,0,0,0,0,0,0
Basic iron and steel,Paper Products Manufacturing,0,0,0,0,0,0
Other basic metals and casting,Paper Products Manufacturing,0,0,0,0,0,0
Weapons and ammunition,Paper Products Manufacturing,0,0,0,0,0,0
Other fabricated metal products,Paper Products Manufacturing,13,0.19042038962941263,51,0.7470338362384649,64,0.9374542258678775
Computer and electronic products,Paper Products Manufacturing,3,0.043943167,15,0.2197158341877838,18,0.26365900102534057
Electrical equipment,Paper Products Manufacturing,0,0,0,0,0,0
Other machinery and equipment,Paper Products Manufacturing,92,1.347590449685074,112,1.6405448952687858,204,2.988135345
Motor vehicles,Paper Products Manufacturing,0,0,0,0,0,0
Ships and boats,Paper Products Manufacturing,0,0,0,0,0,0
Aircraft and spacecraft products,Paper Products Manufacturing,0,0,0,0,0,0
Other Transport Equipment,Paper Products Manufacturing,0,0,0,0,0,0
Furniture,Paper Products Manufacturing,0,0,0,0,0,0
Other manufactured goods,Paper Products Manufacturing,1,0.014647722279185588,0,0,1,0.014647722279185588
Ship and boat repair and maintenance,Paper Products Manufacturing,0,0,0,0,0,0
Air and spacecraft repair and maintenance,Paper Products Manufacturing,0,0,0,0,0,0
Other repair services,Paper Products Manufacturing,2,0.029295444558371176,55,0.8056247253552072,57,0.8349201699135784
Electricity services,Paper Products Manufacturing,1,0.014647722279185588,211,3.090669400908159,212,3.105317123187344
"Mains gas, steam and air conditioning services",Paper Products Manufacturing,1,0.014647722279185588,141,2.065328841365168,142,2.0799765636443532
Water services,Paper Products Manufacturing,0,0,38,0.5566134466090523,38,0.5566134466090523
Sewerage services,Paper Products Manufacturing,0,0,17,0.24901127874615495,17,0.24901127874615495
Waste collection and treatment services,Paper Products Manufacturing,12,0.17577266735022704,56,0.8202724476343929,68,0.9960451149846199
Remediation and waste management services,Paper Products Manufacturing,0,0,0,0,0,0
Construction services,Paper Products Manufacturing,0,0,0,0,0,0
Motor vehicle trade services,Paper Products Manufacturing,0,0,12,0.17577266735022704,12,0.17577266735022704
Wholesale trade services,Paper Products Manufacturing,0,0,987,14.457301889556174,987,14.457301889556174
Retail trade services,Paper Products Manufacturing,0,0,160,2.343635564669694,160,2.343635564669694
Rail transport services,Paper Products Manufacturing,0,0,0,0,0,0
Land transport services,Paper Products Manufacturing,45,0.6591475025633514,352,5.155998242273326,397,5.815145744836678
Water transport services,Paper Products Manufacturing,0,0,0,0,0,0
Air transport services,Paper Products Manufacturing,0,0,0,0,0,0
Warehousing services,Paper Products Manufacturing,4,0.058590889,11,0.16112494507104144,15,0.2197158341877838
Postal and courier services,Paper Products Manufacturing,2,0.029295444558371176,62,0.9081587813095063,64,0.9374542258678775
Accommodation services,Paper Products Manufacturing,0,0,0,0,0,0
Food and beverage services,Paper Products Manufacturing,1,0.014647722279185588,10,0.14647722279185588,11,0.16112494507104147
Publishing services,Paper Products Manufacturing,1,0.014647722279185588,2,0.029295444558371176,3,0.043943166837556766
Media Production services,Paper Products Manufacturing,0,0,0,0,0,0
Telecommunications services,Paper Products Manufacturing,2,0.029295444558371176,20,0.29295444558371175,22,0.32224989014208294
Computer programming services,Paper Products Manufacturing,10,0.14647722279185588,63,0.9228065035886919,73,1.0692837263805477
Information services,Paper Products Manufacturing,0,0,0,0,0,0
Financial services (excl. insurance and pensions),Paper Products Manufacturing,22,0.3222498901420829,194,2.841658122162004,216,3.163908012304087
Insurance and pension services,Paper Products Manufacturing,0,0,49,0.7177383916800937,49,0.7177383916800937
Auxiliary financial services,Paper Products Manufacturing,1,0.014647722279185588,3,0.043943167,4,0.058590889116742345
Real estate services,Paper Products Manufacturing,0,0,0,0,0,0
Owner-occupier housing services,Paper Products Manufacturing,0,0,0,0,0,0
Other real estate services,Paper Products Manufacturing,0,0,88,1.2889995605683315,88,1.2889995605683315
Legal services,Paper Products Manufacturing,0,0,36,0.5273180020506811,36,0.5273180020506811
Accounting and tax services,Paper Products Manufacturing,1,0.014647722279185588,44,0.6444997802841658,45,0.6591475025633513
Management consulting services,Paper Products Manufacturing,51,0.7470338362384649,4,0.058590889,55,0.8056247253552072
Architectural and engineering services,Paper Products Manufacturing,1,0.014647722279185588,5,0.073238611,6,0.087886334
Scientific research and development services,Paper Products Manufacturing,0,0,0,0,0,0
Advertising and market research services,Paper Products Manufacturing,3,0.043943167,45,0.6591475025633514,48,0.7030906694009081
Other scientific and technical services,Paper Products Manufacturing,0,0,4,0.058590889,4,0.058590889
Veterinary services,Paper Products Manufacturing,0,0,0,0,0,0
Rental and leasing services,Paper Products Manufacturing,2,0.029295444558371176,51,0.7470338362384649,53,0.776329281
Employment services,Paper Products Manufacturing,5,0.073238611,58,0.849567892,63,0.9228065035886919
Travel services,Paper Products Manufacturing,0,0,0,0,0,0
Security services,Paper Products Manufacturing,0,0,0,0,0,0
Building and landscape services,Paper Products Manufacturing,0,0,0,0,0,0
Office support services,Paper Products Manufacturing,0,0,0,0,0,0
Public administration services (including defence),Paper Products Manufacturing,0,0,11,0.16112494507104144,11,0.16112494507104144
Education services,Paper Products Manufacturing,0,0,0,0,0,0
Health services,Paper Products Manufacturing,0,0,0,0,0,0
Residential and social care services,Paper Products Manufacturing,0,0,0,0,0,0
Arts and entertainment services,Paper Products Manufacturing,0,0,0,0,0,0
Libraries and other cultural services,Paper Products Manufacturing,0,0,0,0,0,0
Gambling services,Paper Products Manufacturing,0,0,0,0,0,0
Sports and recreation services,Paper Products Manufacturing,0,0,0,0,0,0
Membership services,Paper Products Manufacturing,0,0,0,0,0,0
Computer repair services,Paper Products Manufacturing,0,0,0,0,0,0
Other personal services,Paper Products Manufacturing,0,0,0,0,0,0
Agriculture products,Printing and Recorded Media Production,0,0,0,0,0,0
Forestry products,Printing and Recorded Media Production,0,0,0,0,0,0
Fishing products,Printing and Recorded Media Production,0,0,0,0,0,0
Coal and lignite,Printing and Recorded Media Production,0,0,0,0,0,0
"Petroleum, natural gas and mining of metal ores",Printing and Recorded Media Production,0,0,0,0,0,0
Other mining products,Printing and Recorded Media Production,0,0,0,0,0,0
Mining support services,Printing and Recorded Media Production,0,0,0,0,0,0
Meat and preserved meat products,Printing and Recorded Media Production,0,0,3,0.058719906,3,0.058719906
"Fish, seafood, fruit and vegetables",Printing and Recorded Media Production,0,0,2,0.039146604,2,0.039146604
Oils and fats,Printing and Recorded Media Production,0,0,0,0,0,0
Dairy products,Printing and Recorded Media Production,0,0,3,0.058719906,3,0.058719906
Grain mill and starch products,Printing and Recorded Media Production,0,0,0,0,0,0
Bakery products,Printing and Recorded Media Production,0,0,3,0.058719906,3,0.058719906
Other food products,Printing and Recorded Media Production,0,0,3,0.058719906,3,0.058719906
Animal feeds,Printing and Recorded Media Production,0,0,0,0,0,0
Alcoholic beverages and tobacco,Printing and Recorded Media Production,0,0,0,0,0,0
Soft drinks,Printing and Recorded Media Production,0,0,0,0,0,0
Textiles,Printing and Recorded Media Production,1,0.019573302016050106,0,0,1,0.019573302016050106
Clothing,Printing and Recorded Media Production,0,0,0,0,0,0
Leather products,Printing and Recorded Media Production,0,0,0,0,0,0
Wood products (excl. furniture),Printing and Recorded Media Production,0,0,0,0,0,0
Paper products,Printing and Recorded Media Production,979,19.162262673713055,1,0.019573302016050106,980,19.181835975729104
Printing and recording services,Printing and Recorded Media Production,3,0.058719906,709,13.877471129379526,712,13.936191035427676
Coke and refined petroleum products,Printing and Recorded Media Production,0,0,5,0.09786651,5,0.09786651
Paints and coatings,Printing and Recorded Media Production,143,2.7989821882951653,0,0,143,2.7989821882951653
Soap and detergents,Printing and Recorded Media Production,0,0,0,0,0,0
Other chemical products,Printing and Recorded Media Production,53,1.0373850068506556,35,0.6850655705617538,88,1.7224505774124093
Industrial gases and fertilizers,Printing and Recorded Media Production,0,0,0,0,0,0
Petrochemicals,Printing and Recorded Media Production,0,0,0,0,0,0
Dyestuffs and agro-chemicals,Printing and Recorded Media Production,0,0,0,0,0,0
Pharmaceutical products,Printing and Recorded Media Production,0,0,0,0,0,0
Rubber and plastic products,Printing and Recorded Media Production,202,3.953807007242122,228,4.462712859659425,430,8.416519866901547
Cement and concrete products,Printing and Recorded Media Production,0,0,0,0,0,0
"Glass, ceramic and stone products",Printing and Recorded Media Production,0,0,0,0,0,0
Basic iron and steel,Printing and Recorded Media Production,0,0,0,0,0,0
Other basic metals and casting,Printing and Recorded Media Production,0,0,0,0,0,0
Weapons and ammunition,Printing and Recorded Media Production,0,0,0,0,0,0
Other fabricated metal products,Printing and Recorded Media Production,8,0.15658641612840085,74,1.448424349187708,82,1.6050107653161088
Computer and electronic products,Printing and Recorded Media Production,44,0.8612252887062047,76,1.4875709532198083,120,2.348796241926013
Electrical equipment,Printing and Recorded Media Production,0,0,0,0,0,0
Other machinery and equipment,Printing and Recorded Media Production,14,0.2740262282247015,393,7.6923076923076925,407,7.966333920532394
Motor vehicles,Printing and Recorded Media Production,0,0,0,0,0,0
Ships and boats,Printing and Recorded Media Production,0,0,0,0,0,0
Aircraft and spacecraft products,Printing and Recorded Media Production,0,0,0,0,0,0
Other Transport Equipment,Printing and Recorded Media Production,0,0,0,0,0,0
Furniture,Printing and Recorded Media Production,0,0,0,0,0,0
Other manufactured goods,Printing and Recorded Media Production,3,0.058719906,4,0.078293208,7,0.13701311411235073
Ship and boat repair and maintenance,Printing and Recorded Media Production,0,0,0,0,0,0
Air and spacecraft repair and maintenance,Printing and Recorded Media Production,0,0,0,0,0,0
Other repair services,Printing and Recorded Media Production,1,0.019573302016050106,132,2.583675866118614,133,2.6032491681346643
Electricity services,Printing and Recorded Media Production,0,0,173,3.3861812487766687,173,3.3861812487766687
"Mains gas, steam and air conditioning services",Printing and Recorded Media Production,0,0,31,0.6067723624975534,31,0.6067723624975534
Water services,Printing and Recorded Media Production,0,0,62,1.2135447249951068,62,1.2135447249951068
Sewerage services,Printing and Recorded Media Production,0,0,2,0.039146604,2,0.039146604
Waste collection and treatment services,Printing and Recorded Media Production,1,0.019573302016050106,51,0.9982384028185555,52,1.0178117048346056
Remediation and waste management services,Printing and Recorded Media Production,0,0,0,0,0,0
Construction services,Printing and Recorded Media Production,0,0,0,0,0,0
Motor vehicle trade services,Printing and Recorded Media Production,0,0,17,0.3327461342728518,17,0.3327461342728518
Wholesale trade services,Printing and Recorded Media Production,0,0,615,12.037580739870817,615,12.037580739870817
Retail trade services,Printing and Recorded Media Production,0,0,106,2.074770013701311,106,2.074770013701311
Rail transport services,Printing and Recorded Media Production,0,0,0,0,0,0
Land transport services,Printing and Recorded Media Production,17,0.3327461342728518,156,3.0534351145038165,173,3.3861812487766683
Water transport services,Printing and Recorded Media Production,1,0.019573302016050106,0,0,1,0.019573302016050106
Air transport services,Printing and Recorded Media Production,0,0,0,0,0,0
Warehousing services,Printing and Recorded Media Production,0,0,0,0,0,0
Postal and courier services,Printing and Recorded Media Production,1,0.019573302016050106,55,1.0765316108827558,56,1.0961049128988058
Accommodation services,Printing and Recorded Media Production,0,0,0,0,0,0
Food and beverage services,Printing and Recorded Media Production,0,0,0,0,0,0
Publishing services,Printing and Recorded Media Production,10,0.19573302016050106,0,0,10,0.19573302016050106
Media Production services,Printing and Recorded Media Production,0,0,0,0,0,0
Telecommunications services,Printing and Recorded Media Production,1,0.019573302016050106,53,1.0373850068506556,54,1.0569583088667056
Computer programming services,Printing and Recorded Media Production,4,0.078293208,80,1.5658641612840085,84,1.644157369348209
Information services,Printing and Recorded Media Production,1,0.019573302016050106,18,0.35231943628890194,19,0.37189273830495206
Financial services (excl. insurance and pensions),Printing and Recorded Media Production,9,0.17615971814445097,107,2.0943433157173614,116,2.2705030338618126
Insurance and pension services,Printing and Recorded Media Production,0,0,31,0.6067723624975534,31,0.6067723624975534
Auxiliary financial services,Printing and Recorded Media Production,0,0,8,0.15658641612840085,8,0.15658641612840085
Real estate services,Printing and Recorded Media Production,0,0,0,0,0,0
Owner-occupier housing services,Printing and Recorded Media Production,0,0,0,0,0,0
Other real estate services,Printing and Recorded Media Production,0,0,61,1.1939714229790566,61,1.1939714229790566
Legal services,Printing and Recorded Media Production,1,0.019573302016050106,10,0.19573302016050106,11,0.21530632217655116
Accounting and tax services,Printing and Recorded Media Production,2,0.039146604,36,0.7046388725778039,38,0.7437854766099041
Management consulting services,Printing and Recorded Media Production,6,0.11743981209630064,38,0.7437854766099041,44,0.8612252887062047
Architectural and engineering services,Printing and Recorded Media Production,0,0,0,0,0,0
Scientific research and development services,Printing and Recorded Media Production,0,0,0,0,0,0
Advertising and market research services,Printing and Recorded Media Production,2,0.039146604,73,1.4288510471716578,75,1.467997651203758
Other scientific and technical services,Printing and Recorded Media Production,0,0,41,0.8025053826580544,41,0.8025053826580544
Veterinary services,Printing and Recorded Media Production,0,0,0,0,0,0
Rental and leasing services,Printing and Recorded Media Production,5,0.09786651,18,0.35231943628890194,23,0.4501859463691525
Employment services,Printing and Recorded Media Production,3,0.058719906,81,1.5854374633000587,84,1.644157369348209
Travel services,Printing and Recorded Media Production,0,0,0,0,0,0
Security services,Printing and Recorded Media Production,0,0,0,0,0,0
Building and landscape services,Printing and Recorded Media Production,0,0,0,0,0,0
Office support services,Printing and Recorded Media Production,0,0,0,0,0,0
Public administration services (including defence),Printing and Recorded Media Production,0,0,0,0,0,0
Education services,Printing and Recorded Media Production,0,0,0,0,0,0
Health services,Printing and Recorded Media Production,0,0,0,0,0,0
Residential and social care services,Printing and Recorded Media Production,0,0,0,0,0,0
Arts and entertainment services,Printing and Recorded Media Production,0,0,0,0,0,0
Libraries and other cultural services,Printing and Recorded Media Production,0,0,0,0,0,0
Gambling services,Printing and Recorded Media Production,0,0,0,0,0,0
Sports and recreation services,Printing and Recorded Media Production,0,0,0,0,0,0
Membership services,Printing and Recorded Media Production,0,0,0,0,0,0
Computer repair services,Printing and Recorded Media Production,0,0,0,0,0,0
Other personal services,Printing and Recorded Media Production,0,0,0,0,0,0
Agriculture products,Coke and Refined Petroleum Products Manufacturing,0,0,0,0,0,0
Forestry products,Coke and Refined Petroleum Products Manufacturing,0,0,0,0,0,0
Fishing products,Coke and Refined Petroleum Products Manufacturing,0,0,0,0,0,0
Coal and lignite,Coke and Refined Petroleum Products Manufacturing,4,0.024752475247524754,0,0,4,0.024752475247524754
"Petroleum, natural gas and mining of metal ores",Coke and Refined Petroleum Products Manufacturing,11791,72.96410891089108,741,4.58539604,12532,77.54950495049505
Other mining products,Coke and Refined Petroleum Products Manufacturing,0,0,0,0,0,0
Mining support services,Coke and Refined Petroleum Products Manufacturing,0,0,0,0,0,0
Meat and preserved meat products,Coke and Refined Petroleum Products Manufacturing,0,0,3,0.018564356435643563,3,0.018564356435643563
"Fish, seafood, fruit and vegetables",Coke and Refined Petroleum Products Manufacturing,0,0,2,0.012376237623762377,2,0.012376237623762377
Oils and fats,Coke and Refined Petroleum Products Manufacturing,1,0.006188119,0,0,1,0.006188119
Dairy products,Coke and Refined Petroleum Products Manufacturing,0,0,2,0.012376237623762377,2,0.012376237623762377
Grain mill and starch products,Coke and Refined Petroleum Products Manufacturing,0,0,0,0,0,0
Bakery products,Coke and Refined Petroleum Products Manufacturing,0,0,3,0.018564356435643563,3,0.018564356435643563
Other food products,Coke and Refined Petroleum Products Manufacturing,1,0.006188119,1,0.006188119,2,0.012376237623762377
Animal feeds,Coke and Refined Petroleum Products Manufacturing,0,0,0,0,0,0
Alcoholic beverages and tobacco,Coke and Refined Petroleum Products Manufacturing,0,0,0,0,0,0
Soft drinks,Coke and Refined Petroleum Products Manufacturing,0,0,0,0,0,0
Textiles,Coke and Refined Petroleum Products Manufacturing,0,0,0,0,0,0
Clothing,Coke and Refined Petroleum Products Manufacturing,0,0,0,0,0,0
Leather products,Coke and Refined Petroleum Products Manufacturing,0,0,0,0,0,0
Wood products (excl. furniture),Coke and Refined Petroleum Products Manufacturing,0,0,0,0,0,0
Paper products,Coke and Refined Petroleum Products Manufacturing,3,0.018564356435643563,2,0.012376237623762377,5,0.030940594
Printing and recording services,Coke and Refined Petroleum Products Manufacturing,0,0,0,0,0,0
Coke and refined petroleum products,Coke and Refined Petroleum Products Manufacturing,0,0,730,4.517326732673268,730,4.517326732673268
Paints and coatings,Coke and Refined Petroleum Products Manufacturing,0,0,0,0,0,0
Soap and detergents,Coke and Refined Petroleum Products Manufacturing,0,0,0,0,0,0
Other chemical products,Coke and Refined Petroleum Products Manufacturing,90,0.5569306930693069,0,0,90,0.5569306930693069
Industrial gases and fertilizers,Coke and Refined Petroleum Products Manufacturing,0,0,0,0,0,0
Petrochemicals,Coke and Refined Petroleum Products Manufacturing,200,1.2376237623762376,162,1.0024752475247525,362,2.24009901
Dyestuffs and agro-chemicals,Coke and Refined Petroleum Products Manufacturing,0,0,0,0,0,0
Pharmaceutical products,Coke and Refined Petroleum Products Manufacturing,0,0,0,0,0,0
Rubber and plastic products,Coke and Refined Petroleum Products Manufacturing,5,0.030940594,0,0,5,0.030940594
Cement and concrete products,Coke and Refined Petroleum Products Manufacturing,0,0,0,0,0,0
"Glass, ceramic and stone products",Coke and Refined Petroleum Products Manufacturing,0,0,0,0,0,0
Basic iron and steel,Coke and Refined Petroleum Products Manufacturing,1,0.006188119,0,0,1,0.006188119
Other basic metals and casting,Coke and Refined Petroleum Products Manufacturing,0,0,0,0,0,0
Weapons and ammunition,Coke and Refined Petroleum Products Manufacturing,0,0,0,0,0,0
Other fabricated metal products,Coke and Refined Petroleum Products Manufacturing,2,0.012376237623762377,1,0.006188119,3,0.018564356435643567
Computer and electronic products,Coke and Refined Petroleum Products Manufacturing,2,0.012376237623762377,2,0.012376237623762377,4,0.024752475247524754
Electrical equipment,Coke and Refined Petroleum Products Manufacturing,0,0,0,0,0,0
Other machinery and equipment,Coke and Refined Petroleum Products Manufacturing,17,0.10519801980198021,45,0.27846534653465344,62,0.38366336633663367
Motor vehicles,Coke and Refined Petroleum Products Manufacturing,0,0,0,0,0,0
Ships and boats,Coke and Refined Petroleum Products Manufacturing,0,0,0,0,0,0
Aircraft and spacecraft products,Coke and Refined Petroleum Products Manufacturing,0,0,0,0,0,0
Other Transport Equipment,Coke and Refined Petroleum Products Manufacturing,0,0,0,0,0,0
Furniture,Coke and Refined Petroleum Products Manufacturing,0,0,0,0,0,0
Other manufactured goods,Coke and Refined Petroleum Products Manufacturing,1,0.006188119,0,0,1,0.006188119
Ship and boat repair and maintenance,Coke and Refined Petroleum Products Manufacturing,0,0,0,0,0,0
Air and spacecraft repair and maintenance,Coke and Refined Petroleum Products Manufacturing,0,0,0,0,0,0
Other repair services,Coke and Refined Petroleum Products Manufacturing,0,0,145,0.8972772277227722,145,0.8972772277227722
Electricity services,Coke and Refined Petroleum Products Manufacturing,0,0,292,1.8069306930693068,292,1.8069306930693068
"Mains gas, steam and air conditioning services",Coke and Refined Petroleum Products Manufacturing,1,0.006188119,8,0.04950495,9,0.055693069306930694
Water services,Coke and Refined Petroleum Products Manufacturing,0,0,29,0.17945544554455448,29,0.17945544554455448
Sewerage services,Coke and Refined Petroleum Products Manufacturing,0,0,5,0.030940594,5,0.030940594
Waste collection and treatment services,Coke and Refined Petroleum Products Manufacturing,1,0.006188119,42,0.2599009900990099,43,0.2660891089108911
Remediation and waste management services,Coke and Refined Petroleum Products Manufacturing,0,0,0,0,0,0
Construction services,Coke and Refined Petroleum Products Manufacturing,0,0,331,2.0482673267326734,331,2.0482673267326734
Motor vehicle trade services,Coke and Refined Petroleum Products Manufacturing,0,0,2,0.012376237623762377,2,0.012376237623762377
Wholesale trade services,Coke and Refined Petroleum Products Manufacturing,0,0,300,1.8564356435643563,300,1.8564356435643563
Retail trade services,Coke and Refined Petroleum Products Manufacturing,0,0,26,0.1608910891089109,26,0.1608910891089109
Rail transport services,Coke and Refined Petroleum Products Manufacturing,0,0,0,0,0,0
Land transport services,Coke and Refined Petroleum Products Manufacturing,11,0.068069307,86,0.5321782178217822,97,0.6002475247524752
Water transport services,Coke and Refined Petroleum Products Manufacturing,63,0.38985148514851486,41,0.2537128712871287,104,0.6435643564356436
Air transport services,Coke and Refined Petroleum Products Manufacturing,0,0,0,0,0,0
Warehousing services,Coke and Refined Petroleum Products Manufacturing,0,0,0,0,0,0
Postal and courier services,Coke and Refined Petroleum Products Manufacturing,0,0,2,0.012376237623762377,2,0.012376237623762377
Accommodation services,Coke and Refined Petroleum Products Manufacturing,0,0,0,0,0,0
Food and beverage services,Coke and Refined Petroleum Products Manufacturing,1,0.006188119,0,0,1,0.006188119
Publishing services,Coke and Refined Petroleum Products Manufacturing,0,0,0,0,0,0
Media Production services,Coke and Refined Petroleum Products Manufacturing,0,0,0,0,0,0
Telecommunications services,Coke and Refined Petroleum Products Manufacturing,0,0,12,0.074257426,12,0.074257426
Computer programming services,Coke and Refined Petroleum Products Manufacturing,13,0.080445545,0,0,13,0.080445545
Information services,Coke and Refined Petroleum Products Manufacturing,0,0,0,0,0,0
Financial services (excl. insurance and pensions),Coke and Refined Petroleum Products Manufacturing,62,0.38366336633663367,394,2.4381188118811883,456,2.821782178217822
Insurance and pension services,Coke and Refined Petroleum Products Manufacturing,0,0,117,0.7240099009900991,117,0.7240099009900991
Auxiliary financial services,Coke and Refined Petroleum Products Manufacturing,2,0.012376237623762377,70,0.4331683168316832,72,0.4455445544554456
Real estate services,Coke and Refined Petroleum Products Manufacturing,0,0,0,0,0,0
Owner-occupier housing services,Coke and Refined Petroleum Products Manufacturing,0,0,0,0,0,0
Other real estate services,Coke and Refined Petroleum Products Manufacturing,0,0,0,0,0,0
Legal services,Coke and Refined Petroleum Products Manufacturing,1,0.006188119,5,0.030940594,6,0.037128713
Accounting and tax services,Coke and Refined Petroleum Products Manufacturing,5,0.030940594,0,0,5,0.030940594
Management consulting services,Coke and Refined Petroleum Products Manufacturing,0,0,0,0,0,0
Architectural and engineering services,Coke and Refined Petroleum Products Manufacturing,28,0.17326732673267328,145,0.8972772277227722,173,1.0705445544554455
Scientific research and development services,Coke and Refined Petroleum Products Manufacturing,0,0,0,0,0,0
Advertising and market research services,Coke and Refined Petroleum Products Manufacturing,0,0,10,0.061881188,10,0.061881188
Other scientific and technical services,Coke and Refined Petroleum Products Manufacturing,0,0,7,0.043316832,7,0.043316832
Veterinary services,Coke and Refined Petroleum Products Manufacturing,0,0,0,0,0,0
Rental and leasing services,Coke and Refined Petroleum Products Manufacturing,2,0.012376237623762377,15,0.092821782,17,0.1051980198019802
Employment services,Coke and Refined Petroleum Products Manufacturing,1,0.006188119,32,0.19801980198019803,33,0.20420792079207922
Travel services,Coke and Refined Petroleum Products Manufacturing,0,0,0,0,0,0
Security services,Coke and Refined Petroleum Products Manufacturing,0,0,0,0,0,0
Building and landscape services,Coke and Refined Petroleum Products Manufacturing,0,0,0,0,0,0
Office support services,Coke and Refined Petroleum Products Manufacturing,25,0.1547029702970297,0,0,25,0.1547029702970297
Public administration services (including defence),Coke and Refined Petroleum Products Manufacturing,0,0,16,0.099009901,16,0.099009901
Education services,Coke and Refined Petroleum Products Manufacturing,0,0,0,0,0,0
Health services,Coke and Refined Petroleum Products Manufacturing,0,0,0,0,0,0
Residential and social care services,Coke and Refined Petroleum Products Manufacturing,0,0,0,0,0,0
Arts and entertainment services,Coke and Refined Petroleum Products Manufacturing,0,0,0,0,0,0
Libraries and other cultural services,Coke and Refined Petroleum Products Manufacturing,0,0,0,0,0,0
Gambling services,Coke and Refined Petroleum Products Manufacturing,0,0,0,0,0,0
Sports and recreation services,Coke and Refined Petroleum Products Manufacturing,0,0,0,0,0,0
Membership services,Coke and Refined Petroleum Products Manufacturing,0,0,0,0,0,0
Computer repair services,Coke and Refined Petroleum Products Manufacturing,0,0,0,0,0,0
Other personal services,Coke and Refined Petroleum Products Manufacturing,0,0,0,0,0,0
Agriculture products,Paints and Coatings Manufacturing,0,0,0,0,0,0
Forestry products,Paints and Coatings Manufacturing,0,0,0,0,0,0
Fishing products,Paints and Coatings Manufacturing,0,0,0,0,0,0
Coal and lignite,Paints and Coatings Manufacturing,0,0,0,0,0,0
"Petroleum, natural gas and mining of metal ores",Paints and Coatings Manufacturing,0,0,0,0,0,0
Other mining products,Paints and Coatings Manufacturing,8,0.3708854891052387,50,2.3180343069077423,58,2.688919796012981
Mining support services,Paints and Coatings Manufacturing,0,0,0,0,0,0
Meat and preserved meat products,Paints and Coatings Manufacturing,0,0,2,0.092721372,2,0.092721372
"Fish, seafood, fruit and vegetables",Paints and Coatings Manufacturing,0,0,1,0.046360686,1,0.046360686
Oils and fats,Paints and Coatings Manufacturing,0,0,1,0.046360686,1,0.046360686
Dairy products,Paints and Coatings Manufacturing,0,0,1,0.046360686,1,0.046360686
Grain mill and starch products,Paints and Coatings Manufacturing,0,0,0,0,0,0
Bakery products,Paints and Coatings Manufacturing,0,0,1,0.046360686,1,0.046360686
Other food products,Paints and Coatings Manufacturing,0,0,0,0,0,0
Animal feeds,Paints and Coatings Manufacturing,0,0,0,0,0,0
Alcoholic beverages and tobacco,Paints and Coatings Manufacturing,0,0,0,0,0,0
Soft drinks,Paints and Coatings Manufacturing,0,0,0,0,0,0
Textiles,Paints and Coatings Manufacturing,0,0,0,0,0,0
Clothing,Paints and Coatings Manufacturing,0,0,0,0,0,0
Leather products,Paints and Coatings Manufacturing,0,0,0,0,0,0
Wood products (excl. furniture),Paints and Coatings Manufacturing,1,0.046360686,1,0.046360686,2,0.092721372
Paper products,Paints and Coatings Manufacturing,8,0.3708854891052387,0,0,8,0.3708854891052387
Printing and recording services,Paints and Coatings Manufacturing,0,0,0,0,0,0
Coke and refined petroleum products,Paints and Coatings Manufacturing,1,0.046360686,2,0.092721372,3,0.13908205841446453
Paints and coatings,Paints and Coatings Manufacturing,170,7.881316643486323,1,0.046360686,171,7.927677329624478
Soap and detergents,Paints and Coatings Manufacturing,0,0,0,0,0,0
Other chemical products,Paints and Coatings Manufacturing,42,1.9471488178025034,0,0,42,1.9471488178025034
Industrial gases and fertilizers,Paints and Coatings Manufacturing,18,0.8344923504867872,21,0.9735744089012517,39,1.8080667593880388
Petrochemicals,Paints and Coatings Manufacturing,315,14.603616133518777,256,11.868335651367639,571,26.471951784886414
Dyestuffs and agro-chemicals,Paints and Coatings Manufacturing,172,7.974038015762633,0,0,172,7.974038015762633
Pharmaceutical products,Paints and Coatings Manufacturing,0,0,0,0,0,0
Rubber and plastic products,Paints and Coatings Manufacturing,50,2.3180343069077423,0,0,50,2.3180343069077423
Cement and concrete products,Paints and Coatings Manufacturing,6,0.27816411682892905,8,0.3708854891052387,14,0.6490496059341677
"Glass, ceramic and stone products",Paints and Coatings Manufacturing,0,0,0,0,0,0
Basic iron and steel,Paints and Coatings Manufacturing,0,0,0,0,0,0
Other basic metals and casting,Paints and Coatings Manufacturing,0,0,0,0,0,0
Weapons and ammunition,Paints and Coatings Manufacturing,0,0,0,0,0,0
Other fabricated metal products,Paints and Coatings Manufacturing,9,0.4172461752433936,0,0,9,0.4172461752433936
Computer and electronic products,Paints and Coatings Manufacturing,4,0.18544274455261936,1,0.046360686,5,0.2318034306907742
Electrical equipment,Paints and Coatings Manufacturing,0,0,0,0,0,0
Other machinery and equipment,Paints and Coatings Manufacturing,9,0.4172461752433936,1,0.046360686,10,0.46360686138154844
Motor vehicles,Paints and Coatings Manufacturing,0,0,1,0.046360686,1,0.046360686
Ships and boats,Paints and Coatings Manufacturing,0,0,0,0,0,0
Aircraft and spacecraft products,Paints and Coatings Manufacturing,0,0,0,0,0,0
Other Transport Equipment,Paints and Coatings Manufacturing,0,0,0,0,0,0
Furniture,Paints and Coatings Manufacturing,0,0,0,0,0,0
Other manufactured goods,Paints and Coatings Manufacturing,1,0.046360686,0,0,1,0.046360686
Ship and boat repair and maintenance,Paints and Coatings Manufacturing,0,0,0,0,0,0
Air and spacecraft repair and maintenance,Paints and Coatings Manufacturing,0,0,0,0,0,0
Other repair services,Paints and Coatings Manufacturing,0,0,48,2.2253129346314324,48,2.2253129346314324
Electricity services,Paints and Coatings Manufacturing,0,0,28,1.2980992118683357,28,1.2980992118683357
"Mains gas, steam and air conditioning services",Paints and Coatings Manufacturing,0,0,6,0.27816411682892905,6,0.27816411682892905
Water services,Paints and Coatings Manufacturing,0,0,5,0.23180343069077425,5,0.23180343069077425
Sewerage services,Paints and Coatings Manufacturing,0,0,1,0.046360686,1,0.046360686
Waste collection and treatment services,Paints and Coatings Manufacturing,0,0,12,0.5563282336578581,12,0.5563282336578581
Remediation and waste management services,Paints and Coatings Manufacturing,0,0,0,0,0,0
Construction services,Paints and Coatings Manufacturing,0,0,3,0.13908205841446453,3,0.13908205841446453
Motor vehicle trade services,Paints and Coatings Manufacturing,0,0,0,0,0,0
Wholesale trade services,Paints and Coatings Manufacturing,1,0.046360686,300,13.908205841446453,301,13.954566527584607
Retail trade services,Paints and Coatings Manufacturing,0,0,44,2.039870190078813,44,2.039870190078813
Rail transport services,Paints and Coatings Manufacturing,0,0,0,0,0,0
Land transport services,Paints and Coatings Manufacturing,11,0.5099675475197033,111,5.1460361613351875,122,5.6560037088548905
Water transport services,Paints and Coatings Manufacturing,0,0,0,0,0,0
Air transport services,Paints and Coatings Manufacturing,0,0,0,0,0,0
Warehousing services,Paints and Coatings Manufacturing,1,0.046360686,9,0.4172461752433936,10,0.46360686138154844
Postal and courier services,Paints and Coatings Manufacturing,0,0,26,1.205377839592026,26,1.205377839592026
Accommodation services,Paints and Coatings Manufacturing,0,0,0,0,0,0
Food and beverage services,Paints and Coatings Manufacturing,1,0.046360686,20,0.927213723,21,0.9735744089012518
Publishing services,Paints and Coatings Manufacturing,1,0.046360686,0,0,1,0.046360686
Media Production services,Paints and Coatings Manufacturing,0,0,0,0,0,0
Telecommunications services,Paints and Coatings Manufacturing,0,0,5,0.23180343069077425,5,0.23180343069077425
Computer programming services,Paints and Coatings Manufacturing,2,0.092721372,30,1.3908205841446455,32,1.483541956420955
Information services,Paints and Coatings Manufacturing,0,0,0,0,0,0
Financial services (excl. insurance and pensions),Paints and Coatings Manufacturing,6,0.27816411682892905,76,3.523412146499768,82,3.801576263328697
Insurance and pension services,Paints and Coatings Manufacturing,0,0,12,0.5563282336578581,12,0.5563282336578581
Auxiliary financial services,Paints and Coatings Manufacturing,0,0,1,0.046360686,1,0.046360686
Real estate services,Paints and Coatings Manufacturing,0,0,0,0,0,0
Owner-occupier housing services,Paints and Coatings Manufacturing,0,0,0,0,0,0
Other real estate services,Paints and Coatings Manufacturing,0,0,0,0,0,0
Legal services,Paints and Coatings Manufacturing,2,0.092721372,22,1.0199350950394066,24,1.1126564673157162
Accounting and tax services,Paints and Coatings Manufacturing,3,0.13908205841446453,10,0.4636068613815485,13,0.60268892
Management consulting services,Paints and Coatings Manufacturing,36,1.6689847009735743,6,0.27816411682892905,42,1.9471488178025034
Architectural and engineering services,Paints and Coatings Manufacturing,1,0.046360686,2,0.092721372,3,0.13908205841446453
Scientific research and development services,Paints and Coatings Manufacturing,0,0,0,0,0,0
Advertising and market research services,Paints and Coatings Manufacturing,4,0.18544274455261936,51,2.364394993045897,55,2.549837737598516
Other scientific and technical services,Paints and Coatings Manufacturing,0,0,3,0.13908205841446453,3,0.13908205841446453
Veterinary services,Paints and Coatings Manufacturing,0,0,0,0,0,0
Rental and leasing services,Paints and Coatings Manufacturing,4,0.18544274455261936,22,1.0199350950394066,26,1.205377839592026
Employment services,Paints and Coatings Manufacturing,1,0.046360686,43,1.9935095039406583,44,2.039870190078813
Travel services,Paints and Coatings Manufacturing,0,0,0,0,0,0
Security services,Paints and Coatings Manufacturing,0,0,0,0,0,0
Building and landscape services,Paints and Coatings Manufacturing,0,0,0,0,0,0
Office support services,Paints and Coatings Manufacturing,1,0.046360686,0,0,1,0.046360686
Public administration services (including defence),Paints and Coatings Manufacturing,0,0,16,0.7417709782104774,16,0.7417709782104774
Education services,Paints and Coatings Manufacturing,0,0,7,0.3245248029670839,7,0.3245248029670839
Health services,Paints and Coatings Manufacturing,0,0,0,0,0,0
Residential and social care services,Paints and Coatings Manufacturing,0,0,0,0,0,0
Arts and entertainment services,Paints and Coatings Manufacturing,0,0,0,0,0,0
Libraries and other cultural services,Paints and Coatings Manufacturing,0,0,0,0,0,0
Gambling services,Paints and Coatings Manufacturing,0,0,0,0,0,0
Sports and recreation services,Paints and Coatings Manufacturing,0,0,0,0,0,0
Membership services,Paints and Coatings Manufacturing,1,0.046360686,0,0,1,0.046360686
Computer repair services,Paints and Coatings Manufacturing,0,0,0,0,0,0
Other personal services,Paints and Coatings Manufacturing,0,0,0,0,0,0
Agriculture products,Soap and Detergents Manufacturing,0,0,0,0,0,0
Forestry products,Soap and Detergents Manufacturing,0,0,0,0,0,0
Fishing products,Soap and Detergents Manufacturing,0,0,0,0,0,0
Coal and lignite,Soap and Detergents Manufacturing,0,0,0,0,0,0
"Petroleum, natural gas and mining of metal ores",Soap and Detergents Manufacturing,0,0,0,0,0,0
Other mining products,Soap and Detergents Manufacturing,0,0,0,0,0,0
Mining support services,Soap and Detergents Manufacturing,0,0,0,0,0,0
Meat and preserved meat products,Soap and Detergents Manufacturing,0,0,1,0.024588148512417016,1,0.024588148512417016
"Fish, seafood, fruit and vegetables",Soap and Detergents Manufacturing,0,0,2,0.049176297,2,0.049176297
Oils and fats,Soap and Detergents Manufacturing,29,0.7130563068600935,2,0.049176297,31,0.7622326038849275
Dairy products,Soap and Detergents Manufacturing,1,0.024588148512417016,0,0,1,0.024588148512417016
Grain mill and starch products,Soap and Detergents Manufacturing,0,0,0,0,0,0
Bakery products,Soap and Detergents Manufacturing,0,0,2,0.049176297,2,0.049176297
Other food products,Soap and Detergents Manufacturing,0,0,0,0,0,0
Animal feeds,Soap and Detergents Manufacturing,0,0,0,0,0,0
Alcoholic beverages and tobacco,Soap and Detergents Manufacturing,0,0,0,0,0,0
Soft drinks,Soap and Detergents Manufacturing,0,0,0,0,0,0
Textiles,Soap and Detergents Manufacturing,0,0,1,0.024588148512417016,1,0.024588148512417016
Clothing,Soap and Detergents Manufacturing,0,0,0,0,0,0
Leather products,Soap and Detergents Manufacturing,0,0,0,0,0,0
Wood products (excl. furniture),Soap and Detergents Manufacturing,0,0,0,0,0,0
Paper products,Soap and Detergents Manufacturing,105,2.5817555938037864,140,3.4423407917383817,245,6.024096385542168
Printing and recording services,Soap and Detergents Manufacturing,0,0,0,0,0,0
Coke and refined petroleum products,Soap and Detergents Manufacturing,3,0.073764446,0,0,3,0.073764446
Paints and coatings,Soap and Detergents Manufacturing,1,0.024588148512417016,0,0,1,0.024588148512417016
Soap and detergents,Soap and Detergents Manufacturing,134,3.2948119006638796,346,8.507499385296287,480,11.802311285960165
Other chemical products,Soap and Detergents Manufacturing,415,10.204081632653061,0,0,415,10.204081632653061
Industrial gases and fertilizers,Soap and Detergents Manufacturing,39,0.9589377919842635,13,0.3196459306614212,52,1.2785837226456849
Petrochemicals,Soap and Detergents Manufacturing,69,1.696582247356774,57,1.4015244652077699,126,3.098106712564544
Dyestuffs and agro-chemicals,Soap and Detergents Manufacturing,8,0.19670518809933613,0,0,8,0.19670518809933613
Pharmaceutical products,Soap and Detergents Manufacturing,21,0.5163511187607573,0,0,21,0.5163511187607573
Rubber and plastic products,Soap and Detergents Manufacturing,466,11.45807720678633,0,0,466,11.45807720678633
Cement and concrete products,Soap and Detergents Manufacturing,0,0,3,0.073764446,3,0.073764446
"Glass, ceramic and stone products",Soap and Detergents Manufacturing,30,0.7376444553725104,0,0,30,0.7376444553725104
Basic iron and steel,Soap and Detergents Manufacturing,0,0,0,0,0,0
Other basic metals and casting,Soap and Detergents Manufacturing,0,0,0,0,0,0
Weapons and ammunition,Soap and Detergents Manufacturing,0,0,0,0,0,0
Other fabricated metal products,Soap and Detergents Manufacturing,10,0.24588148512417013,115,2.827637078927957,125,3.0735185640521268
Computer and electronic products,Soap and Detergents Manufacturing,3,0.073764446,2,0.049176297,5,0.12294074256208506
Electrical equipment,Soap and Detergents Manufacturing,0,0,0,0,0,0
Other machinery and equipment,Soap and Detergents Manufacturing,1,0.024588148512417016,0,0,1,0.024588148512417016
Motor vehicles,Soap and Detergents Manufacturing,0,0,0,0,0,0
Ships and boats,Soap and Detergents Manufacturing,0,0,0,0,0,0
Aircraft and spacecraft products,Soap and Detergents Manufacturing,0,0,0,0,0,0
Other Transport Equipment,Soap and Detergents Manufacturing,0,0,0,0,0,0
Furniture,Soap and Detergents Manufacturing,0,0,0,0,0,0
Other manufactured goods,Soap and Detergents Manufacturing,4,0.098352594,0,0,4,0.098352594
Ship and boat repair and maintenance,Soap and Detergents Manufacturing,0,0,0,0,0,0
Air and spacecraft repair and maintenance,Soap and Detergents Manufacturing,0,0,0,0,0,0
Other repair services,Soap and Detergents Manufacturing,0,0,36,0.8851733464470126,36,0.8851733464470126
Electricity services,Soap and Detergents Manufacturing,0,0,46,1.1310548315711826,46,1.1310548315711826
"Mains gas, steam and air conditioning services",Soap and Detergents Manufacturing,0,0,13,0.3196459306614212,13,0.3196459306614212
Water services,Soap and Detergents Manufacturing,0,0,16,0.39341037619867225,16,0.39341037619867225
Sewerage services,Soap and Detergents Manufacturing,0,0,1,0.024588148512417016,1,0.024588148512417016
Waste collection and treatment services,Soap and Detergents Manufacturing,0,0,10,0.24588148512417013,10,0.24588148512417013
Remediation and waste management services,Soap and Detergents Manufacturing,0,0,0,0,0,0
Construction services,Soap and Detergents Manufacturing,0,0,0,0,0,0
Motor vehicle trade services,Soap and Detergents Manufacturing,0,0,3,0.073764446,3,0.073764446
Wholesale trade services,Soap and Detergents Manufacturing,0,0,639,15.711826899434472,639,15.711826899434472
Retail trade services,Soap and Detergents Manufacturing,0,0,199,4.893041553970986,199,4.893041553970986
Rail transport services,Soap and Detergents Manufacturing,0,0,1,0.024588148512417016,1,0.024588148512417016
Land transport services,Soap and Detergents Manufacturing,9,0.22129333661175316,75,1.8441111384312763,84,2.0654044750430294
Water transport services,Soap and Detergents Manufacturing,0,0,1,0.024588148512417016,1,0.024588148512417016
Air transport services,Soap and Detergents Manufacturing,0,0,0,0,0,0
Warehousing services,Soap and Detergents Manufacturing,1,0.024588148512417016,9,0.22129333661175316,10,0.24588148512417018
Postal and courier services,Soap and Detergents Manufacturing,0,0,110,2.704696336365872,110,2.704696336365872
Accommodation services,Soap and Detergents Manufacturing,0,0,0,0,0,0
Food and beverage services,Soap and Detergents Manufacturing,0,0,6,0.14752889107450207,6,0.14752889107450207
Publishing services,Soap and Detergents Manufacturing,2,0.049176297,1,0.024588148512417016,3,0.073764446
Media Production services,Soap and Detergents Manufacturing,0,0,0,0,0,0
Telecommunications services,Soap and Detergents Manufacturing,0,0,7,0.17211703958691912,7,0.17211703958691912
Computer programming services,Soap and Detergents Manufacturing,1,0.024588148512417016,22,0.5409392672731743,23,0.5655274157855913
Information services,Soap and Detergents Manufacturing,0,0,1,0.024588148512417016,1,0.024588148512417016
Financial services (excl. insurance and pensions),Soap and Detergents Manufacturing,3,0.073764446,92,2.262109663142365,95,2.335874108679616
Insurance and pension services,Soap and Detergents Manufacturing,0,0,24,0.5901155642980083,24,0.5901155642980083
Auxiliary financial services,Soap and Detergents Manufacturing,0,0,42,1.0327022375215147,42,1.0327022375215147
Real estate services,Soap and Detergents Manufacturing,0,0,0,0,0,0
Owner-occupier housing services,Soap and Detergents Manufacturing,0,0,0,0,0,0
Other real estate services,Soap and Detergents Manufacturing,0,0,1,0.024588148512417016,1,0.024588148512417016
Legal services,Soap and Detergents Manufacturing,0,0,43,1.0572903860339318,43,1.0572903860339318
Accounting and tax services,Soap and Detergents Manufacturing,0,0,43,1.0572903860339318,43,1.0572903860339318
Management consulting services,Soap and Detergents Manufacturing,22,0.5409392672731743,150,3.6882222768625526,172,4.229161544135727
Architectural and engineering services,Soap and Detergents Manufacturing,1,0.024588148512417016,32,0.7868207523973445,33,0.8114089009097615
Scientific research and development services,Soap and Detergents Manufacturing,0,0,0,0,0,0
Advertising and market research services,Soap and Detergents Manufacturing,7,0.17211703958691912,264,6.491271207278092,271,6.6633882468650105
Other scientific and technical services,Soap and Detergents Manufacturing,0,0,26,0.6392918613228424,26,0.6392918613228424
Veterinary services,Soap and Detergents Manufacturing,0,0,0,0,0,0
Rental and leasing services,Soap and Detergents Manufacturing,1,0.024588148512417016,18,0.4425866732235063,19,0.46717482173592334
Employment services,Soap and Detergents Manufacturing,4,0.098352594,42,1.0327022375215147,46,1.1310548315711828
Travel services,Soap and Detergents Manufacturing,0,0,0,0,0,0
Security services,Soap and Detergents Manufacturing,0,0,0,0,0,0
Building and landscape services,Soap and Detergents Manufacturing,0,0,0,0,0,0
Office support services,Soap and Detergents Manufacturing,1,0.024588148512417016,0,0,1,0.024588148512417016
Public administration services (including defence),Soap and Detergents Manufacturing,13,0.3196459306614212,4,0.098352594,17,0.4179985247110893
Education services,Soap and Detergents Manufacturing,0,0,2,0.049176297,2,0.049176297
Health services,Soap and Detergents Manufacturing,0,0,0,0,0,0
Residential and social care services,Soap and Detergents Manufacturing,0,0,0,0,0,0
Arts and entertainment services,Soap and Detergents Manufacturing,0,0,0,0,0,0
Libraries and other cultural services,Soap and Detergents Manufacturing,0,0,0,0,0,0
Gambling services,Soap and Detergents Manufacturing,0,0,0,0,0,0
Sports and recreation services,Soap and Detergents Manufacturing,0,0,0,0,0,0
Membership services,Soap and Detergents Manufacturing,0,0,0,0,0,0
Computer repair services,Soap and Detergents Manufacturing,0,0,0,0,0,0
Other personal services,Soap and Detergents Manufacturing,0,0,0,0,0,0
Agriculture products,Other Chemical Products Manufacturing,0,0,0,0,0,0
Forestry products,Other Chemical Products Manufacturing,0,0,0,0,0,0
Fishing products,Other Chemical Products Manufacturing,0,0,0,0,0,0
Coal and lignite,Other Chemical Products Manufacturing,0,0,0,0,0,0
"Petroleum, natural gas and mining of metal ores",Other Chemical Products Manufacturing,32,0.6914433880726015,3,0.064822818,35,0.756266206
Other mining products,Other Chemical Products Manufacturing,0,0,0,0,0,0
Mining support services,Other Chemical Products Manufacturing,0,0,0,0,0,0
Meat and preserved meat products,Other Chemical Products Manufacturing,2,0.043215211754537596,0,0,2,0.043215211754537596
"Fish, seafood, fruit and vegetables",Other Chemical Products Manufacturing,0,0,1,0.021607605877268798,1,0.021607605877268798
Oils and fats,Other Chemical Products Manufacturing,0,0,0,0,0,0
Dairy products,Other Chemical Products Manufacturing,1,0.021607605877268798,0,0,1,0.021607605877268798
Grain mill and starch products,Other Chemical Products Manufacturing,0,0,0,0,0,0
Bakery products,Other Chemical Products Manufacturing,0,0,2,0.043215211754537596,2,0.043215211754537596
Other food products,Other Chemical Products Manufacturing,2,0.043215211754537596,0,0,2,0.043215211754537596
Animal feeds,Other Chemical Products Manufacturing,0,0,0,0,0,0
Alcoholic beverages and tobacco,Other Chemical Products Manufacturing,0,0,0,0,0,0
Soft drinks,Other Chemical Products Manufacturing,0,0,0,0,0,0
Textiles,Other Chemical Products Manufacturing,0,0,0,0,0,0
Clothing,Other Chemical Products Manufacturing,0,0,0,0,0,0
Leather products,Other Chemical Products Manufacturing,0,0,0,0,0,0
Wood products (excl. furniture),Other Chemical Products Manufacturing,0,0,0,0,0,0
Paper products,Other Chemical Products Manufacturing,16,0.34572169403630076,11,0.23768366464995677,27,0.5834053586862575
Printing and recording services,Other Chemical Products Manufacturing,0,0,0,0,0,0
Coke and refined petroleum products,Other Chemical Products Manufacturing,6,0.12964563526361278,0,0,6,0.12964563526361278
Paints and coatings,Other Chemical Products Manufacturing,8,0.17286084701815038,0,0,8,0.17286084701815038
Soap and detergents,Other Chemical Products Manufacturing,0,0,0,0,0,0
Other chemical products,Other Chemical Products Manufacturing,1988,42.95592048401037,0,0,1988,42.95592048401037
Industrial gases and fertilizers,Other Chemical Products Manufacturing,19,0.4105445116681072,0,0,19,0.4105445116681072
Petrochemicals,Other Chemical Products Manufacturing,297,6.417458945548833,243,5.250648228176318,540,11.66810717372515
Dyestuffs and agro-chemicals,Other Chemical Products Manufacturing,11,0.23768366464995677,0,0,11,0.23768366464995677
Pharmaceutical products,Other Chemical Products Manufacturing,1,0.021607605877268798,0,0,1,0.021607605877268798
Rubber and plastic products,Other Chemical Products Manufacturing,56,1.2100259291270528,0,0,56,1.2100259291270528
Cement and concrete products,Other Chemical Products Manufacturing,11,0.23768366464995677,4,0.086430424,15,0.324114088
"Glass, ceramic and stone products",Other Chemical Products Manufacturing,0,0,0,0,0,0
Basic iron and steel,Other Chemical Products Manufacturing,0,0,0,0,0,0
Other basic metals and casting,Other Chemical Products Manufacturing,39,0.8426966292134831,1,0.021607605877268798,40,0.8643042350907519
Weapons and ammunition,Other Chemical Products Manufacturing,0,0,0,0,0,0
Other fabricated metal products,Other Chemical Products Manufacturing,9,0.19446845289541917,35,0.756266206,44,0.9507346585998271
Computer and electronic products,Other Chemical Products Manufacturing,22,0.47536732929991354,19,0.4105445116681072,41,0.8859118409680207
Electrical equipment,Other Chemical Products Manufacturing,0,0,0,0,0,0
Other machinery and equipment,Other Chemical Products Manufacturing,22,0.47536732929991354,10,0.216076059,32,0.6914433880726015
Motor vehicles,Other Chemical Products Manufacturing,0,0,0,0,0,0
Ships and boats,Other Chemical Products Manufacturing,0,0,0,0,0,0
Aircraft and spacecraft products,Other Chemical Products Manufacturing,0,0,0,0,0,0
Other Transport Equipment,Other Chemical Products Manufacturing,0,0,0,0,0,0
Furniture,Other Chemical Products Manufacturing,0,0,0,0,0,0
Other manufactured goods,Other Chemical Products Manufacturing,1,0.021607605877268798,0,0,1,0.021607605877268798
Ship and boat repair and maintenance,Other Chemical Products Manufacturing,0,0,0,0,0,0
Air and spacecraft repair and maintenance,Other Chemical Products Manufacturing,0,0,0,0,0,0
Other repair services,Other Chemical Products Manufacturing,0,0,72,1.5557476231633534,72,1.5557476231633534
Electricity services,Other Chemical Products Manufacturing,0,0,43,0.9291270527225584,43,0.9291270527225584
"Mains gas, steam and air conditioning services",Other Chemical Products Manufacturing,0,0,13,0.2808988764044944,13,0.2808988764044944
Water services,Other Chemical Products Manufacturing,0,0,14,0.3025064822817632,14,0.3025064822817632
Sewerage services,Other Chemical Products Manufacturing,0,0,12,0.25929127052722556,12,0.25929127052722556
Waste collection and treatment services,Other Chemical Products Manufacturing,16,0.34572169403630076,0,0,16,0.34572169403630076
Remediation and waste management services,Other Chemical Products Manufacturing,0,0,0,0,0,0
Construction services,Other Chemical Products Manufacturing,0,0,0,0,0,0
Motor vehicle trade services,Other Chemical Products Manufacturing,0,0,1,0.021607605877268798,1,0.021607605877268798
Wholesale trade services,Other Chemical Products Manufacturing,4,0.086430424,662,14.304235090751943,666,14.390665514261018
Retail trade services,Other Chemical Products Manufacturing,0,0,100,2.160760588,100,2.160760588
Rail transport services,Other Chemical Products Manufacturing,0,0,0,0,0,0
Land transport services,Other Chemical Products Manufacturing,16,0.34572169403630076,81,1.7502160760587728,97,2.0959377700950736
Water transport services,Other Chemical Products Manufacturing,0,0,0,0,0,0
Air transport services,Other Chemical Products Manufacturing,0,0,0,0,0,0
Warehousing services,Other Chemical Products Manufacturing,1,0.021607605877268798,30,0.648228176,31,0.6698357821953328
Postal and courier services,Other Chemical Products Manufacturing,7,0.1512532411408816,5,0.108038029,12,0.2592912705272256
Accommodation services,Other Chemical Products Manufacturing,0,0,0,0,0,0
Food and beverage services,Other Chemical Products Manufacturing,2,0.043215211754537596,0,0,2,0.043215211754537596
Publishing services,Other Chemical Products Manufacturing,0,0,4,0.086430424,4,0.086430424
Media Production services,Other Chemical Products Manufacturing,0,0,0,0,0,0
Telecommunications services,Other Chemical Products Manufacturing,1,0.021607605877268798,9,0.19446845289541917,10,0.21607605877268796
Computer programming services,Other Chemical Products Manufacturing,3,0.064822818,38,0.8210890233362144,41,0.8859118409680208
Information services,Other Chemical Products Manufacturing,0,0,0,0,0,0
Financial services (excl. insurance and pensions),Other Chemical Products Manufacturing,11,0.23768366464995677,220,4.753673292999136,231,4.991356957649093
Insurance and pension services,Other Chemical Products Manufacturing,0,0,32,0.6914433880726015,32,0.6914433880726015
Auxiliary financial services,Other Chemical Products Manufacturing,0,0,60,1.296456352636128,60,1.296456352636128
Real estate services,Other Chemical Products Manufacturing,0,0,0,0,0,0
Owner-occupier housing services,Other Chemical Products Manufacturing,0,0,0,0,0,0
Other real estate services,Other Chemical Products Manufacturing,0,0,10,0.216076059,10,0.216076059
Legal services,Other Chemical Products Manufacturing,2,0.043215211754537596,97,2.0959377700950736,99,2.139152981849611
Accounting and tax services,Other Chemical Products Manufacturing,1,0.021607605877268798,80,1.728608470181504,81,1.7502160760587728
Management consulting services,Other Chemical Products Manufacturing,1,0.021607605877268798,0,0,1,0.021607605877268798
Architectural and engineering services,Other Chemical Products Manufacturing,4,0.086430424,11,0.23768366464995677,15,0.324114088
Scientific research and development services,Other Chemical Products Manufacturing,0,0,0,0,0,0
Advertising and market research services,Other Chemical Products Manufacturing,6,0.12964563526361278,16,0.34572169403630076,22,0.47536732929991354
Other scientific and technical services,Other Chemical Products Manufacturing,0,0,2,0.043215211754537596,2,0.043215211754537596
Veterinary services,Other Chemical Products Manufacturing,0,0,0,0,0,0
Rental and leasing services,Other Chemical Products Manufacturing,4,0.086430424,18,0.38893690579083834,22,0.47536732929991354
Employment services,Other Chemical Products Manufacturing,1,0.021607605877268798,17,0.3673292999135696,18,0.3889369057908384
Travel services,Other Chemical Products Manufacturing,0,0,0,0,0,0
Security services,Other Chemical Products Manufacturing,0,0,0,0,0,0
Building and landscape services,Other Chemical Products Manufacturing,0,0,0,0,0,0
Office support services,Other Chemical Products Manufacturing,0,0,0,0,0,0
Public administration services (including defence),Other Chemical Products Manufacturing,0,0,29,0.6266205704407951,29,0.6266205704407951
Education services,Other Chemical Products Manufacturing,0,0,0,0,0,0
Health services,Other Chemical Products Manufacturing,0,0,0,0,0,0
Residential and social care services,Other Chemical Products Manufacturing,0,0,0,0,0,0
Arts and entertainment services,Other Chemical Products Manufacturing,0,0,0,0,0,0
Libraries and other cultural services,Other Chemical Products Manufacturing,0,0,0,0,0,0
Gambling services,Other Chemical Products Manufacturing,0,0,0,0,0,0
Sports and recreation services,Other Chemical Products Manufacturing,0,0,0,0,0,0
Membership services,Other Chemical Products Manufacturing,0,0,0,0,0,0
Computer repair services,Other Chemical Products Manufacturing,0,0,0,0,0,0
Other personal services,Other Chemical Products Manufacturing,0,0,0,0,0,0
Agriculture products,Industrial Gases and Fertilisers Manufacturing,19,0.6827164929931728,0,0,19,0.6827164929931728
Forestry products,Industrial Gases and Fertilisers Manufacturing,0,0,0,0,0,0
Fishing products,Industrial Gases and Fertilisers Manufacturing,0,0,0,0,0,0
Coal and lignite,Industrial Gases and Fertilisers Manufacturing,0,0,0,0,0,0
"Petroleum, natural gas and mining of metal ores",Industrial Gases and Fertilisers Manufacturing,0,0,10,0.3593244699964067,10,0.3593244699964067
Other mining products,Industrial Gases and Fertilisers Manufacturing,35,1.2576356449874238,1,0.035932446999640676,36,1.2935680919870645
Mining support services,Industrial Gases and Fertilisers Manufacturing,0,0,0,0,0,0
Meat and preserved meat products,Industrial Gases and Fertilisers Manufacturing,1,0.035932446999640676,0,0,1,0.035932446999640676
"Fish, seafood, fruit and vegetables",Industrial Gases and Fertilisers Manufacturing,0,0,0,0,0,0
Oils and fats,Industrial Gases and Fertilisers Manufacturing,0,0,0,0,0,0
Dairy products,Industrial Gases and Fertilisers Manufacturing,0,0,0,0,0,0
Grain mill and starch products,Industrial Gases and Fertilisers Manufacturing,0,0,0,0,0,0
Bakery products,Industrial Gases and Fertilisers Manufacturing,0,0,1,0.035932446999640676,1,0.035932446999640676
Other food products,Industrial Gases and Fertilisers Manufacturing,0,0,0,0,0,0
Animal feeds,Industrial Gases and Fertilisers Manufacturing,0,0,0,0,0,0
Alcoholic beverages and tobacco,Industrial Gases and Fertilisers Manufacturing,0,0,0,0,0,0
Soft drinks,Industrial Gases and Fertilisers Manufacturing,0,0,0,0,0,0
Textiles,Industrial Gases and Fertilisers Manufacturing,0,0,0,0,0,0
Clothing,Industrial Gases and Fertilisers Manufacturing,0,0,0,0,0,0
Leather products,Industrial Gases and Fertilisers Manufacturing,0,0,0,0,0,0
Wood products (excl. furniture),Industrial Gases and Fertilisers Manufacturing,0,0,0,0,0,0
Paper products,Industrial Gases and Fertilisers Manufacturing,0,0,10,0.3593244699964067,10,0.3593244699964067
Printing and recording services,Industrial Gases and Fertilisers Manufacturing,0,0,0,0,0,0
Coke and refined petroleum products,Industrial Gases and Fertilisers Manufacturing,16,0.5749191519942508,0,0,16,0.5749191519942508
Paints and coatings,Industrial Gases and Fertilisers Manufacturing,0,0,0,0,0,0
Soap and detergents,Industrial Gases and Fertilisers Manufacturing,0,0,0,0,0,0
Other chemical products,Industrial Gases and Fertilisers Manufacturing,2,0.071864894,0,0,2,0.071864894
Industrial gases and fertilizers,Industrial Gases and Fertilisers Manufacturing,860,30.90190441969098,18,0.6467840459935321,878,31.54868846568451
Petrochemicals,Industrial Gases and Fertilisers Manufacturing,49,1.760689902982393,39,1.4013654329859864,88,3.1620553359683794
Dyestuffs and agro-chemicals,Industrial Gases and Fertilisers Manufacturing,22,0.7905138339920948,0,0,22,0.7905138339920948
Pharmaceutical products,Industrial Gases and Fertilisers Manufacturing,0,0,0,0,0,0
Rubber and plastic products,Industrial Gases and Fertilisers Manufacturing,14,0.5030542579949695,39,1.4013654329859864,53,1.9044196909809559
Cement and concrete products,Industrial Gases and Fertilisers Manufacturing,0,0,0,0,0,0
"Glass, ceramic and stone products",Industrial Gases and Fertilisers Manufacturing,0,0,0,0,0,0
Basic iron and steel,Industrial Gases and Fertilisers Manufacturing,0,0,0,0,0,0
Other basic metals and casting,Industrial Gases and Fertilisers Manufacturing,0,0,0,0,0,0
Weapons and ammunition,Industrial Gases and Fertilisers Manufacturing,0,0,0,0,0,0
Other fabricated metal products,Industrial Gases and Fertilisers Manufacturing,1,0.035932446999640676,0,0,1,0.035932446999640676
Computer and electronic products,Industrial Gases and Fertilisers Manufacturing,0,0,6,0.21559468199784404,6,0.21559468199784404
Electrical equipment,Industrial Gases and Fertilisers Manufacturing,0,0,0,0,0,0
Other machinery and equipment,Industrial Gases and Fertilisers Manufacturing,24,0.8623787279913762,39,1.4013654329859864,63,2.2637441609773625
Motor vehicles,Industrial Gases and Fertilisers Manufacturing,0,0,10,0.3593244699964067,10,0.3593244699964067
Ships and boats,Industrial Gases and Fertilisers Manufacturing,0,0,0,0,0,0
Aircraft and spacecraft products,Industrial Gases and Fertilisers Manufacturing,0,0,0,0,0,0
Other Transport Equipment,Industrial Gases and Fertilisers Manufacturing,0,0,0,0,0,0
Furniture,Industrial Gases and Fertilisers Manufacturing,0,0,0,0,0,0
Other manufactured goods,Industrial Gases and Fertilisers Manufacturing,0,0,0,0,0,0
Ship and boat repair and maintenance,Industrial Gases and Fertilisers Manufacturing,0,0,0,0,0,0
Air and spacecraft repair and maintenance,Industrial Gases and Fertilisers Manufacturing,0,0,0,0,0,0
Other repair services,Industrial Gases and Fertilisers Manufacturing,0,0,27,0.9701760689902982,27,0.9701760689902982
Electricity services,Industrial Gases and Fertilisers Manufacturing,1,0.035932446999640676,217,7.797340998922027,218,7.833273445921668
"Mains gas, steam and air conditioning services",Industrial Gases and Fertilisers Manufacturing,1,0.035932446999640676,135,4.8508803449514915,136,4.886812791951132
Water services,Industrial Gases and Fertilisers Manufacturing,0,0,20,0.7186489399928134,20,0.7186489399928134
Sewerage services,Industrial Gases and Fertilisers Manufacturing,0,0,1,0.035932446999640676,1,0.035932446999640676
Waste collection and treatment services,Industrial Gases and Fertilisers Manufacturing,22,0.7905138339920948,1,0.035932446999640676,23,0.8264462809917356
Remediation and waste management services,Industrial Gases and Fertilisers Manufacturing,0,0,0,0,0,0
Construction services,Industrial Gases and Fertilisers Manufacturing,0,0,33,1.185770750988142,33,1.185770750988142
Motor vehicle trade services,Industrial Gases and Fertilisers Manufacturing,0,0,7,0.25152712899748475,7,0.25152712899748475
Wholesale trade services,Industrial Gases and Fertilisers Manufacturing,0,0,458,16.45706072583543,458,16.45706072583543
Retail trade services,Industrial Gases and Fertilisers Manufacturing,0,0,90,3.233920229967661,90,3.233920229967661
Rail transport services,Industrial Gases and Fertilisers Manufacturing,0,0,0,0,0,0
Land transport services,Industrial Gases and Fertilisers Manufacturing,23,0.8264462809917356,128,4.5993532159540065,151,5.425799496945742
Water transport services,Industrial Gases and Fertilisers Manufacturing,0,0,0,0,0,0
Air transport services,Industrial Gases and Fertilisers Manufacturing,0,0,0,0,0,0
Warehousing services,Industrial Gases and Fertilisers Manufacturing,0,0,0,0,0,0
Postal and courier services,Industrial Gases and Fertilisers Manufacturing,0,0,17,0.6108515989938915,17,0.6108515989938915
Accommodation services,Industrial Gases and Fertilisers Manufacturing,0,0,0,0,0,0
Food and beverage services,Industrial Gases and Fertilisers Manufacturing,1,0.035932446999640676,6,0.21559468199784404,7,0.2515271289974847
Publishing services,Industrial Gases and Fertilisers Manufacturing,0,0,0,0,0,0
Media Production services,Industrial Gases and Fertilisers Manufacturing,0,0,0,0,0,0
Telecommunications services,Industrial Gases and Fertilisers Manufacturing,0,0,5,0.17966223499820336,5,0.17966223499820336
Computer programming services,Industrial Gases and Fertilisers Manufacturing,22,0.7905138339920948,0,0,22,0.7905138339920948
Information services,Industrial Gases and Fertilisers Manufacturing,0,0,0,0,0,0
Financial services (excl. insurance and pensions),Industrial Gases and Fertilisers Manufacturing,2,0.071864894,122,4.383758533956163,124,4.4556234279554445
Insurance and pension services,Industrial Gases and Fertilisers Manufacturing,0,0,18,0.6467840459935321,18,0.6467840459935321
Auxiliary financial services,Industrial Gases and Fertilisers Manufacturing,0,0,25,0.8983111749910169,25,0.8983111749910169
Real estate services,Industrial Gases and Fertilisers Manufacturing,0,0,0,0,0,0
Owner-occupier housing services,Industrial Gases and Fertilisers Manufacturing,0,0,0,0,0,0
Other real estate services,Industrial Gases and Fertilisers Manufacturing,0,0,0,0,0,0
Legal services,Industrial Gases and Fertilisers Manufacturing,0,0,37,1.329500538986705,37,1.329500538986705
Accounting and tax services,Industrial Gases and Fertilisers Manufacturing,1,0.035932446999640676,11,0.3952569169960474,12,0.4311893639956881
Management consulting services,Industrial Gases and Fertilisers Manufacturing,1,0.035932446999640676,11,0.3952569169960474,12,0.4311893639956881
Architectural and engineering services,Industrial Gases and Fertilisers Manufacturing,40,1.4372978799856269,22,0.7905138339920948,62,2.227811713977722
Scientific research and development services,Industrial Gases and Fertilisers Manufacturing,0,0,0,0,0,0
Advertising and market research services,Industrial Gases and Fertilisers Manufacturing,0,0,9,0.32339202299676606,9,0.32339202299676606
Other scientific and technical services,Industrial Gases and Fertilisers Manufacturing,0,0,3,0.10779734099892202,3,0.10779734099892202
Veterinary services,Industrial Gases and Fertilisers Manufacturing,0,0,0,0,0,0
Rental and leasing services,Industrial Gases and Fertilisers Manufacturing,1,0.035932446999640676,24,0.8623787279913762,25,0.8983111749910169
Employment services,Industrial Gases and Fertilisers Manufacturing,12,0.4311893639956881,13,0.46712181099532885,25,0.8983111749910169
Travel services,Industrial Gases and Fertilisers Manufacturing,0,0,0,0,0,0
Security services,Industrial Gases and Fertilisers Manufacturing,0,0,0,0,0,0
Building and landscape services,Industrial Gases and Fertilisers Manufacturing,0,0,0,0,0,0
Office support services,Industrial Gases and Fertilisers Manufacturing,0,0,0,0,0,0
Public administration services (including defence),Industrial Gases and Fertilisers Manufacturing,0,0,0,0,0,0
Education services,Industrial Gases and Fertilisers Manufacturing,0,0,0,0,0,0
Health services,Industrial Gases and Fertilisers Manufacturing,0,0,0,0,0,0
Residential and social care services,Industrial Gases and Fertilisers Manufacturing,0,0,0,0,0,0
Arts and entertainment services,Industrial Gases and Fertilisers Manufacturing,0,0,0,0,0,0
Libraries and other cultural services,Industrial Gases and Fertilisers Manufacturing,0,0,0,0,0,0
Gambling services,Industrial Gases and Fertilisers Manufacturing,0,0,0,0,0,0
Sports and recreation services,Industrial Gases and Fertilisers Manufacturing,0,0,0,0,0,0
Membership services,Industrial Gases and Fertilisers Manufacturing,0,0,0,0,0,0
Computer repair services,Industrial Gases and Fertilisers Manufacturing,0,0,0,0,0,0
Other personal services,Industrial Gases and Fertilisers Manufacturing,0,0,0,0,0,0
Agriculture products,Petrochemicals Manufacturing,10,0.14749262536873156,2,0.029498525073746312,12,0.17699115044247787
Forestry products,Petrochemicals Manufacturing,0,0,0,0,0,0
Fishing products,Petrochemicals Manufacturing,0,0,0,0,0,0
Coal and lignite,Petrochemicals Manufacturing,0,0,0,0,0,0
"Petroleum, natural gas and mining of metal ores",Petrochemicals Manufacturing,457,6.740412979351032,0,0,457,6.740412979351032
Other mining products,Petrochemicals Manufacturing,0,0,0,0,0,0
Mining support services,Petrochemicals Manufacturing,0,0,0,0,0,0
Meat and preserved meat products,Petrochemicals Manufacturing,0,0,4,0.058997050147492625,4,0.058997050147492625
"Fish, seafood, fruit and vegetables",Petrochemicals Manufacturing,0,0,2,0.029498525073746312,2,0.029498525073746312
Oils and fats,Petrochemicals Manufacturing,0,0,0,0,0,0
Dairy products,Petrochemicals Manufacturing,0,0,3,0.044247788,3,0.044247788
Grain mill and starch products,Petrochemicals Manufacturing,0,0,0,0,0,0
Bakery products,Petrochemicals Manufacturing,0,0,5,0.073746313,5,0.073746313
Other food products,Petrochemicals Manufacturing,2,0.029498525073746312,0,0,2,0.029498525073746312
Animal feeds,Petrochemicals Manufacturing,0,0,0,0,0,0
Alcoholic beverages and tobacco,Petrochemicals Manufacturing,0,0,0,0,0,0
Soft drinks,Petrochemicals Manufacturing,0,0,0,0,0,0
Textiles,Petrochemicals Manufacturing,0,0,0,0,0,0
Clothing,Petrochemicals Manufacturing,0,0,0,0,0,0
Leather products,Petrochemicals Manufacturing,0,0,0,0,0,0
Wood products (excl. furniture),Petrochemicals Manufacturing,0,0,0,0,0,0
Paper products,Petrochemicals Manufacturing,7,0.10324483775811209,1,0.014749262536873156,8,0.11799410029498525
Printing and recording services,Petrochemicals Manufacturing,0,0,0,0,0,0
Coke and refined petroleum products,Petrochemicals Manufacturing,27,0.39823008849557523,250,3.687315634218289,277,4.0855457227138645
Paints and coatings,Petrochemicals Manufacturing,0,0,0,0,0,0
Soap and detergents,Petrochemicals Manufacturing,0,0,0,0,0,0
Other chemical products,Petrochemicals Manufacturing,31,0.45722713864306785,0,0,31,0.45722713864306785
Industrial gases and fertilizers,Petrochemicals Manufacturing,558,8.230088495575222,1,0.014749262536873156,559,8.244837758112094
Petrochemicals,Petrochemicals Manufacturing,1351,19.926253687315633,1094,16.135693215339234,2445,36.06194690265487
Dyestuffs and agro-chemicals,Petrochemicals Manufacturing,49,0.7227138643067846,0,0,49,0.7227138643067846
Pharmaceutical products,Petrochemicals Manufacturing,1,0.014749262536873156,0,0,1,0.014749262536873156
Rubber and plastic products,Petrochemicals Manufacturing,8,0.11799410029498525,0,0,8,0.11799410029498525
Cement and concrete products,Petrochemicals Manufacturing,0,0,0,0,0,0
"Glass, ceramic and stone products",Petrochemicals Manufacturing,36,0.5309734513274336,7,0.10324483775811209,43,0.6342182890855457
Basic iron and steel,Petrochemicals Manufacturing,0,0,0,0,0,0
Other basic metals and casting,Petrochemicals Manufacturing,10,0.14749262536873156,0,0,10,0.14749262536873156
Weapons and ammunition,Petrochemicals Manufacturing,0,0,0,0,0,0
Other fabricated metal products,Petrochemicals Manufacturing,3,0.044247788,2,0.029498525073746312,5,0.073746313
Computer and electronic products,Petrochemicals Manufacturing,3,0.044247788,1,0.014749262536873156,4,0.058997050147492625
Electrical equipment,Petrochemicals Manufacturing,0,0,0,0,0,0
Other machinery and equipment,Petrochemicals Manufacturing,12,0.17699115044247787,16,0.2359882005899705,28,0.41297935103244837
Motor vehicles,Petrochemicals Manufacturing,0,0,0,0,0,0
Ships and boats,Petrochemicals Manufacturing,0,0,0,0,0,0
Aircraft and spacecraft products,Petrochemicals Manufacturing,0,0,0,0,0,0
Other Transport Equipment,Petrochemicals Manufacturing,0,0,0,0,0,0
Furniture,Petrochemicals Manufacturing,0,0,0,0,0,0
Other manufactured goods,Petrochemicals Manufacturing,2,0.029498525073746312,1,0.014749262536873156,3,0.044247788
Ship and boat repair and maintenance,Petrochemicals Manufacturing,0,0,0,0,0,0
Air and spacecraft repair and maintenance,Petrochemicals Manufacturing,0,0,0,0,0,0
Other repair services,Petrochemicals Manufacturing,0,0,81,1.1946902654867257,81,1.1946902654867257
Electricity services,Petrochemicals Manufacturing,0,0,202,2.9793510324483776,202,2.9793510324483776
"Mains gas, steam and air conditioning services",Petrochemicals Manufacturing,1,0.014749262536873156,177,2.6106194690265485,178,2.6253687315634218
Water services,Petrochemicals Manufacturing,0,0,26,0.38348082595870203,26,0.38348082595870203
Sewerage services,Petrochemicals Manufacturing,0,0,12,0.17699115044247787,12,0.17699115044247787
Waste collection and treatment services,Petrochemicals Manufacturing,3,0.044247788,45,0.6637168141592921,48,0.7079646017699115
Remediation and waste management services,Petrochemicals Manufacturing,0,0,0,0,0,0
Construction services,Petrochemicals Manufacturing,0,0,46,0.6784660766961652,46,0.6784660766961652
Motor vehicle trade services,Petrochemicals Manufacturing,0,0,1,0.014749262536873156,1,0.014749262536873156
Wholesale trade services,Petrochemicals Manufacturing,1,0.014749262536873156,840,12.389380530973451,841,12.404129793510323
Retail trade services,Petrochemicals Manufacturing,0,0,123,1.8141592920353982,123,1.8141592920353982
Rail transport services,Petrochemicals Manufacturing,0,0,0,0,0,0
Land transport services,Petrochemicals Manufacturing,20,0.2949852507374631,75,1.1061946902654867,95,1.4011799410029497
Water transport services,Petrochemicals Manufacturing,1,0.014749262536873156,0,0,1,0.014749262536873156
Air transport services,Petrochemicals Manufacturing,0,0,0,0,0,0
Warehousing services,Petrochemicals Manufacturing,2,0.029498525073746312,32,0.471976401,34,0.5014749262536873
Postal and courier services,Petrochemicals Manufacturing,0,0,91,1.3421828908554572,91,1.3421828908554572
Accommodation services,Petrochemicals Manufacturing,0,0,0,0,0,0
Food and beverage services,Petrochemicals Manufacturing,1,0.014749262536873156,15,0.22123893805309736,16,0.2359882005899705
Publishing services,Petrochemicals Manufacturing,0,0,2,0.029498525073746312,2,0.029498525073746312
Media Production services,Petrochemicals Manufacturing,0,0,0,0,0,0
Telecommunications services,Petrochemicals Manufacturing,2,0.029498525073746312,7,0.10324483775811209,9,0.1327433628318584
Computer programming services,Petrochemicals Manufacturing,5,0.073746313,39,0.5752212389380531,44,0.6489675516224189
Information services,Petrochemicals Manufacturing,0,0,0,0,0,0
Financial services (excl. insurance and pensions),Petrochemicals Manufacturing,31,0.45722713864306785,328,4.837758112094395,359,5.294985250737463
Insurance and pension services,Petrochemicals Manufacturing,0,0,32,0.471976401,32,0.471976401
Auxiliary financial services,Petrochemicals Manufacturing,1,0.014749262536873156,92,1.3569321533923304,93,1.3716814159292037
Real estate services,Petrochemicals Manufacturing,0,0,0,0,0,0
Owner-occupier housing services,Petrochemicals Manufacturing,0,0,0,0,0,0
Other real estate services,Petrochemicals Manufacturing,0,0,24,0.35398230088495575,24,0.35398230088495575
Legal services,Petrochemicals Manufacturing,1,0.014749262536873156,43,0.6342182890855457,44,0.6489675516224188
Accounting and tax services,Petrochemicals Manufacturing,3,0.044247788,45,0.6637168141592921,48,0.7079646017699115
Management consulting services,Petrochemicals Manufacturing,23,0.3392330383480826,4,0.058997050147492625,27,0.39823008849557523
Architectural and engineering services,Petrochemicals Manufacturing,25,0.3687315634218289,120,1.7699115044247788,145,2.1386430678466075
Scientific research and development services,Petrochemicals Manufacturing,0,0,0,0,0,0
Advertising and market research services,Petrochemicals Manufacturing,1,0.014749262536873156,9,0.1327433628318584,10,0.14749262536873153
Other scientific and technical services,Petrochemicals Manufacturing,0,0,43,0.6342182890855457,43,0.6342182890855457
Veterinary services,Petrochemicals Manufacturing,0,0,0,0,0,0
Rental and leasing services,Petrochemicals Manufacturing,4,0.058997050147492625,29,0.4277286135693215,33,0.48672566371681414
Employment services,Petrochemicals Manufacturing,1,0.014749262536873156,68,1.0029498525073746,69,1.0176991150442478
Travel services,Petrochemicals Manufacturing,0,0,0,0,0,0
Security services,Petrochemicals Manufacturing,0,0,0,0,0,0
Building and landscape services,Petrochemicals Manufacturing,0,0,0,0,0,0
Office support services,Petrochemicals Manufacturing,23,0.3392330383480826,0,0,23,0.3392330383480826
Public administration services (including defence),Petrochemicals Manufacturing,0,0,0,0,0,0
Education services,Petrochemicals Manufacturing,0,0,23,0.3392330383480826,23,0.3392330383480826
Health services,Petrochemicals Manufacturing,0,0,0,0,0,0
Residential and social care services,Petrochemicals Manufacturing,0,0,0,0,0,0
Arts and entertainment services,Petrochemicals Manufacturing,0,0,0,0,0,0
Libraries and other cultural services,Petrochemicals Manufacturing,0,0,0,0,0,0
Gambling services,Petrochemicals Manufacturing,0,0,0,0,0,0
Sports and recreation services,Petrochemicals Manufacturing,0,0,1,0.014749262536873156,1,0.014749262536873156
Membership services,Petrochemicals Manufacturing,0,0,0,0,0,0
Computer repair services,Petrochemicals Manufacturing,0,0,0,0,0,0
Other personal services,Petrochemicals Manufacturing,0,0,0,0,0,0
Agriculture products,Dyestuffs and Agro-Chemicals Manufacturing,0,0,0,0,0,0
Forestry products,Dyestuffs and Agro-Chemicals Manufacturing,0,0,0,0,0,0
Fishing products,Dyestuffs and Agro-Chemicals Manufacturing,0,0,0,0,0,0
Coal and lignite,Dyestuffs and Agro-Chemicals Manufacturing,0,0,0,0,0,0
"Petroleum, natural gas and mining of metal ores",Dyestuffs and Agro-Chemicals Manufacturing,96,7.2562358276643995,0,0,96,7.2562358276643995
Other mining products,Dyestuffs and Agro-Chemicals Manufacturing,0,0,0,0,0,0
Mining support services,Dyestuffs and Agro-Chemicals Manufacturing,0,0,0,0,0,0
Meat and preserved meat products,Dyestuffs and Agro-Chemicals Manufacturing,0,0,2,0.15117157974300832,2,0.15117157974300832
"Fish, seafood, fruit and vegetables",Dyestuffs and Agro-Chemicals Manufacturing,0,0,0,0,0,0
Oils and fats,Dyestuffs and Agro-Chemicals Manufacturing,0,0,0,0,0,0
Dairy products,Dyestuffs and Agro-Chemicals Manufacturing,0,0,0,0,0,0
Grain mill and starch products,Dyestuffs and Agro-Chemicals Manufacturing,0,0,0,0,0,0
Bakery products,Dyestuffs and Agro-Chemicals Manufacturing,0,0,0,0,0,0
Other food products,Dyestuffs and Agro-Chemicals Manufacturing,0,0,0,0,0,0
Animal feeds,Dyestuffs and Agro-Chemicals Manufacturing,0,0,0,0,0,0
Alcoholic beverages and tobacco,Dyestuffs and Agro-Chemicals Manufacturing,0,0,0,0,0,0
Soft drinks,Dyestuffs and Agro-Chemicals Manufacturing,0,0,0,0,0,0
Textiles,Dyestuffs and Agro-Chemicals Manufacturing,0,0,0,0,0,0
Clothing,Dyestuffs and Agro-Chemicals Manufacturing,0,0,0,0,0,0
Leather products,Dyestuffs and Agro-Chemicals Manufacturing,0,0,0,0,0,0
Wood products (excl. furniture),Dyestuffs and Agro-Chemicals Manufacturing,0,0,0,0,0,0
Paper products,Dyestuffs and Agro-Chemicals Manufacturing,2,0.15117157974300832,0,0,2,0.15117157974300832
Printing and recording services,Dyestuffs and Agro-Chemicals Manufacturing,0,0,0,0,0,0
Coke and refined petroleum products,Dyestuffs and Agro-Chemicals Manufacturing,1,0.07558579,2,0.15117157974300832,3,0.22675736961451248
Paints and coatings,Dyestuffs and Agro-Chemicals Manufacturing,0,0,0,0,0,0
Soap and detergents,Dyestuffs and Agro-Chemicals Manufacturing,0,0,0,0,0,0
Other chemical products,Dyestuffs and Agro-Chemicals Manufacturing,0,0,0,0,0,0
Industrial gases and fertilizers,Dyestuffs and Agro-Chemicals Manufacturing,35,2.6455026455026456,0,0,35,2.6455026455026456
Petrochemicals,Dyestuffs and Agro-Chemicals Manufacturing,48,3.6281179138321997,39,2.947845804988662,87,6.575963718820862
Dyestuffs and agro-chemicals,Dyestuffs and Agro-Chemicals Manufacturing,256,19.349962207105065,0,0,256,19.349962207105065
Pharmaceutical products,Dyestuffs and Agro-Chemicals Manufacturing,0,0,0,0,0,0
Rubber and plastic products,Dyestuffs and Agro-Chemicals Manufacturing,0,0,0,0,0,0
Cement and concrete products,Dyestuffs and Agro-Chemicals Manufacturing,0,0,0,0,0,0
"Glass, ceramic and stone products",Dyestuffs and Agro-Chemicals Manufacturing,0,0,0,0,0,0
Basic iron and steel,Dyestuffs and Agro-Chemicals Manufacturing,0,0,0,0,0,0
Other basic metals and casting,Dyestuffs and Agro-Chemicals Manufacturing,0,0,0,0,0,0
Weapons and ammunition,Dyestuffs and Agro-Chemicals Manufacturing,0,0,0,0,0,0
Other fabricated metal products,Dyestuffs and Agro-Chemicals Manufacturing,0,0,0,0,0,0
Computer and electronic products,Dyestuffs and Agro-Chemicals Manufacturing,2,0.15117157974300832,0,0,2,0.15117157974300832
Electrical equipment,Dyestuffs and Agro-Chemicals Manufacturing,0,0,0,0,0,0
Other machinery and equipment,Dyestuffs and Agro-Chemicals Manufacturing,2,0.15117157974300832,7,0.5291005291005291,9,0.6802721088435374
Motor vehicles,Dyestuffs and Agro-Chemicals Manufacturing,0,0,2,0.15117157974300832,2,0.15117157974300832
Ships and boats,Dyestuffs and Agro-Chemicals Manufacturing,0,0,0,0,0,0
Aircraft and spacecraft products,Dyestuffs and Agro-Chemicals Manufacturing,0,0,0,0,0,0
Other Transport Equipment,Dyestuffs and Agro-Chemicals Manufacturing,0,0,0,0,0,0
Furniture,Dyestuffs and Agro-Chemicals Manufacturing,0,0,0,0,0,0
Other manufactured goods,Dyestuffs and Agro-Chemicals Manufacturing,0,0,0,0,0,0
Ship and boat repair and maintenance,Dyestuffs and Agro-Chemicals Manufacturing,0,0,0,0,0,0
Air and spacecraft repair and maintenance,Dyestuffs and Agro-Chemicals Manufacturing,0,0,0,0,0,0
Other repair services,Dyestuffs and Agro-Chemicals Manufacturing,0,0,66,4.988662131519274,66,4.988662131519274
Electricity services,Dyestuffs and Agro-Chemicals Manufacturing,0,0,43,3.250188964474679,43,3.250188964474679
"Mains gas, steam and air conditioning services",Dyestuffs and Agro-Chemicals Manufacturing,0,0,43,3.250188964474679,43,3.250188964474679
Water services,Dyestuffs and Agro-Chemicals Manufacturing,0,0,11,0.8314436885865457,11,0.8314436885865457
Sewerage services,Dyestuffs and Agro-Chemicals Manufacturing,0,0,33,2.494331065759637,33,2.494331065759637
Waste collection and treatment services,Dyestuffs and Agro-Chemicals Manufacturing,26,1.9652305366591083,9,0.6802721088435374,35,2.6455026455026456
Remediation and waste management services,Dyestuffs and Agro-Chemicals Manufacturing,0,0,0,0,0,0
Construction services,Dyestuffs and Agro-Chemicals Manufacturing,0,0,4,0.30234315948601664,4,0.30234315948601664
Motor vehicle trade services,Dyestuffs and Agro-Chemicals Manufacturing,0,0,1,0.07558579,1,0.07558579
Wholesale trade services,Dyestuffs and Agro-Chemicals Manufacturing,1,0.07558579,148,11.186696900982614,149,11.262282690854118
Retail trade services,Dyestuffs and Agro-Chemicals Manufacturing,0,0,25,1.889644746787604,25,1.889644746787604
Rail transport services,Dyestuffs and Agro-Chemicals Manufacturing,0,0,0,0,0,0
Land transport services,Dyestuffs and Agro-Chemicals Manufacturing,3,0.22675736961451248,44,3.325774754346183,47,3.5525321239606953
Water transport services,Dyestuffs and Agro-Chemicals Manufacturing,0,0,0,0,0,0
Air transport services,Dyestuffs and Agro-Chemicals Manufacturing,0,0,0,0,0,0
Warehousing services,Dyestuffs and Agro-Chemicals Manufacturing,0,0,0,0,0,0
Postal and courier services,Dyestuffs and Agro-Chemicals Manufacturing,0,0,131,9.901738473167045,131,9.901738473167045
Accommodation services,Dyestuffs and Agro-Chemicals Manufacturing,0,0,0,0,0,0
Food and beverage services,Dyestuffs and Agro-Chemicals Manufacturing,0,0,4,0.30234315948601664,4,0.30234315948601664
Publishing services,Dyestuffs and Agro-Chemicals Manufacturing,0,0,0,0,0,0
Media Production services,Dyestuffs and Agro-Chemicals Manufacturing,0,0,0,0,0,0
Telecommunications services,Dyestuffs and Agro-Chemicals Manufacturing,0,0,3,0.22675736961451248,3,0.22675736961451248
Computer programming services,Dyestuffs and Agro-Chemicals Manufacturing,0,0,10,0.7558578987150416,10,0.7558578987150416
Information services,Dyestuffs and Agro-Chemicals Manufacturing,0,0,0,0,0,0
Financial services (excl. insurance and pensions),Dyestuffs and Agro-Chemicals Manufacturing,3,0.22675736961451248,66,4.988662131519274,69,5.215419501133787
Insurance and pension services,Dyestuffs and Agro-Chemicals Manufacturing,0,0,10,0.7558578987150416,10,0.7558578987150416
Auxiliary financial services,Dyestuffs and Agro-Chemicals Manufacturing,0,0,0,0,0,0
Real estate services,Dyestuffs and Agro-Chemicals Manufacturing,0,0,0,0,0,0
Owner-occupier housing services,Dyestuffs and Agro-Chemicals Manufacturing,0,0,0,0,0,0
Other real estate services,Dyestuffs and Agro-Chemicals Manufacturing,0,0,0,0,0,0
Legal services,Dyestuffs and Agro-Chemicals Manufacturing,0,0,55,4.157218442932729,55,4.157218442932729
Accounting and tax services,Dyestuffs and Agro-Chemicals Manufacturing,0,0,11,0.8314436885865457,11,0.8314436885865457
Management consulting services,Dyestuffs and Agro-Chemicals Manufacturing,10,0.7558578987150416,2,0.15117157974300832,12,0.9070294784580499
Architectural and engineering services,Dyestuffs and Agro-Chemicals Manufacturing,0,0,21,1.5873015873015872,21,1.5873015873015872
Scientific research and development services,Dyestuffs and Agro-Chemicals Manufacturing,0,0,0,0,0,0
Advertising and market research services,Dyestuffs and Agro-Chemicals Manufacturing,0,0,4,0.30234315948601664,4,0.30234315948601664
Other scientific and technical services,Dyestuffs and Agro-Chemicals Manufacturing,0,0,8,0.6046863189720333,8,0.6046863189720333
Veterinary services,Dyestuffs and Agro-Chemicals Manufacturing,0,0,0,0,0,0
Rental and leasing services,Dyestuffs and Agro-Chemicals Manufacturing,0,0,10,0.7558578987150416,10,0.7558578987150416
Employment services,Dyestuffs and Agro-Chemicals Manufacturing,1,0.07558579,15,1.1337868480725624,16,1.2093726379440666
Travel services,Dyestuffs and Agro-Chemicals Manufacturing,0,0,0,0,0,0
Security services,Dyestuffs and Agro-Chemicals Manufacturing,0,0,0,0,0,0
Building and landscape services,Dyestuffs and Agro-Chemicals Manufacturing,0,0,0,0,0,0
Office support services,Dyestuffs and Agro-Chemicals Manufacturing,0,0,0,0,0,0
Public administration services (including defence),Dyestuffs and Agro-Chemicals Manufacturing,0,0,8,0.6046863189720333,8,0.6046863189720333
Education services,Dyestuffs and Agro-Chemicals Manufacturing,0,0,0,0,0,0
Health services,Dyestuffs and Agro-Chemicals Manufacturing,0,0,0,0,0,0
Residential and social care services,Dyestuffs and Agro-Chemicals Manufacturing,0,0,0,0,0,0
Arts and entertainment services,Dyestuffs and Agro-Chemicals Manufacturing,0,0,0,0,0,0
Libraries and other cultural services,Dyestuffs and Agro-Chemicals Manufacturing,0,0,0,0,0,0
Gambling services,Dyestuffs and Agro-Chemicals Manufacturing,0,0,0,0,0,0
Sports and recreation services,Dyestuffs and Agro-Chemicals Manufacturing,0,0,0,0,0,0
Membership services,Dyestuffs and Agro-Chemicals Manufacturing,0,0,0,0,0,0
Computer repair services,Dyestuffs and Agro-Chemicals Manufacturing,0,0,0,0,0,0
Other personal services,Dyestuffs and Agro-Chemicals Manufacturing,0,0,0,0,0,0
Agriculture products,Pharmaceutical Products Manufacturing,11,0.073162621,251,1.669437978051214,262,1.7426005986032593
Forestry products,Pharmaceutical Products Manufacturing,0,0,0,0,0,0
Fishing products,Pharmaceutical Products Manufacturing,0,0,0,0,0,0
Coal and lignite,Pharmaceutical Products Manufacturing,0,0,0,0,0,0
"Petroleum, natural gas and mining of metal ores",Pharmaceutical Products Manufacturing,0,0,0,0,0,0
Other mining products,Pharmaceutical Products Manufacturing,0,0,0,0,0,0
Mining support services,Pharmaceutical Products Manufacturing,0,0,0,0,0,0
Meat and preserved meat products,Pharmaceutical Products Manufacturing,8,0.053209179,5,0.033255737,13,0.086464915
"Fish, seafood, fruit and vegetables",Pharmaceutical Products Manufacturing,2,0.013302294645826405,5,0.033255737,7,0.046558031260392416
Oils and fats,Pharmaceutical Products Manufacturing,1,0.006651147,0,0,1,0.006651147
Dairy products,Pharmaceutical Products Manufacturing,3,0.019953441968739608,7,0.046558031260392416,10,0.066511473
Grain mill and starch products,Pharmaceutical Products Manufacturing,0,0,0,0,0,0
Bakery products,Pharmaceutical Products Manufacturing,0,0,10,0.066511473,10,0.066511473
Other food products,Pharmaceutical Products Manufacturing,4,0.026604589,0,0,4,0.026604589
Animal feeds,Pharmaceutical Products Manufacturing,0,0,0,0,0,0
Alcoholic beverages and tobacco,Pharmaceutical Products Manufacturing,0,0,0,0,0,0
Soft drinks,Pharmaceutical Products Manufacturing,0,0,0,0,0,0
Textiles,Pharmaceutical Products Manufacturing,0,0,0,0,0,0
Clothing,Pharmaceutical Products Manufacturing,0,0,0,0,0,0
Leather products,Pharmaceutical Products Manufacturing,0,0,0,0,0,0
Wood products (excl. furniture),Pharmaceutical Products Manufacturing,0,0,0,0,0,0
Paper products,Pharmaceutical Products Manufacturing,30,0.19953441968739608,66,0.4389757233122714,96,0.6385101429996675
Printing and recording services,Pharmaceutical Products Manufacturing,0,0,0,0,0,0
Coke and refined petroleum products,Pharmaceutical Products Manufacturing,0,0,1,0.006651147,1,0.006651147
Paints and coatings,Pharmaceutical Products Manufacturing,0,0,0,0,0,0
Soap and detergents,Pharmaceutical Products Manufacturing,0,0,0,0,0,0
Other chemical products,Pharmaceutical Products Manufacturing,501,3.3322248087795145,0,0,501,3.3322248087795145
Industrial gases and fertilizers,Pharmaceutical Products Manufacturing,0,0,0,0,0,0
Petrochemicals,Pharmaceutical Products Manufacturing,334,2.221483206,271,1.8024609245094778,605,4.023944130362487
Dyestuffs and agro-chemicals,Pharmaceutical Products Manufacturing,0,0,0,0,0,0
Pharmaceutical products,Pharmaceutical Products Manufacturing,1403,9.331559694047224,2900,19.28832723644829,4303,28.61988693049551
Rubber and plastic products,Pharmaceutical Products Manufacturing,354,2.3545061523112736,23,0.15297638842700365,377,2.5074825407382773
Cement and concrete products,Pharmaceutical Products Manufacturing,0,0,0,0,0,0
"Glass, ceramic and stone products",Pharmaceutical Products Manufacturing,23,0.15297638842700365,0,0,23,0.15297638842700365
Basic iron and steel,Pharmaceutical Products Manufacturing,0,0,0,0,0,0
Other basic metals and casting,Pharmaceutical Products Manufacturing,9,0.059860326,0,0,9,0.059860326
Weapons and ammunition,Pharmaceutical Products Manufacturing,0,0,0,0,0,0
Other fabricated metal products,Pharmaceutical Products Manufacturing,13,0.086464915,155,1.0309278350515463,168,1.1173927502494179
Computer and electronic products,Pharmaceutical Products Manufacturing,81,0.5387429331559693,0,0,81,0.5387429331559693
Electrical equipment,Pharmaceutical Products Manufacturing,0,0,0,0,0,0
Other machinery and equipment,Pharmaceutical Products Manufacturing,43,0.2859993348852677,134,0.891253741,177,1.1772530761556368
Motor vehicles,Pharmaceutical Products Manufacturing,0,0,0,0,0,0
Ships and boats,Pharmaceutical Products Manufacturing,0,0,0,0,0,0
Aircraft and spacecraft products,Pharmaceutical Products Manufacturing,0,0,0,0,0,0
Other Transport Equipment,Pharmaceutical Products Manufacturing,0,0,0,0,0,0
Furniture,Pharmaceutical Products Manufacturing,0,0,0,0,0,0
Other manufactured goods,Pharmaceutical Products Manufacturing,63,0.41902228134353176,9,0.059860326,72,0.47888260724975057
Ship and boat repair and maintenance,Pharmaceutical Products Manufacturing,0,0,0,0,0,0
Air and spacecraft repair and maintenance,Pharmaceutical Products Manufacturing,0,0,0,0,0,0
Other repair services,Pharmaceutical Products Manufacturing,1,0.006651147,99,0.6584635849684071,100,0.6651147322913202
Electricity services,Pharmaceutical Products Manufacturing,0,0,122,0.8114399733954107,122,0.8114399733954107
"Mains gas, steam and air conditioning services",Pharmaceutical Products Manufacturing,0,0,78,0.5187894911872298,78,0.5187894911872298
Water services,Pharmaceutical Products Manufacturing,0,0,19,0.12637179913535085,19,0.12637179913535085
Sewerage services,Pharmaceutical Products Manufacturing,0,0,37,0.2460924509477885,37,0.2460924509477885
Waste collection and treatment services,Pharmaceutical Products Manufacturing,38,0.2527435982707017,0,0,38,0.2527435982707017
Remediation and waste management services,Pharmaceutical Products Manufacturing,0,0,0,0,0,0
Construction services,Pharmaceutical Products Manufacturing,0,0,0,0,0,0
Motor vehicle trade services,Pharmaceutical Products Manufacturing,0,0,9,0.059860326,9,0.059860326
Wholesale trade services,Pharmaceutical Products Manufacturing,39,0.2593947455936149,1885,12.537412703691386,1924,12.796807449285001
Retail trade services,Pharmaceutical Products Manufacturing,0,0,393,2.6139008979048883,393,2.6139008979048883
Rail transport services,Pharmaceutical Products Manufacturing,0,0,0,0,0,0
Land transport services,Pharmaceutical Products Manufacturing,6,0.039906883937479216,102,0.6784170269371467,108,0.7183239108746259
Water transport services,Pharmaceutical Products Manufacturing,0,0,0,0,0,0
Air transport services,Pharmaceutical Products Manufacturing,0,0,14,0.093116063,14,0.093116063
Warehousing services,Pharmaceutical Products Manufacturing,11,0.073162621,528,3.5118057864981713,539,3.5849684070502166
Postal and courier services,Pharmaceutical Products Manufacturing,1,0.006651147,53,0.3525108081143997,54,0.35916195543731294
Accommodation services,Pharmaceutical Products Manufacturing,0,0,0,0,0,0
Food and beverage services,Pharmaceutical Products Manufacturing,3,0.019953441968739608,59,0.39241769205187893,62,0.41237113402061853
Publishing services,Pharmaceutical Products Manufacturing,7,0.046558031260392416,0,0,7,0.046558031260392416
Media Production services,Pharmaceutical Products Manufacturing,0,0,0,0,0,0
Telecommunications services,Pharmaceutical Products Manufacturing,0,0,48,0.31925507149983373,48,0.31925507149983373
Computer programming services,Pharmaceutical Products Manufacturing,6,0.039906883937479216,524,3.485201197206518,530,3.5251080811439977
Information services,Pharmaceutical Products Manufacturing,7,0.046558031260392416,8,0.053209179,15,0.09976721
Financial services (excl. insurance and pensions),Pharmaceutical Products Manufacturing,6,0.039906883937479216,875,5.819753907549052,881,5.859660791486531
Insurance and pension services,Pharmaceutical Products Manufacturing,0,0,70,0.4655803126039242,70,0.4655803126039242
Auxiliary financial services,Pharmaceutical Products Manufacturing,0,0,7,0.046558031260392416,7,0.046558031260392416
Real estate services,Pharmaceutical Products Manufacturing,0,0,0,0,0,0
Owner-occupier housing services,Pharmaceutical Products Manufacturing,0,0,0,0,0,0
Other real estate services,Pharmaceutical Products Manufacturing,0,0,22,0.14632524110409045,22,0.14632524110409045
Legal services,Pharmaceutical Products Manufacturing,26,0.17292983039574325,1156,7.688726305287662,1182,7.861656135683405
Accounting and tax services,Pharmaceutical Products Manufacturing,1,0.006651147,449,2.9863651479880278,450,2.993016295310941
Management consulting services,Pharmaceutical Products Manufacturing,75,0.49883604921849023,1,0.006651147,76,0.5054871965414034
Architectural and engineering services,Pharmaceutical Products Manufacturing,31,0.2061855670103093,300,1.995344196873961,331,2.2015297638842704
Scientific research and development services,Pharmaceutical Products Manufacturing,0,0,0,0,0,0
Advertising and market research services,Pharmaceutical Products Manufacturing,9,0.059860326,173,1.150648486863984,182,1.2105088127702028
Other scientific and technical services,Pharmaceutical Products Manufacturing,0,0,246,1.6361822414366476,246,1.6361822414366476
Veterinary services,Pharmaceutical Products Manufacturing,0,0,0,0,0,0
Rental and leasing services,Pharmaceutical Products Manufacturing,36,0.23944130362487528,1,0.006651147,37,0.24609245094778848
Employment services,Pharmaceutical Products Manufacturing,33,0.2194878616561357,207,1.3767874958430328,240,1.5962753574991686
Travel services,Pharmaceutical Products Manufacturing,0,0,0,0,0,0
Security services,Pharmaceutical Products Manufacturing,0,0,0,0,0,0
Building and landscape services,Pharmaceutical Products Manufacturing,0,0,0,0,0,0
Office support services,Pharmaceutical Products Manufacturing,231,1.536415032,1,0.006651147,232,1.543066178915863
Public administration services (including defence),Pharmaceutical Products Manufacturing,25,0.16627868307283006,116,0.7715330894579314,141,0.9378117725307615
Education services,Pharmaceutical Products Manufacturing,3,0.019953441968739608,59,0.39241769205187893,62,0.41237113402061853
Health services,Pharmaceutical Products Manufacturing,4,0.026604589,51,0.33920851346857334,55,0.36581310276022616
Residential and social care services,Pharmaceutical Products Manufacturing,0,0,0,0,0,0
Arts and entertainment services,Pharmaceutical Products Manufacturing,0,0,0,0,0,0
Libraries and other cultural services,Pharmaceutical Products Manufacturing,0,0,0,0,0,0
Gambling services,Pharmaceutical Products Manufacturing,0,0,0,0,0,0
Sports and recreation services,Pharmaceutical Products Manufacturing,0,0,0,0,0,0
Membership services,Pharmaceutical Products Manufacturing,0,0,4,0.026604589,4,0.026604589
Computer repair services,Pharmaceutical Products Manufacturing,0,0,0,0,0,0
Other personal services,Pharmaceutical Products Manufacturing,0,0,0,0,0,0
Agriculture products,Rubber and Plastic Products Manufacturing,0,0,0,0,0,0
Forestry products,Rubber and Plastic Products Manufacturing,0,0,0,0,0,0
Fishing products,Rubber and Plastic Products Manufacturing,0,0,0,0,0,0
Coal and lignite,Rubber and Plastic Products Manufacturing,0,0,0,0,0,0
"Petroleum, natural gas and mining of metal ores",Rubber and Plastic Products Manufacturing,0,0,0,0,0,0
Other mining products,Rubber and Plastic Products Manufacturing,0,0,0,0,0,0
Mining support services,Rubber and Plastic Products Manufacturing,0,0,0,0,0,0
Meat and preserved meat products,Rubber and Plastic Products Manufacturing,4,0.031005348,3,0.023254011316952174,7,0.05425936
"Fish, seafood, fruit and vegetables",Rubber and Plastic Products Manufacturing,0,0,4,0.031005348,4,0.031005348
Oils and fats,Rubber and Plastic Products Manufacturing,0,0,1,0.007751337,1,0.007751337
Dairy products,Rubber and Plastic Products Manufacturing,0,0,5,0.038756686,5,0.038756686
Grain mill and starch products,Rubber and Plastic Products Manufacturing,0,0,0,0,0,0
Bakery products,Rubber and Plastic Products Manufacturing,0,0,7,0.05425936,7,0.05425936
Other food products,Rubber and Plastic Products Manufacturing,0,0,4,0.031005348,4,0.031005348
Animal feeds,Rubber and Plastic Products Manufacturing,0,0,0,0,0,0
Alcoholic beverages and tobacco,Rubber and Plastic Products Manufacturing,0,0,0,0,0,0
Soft drinks,Rubber and Plastic Products Manufacturing,0,0,0,0,0,0
Textiles,Rubber and Plastic Products Manufacturing,13,0.10076738237345942,0,0,13,0.10076738237345942
Clothing,Rubber and Plastic Products Manufacturing,0,0,0,0,0,0
Leather products,Rubber and Plastic Products Manufacturing,0,0,0,0,0,0
Wood products (excl. furniture),Rubber and Plastic Products Manufacturing,2,0.015502674,0,0,2,0.015502674
Paper products,Rubber and Plastic Products Manufacturing,161,1.2479652740097666,157,1.2169599255871637,318,2.4649252
Printing and recording services,Rubber and Plastic Products Manufacturing,1,0.007751337,0,0,1,0.007751337
Coke and refined petroleum products,Rubber and Plastic Products Manufacturing,4,0.031005348,14,0.10851871947911015,18,0.13952406790171307
Paints and coatings,Rubber and Plastic Products Manufacturing,62,0.4805829005503449,4,0.031005348,66,0.5115882489729479
Soap and detergents,Rubber and Plastic Products Manufacturing,1,0.007751337,0,0,1,0.007751337
Other chemical products,Rubber and Plastic Products Manufacturing,297,2.3021471203782653,0,0,297,2.3021471203782653
Industrial gases and fertilizers,Rubber and Plastic Products Manufacturing,17,0.13177273079606233,0,0,17,0.13177273079606233
Petrochemicals,Rubber and Plastic Products Manufacturing,1364,10.572823812107588,1108,8.588481513061003,2472,19.16130532516859
Dyestuffs and agro-chemicals,Rubber and Plastic Products Manufacturing,36,0.2790481358034261,0,0,36,0.2790481358034261
Pharmaceutical products,Rubber and Plastic Products Manufacturing,0,0,0,0,0,0
Rubber and plastic products,Rubber and Plastic Products Manufacturing,3308,25.64142315,1,0.007751337,3309,25.649174482598248
Cement and concrete products,Rubber and Plastic Products Manufacturing,0,0,0,0,0,0
"Glass, ceramic and stone products",Rubber and Plastic Products Manufacturing,147,1.1394465545306565,78,0.6046042942407565,225,1.7440508487714128
Basic iron and steel,Rubber and Plastic Products Manufacturing,1,0.007751337,0,0,1,0.007751337
Other basic metals and casting,Rubber and Plastic Products Manufacturing,118,0.9146577784667854,40,0.310053484,158,1.2247112626928145
Weapons and ammunition,Rubber and Plastic Products Manufacturing,0,0,0,0,0,0
Other fabricated metal products,Rubber and Plastic Products Manufacturing,234,1.8138128827222697,224,1.7362995116657625,458,3.550112394388032
Computer and electronic products,Rubber and Plastic Products Manufacturing,9,0.069762034,28,0.2170374389582203,37,0.2867994729090768
Electrical equipment,Rubber and Plastic Products Manufacturing,5,0.038756686,0,0,5,0.038756686
Other machinery and equipment,Rubber and Plastic Products Manufacturing,188,1.4572513758623362,0,0,188,1.4572513758623362
Motor vehicles,Rubber and Plastic Products Manufacturing,21,0.16277807921866522,1,0.007751337,22,0.17052941632431595
Ships and boats,Rubber and Plastic Products Manufacturing,0,0,0,0,0,0
Aircraft and spacecraft products,Rubber and Plastic Products Manufacturing,0,0,0,0,0,0
Other Transport Equipment,Rubber and Plastic Products Manufacturing,0,0,0,0,0,0
Furniture,Rubber and Plastic Products Manufacturing,1,0.007751337,0,0,1,0.007751337
Other manufactured goods,Rubber and Plastic Products Manufacturing,19,0.14727540500736377,0,0,19,0.14727540500736377
Ship and boat repair and maintenance,Rubber and Plastic Products Manufacturing,0,0,0,0,0,0
Air and spacecraft repair and maintenance,Rubber and Plastic Products Manufacturing,0,0,0,0,0,0
Other repair services,Rubber and Plastic Products Manufacturing,1,0.007751337,278,2.1548717153709016,279,2.1626230524765524
Electricity services,Rubber and Plastic Products Manufacturing,1,0.007751337,433,3.356328966746764,434,3.3640803038524147
"Mains gas, steam and air conditioning services",Rubber and Plastic Products Manufacturing,0,0,118,0.9146577784667854,118,0.9146577784667854
Water services,Rubber and Plastic Products Manufacturing,0,0,21,0.16277807921866522,21,0.16277807921866522
Sewerage services,Rubber and Plastic Products Manufacturing,0,0,10,0.077513371,10,0.077513371
Waste collection and treatment services,Rubber and Plastic Products Manufacturing,42,0.32555615843733043,14,0.10851871947911015,56,0.4340748779164406
Remediation and waste management services,Rubber and Plastic Products Manufacturing,0,0,0,0,0,0
Construction services,Rubber and Plastic Products Manufacturing,1,0.007751337,86,0.6666149910859623,87,0.674366328
Motor vehicle trade services,Rubber and Plastic Products Manufacturing,0,0,33,0.25579412448647393,33,0.25579412448647393
Wholesale trade services,Rubber and Plastic Products Manufacturing,1,0.007751337,1376,10.665839857375397,1377,10.673591194481048
Retail trade services,Rubber and Plastic Products Manufacturing,0,0,189,1.465002712967987,189,1.465002712967987
Rail transport services,Rubber and Plastic Products Manufacturing,0,0,0,0,0,0
Land transport services,Rubber and Plastic Products Manufacturing,73,0.565847609,385,2.984264785675529,458,3.550112394388032
Water transport services,Rubber and Plastic Products Manufacturing,0,0,0,0,0,0
Air transport services,Rubber and Plastic Products Manufacturing,0,0,0,0,0,0
Warehousing services,Rubber and Plastic Products Manufacturing,6,0.046508023,44,0.3410588326486319,50,0.38756685528253626
Postal and courier services,Rubber and Plastic Products Manufacturing,1,0.007751337,95,0.7363770250368188,96,0.7441283621424695
Accommodation services,Rubber and Plastic Products Manufacturing,0,0,0,0,0,0
Food and beverage services,Rubber and Plastic Products Manufacturing,2,0.015502674,11,0.085264708,13,0.10076738237345942
Publishing services,Rubber and Plastic Products Manufacturing,0,0,0,0,0,0
Media Production services,Rubber and Plastic Products Manufacturing,0,0,0,0,0,0
Telecommunications services,Rubber and Plastic Products Manufacturing,1,0.007751337,36,0.2790481358034261,37,0.2867994729090768
Computer programming services,Rubber and Plastic Products Manufacturing,9,0.069762034,90,0.6976203395085652,99,0.7673823734594217
Information services,Rubber and Plastic Products Manufacturing,0,0,0,0,0,0
Financial services (excl. insurance and pensions),Rubber and Plastic Products Manufacturing,43,0.33330749554298117,475,3.6818851251840945,518,4.015192620727076
Insurance and pension services,Rubber and Plastic Products Manufacturing,0,0,74,0.5735989458181536,74,0.5735989458181536
Auxiliary financial services,Rubber and Plastic Products Manufacturing,4,0.031005348,10,0.077513371,14,0.10851871947911015
Real estate services,Rubber and Plastic Products Manufacturing,0,0,0,0,0,0
Owner-occupier housing services,Rubber and Plastic Products Manufacturing,0,0,0,0,0,0
Other real estate services,Rubber and Plastic Products Manufacturing,1,0.007751337,231,1.7905588714053173,232,1.7983102085109681
Legal services,Rubber and Plastic Products Manufacturing,2,0.015502674,50,0.38756685528253626,52,0.40306952949383773
Accounting and tax services,Rubber and Plastic Products Manufacturing,4,0.031005348,101,0.7828850476707233,105,0.8138903960933263
Management consulting services,Rubber and Plastic Products Manufacturing,80,0.620106968,23,0.1782807534299667,103,0.7983877218820248
Architectural and engineering services,Rubber and Plastic Products Manufacturing,2,0.015502674,9,0.069762034,11,0.085264708
Scientific research and development services,Rubber and Plastic Products Manufacturing,0,0,0,0,0,0
Advertising and market research services,Rubber and Plastic Products Manufacturing,8,0.062010697,70,0.5425935973955507,78,0.6046042942407565
Other scientific and technical services,Rubber and Plastic Products Manufacturing,0,0,12,0.093016045,12,0.093016045
Veterinary services,Rubber and Plastic Products Manufacturing,0,0,0,0,0,0
Rental and leasing services,Rubber and Plastic Products Manufacturing,4,0.031005348,97,0.7518796992481203,101,0.7828850476707232
Employment services,Rubber and Plastic Products Manufacturing,5,0.038756686,218,1.689791489031858,223,1.7285481745601117
Travel services,Rubber and Plastic Products Manufacturing,0,0,0,0,0,0
Security services,Rubber and Plastic Products Manufacturing,0,0,0,0,0,0
Building and landscape services,Rubber and Plastic Products Manufacturing,0,0,0,0,0,0
Office support services,Rubber and Plastic Products Manufacturing,75,0.5813502829238043,216,1.6742888148205566,291,2.255639097744361
Public administration services (including defence),Rubber and Plastic Products Manufacturing,0,0,13,0.10076738237345942,13,0.10076738237345942
Education services,Rubber and Plastic Products Manufacturing,1,0.007751337,9,0.069762034,10,0.077513371
Health services,Rubber and Plastic Products Manufacturing,0,0,12,0.093016045,12,0.093016045
Residential and social care services,Rubber and Plastic Products Manufacturing,0,0,0,0,0,0
Arts and entertainment services,Rubber and Plastic Products Manufacturing,0,0,0,0,0,0
Libraries and other cultural services,Rubber and Plastic Products Manufacturing,0,0,0,0,0,0
Gambling services,Rubber and Plastic Products Manufacturing,0,0,0,0,0,0
Sports and recreation services,Rubber and Plastic Products Manufacturing,0,0,0,0,0,0
Membership services,Rubber and Plastic Products Manufacturing,0,0,3,0.023254011316952174,3,0.023254011316952174
Computer repair services,Rubber and Plastic Products Manufacturing,0,0,0,0,0,0
Other personal services,Rubber and Plastic Products Manufacturing,0,0,0,0,0,0
Agriculture products,Cement and Concrete Products Manufacturing,0,0,0,0,0,0
Forestry products,Cement and Concrete Products Manufacturing,0,0,0,0,0,0
Fishing products,Cement and Concrete Products Manufacturing,0,0,0,0,0,0
Coal and lignite,Cement and Concrete Products Manufacturing,14,0.322061192,0,0,14,0.322061192
"Petroleum, natural gas and mining of metal ores",Cement and Concrete Products Manufacturing,0,0,0,0,0,0
Other mining products,Cement and Concrete Products Manufacturing,77,1.7713365539452495,247,5.682079595123073,324,7.453416149068323
Mining support services,Cement and Concrete Products Manufacturing,0,0,0,0,0,0
Meat and preserved meat products,Cement and Concrete Products Manufacturing,0,0,3,0.069013112,3,0.069013112
"Fish, seafood, fruit and vegetables",Cement and Concrete Products Manufacturing,0,0,2,0.046008742,2,0.046008742
Oils and fats,Cement and Concrete Products Manufacturing,0,0,0,0,0,0
Dairy products,Cement and Concrete Products Manufacturing,0,0,2,0.046008742,2,0.046008742
Grain mill and starch products,Cement and Concrete Products Manufacturing,0,0,0,0,0,0
Bakery products,Cement and Concrete Products Manufacturing,0,0,3,0.069013112,3,0.069013112
Other food products,Cement and Concrete Products Manufacturing,0,0,2,0.046008742,2,0.046008742
Animal feeds,Cement and Concrete Products Manufacturing,0,0,0,0,0,0
Alcoholic beverages and tobacco,Cement and Concrete Products Manufacturing,0,0,0,0,0,0
Soft drinks,Cement and Concrete Products Manufacturing,0,0,0,0,0,0
Textiles,Cement and Concrete Products Manufacturing,0,0,0,0,0,0
Clothing,Cement and Concrete Products Manufacturing,0,0,0,0,0,0
Leather products,Cement and Concrete Products Manufacturing,0,0,0,0,0,0
Wood products (excl. furniture),Cement and Concrete Products Manufacturing,70,1.610305958132045,0,0,70,1.610305958132045
Paper products,Cement and Concrete Products Manufacturing,13,0.29905682079595125,43,0.9891879457096849,56,1.2882447665056362
Printing and recording services,Cement and Concrete Products Manufacturing,0,0,0,0,0,0
Coke and refined petroleum products,Cement and Concrete Products Manufacturing,2,0.046008742,59,1.3572578789970096,61,1.4032666206579252
Paints and coatings,Cement and Concrete Products Manufacturing,8,0.18403496664366228,0,0,8,0.18403496664366228
Soap and detergents,Cement and Concrete Products Manufacturing,0,0,0,0,0,0
Other chemical products,Cement and Concrete Products Manufacturing,75,1.725327812284334,0,0,75,1.725327812284334
Industrial gases and fertilizers,Cement and Concrete Products Manufacturing,4,0.092017483,0,0,4,0.092017483
Petrochemicals,Cement and Concrete Products Manufacturing,74,1.7023234414538764,59,1.3572578789970096,133,3.059581320450886
Dyestuffs and agro-chemicals,Cement and Concrete Products Manufacturing,21,0.4830917874396135,0,0,21,0.4830917874396135
Pharmaceutical products,Cement and Concrete Products Manufacturing,0,0,0,0,0,0
Rubber and plastic products,Cement and Concrete Products Manufacturing,17,0.3910743041177824,27,0.6211180124223602,44,1.0121923165401425
Cement and concrete products,Cement and Concrete Products Manufacturing,446,10.259949390384172,93,2.139406487232574,539,12.399355877616745
"Glass, ceramic and stone products",Cement and Concrete Products Manufacturing,7,0.1610305958132045,0,0,7,0.1610305958132045
Basic iron and steel,Cement and Concrete Products Manufacturing,11,0.2530480791350357,36,0.8281573498964804,47,1.081205429031516
Other basic metals and casting,Cement and Concrete Products Manufacturing,7,0.1610305958132045,0,0,7,0.1610305958132045
Weapons and ammunition,Cement and Concrete Products Manufacturing,0,0,0,0,0,0
Other fabricated metal products,Cement and Concrete Products Manufacturing,24,0.5521048999309869,40,0.9201748332183115,64,1.4722797331492985
Computer and electronic products,Cement and Concrete Products Manufacturing,3,0.069013112,8,0.18403496664366228,11,0.25304807913503563
Electrical equipment,Cement and Concrete Products Manufacturing,0,0,0,0,0,0
Other machinery and equipment,Cement and Concrete Products Manufacturing,11,0.2530480791350357,42,0.966183575,53,1.2192316540142627
Motor vehicles,Cement and Concrete Products Manufacturing,0,0,14,0.322061192,14,0.322061192
Ships and boats,Cement and Concrete Products Manufacturing,0,0,0,0,0,0
Aircraft and spacecraft products,Cement and Concrete Products Manufacturing,0,0,0,0,0,0
Other Transport Equipment,Cement and Concrete Products Manufacturing,0,0,0,0,0,0
Furniture,Cement and Concrete Products Manufacturing,0,0,0,0,0,0
Other manufactured goods,Cement and Concrete Products Manufacturing,0,0,1,0.023004370830457786,1,0.023004370830457786
Ship and boat repair and maintenance,Cement and Concrete Products Manufacturing,0,0,0,0,0,0
Air and spacecraft repair and maintenance,Cement and Concrete Products Manufacturing,0,0,0,0,0,0
Other repair services,Cement and Concrete Products Manufacturing,0,0,251,5.774097078444904,251,5.774097078444904
Electricity services,Cement and Concrete Products Manufacturing,1,0.023004370830457786,151,3.4736599953991263,152,3.496664366229584
"Mains gas, steam and air conditioning services",Cement and Concrete Products Manufacturing,1,0.023004370830457786,68,1.5642972164711295,69,1.5873015873015872
Water services,Cement and Concrete Products Manufacturing,0,0,12,0.27605244996549344,12,0.27605244996549344
Sewerage services,Cement and Concrete Products Manufacturing,0,0,1,0.023004370830457786,1,0.023004370830457786
Waste collection and treatment services,Cement and Concrete Products Manufacturing,3,0.069013112,17,0.3910743041177824,20,0.46008741660915575
Remediation and waste management services,Cement and Concrete Products Manufacturing,0,0,0,0,0,0
Construction services,Cement and Concrete Products Manufacturing,2,0.046008742,134,3.0825856912813436,136,3.128594432942259
Motor vehicle trade services,Cement and Concrete Products Manufacturing,0,0,8,0.18403496664366228,8,0.18403496664366228
Wholesale trade services,Cement and Concrete Products Manufacturing,0,0,581,13.365539452495975,581,13.365539452495975
Retail trade services,Cement and Concrete Products Manufacturing,0,0,79,1.8173452956061653,79,1.8173452956061653
Rail transport services,Cement and Concrete Products Manufacturing,0,0,4,0.092017483,4,0.092017483
Land transport services,Cement and Concrete Products Manufacturing,97,2.2314239705544052,538,12.37635150678629,635,14.607775477340695
Water transport services,Cement and Concrete Products Manufacturing,0,0,0,0,0,0
Air transport services,Cement and Concrete Products Manufacturing,0,0,0,0,0,0
Warehousing services,Cement and Concrete Products Manufacturing,0,0,0,0,0,0
Postal and courier services,Cement and Concrete Products Manufacturing,0,0,72,1.6563146997929608,72,1.6563146997929608
Accommodation services,Cement and Concrete Products Manufacturing,0,0,0,0,0,0
Food and beverage services,Cement and Concrete Products Manufacturing,1,0.023004370830457786,15,0.3450655624568668,16,0.3680699332873246
Publishing services,Cement and Concrete Products Manufacturing,0,0,0,0,0,0
Media Production services,Cement and Concrete Products Manufacturing,0,0,0,0,0,0
Telecommunications services,Cement and Concrete Products Manufacturing,0,0,11,0.2530480791350357,11,0.2530480791350357
Computer programming services,Cement and Concrete Products Manufacturing,1,0.023004370830457786,28,0.644122383,29,0.6671267540832758
Information services,Cement and Concrete Products Manufacturing,0,0,0,0,0,0
Financial services (excl. insurance and pensions),Cement and Concrete Products Manufacturing,15,0.3450655624568668,229,5.268000920174833,244,5.613066483
Insurance and pension services,Cement and Concrete Products Manufacturing,0,0,34,0.7821486082355648,34,0.7821486082355648
Auxiliary financial services,Cement and Concrete Products Manufacturing,0,0,44,1.0121923165401427,44,1.0121923165401427
Real estate services,Cement and Concrete Products Manufacturing,0,0,0,0,0,0
Owner-occupier housing services,Cement and Concrete Products Manufacturing,0,0,0,0,0,0
Other real estate services,Cement and Concrete Products Manufacturing,0,0,0,0,0,0
Legal services,Cement and Concrete Products Manufacturing,0,0,63,1.4492753623188406,63,1.4492753623188406
Accounting and tax services,Cement and Concrete Products Manufacturing,1,0.023004370830457786,46,1.0582010582010581,47,1.0812054290315158
Management consulting services,Cement and Concrete Products Manufacturing,0,0,0,0,0,0
Architectural and engineering services,Cement and Concrete Products Manufacturing,1,0.023004370830457786,82,1.8863584080975386,83,1.9093627789279963
Scientific research and development services,Cement and Concrete Products Manufacturing,0,0,0,0,0,0
Advertising and market research services,Cement and Concrete Products Manufacturing,1,0.023004370830457786,14,0.322061192,15,0.3450655624568668
Other scientific and technical services,Cement and Concrete Products Manufacturing,0,0,24,0.5521048999309869,24,0.5521048999309869
Veterinary services,Cement and Concrete Products Manufacturing,0,0,0,0,0,0
Rental and leasing services,Cement and Concrete Products Manufacturing,2,0.046008742,96,2.2084195997239475,98,2.254428341384863
Employment services,Cement and Concrete Products Manufacturing,1,0.023004370830457786,53,1.2192316540142627,54,1.2422360248447204
Travel services,Cement and Concrete Products Manufacturing,0,0,0,0,0,0
Security services,Cement and Concrete Products Manufacturing,0,0,0,0,0,0
Building and landscape services,Cement and Concrete Products Manufacturing,0,0,0,0,0,0
Office support services,Cement and Concrete Products Manufacturing,0,0,0,0,0,0
Public administration services (including defence),Cement and Concrete Products Manufacturing,0,0,0,0,0,0
Education services,Cement and Concrete Products Manufacturing,0,0,0,0,0,0
Health services,Cement and Concrete Products Manufacturing,0,0,0,0,0,0
Residential and social care services,Cement and Concrete Products Manufacturing,0,0,0,0,0,0
Arts and entertainment services,Cement and Concrete Products Manufacturing,0,0,0,0,0,0
Libraries and other cultural services,Cement and Concrete Products Manufacturing,0,0,0,0,0,0
Gambling services,Cement and Concrete Products Manufacturing,0,0,0,0,0,0
Sports and recreation services,Cement and Concrete Products Manufacturing,0,0,0,0,0,0
Membership services,Cement and Concrete Products Manufacturing,0,0,0,0,0,0
Computer repair services,Cement and Concrete Products Manufacturing,0,0,0,0,0,0
Other personal services,Cement and Concrete Products Manufacturing,0,0,0,0,0,0
Agriculture products,Glass and Ceramic Products Manufacturing,0,0,0,0,0,0
Forestry products,Glass and Ceramic Products Manufacturing,0,0,0,0,0,0
Fishing products,Glass and Ceramic Products Manufacturing,0,0,0,0,0,0
Coal and lignite,Glass and Ceramic Products Manufacturing,3,0.085203067,0,0,3,0.085203067
"Petroleum, natural gas and mining of metal ores",Glass and Ceramic Products Manufacturing,2,0.056802045,0,0,2,0.056802045
Other mining products,Glass and Ceramic Products Manufacturing,175,4.970178926441352,477,13.547287702357286,652,18.517466628798637
Mining support services,Glass and Ceramic Products Manufacturing,0,0,0,0,0,0
Meat and preserved meat products,Glass and Ceramic Products Manufacturing,0,0,2,0.056802045,2,0.056802045
"Fish, seafood, fruit and vegetables",Glass and Ceramic Products Manufacturing,0,0,0,0,0,0
Oils and fats,Glass and Ceramic Products Manufacturing,0,0,0,0,0,0
Dairy products,Glass and Ceramic Products Manufacturing,0,0,0,0,0,0
Grain mill and starch products,Glass and Ceramic Products Manufacturing,0,0,0,0,0,0
Bakery products,Glass and Ceramic Products Manufacturing,0,0,0,0,0,0
Other food products,Glass and Ceramic Products Manufacturing,0,0,0,0,0,0
Animal feeds,Glass and Ceramic Products Manufacturing,0,0,0,0,0,0
Alcoholic beverages and tobacco,Glass and Ceramic Products Manufacturing,0,0,0,0,0,0
Soft drinks,Glass and Ceramic Products Manufacturing,0,0,0,0,0,0
Textiles,Glass and Ceramic Products Manufacturing,12,0.3408122692416927,0,0,12,0.3408122692416927
Clothing,Glass and Ceramic Products Manufacturing,0,0,0,0,0,0
Leather products,Glass and Ceramic Products Manufacturing,0,0,0,0,0,0
Wood products (excl. furniture),Glass and Ceramic Products Manufacturing,0,0,0,0,0,0
Paper products,Glass and Ceramic Products Manufacturing,6,0.17040613462084636,11,0.31241124680488497,17,0.48281738142573133
Printing and recording services,Glass and Ceramic Products Manufacturing,0,0,0,0,0,0
Coke and refined petroleum products,Glass and Ceramic Products Manufacturing,18,0.511218404,33,0.9372337404146549,51,1.4484521442771938
Paints and coatings,Glass and Ceramic Products Manufacturing,1,0.028401022436807723,0,0,1,0.028401022436807723
Soap and detergents,Glass and Ceramic Products Manufacturing,0,0,0,0,0,0
Other chemical products,Glass and Ceramic Products Manufacturing,0,0,0,0,0,0
Industrial gases and fertilizers,Glass and Ceramic Products Manufacturing,30,0.8520306731042318,37,1.050837830161886,67,1.9028685032661177
Petrochemicals,Glass and Ceramic Products Manufacturing,46,1.3064470320931554,37,1.050837830161886,83,2.3572848622550415
Dyestuffs and agro-chemicals,Glass and Ceramic Products Manufacturing,0,0,0,0,0,0
Pharmaceutical products,Glass and Ceramic Products Manufacturing,0,0,0,0,0,0
Rubber and plastic products,Glass and Ceramic Products Manufacturing,14,0.3976143141153081,0,0,14,0.3976143141153081
Cement and concrete products,Glass and Ceramic Products Manufacturing,59,1.6756603237716556,106,3.0105083783016187,165,4.6861687020732745
"Glass, ceramic and stone products",Glass and Ceramic Products Manufacturing,294,8.349900596,1,0.028401022436807723,295,8.378301618858279
Basic iron and steel,Glass and Ceramic Products Manufacturing,4,0.1136040897472309,0,0,4,0.1136040897472309
Other basic metals and casting,Glass and Ceramic Products Manufacturing,5,0.1420051121840386,0,0,5,0.1420051121840386
Weapons and ammunition,Glass and Ceramic Products Manufacturing,0,0,0,0,0,0
Other fabricated metal products,Glass and Ceramic Products Manufacturing,50,1.4200511218403862,6,0.17040613462084636,56,1.5904572564612325
Computer and electronic products,Glass and Ceramic Products Manufacturing,10,0.2840102243680772,11,0.31241124680488497,21,0.5964214711729622
Electrical equipment,Glass and Ceramic Products Manufacturing,0,0,0,0,0,0
Other machinery and equipment,Glass and Ceramic Products Manufacturing,50,1.4200511218403862,19,0.5396194262993468,69,1.959670548139733
Motor vehicles,Glass and Ceramic Products Manufacturing,14,0.3976143141153081,0,0,14,0.3976143141153081
Ships and boats,Glass and Ceramic Products Manufacturing,0,0,0,0,0,0
Aircraft and spacecraft products,Glass and Ceramic Products Manufacturing,0,0,0,0,0,0
Other Transport Equipment,Glass and Ceramic Products Manufacturing,0,0,0,0,0,0
Furniture,Glass and Ceramic Products Manufacturing,0,0,0,0,0,0
Other manufactured goods,Glass and Ceramic Products Manufacturing,4,0.1136040897472309,3,0.085203067,7,0.19880715705765406
Ship and boat repair and maintenance,Glass and Ceramic Products Manufacturing,0,0,0,0,0,0
Air and spacecraft repair and maintenance,Glass and Ceramic Products Manufacturing,0,0,0,0,0,0
Other repair services,Glass and Ceramic Products Manufacturing,0,0,130,3.6921329167850043,130,3.6921329167850043
Electricity services,Glass and Ceramic Products Manufacturing,0,0,169,4.799772791820506,169,4.799772791820506
"Mains gas, steam and air conditioning services",Glass and Ceramic Products Manufacturing,0,0,80,2.2720817949446177,80,2.2720817949446177
Water services,Glass and Ceramic Products Manufacturing,0,0,15,0.4260153365521159,15,0.4260153365521159
Sewerage services,Glass and Ceramic Products Manufacturing,0,0,1,0.028401022436807723,1,0.028401022436807723
Waste collection and treatment services,Glass and Ceramic Products Manufacturing,14,0.3976143141153081,0,0,14,0.3976143141153081
Remediation and waste management services,Glass and Ceramic Products Manufacturing,0,0,0,0,0,0
Construction services,Glass and Ceramic Products Manufacturing,0,0,0,0,0,0
Motor vehicle trade services,Glass and Ceramic Products Manufacturing,0,0,9,0.2556092019312695,9,0.2556092019312695
Wholesale trade services,Glass and Ceramic Products Manufacturing,0,0,481,13.660891792104515,481,13.660891792104515
Retail trade services,Glass and Ceramic Products Manufacturing,0,0,80,2.2720817949446177,80,2.2720817949446177
Rail transport services,Glass and Ceramic Products Manufacturing,0,0,7,0.19880715705765406,7,0.19880715705765406
Land transport services,Glass and Ceramic Products Manufacturing,10,0.2840102243680772,136,3.8625390514058506,146,4.1465492757739275
Water transport services,Glass and Ceramic Products Manufacturing,1,0.028401022436807723,9,0.2556092019312695,10,0.2840102243680772
Air transport services,Glass and Ceramic Products Manufacturing,0,0,0,0,0,0
Warehousing services,Glass and Ceramic Products Manufacturing,0,0,15,0.4260153365521159,15,0.4260153365521159
Postal and courier services,Glass and Ceramic Products Manufacturing,0,0,86,2.4424879295654645,86,2.4424879295654645
Accommodation services,Glass and Ceramic Products Manufacturing,0,0,0,0,0,0
Food and beverage services,Glass and Ceramic Products Manufacturing,1,0.028401022436807723,2,0.056802045,3,0.085203067
Publishing services,Glass and Ceramic Products Manufacturing,0,0,0,0,0,0
Media Production services,Glass and Ceramic Products Manufacturing,0,0,0,0,0,0
Telecommunications services,Glass and Ceramic Products Manufacturing,1,0.028401022436807723,12,0.3408122692416927,13,0.3692132916785004
Computer programming services,Glass and Ceramic Products Manufacturing,4,0.1136040897472309,46,1.3064470320931554,50,1.4200511218403862
Information services,Glass and Ceramic Products Manufacturing,0,0,0,0,0,0
Financial services (excl. insurance and pensions),Glass and Ceramic Products Manufacturing,8,0.2272081794944618,313,8.889520022720818,321,9.116728202
Insurance and pension services,Glass and Ceramic Products Manufacturing,0,0,26,0.7384265833570008,26,0.7384265833570008
Auxiliary financial services,Glass and Ceramic Products Manufacturing,2,0.056802045,13,0.3692132916785004,15,0.4260153365521159
Real estate services,Glass and Ceramic Products Manufacturing,0,0,0,0,0,0
Owner-occupier housing services,Glass and Ceramic Products Manufacturing,0,0,0,0,0,0
Other real estate services,Glass and Ceramic Products Manufacturing,0,0,0,0,0,0
Legal services,Glass and Ceramic Products Manufacturing,1,0.028401022436807723,34,0.9656347628514627,35,0.9940357852882704
Accounting and tax services,Glass and Ceramic Products Manufacturing,1,0.028401022436807723,22,0.6248224936097699,23,0.6532235160465777
Management consulting services,Glass and Ceramic Products Manufacturing,2,0.056802045,0,0,2,0.056802045
Architectural and engineering services,Glass and Ceramic Products Manufacturing,5,0.1420051121840386,73,2.073274637886964,78,2.215279750071003
Scientific research and development services,Glass and Ceramic Products Manufacturing,0,0,0,0,0,0
Advertising and market research services,Glass and Ceramic Products Manufacturing,1,0.028401022436807723,23,0.6532235160465777,24,0.6816245384833854
Other scientific and technical services,Glass and Ceramic Products Manufacturing,0,0,32,0.9088327179778471,32,0.9088327179778471
Veterinary services,Glass and Ceramic Products Manufacturing,0,0,0,0,0,0
Rental and leasing services,Glass and Ceramic Products Manufacturing,2,0.056802045,44,1.2496449872195399,46,1.3064470320931554
Employment services,Glass and Ceramic Products Manufacturing,2,0.056802045,16,0.4544163589889236,18,0.511218404
Travel services,Glass and Ceramic Products Manufacturing,0,0,0,0,0,0
Security services,Glass and Ceramic Products Manufacturing,0,0,0,0,0,0
Building and landscape services,Glass and Ceramic Products Manufacturing,0,0,0,0,0,0
Office support services,Glass and Ceramic Products Manufacturing,14,0.3976143141153081,15,0.4260153365521159,29,0.823629651
Public administration services (including defence),Glass and Ceramic Products Manufacturing,0,0,8,0.2272081794944618,8,0.2272081794944618
Education services,Glass and Ceramic Products Manufacturing,0,0,7,0.19880715705765406,7,0.19880715705765406
Health services,Glass and Ceramic Products Manufacturing,1,0.028401022436807723,5,0.1420051121840386,6,0.17040613462084633
Residential and social care services,Glass and Ceramic Products Manufacturing,0,0,0,0,0,0
Arts and entertainment services,Glass and Ceramic Products Manufacturing,0,0,0,0,0,0
Libraries and other cultural services,Glass and Ceramic Products Manufacturing,0,0,0,0,0,0
Gambling services,Glass and Ceramic Products Manufacturing,0,0,0,0,0,0
Sports and recreation services,Glass and Ceramic Products Manufacturing,0,0,0,0,0,0
Membership services,Glass and Ceramic Products Manufacturing,0,0,0,0,0,0
Computer repair services,Glass and Ceramic Products Manufacturing,0,0,0,0,0,0
Other personal services,Glass and Ceramic Products Manufacturing,0,0,2,0.056802045,2,0.056802045
Agriculture products,Iron and Steel Manufacturing,0,0,0,0,0,0
Forestry products,Iron and Steel Manufacturing,0,0,0,0,0,0
Fishing products,Iron and Steel Manufacturing,0,0,0,0,0,0
Coal and lignite,Iron and Steel Manufacturing,88,1.5539466713755958,0,0,88,1.5539466713755958
"Petroleum, natural gas and mining of metal ores",Iron and Steel Manufacturing,212,3.743598799223027,0,0,212,3.743598799223027
Other mining products,Iron and Steel Manufacturing,0,0,0,0,0,0
Mining support services,Iron and Steel Manufacturing,0,0,0,0,0,0
Meat and preserved meat products,Iron and Steel Manufacturing,0,0,0,0,0,0
"Fish, seafood, fruit and vegetables",Iron and Steel Manufacturing,0,0,0,0,0,0
Oils and fats,Iron and Steel Manufacturing,0,0,2,0.035316969803990815,2,0.035316969803990815
Dairy products,Iron and Steel Manufacturing,0,0,0,0,0,0
Grain mill and starch products,Iron and Steel Manufacturing,0,0,0,0,0,0
Bakery products,Iron and Steel Manufacturing,0,0,1,0.017658484901995408,1,0.017658484901995408
Other food products,Iron and Steel Manufacturing,0,0,0,0,0,0
Animal feeds,Iron and Steel Manufacturing,0,0,0,0,0,0
Alcoholic beverages and tobacco,Iron and Steel Manufacturing,0,0,0,0,0,0
Soft drinks,Iron and Steel Manufacturing,0,0,0,0,0,0
Textiles,Iron and Steel Manufacturing,0,0,0,0,0,0
Clothing,Iron and Steel Manufacturing,0,0,0,0,0,0
Leather products,Iron and Steel Manufacturing,0,0,0,0,0,0
Wood products (excl. furniture),Iron and Steel Manufacturing,0,0,0,0,0,0
Paper products,Iron and Steel Manufacturing,0,0,2,0.035316969803990815,2,0.035316969803990815
Printing and recording services,Iron and Steel Manufacturing,0,0,0,0,0,0
Coke and refined petroleum products,Iron and Steel Manufacturing,5,0.088292425,1,0.017658484901995408,6,0.10595090941197245
Paints and coatings,Iron and Steel Manufacturing,0,0,0,0,0,0
Soap and detergents,Iron and Steel Manufacturing,0,0,0,0,0,0
Other chemical products,Iron and Steel Manufacturing,0,0,0,0,0,0
Industrial gases and fertilizers,Iron and Steel Manufacturing,5,0.088292425,0,0,5,0.088292425
Petrochemicals,Iron and Steel Manufacturing,37,0.6533639413738301,31,0.5474130319618578,68,1.200776973335688
Dyestuffs and agro-chemicals,Iron and Steel Manufacturing,0,0,0,0,0,0
Pharmaceutical products,Iron and Steel Manufacturing,0,0,0,0,0,0
Rubber and plastic products,Iron and Steel Manufacturing,0,0,0,0,0,0
Cement and concrete products,Iron and Steel Manufacturing,0,0,0,0,0,0
"Glass, ceramic and stone products",Iron and Steel Manufacturing,26,0.45912060745188066,45,0.7946318205897933,71,1.253752428041674
Basic iron and steel,Iron and Steel Manufacturing,1298,22.920713402790042,1,0.017658484901995408,1299,22.93837188769204
Other basic metals and casting,Iron and Steel Manufacturing,182,3.2138442521631645,212,3.743598799223027,394,6.957443051386191
Weapons and ammunition,Iron and Steel Manufacturing,0,0,0,0,0,0
Other fabricated metal products,Iron and Steel Manufacturing,66,1.1654600035316969,443,7.822708811583966,509,8.988168815115662
Computer and electronic products,Iron and Steel Manufacturing,2,0.035316969803990815,1,0.017658484901995408,3,0.052975455
Electrical equipment,Iron and Steel Manufacturing,0,0,0,0,0,0
Other machinery and equipment,Iron and Steel Manufacturing,69,1.2184354582376833,0,0,69,1.2184354582376833
Motor vehicles,Iron and Steel Manufacturing,0,0,1,0.017658484901995408,1,0.017658484901995408
Ships and boats,Iron and Steel Manufacturing,0,0,0,0,0,0
Aircraft and spacecraft products,Iron and Steel Manufacturing,0,0,0,0,0,0
Other Transport Equipment,Iron and Steel Manufacturing,0,0,0,0,0,0
Furniture,Iron and Steel Manufacturing,0,0,0,0,0,0
Other manufactured goods,Iron and Steel Manufacturing,1,0.017658484901995408,0,0,1,0.017658484901995408
Ship and boat repair and maintenance,Iron and Steel Manufacturing,0,0,0,0,0,0
Air and spacecraft repair and maintenance,Iron and Steel Manufacturing,0,0,0,0,0,0
Other repair services,Iron and Steel Manufacturing,0,0,152,2.684089705103302,152,2.684089705103302
Electricity services,Iron and Steel Manufacturing,0,0,92,1.6245806109835776,92,1.6245806109835776
"Mains gas, steam and air conditioning services",Iron and Steel Manufacturing,1,0.017658484901995408,85,1.5009712166696099,86,1.5186297015716053
Water services,Iron and Steel Manufacturing,0,0,11,0.19424333392194948,11,0.19424333392194948
Sewerage services,Iron and Steel Manufacturing,0,0,1,0.017658484901995408,1,0.017658484901995408
Waste collection and treatment services,Iron and Steel Manufacturing,4,0.07063394,184,3.2491612219671553,188,3.319795161575137
Remediation and waste management services,Iron and Steel Manufacturing,0,0,0,0,0,0
Construction services,Iron and Steel Manufacturing,0,0,0,0,0,0
Motor vehicle trade services,Iron and Steel Manufacturing,0,0,4,0.07063394,4,0.07063394
Wholesale trade services,Iron and Steel Manufacturing,0,0,1131,19.97174642415681,1131,19.97174642415681
Retail trade services,Iron and Steel Manufacturing,0,0,270,4.767790924,270,4.767790924
Rail transport services,Iron and Steel Manufacturing,0,0,37,0.6533639413738301,37,0.6533639413738301
Land transport services,Iron and Steel Manufacturing,27,0.47677909235387606,160,2.8253575843192653,187,3.3021366766731415
Water transport services,Iron and Steel Manufacturing,10,0.17658484901995408,0,0,10,0.17658484901995408
Air transport services,Iron and Steel Manufacturing,1,0.017658484901995408,21,0.3708281829419036,22,0.388486668
Warehousing services,Iron and Steel Manufacturing,0,0,0,0,0,0
Postal and courier services,Iron and Steel Manufacturing,0,0,40,0.7063393960798163,40,0.7063393960798163
Accommodation services,Iron and Steel Manufacturing,0,0,0,0,0,0
Food and beverage services,Iron and Steel Manufacturing,0,0,9,0.15892636411795866,9,0.15892636411795866
Publishing services,Iron and Steel Manufacturing,0,0,9,0.15892636411795866,9,0.15892636411795866
Media Production services,Iron and Steel Manufacturing,0,0,0,0,0,0
Telecommunications services,Iron and Steel Manufacturing,1,0.017658484901995408,4,0.07063394,5,0.088292425
Computer programming services,Iron and Steel Manufacturing,1,0.017658484901995408,70,1.2360939431396787,71,1.253752428041674
Information services,Iron and Steel Manufacturing,0,0,0,0,0,0
Financial services (excl. insurance and pensions),Iron and Steel Manufacturing,25,0.4414621225498852,221,3.9025251633409854,246,4.343987286
Insurance and pension services,Iron and Steel Manufacturing,0,0,52,0.9182412149037613,52,0.9182412149037613
Auxiliary financial services,Iron and Steel Manufacturing,1,0.017658484901995408,27,0.47677909235387606,28,0.49443757725587145
Real estate services,Iron and Steel Manufacturing,0,0,0,0,0,0
Owner-occupier housing services,Iron and Steel Manufacturing,0,0,0,0,0,0
Other real estate services,Iron and Steel Manufacturing,0,0,9,0.15892636411795866,9,0.15892636411795866
Legal services,Iron and Steel Manufacturing,1,0.017658484901995408,39,0.6886809111778209,40,0.7063393960798163
Accounting and tax services,Iron and Steel Manufacturing,1,0.017658484901995408,11,0.19424333392194948,12,0.21190181882394488
Management consulting services,Iron and Steel Manufacturing,8,0.14126787921596326,0,0,8,0.14126787921596326
Architectural and engineering services,Iron and Steel Manufacturing,8,0.14126787921596326,70,1.2360939431396787,78,1.3773618223556419
Scientific research and development services,Iron and Steel Manufacturing,0,0,0,0,0,0
Advertising and market research services,Iron and Steel Manufacturing,1,0.017658484901995408,3,0.052975454705986226,4,0.07063394
Other scientific and technical services,Iron and Steel Manufacturing,0,0,1,0.017658484901995408,1,0.017658484901995408
Veterinary services,Iron and Steel Manufacturing,0,0,0,0,0,0
Rental and leasing services,Iron and Steel Manufacturing,1,0.017658484901995408,105,1.8541409147095178,106,1.8717993996115132
Employment services,Iron and Steel Manufacturing,4,0.07063394,12,0.2119018188239449,16,0.2825357584319265
Travel services,Iron and Steel Manufacturing,0,0,0,0,0,0
Security services,Iron and Steel Manufacturing,0,0,0,0,0,0
Building and landscape services,Iron and Steel Manufacturing,0,0,0,0,0,0
Office support services,Iron and Steel Manufacturing,1,0.017658484901995408,0,0,1,0.017658484901995408
Public administration services (including defence),Iron and Steel Manufacturing,0,0,6,0.10595090941197245,6,0.10595090941197245
Education services,Iron and Steel Manufacturing,0,0,0,0,0,0
Health services,Iron and Steel Manufacturing,0,0,0,0,0,0
Residential and social care services,Iron and Steel Manufacturing,0,0,0,0,0,0
Arts and entertainment services,Iron and Steel Manufacturing,0,0,0,0,0,0
Libraries and other cultural services,Iron and Steel Manufacturing,0,0,0,0,0,0
Gambling services,Iron and Steel Manufacturing,0,0,0,0,0,0
Sports and recreation services,Iron and Steel Manufacturing,0,0,0,0,0,0
Membership services,Iron and Steel Manufacturing,0,0,0,0,0,0
Computer repair services,Iron and Steel Manufacturing,0,0,0,0,0,0
Other personal services,Iron and Steel Manufacturing,0,0,0,0,0,0
Agriculture products,Other Basic Metals Manufacturing,0,0,0,0,0,0
Forestry products,Other Basic Metals Manufacturing,0,0,0,0,0,0
Fishing products,Other Basic Metals Manufacturing,0,0,0,0,0,0
Coal and lignite,Other Basic Metals Manufacturing,0,0,0,0,0,0
"Petroleum, natural gas and mining of metal ores",Other Basic Metals Manufacturing,372,12.12516297,0,0,372,12.12516297
Other mining products,Other Basic Metals Manufacturing,1,0.032594524,10,0.3259452411994785,11,0.35853976531942633
Mining support services,Other Basic Metals Manufacturing,0,0,0,0,0,0
Meat and preserved meat products,Other Basic Metals Manufacturing,0,0,3,0.097783572,3,0.097783572
"Fish, seafood, fruit and vegetables",Other Basic Metals Manufacturing,0,0,1,0.032594524,1,0.032594524
Oils and fats,Other Basic Metals Manufacturing,0,0,0,0,0,0
Dairy products,Other Basic Metals Manufacturing,0,0,3,0.097783572,3,0.097783572
Grain mill and starch products,Other Basic Metals Manufacturing,0,0,0,0,0,0
Bakery products,Other Basic Metals Manufacturing,0,0,2,0.065189048,2,0.065189048
Other food products,Other Basic Metals Manufacturing,0,0,1,0.032594524,1,0.032594524
Animal feeds,Other Basic Metals Manufacturing,0,0,0,0,0,0
Alcoholic beverages and tobacco,Other Basic Metals Manufacturing,0,0,0,0,0,0
Soft drinks,Other Basic Metals Manufacturing,0,0,0,0,0,0
Textiles,Other Basic Metals Manufacturing,0,0,0,0,0,0
Clothing,Other Basic Metals Manufacturing,0,0,0,0,0,0
Leather products,Other Basic Metals Manufacturing,0,0,0,0,0,0
Wood products (excl. furniture),Other Basic Metals Manufacturing,0,0,0,0,0,0
Paper products,Other Basic Metals Manufacturing,1,0.032594524,0,0,1,0.032594524
Printing and recording services,Other Basic Metals Manufacturing,0,0,0,0,0,0
Coke and refined petroleum products,Other Basic Metals Manufacturing,0,0,3,0.097783572,3,0.097783572
Paints and coatings,Other Basic Metals Manufacturing,0,0,0,0,0,0
Soap and detergents,Other Basic Metals Manufacturing,0,0,0,0,0,0
Other chemical products,Other Basic Metals Manufacturing,1,0.032594524,0,0,1,0.032594524
Industrial gases and fertilizers,Other Basic Metals Manufacturing,2,0.065189048,1,0.032594524,3,0.097783572
Petrochemicals,Other Basic Metals Manufacturing,5,0.16297262059973924,4,0.1303780964797914,9,0.29335071707953064
Dyestuffs and agro-chemicals,Other Basic Metals Manufacturing,0,0,0,0,0,0
Pharmaceutical products,Other Basic Metals Manufacturing,0,0,0,0,0,0
Rubber and plastic products,Other Basic Metals Manufacturing,2,0.065189048,0,0,2,0.065189048
Cement and concrete products,Other Basic Metals Manufacturing,0,0,0,0,0,0
"Glass, ceramic and stone products",Other Basic Metals Manufacturing,4,0.1303780964797914,0,0,4,0.1303780964797914
Basic iron and steel,Other Basic Metals Manufacturing,60,1.955671447196871,13,0.423728814,73,2.379400260756193
Other basic metals and casting,Other Basic Metals Manufacturing,1198,39.04823989569752,42,1.3689700130378095,1240,40.41720990873533
Weapons and ammunition,Other Basic Metals Manufacturing,0,0,0,0,0,0
Other fabricated metal products,Other Basic Metals Manufacturing,56,1.8252933507170794,23,0.7496740547588006,79,2.574967405
Computer and electronic products,Other Basic Metals Manufacturing,2,0.065189048,1,0.032594524,3,0.097783572
Electrical equipment,Other Basic Metals Manufacturing,1,0.032594524,0,0,1,0.032594524
Other machinery and equipment,Other Basic Metals Manufacturing,34,1.108213820078227,21,0.6844850065189048,55,1.7926988265971318
Motor vehicles,Other Basic Metals Manufacturing,1,0.032594524,0,0,1,0.032594524
Ships and boats,Other Basic Metals Manufacturing,0,0,0,0,0,0
Aircraft and spacecraft products,Other Basic Metals Manufacturing,0,0,0,0,0,0
Other Transport Equipment,Other Basic Metals Manufacturing,0,0,0,0,0,0
Furniture,Other Basic Metals Manufacturing,0,0,0,0,0,0
Other manufactured goods,Other Basic Metals Manufacturing,2,0.065189048,0,0,2,0.065189048
Ship and boat repair and maintenance,Other Basic Metals Manufacturing,0,0,0,0,0,0
Air and spacecraft repair and maintenance,Other Basic Metals Manufacturing,0,0,0,0,0,0
Other repair services,Other Basic Metals Manufacturing,0,0,46,1.4993481095176011,46,1.4993481095176011
Electricity services,Other Basic Metals Manufacturing,1,0.032594524,103,3.3572359843546282,104,3.389830508474576
"Mains gas, steam and air conditioning services",Other Basic Metals Manufacturing,0,0,41,1.3363754889178618,41,1.3363754889178618
Water services,Other Basic Metals Manufacturing,0,0,2,0.065189048,2,0.065189048
Sewerage services,Other Basic Metals Manufacturing,0,0,4,0.1303780964797914,4,0.1303780964797914
Waste collection and treatment services,Other Basic Metals Manufacturing,33,1.0756192959582789,0,0,33,1.0756192959582789
Remediation and waste management services,Other Basic Metals Manufacturing,0,0,0,0,0,0
Construction services,Other Basic Metals Manufacturing,0,0,0,0,0,0
Motor vehicle trade services,Other Basic Metals Manufacturing,0,0,2,0.065189048,2,0.065189048
Wholesale trade services,Other Basic Metals Manufacturing,0,0,324,10.560625814863103,324,10.560625814863103
Retail trade services,Other Basic Metals Manufacturing,0,0,71,2.3142112125162972,71,2.3142112125162972
Rail transport services,Other Basic Metals Manufacturing,0,0,0,0,0,0
Land transport services,Other Basic Metals Manufacturing,11,0.35853976531942633,70,2.2816166883963493,81,2.640156453715776
Water transport services,Other Basic Metals Manufacturing,0,0,0,0,0,0
Air transport services,Other Basic Metals Manufacturing,0,0,0,0,0,0
Warehousing services,Other Basic Metals Manufacturing,0,0,7,0.22816166883963493,7,0.22816166883963493
Postal and courier services,Other Basic Metals Manufacturing,0,0,44,1.4341590612777053,44,1.4341590612777053
Accommodation services,Other Basic Metals Manufacturing,0,0,0,0,0,0
Food and beverage services,Other Basic Metals Manufacturing,0,0,4,0.1303780964797914,4,0.1303780964797914
Publishing services,Other Basic Metals Manufacturing,0,0,9,0.29335071707953064,9,0.29335071707953064
Media Production services,Other Basic Metals Manufacturing,0,0,0,0,0,0
Telecommunications services,Other Basic Metals Manufacturing,0,0,4,0.1303780964797914,4,0.1303780964797914
Computer programming services,Other Basic Metals Manufacturing,1,0.032594524,30,0.9778357235984355,31,1.0104302477183833
Information services,Other Basic Metals Manufacturing,0,0,0,0,0,0
Financial services (excl. insurance and pensions),Other Basic Metals Manufacturing,19,0.6192959582790091,154,5.019556714471968,173,5.638852672750978
Insurance and pension services,Other Basic Metals Manufacturing,0,0,18,0.5867014341590613,18,0.5867014341590613
Auxiliary financial services,Other Basic Metals Manufacturing,0,0,6,0.1955671447196871,6,0.1955671447196871
Real estate services,Other Basic Metals Manufacturing,0,0,0,0,0,0
Owner-occupier housing services,Other Basic Metals Manufacturing,0,0,0,0,0,0
Other real estate services,Other Basic Metals Manufacturing,0,0,6,0.1955671447196871,6,0.1955671447196871
Legal services,Other Basic Metals Manufacturing,0,0,10,0.3259452411994785,10,0.3259452411994785
Accounting and tax services,Other Basic Metals Manufacturing,0,0,7,0.22816166883963493,7,0.22816166883963493
Management consulting services,Other Basic Metals Manufacturing,3,0.097783572,0,0,3,0.097783572
Architectural and engineering services,Other Basic Metals Manufacturing,1,0.032594524,92,2.9986962190352022,93,3.031290743
Scientific research and development services,Other Basic Metals Manufacturing,0,0,0,0,0,0
Advertising and market research services,Other Basic Metals Manufacturing,0,0,2,0.065189048,2,0.065189048
Other scientific and technical services,Other Basic Metals Manufacturing,0,0,3,0.097783572,3,0.097783572
Veterinary services,Other Basic Metals Manufacturing,0,0,0,0,0,0
Rental and leasing services,Other Basic Metals Manufacturing,0,0,17,0.5541069100391135,17,0.5541069100391135
Employment services,Other Basic Metals Manufacturing,1,0.032594524,19,0.6192959582790091,20,0.651890482
Travel services,Other Basic Metals Manufacturing,0,0,0,0,0,0
Security services,Other Basic Metals Manufacturing,0,0,0,0,0,0
Building and landscape services,Other Basic Metals Manufacturing,0,0,0,0,0,0
Office support services,Other Basic Metals Manufacturing,3,0.097783572,0,0,3,0.097783572
Public administration services (including defence),Other Basic Metals Manufacturing,0,0,19,0.6192959582790091,19,0.6192959582790091
Education services,Other Basic Metals Manufacturing,0,0,8,0.2607561929595828,8,0.2607561929595828
Health services,Other Basic Metals Manufacturing,0,0,1,0.032594524,1,0.032594524
Residential and social care services,Other Basic Metals Manufacturing,0,0,0,0,0,0
Arts and entertainment services,Other Basic Metals Manufacturing,0,0,0,0,0,0
Libraries and other cultural services,Other Basic Metals Manufacturing,0,0,0,0,0,0
Gambling services,Other Basic Metals Manufacturing,0,0,0,0,0,0
Sports and recreation services,Other Basic Metals Manufacturing,0,0,0,0,0,0
Membership services,Other Basic Metals Manufacturing,0,0,1,0.032594524,1,0.032594524
Computer repair services,Other Basic Metals Manufacturing,0,0,0,0,0,0
Other personal services,Other Basic Metals Manufacturing,0,0,1,0.032594524,1,0.032594524
Agriculture products,Weapons and Ammunition Manufacturing,0,0,0,0,0,0
Forestry products,Weapons and Ammunition Manufacturing,0,0,0,0,0,0
Fishing products,Weapons and Ammunition Manufacturing,0,0,0,0,0,0
Coal and lignite,Weapons and Ammunition Manufacturing,0,0,0,0,0,0
"Petroleum, natural gas and mining of metal ores",Weapons and Ammunition Manufacturing,0,0,0,0,0,0
Other mining products,Weapons and Ammunition Manufacturing,0,0,0,0,0,0
Mining support services,Weapons and Ammunition Manufacturing,0,0,0,0,0,0
Meat and preserved meat products,Weapons and Ammunition Manufacturing,0,0,4,0.17057569296375266,4,0.17057569296375266
"Fish, seafood, fruit and vegetables",Weapons and Ammunition Manufacturing,0,0,2,0.085287846,2,0.085287846
Oils and fats,Weapons and Ammunition Manufacturing,0,0,0,0,0,0
Dairy products,Weapons and Ammunition Manufacturing,0,0,2,0.085287846,2,0.085287846
Grain mill and starch products,Weapons and Ammunition Manufacturing,0,0,0,0,0,0
Bakery products,Weapons and Ammunition Manufacturing,0,0,3,0.1279317697228145,3,0.1279317697228145
Other food products,Weapons and Ammunition Manufacturing,0,0,2,0.085287846,2,0.085287846
Animal feeds,Weapons and Ammunition Manufacturing,0,0,0,0,0,0
Alcoholic beverages and tobacco,Weapons and Ammunition Manufacturing,0,0,0,0,0,0
Soft drinks,Weapons and Ammunition Manufacturing,0,0,0,0,0,0
Textiles,Weapons and Ammunition Manufacturing,0,0,0,0,0,0
Clothing,Weapons and Ammunition Manufacturing,0,0,0,0,0,0
Leather products,Weapons and Ammunition Manufacturing,0,0,0,0,0,0
Wood products (excl. furniture),Weapons and Ammunition Manufacturing,2,0.085287846,6,0.255863539,8,0.3411513859275053
Paper products,Weapons and Ammunition Manufacturing,0,0,2,0.085287846,2,0.085287846
Printing and recording services,Weapons and Ammunition Manufacturing,0,0,0,0,0,0
Coke and refined petroleum products,Weapons and Ammunition Manufacturing,0,0,1,0.042643923240938165,1,0.042643923240938165
Paints and coatings,Weapons and Ammunition Manufacturing,0,0,0,0,0,0
Soap and detergents,Weapons and Ammunition Manufacturing,0,0,0,0,0,0
Other chemical products,Weapons and Ammunition Manufacturing,53,2.260127931769723,19,0.810234542,72,3.070362473347548
Industrial gases and fertilizers,Weapons and Ammunition Manufacturing,0,0,0,0,0,0
Petrochemicals,Weapons and Ammunition Manufacturing,0,0,1,0.042643923240938165,1,0.042643923240938165
Dyestuffs and agro-chemicals,Weapons and Ammunition Manufacturing,0,0,0,0,0,0
Pharmaceutical products,Weapons and Ammunition Manufacturing,0,0,0,0,0,0
Rubber and plastic products,Weapons and Ammunition Manufacturing,0,0,0,0,0,0
Cement and concrete products,Weapons and Ammunition Manufacturing,0,0,0,0,0,0
"Glass, ceramic and stone products",Weapons and Ammunition Manufacturing,0,0,0,0,0,0
Basic iron and steel,Weapons and Ammunition Manufacturing,3,0.1279317697228145,19,0.810234542,22,0.9381663113006395
Other basic metals and casting,Weapons and Ammunition Manufacturing,1,0.042643923240938165,129,5.501066098081023,130,5.543710021321961
Weapons and ammunition,Weapons and Ammunition Manufacturing,269,11.471215351812367,0,0,269,11.471215351812367
Other fabricated metal products,Weapons and Ammunition Manufacturing,5,0.21321961620469082,337,14.371002132196162,342,14.584221748400854
Computer and electronic products,Weapons and Ammunition Manufacturing,41,1.7484008528784647,28,1.1940298507462688,69,2.9424307036247335
Electrical equipment,Weapons and Ammunition Manufacturing,7,0.2985074626865672,113,4.818763326226013,120,5.117270789
Other machinery and equipment,Weapons and Ammunition Manufacturing,2,0.085287846,213,9.08315565,215,9.168443496801705
Motor vehicles,Weapons and Ammunition Manufacturing,0,0,0,0,0,0
Ships and boats,Weapons and Ammunition Manufacturing,0,0,0,0,0,0
Aircraft and spacecraft products,Weapons and Ammunition Manufacturing,2,0.085287846,0,0,2,0.085287846
Other Transport Equipment,Weapons and Ammunition Manufacturing,0,0,0,0,0,0
Furniture,Weapons and Ammunition Manufacturing,0,0,0,0,0,0
Other manufactured goods,Weapons and Ammunition Manufacturing,0,0,4,0.17057569296375266,4,0.17057569296375266
Ship and boat repair and maintenance,Weapons and Ammunition Manufacturing,0,0,0,0,0,0
Air and spacecraft repair and maintenance,Weapons and Ammunition Manufacturing,0,0,0,0,0,0
Other repair services,Weapons and Ammunition Manufacturing,0,0,176,7.505330490405117,176,7.505330490405117
Electricity services,Weapons and Ammunition Manufacturing,0,0,36,1.535181236673774,36,1.535181236673774
"Mains gas, steam and air conditioning services",Weapons and Ammunition Manufacturing,0,0,10,0.42643923240938164,10,0.42643923240938164
Water services,Weapons and Ammunition Manufacturing,0,0,1,0.042643923240938165,1,0.042643923240938165
Sewerage services,Weapons and Ammunition Manufacturing,0,0,0,0,0,0
Waste collection and treatment services,Weapons and Ammunition Manufacturing,0,0,8,0.3411513859275053,8,0.3411513859275053
Remediation and waste management services,Weapons and Ammunition Manufacturing,0,0,0,0,0,0
Construction services,Weapons and Ammunition Manufacturing,0,0,0,0,0,0
Motor vehicle trade services,Weapons and Ammunition Manufacturing,0,0,8,0.3411513859275053,8,0.3411513859275053
Wholesale trade services,Weapons and Ammunition Manufacturing,0,0,316,13.475479744136459,316,13.475479744136459
Retail trade services,Weapons and Ammunition Manufacturing,0,0,66,2.814498933901919,66,2.814498933901919
Rail transport services,Weapons and Ammunition Manufacturing,1,0.042643923240938165,0,0,1,0.042643923240938165
Land transport services,Weapons and Ammunition Manufacturing,2,0.085287846,5,0.21321961620469082,7,0.29850746268656714
Water transport services,Weapons and Ammunition Manufacturing,0,0,3,0.1279317697228145,3,0.1279317697228145
Air transport services,Weapons and Ammunition Manufacturing,1,0.042643923240938165,0,0,1,0.042643923240938165
Warehousing services,Weapons and Ammunition Manufacturing,0,0,1,0.042643923240938165,1,0.042643923240938165
Postal and courier services,Weapons and Ammunition Manufacturing,0,0,35,1.4925373134328357,35,1.4925373134328357
Accommodation services,Weapons and Ammunition Manufacturing,0,0,0,0,0,0
Food and beverage services,Weapons and Ammunition Manufacturing,1,0.042643923240938165,21,0.8955223880597015,22,0.9381663113006397
Publishing services,Weapons and Ammunition Manufacturing,0,0,4,0.17057569296375266,4,0.17057569296375266
Media Production services,Weapons and Ammunition Manufacturing,0,0,0,0,0,0
Telecommunications services,Weapons and Ammunition Manufacturing,0,0,10,0.42643923240938164,10,0.42643923240938164
Computer programming services,Weapons and Ammunition Manufacturing,2,0.085287846,71,3.0277185501066097,73,3.113006396588486
Information services,Weapons and Ammunition Manufacturing,0,0,0,0,0,0
Financial services (excl. insurance and pensions),Weapons and Ammunition Manufacturing,24,1.023454157782516,2,0.085287846,26,1.1087420042643923
Insurance and pension services,Weapons and Ammunition Manufacturing,0,0,14,0.5970149253731344,14,0.5970149253731344
Auxiliary financial services,Weapons and Ammunition Manufacturing,0,0,2,0.085287846,2,0.085287846
Real estate services,Weapons and Ammunition Manufacturing,0,0,0,0,0,0
Owner-occupier housing services,Weapons and Ammunition Manufacturing,0,0,0,0,0,0
Other real estate services,Weapons and Ammunition Manufacturing,0,0,0,0,0,0
Legal services,Weapons and Ammunition Manufacturing,0,0,28,1.1940298507462688,28,1.1940298507462688
Accounting and tax services,Weapons and Ammunition Manufacturing,0,0,6,0.255863539,6,0.255863539
Management consulting services,Weapons and Ammunition Manufacturing,7,0.2985074626865672,0,0,7,0.2985074626865672
Architectural and engineering services,Weapons and Ammunition Manufacturing,0,0,0,0,0,0
Scientific research and development services,Weapons and Ammunition Manufacturing,0,0,0,0,0,0
Advertising and market research services,Weapons and Ammunition Manufacturing,1,0.042643923240938165,19,0.810234542,20,0.8528784648187632
Other scientific and technical services,Weapons and Ammunition Manufacturing,0,0,10,0.42643923240938164,10,0.42643923240938164
Veterinary services,Weapons and Ammunition Manufacturing,0,0,0,0,0,0
Rental and leasing services,Weapons and Ammunition Manufacturing,0,0,2,0.085287846,2,0.085287846
Employment services,Weapons and Ammunition Manufacturing,3,0.1279317697228145,175,7.462686567164178,178,7.590618336886993
Travel services,Weapons and Ammunition Manufacturing,0,0,0,0,0,0
Security services,Weapons and Ammunition Manufacturing,0,0,0,0,0,0
Building and landscape services,Weapons and Ammunition Manufacturing,0,0,0,0,0,0
Office support services,Weapons and Ammunition Manufacturing,0,0,0,0,0,0
Public administration services (including defence),Weapons and Ammunition Manufacturing,0,0,1,0.042643923240938165,1,0.042643923240938165
Education services,Weapons and Ammunition Manufacturing,0,0,1,0.042643923240938165,1,0.042643923240938165
Health services,Weapons and Ammunition Manufacturing,0,0,1,0.042643923240938165,1,0.042643923240938165
Residential and social care services,Weapons and Ammunition Manufacturing,0,0,0,0,0,0
Arts and entertainment services,Weapons and Ammunition Manufacturing,0,0,0,0,0,0
Libraries and other cultural services,Weapons and Ammunition Manufacturing,0,0,0,0,0,0
Gambling services,Weapons and Ammunition Manufacturing,0,0,0,0,0,0
Sports and recreation services,Weapons and Ammunition Manufacturing,0,0,0,0,0,0
Membership services,Weapons and Ammunition Manufacturing,0,0,1,0.042643923240938165,1,0.042643923240938165
Computer repair services,Weapons and Ammunition Manufacturing,0,0,0,0,0,0
Other personal services,Weapons and Ammunition Manufacturing,0,0,0,0,0,0
Agriculture products,Other fabricated metal product manufacturing,0,0,0,0,0,0
Forestry products,Other fabricated metal product manufacturing,0,0,0,0,0,0
Fishing products,Other fabricated metal product manufacturing,0,0,0,0,0,0
Coal and lignite,Other fabricated metal product manufacturing,0,0,0,0,0,0
"Petroleum, natural gas and mining of metal ores",Other fabricated metal product manufacturing,0,0,1,0.006846501,1,0.006846501
Other mining products,Other fabricated metal product manufacturing,2,0.013693002875530602,274,1.8759413939476925,276,1.8896343968232232
Mining support services,Other fabricated metal product manufacturing,0,0,0,0,0,0
Meat and preserved meat products,Other fabricated metal product manufacturing,0,0,0,0,0,0
"Fish, seafood, fruit and vegetables",Other fabricated metal product manufacturing,0,0,0,0,0,0
Oils and fats,Other fabricated metal product manufacturing,0,0,0,0,0,0
Dairy products,Other fabricated metal product manufacturing,0,0,0,0,0,0
Grain mill and starch products,Other fabricated metal product manufacturing,0,0,0,0,0,0
Bakery products,Other fabricated metal product manufacturing,0,0,0,0,0,0
Other food products,Other fabricated metal product manufacturing,0,0,0,0,0,0
Animal feeds,Other fabricated metal product manufacturing,0,0,0,0,0,0
Alcoholic beverages and tobacco,Other fabricated metal product manufacturing,0,0,0,0,0,0
Soft drinks,Other fabricated metal product manufacturing,0,0,0,0,0,0
Textiles,Other fabricated metal product manufacturing,3,0.020539504313295903,0,0,3,0.020539504313295903
Clothing,Other fabricated metal product manufacturing,0,0,0,0,0,0
Leather products,Other fabricated metal product manufacturing,0,0,0,0,0,0
Wood products (excl. furniture),Other fabricated metal product manufacturing,142,0.9722032041626728,1,0.006846501,143,0.9790497056004381
Paper products,Other fabricated metal product manufacturing,12,0.082158017,21,0.14377653019307135,33,0.22593454744625496
Printing and recording services,Other fabricated metal product manufacturing,1,0.006846501,2,0.013693002875530602,3,0.020539504313295903
Coke and refined petroleum products,Other fabricated metal product manufacturing,1,0.006846501,64,0.43817609201697927,65,0.4450225934547446
Paints and coatings,Other fabricated metal product manufacturing,73,0.499794605,172,1.177598247295632,245,1.677392852252499
Soap and detergents,Other fabricated metal product manufacturing,0,0,0,0,0,0
Other chemical products,Other fabricated metal product manufacturing,94,0.6435711351499384,0,0,94,0.6435711351499384
Industrial gases and fertilizers,Other fabricated metal product manufacturing,13,0.089004519,31,0.21224154457072436,44,0.3012460632616733
Petrochemicals,Other fabricated metal product manufacturing,6,0.041079008626591806,3,0.020539504313295903,9,0.061618513
Dyestuffs and agro-chemicals,Other fabricated metal product manufacturing,0,0,0,0,0,0
Pharmaceutical products,Other fabricated metal product manufacturing,0,0,0,0,0,0
Rubber and plastic products,Other fabricated metal product manufacturing,131,0.8968916883472545,249,1.704778858,380,2.6016705463508147
Cement and concrete products,Other fabricated metal product manufacturing,6,0.041079008626591806,123,0.842119677,129,0.8831986854717238
"Glass, ceramic and stone products",Other fabricated metal product manufacturing,78,0.5340271121456935,83,0.5682596193345201,161,1.1022867314802136
Basic iron and steel,Other fabricated metal product manufacturing,1674,11.461043406819115,1,0.006846501,1675,11.46788990825688
Other basic metals and casting,Other fabricated metal product manufacturing,844,5.778447213473915,244,1.6705463508147338,1088,7.4489935642886485
Weapons and ammunition,Other fabricated metal product manufacturing,2,0.013693002875530602,0,0,2,0.013693002875530602
Other fabricated metal products,Other fabricated metal product manufacturing,1526,10.44776119402985,943,6.456250856,2469,16.904012049842528
Computer and electronic products,Other fabricated metal product manufacturing,44,0.30124606326167325,0,0,44,0.30124606326167325
Electrical equipment,Other fabricated metal product manufacturing,26,0.17800903738189786,0,0,26,0.17800903738189786
Other machinery and equipment,Other fabricated metal product manufacturing,416,2.8481445981103657,16,0.10954402300424482,432,2.9576886211146105
Motor vehicles,Other fabricated metal product manufacturing,27,0.18485553881966316,0,0,27,0.18485553881966316
Ships and boats,Other fabricated metal product manufacturing,0,0,0,0,0,0
Aircraft and spacecraft products,Other fabricated metal product manufacturing,4,0.027386005751061204,0,0,4,0.027386005751061204
Other Transport Equipment,Other fabricated metal product manufacturing,2,0.013693002875530602,0,0,2,0.013693002875530602
Furniture,Other fabricated metal product manufacturing,1,0.006846501,5,0.034232507188826505,6,0.041079008626591806
Other manufactured goods,Other fabricated metal product manufacturing,6,0.041079008626591806,0,0,6,0.041079008626591806
Ship and boat repair and maintenance,Other fabricated metal product manufacturing,0,0,0,0,0,0
Air and spacecraft repair and maintenance,Other fabricated metal product manufacturing,0,0,0,0,0,0
Other repair services,Other fabricated metal product manufacturing,1,0.006846501,394,2.6975215664795287,395,2.704368067917294
Electricity services,Other fabricated metal product manufacturing,1,0.006846501,356,2.4373545118444477,357,2.444201013282213
"Mains gas, steam and air conditioning services",Other fabricated metal product manufacturing,1,0.006846501,111,0.7599616595919485,112,0.7668081610297138
Water services,Other fabricated metal product manufacturing,1,0.006846501,45,0.3080925646994386,46,0.3149390661372039
Sewerage services,Other fabricated metal product manufacturing,0,0,50,0.3423250718882651,50,0.3423250718882651
Waste collection and treatment services,Other fabricated metal product manufacturing,5,0.034232507188826505,37,0.25332055319731617,42,0.2875530603861427
Remediation and waste management services,Other fabricated metal product manufacturing,0,0,0,0,0,0
Construction services,Other fabricated metal product manufacturing,12,0.082158017,397,2.718061070792825,409,2.8002190880460085
Motor vehicle trade services,Other fabricated metal product manufacturing,0,0,30,0.20539504313295906,30,0.20539504313295906
Wholesale trade services,Other fabricated metal product manufacturing,2,0.013693002875530602,2406,16.472682459263314,2408,16.486375462138845
Retail trade services,Other fabricated metal product manufacturing,0,0,519,3.553334246200192,519,3.553334246200192
Rail transport services,Other fabricated metal product manufacturing,0,0,16,0.10954402300424482,16,0.10954402300424482
Land transport services,Other fabricated metal product manufacturing,53,0.362864576,335,2.293577981651376,388,2.6564425578529374
Water transport services,Other fabricated metal product manufacturing,6,0.041079008626591806,18,0.12323702587977543,24,0.16431603450636723
Air transport services,Other fabricated metal product manufacturing,1,0.006846501,2,0.013693002875530602,3,0.020539504313295903
Warehousing services,Other fabricated metal product manufacturing,2,0.013693002875530602,36,0.24647405175955087,38,0.2601670546350815
Postal and courier services,Other fabricated metal product manufacturing,2,0.013693002875530602,86,0.588799124,88,0.6024921265233465
Accommodation services,Other fabricated metal product manufacturing,0,0,0,0,0,0
Food and beverage services,Other fabricated metal product manufacturing,4,0.027386005751061204,0,0,4,0.027386005751061204
Publishing services,Other fabricated metal product manufacturing,0,0,0,0,0,0
Media Production services,Other fabricated metal product manufacturing,0,0,0,0,0,0
Telecommunications services,Other fabricated metal product manufacturing,1,0.006846501,69,0.47240859920580586,70,0.47925510064357113
Computer programming services,Other fabricated metal product manufacturing,7,0.047925510064357114,250,1.7116253594413255,257,1.7595508695056827
Information services,Other fabricated metal product manufacturing,0,0,0,0,0,0
Financial services (excl. insurance and pensions),Other fabricated metal product manufacturing,76,0.520334109,714,4.8884020265644255,790,5.408736135834588
Insurance and pension services,Other fabricated metal product manufacturing,0,0,111,0.7599616595919485,111,0.7599616595919485
Auxiliary financial services,Other fabricated metal product manufacturing,0,0,41,0.28070655894837737,41,0.28070655894837737
Real estate services,Other fabricated metal product manufacturing,0,0,0,0,0,0
Owner-occupier housing services,Other fabricated metal product manufacturing,0,0,0,0,0,0
Other real estate services,Other fabricated metal product manufacturing,1,0.006846501,224,1.5336163220594277,225,1.5404628234971929
Legal services,Other fabricated metal product manufacturing,3,0.020539504313295903,3,0.020539504313295903,6,0.041079008626591806
Accounting and tax services,Other fabricated metal product manufacturing,4,0.027386005751061204,74,0.5066411063946323,78,0.5340271121456935
Management consulting services,Other fabricated metal product manufacturing,21,0.14377653019307135,0,0,21,0.14377653019307135
Architectural and engineering services,Other fabricated metal product manufacturing,26,0.17800903738189786,235,1.6089278378748457,261,1.7869368752567436
Scientific research and development services,Other fabricated metal product manufacturing,0,0,0,0,0,0
Advertising and market research services,Other fabricated metal product manufacturing,9,0.061618513,56,0.3834040805148569,65,0.44502259345474465
Other scientific and technical services,Other fabricated metal product manufacturing,0,0,8,0.054772012,8,0.054772012
Veterinary services,Other fabricated metal product manufacturing,0,0,0,0,0,0
Rental and leasing services,Other fabricated metal product manufacturing,7,0.047925510064357114,192,1.3145282760509378,199,1.362453786115295
Employment services,Other fabricated metal product manufacturing,12,0.082158017,71,0.4861016020813364,83,0.568259619
Travel services,Other fabricated metal product manufacturing,0,0,0,0,0,0
Security services,Other fabricated metal product manufacturing,0,0,0,0,0,0
Building and landscape services,Other fabricated metal product manufacturing,0,0,0,0,0,0
Office support services,Other fabricated metal product manufacturing,0,0,0,0,0,0
Public administration services (including defence),Other fabricated metal product manufacturing,0,0,65,0.4450225934547446,65,0.4450225934547446
Education services,Other fabricated metal product manufacturing,1,0.006846501,9,0.061618513,10,0.068465014
Health services,Other fabricated metal product manufacturing,1,0.006846501,12,0.082158017,13,0.089004519
Residential and social care services,Other fabricated metal product manufacturing,0,0,0,0,0,0
Arts and entertainment services,Other fabricated metal product manufacturing,0,0,0,0,0,0
Libraries and other cultural services,Other fabricated metal product manufacturing,0,0,0,0,0,0
Gambling services,Other fabricated metal product manufacturing,0,0,0,0,0,0
Sports and recreation services,Other fabricated metal product manufacturing,0,0,0,0,0,0
Membership services,Other fabricated metal product manufacturing,0,0,5,0.034232507188826505,5,0.034232507188826505
Computer repair services,Other fabricated metal product manufacturing,0,0,0,0,0,0
Other personal services,Other fabricated metal product manufacturing,0,0,2,0.013693002875530602,2,0.013693002875530602
Agriculture products,Computer and Electronic Products Manufacturing,0,0,0,0,0,0
Forestry products,Computer and Electronic Products Manufacturing,0,0,0,0,0,0
Fishing products,Computer and Electronic Products Manufacturing,0,0,0,0,0,0
Coal and lignite,Computer and Electronic Products Manufacturing,0,0,0,0,0,0
"Petroleum, natural gas and mining of metal ores",Computer and Electronic Products Manufacturing,0,0,0,0,0,0
Other mining products,Computer and Electronic Products Manufacturing,0,0,0,0,0,0
Mining support services,Computer and Electronic Products Manufacturing,0,0,0,0,0,0
Meat and preserved meat products,Computer and Electronic Products Manufacturing,0,0,61,0.6547171836428034,61,0.6547171836428034
"Fish, seafood, fruit and vegetables",Computer and Electronic Products Manufacturing,0,0,40,0.4293227433723301,40,0.4293227433723301
Oils and fats,Computer and Electronic Products Manufacturing,0,0,3,0.032199206,3,0.032199206
Dairy products,Computer and Electronic Products Manufacturing,0,0,8,0.085864549,8,0.085864549
Grain mill and starch products,Computer and Electronic Products Manufacturing,0,0,0,0,0,0
Bakery products,Computer and Electronic Products Manufacturing,0,0,52,0.5581195663840293,52,0.5581195663840293
Other food products,Computer and Electronic Products Manufacturing,0,0,21,0.2253944402704733,21,0.2253944402704733
Animal feeds,Computer and Electronic Products Manufacturing,0,0,0,0,0,0
Alcoholic beverages and tobacco,Computer and Electronic Products Manufacturing,0,0,0,0,0,0
Soft drinks,Computer and Electronic Products Manufacturing,0,0,0,0,0,0
Textiles,Computer and Electronic Products Manufacturing,0,0,0,0,0,0
Clothing,Computer and Electronic Products Manufacturing,0,0,0,0,0,0
Leather products,Computer and Electronic Products Manufacturing,0,0,0,0,0,0
Wood products (excl. furniture),Computer and Electronic Products Manufacturing,0,0,0,0,0,0
Paper products,Computer and Electronic Products Manufacturing,4,0.042932274,45,0.4829880862938714,49,0.5259203606311045
Printing and recording services,Computer and Electronic Products Manufacturing,0,0,0,0,0,0
Coke and refined petroleum products,Computer and Electronic Products Manufacturing,2,0.021466137,1,0.010733068584308255,3,0.032199205752924766
Paints and coatings,Computer and Electronic Products Manufacturing,6,0.064398412,0,0,6,0.064398412
Soap and detergents,Computer and Electronic Products Manufacturing,0,0,0,0,0,0
Other chemical products,Computer and Electronic Products Manufacturing,145,1.5562949447246968,0,0,145,1.5562949447246968
Industrial gases and fertilizers,Computer and Electronic Products Manufacturing,26,0.27905978319201463,0,0,26,0.27905978319201463
Petrochemicals,Computer and Electronic Products Manufacturing,63,0.676183321,52,0.5581195663840293,115,1.2343028871954491
Dyestuffs and agro-chemicals,Computer and Electronic Products Manufacturing,0,0,0,0,0,0
Pharmaceutical products,Computer and Electronic Products Manufacturing,0,0,0,0,0,0
Rubber and plastic products,Computer and Electronic Products Manufacturing,61,0.6547171836428034,293,3.1447890952023183,354,3.7995062788451217
Cement and concrete products,Computer and Electronic Products Manufacturing,0,0,0,0,0,0
"Glass, ceramic and stone products",Computer and Electronic Products Manufacturing,36,0.3863904690350971,0,0,36,0.3863904690350971
Basic iron and steel,Computer and Electronic Products Manufacturing,34,0.36492433186648066,58,0.6225179778898787,92,0.9874423097563594
Other basic metals and casting,Computer and Electronic Products Manufacturing,52,0.5581195663840293,181,1.942685413759794,233,2.5008049801438235
Weapons and ammunition,Computer and Electronic Products Manufacturing,3,0.032199206,0,0,3,0.032199206
Other fabricated metal products,Computer and Electronic Products Manufacturing,116,1.2450359557797575,408,4.379091982397767,524,5.624127938177525
Computer and electronic products,Computer and Electronic Products Manufacturing,1344,14.425244177310292,1009,10.82966620156703,2353,25.25491037887732
Electrical equipment,Computer and Electronic Products Manufacturing,46,0.49372115487817964,447,4.797681657185789,493,5.291402812063969
Other machinery and equipment,Computer and Electronic Products Manufacturing,118,1.266502092948374,1,0.010733068584308255,119,1.2772351615326822
Motor vehicles,Computer and Electronic Products Manufacturing,8,0.085864549,0,0,8,0.085864549
Ships and boats,Computer and Electronic Products Manufacturing,0,0,3,0.032199206,3,0.032199206
Aircraft and spacecraft products,Computer and Electronic Products Manufacturing,5,0.053665342921541265,1,0.010733068584308255,6,0.064398412
Other Transport Equipment,Computer and Electronic Products Manufacturing,4,0.042932274,499,5.355801223569818,503,5.398733497907052
Furniture,Computer and Electronic Products Manufacturing,0,0,0,0,0,0
Other manufactured goods,Computer and Electronic Products Manufacturing,7,0.07513148,0,0,7,0.07513148
Ship and boat repair and maintenance,Computer and Electronic Products Manufacturing,0,0,0,0,0,0
Air and spacecraft repair and maintenance,Computer and Electronic Products Manufacturing,0,0,0,0,0,0
Other repair services,Computer and Electronic Products Manufacturing,3,0.032199206,99,1.062573789846517,102,1.0947729955994419
Electricity services,Computer and Electronic Products Manufacturing,0,0,160,1.7172909734893205,160,1.7172909734893205
"Mains gas, steam and air conditioning services",Computer and Electronic Products Manufacturing,0,0,18,0.19319523451754855,18,0.19319523451754855
Water services,Computer and Electronic Products Manufacturing,0,0,13,0.13952989159600732,13,0.13952989159600732
Sewerage services,Computer and Electronic Products Manufacturing,0,0,6,0.064398412,6,0.064398412
Waste collection and treatment services,Computer and Electronic Products Manufacturing,1,0.010733068584308255,9,0.096597617,10,0.10733068584308253
Remediation and waste management services,Computer and Electronic Products Manufacturing,0,0,0,0,0,0
Construction services,Computer and Electronic Products Manufacturing,0,0,0,0,0,0
Motor vehicle trade services,Computer and Electronic Products Manufacturing,0,0,116,1.2450359557797575,116,1.2450359557797575
Wholesale trade services,Computer and Electronic Products Manufacturing,2,0.021466137,1255,13.47000107330686,1257,13.491467210475475
Retail trade services,Computer and Electronic Products Manufacturing,0,0,317,3.4023827412257166,317,3.4023827412257166
Rail transport services,Computer and Electronic Products Manufacturing,0,0,26,0.27905978319201463,26,0.27905978319201463
Land transport services,Computer and Electronic Products Manufacturing,10,0.10733068584308253,68,0.7298486637329613,78,0.8371793495760438
Water transport services,Computer and Electronic Products Manufacturing,1,0.010733068584308255,9,0.096597617,10,0.10733068584308253
Air transport services,Computer and Electronic Products Manufacturing,8,0.085864549,2,0.021466137,10,0.10733068584308254
Warehousing services,Computer and Electronic Products Manufacturing,3,0.032199206,132,1.4167650531286895,135,1.4489642588816143
Postal and courier services,Computer and Electronic Products Manufacturing,2,0.021466137,134,1.438231190297306,136,1.4596973274659224
Accommodation services,Computer and Electronic Products Manufacturing,0,0,0,0,0,0
Food and beverage services,Computer and Electronic Products Manufacturing,9,0.096597617,117,1.2557690243640656,126,1.352366642
Publishing services,Computer and Electronic Products Manufacturing,0,0,0,0,0,0
Media Production services,Computer and Electronic Products Manufacturing,0,0,0,0,0,0
Telecommunications services,Computer and Electronic Products Manufacturing,4,0.042932274,44,0.47225501770956313,48,0.5151872920467961
Computer programming services,Computer and Electronic Products Manufacturing,15,0.16099602876462382,182,1.9534184823441023,197,2.114414511108726
Information services,Computer and Electronic Products Manufacturing,1,0.010733068584308255,0,0,1,0.010733068584308255
Financial services (excl. insurance and pensions),Computer and Electronic Products Manufacturing,131,1.4060319845443812,4,0.042932274,135,1.4489642588816143
Insurance and pension services,Computer and Electronic Products Manufacturing,0,0,65,0.6976494579800364,65,0.6976494579800364
Auxiliary financial services,Computer and Electronic Products Manufacturing,1,0.010733068584308255,24,0.25759364602339807,25,0.26832671460770635
Real estate services,Computer and Electronic Products Manufacturing,0,0,0,0,0,0
Owner-occupier housing services,Computer and Electronic Products Manufacturing,0,0,0,0,0,0
Other real estate services,Computer and Electronic Products Manufacturing,0,0,0,0,0,0
Legal services,Computer and Electronic Products Manufacturing,8,0.085864549,262,2.8120639690887623,270,2.8979285177632286
Accounting and tax services,Computer and Electronic Products Manufacturing,4,0.042932274,33,0.3541912632821724,37,0.3971235376194054
Management consulting services,Computer and Electronic Products Manufacturing,70,0.7513148009015778,0,0,70,0.7513148009015778
Architectural and engineering services,Computer and Electronic Products Manufacturing,13,0.13952989159600732,35,0.3756574004507889,48,0.5151872920467961
Scientific research and development services,Computer and Electronic Products Manufacturing,0,0,0,0,0,0
Advertising and market research services,Computer and Electronic Products Manufacturing,7,0.07513148,52,0.5581195663840293,59,0.6332510464741871
Other scientific and technical services,Computer and Electronic Products Manufacturing,1,0.010733068584308255,266,2.8549962434259957,267,2.865729312010304
Veterinary services,Computer and Electronic Products Manufacturing,0,0,0,0,0,0
Rental and leasing services,Computer and Electronic Products Manufacturing,5,0.053665342921541265,47,0.5044542234624879,52,0.5581195663840292
Employment services,Computer and Electronic Products Manufacturing,7,0.07513148,85,0.9123108296662016,92,0.9874423097563594
Travel services,Computer and Electronic Products Manufacturing,0,0,0,0,0,0
Security services,Computer and Electronic Products Manufacturing,0,0,0,0,0,0
Building and landscape services,Computer and Electronic Products Manufacturing,0,0,0,0,0,0
Office support services,Computer and Electronic Products Manufacturing,19,0.2039283031018568,0,0,19,0.2039283031018568
Public administration services (including defence),Computer and Electronic Products Manufacturing,0,0,9,0.096597617,9,0.096597617
Education services,Computer and Electronic Products Manufacturing,2,0.021466137,49,0.5259203606311045,51,0.547386498
Health services,Computer and Electronic Products Manufacturing,0,0,70,0.7513148009015778,70,0.7513148009015778
Residential and social care services,Computer and Electronic Products Manufacturing,0,0,0,0,0,0
Arts and entertainment services,Computer and Electronic Products Manufacturing,0,0,0,0,0,0
Libraries and other cultural services,Computer and Electronic Products Manufacturing,0,0,0,0,0,0
Gambling services,Computer and Electronic Products Manufacturing,0,0,0,0,0,0
Sports and recreation services,Computer and Electronic Products Manufacturing,0,0,0,0,0,0
Membership services,Computer and Electronic Products Manufacturing,0,0,8,0.085864549,8,0.085864549
Computer repair services,Computer and Electronic Products Manufacturing,0,0,0,0,0,0
Other personal services,Computer and Electronic Products Manufacturing,0,0,11,0.11806375442739078,11,0.11806375442739078
Agriculture products,Electrical Equipment Manufacturing,0,0,0,0,0,0
Forestry products,Electrical Equipment Manufacturing,0,0,0,0,0,0
Fishing products,Electrical Equipment Manufacturing,0,0,0,0,0,0
Coal and lignite,Electrical Equipment Manufacturing,0,0,0,0,0,0
"Petroleum, natural gas and mining of metal ores",Electrical Equipment Manufacturing,0,0,0,0,0,0
Other mining products,Electrical Equipment Manufacturing,0,0,0,0,0,0
Mining support services,Electrical Equipment Manufacturing,0,0,0,0,0,0
Meat and preserved meat products,Electrical Equipment Manufacturing,0,0,46,0.6018579091979589,46,0.6018579091979589
"Fish, seafood, fruit and vegetables",Electrical Equipment Manufacturing,0,0,29,0.37943216014653935,29,0.37943216014653935
Oils and fats,Electrical Equipment Manufacturing,2,0.026167735182519955,1,0.013083867591259978,3,0.039251603
Dairy products,Electrical Equipment Manufacturing,0,0,6,0.078503206,6,0.078503206
Grain mill and starch products,Electrical Equipment Manufacturing,0,0,0,0,0,0
Bakery products,Electrical Equipment Manufacturing,0,0,42,0.549522439,42,0.549522439
Other food products,Electrical Equipment Manufacturing,0,0,15,0.19625801386889963,15,0.19625801386889963
Animal feeds,Electrical Equipment Manufacturing,0,0,0,0,0,0
Alcoholic beverages and tobacco,Electrical Equipment Manufacturing,0,0,0,0,0,0
Soft drinks,Electrical Equipment Manufacturing,0,0,0,0,0,0
Textiles,Electrical Equipment Manufacturing,0,0,0,0,0,0
Clothing,Electrical Equipment Manufacturing,0,0,0,0,0,0
Leather products,Electrical Equipment Manufacturing,0,0,0,0,0,0
Wood products (excl. furniture),Electrical Equipment Manufacturing,8,0.10467094073007982,8,0.10467094073007982,16,0.20934188146015964
Paper products,Electrical Equipment Manufacturing,9,0.11775480832133978,37,0.48410310087661906,46,0.6018579091979588
Printing and recording services,Electrical Equipment Manufacturing,0,0,0,0,0,0
Coke and refined petroleum products,Electrical Equipment Manufacturing,1,0.013083867591259978,3,0.039251602773779926,4,0.05233547
Paints and coatings,Electrical Equipment Manufacturing,10,0.13083867591259976,65,0.8504513934318985,75,0.9812900693444983
Soap and detergents,Electrical Equipment Manufacturing,1,0.013083867591259978,0,0,1,0.013083867591259978
Other chemical products,Electrical Equipment Manufacturing,1,0.013083867591259978,0,0,1,0.013083867591259978
Industrial gases and fertilizers,Electrical Equipment Manufacturing,2,0.026167735182519955,0,0,2,0.026167735182519955
Petrochemicals,Electrical Equipment Manufacturing,110,1.4392254350385973,88,1.151380348030878,198,2.590605783069475
Dyestuffs and agro-chemicals,Electrical Equipment Manufacturing,1,0.013083867591259978,0,0,1,0.013083867591259978
Pharmaceutical products,Electrical Equipment Manufacturing,0,0,0,0,0,0
Rubber and plastic products,Electrical Equipment Manufacturing,101,1.3214706267172576,209,2.734528326573335,310,4.055998953290593
Cement and concrete products,Electrical Equipment Manufacturing,0,0,0,0,0,0
"Glass, ceramic and stone products",Electrical Equipment Manufacturing,116,1.5177286405861574,48,0.6280256443804788,164,2.1457542849666362
Basic iron and steel,Electrical Equipment Manufacturing,128,1.6747350516812771,187,2.4466832395656155,315,4.121418291246893
Other basic metals and casting,Electrical Equipment Manufacturing,494,6.463430590082428,0,0,494,6.463430590082428
Weapons and ammunition,Electrical Equipment Manufacturing,0,0,0,0,0,0
Other fabricated metal products,Electrical Equipment Manufacturing,204,2.6691089886170354,257,3.362553970953814,461,6.031662959570849
Computer and electronic products,Electrical Equipment Manufacturing,228,2.9831218108072743,156,2.0410833442365566,384,5.0242051550438305
Electrical equipment,Electrical Equipment Manufacturing,804,10.519429543373022,1,0.013083867591259978,805,10.532513410964281
Other machinery and equipment,Electrical Equipment Manufacturing,295,3.859740939421693,557,7.287714248331807,852,11.14745519
Motor vehicles,Electrical Equipment Manufacturing,3,0.039251602773779926,0,0,3,0.039251602773779926
Ships and boats,Electrical Equipment Manufacturing,0,0,0,0,0,0
Aircraft and spacecraft products,Electrical Equipment Manufacturing,0,0,0,0,0,0
Other Transport Equipment,Electrical Equipment Manufacturing,0,0,0,0,0,0
Furniture,Electrical Equipment Manufacturing,0,0,0,0,0,0
Other manufactured goods,Electrical Equipment Manufacturing,1,0.013083867591259978,0,0,1,0.013083867591259978
Ship and boat repair and maintenance,Electrical Equipment Manufacturing,0,0,0,0,0,0
Air and spacecraft repair and maintenance,Electrical Equipment Manufacturing,0,0,0,0,0,0
Other repair services,Electrical Equipment Manufacturing,4,0.05233547,91,1.190631950804658,95,1.2429674211696977
Electricity services,Electrical Equipment Manufacturing,0,0,70,0.9158707313881983,70,0.9158707313881983
"Mains gas, steam and air conditioning services",Electrical Equipment Manufacturing,0,0,21,0.2747612194164595,21,0.2747612194164595
Water services,Electrical Equipment Manufacturing,0,0,11,0.14392254350385975,11,0.14392254350385975
Sewerage services,Electrical Equipment Manufacturing,0,0,1,0.013083867591259978,1,0.013083867591259978
Waste collection and treatment services,Electrical Equipment Manufacturing,5,0.065419338,5,0.065419338,10,0.13083867591259976
Remediation and waste management services,Electrical Equipment Manufacturing,0,0,0,0,0,0
Construction services,Electrical Equipment Manufacturing,0,0,0,0,0,0
Motor vehicle trade services,Electrical Equipment Manufacturing,1,0.013083867591259978,35,0.45793536569409915,36,0.4710192332853591
Wholesale trade services,Electrical Equipment Manufacturing,10,0.13083867591259976,1214,15.88381525578961,1224,16.01465393170221
Retail trade services,Electrical Equipment Manufacturing,0,0,267,3.493392646866414,267,3.493392646866414
Rail transport services,Electrical Equipment Manufacturing,0,0,3,0.039251602773779926,3,0.039251602773779926
Land transport services,Electrical Equipment Manufacturing,26,0.34018055737275943,125,1.635483448907497,151,1.9756640062802564
Water transport services,Electrical Equipment Manufacturing,1,0.013083867591259978,0,0,1,0.013083867591259978
Air transport services,Electrical Equipment Manufacturing,1,0.013083867591259978,2,0.026167735182519955,3,0.039251603
Warehousing services,Electrical Equipment Manufacturing,2,0.026167735182519955,35,0.45793536569409915,37,0.4841031008766191
Postal and courier services,Electrical Equipment Manufacturing,1,0.013083867591259978,104,1.3607222294910377,105,1.3738060970822976
Accommodation services,Electrical Equipment Manufacturing,0,0,0,0,0,0
Food and beverage services,Electrical Equipment Manufacturing,3,0.039251602773779926,16,0.20934188146015964,19,0.24859348423393957
Publishing services,Electrical Equipment Manufacturing,3,0.039251602773779926,22,0.2878450870077195,25,0.3270966897814994
Media Production services,Electrical Equipment Manufacturing,0,0,0,0,0,0
Telecommunications services,Electrical Equipment Manufacturing,2,0.026167735182519955,19,0.24859348423393957,21,0.27476121941645953
Computer programming services,Electrical Equipment Manufacturing,18,0.23550961664267955,42,0.549522439,60,0.7850320554755985
Information services,Electrical Equipment Manufacturing,1,0.013083867591259978,0,0,1,0.013083867591259978
Financial services (excl. insurance and pensions),Electrical Equipment Manufacturing,33,0.43176763051157924,284,3.7158183959178333,317,4.147586026429413
Insurance and pension services,Electrical Equipment Manufacturing,0,0,53,0.6934449823367788,53,0.6934449823367788
Auxiliary financial services,Electrical Equipment Manufacturing,0,0,33,0.43176763051157924,33,0.43176763051157924
Real estate services,Electrical Equipment Manufacturing,0,0,0,0,0,0
Owner-occupier housing services,Electrical Equipment Manufacturing,0,0,0,0,0,0
Other real estate services,Electrical Equipment Manufacturing,0,0,30,0.39251602773779926,30,0.39251602773779926
Legal services,Electrical Equipment Manufacturing,9,0.11775480832133978,132,1.727070522046317,141,1.8448253303676567
Accounting and tax services,Electrical Equipment Manufacturing,2,0.026167735182519955,49,0.6411095119717388,51,0.6672772471542587
Management consulting services,Electrical Equipment Manufacturing,3,0.039251602773779926,0,0,3,0.039251602773779926
Architectural and engineering services,Electrical Equipment Manufacturing,10,0.13083867591259976,85,1.112128745257098,95,1.2429674211696977
Scientific research and development services,Electrical Equipment Manufacturing,0,0,0,0,0,0
Advertising and market research services,Electrical Equipment Manufacturing,7,0.091587073,50,0.6541933795629988,57,0.7457804527018187
Other scientific and technical services,Electrical Equipment Manufacturing,0,0,165,2.1588381525578964,165,2.1588381525578964
Veterinary services,Electrical Equipment Manufacturing,0,0,0,0,0,0
Rental and leasing services,Electrical Equipment Manufacturing,13,0.17009027868637971,28,0.36634829255527934,41,0.5364385712416591
Employment services,Electrical Equipment Manufacturing,4,0.05233547,81,1.059793274892058,85,1.1121287452570978
Travel services,Electrical Equipment Manufacturing,0,0,0,0,0,0
Security services,Electrical Equipment Manufacturing,0,0,0,0,0,0
Building and landscape services,Electrical Equipment Manufacturing,0,0,0,0,0,0
Office support services,Electrical Equipment Manufacturing,106,1.3868899646735575,8,0.10467094073007982,114,1.4915609054036374
Public administration services (including defence),Electrical Equipment Manufacturing,0,0,11,0.14392254350385975,11,0.14392254350385975
Education services,Electrical Equipment Manufacturing,1,0.013083867591259978,4,0.05233547,5,0.065419338
Health services,Electrical Equipment Manufacturing,0,0,6,0.078503206,6,0.078503206
Residential and social care services,Electrical Equipment Manufacturing,0,0,0,0,0,0
Arts and entertainment services,Electrical Equipment Manufacturing,0,0,0,0,0,0
Libraries and other cultural services,Electrical Equipment Manufacturing,0,0,0,0,0,0
Gambling services,Electrical Equipment Manufacturing,0,0,0,0,0,0
Sports and recreation services,Electrical Equipment Manufacturing,0,0,0,0,0,0
Membership services,Electrical Equipment Manufacturing,0,0,1,0.013083867591259978,1,0.013083867591259978
Computer repair services,Electrical Equipment Manufacturing,0,0,0,0,0,0
Other personal services,Electrical Equipment Manufacturing,0,0,0,0,0,0
Agriculture products,Other Machinery and Equipment Manufacturing,0,0,0,0,0,0
Forestry products,Other Machinery and Equipment Manufacturing,0,0,0,0,0,0
Fishing products,Other Machinery and Equipment Manufacturing,0,0,0,0,0,0
Coal and lignite,Other Machinery and Equipment Manufacturing,0,0,0,0,0,0
"Petroleum, natural gas and mining of metal ores",Other Machinery and Equipment Manufacturing,0,0,0,0,0,0
Other mining products,Other Machinery and Equipment Manufacturing,0,0,0,0,0,0
Mining support services,Other Machinery and Equipment Manufacturing,0,0,0,0,0,0
Meat and preserved meat products,Other Machinery and Equipment Manufacturing,0,0,119,0.6375227686703097,119,0.6375227686703097
"Fish, seafood, fruit and vegetables",Other Machinery and Equipment Manufacturing,0,0,77,0.4125147326690239,77,0.4125147326690239
Oils and fats,Other Machinery and Equipment Manufacturing,0,0,7,0.037501339,7,0.037501339
Dairy products,Other Machinery and Equipment Manufacturing,0,0,6,0.032144005,6,0.032144005
Grain mill and starch products,Other Machinery and Equipment Manufacturing,0,0,0,0,0,0
Bakery products,Other Machinery and Equipment Manufacturing,0,0,109,0.5839494267652416,109,0.5839494267652416
Other food products,Other Machinery and Equipment Manufacturing,7,0.037501339,34,0.18214936247723132,41,0.21965070181077895
Animal feeds,Other Machinery and Equipment Manufacturing,0,0,0,0,0,0
Alcoholic beverages and tobacco,Other Machinery and Equipment Manufacturing,0,0,0,0,0,0
Soft drinks,Other Machinery and Equipment Manufacturing,0,0,0,0,0,0
Textiles,Other Machinery and Equipment Manufacturing,1,0.005357334,0,0,1,0.005357334
Clothing,Other Machinery and Equipment Manufacturing,0,0,0,0,0,0
Leather products,Other Machinery and Equipment Manufacturing,0,0,0,0,0,0
Wood products (excl. furniture),Other Machinery and Equipment Manufacturing,1,0.005357334,0,0,1,0.005357334
Paper products,Other Machinery and Equipment Manufacturing,32,0.17143469409621773,22,0.11786135219114968,54,0.2892960462873674
Printing and recording services,Other Machinery and Equipment Manufacturing,0,0,0,0,0,0
Coke and refined petroleum products,Other Machinery and Equipment Manufacturing,5,0.026786671,14,0.075002679,19,0.10178934961962928
Paints and coatings,Other Machinery and Equipment Manufacturing,29,0.1553626915246973,59,0.3160827172399014,88,0.47144540876459873
Soap and detergents,Other Machinery and Equipment Manufacturing,0,0,0,0,0,0
Other chemical products,Other Machinery and Equipment Manufacturing,241,1.2911175399121397,0,0,241,1.2911175399121397
Industrial gases and fertilizers,Other Machinery and Equipment Manufacturing,0,0,0,0,0,0
Petrochemicals,Other Machinery and Equipment Manufacturing,0,0,0,0,0,0
Dyestuffs and agro-chemicals,Other Machinery and Equipment Manufacturing,0,0,0,0,0,0
Pharmaceutical products,Other Machinery and Equipment Manufacturing,8,0.042858674,109,0.5839494267652416,117,0.6268081002892961
Rubber and plastic products,Other Machinery and Equipment Manufacturing,289,1.5482695810564664,134,0.7178827815279117,423,2.266152362584378
Cement and concrete products,Other Machinery and Equipment Manufacturing,1,0.005357334,0,0,1,0.005357334
"Glass, ceramic and stone products",Other Machinery and Equipment Manufacturing,0,0,1,0.005357334,1,0.005357334
Basic iron and steel,Other Machinery and Equipment Manufacturing,641,3.4340512161148613,424,2.271509696774885,1065,5.705560912889746
Other basic metals and casting,Other Machinery and Equipment Manufacturing,1068,5.721632915461266,177,0.9482481517197043,1245,6.669881067
Weapons and ammunition,Other Machinery and Equipment Manufacturing,24,0.12857602057216327,0,0,24,0.12857602057216327
Other fabricated metal products,Other Machinery and Equipment Manufacturing,725,3.884067288117433,1931,10.345012321868637,2656,14.22907960998607
Computer and electronic products,Other Machinery and Equipment Manufacturing,415,2.2232936890603234,54,0.28929604628736744,469,2.512589735347691
Electrical equipment,Other Machinery and Equipment Manufacturing,240,1.285760205721633,1,0.005357334,241,1.29111754
Other machinery and equipment,Other Machinery and Equipment Manufacturing,1834,9.825350905389477,1431,7.666345226615236,3265,17.491696132004712
Motor vehicles,Other Machinery and Equipment Manufacturing,349,1.8697096324868747,0,0,349,1.8697096324868747
Ships and boats,Other Machinery and Equipment Manufacturing,0,0,0,0,0,0
Aircraft and spacecraft products,Other Machinery and Equipment Manufacturing,0,0,0,0,0,0
Other Transport Equipment,Other Machinery and Equipment Manufacturing,7,0.037501339,0,0,7,0.037501339
Furniture,Other Machinery and Equipment Manufacturing,1,0.005357334,0,0,1,0.005357334
Other manufactured goods,Other Machinery and Equipment Manufacturing,23,0.12321868638165648,0,0,23,0.12321868638165648
Ship and boat repair and maintenance,Other Machinery and Equipment Manufacturing,0,0,1,0.005357334,1,0.005357334
Air and spacecraft repair and maintenance,Other Machinery and Equipment Manufacturing,0,0,0,0,0,0
Other repair services,Other Machinery and Equipment Manufacturing,5,0.026786671,172,0.9214614807671704,177,0.9482481517197044
Electricity services,Other Machinery and Equipment Manufacturing,0,0,208,1.1143255116254152,208,1.1143255116254152
"Mains gas, steam and air conditioning services",Other Machinery and Equipment Manufacturing,0,0,37,0.19822136504875176,37,0.19822136504875176
Water services,Other Machinery and Equipment Manufacturing,0,0,17,0.091074681,17,0.091074681
Sewerage services,Other Machinery and Equipment Manufacturing,0,0,6,0.032144005,6,0.032144005
Waste collection and treatment services,Other Machinery and Equipment Manufacturing,25,0.1339333547626701,0,0,25,0.1339333547626701
Remediation and waste management services,Other Machinery and Equipment Manufacturing,0,0,0,0,0,0
Construction services,Other Machinery and Equipment Manufacturing,8,0.042858674,37,0.19822136504875176,45,0.2410800385728062
Motor vehicle trade services,Other Machinery and Equipment Manufacturing,1,0.005357334,268,1.4357655630558235,269,1.4411228972463304
Wholesale trade services,Other Machinery and Equipment Manufacturing,2,0.010714668381013608,2895,15.509482481517198,2897,15.52019714989821
Retail trade services,Other Machinery and Equipment Manufacturing,0,0,648,3.4715525554484086,648,3.4715525554484086
Rail transport services,Other Machinery and Equipment Manufacturing,0,0,0,0,0,0
Land transport services,Other Machinery and Equipment Manufacturing,27,0.14464802314368372,392,2.1000750026786674,419,2.244723025822351
Water transport services,Other Machinery and Equipment Manufacturing,0,0,0,0,0,0
Air transport services,Other Machinery and Equipment Manufacturing,0,0,0,0,0,0
Warehousing services,Other Machinery and Equipment Manufacturing,26,0.1392906889531769,600,3.2144005143040824,626,3.3536912032572594
Postal and courier services,Other Machinery and Equipment Manufacturing,2,0.010714668381013608,136,0.7285974499089253,138,0.7393121182899389
Accommodation services,Other Machinery and Equipment Manufacturing,0,0,0,0,0,0
Food and beverage services,Other Machinery and Equipment Manufacturing,4,0.021429336762027216,20,0.10714668381013608,24,0.1285760205721633
Publishing services,Other Machinery and Equipment Manufacturing,0,0,0,0,0,0
Media Production services,Other Machinery and Equipment Manufacturing,0,0,0,0,0,0
Telecommunications services,Other Machinery and Equipment Manufacturing,34,0.18214936247723132,22,0.11786135219114968,56,0.30001071466838103
Computer programming services,Other Machinery and Equipment Manufacturing,21,0.11250401800064287,141,0.7553841208614593,162,0.8678881388621023
Information services,Other Machinery and Equipment Manufacturing,2,0.010714668381013608,0,0,2,0.010714668381013608
Financial services (excl. insurance and pensions),Other Machinery and Equipment Manufacturing,35,0.18750669666773812,411,2.2018643522982964,446,2.3893710489660345
Insurance and pension services,Other Machinery and Equipment Manufacturing,0,0,127,0.680381442,127,0.680381442
Auxiliary financial services,Other Machinery and Equipment Manufacturing,1,0.005357334,22,0.11786135219114968,23,0.12321868638165649
Real estate services,Other Machinery and Equipment Manufacturing,0,0,0,0,0,0
Owner-occupier housing services,Other Machinery and Equipment Manufacturing,0,0,0,0,0,0
Other real estate services,Other Machinery and Equipment Manufacturing,0,0,0,0,0,0
Legal services,Other Machinery and Equipment Manufacturing,4,0.021429336762027216,165,0.8839601414336226,169,0.9053894781956497
Accounting and tax services,Other Machinery and Equipment Manufacturing,9,0.048216007714561235,139,0.7446694524804457,148,0.7928854601950069
Management consulting services,Other Machinery and Equipment Manufacturing,111,0.5946640951462553,0,0,111,0.5946640951462553
Architectural and engineering services,Other Machinery and Equipment Manufacturing,23,0.12321868638165648,195,1.0446801671488268,218,1.1678988535304833
Scientific research and development services,Other Machinery and Equipment Manufacturing,0,0,0,0,0,0
Advertising and market research services,Other Machinery and Equipment Manufacturing,4,0.021429336762027216,290,1.553626915246973,294,1.5750562520090003
Other scientific and technical services,Other Machinery and Equipment Manufacturing,0,0,7,0.037501339,7,0.037501339
Veterinary services,Other Machinery and Equipment Manufacturing,0,0,0,0,0,0
Rental and leasing services,Other Machinery and Equipment Manufacturing,23,0.12321868638165648,89,0.47680274295510555,112,0.6000214293367621
Employment services,Other Machinery and Equipment Manufacturing,31,0.16607735990571093,213,1.141112182577949,244,1.307189542
Travel services,Other Machinery and Equipment Manufacturing,0,0,0,0,0,0
Security services,Other Machinery and Equipment Manufacturing,0,0,0,0,0,0
Building and landscape services,Other Machinery and Equipment Manufacturing,0,0,0,0,0,0
Office support services,Other Machinery and Equipment Manufacturing,320,1.7143469409621772,0,0,320,1.7143469409621772
Public administration services (including defence),Other Machinery and Equipment Manufacturing,0,0,40,0.21429336762027215,40,0.21429336762027215
Education services,Other Machinery and Equipment Manufacturing,0,0,0,0,0,0
Health services,Other Machinery and Equipment Manufacturing,0,0,0,0,0,0
Residential and social care services,Other Machinery and Equipment Manufacturing,0,0,0,0,0,0
Arts and entertainment services,Other Machinery and Equipment Manufacturing,0,0,0,0,0,0
Libraries and other cultural services,Other Machinery and Equipment Manufacturing,0,0,0,0,0,0
Gambling services,Other Machinery and Equipment Manufacturing,0,0,0,0,0,0
Sports and recreation services,Other Machinery and Equipment Manufacturing,0,0,0,0,0,0
Membership services,Other Machinery and Equipment Manufacturing,0,0,0,0,0,0
Computer repair services,Other Machinery and Equipment Manufacturing,0,0,0,0,0,0
Other personal services,Other Machinery and Equipment Manufacturing,0,0,0,0,0,0
Agriculture products,Motor Vehicles Manufacturing,0,0,0,0,0,0
Forestry products,Motor Vehicles Manufacturing,0,0,0,0,0,0
Fishing products,Motor Vehicles Manufacturing,0,0,0,0,0,0
Coal and lignite,Motor Vehicles Manufacturing,0,0,0,0,0,0
"Petroleum, natural gas and mining of metal ores",Motor Vehicles Manufacturing,0,0,0,0,0,0
Other mining products,Motor Vehicles Manufacturing,0,0,0,0,0,0
Mining support services,Motor Vehicles Manufacturing,0,0,0,0,0,0
Meat and preserved meat products,Motor Vehicles Manufacturing,0,0,28,0.071682753,28,0.071682753
"Fish, seafood, fruit and vegetables",Motor Vehicles Manufacturing,0,0,19,0.048641867847725354,19,0.048641867847725354
Oils and fats,Motor Vehicles Manufacturing,0,0,2,0.005120197,2,0.005120197
Dairy products,Motor Vehicles Manufacturing,0,0,1,0.002560098,1,0.002560098
Grain mill and starch products,Motor Vehicles Manufacturing,0,0,0,0,0,0
Bakery products,Motor Vehicles Manufacturing,0,0,24,0.061442359,24,0.061442359
Other food products,Motor Vehicles Manufacturing,0,0,10,0.025600983,10,0.025600983
Animal feeds,Motor Vehicles Manufacturing,0,0,0,0,0,0
Alcoholic beverages and tobacco,Motor Vehicles Manufacturing,0,0,1,0.002560098,1,0.002560098
Soft drinks,Motor Vehicles Manufacturing,0,0,0,0,0,0
Textiles,Motor Vehicles Manufacturing,42,0.10752412892655078,230,0.5888226107882543,272,0.6963467397148051
Clothing,Motor Vehicles Manufacturing,0,0,0,0,0,0
Leather products,Motor Vehicles Manufacturing,44,0.11264432554210081,0,0,44,0.11264432554210081
Wood products (excl. furniture),Motor Vehicles Manufacturing,16,0.040961572924400294,175,0.44801720386062827,191,0.48897877678502855
Paper products,Motor Vehicles Manufacturing,8,0.020480786462200147,21,0.053762064,29,0.074242851
Printing and recording services,Motor Vehicles Manufacturing,0,0,0,0,0,0
Coke and refined petroleum products,Motor Vehicles Manufacturing,20,0.051201966,0,0,20,0.051201966
Paints and coatings,Motor Vehicles Manufacturing,232,0.5939428074038043,345,0.8832339161823815,577,1.4771767235861857
Soap and detergents,Motor Vehicles Manufacturing,0,0,0,0,0,0
Other chemical products,Motor Vehicles Manufacturing,0,0,0,0,0,0
Industrial gases and fertilizers,Motor Vehicles Manufacturing,2,0.005120197,15,0.038401475,17,0.043521671
Petrochemicals,Motor Vehicles Manufacturing,304,0.7782698855636057,248,0.6349043803282046,552,1.4131742658918103
Dyestuffs and agro-chemicals,Motor Vehicles Manufacturing,0,0,0,0,0,0
Pharmaceutical products,Motor Vehicles Manufacturing,0,0,0,0,0,0
Rubber and plastic products,Motor Vehicles Manufacturing,1412,3.614858810578326,628,1.6077417372827116,2040,5.222600547861038
Cement and concrete products,Motor Vehicles Manufacturing,0,0,0,0,0,0
"Glass, ceramic and stone products",Motor Vehicles Manufacturing,440,1.1264432554210082,5,0.012800491538875094,445,1.1392437469598833
Basic iron and steel,Motor Vehicles Manufacturing,160,0.409615729,1854,4.746422262614884,2014,5.156037991858888
Other basic metals and casting,Motor Vehicles Manufacturing,358,0.9165151941834567,582,1.4899772151250608,940,2.4064924093085174
Weapons and ammunition,Motor Vehicles Manufacturing,0,0,0,0,0,0
Other fabricated metal products,Motor Vehicles Manufacturing,671,1.7178259645170373,1381,3.5354957630373005,2052,5.253321727554338
Computer and electronic products,Motor Vehicles Manufacturing,768,1.9661555003712143,0,0,768,1.9661555003712143
Electrical equipment,Motor Vehicles Manufacturing,394,1.0086787332633573,67,0.17152658662092624,461,1.1802053198842835
Other machinery and equipment,Motor Vehicles Manufacturing,1565,4.006553851667904,1,0.002560098,1566,4.009113949975679
Motor vehicles,Motor Vehicles Manufacturing,9508,24.341414710324877,456,1.1674048283454084,9964,25.508819538670284
Ships and boats,Motor Vehicles Manufacturing,0,0,22,0.056322162771050406,22,0.056322162771050406
Aircraft and spacecraft products,Motor Vehicles Manufacturing,4,0.010240393231100074,12,0.030721179693300224,16,0.040961572924400294
Other Transport Equipment,Motor Vehicles Manufacturing,0,0,0,0,0,0
Furniture,Motor Vehicles Manufacturing,5,0.012800491538875094,0,0,5,0.012800491538875094
Other manufactured goods,Motor Vehicles Manufacturing,4,0.010240393231100074,0,0,4,0.010240393231100074
Ship and boat repair and maintenance,Motor Vehicles Manufacturing,0,0,0,0,0,0
Air and spacecraft repair and maintenance,Motor Vehicles Manufacturing,0,0,0,0,0,0
Other repair services,Motor Vehicles Manufacturing,0,0,800,2.0480786462200147,800,2.0480786462200147
Electricity services,Motor Vehicles Manufacturing,1,0.002560098,298,0.7629092957169555,299,0.7654693940247306
"Mains gas, steam and air conditioning services",Motor Vehicles Manufacturing,1,0.002560098,66,0.16896648831315123,67,0.17152658662092624
Water services,Motor Vehicles Manufacturing,0,0,20,0.051201966,20,0.051201966
Sewerage services,Motor Vehicles Manufacturing,0,0,14,0.035841376,14,0.035841376
Waste collection and treatment services,Motor Vehicles Manufacturing,5,0.012800491538875094,40,0.10240393231100076,45,0.11520442384987585
Remediation and waste management services,Motor Vehicles Manufacturing,0,0,0,0,0,0
Construction services,Motor Vehicles Manufacturing,0,0,209,0.5350605463249789,209,0.5350605463249789
Motor vehicle trade services,Motor Vehicles Manufacturing,0,0,4043,10.350477458334401,4043,10.350477458334401
Wholesale trade services,Motor Vehicles Manufacturing,0,0,3916,10.025344973246973,3916,10.025344973246973
Retail trade services,Motor Vehicles Manufacturing,0,0,1493,3.8222267735081026,1493,3.8222267735081026
Rail transport services,Motor Vehicles Manufacturing,0,0,13,0.033281278,13,0.033281278
Land transport services,Motor Vehicles Manufacturing,148,0.37889454955070273,202,0.5171398581705537,350,0.8960344077212565
Water transport services,Motor Vehicles Manufacturing,1,0.002560098,36,0.092163539,37,0.094723637
Air transport services,Motor Vehicles Manufacturing,0,0,1,0.002560098,1,0.002560098
Warehousing services,Motor Vehicles Manufacturing,60,0.1536058984665011,1089,2.787947057166995,1149,2.941552955633496
Postal and courier services,Motor Vehicles Manufacturing,1,0.002560098,50,0.12800491538875092,51,0.13056501369652593
Accommodation services,Motor Vehicles Manufacturing,0,0,0,0,0,0
Food and beverage services,Motor Vehicles Manufacturing,5,0.012800491538875094,25,0.064002458,30,0.076802949
Publishing services,Motor Vehicles Manufacturing,0,0,0,0,0,0
Media Production services,Motor Vehicles Manufacturing,0,0,0,0,0,0
Telecommunications services,Motor Vehicles Manufacturing,3,0.007680295,55,0.14080540692762603,58,0.14848570185095109
Computer programming services,Motor Vehicles Manufacturing,55,0.14080540692762603,385,0.9856378484933821,440,1.1264432554210082
Information services,Motor Vehicles Manufacturing,6,0.015360589846650112,41,0.10496403061877575,47,0.12032462046542586
Financial services (excl. insurance and pensions),Motor Vehicles Manufacturing,283,0.7245078211003303,1221,3.1258800337932975,1504,3.850387854893628
Insurance and pension services,Motor Vehicles Manufacturing,0,0,262,0.6707457566370548,262,0.6707457566370548
Auxiliary financial services,Motor Vehicles Manufacturing,0,0,93,0.23808914262307673,93,0.23808914262307673
Real estate services,Motor Vehicles Manufacturing,0,0,0,0,0,0
Owner-occupier housing services,Motor Vehicles Manufacturing,0,0,0,0,0,0
Other real estate services,Motor Vehicles Manufacturing,0,0,0,0,0,0
Legal services,Motor Vehicles Manufacturing,4,0.010240393231100074,83,0.21248815954532657,87,0.22272855277642664
Accounting and tax services,Motor Vehicles Manufacturing,4,0.010240393231100074,90,0.23040884769975167,94,0.24064924093085174
Management consulting services,Motor Vehicles Manufacturing,359,0.9190752924912317,0,0,359,0.9190752924912317
Architectural and engineering services,Motor Vehicles Manufacturing,84,0.21504825785310155,0,0,84,0.21504825785310155
Scientific research and development services,Motor Vehicles Manufacturing,0,0,0,0,0,0
Advertising and market research services,Motor Vehicles Manufacturing,63,0.16128619338982617,569,1.4566959371239856,632,1.6179821305138118
Other scientific and technical services,Motor Vehicles Manufacturing,0,0,21,0.053762064,21,0.053762064
Veterinary services,Motor Vehicles Manufacturing,0,0,0,0,0,0
Rental and leasing services,Motor Vehicles Manufacturing,13,0.033281278,86,0.2201684544686516,99,0.25344973246972685
Employment services,Motor Vehicles Manufacturing,31,0.079363048,396,1.0137989298789074,427,1.093161977419933
Travel services,Motor Vehicles Manufacturing,2,0.005120197,18,0.046081769539950336,20,0.051201966
Security services,Motor Vehicles Manufacturing,0,0,0,0,0,0
Building and landscape services,Motor Vehicles Manufacturing,0,0,0,0,0,0
Office support services,Motor Vehicles Manufacturing,128,0.32769258339520235,18,0.046081769539950336,146,0.3737743529351527
Public administration services (including defence),Motor Vehicles Manufacturing,3,0.007680295,64,0.16384629169760118,67,0.17152658662092624
Education services,Motor Vehicles Manufacturing,0,0,0,0,0,0
Health services,Motor Vehicles Manufacturing,0,0,0,0,0,0
Residential and social care services,Motor Vehicles Manufacturing,0,0,0,0,0,0
Arts and entertainment services,Motor Vehicles Manufacturing,0,0,0,0,0,0
Libraries and other cultural services,Motor Vehicles Manufacturing,0,0,0,0,0,0
Gambling services,Motor Vehicles Manufacturing,0,0,0,0,0,0
Sports and recreation services,Motor Vehicles Manufacturing,0,0,0,0,0,0
Membership services,Motor Vehicles Manufacturing,0,0,0,0,0,0
Computer repair services,Motor Vehicles Manufacturing,0,0,0,0,0,0
Other personal services,Motor Vehicles Manufacturing,0,0,0,0,0,0
Agriculture products,Ship and Boat Building,0,0,0,0,0,0
Forestry products,Ship and Boat Building,0,0,0,0,0,0
Fishing products,Ship and Boat Building,0,0,0,0,0,0
Coal and lignite,Ship and Boat Building,0,0,0,0,0,0
"Petroleum, natural gas and mining of metal ores",Ship and Boat Building,0,0,0,0,0,0
Other mining products,Ship and Boat Building,0,0,0,0,0,0
Mining support services,Ship and Boat Building,0,0,0,0,0,0
Meat and preserved meat products,Ship and Boat Building,0,0,1,0.037078235,1,0.037078235
"Fish, seafood, fruit and vegetables",Ship and Boat Building,0,0,1,0.037078235,1,0.037078235
Oils and fats,Ship and Boat Building,0,0,0,0,0,0
Dairy products,Ship and Boat Building,0,0,0,0,0,0
Grain mill and starch products,Ship and Boat Building,0,0,0,0,0,0
Bakery products,Ship and Boat Building,0,0,1,0.037078235,1,0.037078235
Other food products,Ship and Boat Building,0,0,0,0,0,0
Animal feeds,Ship and Boat Building,0,0,0,0,0,0
Alcoholic beverages and tobacco,Ship and Boat Building,0,0,0,0,0,0
Soft drinks,Ship and Boat Building,0,0,0,0,0,0
Textiles,Ship and Boat Building,0,0,0,0,0,0
Clothing,Ship and Boat Building,0,0,0,0,0,0
Leather products,Ship and Boat Building,0,0,0,0,0,0
Wood products (excl. furniture),Ship and Boat Building,10,0.37078235076010385,64,2.3730070448646643,74,2.743789395624768
Paper products,Ship and Boat Building,0,0,2,0.07415647,2,0.07415647
Printing and recording services,Ship and Boat Building,0,0,0,0,0,0
Coke and refined petroleum products,Ship and Boat Building,0,0,3,0.11123470522803114,3,0.11123470522803114
Paints and coatings,Ship and Boat Building,0,0,9,0.33370411568409347,9,0.33370411568409347
Soap and detergents,Ship and Boat Building,0,0,0,0,0,0
Other chemical products,Ship and Boat Building,0,0,0,0,0,0
Industrial gases and fertilizers,Ship and Boat Building,0,0,0,0,0,0
Petrochemicals,Ship and Boat Building,9,0.33370411568409347,8,0.29662588060808304,17,0.6303299962921765
Dyestuffs and agro-chemicals,Ship and Boat Building,0,0,0,0,0,0
Pharmaceutical products,Ship and Boat Building,0,0,0,0,0,0
Rubber and plastic products,Ship and Boat Building,3,0.11123470522803114,13,0.482017056,16,0.5932517612161661
Cement and concrete products,Ship and Boat Building,0,0,0,0,0,0
"Glass, ceramic and stone products",Ship and Boat Building,8,0.29662588060808304,40,1.4831294030404154,48,1.7797552836484984
Basic iron and steel,Ship and Boat Building,6,0.22246941045606228,49,1.8168335187245088,55,2.039302929180571
Other basic metals and casting,Ship and Boat Building,2,0.07415647,17,0.6303299962921765,19,0.7044864664441972
Weapons and ammunition,Ship and Boat Building,0,0,0,0,0,0
Other fabricated metal products,Ship and Boat Building,14,0.5190952910641453,42,1.557285873192436,56,2.0763811642565813
Computer and electronic products,Ship and Boat Building,9,0.33370411568409347,0,0,9,0.33370411568409347
Electrical equipment,Ship and Boat Building,12,0.44493882091212456,0,0,12,0.44493882091212456
Other machinery and equipment,Ship and Boat Building,82,3.040415276232851,0,0,82,3.040415276232851
Motor vehicles,Ship and Boat Building,0,0,0,0,0,0
Ships and boats,Ship and Boat Building,0,0,789,29.254727474972192,789,29.254727474972192
Aircraft and spacecraft products,Ship and Boat Building,0,0,0,0,0,0
Other Transport Equipment,Ship and Boat Building,0,0,0,0,0,0
Furniture,Ship and Boat Building,1,0.037078235,14,0.5190952910641453,15,0.5561735261401557
Other manufactured goods,Ship and Boat Building,0,0,7,0.25954764553207266,7,0.25954764553207266
Ship and boat repair and maintenance,Ship and Boat Building,16,0.5932517612161661,1,0.037078235,17,0.6303299962921765
Air and spacecraft repair and maintenance,Ship and Boat Building,0,0,0,0,0,0
Other repair services,Ship and Boat Building,1,0.037078235,1,0.037078235,2,0.07415647
Electricity services,Ship and Boat Building,0,0,33,1.2235817575083427,33,1.2235817575083427
"Mains gas, steam and air conditioning services",Ship and Boat Building,0,0,6,0.22246941045606228,6,0.22246941045606228
Water services,Ship and Boat Building,0,0,3,0.11123470522803114,3,0.11123470522803114
Sewerage services,Ship and Boat Building,0,0,6,0.22246941045606228,6,0.22246941045606228
Waste collection and treatment services,Ship and Boat Building,0,0,24,0.8898776418242491,24,0.8898776418242491
Remediation and waste management services,Ship and Boat Building,0,0,0,0,0,0
Construction services,Ship and Boat Building,0,0,261,9.677419355,261,9.677419355
Motor vehicle trade services,Ship and Boat Building,0,0,3,0.11123470522803114,3,0.11123470522803114
Wholesale trade services,Ship and Boat Building,0,0,330,12.235817575083425,330,12.235817575083425
Retail trade services,Ship and Boat Building,0,0,68,2.521319985168706,68,2.521319985168706
Rail transport services,Ship and Boat Building,0,0,0,0,0,0
Land transport services,Ship and Boat Building,1,0.037078235,2,0.07415647,3,0.11123470522803114
Water transport services,Ship and Boat Building,0,0,0,0,0,0
Air transport services,Ship and Boat Building,0,0,0,0,0,0
Warehousing services,Ship and Boat Building,0,0,0,0,0,0
Postal and courier services,Ship and Boat Building,4,0.14831294030404152,8,0.29662588060808304,12,0.44493882091212456
Accommodation services,Ship and Boat Building,0,0,0,0,0,0
Food and beverage services,Ship and Boat Building,1,0.037078235,8,0.29662588060808304,9,0.3337041156840934
Publishing services,Ship and Boat Building,0,0,0,0,0,0
Media Production services,Ship and Boat Building,0,0,0,0,0,0
Telecommunications services,Ship and Boat Building,0,0,5,0.18539117538005193,5,0.18539117538005193
Computer programming services,Ship and Boat Building,2,0.07415647,114,4.226918798665183,116,4.301075268817204
Information services,Ship and Boat Building,0,0,0,0,0,0
Financial services (excl. insurance and pensions),Ship and Boat Building,2,0.07415647,77,2.8550241008527997,79,2.9291805710048204
Insurance and pension services,Ship and Boat Building,0,0,18,0.6674082313681869,18,0.6674082313681869
Auxiliary financial services,Ship and Boat Building,0,0,0,0,0,0
Real estate services,Ship and Boat Building,0,0,0,0,0,0
Owner-occupier housing services,Ship and Boat Building,0,0,0,0,0,0
Other real estate services,Ship and Boat Building,0,0,0,0,0,0
Legal services,Ship and Boat Building,1,0.037078235,35,1.2977382276603633,36,1.3348164627363737
Accounting and tax services,Ship and Boat Building,0,0,135,5.005561735261402,135,5.005561735261402
Management consulting services,Ship and Boat Building,0,0,0,0,0,0
Architectural and engineering services,Ship and Boat Building,3,0.11123470522803114,0,0,3,0.11123470522803114
Scientific research and development services,Ship and Boat Building,0,0,0,0,0,0
Advertising and market research services,Ship and Boat Building,1,0.037078235,32,1.1865035224323321,33,1.2235817575083425
Other scientific and technical services,Ship and Boat Building,0,0,20,0.7415647015202077,20,0.7415647015202077
Veterinary services,Ship and Boat Building,0,0,0,0,0,0
Rental and leasing services,Ship and Boat Building,1,0.037078235,28,1.0381905821282906,29,1.075268817204301
Employment services,Ship and Boat Building,1,0.037078235,224,8.305524657026325,225,8.342602892102335
Travel services,Ship and Boat Building,0,0,0,0,0,0
Security services,Ship and Boat Building,0,0,0,0,0,0
Building and landscape services,Ship and Boat Building,0,0,0,0,0,0
Office support services,Ship and Boat Building,0,0,0,0,0,0
Public administration services (including defence),Ship and Boat Building,0,0,5,0.18539117538005193,5,0.18539117538005193
Education services,Ship and Boat Building,0,0,0,0,0,0
Health services,Ship and Boat Building,0,0,0,0,0,0
Residential and social care services,Ship and Boat Building,0,0,0,0,0,0
Arts and entertainment services,Ship and Boat Building,0,0,0,0,0,0
Libraries and other cultural services,Ship and Boat Building,0,0,0,0,0,0
Gambling services,Ship and Boat Building,0,0,0,0,0,0
Sports and recreation services,Ship and Boat Building,0,0,0,0,0,0
Membership services,Ship and Boat Building,0,0,0,0,0,0
Computer repair services,Ship and Boat Building,0,0,0,0,0,0
Other personal services,Ship and Boat Building,0,0,0,0,0,0
Agriculture products,Aircraft and Spacecraft Manufacturing,0,0,0,0,0,0
Forestry products,Aircraft and Spacecraft Manufacturing,0,0,0,0,0,0
Fishing products,Aircraft and Spacecraft Manufacturing,0,0,0,0,0,0
Coal and lignite,Aircraft and Spacecraft Manufacturing,0,0,0,0,0,0
"Petroleum, natural gas and mining of metal ores",Aircraft and Spacecraft Manufacturing,0,0,0,0,0,0
Other mining products,Aircraft and Spacecraft Manufacturing,0,0,0,0,0,0
Mining support services,Aircraft and Spacecraft Manufacturing,0,0,0,0,0,0
Meat and preserved meat products,Aircraft and Spacecraft Manufacturing,0,0,3,0.021196919381049957,3,0.021196919381049957
"Fish, seafood, fruit and vegetables",Aircraft and Spacecraft Manufacturing,0,0,1,0.00706564,1,0.00706564
Oils and fats,Aircraft and Spacecraft Manufacturing,0,0,0,0,0,0
Dairy products,Aircraft and Spacecraft Manufacturing,0,0,1,0.00706564,1,0.00706564
Grain mill and starch products,Aircraft and Spacecraft Manufacturing,0,0,0,0,0,0
Bakery products,Aircraft and Spacecraft Manufacturing,0,0,4,0.028262559174733273,4,0.028262559174733273
Other food products,Aircraft and Spacecraft Manufacturing,0,0,2,0.014131279587366636,2,0.014131279587366636
Animal feeds,Aircraft and Spacecraft Manufacturing,0,0,0,0,0,0
Alcoholic beverages and tobacco,Aircraft and Spacecraft Manufacturing,0,0,0,0,0,0
Soft drinks,Aircraft and Spacecraft Manufacturing,0,0,0,0,0,0
Textiles,Aircraft and Spacecraft Manufacturing,0,0,0,0,0,0
Clothing,Aircraft and Spacecraft Manufacturing,0,0,0,0,0,0
Leather products,Aircraft and Spacecraft Manufacturing,3,0.021196919381049957,0,0,3,0.021196919381049957
Wood products (excl. furniture),Aircraft and Spacecraft Manufacturing,1,0.00706564,2,0.014131279587366636,3,0.021196919381049954
Paper products,Aircraft and Spacecraft Manufacturing,1,0.00706564,19,0.13424715607998305,20,0.14131279587366638
Printing and recording services,Aircraft and Spacecraft Manufacturing,0,0,0,0,0,0
Coke and refined petroleum products,Aircraft and Spacecraft Manufacturing,0,0,5,0.035328199,5,0.035328199
Paints and coatings,Aircraft and Spacecraft Manufacturing,0,0,0,0,0,0
Soap and detergents,Aircraft and Spacecraft Manufacturing,0,0,0,0,0,0
Other chemical products,Aircraft and Spacecraft Manufacturing,2,0.014131279587366636,0,0,2,0.014131279587366636
Industrial gases and fertilizers,Aircraft and Spacecraft Manufacturing,0,0,0,0,0,0
Petrochemicals,Aircraft and Spacecraft Manufacturing,98,0.6924326997809651,79,0.5581855437009821,177,1.2506182434819473
Dyestuffs and agro-chemicals,Aircraft and Spacecraft Manufacturing,0,0,0,0,0,0
Pharmaceutical products,Aircraft and Spacecraft Manufacturing,0,0,0,0,0,0
Rubber and plastic products,Aircraft and Spacecraft Manufacturing,94,0.6641701406062319,167,1.1799618455451142,261,1.844131986151346
Cement and concrete products,Aircraft and Spacecraft Manufacturing,0,0,0,0,0,0
"Glass, ceramic and stone products",Aircraft and Spacecraft Manufacturing,3,0.021196919381049957,0,0,3,0.021196919381049957
Basic iron and steel,Aircraft and Spacecraft Manufacturing,47,0.33208507030311596,1091,7.708613015,1138,8.040698085211616
Other basic metals and casting,Aircraft and Spacecraft Manufacturing,248,1.7522786688334628,512,3.617607574365859,760,5.369886243199321
Weapons and ammunition,Aircraft and Spacecraft Manufacturing,7,0.049459479,0,0,7,0.049459479
Other fabricated metal products,Aircraft and Spacecraft Manufacturing,288,2.0349042605807957,765,5.405214442167738,1053,7.440118702748533
Computer and electronic products,Aircraft and Spacecraft Manufacturing,111,0.7842860170988483,51,0.36034762947784926,162,1.1446336465766975
Electrical equipment,Aircraft and Spacecraft Manufacturing,576,4.069808521161591,903,6.380272733696037,1479,10.45008125485763
Other machinery and equipment,Aircraft and Spacecraft Manufacturing,216,1.5261781954355966,1,0.00706564,217,1.5332438352292799
Motor vehicles,Aircraft and Spacecraft Manufacturing,0,0,0,0,0,0
Ships and boats,Aircraft and Spacecraft Manufacturing,0,0,0,0,0,0
Aircraft and spacecraft products,Aircraft and Spacecraft Manufacturing,751,5.306295485056172,1336,9.439694764360913,2087,14.745990249417085
Other Transport Equipment,Aircraft and Spacecraft Manufacturing,1,0.00706564,0,0,1,0.00706564
Furniture,Aircraft and Spacecraft Manufacturing,0,0,0,0,0,0
Other manufactured goods,Aircraft and Spacecraft Manufacturing,2,0.014131279587366636,4,0.028262559174733273,6,0.042393839
Ship and boat repair and maintenance,Aircraft and Spacecraft Manufacturing,0,0,0,0,0,0
Air and spacecraft repair and maintenance,Aircraft and Spacecraft Manufacturing,35,0.24729739277891613,395,2.7909277185049106,430,3.0382251112838268
Other repair services,Aircraft and Spacecraft Manufacturing,12,0.084787678,224,1.582703313785063,236,1.6674909913092628
Electricity services,Aircraft and Spacecraft Manufacturing,0,0,117,0.8266798558609482,117,0.8266798558609482
"Mains gas, steam and air conditioning services",Aircraft and Spacecraft Manufacturing,0,0,34,0.2402317529852328,34,0.2402317529852328
Water services,Aircraft and Spacecraft Manufacturing,0,0,10,0.070656398,10,0.070656398
Sewerage services,Aircraft and Spacecraft Manufacturing,0,0,7,0.049459479,7,0.049459479
Waste collection and treatment services,Aircraft and Spacecraft Manufacturing,5,0.035328199,10,0.070656398,15,0.10598459690524976
Remediation and waste management services,Aircraft and Spacecraft Manufacturing,0,0,0,0,0,0
Construction services,Aircraft and Spacecraft Manufacturing,0,0,54,0.38154454885889916,54,0.38154454885889916
Motor vehicle trade services,Aircraft and Spacecraft Manufacturing,2,0.014131279587366636,8,0.056525118349466545,10,0.070656398
Wholesale trade services,Aircraft and Spacecraft Manufacturing,0,0,1875,13.248074613156222,1875,13.248074613156222
Retail trade services,Aircraft and Spacecraft Manufacturing,0,0,428,3.0240938316964603,428,3.0240938316964603
Rail transport services,Aircraft and Spacecraft Manufacturing,0,0,0,0,0,0
Land transport services,Aircraft and Spacecraft Manufacturing,7,0.049459479,180,1.2718151628629972,187,1.3212746414187804
Water transport services,Aircraft and Spacecraft Manufacturing,0,0,0,0,0,0
Air transport services,Aircraft and Spacecraft Manufacturing,9,0.063590758,52,0.3674132692715325,61,0.43100402741468236
Warehousing services,Aircraft and Spacecraft Manufacturing,5,0.035328199,116,0.8196142160672649,121,0.8549424150356815
Postal and courier services,Aircraft and Spacecraft Manufacturing,0,0,23,0.1625097152547163,23,0.1625097152547163
Accommodation services,Aircraft and Spacecraft Manufacturing,0,0,0,0,0,0
Food and beverage services,Aircraft and Spacecraft Manufacturing,3,0.021196919381049957,8,0.056525118349466545,11,0.077722038
Publishing services,Aircraft and Spacecraft Manufacturing,2,0.014131279587366636,44,0.310888151,46,0.32501943050943266
Media Production services,Aircraft and Spacecraft Manufacturing,0,0,0,0,0,0
Telecommunications services,Aircraft and Spacecraft Manufacturing,9,0.063590758,52,0.3674132692715325,61,0.43100402741468236
Computer programming services,Aircraft and Spacecraft Manufacturing,13,0.091853317,571,4.034480322193175,584,4.126333639511058
Information services,Aircraft and Spacecraft Manufacturing,2,0.014131279587366636,3,0.021196919381049957,5,0.035328198968416595
Financial services (excl. insurance and pensions),Aircraft and Spacecraft Manufacturing,29,0.20490355401681623,953,6.733554723380202,982,6.938458277397018
Insurance and pension services,Aircraft and Spacecraft Manufacturing,0,0,136,0.9609270119409312,136,0.9609270119409312
Auxiliary financial services,Aircraft and Spacecraft Manufacturing,0,0,35,0.24729739277891613,35,0.24729739277891613
Real estate services,Aircraft and Spacecraft Manufacturing,0,0,0,0,0,0
Owner-occupier housing services,Aircraft and Spacecraft Manufacturing,0,0,0,0,0,0
Other real estate services,Aircraft and Spacecraft Manufacturing,0,0,0,0,0,0
Legal services,Aircraft and Spacecraft Manufacturing,1,0.00706564,34,0.2402317529852328,35,0.24729739277891613
Accounting and tax services,Aircraft and Spacecraft Manufacturing,11,0.077722038,39,0.2755599519536494,50,0.3532819896841659
Management consulting services,Aircraft and Spacecraft Manufacturing,48,0.3391507100967993,20,0.14131279587366635,68,0.48046350597046567
Architectural and engineering services,Aircraft and Spacecraft Manufacturing,166,1.1728962057514307,731,5.164982689182505,897,6.337878894933936
Scientific research and development services,Aircraft and Spacecraft Manufacturing,0,0,0,0,0,0
Advertising and market research services,Aircraft and Spacecraft Manufacturing,1,0.00706564,7,0.049459479,8,0.056525118
Other scientific and technical services,Aircraft and Spacecraft Manufacturing,0,0,25,0.17664099484208295,25,0.17664099484208295
Veterinary services,Aircraft and Spacecraft Manufacturing,0,0,0,0,0,0
Rental and leasing services,Aircraft and Spacecraft Manufacturing,4,0.028262559174733273,31,0.21903483360418285,35,0.24729739277891613
Employment services,Aircraft and Spacecraft Manufacturing,12,0.084787678,111,0.7842860170988483,123,0.8690736946230481
Travel services,Aircraft and Spacecraft Manufacturing,0,0,16,0.11305023669893309,16,0.11305023669893309
Security services,Aircraft and Spacecraft Manufacturing,0,0,0,0,0,0
Building and landscape services,Aircraft and Spacecraft Manufacturing,0,0,0,0,0,0
Office support services,Aircraft and Spacecraft Manufacturing,0,0,0,0,0,0
Public administration services (including defence),Aircraft and Spacecraft Manufacturing,0,0,23,0.1625097152547163,23,0.1625097152547163
Education services,Aircraft and Spacecraft Manufacturing,3,0.021196919381049957,7,0.049459479,10,0.070656398
Health services,Aircraft and Spacecraft Manufacturing,0,0,0,0,0,0
Residential and social care services,Aircraft and Spacecraft Manufacturing,0,0,0,0,0,0
Arts and entertainment services,Aircraft and Spacecraft Manufacturing,0,0,0,0,0,0
Libraries and other cultural services,Aircraft and Spacecraft Manufacturing,0,0,0,0,0,0
Gambling services,Aircraft and Spacecraft Manufacturing,0,0,0,0,0,0
Sports and recreation services,Aircraft and Spacecraft Manufacturing,0,0,0,0,0,0
Membership services,Aircraft and Spacecraft Manufacturing,0,0,0,0,0,0
Computer repair services,Aircraft and Spacecraft Manufacturing,0,0,0,0,0,0
Other personal services,Aircraft and Spacecraft Manufacturing,0,0,0,0,0,0
Agriculture products,Other Transport Equipment Manufacturing,0,0,0,0,0,0
Forestry products,Other Transport Equipment Manufacturing,0,0,0,0,0,0
Fishing products,Other Transport Equipment Manufacturing,0,0,0,0,0,0
Coal and lignite,Other Transport Equipment Manufacturing,0,0,0,0,0,0
"Petroleum, natural gas and mining of metal ores",Other Transport Equipment Manufacturing,0,0,0,0,0,0
Other mining products,Other Transport Equipment Manufacturing,0,0,0,0,0,0
Mining support services,Other Transport Equipment Manufacturing,0,0,0,0,0,0
Meat and preserved meat products,Other Transport Equipment Manufacturing,0,0,0,0,0,0
"Fish, seafood, fruit and vegetables",Other Transport Equipment Manufacturing,0,0,0,0,0,0
Oils and fats,Other Transport Equipment Manufacturing,0,0,0,0,0,0
Dairy products,Other Transport Equipment Manufacturing,0,0,0,0,0,0
Grain mill and starch products,Other Transport Equipment Manufacturing,0,0,0,0,0,0
Bakery products,Other Transport Equipment Manufacturing,0,0,0,0,0,0
Other food products,Other Transport Equipment Manufacturing,0,0,0,0,0,0
Animal feeds,Other Transport Equipment Manufacturing,0,0,0,0,0,0
Alcoholic beverages and tobacco,Other Transport Equipment Manufacturing,0,0,0,0,0,0
Soft drinks,Other Transport Equipment Manufacturing,0,0,0,0,0,0
Textiles,Other Transport Equipment Manufacturing,0,0,0,0,0,0
Clothing,Other Transport Equipment Manufacturing,0,0,0,0,0,0
Leather products,Other Transport Equipment Manufacturing,0,0,0,0,0,0
Wood products (excl. furniture),Other Transport Equipment Manufacturing,0,0,0,0,0,0
Paper products,Other Transport Equipment Manufacturing,0,0,1,0.059630292,1,0.059630292
Printing and recording services,Other Transport Equipment Manufacturing,0,0,0,0,0,0
Coke and refined petroleum products,Other Transport Equipment Manufacturing,0,0,1,0.059630292,1,0.059630292
Paints and coatings,Other Transport Equipment Manufacturing,0,0,1,0.059630292,1,0.059630292
Soap and detergents,Other Transport Equipment Manufacturing,0,0,0,0,0,0
Other chemical products,Other Transport Equipment Manufacturing,0,0,1,0.059630292,1,0.059630292
Industrial gases and fertilizers,Other Transport Equipment Manufacturing,0,0,0,0,0,0
Petrochemicals,Other Transport Equipment Manufacturing,0,0,0,0,0,0
Dyestuffs and agro-chemicals,Other Transport Equipment Manufacturing,0,0,0,0,0,0
Pharmaceutical products,Other Transport Equipment Manufacturing,0,0,0,0,0,0
Rubber and plastic products,Other Transport Equipment Manufacturing,5,0.2981514609421586,0,0,5,0.2981514609421586
Cement and concrete products,Other Transport Equipment Manufacturing,0,0,0,0,0,0
"Glass, ceramic and stone products",Other Transport Equipment Manufacturing,0,0,0,0,0,0
Basic iron and steel,Other Transport Equipment Manufacturing,0,0,54,3.2200357781753133,54,3.2200357781753133
Other basic metals and casting,Other Transport Equipment Manufacturing,12,0.7155635062611807,1,0.059630292,13,0.7751937984496124
Weapons and ammunition,Other Transport Equipment Manufacturing,0,0,0,0,0,0
Other fabricated metal products,Other Transport Equipment Manufacturing,11,0.655933214,0,0,11,0.655933214
Computer and electronic products,Other Transport Equipment Manufacturing,2,0.11926058437686345,0,0,2,0.11926058437686345
Electrical equipment,Other Transport Equipment Manufacturing,4,0.2385211687537269,0,0,4,0.2385211687537269
Other machinery and equipment,Other Transport Equipment Manufacturing,7,0.41741204531902204,0,0,7,0.41741204531902204
Motor vehicles,Other Transport Equipment Manufacturing,0,0,0,0,0,0
Ships and boats,Other Transport Equipment Manufacturing,0,0,0,0,0,0
Aircraft and spacecraft products,Other Transport Equipment Manufacturing,0,0,0,0,0,0
Other Transport Equipment,Other Transport Equipment Manufacturing,557,33.21407274895647,0,0,557,33.21407274895647
Furniture,Other Transport Equipment Manufacturing,0,0,0,0,0,0
Other manufactured goods,Other Transport Equipment Manufacturing,0,0,0,0,0,0
Ship and boat repair and maintenance,Other Transport Equipment Manufacturing,0,0,0,0,0,0
Air and spacecraft repair and maintenance,Other Transport Equipment Manufacturing,0,0,0,0,0,0
Other repair services,Other Transport Equipment Manufacturing,0,0,83,4.949314251639833,83,4.949314251639833
Electricity services,Other Transport Equipment Manufacturing,0,0,17,1.0137149672033392,17,1.0137149672033392
"Mains gas, steam and air conditioning services",Other Transport Equipment Manufacturing,0,0,4,0.2385211687537269,4,0.2385211687537269
Water services,Other Transport Equipment Manufacturing,0,0,1,0.059630292,1,0.059630292
Sewerage services,Other Transport Equipment Manufacturing,0,0,0,0,0,0
Waste collection and treatment services,Other Transport Equipment Manufacturing,0,0,3,0.17889087656529518,3,0.17889087656529518
Remediation and waste management services,Other Transport Equipment Manufacturing,0,0,0,0,0,0
Construction services,Other Transport Equipment Manufacturing,0,0,5,0.2981514609421586,5,0.2981514609421586
Motor vehicle trade services,Other Transport Equipment Manufacturing,0,0,118,7.036374478234943,118,7.036374478234943
Wholesale trade services,Other Transport Equipment Manufacturing,0,0,170,10.137149672033392,170,10.137149672033392
Retail trade services,Other Transport Equipment Manufacturing,0,0,41,2.4448419797257004,41,2.4448419797257004
Rail transport services,Other Transport Equipment Manufacturing,0,0,3,0.17889087656529518,3,0.17889087656529518
Land transport services,Other Transport Equipment Manufacturing,1,0.059630292,37,2.206320810971974,38,2.2659511031604054
Water transport services,Other Transport Equipment Manufacturing,2,0.11926058437686345,0,0,2,0.11926058437686345
Air transport services,Other Transport Equipment Manufacturing,2,0.11926058437686345,0,0,2,0.11926058437686345
Warehousing services,Other Transport Equipment Manufacturing,0,0,2,0.11926058437686345,2,0.11926058437686345
Postal and courier services,Other Transport Equipment Manufacturing,0,0,1,0.059630292,1,0.059630292
Accommodation services,Other Transport Equipment Manufacturing,0,0,0,0,0,0
Food and beverage services,Other Transport Equipment Manufacturing,0,0,1,0.059630292,1,0.059630292
Publishing services,Other Transport Equipment Manufacturing,0,0,0,0,0,0
Media Production services,Other Transport Equipment Manufacturing,0,0,0,0,0,0
Telecommunications services,Other Transport Equipment Manufacturing,0,0,5,0.2981514609421586,5,0.2981514609421586
Computer programming services,Other Transport Equipment Manufacturing,1,0.059630292,52,3.100775194,53,3.1604054859868813
Information services,Other Transport Equipment Manufacturing,0,0,0,0,0,0
Financial services (excl. insurance and pensions),Other Transport Equipment Manufacturing,3,0.17889087656529518,179,10.67382230172928,182,10.852713178294575
Insurance and pension services,Other Transport Equipment Manufacturing,0,0,15,0.8944543828264758,15,0.8944543828264758
Auxiliary financial services,Other Transport Equipment Manufacturing,0,0,0,0,0,0
Real estate services,Other Transport Equipment Manufacturing,0,0,0,0,0,0
Owner-occupier housing services,Other Transport Equipment Manufacturing,0,0,0,0,0,0
Other real estate services,Other Transport Equipment Manufacturing,0,0,0,0,0,0
Legal services,Other Transport Equipment Manufacturing,0,0,3,0.17889087656529518,3,0.17889087656529518
Accounting and tax services,Other Transport Equipment Manufacturing,0,0,2,0.11926058437686345,2,0.11926058437686345
Management consulting services,Other Transport Equipment Manufacturing,3,0.17889087656529518,0,0,3,0.17889087656529518
Architectural and engineering services,Other Transport Equipment Manufacturing,12,0.7155635062611807,0,0,12,0.7155635062611807
Scientific research and development services,Other Transport Equipment Manufacturing,0,0,0,0,0,0
Advertising and market research services,Other Transport Equipment Manufacturing,1,0.059630292,17,1.0137149672033392,18,1.073345259391771
Other scientific and technical services,Other Transport Equipment Manufacturing,0,0,103,6.141920095408468,103,6.141920095408468
Veterinary services,Other Transport Equipment Manufacturing,0,0,0,0,0,0
Rental and leasing services,Other Transport Equipment Manufacturing,1,0.059630292,15,0.8944543828264758,16,0.9540846750149076
Employment services,Other Transport Equipment Manufacturing,14,0.8348240906380441,92,5.485986881335719,106,6.320810971973763
Travel services,Other Transport Equipment Manufacturing,0,0,0,0,0,0
Security services,Other Transport Equipment Manufacturing,0,0,0,0,0,0
Building and landscape services,Other Transport Equipment Manufacturing,0,0,0,0,0,0
Office support services,Other Transport Equipment Manufacturing,5,0.2981514609421586,1,0.059630292,6,0.35778175313059035
Public administration services (including defence),Other Transport Equipment Manufacturing,0,0,5,0.2981514609421586,5,0.2981514609421586
Education services,Other Transport Equipment Manufacturing,0,0,0,0,0,0
Health services,Other Transport Equipment Manufacturing,0,0,0,0,0,0
Residential and social care services,Other Transport Equipment Manufacturing,0,0,0,0,0,0
Arts and entertainment services,Other Transport Equipment Manufacturing,0,0,0,0,0,0
Libraries and other cultural services,Other Transport Equipment Manufacturing,0,0,0,0,0,0
Gambling services,Other Transport Equipment Manufacturing,0,0,0,0,0,0
Sports and recreation services,Other Transport Equipment Manufacturing,0,0,0,0,0,0
Membership services,Other Transport Equipment Manufacturing,0,0,0,0,0,0
Computer repair services,Other Transport Equipment Manufacturing,0,0,0,0,0,0
Other personal services,Other Transport Equipment Manufacturing,0,0,0,0,0,0
Agriculture products,Furniture Manufacturing,0,0,4,0.093523498,4,0.093523498
Forestry products,Furniture Manufacturing,0,0,0,0,0,0
Fishing products,Furniture Manufacturing,0,0,0,0,0,0
Coal and lignite,Furniture Manufacturing,0,0,0,0,0,0
"Petroleum, natural gas and mining of metal ores",Furniture Manufacturing,0,0,0,0,0,0
Other mining products,Furniture Manufacturing,0,0,0,0,0,0
Mining support services,Furniture Manufacturing,0,0,0,0,0,0
Meat and preserved meat products,Furniture Manufacturing,0,0,4,0.093523498,4,0.093523498
"Fish, seafood, fruit and vegetables",Furniture Manufacturing,0,0,4,0.093523498,4,0.093523498
Oils and fats,Furniture Manufacturing,0,0,0,0,0,0
Dairy products,Furniture Manufacturing,0,0,3,0.070142623,3,0.070142623
Grain mill and starch products,Furniture Manufacturing,0,0,0,0,0,0
Bakery products,Furniture Manufacturing,0,0,5,0.11690437222352115,5,0.11690437222352115
Other food products,Furniture Manufacturing,0,0,2,0.046761749,2,0.046761749
Animal feeds,Furniture Manufacturing,0,0,0,0,0,0
Alcoholic beverages and tobacco,Furniture Manufacturing,0,0,0,0,0,0
Soft drinks,Furniture Manufacturing,0,0,0,0,0,0
Textiles,Furniture Manufacturing,100,2.338087444470423,132,3.0862754267009587,232,5.424362871171382
Clothing,Furniture Manufacturing,0,0,0,0,0,0
Leather products,Furniture Manufacturing,4,0.093523498,0,0,4,0.093523498
Wood products (excl. furniture),Furniture Manufacturing,213,4.980126256722001,1194,27.916764086976855,1407,32.89689034369886
Paper products,Furniture Manufacturing,3,0.070142623,21,0.4909983633387889,24,0.5611409866729016
Printing and recording services,Furniture Manufacturing,0,0,2,0.046761749,2,0.046761749
Coke and refined petroleum products,Furniture Manufacturing,1,0.023380874,11,0.2571896188917466,12,0.2805704933364508
Paints and coatings,Furniture Manufacturing,1,0.023380874,11,0.2571896188917466,12,0.2805704933364508
Soap and detergents,Furniture Manufacturing,0,0,0,0,0,0
Other chemical products,Furniture Manufacturing,2,0.046761749,12,0.2805704933364508,14,0.32733224222585927
Industrial gases and fertilizers,Furniture Manufacturing,0,0,0,0,0,0
Petrochemicals,Furniture Manufacturing,18,0.42085574000467624,15,0.3507131166705635,33,0.7715688566752397
Dyestuffs and agro-chemicals,Furniture Manufacturing,0,0,0,0,0,0
Pharmaceutical products,Furniture Manufacturing,0,0,0,0,0,0
Rubber and plastic products,Furniture Manufacturing,50,1.1690437222352115,119,2.7823240589198037,169,3.951367781155015
Cement and concrete products,Furniture Manufacturing,2,0.046761749,0,0,2,0.046761749
"Glass, ceramic and stone products",Furniture Manufacturing,0,0,0,0,0,0
Basic iron and steel,Furniture Manufacturing,7,0.16366612111292964,55,1.2859480944587327,62,1.4496142155716623
Other basic metals and casting,Furniture Manufacturing,2,0.046761749,72,1.683422960018705,74,1.7301847089081135
Weapons and ammunition,Furniture Manufacturing,0,0,0,0,0,0
Other fabricated metal products,Furniture Manufacturing,99,2.3147065700257192,51,1.1924245966799158,150,3.5071311667056353
Computer and electronic products,Furniture Manufacturing,7,0.16366612111292964,23,0.5377601122281974,30,0.7014262333411271
Electrical equipment,Furniture Manufacturing,0,0,0,0,0,0
Other machinery and equipment,Furniture Manufacturing,9,0.21042787000233812,8,0.18704699555763385,17,0.39747486555997197
Motor vehicles,Furniture Manufacturing,1,0.023380874,8,0.18704699555763385,9,0.2104278700023381
Ships and boats,Furniture Manufacturing,0,0,0,0,0,0
Aircraft and spacecraft products,Furniture Manufacturing,0,0,0,0,0,0
Other Transport Equipment,Furniture Manufacturing,0,0,0,0,0,0
Furniture,Furniture Manufacturing,71,1.6600420855740003,58,1.3560907177928454,129,3.0161328033668457
Other manufactured goods,Furniture Manufacturing,1,0.023380874,0,0,1,0.023380874
Ship and boat repair and maintenance,Furniture Manufacturing,0,0,0,0,0,0
Air and spacecraft repair and maintenance,Furniture Manufacturing,0,0,0,0,0,0
Other repair services,Furniture Manufacturing,0,0,92,2.1510404489127897,92,2.1510404489127897
Electricity services,Furniture Manufacturing,0,0,70,1.6366612111292964,70,1.6366612111292964
"Mains gas, steam and air conditioning services",Furniture Manufacturing,0,0,19,0.4442366144493804,19,0.4442366144493804
Water services,Furniture Manufacturing,0,0,6,0.1402852466682254,6,0.1402852466682254
Sewerage services,Furniture Manufacturing,0,0,5,0.11690437222352115,5,0.11690437222352115
Waste collection and treatment services,Furniture Manufacturing,1,0.023380874,10,0.2338087444470423,11,0.2571896188917465
Remediation and waste management services,Furniture Manufacturing,0,0,0,0,0,0
Construction services,Furniture Manufacturing,1,0.023380874,0,0,1,0.023380874
Motor vehicle trade services,Furniture Manufacturing,0,0,6,0.1402852466682254,6,0.1402852466682254
Wholesale trade services,Furniture Manufacturing,0,0,538,12.578910451250877,538,12.578910451250877
Retail trade services,Furniture Manufacturing,0,0,182,4.255319149,182,4.255319149
Rail transport services,Furniture Manufacturing,0,0,4,0.093523498,4,0.093523498
Land transport services,Furniture Manufacturing,15,0.3507131166705635,129,3.0161328033668457,144,3.3668459200374095
Water transport services,Furniture Manufacturing,1,0.023380874,1,0.023380874,2,0.046761749
Air transport services,Furniture Manufacturing,0,0,0,0,0,0
Warehousing services,Furniture Manufacturing,0,0,0,0,0,0
Postal and courier services,Furniture Manufacturing,1,0.023380874,123,2.875847556698621,124,2.899228431143325
Accommodation services,Furniture Manufacturing,0,0,0,0,0,0
Food and beverage services,Furniture Manufacturing,1,0.023380874,5,0.11690437222352115,6,0.1402852466682254
Publishing services,Furniture Manufacturing,0,0,0,0,0,0
Media Production services,Furniture Manufacturing,0,0,0,0,0,0
Telecommunications services,Furniture Manufacturing,0,0,32,0.7481879822305354,32,0.7481879822305354
Computer programming services,Furniture Manufacturing,2,0.046761749,35,0.8183306055646482,37,0.8650923544540566
Information services,Furniture Manufacturing,0,0,0,0,0,0
Financial services (excl. insurance and pensions),Furniture Manufacturing,30,0.701426233,144,3.36684592,174,4.068272153378537
Insurance and pension services,Furniture Manufacturing,0,0,28,0.6546644844517185,28,0.6546644844517185
Auxiliary financial services,Furniture Manufacturing,0,0,0,0,0,0
Real estate services,Furniture Manufacturing,0,0,0,0,0,0
Owner-occupier housing services,Furniture Manufacturing,0,0,0,0,0,0
Other real estate services,Furniture Manufacturing,0,0,42,0.9819967266775778,42,0.9819967266775778
Legal services,Furniture Manufacturing,1,0.023380874,7,0.16366612111292964,8,0.18704699555763388
Accounting and tax services,Furniture Manufacturing,1,0.023380874,33,0.7715688566752397,34,0.7949497311199439
Management consulting services,Furniture Manufacturing,0,0,0,0,0,0
Architectural and engineering services,Furniture Manufacturing,0,0,0,0,0,0
Scientific research and development services,Furniture Manufacturing,0,0,0,0,0,0
Advertising and market research services,Furniture Manufacturing,9,0.21042787000233812,75,1.7535655833528174,84,1.9639934533551555
Other scientific and technical services,Furniture Manufacturing,0,0,108,2.525134440028057,108,2.525134440028057
Veterinary services,Furniture Manufacturing,0,0,0,0,0,0
Rental and leasing services,Furniture Manufacturing,1,0.023380874,30,0.701426233,31,0.7248071077858312
Employment services,Furniture Manufacturing,1,0.023380874,68,1.5898994622398879,69,1.613280336684592
Travel services,Furniture Manufacturing,0,0,0,0,0,0
Security services,Furniture Manufacturing,0,0,0,0,0,0
Building and landscape services,Furniture Manufacturing,0,0,0,0,0,0
Office support services,Furniture Manufacturing,0,0,0,0,0,0
Public administration services (including defence),Furniture Manufacturing,0,0,15,0.3507131166705635,15,0.3507131166705635
Education services,Furniture Manufacturing,0,0,0,0,0,0
Health services,Furniture Manufacturing,0,0,0,0,0,0
Residential and social care services,Furniture Manufacturing,0,0,0,0,0,0
Arts and entertainment services,Furniture Manufacturing,0,0,0,0,0,0
Libraries and other cultural services,Furniture Manufacturing,0,0,0,0,0,0
Gambling services,Furniture Manufacturing,0,0,0,0,0,0
Sports and recreation services,Furniture Manufacturing,0,0,0,0,0,0
Membership services,Furniture Manufacturing,0,0,0,0,0,0
Computer repair services,Furniture Manufacturing,0,0,0,0,0,0
Other personal services,Furniture Manufacturing,0,0,0,0,0,0
Agriculture products,Other Manufacturing,0,0,0,0,0,0
Forestry products,Other Manufacturing,0,0,0,0,0,0
Fishing products,Other Manufacturing,0,0,0,0,0,0
Coal and lignite,Other Manufacturing,0,0,0,0,0,0
"Petroleum, natural gas and mining of metal ores",Other Manufacturing,0,0,0,0,0,0
Other mining products,Other Manufacturing,2,0.034977265,0,0,2,0.034977265
Mining support services,Other Manufacturing,0,0,0,0,0,0
Meat and preserved meat products,Other Manufacturing,1,0.017488632388947184,1,0.017488632388947184,2,0.034977265
"Fish, seafood, fruit and vegetables",Other Manufacturing,0,0,2,0.034977265,2,0.034977265
Oils and fats,Other Manufacturing,0,0,0,0,0,0
Dairy products,Other Manufacturing,0,0,3,0.052465897,3,0.052465897
Grain mill and starch products,Other Manufacturing,0,0,0,0,0,0
Bakery products,Other Manufacturing,0,0,2,0.034977265,2,0.034977265
Other food products,Other Manufacturing,0,0,2,0.034977265,2,0.034977265
Animal feeds,Other Manufacturing,0,0,0,0,0,0
Alcoholic beverages and tobacco,Other Manufacturing,0,0,0,0,0,0
Soft drinks,Other Manufacturing,0,0,0,0,0,0
Textiles,Other Manufacturing,60,1.049317943336831,53,0.9268975166142007,113,1.9762154599510318
Clothing,Other Manufacturing,0,0,0,0,0,0
Leather products,Other Manufacturing,0,0,0,0,0,0
Wood products (excl. furniture),Other Manufacturing,21,0.36726128016789084,127,2.2210563133962924,148,2.588317593564183
Paper products,Other Manufacturing,27,0.472193075,64,1.1192724728926198,91,1.5914655473941939
Printing and recording services,Other Manufacturing,0,0,0,0,0,0
Coke and refined petroleum products,Other Manufacturing,5,0.087443162,5,0.087443162,10,0.17488632388947184
Paints and coatings,Other Manufacturing,1,0.017488632388947184,0,0,1,0.017488632388947184
Soap and detergents,Other Manufacturing,1,0.017488632388947184,0,0,1,0.017488632388947184
Other chemical products,Other Manufacturing,8,0.13990905911157747,0,0,8,0.13990905911157747
Industrial gases and fertilizers,Other Manufacturing,4,0.06995453,1,0.017488632388947184,5,0.087443162
Petrochemicals,Other Manufacturing,100,1.7488632388947183,82,1.434067855893669,182,3.1829310947883873
Dyestuffs and agro-chemicals,Other Manufacturing,2,0.034977265,2,0.034977265,4,0.06995453
Pharmaceutical products,Other Manufacturing,106,1.8537950332284014,0,0,106,1.8537950332284014
Rubber and plastic products,Other Manufacturing,300,5.246589716684155,111,1.9412381951731374,411,7.187827911857292
Cement and concrete products,Other Manufacturing,0,0,0,0,0,0
"Glass, ceramic and stone products",Other Manufacturing,2,0.034977265,0,0,2,0.034977265
Basic iron and steel,Other Manufacturing,16,0.27981811822315494,127,2.2210563133962924,143,2.5008744316194473
Other basic metals and casting,Other Manufacturing,570,9.968520461699896,0,0,570,9.968520461699896
Weapons and ammunition,Other Manufacturing,0,0,0,0,0,0
Other fabricated metal products,Other Manufacturing,54,0.944386149,433,7.5725778244141315,487,8.516963973
Computer and electronic products,Other Manufacturing,0,0,65,1.136761105281567,65,1.136761105281567
Electrical equipment,Other Manufacturing,39,0.6820566631689402,98,1.713885974116824,137,2.3959426372857644
Other machinery and equipment,Other Manufacturing,75,1.3116474291710387,59,1.0318293109478838,134,2.3434767401189225
Motor vehicles,Other Manufacturing,23,0.40223854494578526,5,0.087443162,28,0.48968170689052115
Ships and boats,Other Manufacturing,0,0,0,0,0,0
Aircraft and spacecraft products,Other Manufacturing,0,0,0,0,0,0
Other Transport Equipment,Other Manufacturing,0,0,0,0,0,0
Furniture,Other Manufacturing,0,0,0,0,0,0
Other manufactured goods,Other Manufacturing,0,0,271,4.739419377404687,271,4.739419377404687
Ship and boat repair and maintenance,Other Manufacturing,0,0,0,0,0,0
Air and spacecraft repair and maintenance,Other Manufacturing,0,0,0,0,0,0
Other repair services,Other Manufacturing,0,0,92,1.608954179783141,92,1.608954179783141
Electricity services,Other Manufacturing,1,0.017488632388947184,78,1.3641133263378804,79,1.3816019587268276
"Mains gas, steam and air conditioning services",Other Manufacturing,0,0,10,0.17488632388947184,10,0.17488632388947184
Water services,Other Manufacturing,0,0,12,0.2098635886673662,12,0.2098635886673662
Sewerage services,Other Manufacturing,0,0,6,0.1049317943336831,6,0.1049317943336831
Waste collection and treatment services,Other Manufacturing,27,0.472193075,0,0,27,0.472193075
Remediation and waste management services,Other Manufacturing,0,0,0,0,0,0
Construction services,Other Manufacturing,1,0.017488632388947184,49,0.856942987,50,0.8744316194473591
Motor vehicle trade services,Other Manufacturing,0,0,19,0.33228401538999647,19,0.33228401538999647
Wholesale trade services,Other Manufacturing,1,0.017488632388947184,781,13.65862189576775,782,13.676110528156697
Retail trade services,Other Manufacturing,0,0,289,5.054214760405737,289,5.054214760405737
Rail transport services,Other Manufacturing,0,0,0,0,0,0
Land transport services,Other Manufacturing,18,0.3147953830010493,271,4.739419377404687,289,5.054214760405737
Water transport services,Other Manufacturing,0,0,0,0,0,0
Air transport services,Other Manufacturing,1,0.017488632388947184,5,0.087443162,6,0.1049317943336831
Warehousing services,Other Manufacturing,0,0,0,0,0,0
Postal and courier services,Other Manufacturing,1,0.017488632388947184,60,1.049317943336831,61,1.066806575725778
Accommodation services,Other Manufacturing,0,0,0,0,0,0
Food and beverage services,Other Manufacturing,2,0.034977265,0,0,2,0.034977265
Publishing services,Other Manufacturing,2,0.034977265,5,0.087443162,7,0.12242042672263029
Media Production services,Other Manufacturing,0,0,0,0,0,0
Telecommunications services,Other Manufacturing,0,0,29,0.5071703392794683,29,0.5071703392794683
Computer programming services,Other Manufacturing,7,0.12242042672263029,89,1.5564882826162993,96,1.6789087093389297
Information services,Other Manufacturing,0,0,4,0.06995453,4,0.06995453
Financial services (excl. insurance and pensions),Other Manufacturing,34,0.5946135012242042,237,4.144805876180483,271,4.739419377404687
Insurance and pension services,Other Manufacturing,0,0,39,0.6820566631689402,39,0.6820566631689402
Auxiliary financial services,Other Manufacturing,1,0.017488632388947184,11,0.19237495627841902,12,0.2098635886673662
Real estate services,Other Manufacturing,0,0,0,0,0,0
Owner-occupier housing services,Other Manufacturing,0,0,0,0,0,0
Other real estate services,Other Manufacturing,0,0,1,0.017488632388947184,1,0.017488632388947184
Legal services,Other Manufacturing,5,0.087443162,17,0.2973067506121021,22,0.384749913
Accounting and tax services,Other Manufacturing,3,0.052465897,16,0.27981811822315494,19,0.3322840153899965
Management consulting services,Other Manufacturing,17,0.2973067506121021,178,3.1129765652325987,195,3.410283315844701
Architectural and engineering services,Other Manufacturing,5,0.087443162,6,0.1049317943336831,11,0.19237495627841902
Scientific research and development services,Other Manufacturing,0,0,0,0,0,0
Advertising and market research services,Other Manufacturing,6,0.1049317943336831,68,1.1892270024484084,74,1.2941587967820916
Other scientific and technical services,Other Manufacturing,0,0,96,1.6789087093389297,96,1.6789087093389297
Veterinary services,Other Manufacturing,0,0,0,0,0,0
Rental and leasing services,Other Manufacturing,2,0.034977265,33,0.577124869,35,0.6121021336131514
Employment services,Other Manufacturing,5,0.087443162,125,2.186079048618398,130,2.273522210563134
Travel services,Other Manufacturing,0,0,0,0,0,0
Security services,Other Manufacturing,0,0,0,0,0,0
Building and landscape services,Other Manufacturing,0,0,0,0,0,0
Office support services,Other Manufacturing,1,0.017488632388947184,0,0,1,0.017488632388947184
Public administration services (including defence),Other Manufacturing,0,0,20,0.3497726477789437,20,0.3497726477789437
Education services,Other Manufacturing,0,0,2,0.034977265,2,0.034977265
Health services,Other Manufacturing,0,0,0,0,0,0
Residential and social care services,Other Manufacturing,0,0,0,0,0,0
Arts and entertainment services,Other Manufacturing,0,0,0,0,0,0
Libraries and other cultural services,Other Manufacturing,0,0,0,0,0,0
Gambling services,Other Manufacturing,0,0,0,0,0,0
Sports and recreation services,Other Manufacturing,0,0,0,0,0,0
Membership services,Other Manufacturing,0,0,0,0,0,0
Computer repair services,Other Manufacturing,0,0,0,0,0,0
Other personal services,Other Manufacturing,0,0,0,0,0,0
Agriculture products,Ship Repair and Maintenance,0,0,0,0,0,0
Forestry products,Ship Repair and Maintenance,0,0,0,0,0,0
Fishing products,Ship Repair and Maintenance,0,0,0,0,0,0
Coal and lignite,Ship Repair and Maintenance,0,0,0,0,0,0
"Petroleum, natural gas and mining of metal ores",Ship Repair and Maintenance,0,0,0,0,0,0
Other mining products,Ship Repair and Maintenance,0,0,0,0,0,0
Mining support services,Ship Repair and Maintenance,0,0,0,0,0,0
Meat and preserved meat products,Ship Repair and Maintenance,0,0,0,0,0,0
"Fish, seafood, fruit and vegetables",Ship Repair and Maintenance,0,0,0,0,0,0
Oils and fats,Ship Repair and Maintenance,0,0,0,0,0,0
Dairy products,Ship Repair and Maintenance,0,0,0,0,0,0
Grain mill and starch products,Ship Repair and Maintenance,0,0,0,0,0,0
Bakery products,Ship Repair and Maintenance,0,0,0,0,0,0
Other food products,Ship Repair and Maintenance,0,0,0,0,0,0
Animal feeds,Ship Repair and Maintenance,0,0,0,0,0,0
Alcoholic beverages and tobacco,Ship Repair and Maintenance,0,0,0,0,0,0
Soft drinks,Ship Repair and Maintenance,0,0,0,0,0,0
Textiles,Ship Repair and Maintenance,0,0,0,0,0,0
Clothing,Ship Repair and Maintenance,0,0,0,0,0,0
Leather products,Ship Repair and Maintenance,0,0,0,0,0,0
Wood products (excl. furniture),Ship Repair and Maintenance,0,0,2,0.6644518272425249,2,0.6644518272425249
Paper products,Ship Repair and Maintenance,0,0,3,0.9966777408637874,3,0.9966777408637874
Printing and recording services,Ship Repair and Maintenance,0,0,0,0,0,0
Coke and refined petroleum products,Ship Repair and Maintenance,0,0,1,0.33222591362126247,1,0.33222591362126247
Paints and coatings,Ship Repair and Maintenance,0,0,3,0.9966777408637874,3,0.9966777408637874
Soap and detergents,Ship Repair and Maintenance,0,0,0,0,0,0
Other chemical products,Ship Repair and Maintenance,0,0,0,0,0,0
Industrial gases and fertilizers,Ship Repair and Maintenance,0,0,0,0,0,0
Petrochemicals,Ship Repair and Maintenance,2,0.6644518272425249,1,0.33222591362126247,3,0.9966777408637875
Dyestuffs and agro-chemicals,Ship Repair and Maintenance,0,0,0,0,0,0
Pharmaceutical products,Ship Repair and Maintenance,0,0,0,0,0,0
Rubber and plastic products,Ship Repair and Maintenance,0,0,1,0.33222591362126247,1,0.33222591362126247
Cement and concrete products,Ship Repair and Maintenance,0,0,0,0,0,0
"Glass, ceramic and stone products",Ship Repair and Maintenance,0,0,0,0,0,0
Basic iron and steel,Ship Repair and Maintenance,1,0.33222591362126247,40,13.28903654,41,13.621262458471763
Other basic metals and casting,Ship Repair and Maintenance,2,0.6644518272425249,0,0,2,0.6644518272425249
Weapons and ammunition,Ship Repair and Maintenance,0,0,0,0,0,0
Other fabricated metal products,Ship Repair and Maintenance,3,0.9966777408637874,3,0.9966777408637874,6,1.9933554817275747
Computer and electronic products,Ship Repair and Maintenance,2,0.6644518272425249,0,0,2,0.6644518272425249
Electrical equipment,Ship Repair and Maintenance,2,0.6644518272425249,0,0,2,0.6644518272425249
Other machinery and equipment,Ship Repair and Maintenance,5,1.6611295681063125,0,0,5,1.6611295681063125
Motor vehicles,Ship Repair and Maintenance,0,0,0,0,0,0
Ships and boats,Ship Repair and Maintenance,0,0,26,8.637873754152823,26,8.637873754152823
Aircraft and spacecraft products,Ship Repair and Maintenance,0,0,0,0,0,0
Other Transport Equipment,Ship Repair and Maintenance,0,0,0,0,0,0
Furniture,Ship Repair and Maintenance,0,0,0,0,0,0
Other manufactured goods,Ship Repair and Maintenance,0,0,8,2.6578073089700998,8,2.6578073089700998
Ship and boat repair and maintenance,Ship Repair and Maintenance,10,3.322259136212625,32,10.631229235880399,42,13.953488372093023
Air and spacecraft repair and maintenance,Ship Repair and Maintenance,0,0,0,0,0,0
Other repair services,Ship Repair and Maintenance,1,0.33222591362126247,2,0.6644518272425249,3,0.9966777408637875
Electricity services,Ship Repair and Maintenance,0,0,2,0.6644518272425249,2,0.6644518272425249
"Mains gas, steam and air conditioning services",Ship Repair and Maintenance,0,0,0,0,0,0
Water services,Ship Repair and Maintenance,0,0,1,0.33222591362126247,1,0.33222591362126247
Sewerage services,Ship Repair and Maintenance,0,0,1,0.33222591362126247,1,0.33222591362126247
Waste collection and treatment services,Ship Repair and Maintenance,0,0,1,0.33222591362126247,1,0.33222591362126247
Remediation and waste management services,Ship Repair and Maintenance,0,0,0,0,0,0
Construction services,Ship Repair and Maintenance,0,0,2,0.6644518272425249,2,0.6644518272425249
Motor vehicle trade services,Ship Repair and Maintenance,0,0,0,0,0,0
Wholesale trade services,Ship Repair and Maintenance,0,0,45,14.950166112956811,45,14.950166112956811
Retail trade services,Ship Repair and Maintenance,0,0,12,3.9867109634551494,12,3.9867109634551494
Rail transport services,Ship Repair and Maintenance,0,0,0,0,0,0
Land transport services,Ship Repair and Maintenance,0,0,1,0.33222591362126247,1,0.33222591362126247
Water transport services,Ship Repair and Maintenance,0,0,0,0,0,0
Air transport services,Ship Repair and Maintenance,0,0,0,0,0,0
Warehousing services,Ship Repair and Maintenance,0,0,0,0,0,0
Postal and courier services,Ship Repair and Maintenance,1,0.33222591362126247,1,0.33222591362126247,2,0.6644518272425249
Accommodation services,Ship Repair and Maintenance,0,0,0,0,0,0
Food and beverage services,Ship Repair and Maintenance,0,0,0,0,0,0
Publishing services,Ship Repair and Maintenance,0,0,0,0,0,0
Media Production services,Ship Repair and Maintenance,0,0,0,0,0,0
Telecommunications services,Ship Repair and Maintenance,0,0,3,0.9966777408637874,3,0.9966777408637874
Computer programming services,Ship Repair and Maintenance,2,0.6644518272425249,3,0.9966777408637874,5,1.6611295681063123
Information services,Ship Repair and Maintenance,0,0,0,0,0,0
Financial services (excl. insurance and pensions),Ship Repair and Maintenance,1,0.33222591362126247,24,7.973421926910299,25,8.305647840531561
Insurance and pension services,Ship Repair and Maintenance,0,0,4,1.3289036544850499,4,1.3289036544850499
Auxiliary financial services,Ship Repair and Maintenance,0,0,0,0,0,0
Real estate services,Ship Repair and Maintenance,0,0,0,0,0,0
Owner-occupier housing services,Ship Repair and Maintenance,0,0,0,0,0,0
Other real estate services,Ship Repair and Maintenance,0,0,0,0,0,0
Legal services,Ship Repair and Maintenance,0,0,5,1.6611295681063125,5,1.6611295681063125
Accounting and tax services,Ship Repair and Maintenance,0,0,25,8.305647840531561,25,8.305647840531561
Management consulting services,Ship Repair and Maintenance,0,0,0,0,0,0
Architectural and engineering services,Ship Repair and Maintenance,0,0,0,0,0,0
Scientific research and development services,Ship Repair and Maintenance,0,0,0,0,0,0
Advertising and market research services,Ship Repair and Maintenance,0,0,1,0.33222591362126247,1,0.33222591362126247
Other scientific and technical services,Ship Repair and Maintenance,0,0,0,0,0,0
Veterinary services,Ship Repair and Maintenance,0,0,0,0,0,0
Rental and leasing services,Ship Repair and Maintenance,2,0.6644518272425249,1,0.33222591362126247,3,0.9966777408637875
Employment services,Ship Repair and Maintenance,0,0,11,3.6544850498338874,11,3.6544850498338874
Travel services,Ship Repair and Maintenance,0,0,0,0,0,0
Security services,Ship Repair and Maintenance,0,0,0,0,0,0
Building and landscape services,Ship Repair and Maintenance,0,0,0,0,0,0
Office support services,Ship Repair and Maintenance,0,0,0,0,0,0
Public administration services (including defence),Ship Repair and Maintenance,0,0,2,0.6644518272425249,2,0.6644518272425249
Education services,Ship Repair and Maintenance,0,0,0,0,0,0
Health services,Ship Repair and Maintenance,0,0,0,0,0,0
Residential and social care services,Ship Repair and Maintenance,0,0,0,0,0,0
Arts and entertainment services,Ship Repair and Maintenance,0,0,0,0,0,0
Libraries and other cultural services,Ship Repair and Maintenance,0,0,0,0,0,0
Gambling services,Ship Repair and Maintenance,0,0,0,0,0,0
Sports and recreation services,Ship Repair and Maintenance,0,0,0,0,0,0
Membership services,Ship Repair and Maintenance,0,0,0,0,0,0
Computer repair services,Ship Repair and Maintenance,0,0,0,0,0,0
Other personal services,Ship Repair and Maintenance,0,0,0,0,0,0
Agriculture products,Air and spacecraft repair and maintenance,0,0,0,0,0,0
Forestry products,Air and spacecraft repair and maintenance,0,0,0,0,0,0
Fishing products,Air and spacecraft repair and maintenance,0,0,0,0,0,0
Coal and lignite,Air and spacecraft repair and maintenance,0,0,0,0,0,0
"Petroleum, natural gas and mining of metal ores",Air and spacecraft repair and maintenance,0,0,0,0,0,0
Other mining products,Air and spacecraft repair and maintenance,0,0,0,0,0,0
Mining support services,Air and spacecraft repair and maintenance,0,0,0,0,0,0
Meat and preserved meat products,Air and spacecraft repair and maintenance,0,0,1,0.038925652004671074,1,0.038925652004671074
"Fish, seafood, fruit and vegetables",Air and spacecraft repair and maintenance,0,0,0,0,0,0
Oils and fats,Air and spacecraft repair and maintenance,0,0,0,0,0,0
Dairy products,Air and spacecraft repair and maintenance,0,0,0,0,0,0
Grain mill and starch products,Air and spacecraft repair and maintenance,0,0,0,0,0,0
Bakery products,Air and spacecraft repair and maintenance,0,0,0,0,0,0
Other food products,Air and spacecraft repair and maintenance,0,0,0,0,0,0
Animal feeds,Air and spacecraft repair and maintenance,0,0,0,0,0,0
Alcoholic beverages and tobacco,Air and spacecraft repair and maintenance,0,0,0,0,0,0
Soft drinks,Air and spacecraft repair and maintenance,0,0,0,0,0,0
Textiles,Air and spacecraft repair and maintenance,1,0.038925652004671074,0,0,1,0.038925652004671074
Clothing,Air and spacecraft repair and maintenance,0,0,0,0,0,0
Leather products,Air and spacecraft repair and maintenance,0,0,0,0,0,0
Wood products (excl. furniture),Air and spacecraft repair and maintenance,0,0,0,0,0,0
Paper products,Air and spacecraft repair and maintenance,1,0.038925652004671074,2,0.077851304,3,0.11677695601401322
Printing and recording services,Air and spacecraft repair and maintenance,0,0,0,0,0,0
Coke and refined petroleum products,Air and spacecraft repair and maintenance,0,0,2,0.077851304,2,0.077851304
Paints and coatings,Air and spacecraft repair and maintenance,0,0,1,0.038925652004671074,1,0.038925652004671074
Soap and detergents,Air and spacecraft repair and maintenance,0,0,0,0,0,0
Other chemical products,Air and spacecraft repair and maintenance,0,0,0,0,0,0
Industrial gases and fertilizers,Air and spacecraft repair and maintenance,0,0,0,0,0,0
Petrochemicals,Air and spacecraft repair and maintenance,0,0,0,0,0,0
Dyestuffs and agro-chemicals,Air and spacecraft repair and maintenance,0,0,0,0,0,0
Pharmaceutical products,Air and spacecraft repair and maintenance,0,0,0,0,0,0
Rubber and plastic products,Air and spacecraft repair and maintenance,1,0.038925652004671074,0,0,1,0.038925652004671074
Cement and concrete products,Air and spacecraft repair and maintenance,0,0,0,0,0,0
"Glass, ceramic and stone products",Air and spacecraft repair and maintenance,0,0,0,0,0,0
Basic iron and steel,Air and spacecraft repair and maintenance,0,0,0,0,0,0
Other basic metals and casting,Air and spacecraft repair and maintenance,11,0.42818217205138187,18,0.7006617360840794,29,1.1288439081354613
Weapons and ammunition,Air and spacecraft repair and maintenance,0,0,0,0,0,0
Other fabricated metal products,Air and spacecraft repair and maintenance,20,0.7785130400934216,0,0,20,0.7785130400934216
Computer and electronic products,Air and spacecraft repair and maintenance,2,0.077851304,0,0,2,0.077851304
Electrical equipment,Air and spacecraft repair and maintenance,8,0.3114052160373686,0,0,8,0.3114052160373686
Other machinery and equipment,Air and spacecraft repair and maintenance,10,0.3892565200467108,1,0.038925652004671074,11,0.42818217205138187
Motor vehicles,Air and spacecraft repair and maintenance,0,0,0,0,0,0
Ships and boats,Air and spacecraft repair and maintenance,0,0,0,0,0,0
Aircraft and spacecraft products,Air and spacecraft repair and maintenance,1329,51.73219151420786,310,12.066952121448034,1639,63.799143635655895
Other Transport Equipment,Air and spacecraft repair and maintenance,0,0,0,0,0,0
Furniture,Air and spacecraft repair and maintenance,0,0,0,0,0,0
Other manufactured goods,Air and spacecraft repair and maintenance,0,0,0,0,0,0
Ship and boat repair and maintenance,Air and spacecraft repair and maintenance,0,0,0,0,0,0
Air and spacecraft repair and maintenance,Air and spacecraft repair and maintenance,149,5.799922148695991,219,8.524717789022967,368,14.324639937718958
Other repair services,Air and spacecraft repair and maintenance,72,2.802646944336318,35,1.3623978201634876,107,4.165044764499806
Electricity services,Air and spacecraft repair and maintenance,0,0,11,0.42818217205138187,11,0.42818217205138187
"Mains gas, steam and air conditioning services",Air and spacecraft repair and maintenance,0,0,4,0.1557026080186843,4,0.1557026080186843
Water services,Air and spacecraft repair and maintenance,0,0,2,0.077851304,2,0.077851304
Sewerage services,Air and spacecraft repair and maintenance,0,0,0,0,0,0
Waste collection and treatment services,Air and spacecraft repair and maintenance,0,0,2,0.077851304,2,0.077851304
Remediation and waste management services,Air and spacecraft repair and maintenance,0,0,0,0,0,0
Construction services,Air and spacecraft repair and maintenance,0,0,0,0,0,0
Motor vehicle trade services,Air and spacecraft repair and maintenance,0,0,0,0,0,0
Wholesale trade services,Air and spacecraft repair and maintenance,0,0,141,5.488516932658622,141,5.488516932658622
Retail trade services,Air and spacecraft repair and maintenance,0,0,15,0.5838847800700662,15,0.5838847800700662
Rail transport services,Air and spacecraft repair and maintenance,0,0,0,0,0,0
Land transport services,Air and spacecraft repair and maintenance,1,0.038925652004671074,12,0.46710782405605294,13,0.506033476
Water transport services,Air and spacecraft repair and maintenance,0,0,1,0.038925652004671074,1,0.038925652004671074
Air transport services,Air and spacecraft repair and maintenance,0,0,1,0.038925652004671074,1,0.038925652004671074
Warehousing services,Air and spacecraft repair and maintenance,0,0,5,0.1946282600233554,5,0.1946282600233554
Postal and courier services,Air and spacecraft repair and maintenance,0,0,3,0.11677695601401324,3,0.11677695601401324
Accommodation services,Air and spacecraft repair and maintenance,0,0,0,0,0,0
Food and beverage services,Air and spacecraft repair and maintenance,0,0,0,0,0,0
Publishing services,Air and spacecraft repair and maintenance,1,0.038925652004671074,2,0.077851304,3,0.11677695601401322
Media Production services,Air and spacecraft repair and maintenance,0,0,0,0,0,0
Telecommunications services,Air and spacecraft repair and maintenance,0,0,3,0.11677695601401324,3,0.11677695601401324
Computer programming services,Air and spacecraft repair and maintenance,1,0.038925652004671074,25,0.9731413,26,1.012066952121448
Information services,Air and spacecraft repair and maintenance,0,0,0,0,0,0
Financial services (excl. insurance and pensions),Air and spacecraft repair and maintenance,1,0.038925652004671074,76,2.958349552355002,77,2.997275204359673
Insurance and pension services,Air and spacecraft repair and maintenance,0,0,20,0.7785130400934216,20,0.7785130400934216
Auxiliary financial services,Air and spacecraft repair and maintenance,2,0.077851304,0,0,2,0.077851304
Real estate services,Air and spacecraft repair and maintenance,0,0,0,0,0,0
Owner-occupier housing services,Air and spacecraft repair and maintenance,0,0,0,0,0,0
Other real estate services,Air and spacecraft repair and maintenance,0,0,0,0,0,0
Legal services,Air and spacecraft repair and maintenance,0,0,4,0.1557026080186843,4,0.1557026080186843
Accounting and tax services,Air and spacecraft repair and maintenance,0,0,6,0.23355391202802647,6,0.23355391202802647
Management consulting services,Air and spacecraft repair and maintenance,1,0.038925652004671074,1,0.038925652004671074,2,0.077851304
Architectural and engineering services,Air and spacecraft repair and maintenance,7,0.2724795640326975,1,0.038925652004671074,8,0.3114052160373686
Scientific research and development services,Air and spacecraft repair and maintenance,0,0,0,0,0,0
Advertising and market research services,Air and spacecraft repair and maintenance,0,0,2,0.077851304,2,0.077851304
Other scientific and technical services,Air and spacecraft repair and maintenance,0,0,0,0,0,0
Veterinary services,Air and spacecraft repair and maintenance,0,0,0,0,0,0
Rental and leasing services,Air and spacecraft repair and maintenance,0,0,7,0.2724795640326975,7,0.2724795640326975
Employment services,Air and spacecraft repair and maintenance,1,0.038925652004671074,14,0.544959128,15,0.5838847800700662
Travel services,Air and spacecraft repair and maintenance,0,0,0,0,0,0
Security services,Air and spacecraft repair and maintenance,0,0,0,0,0,0
Building and landscape services,Air and spacecraft repair and maintenance,0,0,0,0,0,0
Office support services,Air and spacecraft repair and maintenance,0,0,0,0,0,0
Public administration services (including defence),Air and spacecraft repair and maintenance,0,0,3,0.11677695601401324,3,0.11677695601401324
Education services,Air and spacecraft repair and maintenance,0,0,0,0,0,0
Health services,Air and spacecraft repair and maintenance,0,0,0,0,0,0
Residential and social care services,Air and spacecraft repair and maintenance,0,0,0,0,0,0
Arts and entertainment services,Air and spacecraft repair and maintenance,0,0,0,0,0,0
Libraries and other cultural services,Air and spacecraft repair and maintenance,0,0,0,0,0,0
Gambling services,Air and spacecraft repair and maintenance,0,0,0,0,0,0
Sports and recreation services,Air and spacecraft repair and maintenance,0,0,0,0,0,0
Membership services,Air and spacecraft repair and maintenance,0,0,0,0,0,0
Computer repair services,Air and spacecraft repair and maintenance,0,0,0,0,0,0
Other personal services,Air and spacecraft repair and maintenance,0,0,0,0,0,0
Agriculture products,Other Repair and Installation,0,0,0,0,0,0
Forestry products,Other Repair and Installation,0,0,0,0,0,0
Fishing products,Other Repair and Installation,0,0,0,0,0,0
Coal and lignite,Other Repair and Installation,0,0,0,0,0,0
"Petroleum, natural gas and mining of metal ores",Other Repair and Installation,0,0,0,0,0,0
Other mining products,Other Repair and Installation,0,0,0,0,0,0
Mining support services,Other Repair and Installation,0,0,0,0,0,0
Meat and preserved meat products,Other Repair and Installation,0,0,0,0,0,0
"Fish, seafood, fruit and vegetables",Other Repair and Installation,0,0,0,0,0,0
Oils and fats,Other Repair and Installation,0,0,0,0,0,0
Dairy products,Other Repair and Installation,0,0,0,0,0,0
Grain mill and starch products,Other Repair and Installation,0,0,0,0,0,0
Bakery products,Other Repair and Installation,0,0,0,0,0,0
Other food products,Other Repair and Installation,0,0,0,0,0,0
Animal feeds,Other Repair and Installation,0,0,0,0,0,0
Alcoholic beverages and tobacco,Other Repair and Installation,0,0,0,0,0,0
Soft drinks,Other Repair and Installation,0,0,0,0,0,0
Textiles,Other Repair and Installation,3,0.049908501,2,0.033272334,5,0.083180835
Clothing,Other Repair and Installation,0,0,0,0,0,0
Leather products,Other Repair and Installation,0,0,0,0,0,0
Wood products (excl. furniture),Other Repair and Installation,1,0.016636167,25,0.41590417567792376,26,0.4325403427050407
Paper products,Other Repair and Installation,11,0.18299783729828648,0,0,11,0.18299783729828648
Printing and recording services,Other Repair and Installation,0,0,0,0,0,0
Coke and refined petroleum products,Other Repair and Installation,1,0.016636167,132,2.195974047579438,133,2.212610214606555
Paints and coatings,Other Repair and Installation,7,0.11645316918981867,14,0.23290633837963734,21,0.349359508
Soap and detergents,Other Repair and Installation,0,0,0,0,0,0
Other chemical products,Other Repair and Installation,0,0,0,0,0,0
Industrial gases and fertilizers,Other Repair and Installation,0,0,3,0.049908501,3,0.049908501
Petrochemicals,Other Repair and Installation,0,0,0,0,0,0
Dyestuffs and agro-chemicals,Other Repair and Installation,0,0,0,0,0,0
Pharmaceutical products,Other Repair and Installation,0,0,0,0,0,0
Rubber and plastic products,Other Repair and Installation,17,0.2828148394609882,25,0.41590417567792376,42,0.698719015
Cement and concrete products,Other Repair and Installation,0,0,0,0,0,0
"Glass, ceramic and stone products",Other Repair and Installation,0,0,0,0,0,0
Basic iron and steel,Other Repair and Installation,86,1.4307103643320578,13,0.21627017135252036,99,1.6469805356845781
Other basic metals and casting,Other Repair and Installation,15,0.2495425054067543,177,2.9446015637997003,192,3.1941440692064544
Weapons and ammunition,Other Repair and Installation,0,0,0,0,0,0
Other fabricated metal products,Other Repair and Installation,319,5.306937281650308,0,0,319,5.306937281650308
Computer and electronic products,Other Repair and Installation,36,0.5989020129762103,20,0.33272334054233904,56,0.9316253535185492
Electrical equipment,Other Repair and Installation,146,2.428880385959075,0,0,146,2.428880385959075
Other machinery and equipment,Other Repair and Installation,618,10.281151222758277,0,0,618,10.281151222758277
Motor vehicles,Other Repair and Installation,14,0.23290633837963734,96,1.5970720346032272,110,1.8299783729828645
Ships and boats,Other Repair and Installation,0,0,0,0,0,0
Aircraft and spacecraft products,Other Repair and Installation,0,0,0,0,0,0
Other Transport Equipment,Other Repair and Installation,50,0.8318083513558475,260,4.325403427050407,310,5.157211778406254
Furniture,Other Repair and Installation,0,0,0,0,0,0
Other manufactured goods,Other Repair and Installation,20,0.33272334054233904,5,0.083180835,25,0.4159041756779238
Ship and boat repair and maintenance,Other Repair and Installation,0,0,12,0.1996340043254034,12,0.1996340043254034
Air and spacecraft repair and maintenance,Other Repair and Installation,0,0,0,0,0,0
Other repair services,Other Repair and Installation,6,0.099817002,1049,17.45133921144568,1055,17.551156213608383
Electricity services,Other Repair and Installation,0,0,137,2.2791548827150225,137,2.2791548827150225
"Mains gas, steam and air conditioning services",Other Repair and Installation,0,0,64,1.0647146897354849,64,1.0647146897354849
Water services,Other Repair and Installation,0,0,9,0.14972550324405257,9,0.14972550324405257
Sewerage services,Other Repair and Installation,0,0,0,0,0,0
Waste collection and treatment services,Other Repair and Installation,1,0.016636167,11,0.18299783729828648,12,0.19963400432540343
Remediation and waste management services,Other Repair and Installation,0,0,0,0,0,0
Construction services,Other Repair and Installation,10,0.16636167027116952,328,5.456662785,338,5.623024455165529
Motor vehicle trade services,Other Repair and Installation,1,0.016636167,132,2.195974047579438,133,2.212610214606555
Wholesale trade services,Other Repair and Installation,0,0,545,9.06671103,545,9.06671103
Retail trade services,Other Repair and Installation,0,0,135,2.2458825486607883,135,2.2458825486607883
Rail transport services,Other Repair and Installation,0,0,0,0,0,0
Land transport services,Other Repair and Installation,11,0.18299783729828648,58,0.9648976875727833,69,1.1478955248710698
Water transport services,Other Repair and Installation,0,0,5,0.083180835,5,0.083180835
Air transport services,Other Repair and Installation,2,0.033272334,1,0.016636167,3,0.049908501
Warehousing services,Other Repair and Installation,7,0.11645316918981867,33,0.5489935118948595,40,0.6654466810846781
Postal and courier services,Other Repair and Installation,0,0,101,1.680252869738812,101,1.680252869738812
Accommodation services,Other Repair and Installation,0,0,0,0,0,0
Food and beverage services,Other Repair and Installation,1,0.016636167,7,0.11645316918981867,8,0.1330893362169356
Publishing services,Other Repair and Installation,0,0,16,0.2661786724338712,16,0.2661786724338712
Media Production services,Other Repair and Installation,0,0,0,0,0,0
Telecommunications services,Other Repair and Installation,3,0.049908501,93,1.5471635335218765,96,1.5970720346032274
Computer programming services,Other Repair and Installation,6,0.099817002,111,1.8466145400099818,117,1.9464315421726834
Information services,Other Repair and Installation,3,0.049908501,7,0.11645316918981867,10,0.16636167027116952
Financial services (excl. insurance and pensions),Other Repair and Installation,28,0.4658126767592747,146,2.428880385959075,174,2.8946930627183494
Insurance and pension services,Other Repair and Installation,0,0,36,0.5989020129762103,36,0.5989020129762103
Auxiliary financial services,Other Repair and Installation,0,0,11,0.18299783729828648,11,0.18299783729828648
Real estate services,Other Repair and Installation,0,0,0,0,0,0
Owner-occupier housing services,Other Repair and Installation,0,0,0,0,0,0
Other real estate services,Other Repair and Installation,1,0.016636167,21,0.349359508,22,0.36599567459657295
Legal services,Other Repair and Installation,1,0.016636167,92,1.5305273664947596,93,1.5471635335218765
Accounting and tax services,Other Repair and Installation,3,0.049908501,73,1.2144401929795374,76,1.2643486940608883
Management consulting services,Other Repair and Installation,41,0.682082848,6,0.099817002,47,0.7818998502744967
Architectural and engineering services,Other Repair and Installation,21,0.349359508,202,3.360505739477624,223,3.709865247
Scientific research and development services,Other Repair and Installation,0,0,0,0,0,0
Advertising and market research services,Other Repair and Installation,2,0.033272334,26,0.4325403427050407,28,0.4658126767592746
Other scientific and technical services,Other Repair and Installation,0,0,4,0.066544668,4,0.066544668
Veterinary services,Other Repair and Installation,0,0,0,0,0,0
Rental and leasing services,Other Repair and Installation,7,0.11645316918981867,126,2.096157045416736,133,2.2126102146065545
Employment services,Other Repair and Installation,7,0.11645316918981867,69,1.1478955248710696,76,1.2643486940608883
Travel services,Other Repair and Installation,0,0,3,0.049908501,3,0.049908501
Security services,Other Repair and Installation,0,0,0,0,0,0
Building and landscape services,Other Repair and Installation,0,0,34,0.5656296789219764,34,0.5656296789219764
Office support services,Other Repair and Installation,25,0.41590417567792376,1,0.016636167,26,0.4325403427050407
Public administration services (including defence),Other Repair and Installation,4,0.066544668,0,0,4,0.066544668
Education services,Other Repair and Installation,0,0,0,0,0,0
Health services,Other Repair and Installation,0,0,0,0,0,0
Residential and social care services,Other Repair and Installation,0,0,0,0,0,0
Arts and entertainment services,Other Repair and Installation,0,0,0,0,0,0
Libraries and other cultural services,Other Repair and Installation,0,0,0,0,0,0
Gambling services,Other Repair and Installation,0,0,0,0,0,0
Sports and recreation services,Other Repair and Installation,0,0,0,0,0,0
Membership services,Other Repair and Installation,0,0,0,0,0,0
Computer repair services,Other Repair and Installation,0,0,0,0,0,0
Other personal services,Other Repair and Installation,0,0,0,0,0,0
Agriculture products,Electric Power Generation and Distribution,48,0.06938923,4,0.005782436,52,0.075171666
Forestry products,Electric Power Generation and Distribution,27,0.039031442,678,0.980122877,705,1.0191543187567764
Fishing products,Electric Power Generation and Distribution,0,0,0,0,0,0
Coal and lignite,Electric Power Generation and Distribution,110,0.1590169859053126,0,0,110,0.1590169859053126
"Petroleum, natural gas and mining of metal ores",Electric Power Generation and Distribution,2496,3.6082399710878206,868,1.2547885796891942,3364,4.863028550777015
Other mining products,Electric Power Generation and Distribution,0,0,0,0,0,0
Mining support services,Electric Power Generation and Distribution,0,0,0,0,0,0
Meat and preserved meat products,Electric Power Generation and Distribution,0,0,17,0.024575352367184673,17,0.024575352367184673
"Fish, seafood, fruit and vegetables",Electric Power Generation and Distribution,0,0,9,0.013010480664980124,9,0.013010480664980124
Oils and fats,Electric Power Generation and Distribution,0,0,1,0.001445609,1,0.001445609
Dairy products,Electric Power Generation and Distribution,0,0,11,0.015901699,11,0.015901699
Grain mill and starch products,Electric Power Generation and Distribution,0,0,0,0,0,0
Bakery products,Electric Power Generation and Distribution,0,0,14,0.020238525478857967,14,0.020238525478857967
Other food products,Electric Power Generation and Distribution,0,0,4,0.005782436,4,0.005782436
Animal feeds,Electric Power Generation and Distribution,0,0,0,0,0,0
Alcoholic beverages and tobacco,Electric Power Generation and Distribution,0,0,0,0,0,0
Soft drinks,Electric Power Generation and Distribution,0,0,0,0,0,0
Textiles,Electric Power Generation and Distribution,0,0,0,0,0,0
Clothing,Electric Power Generation and Distribution,0,0,0,0,0,0
Leather products,Electric Power Generation and Distribution,0,0,0,0,0,0
Wood products (excl. furniture),Electric Power Generation and Distribution,0,0,0,0,0,0
Paper products,Electric Power Generation and Distribution,0,0,29,0.041922659920491503,29,0.041922659920491503
Printing and recording services,Electric Power Generation and Distribution,0,0,0,0,0,0
Coke and refined petroleum products,Electric Power Generation and Distribution,15,0.021684134,0,0,15,0.021684134
Paints and coatings,Electric Power Generation and Distribution,0,0,0,0,0,0
Soap and detergents,Electric Power Generation and Distribution,0,0,0,0,0,0
Other chemical products,Electric Power Generation and Distribution,0,0,0,0,0,0
Industrial gases and fertilizers,Electric Power Generation and Distribution,0,0,291,0.42067220816769063,291,0.42067220816769063
Petrochemicals,Electric Power Generation and Distribution,0,0,0,0,0,0
Dyestuffs and agro-chemicals,Electric Power Generation and Distribution,0,0,0,0,0,0
Pharmaceutical products,Electric Power Generation and Distribution,0,0,22,0.031803397,22,0.031803397
Rubber and plastic products,Electric Power Generation and Distribution,0,0,0,0,0,0
Cement and concrete products,Electric Power Generation and Distribution,0,0,0,0,0,0
"Glass, ceramic and stone products",Electric Power Generation and Distribution,0,0,0,0,0,0
Basic iron and steel,Electric Power Generation and Distribution,0,0,0,0,0,0
Other basic metals and casting,Electric Power Generation and Distribution,0,0,34,0.049150704734369347,34,0.049150704734369347
Weapons and ammunition,Electric Power Generation and Distribution,0,0,0,0,0,0
Other fabricated metal products,Electric Power Generation and Distribution,8,0.011564871702204554,451,0.6519696422117818,459,0.6635345139139863
Computer and electronic products,Electric Power Generation and Distribution,0,0,409,0.5912540657752079,409,0.5912540657752079
Electrical equipment,Electric Power Generation and Distribution,113,0.1633538127936393,264,0.3816407661727503,377,0.5449945789663896
Other machinery and equipment,Electric Power Generation and Distribution,20,0.028912179255511386,1195,1.7275027105168053,1215,1.7564148897723166
Motor vehicles,Electric Power Generation and Distribution,0,0,0,0,0,0
Ships and boats,Electric Power Generation and Distribution,0,0,0,0,0,0
Aircraft and spacecraft products,Electric Power Generation and Distribution,0,0,0,0,0,0
Other Transport Equipment,Electric Power Generation and Distribution,0,0,0,0,0,0
Furniture,Electric Power Generation and Distribution,0,0,0,0,0,0
Other manufactured goods,Electric Power Generation and Distribution,0,0,28,0.040477050957715935,28,0.040477050957715935
Ship and boat repair and maintenance,Electric Power Generation and Distribution,0,0,0,0,0,0
Air and spacecraft repair and maintenance,Electric Power Generation and Distribution,0,0,0,0,0,0
Other repair services,Electric Power Generation and Distribution,3,0.004336827,1630,2.356342609324178,1633,2.3606794362125045
Electricity services,Electric Power Generation and Distribution,635,0.9179616913624865,37412,54.08312251535959,38047,55.001084206722076
"Mains gas, steam and air conditioning services",Electric Power Generation and Distribution,6,0.008673654,11114,16.066498012287674,11120,16.07517166606433
Water services,Electric Power Generation and Distribution,0,0,65,0.093964583,65,0.093964583
Sewerage services,Electric Power Generation and Distribution,0,0,2,0.002891218,2,0.002891218
Waste collection and treatment services,Electric Power Generation and Distribution,434,0.6273942898445971,1,0.001445609,435,0.6288398988073727
Remediation and waste management services,Electric Power Generation and Distribution,0,0,0,0,0,0
Construction services,Electric Power Generation and Distribution,308,0.4452475605348753,2145,3.1008312251535957,2453,3.546078785688471
Motor vehicle trade services,Electric Power Generation and Distribution,0,0,46,0.066498012,46,0.066498012
Wholesale trade services,Electric Power Generation and Distribution,0,0,1099,1.5887242500903505,1099,1.5887242500903505
Retail trade services,Electric Power Generation and Distribution,0,0,227,0.3281532345500542,227,0.3281532345500542
Rail transport services,Electric Power Generation and Distribution,0,0,0,0,0,0
Land transport services,Electric Power Generation and Distribution,2,0.002891218,28,0.040477050957715935,30,0.043368269
Water transport services,Electric Power Generation and Distribution,0,0,1,0.001445609,1,0.001445609
Air transport services,Electric Power Generation and Distribution,0,0,1,0.001445609,1,0.001445609
Warehousing services,Electric Power Generation and Distribution,0,0,0,0,0,0
Postal and courier services,Electric Power Generation and Distribution,0,0,156,0.22551499819298879,156,0.22551499819298879
Accommodation services,Electric Power Generation and Distribution,0,0,0,0,0,0
Food and beverage services,Electric Power Generation and Distribution,2,0.002891218,7,0.010119262739428984,9,0.013010480664980123
Publishing services,Electric Power Generation and Distribution,0,0,0,0,0,0
Media Production services,Electric Power Generation and Distribution,0,0,0,0,0,0
Telecommunications services,Electric Power Generation and Distribution,5,0.007228045,160,0.2312974340440911,165,0.23852547885796893
Computer programming services,Electric Power Generation and Distribution,28,0.040477050957715935,858,1.2403324900614383,886,1.2808095410191542
Information services,Electric Power Generation and Distribution,1,0.001445609,0,0,1,0.001445609
Financial services (excl. insurance and pensions),Electric Power Generation and Distribution,278,0.4018792916516082,971,1.4036863028550777,1249,1.8055655945066857
Insurance and pension services,Electric Power Generation and Distribution,0,0,166,0.2399710878207445,166,0.2399710878207445
Auxiliary financial services,Electric Power Generation and Distribution,3,0.004336827,0,0,3,0.004336827
Real estate services,Electric Power Generation and Distribution,0,0,0,0,0,0
Owner-occupier housing services,Electric Power Generation and Distribution,0,0,0,0,0,0
Other real estate services,Electric Power Generation and Distribution,1,0.001445609,189,0.2732200939645826,190,0.27466570292735815
Legal services,Electric Power Generation and Distribution,2,0.002891218,640,0.9251897361763644,642,0.9280809541019155
Accounting and tax services,Electric Power Generation and Distribution,1,0.001445609,551,0.7965305384893386,552,0.7979761474521142
Management consulting services,Electric Power Generation and Distribution,295,0.42645464401879285,577,0.8341163715215035,872,1.2605710155402963
Architectural and engineering services,Electric Power Generation and Distribution,475,0.6866642573183953,16,0.023129743404409108,491,0.7097940007228044
Scientific research and development services,Electric Power Generation and Distribution,0,0,0,0,0,0
Advertising and market research services,Electric Power Generation and Distribution,13,0.018792917,153,0.22117817130466208,166,0.23997108782074447
Other scientific and technical services,Electric Power Generation and Distribution,0,0,121,0.17491868449584388,121,0.17491868449584388
Veterinary services,Electric Power Generation and Distribution,0,0,0,0,0,0
Rental and leasing services,Electric Power Generation and Distribution,5,0.007228045,121,0.17491868449584388,126,0.18214672930972173
Employment services,Electric Power Generation and Distribution,13,0.018792917,297,0.4293458619443441,310,0.4481387784604265
Travel services,Electric Power Generation and Distribution,0,0,1,0.001445609,1,0.001445609
Security services,Electric Power Generation and Distribution,0,0,0,0,0,0
Building and landscape services,Electric Power Generation and Distribution,0,0,232,0.33538127936393203,232,0.33538127936393203
Office support services,Electric Power Generation and Distribution,16,0.023129743404409108,469,0.6779906035417419,485,0.701120347
Public administration services (including defence),Electric Power Generation and Distribution,27,0.039031442,0,0,27,0.039031442
Education services,Electric Power Generation and Distribution,0,0,0,0,0,0
Health services,Electric Power Generation and Distribution,0,0,0,0,0,0
Residential and social care services,Electric Power Generation and Distribution,0,0,0,0,0,0
Arts and entertainment services,Electric Power Generation and Distribution,0,0,0,0,0,0
Libraries and other cultural services,Electric Power Generation and Distribution,0,0,0,0,0,0
Gambling services,Electric Power Generation and Distribution,0,0,0,0,0,0
Sports and recreation services,Electric Power Generation and Distribution,0,0,0,0,0,0
Membership services,Electric Power Generation and Distribution,0,0,0,0,0,0
Computer repair services,Electric Power Generation and Distribution,0,0,0,0,0,0
Other personal services,Electric Power Generation and Distribution,0,0,0,0,0,0
Agriculture products,Mains Gas Supply,0,0,2,0.010311404,2,0.010311404
Forestry products,Mains Gas Supply,0,0,0,0,0,0
Fishing products,Mains Gas Supply,0,0,0,0,0,0
Coal and lignite,Mains Gas Supply,0,0,0,0,0,0
"Petroleum, natural gas and mining of metal ores",Mains Gas Supply,2552,13.157352031346669,0,0,2552,13.157352031346669
Other mining products,Mains Gas Supply,0,0,0,0,0,0
Mining support services,Mains Gas Supply,0,0,0,0,0,0
Meat and preserved meat products,Mains Gas Supply,0,0,2,0.010311404,2,0.010311404
"Fish, seafood, fruit and vegetables",Mains Gas Supply,0,0,1,0.005155702,1,0.005155702
Oils and fats,Mains Gas Supply,0,0,0,0,0,0
Dairy products,Mains Gas Supply,0,0,0,0,0,0
Grain mill and starch products,Mains Gas Supply,0,0,0,0,0,0
Bakery products,Mains Gas Supply,0,0,2,0.010311404,2,0.010311404
Other food products,Mains Gas Supply,0,0,0,0,0,0
Animal feeds,Mains Gas Supply,0,0,0,0,0,0
Alcoholic beverages and tobacco,Mains Gas Supply,0,0,0,0,0,0
Soft drinks,Mains Gas Supply,0,0,0,0,0,0
Textiles,Mains Gas Supply,0,0,0,0,0,0
Clothing,Mains Gas Supply,0,0,0,0,0,0
Leather products,Mains Gas Supply,0,0,0,0,0,0
Wood products (excl. furniture),Mains Gas Supply,0,0,0,0,0,0
Paper products,Mains Gas Supply,0,0,12,0.061868426,12,0.061868426
Printing and recording services,Mains Gas Supply,0,0,0,0,0,0
Coke and refined petroleum products,Mains Gas Supply,0,0,0,0,0,0
Paints and coatings,Mains Gas Supply,0,0,0,0,0,0
Soap and detergents,Mains Gas Supply,0,0,0,0,0,0
Other chemical products,Mains Gas Supply,0,0,0,0,0,0
Industrial gases and fertilizers,Mains Gas Supply,0,0,0,0,0,0
Petrochemicals,Mains Gas Supply,0,0,0,0,0,0
Dyestuffs and agro-chemicals,Mains Gas Supply,0,0,0,0,0,0
Pharmaceutical products,Mains Gas Supply,0,0,0,0,0,0
Rubber and plastic products,Mains Gas Supply,0,0,0,0,0,0
Cement and concrete products,Mains Gas Supply,0,0,0,0,0,0
"Glass, ceramic and stone products",Mains Gas Supply,0,0,0,0,0,0
Basic iron and steel,Mains Gas Supply,0,0,0,0,0,0
Other basic metals and casting,Mains Gas Supply,0,0,0,0,0,0
Weapons and ammunition,Mains Gas Supply,0,0,0,0,0,0
Other fabricated metal products,Mains Gas Supply,1,0.005155702,0,0,1,0.005155702
Computer and electronic products,Mains Gas Supply,38,0.1959166838523407,10,0.051557022066405445,48,0.24747370591874615
Electrical equipment,Mains Gas Supply,5,0.025778511033202722,4,0.020622809,9,0.04640132
Other machinery and equipment,Mains Gas Supply,3,0.015467106619921633,140,0.7217983089296762,143,0.7372654155495979
Motor vehicles,Mains Gas Supply,0,0,0,0,0,0
Ships and boats,Mains Gas Supply,0,0,0,0,0,0
Aircraft and spacecraft products,Mains Gas Supply,0,0,0,0,0,0
Other Transport Equipment,Mains Gas Supply,0,0,0,0,0,0
Furniture,Mains Gas Supply,0,0,0,0,0,0
Other manufactured goods,Mains Gas Supply,0,0,3,0.015467106619921633,3,0.015467106619921633
Ship and boat repair and maintenance,Mains Gas Supply,0,0,0,0,0,0
Air and spacecraft repair and maintenance,Mains Gas Supply,0,0,0,0,0,0
Other repair services,Mains Gas Supply,0,0,972,5.011342544854609,972,5.011342544854609
Electricity services,Mains Gas Supply,2,0.010311404,3100,15.982676840585688,3102,15.992988244998969
"Mains gas, steam and air conditioning services",Mains Gas Supply,5,0.025778511033202722,8910,45.93730666116725,8915,45.96308517220045
Water services,Mains Gas Supply,0,0,3,0.015467106619921633,3,0.015467106619921633
Sewerage services,Mains Gas Supply,0,0,0,0,0,0
Waste collection and treatment services,Mains Gas Supply,0,0,1,0.005155702,1,0.005155702
Remediation and waste management services,Mains Gas Supply,0,0,0,0,0,0
Construction services,Mains Gas Supply,0,0,646,3.3305836254897914,646,3.3305836254897914
Motor vehicle trade services,Mains Gas Supply,0,0,6,0.030934213239843265,6,0.030934213239843265
Wholesale trade services,Mains Gas Supply,0,0,79,0.407300474,79,0.407300474
Retail trade services,Mains Gas Supply,0,0,16,0.082491235,16,0.082491235
Rail transport services,Mains Gas Supply,0,0,0,0,0,0
Land transport services,Mains Gas Supply,1,0.005155702,13,0.067024129,14,0.072179831
Water transport services,Mains Gas Supply,0,0,0,0,0,0
Air transport services,Mains Gas Supply,0,0,0,0,0,0
Warehousing services,Mains Gas Supply,0,0,0,0,0,0
Postal and courier services,Mains Gas Supply,0,0,13,0.067024129,13,0.067024129
Accommodation services,Mains Gas Supply,0,0,0,0,0,0
Food and beverage services,Mains Gas Supply,0,0,78,0.40214477211796246,78,0.40214477211796246
Publishing services,Mains Gas Supply,0,0,0,0,0,0
Media Production services,Mains Gas Supply,0,0,0,0,0,0
Telecommunications services,Mains Gas Supply,1,0.005155702,63,0.32480923901835435,64,0.32996494122499487
Computer programming services,Mains Gas Supply,5,0.025778511033202722,268,1.381728191379666,273,1.4075067024128687
Information services,Mains Gas Supply,3,0.015467106619921633,234,1.2064343163538873,237,1.221901422973809
Financial services (excl. insurance and pensions),Mains Gas Supply,11,0.056712724273045995,274,1.412662404619509,285,1.4693751288925552
Insurance and pension services,Mains Gas Supply,0,0,42,0.21653949267890285,42,0.21653949267890285
Auxiliary financial services,Mains Gas Supply,3,0.015467106619921633,8,0.041245618,11,0.056712724273045995
Real estate services,Mains Gas Supply,0,0,0,0,0,0
Owner-occupier housing services,Mains Gas Supply,0,0,0,0,0,0
Other real estate services,Mains Gas Supply,0,0,65,0.3351206434316354,65,0.3351206434316354
Legal services,Mains Gas Supply,1,0.005155702,122,0.6289956692101464,123,0.6341513714167869
Accounting and tax services,Mains Gas Supply,0,0,91,0.4691689008042895,91,0.4691689008042895
Management consulting services,Mains Gas Supply,10,0.051557022066405445,1308,6.743658486285832,1318,6.795215508352237
Architectural and engineering services,Mains Gas Supply,1,0.005155702,41,0.2113837904722623,42,0.21653949267890285
Scientific research and development services,Mains Gas Supply,0,0,0,0,0,0
Advertising and market research services,Mains Gas Supply,4,0.020622809,29,0.14951536399257578,33,0.17013817281913796
Other scientific and technical services,Mains Gas Supply,0,0,0,0,0,0
Veterinary services,Mains Gas Supply,0,0,0,0,0,0
Rental and leasing services,Mains Gas Supply,7,0.036089915,33,0.17013817281913796,40,0.20622808826562178
Employment services,Mains Gas Supply,4,0.020622809,45,0.2320065992988245,49,0.2526294081253867
Travel services,Mains Gas Supply,0,0,0,0,0,0
Security services,Mains Gas Supply,0,0,0,0,0,0
Building and landscape services,Mains Gas Supply,0,0,12,0.061868426,12,0.061868426
Office support services,Mains Gas Supply,19,0.097958342,68,0.35058775,87,0.4485460919777274
Public administration services (including defence),Mains Gas Supply,0,0,4,0.020622809,4,0.020622809
Education services,Mains Gas Supply,0,0,0,0,0,0
Health services,Mains Gas Supply,0,0,0,0,0,0
Residential and social care services,Mains Gas Supply,0,0,0,0,0,0
Arts and entertainment services,Mains Gas Supply,0,0,0,0,0,0
Libraries and other cultural services,Mains Gas Supply,0,0,0,0,0,0
Gambling services,Mains Gas Supply,0,0,0,0,0,0
Sports and recreation services,Mains Gas Supply,0,0,0,0,0,0
Membership services,Mains Gas Supply,0,0,0,0,0,0
Computer repair services,Mains Gas Supply,0,0,0,0,0,0
Other personal services,Mains Gas Supply,0,0,0,0,0,0
Agriculture products,Water Collection and Supply,0,0,0,0,0,0
Forestry products,Water Collection and Supply,0,0,0,0,0,0
Fishing products,Water Collection and Supply,0,0,0,0,0,0
Coal and lignite,Water Collection and Supply,0,0,0,0,0,0
"Petroleum, natural gas and mining of metal ores",Water Collection and Supply,0,0,0,0,0,0
Other mining products,Water Collection and Supply,0,0,0,0,0,0
Mining support services,Water Collection and Supply,0,0,0,0,0,0
Meat and preserved meat products,Water Collection and Supply,0,0,5,0.15888147442008263,5,0.15888147442008263
"Fish, seafood, fruit and vegetables",Water Collection and Supply,0,0,3,0.095328885,3,0.095328885
Oils and fats,Water Collection and Supply,0,0,0,0,0,0
Dairy products,Water Collection and Supply,0,0,3,0.095328885,3,0.095328885
Grain mill and starch products,Water Collection and Supply,0,0,0,0,0,0
Bakery products,Water Collection and Supply,0,0,3,0.095328885,3,0.095328885
Other food products,Water Collection and Supply,0,0,2,0.06355259,2,0.06355259
Animal feeds,Water Collection and Supply,0,0,0,0,0,0
Alcoholic beverages and tobacco,Water Collection and Supply,0,0,0,0,0,0
Soft drinks,Water Collection and Supply,0,0,0,0,0,0
Textiles,Water Collection and Supply,0,0,0,0,0,0
Clothing,Water Collection and Supply,0,0,0,0,0,0
Leather products,Water Collection and Supply,0,0,0,0,0,0
Wood products (excl. furniture),Water Collection and Supply,0,0,0,0,0,0
Paper products,Water Collection and Supply,0,0,4,0.1271051795360661,4,0.1271051795360661
Printing and recording services,Water Collection and Supply,0,0,0,0,0,0
Coke and refined petroleum products,Water Collection and Supply,1,0.031776295,17,0.5401970130282808,18,0.5719733079122974
Paints and coatings,Water Collection and Supply,0,0,0,0,0,0
Soap and detergents,Water Collection and Supply,0,0,0,0,0,0
Other chemical products,Water Collection and Supply,0,0,0,0,0,0
Industrial gases and fertilizers,Water Collection and Supply,0,0,62,1.9701302828090246,62,1.9701302828090246
Petrochemicals,Water Collection and Supply,29,0.9215125516364793,22,0.6990784874483635,51,1.6205910390848428
Dyestuffs and agro-chemicals,Water Collection and Supply,0,0,2,0.06355259,2,0.06355259
Pharmaceutical products,Water Collection and Supply,0,0,0,0,0,0
Rubber and plastic products,Water Collection and Supply,0,0,1,0.031776295,1,0.031776295
Cement and concrete products,Water Collection and Supply,0,0,1,0.031776295,1,0.031776295
"Glass, ceramic and stone products",Water Collection and Supply,0,0,0,0,0,0
Basic iron and steel,Water Collection and Supply,0,0,0,0,0,0
Other basic metals and casting,Water Collection and Supply,0,0,2,0.06355259,2,0.06355259
Weapons and ammunition,Water Collection and Supply,0,0,0,0,0,0
Other fabricated metal products,Water Collection and Supply,0,0,1,0.031776295,1,0.031776295
Computer and electronic products,Water Collection and Supply,27,0.8579599618684461,0,0,27,0.8579599618684461
Electrical equipment,Water Collection and Supply,0,0,0,0,0,0
Other machinery and equipment,Water Collection and Supply,4,0.1271051795360661,81,2.5738798856053386,85,2.700985065141405
Motor vehicles,Water Collection and Supply,0,0,5,0.15888147442008263,5,0.15888147442008263
Ships and boats,Water Collection and Supply,0,0,0,0,0,0
Aircraft and spacecraft products,Water Collection and Supply,0,0,0,0,0,0
Other Transport Equipment,Water Collection and Supply,0,0,0,0,0,0
Furniture,Water Collection and Supply,0,0,0,0,0,0
Other manufactured goods,Water Collection and Supply,1,0.031776295,3,0.095328885,4,0.1271051795360661
Ship and boat repair and maintenance,Water Collection and Supply,0,0,0,0,0,0
Air and spacecraft repair and maintenance,Water Collection and Supply,0,0,0,0,0,0
Other repair services,Water Collection and Supply,1,0.031776295,44,1.398156974896727,45,1.4299332697807436
Electricity services,Water Collection and Supply,2,0.06355259,497,15.792818557356211,499,15.856371147124245
"Mains gas, steam and air conditioning services",Water Collection and Supply,0,0,4,0.1271051795360661,4,0.1271051795360661
Water services,Water Collection and Supply,1,0.031776295,798,25.357483317445183,799,25.389259612329198
Sewerage services,Water Collection and Supply,0,0,119,3.7813790911979663,119,3.7813790911979663
Waste collection and treatment services,Water Collection and Supply,8,0.2542103590721322,61,1.938353987925008,69,2.1925643469971403
Remediation and waste management services,Water Collection and Supply,0,0,0,0,0,0
Construction services,Water Collection and Supply,0,0,344,10.931045440101684,344,10.931045440101684
Motor vehicle trade services,Water Collection and Supply,0,0,35,1.1121703209405782,35,1.1121703209405782
Wholesale trade services,Water Collection and Supply,0,0,79,2.5103272958373055,79,2.5103272958373055
Retail trade services,Water Collection and Supply,0,0,18,0.5719733079122974,18,0.5719733079122974
Rail transport services,Water Collection and Supply,0,0,0,0,0,0
Land transport services,Water Collection and Supply,3,0.095328885,18,0.5719733079122974,21,0.667302193
Water transport services,Water Collection and Supply,0,0,0,0,0,0
Air transport services,Water Collection and Supply,0,0,0,0,0,0
Warehousing services,Water Collection and Supply,0,0,31,0.9850651414045123,31,0.9850651414045123
Postal and courier services,Water Collection and Supply,0,0,13,0.4130918334922148,13,0.4130918334922148
Accommodation services,Water Collection and Supply,0,0,0,0,0,0
Food and beverage services,Water Collection and Supply,1,0.031776295,3,0.095328885,4,0.1271051795360661
Publishing services,Water Collection and Supply,1,0.031776295,4,0.1271051795360661,5,0.1588814744200826
Media Production services,Water Collection and Supply,0,0,0,0,0,0
Telecommunications services,Water Collection and Supply,0,0,43,1.3663806800127105,43,1.3663806800127105
Computer programming services,Water Collection and Supply,10,0.31776294884016526,78,2.478551000953289,88,2.796313949793454
Information services,Water Collection and Supply,0,0,5,0.15888147442008263,5,0.15888147442008263
Financial services (excl. insurance and pensions),Water Collection and Supply,14,0.44486812837623135,185,5.8786145535430565,199,6.3234826819192875
Insurance and pension services,Water Collection and Supply,0,0,27,0.8579599618684461,27,0.8579599618684461
Auxiliary financial services,Water Collection and Supply,0,0,9,0.2859866539561487,9,0.2859866539561487
Real estate services,Water Collection and Supply,0,0,0,0,0,0
Owner-occupier housing services,Water Collection and Supply,0,0,0,0,0,0
Other real estate services,Water Collection and Supply,0,0,14,0.44486812837623135,14,0.44486812837623135
Legal services,Water Collection and Supply,1,0.031776295,37,1.1757229107086113,38,1.207499205592628
Accounting and tax services,Water Collection and Supply,0,0,19,0.603749603,19,0.603749603
Management consulting services,Water Collection and Supply,4,0.1271051795360661,0,0,4,0.1271051795360661
Architectural and engineering services,Water Collection and Supply,4,0.1271051795360661,133,4.226247219574198,137,4.353352399110264
Scientific research and development services,Water Collection and Supply,0,0,0,0,0,0
Advertising and market research services,Water Collection and Supply,1,0.031776295,6,0.19065776930409914,7,0.22243406418811568
Other scientific and technical services,Water Collection and Supply,0,0,1,0.031776295,1,0.031776295
Veterinary services,Water Collection and Supply,0,0,0,0,0,0
Rental and leasing services,Water Collection and Supply,2,0.06355259,32,1.0168414362885287,34,1.0803940260565619
Employment services,Water Collection and Supply,4,0.1271051795360661,104,3.3047346679377183,108,3.4318398474737846
Travel services,Water Collection and Supply,0,0,0,0,0,0
Security services,Water Collection and Supply,0,0,0,0,0,0
Building and landscape services,Water Collection and Supply,0,0,0,0,0,0
Office support services,Water Collection and Supply,0,0,0,0,0,0
Public administration services (including defence),Water Collection and Supply,38,1.207499205592628,0,0,38,1.207499205592628
Education services,Water Collection and Supply,1,0.031776295,1,0.031776295,2,0.06355259
Health services,Water Collection and Supply,0,0,5,0.15888147442008263,5,0.15888147442008263
Residential and social care services,Water Collection and Supply,1,0.031776295,0,0,1,0.031776295
Arts and entertainment services,Water Collection and Supply,0,0,0,0,0,0
Libraries and other cultural services,Water Collection and Supply,0,0,0,0,0,0
Gambling services,Water Collection and Supply,0,0,0,0,0,0
Sports and recreation services,Water Collection and Supply,0,0,2,0.06355259,2,0.06355259
Membership services,Water Collection and Supply,0,0,2,0.06355259,2,0.06355259
Computer repair services,Water Collection and Supply,0,0,0,0,0,0
Other personal services,Water Collection and Supply,0,0,0,0,0,0
Agriculture products,Sewerage,0,0,0,0,0,0
Forestry products,Sewerage,0,0,0,0,0,0
Fishing products,Sewerage,0,0,0,0,0,0
Coal and lignite,Sewerage,0,0,0,0,0,0
"Petroleum, natural gas and mining of metal ores",Sewerage,0,0,0,0,0,0
Other mining products,Sewerage,0,0,0,0,0,0
Mining support services,Sewerage,0,0,0,0,0,0
Meat and preserved meat products,Sewerage,0,0,0,0,0,0
"Fish, seafood, fruit and vegetables",Sewerage,0,0,0,0,0,0
Oils and fats,Sewerage,0,0,0,0,0,0
Dairy products,Sewerage,0,0,0,0,0,0
Grain mill and starch products,Sewerage,0,0,0,0,0,0
Bakery products,Sewerage,0,0,0,0,0,0
Other food products,Sewerage,0,0,0,0,0,0
Animal feeds,Sewerage,0,0,0,0,0,0
Alcoholic beverages and tobacco,Sewerage,0,0,0,0,0,0
Soft drinks,Sewerage,0,0,0,0,0,0
Textiles,Sewerage,0,0,0,0,0,0
Clothing,Sewerage,0,0,0,0,0,0
Leather products,Sewerage,0,0,0,0,0,0
Wood products (excl. furniture),Sewerage,0,0,0,0,0,0
Paper products,Sewerage,0,0,3,0.19646365422396855,3,0.19646365422396855
Printing and recording services,Sewerage,0,0,0,0,0,0
Coke and refined petroleum products,Sewerage,0,0,31,2.030124426981008,31,2.030124426981008
Paints and coatings,Sewerage,0,0,0,0,0,0
Soap and detergents,Sewerage,0,0,1,0.065487885,1,0.065487885
Other chemical products,Sewerage,0,0,2,0.13097576948264572,2,0.13097576948264572
Industrial gases and fertilizers,Sewerage,0,0,0,0,0,0
Petrochemicals,Sewerage,21,1.37524558,14,0.9168303863785201,35,2.2920759659463004
Dyestuffs and agro-chemicals,Sewerage,0,0,0,0,0,0
Pharmaceutical products,Sewerage,0,0,0,0,0,0
Rubber and plastic products,Sewerage,0,0,37,2.4230517354289454,37,2.4230517354289454
Cement and concrete products,Sewerage,0,0,3,0.19646365422396855,3,0.19646365422396855
"Glass, ceramic and stone products",Sewerage,0,0,0,0,0,0
Basic iron and steel,Sewerage,0,0,0,0,0,0
Other basic metals and casting,Sewerage,0,0,0,0,0,0
Weapons and ammunition,Sewerage,0,0,0,0,0,0
Other fabricated metal products,Sewerage,0,0,0,0,0,0
Computer and electronic products,Sewerage,3,0.19646365422396855,0,0,3,0.19646365422396855
Electrical equipment,Sewerage,0,0,0,0,0,0
Other machinery and equipment,Sewerage,0,0,0,0,0,0
Motor vehicles,Sewerage,0,0,17,1.1132940406024885,17,1.1132940406024885
Ships and boats,Sewerage,0,0,0,0,0,0
Aircraft and spacecraft products,Sewerage,0,0,0,0,0,0
Other Transport Equipment,Sewerage,0,0,0,0,0,0
Furniture,Sewerage,0,0,0,0,0,0
Other manufactured goods,Sewerage,0,0,6,0.3929273084479371,6,0.3929273084479371
Ship and boat repair and maintenance,Sewerage,0,0,0,0,0,0
Air and spacecraft repair and maintenance,Sewerage,0,0,0,0,0,0
Other repair services,Sewerage,0,0,142,9.299279633267846,142,9.299279633267846
Electricity services,Sewerage,0,0,36,2.357563850687623,36,2.357563850687623
"Mains gas, steam and air conditioning services",Sewerage,0,0,4,0.26195153896529144,4,0.26195153896529144
Water services,Sewerage,1,0.065487885,52,3.4053700065487886,53,3.4708578912901116
Sewerage services,Sewerage,0,0,417,27.308447937131632,417,27.308447937131632
Waste collection and treatment services,Sewerage,2,0.13097576948264572,204,13.359528487229863,206,13.490504256712509
Remediation and waste management services,Sewerage,0,0,0,0,0,0
Construction services,Sewerage,0,0,162,10.609037328094303,162,10.609037328094303
Motor vehicle trade services,Sewerage,0,0,31,2.030124426981008,31,2.030124426981008
Wholesale trade services,Sewerage,0,0,24,1.5717092337917484,24,1.5717092337917484
Retail trade services,Sewerage,0,0,6,0.3929273084479371,6,0.3929273084479371
Rail transport services,Sewerage,0,0,0,0,0,0
Land transport services,Sewerage,0,0,3,0.19646365422396855,3,0.19646365422396855
Water transport services,Sewerage,0,0,0,0,0,0
Air transport services,Sewerage,0,0,0,0,0,0
Warehousing services,Sewerage,0,0,1,0.065487885,1,0.065487885
Postal and courier services,Sewerage,0,0,2,0.13097576948264572,2,0.13097576948264572
Accommodation services,Sewerage,0,0,0,0,0,0
Food and beverage services,Sewerage,0,0,0,0,0,0
Publishing services,Sewerage,0,0,0,0,0,0
Media Production services,Sewerage,0,0,0,0,0,0
Telecommunications services,Sewerage,0,0,14,0.9168303863785201,14,0.9168303863785201
Computer programming services,Sewerage,3,0.19646365422396855,105,6.876227898,108,7.072691552062869
Information services,Sewerage,0,0,0,0,0,0
Financial services (excl. insurance and pensions),Sewerage,5,0.3274394237066143,56,3.6673215455140804,61,3.9947609692206947
Insurance and pension services,Sewerage,0,0,9,0.5893909626719057,9,0.5893909626719057
Auxiliary financial services,Sewerage,0,0,11,0.7203667321545514,11,0.7203667321545514
Real estate services,Sewerage,0,0,0,0,0,0
Owner-occupier housing services,Sewerage,0,0,0,0,0,0
Other real estate services,Sewerage,0,0,4,0.26195153896529144,4,0.26195153896529144
Legal services,Sewerage,0,0,4,0.26195153896529144,4,0.26195153896529144
Accounting and tax services,Sewerage,0,0,3,0.19646365422396855,3,0.19646365422396855
Management consulting services,Sewerage,1,0.065487885,0,0,1,0.065487885
Architectural and engineering services,Sewerage,0,0,9,0.5893909626719057,9,0.5893909626719057
Scientific research and development services,Sewerage,0,0,0,0,0,0
Advertising and market research services,Sewerage,0,0,4,0.26195153896529144,4,0.26195153896529144
Other scientific and technical services,Sewerage,0,0,2,0.13097576948264572,2,0.13097576948264572
Veterinary services,Sewerage,0,0,0,0,0,0
Rental and leasing services,Sewerage,0,0,46,3.0124426981008514,46,3.0124426981008514
Employment services,Sewerage,1,0.065487885,18,1.1787819253438114,19,1.2442698100851344
Travel services,Sewerage,0,0,0,0,0,0
Security services,Sewerage,0,0,3,0.19646365422396855,3,0.19646365422396855
Building and landscape services,Sewerage,0,0,0,0,0,0
Office support services,Sewerage,0,0,0,0,0,0
Public administration services (including defence),Sewerage,0,0,0,0,0,0
Education services,Sewerage,0,0,4,0.26195153896529144,4,0.26195153896529144
Health services,Sewerage,0,0,0,0,0,0
Residential and social care services,Sewerage,0,0,0,0,0,0
Arts and entertainment services,Sewerage,0,0,0,0,0,0
Libraries and other cultural services,Sewerage,0,0,0,0,0,0
Gambling services,Sewerage,0,0,0,0,0,0
Sports and recreation services,Sewerage,0,0,0,0,0,0
Membership services,Sewerage,0,0,0,0,0,0
Computer repair services,Sewerage,0,0,0,0,0,0
Other personal services,Sewerage,0,0,0,0,0,0
Agriculture products,Waste Collection and Treatment,2,0.014690759512266782,0,0,2,0.014690759512266782
Forestry products,Waste Collection and Treatment,0,0,0,0,0,0
Fishing products,Waste Collection and Treatment,0,0,0,0,0,0
Coal and lignite,Waste Collection and Treatment,0,0,0,0,0,0
"Petroleum, natural gas and mining of metal ores",Waste Collection and Treatment,0,0,1,0.00734538,1,0.00734538
Other mining products,Waste Collection and Treatment,0,0,0,0,0,0
Mining support services,Waste Collection and Treatment,0,0,0,0,0,0
Meat and preserved meat products,Waste Collection and Treatment,0,0,4,0.029381519024533564,4,0.029381519024533564
"Fish, seafood, fruit and vegetables",Waste Collection and Treatment,0,0,3,0.022036139268400177,3,0.022036139268400177
Oils and fats,Waste Collection and Treatment,0,0,0,0,0,0
Dairy products,Waste Collection and Treatment,0,0,3,0.022036139268400177,3,0.022036139268400177
Grain mill and starch products,Waste Collection and Treatment,0,0,0,0,0,0
Bakery products,Waste Collection and Treatment,0,0,5,0.036726899,5,0.036726899
Other food products,Waste Collection and Treatment,0,0,2,0.014690759512266782,2,0.014690759512266782
Animal feeds,Waste Collection and Treatment,0,0,0,0,0,0
Alcoholic beverages and tobacco,Waste Collection and Treatment,0,0,0,0,0,0
Soft drinks,Waste Collection and Treatment,0,0,0,0,0,0
Textiles,Waste Collection and Treatment,0,0,0,0,0,0
Clothing,Waste Collection and Treatment,5,0.036726899,0,0,5,0.036726899
Leather products,Waste Collection and Treatment,0,0,0,0,0,0
Wood products (excl. furniture),Waste Collection and Treatment,3,0.022036139268400177,0,0,3,0.022036139268400177
Paper products,Waste Collection and Treatment,2,0.014690759512266782,72,0.5288673424416042,74,0.5435581019538709
Printing and recording services,Waste Collection and Treatment,0,0,26,0.1909798736594682,26,0.1909798736594682
Coke and refined petroleum products,Waste Collection and Treatment,6,0.044072278536800354,38,0.2791244307330689,44,0.32319670926986926
Paints and coatings,Waste Collection and Treatment,0,0,10,0.073453798,10,0.073453798
Soap and detergents,Waste Collection and Treatment,1,0.00734538,22,0.16159835463493463,23,0.16894373439106802
Other chemical products,Waste Collection and Treatment,0,0,0,0,0,0
Industrial gases and fertilizers,Waste Collection and Treatment,1,0.00734538,0,0,1,0.00734538
Petrochemicals,Waste Collection and Treatment,3,0.022036139268400177,2,0.014690759512266782,5,0.036726898780666956
Dyestuffs and agro-chemicals,Waste Collection and Treatment,0,0,0,0,0,0
Pharmaceutical products,Waste Collection and Treatment,0,0,0,0,0,0
Rubber and plastic products,Waste Collection and Treatment,6,0.044072278536800354,139,1.0210077861025415,145,1.065080064639342
Cement and concrete products,Waste Collection and Treatment,0,0,18,0.13221683561040104,18,0.13221683561040104
"Glass, ceramic and stone products",Waste Collection and Treatment,2,0.014690759512266782,37,0.2717790509769355,39,0.2864698104892023
Basic iron and steel,Waste Collection and Treatment,7,0.051417658,263,1.9318348758630821,270,1.9832525341560159
Other basic metals and casting,Waste Collection and Treatment,0,0,0,0,0,0
Weapons and ammunition,Waste Collection and Treatment,0,0,0,0,0,0
Other fabricated metal products,Waste Collection and Treatment,7,0.051417658,478,3.5110915234317615,485,3.562509181724695
Computer and electronic products,Waste Collection and Treatment,57,0.4186866460996034,22,0.16159835463493463,79,0.580285001
Electrical equipment,Waste Collection and Treatment,5,0.036726899,21,0.15425297487880124,26,0.1909798736594682
Other machinery and equipment,Waste Collection and Treatment,53,0.38930512707506976,222,1.630674305861613,275,2.0199794329366827
Motor vehicles,Waste Collection and Treatment,0,0,34,0.24974291170853533,34,0.24974291170853533
Ships and boats,Waste Collection and Treatment,0,0,0,0,0,0
Aircraft and spacecraft products,Waste Collection and Treatment,0,0,0,0,0,0
Other Transport Equipment,Waste Collection and Treatment,0,0,0,0,0,0
Furniture,Waste Collection and Treatment,0,0,0,0,0,0
Other manufactured goods,Waste Collection and Treatment,1,0.00734538,48,0.35257822829440283,49,0.35992360805053625
Ship and boat repair and maintenance,Waste Collection and Treatment,0,0,0,0,0,0
Air and spacecraft repair and maintenance,Waste Collection and Treatment,0,0,0,0,0,0
Other repair services,Waste Collection and Treatment,2,0.014690759512266782,171,1.256059938,173,1.2707506978110767
Electricity services,Waste Collection and Treatment,0,0,141,1.0356985456148085,141,1.0356985456148085
"Mains gas, steam and air conditioning services",Waste Collection and Treatment,0,0,36,0.2644336712208021,36,0.2644336712208021
Water services,Waste Collection and Treatment,0,0,206,1.5131482297634788,206,1.5131482297634788
Sewerage services,Waste Collection and Treatment,0,0,1759,12.920522991038636,1759,12.920522991038636
Waste collection and treatment services,Waste Collection and Treatment,3068,22.535625091817245,1662,12.208021154693698,4730,34.74364624651094
Remediation and waste management services,Waste Collection and Treatment,0,0,270,1.9832525341560159,270,1.9832525341560159
Construction services,Waste Collection and Treatment,0,0,215,1.5792566475686793,215,1.5792566475686793
Motor vehicle trade services,Waste Collection and Treatment,2,0.014690759512266782,145,1.065080064639342,147,1.0797708241516086
Wholesale trade services,Waste Collection and Treatment,0,0,537,3.944468929043632,537,3.944468929043632
Retail trade services,Waste Collection and Treatment,0,0,147,1.0797708241516086,147,1.0797708241516086
Rail transport services,Waste Collection and Treatment,0,0,3,0.022036139268400177,3,0.022036139268400177
Land transport services,Waste Collection and Treatment,68,0.49948582341707065,276,2.0273248126928163,344,2.5268106361098868
Water transport services,Waste Collection and Treatment,0,0,0,0,0,0
Air transport services,Waste Collection and Treatment,2,0.014690759512266782,14,0.1028353165858675,16,0.11752607609813429
Warehousing services,Waste Collection and Treatment,35,0.2570882914646687,200,1.4690759512266784,235,1.7261642426913473
Postal and courier services,Waste Collection and Treatment,0,0,14,0.1028353165858675,14,0.1028353165858675
Accommodation services,Waste Collection and Treatment,0,0,0,0,0,0
Food and beverage services,Waste Collection and Treatment,2,0.014690759512266782,2,0.014690759512266782,4,0.029381519024533564
Publishing services,Waste Collection and Treatment,0,0,4,0.029381519024533564,4,0.029381519024533564
Media Production services,Waste Collection and Treatment,0,0,27,0.1983252534156016,27,0.1983252534156016
Telecommunications services,Waste Collection and Treatment,1,0.00734538,32,0.23505215219626852,33,0.2423975319524019
Computer programming services,Waste Collection and Treatment,3,0.022036139268400177,113,0.8300279124430734,116,0.8520640517114736
Information services,Waste Collection and Treatment,0,0,0,0,0,0
Financial services (excl. insurance and pensions),Waste Collection and Treatment,73,0.5362127221977376,400,2.938151902453357,473,3.4743646246510944
Insurance and pension services,Waste Collection and Treatment,0,0,79,0.5802850007345379,79,0.5802850007345379
Auxiliary financial services,Waste Collection and Treatment,5,0.036726899,156,1.1458792419568091,161,1.1826061407374762
Real estate services,Waste Collection and Treatment,0,0,2,0.014690759512266782,2,0.014690759512266782
Owner-occupier housing services,Waste Collection and Treatment,0,0,0,0,0,0
Other real estate services,Waste Collection and Treatment,1,0.00734538,91,0.6684295578081386,92,0.675774938
Legal services,Waste Collection and Treatment,2,0.014690759512266782,41,0.30116057000146906,43,0.31585132951373585
Accounting and tax services,Waste Collection and Treatment,1,0.00734538,50,0.3672689878066696,51,0.374614368
Management consulting services,Waste Collection and Treatment,28,0.205670633,43,0.31585132951373585,71,0.5215219626854708
Architectural and engineering services,Waste Collection and Treatment,3,0.022036139268400177,271,1.9905979139121492,274,2.0126340531805496
Scientific research and development services,Waste Collection and Treatment,0,0,0,0,0,0
Advertising and market research services,Waste Collection and Treatment,2,0.014690759512266782,42,0.3085059497576025,44,0.32319670926986926
Other scientific and technical services,Waste Collection and Treatment,0,0,120,0.881445571,120,0.881445571
Veterinary services,Waste Collection and Treatment,0,0,0,0,0,0
Rental and leasing services,Waste Collection and Treatment,158,1.1605700014690759,317,2.3284853826942853,475,3.489055384163361
Employment services,Waste Collection and Treatment,9,0.066108418,275,2.0199794329366827,284,2.086087850741883
Travel services,Waste Collection and Treatment,0,0,0,0,0,0
Security services,Waste Collection and Treatment,0,0,118,0.8667548112237402,118,0.8667548112237402
Building and landscape services,Waste Collection and Treatment,0,0,171,1.256059938,171,1.256059938
Office support services,Waste Collection and Treatment,232,1.7041281034229467,0,0,232,1.7041281034229467
Public administration services (including defence),Waste Collection and Treatment,22,0.16159835463493463,16,0.11752607609813426,38,0.2791244307330689
Education services,Waste Collection and Treatment,2,0.014690759512266782,8,0.058763038,10,0.073453798
Health services,Waste Collection and Treatment,2,0.014690759512266782,11,0.080799177,13,0.095489937
Residential and social care services,Waste Collection and Treatment,0,0,0,0,0,0
Arts and entertainment services,Waste Collection and Treatment,0,0,22,0.16159835463493463,22,0.16159835463493463
Libraries and other cultural services,Waste Collection and Treatment,0,0,13,0.095489937,13,0.095489937
Gambling services,Waste Collection and Treatment,0,0,0,0,0,0
Sports and recreation services,Waste Collection and Treatment,0,0,17,0.12487145585426766,17,0.12487145585426766
Membership services,Waste Collection and Treatment,0,0,3,0.022036139268400177,3,0.022036139268400177
Computer repair services,Waste Collection and Treatment,7,0.051417658,11,0.080799177,18,0.13221683561040107
Other personal services,Waste Collection and Treatment,0,0,2,0.014690759512266782,2,0.014690759512266782
Agriculture products,Remediation and Waste Management,0,0,0,0,0,0
Forestry products,Remediation and Waste Management,0,0,0,0,0,0
Fishing products,Remediation and Waste Management,0,0,0,0,0,0
Coal and lignite,Remediation and Waste Management,0,0,0,0,0,0
"Petroleum, natural gas and mining of metal ores",Remediation and Waste Management,0,0,0,0,0,0
Other mining products,Remediation and Waste Management,0,0,0,0,0,0
Mining support services,Remediation and Waste Management,0,0,0,0,0,0
Meat and preserved meat products,Remediation and Waste Management,0,0,0,0,0,0
"Fish, seafood, fruit and vegetables",Remediation and Waste Management,0,0,0,0,0,0
Oils and fats,Remediation and Waste Management,0,0,0,0,0,0
Dairy products,Remediation and Waste Management,0,0,0,0,0,0
Grain mill and starch products,Remediation and Waste Management,0,0,0,0,0,0
Bakery products,Remediation and Waste Management,0,0,0,0,0,0
Other food products,Remediation and Waste Management,0,0,0,0,0,0
Animal feeds,Remediation and Waste Management,0,0,0,0,0,0
Alcoholic beverages and tobacco,Remediation and Waste Management,0,0,0,0,0,0
Soft drinks,Remediation and Waste Management,0,0,0,0,0,0
Textiles,Remediation and Waste Management,0,0,0,0,0,0
Clothing,Remediation and Waste Management,0,0,0,0,0,0
Leather products,Remediation and Waste Management,0,0,0,0,0,0
Wood products (excl. furniture),Remediation and Waste Management,0,0,0,0,0,0
Paper products,Remediation and Waste Management,0,0,8,1.1577424023154848,8,1.1577424023154848
Printing and recording services,Remediation and Waste Management,0,0,0,0,0,0
Coke and refined petroleum products,Remediation and Waste Management,0,0,6,0.8683068017366137,6,0.8683068017366137
Paints and coatings,Remediation and Waste Management,0,0,0,0,0,0
Soap and detergents,Remediation and Waste Management,0,0,1,0.1447178002894356,1,0.1447178002894356
Other chemical products,Remediation and Waste Management,0,0,2,0.2894356005788712,2,0.2894356005788712
Industrial gases and fertilizers,Remediation and Waste Management,0,0,0,0,0,0
Petrochemicals,Remediation and Waste Management,0,0,0,0,0,0
Dyestuffs and agro-chemicals,Remediation and Waste Management,0,0,0,0,0,0
Pharmaceutical products,Remediation and Waste Management,0,0,0,0,0,0
Rubber and plastic products,Remediation and Waste Management,0,0,6,0.8683068017366137,6,0.8683068017366137
Cement and concrete products,Remediation and Waste Management,0,0,0,0,0,0
"Glass, ceramic and stone products",Remediation and Waste Management,0,0,0,0,0,0
Basic iron and steel,Remediation and Waste Management,0,0,0,0,0,0
Other basic metals and casting,Remediation and Waste Management,0,0,0,0,0,0
Weapons and ammunition,Remediation and Waste Management,0,0,0,0,0,0
Other fabricated metal products,Remediation and Waste Management,0,0,0,0,0,0
Computer and electronic products,Remediation and Waste Management,5,0.723589001,13,1.881331403762663,18,2.6049204052098407
Electrical equipment,Remediation and Waste Management,0,0,0,0,0,0
Other machinery and equipment,Remediation and Waste Management,0,0,0,0,0,0
Motor vehicles,Remediation and Waste Management,0,0,0,0,0,0
Ships and boats,Remediation and Waste Management,0,0,0,0,0,0
Aircraft and spacecraft products,Remediation and Waste Management,0,0,0,0,0,0
Other Transport Equipment,Remediation and Waste Management,0,0,0,0,0,0
Furniture,Remediation and Waste Management,0,0,0,0,0,0
Other manufactured goods,Remediation and Waste Management,0,0,2,0.2894356005788712,2,0.2894356005788712
Ship and boat repair and maintenance,Remediation and Waste Management,0,0,0,0,0,0
Air and spacecraft repair and maintenance,Remediation and Waste Management,0,0,0,0,0,0
Other repair services,Remediation and Waste Management,0,0,5,0.723589001,5,0.723589001
Electricity services,Remediation and Waste Management,0,0,2,0.2894356005788712,2,0.2894356005788712
"Mains gas, steam and air conditioning services",Remediation and Waste Management,0,0,2,0.2894356005788712,2,0.2894356005788712
Water services,Remediation and Waste Management,0,0,1,0.1447178002894356,1,0.1447178002894356
Sewerage services,Remediation and Waste Management,0,0,0,0,0,0
Waste collection and treatment services,Remediation and Waste Management,3,0.43415340086830684,3,0.43415340086830684,6,0.8683068017366137
Remediation and waste management services,Remediation and Waste Management,0,0,354,51.230101302460206,354,51.230101302460206
Construction services,Remediation and Waste Management,0,0,0,0,0,0
Motor vehicle trade services,Remediation and Waste Management,0,0,0,0,0,0
Wholesale trade services,Remediation and Waste Management,0,0,10,1.447178002894356,10,1.447178002894356
Retail trade services,Remediation and Waste Management,0,0,2,0.2894356005788712,2,0.2894356005788712
Rail transport services,Remediation and Waste Management,0,0,0,0,0,0
Land transport services,Remediation and Waste Management,0,0,23,3.3285094066570187,23,3.3285094066570187
Water transport services,Remediation and Waste Management,0,0,0,0,0,0
Air transport services,Remediation and Waste Management,0,0,0,0,0,0
Warehousing services,Remediation and Waste Management,0,0,2,0.2894356005788712,2,0.2894356005788712
Postal and courier services,Remediation and Waste Management,0,0,6,0.8683068017366137,6,0.8683068017366137
Accommodation services,Remediation and Waste Management,0,0,0,0,0,0
Food and beverage services,Remediation and Waste Management,0,0,0,0,0,0
Publishing services,Remediation and Waste Management,0,0,0,0,0,0
Media Production services,Remediation and Waste Management,0,0,0,0,0,0
Telecommunications services,Remediation and Waste Management,0,0,3,0.43415340086830684,3,0.43415340086830684
Computer programming services,Remediation and Waste Management,0,0,6,0.8683068017366137,6,0.8683068017366137
Information services,Remediation and Waste Management,0,0,0,0,0,0
Financial services (excl. insurance and pensions),Remediation and Waste Management,4,0.5788712011577424,4,0.5788712011577424,8,1.1577424023154848
Insurance and pension services,Remediation and Waste Management,0,0,3,0.43415340086830684,3,0.43415340086830684
Auxiliary financial services,Remediation and Waste Management,0,0,0,0,0,0
Real estate services,Remediation and Waste Management,0,0,0,0,0,0
Owner-occupier housing services,Remediation and Waste Management,0,0,0,0,0,0
Other real estate services,Remediation and Waste Management,0,0,26,3.762662807525326,26,3.762662807525326
Legal services,Remediation and Waste Management,0,0,18,2.6049204052098407,18,2.6049204052098407
Accounting and tax services,Remediation and Waste Management,0,0,43,6.2228654124457305,43,6.2228654124457305
Management consulting services,Remediation and Waste Management,0,0,0,0,0,0
Architectural and engineering services,Remediation and Waste Management,1,0.1447178002894356,10,1.447178002894356,11,1.5918958031837915
Scientific research and development services,Remediation and Waste Management,0,0,0,0,0,0
Advertising and market research services,Remediation and Waste Management,1,0.1447178002894356,3,0.43415340086830684,4,0.5788712011577424
Other scientific and technical services,Remediation and Waste Management,0,0,0,0,0,0
Veterinary services,Remediation and Waste Management,0,0,0,0,0,0
Rental and leasing services,Remediation and Waste Management,0,0,73,10.56439942,73,10.56439942
Employment services,Remediation and Waste Management,0,0,21,3.039073806078148,21,3.039073806078148
Travel services,Remediation and Waste Management,0,0,0,0,0,0
Security services,Remediation and Waste Management,0,0,0,0,0,0
Building and landscape services,Remediation and Waste Management,0,0,5,0.723589001,5,0.723589001
Office support services,Remediation and Waste Management,0,0,13,1.881331403762663,13,1.881331403762663
Public administration services (including defence),Remediation and Waste Management,0,0,0,0,0,0
Education services,Remediation and Waste Management,0,0,0,0,0,0
Health services,Remediation and Waste Management,0,0,0,0,0,0
Residential and social care services,Remediation and Waste Management,0,0,0,0,0,0
Arts and entertainment services,Remediation and Waste Management,0,0,0,0,0,0
Libraries and other cultural services,Remediation and Waste Management,0,0,0,0,0,0
Gambling services,Remediation and Waste Management,0,0,0,0,0,0
Sports and recreation services,Remediation and Waste Management,0,0,0,0,0,0
Membership services,Remediation and Waste Management,0,0,0,0,0,0
Computer repair services,Remediation and Waste Management,0,0,0,0,0,0
Other personal services,Remediation and Waste Management,0,0,1,0.1447178002894356,1,0.1447178002894356
Agriculture products,Construction,0,0,0,0,0,0
Forestry products,Construction,0,0,0,0,0,0
Fishing products,Construction,0,0,0,0,0,0
Coal and lignite,Construction,0,0,0,0,0,0
"Petroleum, natural gas and mining of metal ores",Construction,0,0,1,0.000542482,1,0.000542482
Other mining products,Construction,62,0.033633868,2082,1.1294469941086482,2144,1.1630808623289826
Mining support services,Construction,0,0,0,0,0,0
Meat and preserved meat products,Construction,0,0,7,0.003797372,7,0.003797372
"Fish, seafood, fruit and vegetables",Construction,0,0,8,0.004339854,8,0.004339854
Oils and fats,Construction,0,0,0,0,0,0
Dairy products,Construction,0,0,4,0.002169927,4,0.002169927
Grain mill and starch products,Construction,0,0,0,0,0,0
Bakery products,Construction,0,0,5,0.002712409,5,0.002712409
Other food products,Construction,0,0,2,0.001084963,2,0.001084963
Animal feeds,Construction,0,0,0,0,0,0
Alcoholic beverages and tobacco,Construction,0,0,0,0,0,0
Soft drinks,Construction,0,0,0,0,0,0
Textiles,Construction,20,0.010849634909785286,292,0.15840466968286515,312,0.16925430459265045
Clothing,Construction,3,0.001627445,0,0,3,0.001627445
Leather products,Construction,1,0.000542482,6,0.00325489,7,0.003797372
Wood products (excl. furniture),Construction,342,0.1855287569573284,4270,2.3163970532391587,4612,2.501925810196487
Paper products,Construction,4,0.002169927,223,0.12097342924410592,227,0.12314335622606298
Printing and recording services,Construction,0,0,0,0,0,0
Coke and refined petroleum products,Construction,67,0.036346277,1146,0.6216840803306969,1213,0.6580303572784776
Paints and coatings,Construction,80,0.04339854,925,0.5017956145775695,1005,0.5451941542167107
Soap and detergents,Construction,1,0.000542482,0,0,1,0.000542482
Other chemical products,Construction,101,0.054790656,0,0,101,0.054790656
Industrial gases and fertilizers,Construction,1,0.000542482,0,0,1,0.000542482
Petrochemicals,Construction,0,0,1,0.000542482,1,0.000542482
Dyestuffs and agro-chemicals,Construction,0,0,1,0.000542482,1,0.000542482
Pharmaceutical products,Construction,0,0,0,0,0,0
Rubber and plastic products,Construction,67,0.036346277,2882,1.5634323905000598,2949,1.5997786674478405
Cement and concrete products,Construction,92,0.049908320585012315,6792,3.6845360153630833,6884,3.7344443359480954
"Glass, ceramic and stone products",Construction,390,0.21156788074081306,2323,1.260185094771561,2713,1.471752975512374
Basic iron and steel,Construction,95,0.051535766,783,0.4247632067180939,878,0.47629897253957404
Other basic metals and casting,Construction,66,0.035803795,1386,0.7518796992481203,1452,0.7876834944504117
Weapons and ammunition,Construction,0,0,0,0,0,0
Other fabricated metal products,Construction,1861,1.0095585283555208,5105,2.769369310722694,6966,3.778927839078215
Computer and electronic products,Construction,560,0.303789777,99,0.053705693,659,0.3574954702774252
Electrical equipment,Construction,390,0.21156788074081306,4353,2.3614230381147676,4743,2.572990918855581
Other machinery and equipment,Construction,614,0.33308379173040825,1547,0.8392192602718918,2161,1.1723030520023001
Motor vehicles,Construction,3,0.001627445,293,0.15894715142835444,296,0.16057459666482224
Ships and boats,Construction,0,0,0,0,0,0
Aircraft and spacecraft products,Construction,0,0,0,0,0,0
Other Transport Equipment,Construction,0,0,0,0,0,0
Furniture,Construction,13,0.007052263,270,0.14647007128210135,283,0.1535223339734618
Other manufactured goods,Construction,6,0.00325489,337,0.18281634822988208,343,0.18607123870281767
Ship and boat repair and maintenance,Construction,0,0,0,0,0,0
Air and spacecraft repair and maintenance,Construction,0,0,0,0,0,0
Other repair services,Construction,5,0.002712409,155,0.084084671,160,0.086797079
Electricity services,Construction,1,0.000542482,699,0.3791947400969957,700,0.379737222
"Mains gas, steam and air conditioning services",Construction,1,0.000542482,362,0.19637839186711367,363,0.19692087361260294
Water services,Construction,1,0.000542482,127,0.068895182,128,0.069437663
Sewerage services,Construction,0,0,233,0.12639824669899857,233,0.12639824669899857
Waste collection and treatment services,Construction,67,0.036346277,552,0.2994499235100739,619,0.3357962004578546
Remediation and waste management services,Construction,0,0,0,0,0,0
Construction services,Construction,681,0.369430069,96239,52.20790070414131,96920,52.57733077
Motor vehicle trade services,Construction,3,0.001627445,439,0.23814948626978702,442,0.23977693150625481
Wholesale trade services,Construction,0,0,13559,7.355509987088935,13559,7.355509987088935
Retail trade services,Construction,0,0,2232,1.2108192559320379,2232,1.2108192559320379
Rail transport services,Construction,1,0.000542482,13,0.007052263,14,0.007594744
Land transport services,Construction,59,0.032006423,838,0.45459970272000344,897,0.486606126
Water transport services,Construction,1,0.000542482,7,0.003797372,8,0.004339854
Air transport services,Construction,2,0.001084963,32,0.017359416,34,0.018444379
Warehousing services,Construction,0,0,0,0,0,0
Postal and courier services,Construction,1,0.000542482,45,0.024411678547016893,46,0.024954160292506158
Accommodation services,Construction,7,0.003797372,30,0.016274452,37,0.020071825
Food and beverage services,Construction,23,0.012477080146253079,0,0,23,0.012477080146253079
Publishing services,Construction,0,0,0,0,0,0
Media Production services,Construction,0,0,0,0,0,0
Telecommunications services,Construction,9,0.004882336,901,0.48877605268582713,910,0.4936583883952305
Computer programming services,Construction,49,0.026581605528973953,2285,1.239570788442969,2334,1.266152393971943
Information services,Construction,1,0.000542482,27,0.014647007128210137,28,0.015189488873699402
Financial services (excl. insurance and pensions),Construction,1060,0.5750306502186202,2268,1.2303485987696514,3328,1.8053792489882716
Insurance and pension services,Construction,1,0.000542482,1235,0.6699649556792414,1236,0.6705074374247306
Auxiliary financial services,Construction,27,0.014647007128210137,659,0.3574954702774252,686,0.37214247740563533
Real estate services,Construction,1,0.000542482,108,0.058588029,109,0.05913051
Owner-occupier housing services,Construction,0,0,0,0,0,0
Other real estate services,Construction,3,0.001627445,278,0.15080992524601547,281,0.15243737048248326
Legal services,Construction,28,0.015189488873699402,1044,0.566350942,1072,0.5815404311644914
Accounting and tax services,Construction,20,0.010849634909785286,236,0.12802569193546637,256,0.13887532684525167
Management consulting services,Construction,97,0.052620729,10,0.005424817,107,0.058045546767351276
Architectural and engineering services,Construction,193,0.10469897687942802,6078,3.2972040490837484,6271,3.4019030259631764
Scientific research and development services,Construction,0,0,0,0,0,0
Advertising and market research services,Construction,51,0.027666569,637,0.34556087187666135,688,0.3732274408966138
Other scientific and technical services,Construction,0,0,63,0.03417635,63,0.03417635
Veterinary services,Construction,0,0,0,0,0,0
Rental and leasing services,Construction,775,0.42042335275417986,3848,2.087469756642689,4623,2.5078931093968686
Employment services,Construction,93,0.050450802330501573,1975,1.071401447341297,2068,1.1218522496717984
Travel services,Construction,0,0,0,0,0,0
Security services,Construction,1,0.000542482,1191,0.6460957588777138,1192,0.646638241
Building and landscape services,Construction,2,0.001084963,887,0.4811813082489774,889,0.48226627173995595
Office support services,Construction,96,0.052078247566969375,67,0.036346277,163,0.088424525
Public administration services (including defence),Construction,173,0.093849342,1464,0.7941932753962828,1637,0.8880426173659255
Education services,Construction,0,0,0,0,0,0
Health services,Construction,0,0,0,0,0,0
Residential and social care services,Construction,0,0,0,0,0,0
Arts and entertainment services,Construction,0,0,0,0,0,0
Libraries and other cultural services,Construction,0,0,0,0,0,0
Gambling services,Construction,0,0,0,0,0,0
Sports and recreation services,Construction,0,0,0,0,0,0
Membership services,Construction,0,0,0,0,0,0
Computer repair services,Construction,0,0,0,0,0,0
Other personal services,Construction,0,0,0,0,0,0
Agriculture products,Motor Vehicles Trade and Repair,0,0,0,0,0,0
Forestry products,Motor Vehicles Trade and Repair,0,0,0,0,0,0
Fishing products,Motor Vehicles Trade and Repair,0,0,0,0,0,0
Coal and lignite,Motor Vehicles Trade and Repair,0,0,0,0,0,0
"Petroleum, natural gas and mining of metal ores",Motor Vehicles Trade and Repair,0,0,0,0,0,0
Other mining products,Motor Vehicles Trade and Repair,0,0,0,0,0,0
Mining support services,Motor Vehicles Trade and Repair,0,0,0,0,0,0
Meat and preserved meat products,Motor Vehicles Trade and Repair,0,0,114,0.5168661588683352,114,0.5168661588683352
"Fish, seafood, fruit and vegetables",Motor Vehicles Trade and Repair,0,0,74,0.33550961189698947,74,0.33550961189698947
Oils and fats,Motor Vehicles Trade and Repair,0,0,6,0.027203482,6,0.027203482
Dairy products,Motor Vehicles Trade and Repair,0,0,70,0.31737395719985495,70,0.31737395719985495
Grain mill and starch products,Motor Vehicles Trade and Repair,0,0,0,0,0,0
Bakery products,Motor Vehicles Trade and Repair,0,0,98,0.4443235400797969,98,0.4443235400797969
Other food products,Motor Vehicles Trade and Repair,0,0,42,0.19042437431991296,42,0.19042437431991296
Animal feeds,Motor Vehicles Trade and Repair,0,0,0,0,0,0
Alcoholic beverages and tobacco,Motor Vehicles Trade and Repair,0,0,0,0,0,0
Soft drinks,Motor Vehicles Trade and Repair,0,0,0,0,0,0
Textiles,Motor Vehicles Trade and Repair,2,0.009067827,0,0,2,0.009067827
Clothing,Motor Vehicles Trade and Repair,0,0,0,0,0,0
Leather products,Motor Vehicles Trade and Repair,4,0.018135654697134566,0,0,4,0.018135654697134566
Wood products (excl. furniture),Motor Vehicles Trade and Repair,0,0,0,0,0,0
Paper products,Motor Vehicles Trade and Repair,1,0.004533914,48,0.2176278563656148,49,0.22216177003989843
Printing and recording services,Motor Vehicles Trade and Repair,0,0,37,0.16775480594849473,37,0.16775480594849473
Coke and refined petroleum products,Motor Vehicles Trade and Repair,11,0.04987305,165,0.7480957562568008,176,0.7979688066739209
Paints and coatings,Motor Vehicles Trade and Repair,0,0,0,0,0,0
Soap and detergents,Motor Vehicles Trade and Repair,0,0,0,0,0,0
Other chemical products,Motor Vehicles Trade and Repair,0,0,0,0,0,0
Industrial gases and fertilizers,Motor Vehicles Trade and Repair,0,0,0,0,0,0
Petrochemicals,Motor Vehicles Trade and Repair,0,0,0,0,0,0
Dyestuffs and agro-chemicals,Motor Vehicles Trade and Repair,0,0,0,0,0,0
Pharmaceutical products,Motor Vehicles Trade and Repair,0,0,0,0,0,0
Rubber and plastic products,Motor Vehicles Trade and Repair,284,1.2876314834965543,1,0.004533914,285,1.292165397170838
Cement and concrete products,Motor Vehicles Trade and Repair,0,0,0,0,0,0
"Glass, ceramic and stone products",Motor Vehicles Trade and Repair,25,0.11334784185709104,0,0,25,0.11334784185709104
Basic iron and steel,Motor Vehicles Trade and Repair,0,0,0,0,0,0
Other basic metals and casting,Motor Vehicles Trade and Repair,0,0,0,0,0,0
Weapons and ammunition,Motor Vehicles Trade and Repair,0,0,0,0,0,0
Other fabricated metal products,Motor Vehicles Trade and Repair,61,0.2765687341313021,3,0.013601741022850925,64,0.29017047515415306
Computer and electronic products,Motor Vehicles Trade and Repair,45,0.20402611534276388,0,0,45,0.20402611534276388
Electrical equipment,Motor Vehicles Trade and Repair,10,0.045339137,0,0,10,0.045339137
Other machinery and equipment,Motor Vehicles Trade and Repair,112,0.5077983315197679,1,0.004533914,113,0.5123322451940516
Motor vehicles,Motor Vehicles Trade and Repair,1794,8.133841131664852,5570,25.253899165759886,7364,33.38774029742474
Ships and boats,Motor Vehicles Trade and Repair,0,0,0,0,0,0
Aircraft and spacecraft products,Motor Vehicles Trade and Repair,0,0,0,0,0,0
Other Transport Equipment,Motor Vehicles Trade and Repair,0,0,0,0,0,0
Furniture,Motor Vehicles Trade and Repair,0,0,0,0,0,0
Other manufactured goods,Motor Vehicles Trade and Repair,10,0.045339137,0,0,10,0.045339137
Ship and boat repair and maintenance,Motor Vehicles Trade and Repair,0,0,0,0,0,0
Air and spacecraft repair and maintenance,Motor Vehicles Trade and Repair,0,0,0,0,0,0
Other repair services,Motor Vehicles Trade and Repair,2,0.009067827,381,1.7274211099020675,383,1.736488937250635
Electricity services,Motor Vehicles Trade and Repair,1,0.004533914,217,0.9838592673195503,218,0.988393181
"Mains gas, steam and air conditioning services",Motor Vehicles Trade and Repair,0,0,105,0.47606093579978237,105,0.47606093579978237
Water services,Motor Vehicles Trade and Repair,0,0,50,0.22669568371418208,50,0.22669568371418208
Sewerage services,Motor Vehicles Trade and Repair,0,0,17,0.077076532,17,0.077076532
Waste collection and treatment services,Motor Vehicles Trade and Repair,4,0.018135654697134566,89,0.4035183170112441,93,0.42165397170837865
Remediation and waste management services,Motor Vehicles Trade and Repair,0,0,0,0,0,0
Construction services,Motor Vehicles Trade and Repair,0,0,89,0.4035183170112441,89,0.4035183170112441
Motor vehicle trade services,Motor Vehicles Trade and Repair,4,0.018135654697134566,4522,20.502357635110627,4526,20.52049328980776
Wholesale trade services,Motor Vehicles Trade and Repair,1,0.004533914,371,1.6820819731592311,372,1.6866158868335148
Retail trade services,Motor Vehicles Trade and Repair,0,0,544,2.466449038810301,544,2.466449038810301
Rail transport services,Motor Vehicles Trade and Repair,0,0,0,0,0,0
Land transport services,Motor Vehicles Trade and Repair,67,0.30377221617700395,566,2.566195139644541,633,2.8699673558215446
Water transport services,Motor Vehicles Trade and Repair,0,0,0,0,0,0
Air transport services,Motor Vehicles Trade and Repair,10,0.045339137,94,0.42618788538266233,104,0.47152702212549874
Warehousing services,Motor Vehicles Trade and Repair,38,0.1722887196227784,472,2.140007254261879,510,2.312295973884657
Postal and courier services,Motor Vehicles Trade and Repair,4,0.018135654697134566,115,0.5214000725426188,119,0.5395357272397533
Accommodation services,Motor Vehicles Trade and Repair,0,0,0,0,0,0
Food and beverage services,Motor Vehicles Trade and Repair,11,0.04987305,14,0.063474791,25,0.11334784185709106
Publishing services,Motor Vehicles Trade and Repair,0,0,0,0,0,0
Media Production services,Motor Vehicles Trade and Repair,0,0,0,0,0,0
Telecommunications services,Motor Vehicles Trade and Repair,4,0.018135654697134566,211,0.9566557852738484,215,0.9747914399709829
Computer programming services,Motor Vehicles Trade and Repair,24,0.1088139281828074,835,3.785817918026841,859,3.8946318462096485
Information services,Motor Vehicles Trade and Repair,9,0.040805223068552776,280,1.2694958287994198,289,1.3103010518679725
Financial services (excl. insurance and pensions),Motor Vehicles Trade and Repair,250,1.1334784185709106,522,2.366702937976061,772,3.5001813565469715
Insurance and pension services,Motor Vehicles Trade and Repair,0,0,169,0.7662314109539354,169,0.7662314109539354
Auxiliary financial services,Motor Vehicles Trade and Repair,2,0.009067827,83,0.37631483496554224,85,0.3853826623141095
Real estate services,Motor Vehicles Trade and Repair,0,0,0,0,0,0
Owner-occupier housing services,Motor Vehicles Trade and Repair,0,0,0,0,0,0
Other real estate services,Motor Vehicles Trade and Repair,2,0.009067827,819,3.713275299238303,821,3.7223431265868703
Legal services,Motor Vehicles Trade and Repair,4,0.018135654697134566,79,0.35817918026840767,83,0.37631483496554224
Accounting and tax services,Motor Vehicles Trade and Repair,7,0.031737395719985496,236,1.0700036271309394,243,1.101741022850925
Management consulting services,Motor Vehicles Trade and Repair,47,0.21309394269133117,120,0.544069641,167,0.7571635836053682
Architectural and engineering services,Motor Vehicles Trade and Repair,2,0.009067827,132,0.5984766050054406,134,0.6075444323540079
Scientific research and development services,Motor Vehicles Trade and Repair,0,0,0,0,0,0
Advertising and market research services,Motor Vehicles Trade and Repair,218,0.9883931809938339,734,3.327892636924193,952,4.316285817918026
Other scientific and technical services,Motor Vehicles Trade and Repair,0,0,204,0.9249183895538629,204,0.9249183895538629
Veterinary services,Motor Vehicles Trade and Repair,0,0,0,0,0,0
Rental and leasing services,Motor Vehicles Trade and Repair,9,0.040805223068552776,256,1.1606819006166122,265,1.201487123685165
Employment services,Motor Vehicles Trade and Repair,11,0.04987305,125,0.5667392092854553,136,0.6166122597025754
Travel services,Motor Vehicles Trade and Repair,0,0,4,0.018135654697134566,4,0.018135654697134566
Security services,Motor Vehicles Trade and Repair,0,0,0,0,0,0
Building and landscape services,Motor Vehicles Trade and Repair,0,0,0,0,0,0
Office support services,Motor Vehicles Trade and Repair,257,1.165215814290896,0,0,257,1.165215814290896
Public administration services (including defence),Motor Vehicles Trade and Repair,0,0,25,0.11334784185709104,25,0.11334784185709104
Education services,Motor Vehicles Trade and Repair,0,0,0,0,0,0
Health services,Motor Vehicles Trade and Repair,0,0,0,0,0,0
Residential and social care services,Motor Vehicles Trade and Repair,0,0,0,0,0,0
Arts and entertainment services,Motor Vehicles Trade and Repair,0,0,0,0,0,0
Libraries and other cultural services,Motor Vehicles Trade and Repair,0,0,0,0,0,0
Gambling services,Motor Vehicles Trade and Repair,0,0,0,0,0,0
Sports and recreation services,Motor Vehicles Trade and Repair,0,0,0,0,0,0
Membership services,Motor Vehicles Trade and Repair,0,0,0,0,0,0
Computer repair services,Motor Vehicles Trade and Repair,0,0,0,0,0,0
Other personal services,Motor Vehicles Trade and Repair,0,0,0,0,0,0
Agriculture products,Wholesale Trade,261,0.3823279524214104,0,0,261,0.3823279524214104
Forestry products,Wholesale Trade,0,0,0,0,0,0
Fishing products,Wholesale Trade,0,0,0,0,0,0
Coal and lignite,Wholesale Trade,0,0,0,0,0,0
"Petroleum, natural gas and mining of metal ores",Wholesale Trade,1,0.001464858,3,0.004394574,4,0.005859432
Other mining products,Wholesale Trade,0,0,0,0,0,0
Mining support services,Wholesale Trade,0,0,0,0,0,0
Meat and preserved meat products,Wholesale Trade,25,0.036621451,1213,1.7768728210236426,1238,1.8134942724050038
"Fish, seafood, fruit and vegetables",Wholesale Trade,0,0,0,0,0,0
Oils and fats,Wholesale Trade,0,0,0,0,0,0
Dairy products,Wholesale Trade,0,0,0,0,0,0
Grain mill and starch products,Wholesale Trade,0,0,0,0,0,0
Bakery products,Wholesale Trade,0,0,0,0,0,0
Other food products,Wholesale Trade,0,0,0,0,0,0
Animal feeds,Wholesale Trade,0,0,0,0,0,0
Alcoholic beverages and tobacco,Wholesale Trade,0,0,0,0,0,0
Soft drinks,Wholesale Trade,0,0,0,0,0,0
Textiles,Wholesale Trade,252,0.3691442299241203,354,0.5185597515600738,606,0.8877039814841942
Clothing,Wholesale Trade,354,0.5185597515600738,0,0,354,0.5185597515600738
Leather products,Wholesale Trade,287,0.42041426185802594,1,0.001464858,288,0.42187911991328036
Wood products (excl. furniture),Wholesale Trade,489,0.716315589,0,0,489,0.716315589
Paper products,Wholesale Trade,470,0.6884832859695895,189,0.2768581724430903,659,0.9653414584126798
Printing and recording services,Wholesale Trade,0,0,345,0.5053760290627838,345,0.5053760290627838
Coke and refined petroleum products,Wholesale Trade,227,0.3325227785427592,1326,1.942401781267395,1553,2.274924559810154
Paints and coatings,Wholesale Trade,18,0.026367444994580026,0,0,18,0.026367444994580026
Soap and detergents,Wholesale Trade,40,0.058594322,27,0.039551167491870036,67,0.09814549
Other chemical products,Wholesale Trade,78,0.11425892830984677,0,0,78,0.11425892830984677
Industrial gases and fertilizers,Wholesale Trade,0,0,0,0,0,0
Petrochemicals,Wholesale Trade,41,0.060059180265432284,33,0.048340315823396714,74,0.108399496
Dyestuffs and agro-chemicals,Wholesale Trade,0,0,0,0,0,0
Pharmaceutical products,Wholesale Trade,0,0,0,0,0,0
Rubber and plastic products,Wholesale Trade,1239,1.8149591304602581,538,0.7880936337268919,1777,2.603052764
Cement and concrete products,Wholesale Trade,71,0.10400492192306565,39,0.057129464154923384,110,0.16113438607798902
"Glass, ceramic and stone products",Wholesale Trade,244,0.3574253654820848,6,0.008789148,250,0.3662145138136115
Basic iron and steel,Wholesale Trade,124,0.18164239885155128,1,0.001464858,125,0.18310725690680574
Other basic metals and casting,Wholesale Trade,63,0.092286057,0,0,63,0.092286057
Weapons and ammunition,Wholesale Trade,0,0,0,0,0,0
Other fabricated metal products,Wholesale Trade,455,0.6665104151407728,67,0.09814549,522,0.7646559048428206
Computer and electronic products,Wholesale Trade,325,0.4760788679576949,355,0.5200246096153283,680,0.9961034775730231
Electrical equipment,Wholesale Trade,174,0.2548853016142736,143,0.20947470190138573,317,0.4643600035156593
Other machinery and equipment,Wholesale Trade,614,0.8994228459262298,1,0.001464858,615,0.9008877039814842
Motor vehicles,Wholesale Trade,63,0.092286057,443,0.6489321184777196,506,0.7412181759587497
Ships and boats,Wholesale Trade,0,0,0,0,0,0
Aircraft and spacecraft products,Wholesale Trade,0,0,0,0,0,0
Other Transport Equipment,Wholesale Trade,0,0,0,0,0,0
Furniture,Wholesale Trade,0,0,0,0,0,0
Other manufactured goods,Wholesale Trade,6,0.008789148,0,0,6,0.008789148
Ship and boat repair and maintenance,Wholesale Trade,0,0,0,0,0,0
Air and spacecraft repair and maintenance,Wholesale Trade,0,0,0,0,0,0
Other repair services,Wholesale Trade,88,0.12890750886239125,580,0.8496176720475787,668,0.9785251809099699
Electricity services,Wholesale Trade,1,0.001464858,1174,1.7197433568687193,1175,1.7212082149239738
"Mains gas, steam and air conditioning services",Wholesale Trade,1,0.001464858,95,0.13916151524917236,96,0.14062637330442682
Water services,Wholesale Trade,0,0,109,0.1596695280227346,109,0.1596695280227346
Sewerage services,Wholesale Trade,0,0,107,0.1567398119122257,107,0.1567398119122257
Waste collection and treatment services,Wholesale Trade,224,0.32812820437699586,217,0.3178741979902147,441,0.6460024023672106
Remediation and waste management services,Wholesale Trade,0,0,0,0,0,0
Construction services,Wholesale Trade,148,0.216798992,2739,4.012246213341927,2887,4.2290452055195855
Motor vehicle trade services,Wholesale Trade,20,0.029297161,1443,2.1137901737321654,1463,2.1430873348372543
Wholesale trade services,Wholesale Trade,140,0.2050801277356224,2485,3.640172267307298,2625,3.845252395
Retail trade services,Wholesale Trade,0,0,918,1.3447396947235812,918,1.3447396947235812
Rail transport services,Wholesale Trade,0,0,0,0,0,0
Land transport services,Wholesale Trade,324,0.47461400990244046,8588,12.58020097852518,8912,13.054814988427621
Water transport services,Wholesale Trade,0,0,0,0,0,0
Air transport services,Wholesale Trade,0,0,0,0,0,0
Warehousing services,Wholesale Trade,471,0.689948144,9051,13.258430258107989,9522,13.948378402132834
Postal and courier services,Wholesale Trade,67,0.09814549,1592,2.3320540239650778,1659,2.4301995136671257
Accommodation services,Wholesale Trade,0,0,0,0,0,0
Food and beverage services,Wholesale Trade,62,0.090821199,228,0.33398763659801367,290,0.4248088360237893
Publishing services,Wholesale Trade,0,0,0,0,0,0
Media Production services,Wholesale Trade,0,0,0,0,0,0
Telecommunications services,Wholesale Trade,33,0.048340315823396714,918,1.3447396947235812,951,1.393080010546978
Computer programming services,Wholesale Trade,224,0.32812820437699586,2481,3.634312835,2705,3.962441039463276
Information services,Wholesale Trade,112,0.16406410218849793,524,0.7675856209533296,636,0.9316497231418275
Financial services (excl. insurance and pensions),Wholesale Trade,971,1.4223771716520668,675,0.9887791872967508,1646,2.4111563589488174
Insurance and pension services,Wholesale Trade,0,0,521,0.7631910467875663,521,0.7631910467875663
Auxiliary financial services,Wholesale Trade,59,0.086426625,2396,3.509799900389652,2455,3.596226525649664
Real estate services,Wholesale Trade,0,0,0,0,0,0
Owner-occupier housing services,Wholesale Trade,0,0,0,0,0,0
Other real estate services,Wholesale Trade,5,0.00732429,2802,4.104532270822958,2807,4.111856561
Legal services,Wholesale Trade,51,0.074707761,582,0.8525473881580875,633,0.9272551489760642
Accounting and tax services,Wholesale Trade,117,0.17138839246477017,930,1.3623179913866346,1047,1.5337063838514047
Management consulting services,Wholesale Trade,1456,2.132833328450473,1,0.001464858,1457,2.134298186505727
Architectural and engineering services,Wholesale Trade,118,0.17285325052002462,0,0,118,0.17285325052002462
Scientific research and development services,Wholesale Trade,0,0,0,0,0,0
Advertising and market research services,Wholesale Trade,535,0.7836990595611284,3636,5.326223888905165,4171,6.109922948466293
Other scientific and technical services,Wholesale Trade,0,0,1053,1.5424955321829315,1053,1.5424955321829315
Veterinary services,Wholesale Trade,0,0,0,0,0,0
Rental and leasing services,Wholesale Trade,190,0.2783230304983447,1360,1.9922069551460464,1550,2.2705299856443912
Employment services,Wholesale Trade,107,0.1567398119122257,1573,2.304221720915243,1680,2.460961532827469
Travel services,Wholesale Trade,0,0,0,0,0,0
Security services,Wholesale Trade,0,0,0,0,0,0
Building and landscape services,Wholesale Trade,1,0.001464858,899,1.3169073916737468,900,1.3183722497290014
Office support services,Wholesale Trade,1972,2.888700084961767,1,0.001464858,1973,2.8901649430170213
Public administration services (including defence),Wholesale Trade,0,0,84,0.12304807664137345,84,0.12304807664137345
Education services,Wholesale Trade,0,0,0,0,0,0
Health services,Wholesale Trade,0,0,0,0,0,0
Residential and social care services,Wholesale Trade,0,0,0,0,0,0
Arts and entertainment services,Wholesale Trade,0,0,0,0,0,0
Libraries and other cultural services,Wholesale Trade,0,0,0,0,0,0
Gambling services,Wholesale Trade,0,0,0,0,0,0
Sports and recreation services,Wholesale Trade,0,0,0,0,0,0
Membership services,Wholesale Trade,2,0.002929716,0,0,2,0.002929716
Computer repair services,Wholesale Trade,0,0,0,0,0,0
Other personal services,Wholesale Trade,0,0,0,0,0,0
Agriculture products,Retail Trade,0,0,0,0,0,0
Forestry products,Retail Trade,0,0,0,0,0,0
Fishing products,Retail Trade,0,0,0,0,0,0
Coal and lignite,Retail Trade,0,0,0,0,0,0
"Petroleum, natural gas and mining of metal ores",Retail Trade,0,0,0,0,0,0
Other mining products,Retail Trade,0,0,0,0,0,0
Mining support services,Retail Trade,0,0,0,0,0,0
Meat and preserved meat products,Retail Trade,11,0.018712893183403367,141,0.2398652671690795,152,0.2585781603524829
"Fish, seafood, fruit and vegetables",Retail Trade,3,0.005103516,96,0.1633125223278839,99,0.16841603865063026
Oils and fats,Retail Trade,3,0.005103516,7,0.011908204753074868,10,0.017011721
Dairy products,Retail Trade,5,0.008505861,91,0.1548066617899733,96,0.1633125223278839
Grain mill and starch products,Retail Trade,6,0.010207032645492744,67,0.11397853120800232,73,0.12418556385349507
Bakery products,Retail Trade,46,0.078253917,85,0.14459962914448055,131,0.22285354609325825
Other food products,Retail Trade,15,0.025517582,38,0.06464454,53,0.090162122
Animal feeds,Retail Trade,0,0,0,0,0,0
Alcoholic beverages and tobacco,Retail Trade,3,0.005103516,0,0,3,0.005103516
Soft drinks,Retail Trade,3,0.005103516,1,0.001701172,4,0.006804688
Textiles,Retail Trade,0,0,0,0,0,0
Clothing,Retail Trade,122,0.20754299712501917,1,0.001701172,123,0.20924416923260128
Leather products,Retail Trade,28,0.047632819012299474,0,0,28,0.047632819012299474
Wood products (excl. furniture),Retail Trade,8,0.013609376860656993,0,0,8,0.013609376860656993
Paper products,Retail Trade,88,0.14970314546722693,184,0.3130156677951108,272,0.46271881326233777
Printing and recording services,Retail Trade,0,0,530,0.9016212170185257,530,0.9016212170185257
Coke and refined petroleum products,Retail Trade,15,0.025517582,492,0.836976677,507,0.8624942585441369
Paints and coatings,Retail Trade,0,0,0,0,0,0
Soap and detergents,Retail Trade,11,0.018712893183403367,71,0.12078321963833082,82,0.1394961128217342
Other chemical products,Retail Trade,0,0,0,0,0,0
Industrial gases and fertilizers,Retail Trade,0,0,0,0,0,0
Petrochemicals,Retail Trade,0,0,0,0,0,0
Dyestuffs and agro-chemicals,Retail Trade,0,0,0,0,0,0
Pharmaceutical products,Retail Trade,16,0.027218753721313986,7,0.011908204753074868,23,0.039126958
Rubber and plastic products,Retail Trade,174,0.2960039467192896,668,1.136382967864859,842,1.4323869145841486
Cement and concrete products,Retail Trade,0,0,0,0,0,0
"Glass, ceramic and stone products",Retail Trade,132,0.22455471820084036,37,0.062943368,169,0.28749808618137895
Basic iron and steel,Retail Trade,0,0,0,0,0,0
Other basic metals and casting,Retail Trade,0,0,0,0,0,0
Weapons and ammunition,Retail Trade,0,0,0,0,0,0
Other fabricated metal products,Retail Trade,134,0.22795706241600464,103,0.1752207270809588,237,0.4031777894969634
Computer and electronic products,Retail Trade,179,0.3045098072572002,50,0.085058605,229,0.3895684126363064
Electrical equipment,Retail Trade,199,0.33853324940884266,198,0.3368320773012605,397,0.6753653267101032
Other machinery and equipment,Retail Trade,86,0.14630080125206266,6,0.010207032645492744,92,0.1565078338975554
Motor vehicles,Retail Trade,10,0.017011721075821242,169,0.28749808618137895,179,0.30450980725720017
Ships and boats,Retail Trade,0,0,0,0,0,0
Aircraft and spacecraft products,Retail Trade,0,0,0,0,0,0
Other Transport Equipment,Retail Trade,0,0,0,0,0,0
Furniture,Retail Trade,0,0,0,0,0,0
Other manufactured goods,Retail Trade,2,0.003402344,0,0,2,0.003402344
Ship and boat repair and maintenance,Retail Trade,0,0,0,0,0,0
Air and spacecraft repair and maintenance,Retail Trade,0,0,0,0,0,0
Other repair services,Retail Trade,0,0,1188,2.0209924638075636,1188,2.0209924638075636
Electricity services,Retail Trade,4,0.006804688,2981,5.071194052702312,2985,5.077998741132641
"Mains gas, steam and air conditioning services",Retail Trade,1,0.001701172,318,0.5409727302111155,319,0.5426739023186976
Water services,Retail Trade,1,0.001701172,311,0.5290645254580406,312,0.5307656975656228
Sewerage services,Retail Trade,0,0,114,0.19393362026436214,114,0.19393362026436214
Waste collection and treatment services,Retail Trade,19,0.03232227,534,0.9084259054488543,553,0.9407481754929147
Remediation and waste management services,Retail Trade,0,0,0,0,0,0
Construction services,Retail Trade,1,0.001701172,1643,2.795025773,1644,2.796726944865012
Motor vehicle trade services,Retail Trade,4,0.006804688,1163,1.9784631611180103,1167,1.985267849548339
Wholesale trade services,Retail Trade,9,0.015310548968239116,903,1.536158413146658,912,1.551468962114897
Retail trade services,Retail Trade,0,0,283,0.4814317064457411,283,0.4814317064457411
Rail transport services,Retail Trade,0,0,0,0,0,0
Land transport services,Retail Trade,159,0.27048636510555774,5546,9.434700509,5705,9.705186873756018
Water transport services,Retail Trade,0,0,0,0,0,0
Air transport services,Retail Trade,0,0,0,0,0,0
Warehousing services,Retail Trade,503,0.8556895701138083,4846,8.243880033342974,5349,9.099569603456782
Postal and courier services,Retail Trade,25,0.042529303,3663,6.231393430073321,3688,6.273922732762874
Accommodation services,Retail Trade,112,0.1905312760491979,81,0.13779494071415205,193,0.32832621676334994
Food and beverage services,Retail Trade,144,0.24496878349182585,178,0.3028086351496181,322,0.5477774186414439
Publishing services,Retail Trade,19,0.03232227,0,0,19,0.03232227
Media Production services,Retail Trade,0,0,0,0,0,0
Telecommunications services,Retail Trade,7,0.011908204753074868,765,1.301396662300325,772,1.313304867
Computer programming services,Retail Trade,205,0.34874028205433544,2414,4.1066294677032475,2619,4.455369749757583
Information services,Retail Trade,105,0.178623071,1273,2.165592092952044,1378,2.3442151642481672
Financial services (excl. insurance and pensions),Retail Trade,1718,2.9226136808260894,612,1.0411173298402598,2330,3.9637310106663493
Insurance and pension services,Retail Trade,1,0.001701172,417,0.7093887688617457,418,0.7110899409693279
Auxiliary financial services,Retail Trade,24,0.040828130581970976,618,1.0513243624857527,642,1.0921524930677236
Real estate services,Retail Trade,0,0,0,0,0,0
Owner-occupier housing services,Retail Trade,0,0,0,0,0,0
Other real estate services,Retail Trade,18,0.030621098,6148,10.458806117414898,6166,10.489427215351377
Legal services,Retail Trade,21,0.035724614,580,0.986679822,601,1.0224044366568565
Accounting and tax services,Retail Trade,206,0.3504414541619176,697,1.1857169589847405,903,1.5361584131466581
Management consulting services,Retail Trade,574,0.9764727897521394,1736,2.9532347787625675,2310,3.929707568514707
Architectural and engineering services,Retail Trade,7,0.011908204753074868,336,0.5715938281475936,343,0.5835020329006685
Scientific research and development services,Retail Trade,0,0,0,0,0,0
Advertising and market research services,Retail Trade,1438,2.4462854907030946,4382,7.4545361754248685,5820,9.900821666127964
Other scientific and technical services,Retail Trade,0,0,796,1.3541329976353706,796,1.3541329976353706
Veterinary services,Retail Trade,0,0,0,0,0,0
Rental and leasing services,Retail Trade,55,0.093564466,632,1.0751407719919024,687,1.1687052379089191
Employment services,Retail Trade,57,0.09696681,2179,3.7068540224214486,2236,3.8038208325536296
Travel services,Retail Trade,0,0,17,0.028919926,17,0.028919926
Security services,Retail Trade,0,0,0,0,0,0
Building and landscape services,Retail Trade,0,0,0,0,0,0
Office support services,Retail Trade,1149,1.9546467516118604,0,0,1149,1.9546467516118604
Public administration services (including defence),Retail Trade,0,0,498,0.8471837095758978,498,0.8471837095758978
Education services,Retail Trade,0,0,0,0,0,0
Health services,Retail Trade,0,0,0,0,0,0
Residential and social care services,Retail Trade,0,0,0,0,0,0
Arts and entertainment services,Retail Trade,0,0,0,0,0,0
Libraries and other cultural services,Retail Trade,0,0,0,0,0,0
Gambling services,Retail Trade,0,0,0,0,0,0
Sports and recreation services,Retail Trade,0,0,0,0,0,0
Membership services,Retail Trade,1,0.001701172,3,0.005103516,4,0.006804688
Computer repair services,Retail Trade,0,0,0,0,0,0
Other personal services,Retail Trade,0,0,0,0,0,0
Agriculture products,Rail Transport,0,0,0,0,0,0
Forestry products,Rail Transport,0,0,0,0,0,0
Fishing products,Rail Transport,0,0,0,0,0,0
Coal and lignite,Rail Transport,0,0,0,0,0,0
"Petroleum, natural gas and mining of metal ores",Rail Transport,0,0,0,0,0,0
Other mining products,Rail Transport,0,0,0,0,0,0
Mining support services,Rail Transport,0,0,0,0,0,0
Meat and preserved meat products,Rail Transport,0,0,0,0,0,0
"Fish, seafood, fruit and vegetables",Rail Transport,0,0,26,0.2582182937729665,26,0.2582182937729665
Oils and fats,Rail Transport,0,0,0,0,0,0
Dairy products,Rail Transport,0,0,1,0.009931473,1,0.009931473
Grain mill and starch products,Rail Transport,0,0,0,0,0,0
Bakery products,Rail Transport,0,0,1,0.009931473,1,0.009931473
Other food products,Rail Transport,0,0,1,0.009931473,1,0.009931473
Animal feeds,Rail Transport,0,0,0,0,0,0
Alcoholic beverages and tobacco,Rail Transport,0,0,0,0,0,0
Soft drinks,Rail Transport,0,0,0,0,0,0
Textiles,Rail Transport,0,0,0,0,0,0
Clothing,Rail Transport,0,0,0,0,0,0
Leather products,Rail Transport,0,0,0,0,0,0
Wood products (excl. furniture),Rail Transport,0,0,0,0,0,0
Paper products,Rail Transport,0,0,3,0.029794418512265372,3,0.029794418512265372
Printing and recording services,Rail Transport,0,0,0,0,0,0
Coke and refined petroleum products,Rail Transport,3,0.029794418512265372,158,1.5691727083126428,161,1.5989671268249082
Paints and coatings,Rail Transport,0,0,0,0,0,0
Soap and detergents,Rail Transport,0,0,0,0,0,0
Other chemical products,Rail Transport,0,0,0,0,0,0
Industrial gases and fertilizers,Rail Transport,0,0,0,0,0,0
Petrochemicals,Rail Transport,0,0,0,0,0,0
Dyestuffs and agro-chemicals,Rail Transport,0,0,0,0,0,0
Pharmaceutical products,Rail Transport,0,0,0,0,0,0
Rubber and plastic products,Rail Transport,0,0,0,0,0,0
Cement and concrete products,Rail Transport,0,0,0,0,0,0
"Glass, ceramic and stone products",Rail Transport,0,0,0,0,0,0
Basic iron and steel,Rail Transport,0,0,0,0,0,0
Other basic metals and casting,Rail Transport,0,0,0,0,0,0
Weapons and ammunition,Rail Transport,0,0,0,0,0,0
Other fabricated metal products,Rail Transport,0,0,0,0,0,0
Computer and electronic products,Rail Transport,11,0.10924620121163968,12,0.11917767404906149,23,0.22842387526070118
Electrical equipment,Rail Transport,0,0,0,0,0,0
Other machinery and equipment,Rail Transport,0,0,32,0.31780713079749723,32,0.31780713079749723
Motor vehicles,Rail Transport,0,0,0,0,0,0
Ships and boats,Rail Transport,0,0,0,0,0,0
Aircraft and spacecraft products,Rail Transport,0,0,0,0,0,0
Other Transport Equipment,Rail Transport,7,0.06952031,187,1.8571854205978746,194,1.9267057304598272
Furniture,Rail Transport,0,0,0,0,0,0
Other manufactured goods,Rail Transport,0,0,3,0.029794418512265372,3,0.029794418512265372
Ship and boat repair and maintenance,Rail Transport,0,0,0,0,0,0
Air and spacecraft repair and maintenance,Rail Transport,0,0,0,0,0,0
Other repair services,Rail Transport,0,0,1752,17.399940411162977,1752,17.399940411162977
Electricity services,Rail Transport,0,0,342,3.3965637103982522,342,3.3965637103982522
"Mains gas, steam and air conditioning services",Rail Transport,0,0,6,0.059588837024530744,6,0.059588837024530744
Water services,Rail Transport,0,0,9,0.089383256,9,0.089383256
Sewerage services,Rail Transport,0,0,0,0,0,0
Waste collection and treatment services,Rail Transport,0,0,8,0.079451783,8,0.079451783
Remediation and waste management services,Rail Transport,0,0,0,0,0,0
Construction services,Rail Transport,0,0,0,0,0,0
Motor vehicle trade services,Rail Transport,0,0,62,0.615751316,62,0.615751316
Wholesale trade services,Rail Transport,0,0,93,0.9236269738802264,93,0.9236269738802264
Retail trade services,Rail Transport,0,0,19,0.188697984,19,0.188697984
Rail transport services,Rail Transport,27,0.2681497666103883,1879,18.661237461515544,1906,18.929387228125933
Land transport services,Rail Transport,13,0.12910914688648326,152,1.509583871288112,165,1.6386930181745953
Water transport services,Rail Transport,0,0,0,0,0,0
Air transport services,Rail Transport,0,0,0,0,0,0
Warehousing services,Rail Transport,93,0.9236269738802264,1255,12.463998410964345,1348,13.387625384844572
Postal and courier services,Rail Transport,0,0,16,0.15890356539874861,16,0.15890356539874861
Accommodation services,Rail Transport,1,0.009931473,0,0,1,0.009931473
Food and beverage services,Rail Transport,24,0.23835534809812298,110,1.0924620121163968,134,1.3308173602145197
Publishing services,Rail Transport,0,0,0,0,0,0
Media Production services,Rail Transport,0,0,0,0,0,0
Telecommunications services,Rail Transport,0,0,41,0.4071903863342934,41,0.4071903863342934
Computer programming services,Rail Transport,5,0.049657364187108956,154,1.5294468169629556,159,1.5791041811500646
Information services,Rail Transport,1,0.009931473,24,0.23835534809812298,25,0.24828682093554477
Financial services (excl. insurance and pensions),Rail Transport,17,0.16883503823617044,84,0.8342437183434304,101,1.0030787565796009
Insurance and pension services,Rail Transport,0,0,64,0.6356142615949945,64,0.6356142615949945
Auxiliary financial services,Rail Transport,0,0,16,0.15890356539874861,16,0.15890356539874861
Real estate services,Rail Transport,0,0,0,0,0,0
Owner-occupier housing services,Rail Transport,0,0,0,0,0,0
Other real estate services,Rail Transport,0,0,0,0,0,0
Legal services,Rail Transport,0,0,39,0.3873274406594498,39,0.3873274406594498
Accounting and tax services,Rail Transport,0,0,70,0.6952030986195252,70,0.6952030986195252
Management consulting services,Rail Transport,29,0.2880127122852319,284,2.8205382858277885,313,3.1085509981130204
Architectural and engineering services,Rail Transport,2,0.019862945674843577,65,0.6455457344324164,67,0.66540868
Scientific research and development services,Rail Transport,0,0,0,0,0,0
Advertising and market research services,Rail Transport,9,0.089383256,119,1.181845267653193,128,1.2712285231899891
Other scientific and technical services,Rail Transport,0,0,25,0.24828682093554474,25,0.24828682093554474
Veterinary services,Rail Transport,0,0,0,0,0,0
Rental and leasing services,Rail Transport,265,2.631840301916774,1966,19.525275598371238,2231,22.157115900288012
Employment services,Rail Transport,5,0.049657364187108956,101,1.0030787565796009,106,1.0527361207667099
Travel services,Rail Transport,1,0.009931473,15,0.14897209256132685,16,0.15890356539874864
Security services,Rail Transport,0,0,0,0,0,0
Building and landscape services,Rail Transport,0,0,0,0,0,0
Office support services,Rail Transport,65,0.6455457344324164,46,0.4568477505214023,111,1.1023934849538186
Public administration services (including defence),Rail Transport,46,0.4568477505214023,205,2.035951931671467,251,2.492799682192869
Education services,Rail Transport,0,0,0,0,0,0
Health services,Rail Transport,0,0,0,0,0,0
Residential and social care services,Rail Transport,0,0,0,0,0,0
Arts and entertainment services,Rail Transport,0,0,0,0,0,0
Libraries and other cultural services,Rail Transport,0,0,0,0,0,0
Gambling services,Rail Transport,0,0,0,0,0,0
Sports and recreation services,Rail Transport,0,0,0,0,0,0
Membership services,Rail Transport,0,0,0,0,0,0
Computer repair services,Rail Transport,0,0,0,0,0,0
Other personal services,Rail Transport,0,0,0,0,0,0
Agriculture products,Land Transport,0,0,0,0,0,0
Forestry products,Land Transport,0,0,0,0,0,0
Fishing products,Land Transport,0,0,0,0,0,0
Coal and lignite,Land Transport,0,0,0,0,0,0
"Petroleum, natural gas and mining of metal ores",Land Transport,0,0,0,0,0,0
Other mining products,Land Transport,0,0,0,0,0,0
Mining support services,Land Transport,0,0,0,0,0,0
Meat and preserved meat products,Land Transport,0,0,186,0.7949397384391828,186,0.7949397384391828
"Fish, seafood, fruit and vegetables",Land Transport,1,0.00427387,157,0.6709975211556543,158,0.6752713907171553
Oils and fats,Land Transport,0,0,15,0.064108043,15,0.064108043
Dairy products,Land Transport,3,0.012821608684502949,74,0.31626634755107275,77,0.3290879562355757
Grain mill and starch products,Land Transport,0,0,0,0,0,0
Bakery products,Land Transport,0,0,245,1.0470980425677407,245,1.0470980425677407
Other food products,Land Transport,1,0.00427387,83,0.3547311736045816,84,0.3590050431660826
Animal feeds,Land Transport,0,0,0,0,0,0
Alcoholic beverages and tobacco,Land Transport,0,0,0,0,0,0
Soft drinks,Land Transport,0,0,0,0,0,0
Textiles,Land Transport,0,0,0,0,0,0
Clothing,Land Transport,0,0,0,0,0,0
Leather products,Land Transport,0,0,0,0,0,0
Wood products (excl. furniture),Land Transport,0,0,0,0,0,0
Paper products,Land Transport,2,0.008547739,182,0.7778442601931789,184,0.7863919993161809
Printing and recording services,Land Transport,0,0,0,0,0,0
Coke and refined petroleum products,Land Transport,2154,9.205915035473117,1,0.00427387,2155,9.210188905034618
Paints and coatings,Land Transport,0,0,0,0,0,0
Soap and detergents,Land Transport,0,0,0,0,0,0
Other chemical products,Land Transport,0,0,0,0,0,0
Industrial gases and fertilizers,Land Transport,0,0,0,0,0,0
Petrochemicals,Land Transport,0,0,0,0,0,0
Dyestuffs and agro-chemicals,Land Transport,0,0,0,0,0,0
Pharmaceutical products,Land Transport,0,0,0,0,0,0
Rubber and plastic products,Land Transport,12,0.051286434738011796,421,1.7992990853919137,433,1.8505855201299255
Cement and concrete products,Land Transport,0,0,0,0,0,0
"Glass, ceramic and stone products",Land Transport,0,0,0,0,0,0
Basic iron and steel,Land Transport,0,0,0,0,0,0
Other basic metals and casting,Land Transport,0,0,0,0,0,0
Weapons and ammunition,Land Transport,0,0,0,0,0,0
Other fabricated metal products,Land Transport,0,0,0,0,0,0
Computer and electronic products,Land Transport,36,0.1538593042140354,37,0.15813317377553637,73,0.31199247798957175
Electrical equipment,Land Transport,15,0.064108043,15,0.064108043,30,0.12821608684502947
Other machinery and equipment,Land Transport,0,0,0,0,0,0
Motor vehicles,Land Transport,4,0.017095478246003933,1155,4.936319343533635,1159,4.953414821779639
Ships and boats,Land Transport,0,0,0,0,0,0
Aircraft and spacecraft products,Land Transport,0,0,0,0,0,0
Other Transport Equipment,Land Transport,0,0,0,0,0,0
Furniture,Land Transport,0,0,0,0,0,0
Other manufactured goods,Land Transport,0,0,75,0.32054021711257374,75,0.32054021711257374
Ship and boat repair and maintenance,Land Transport,0,0,0,0,0,0
Air and spacecraft repair and maintenance,Land Transport,0,0,0,0,0,0
Other repair services,Land Transport,0,0,149,0.6368065646636465,149,0.6368065646636465
Electricity services,Land Transport,1,0.00427387,158,0.6752713907171553,159,0.6795452602786562
"Mains gas, steam and air conditioning services",Land Transport,0,0,9,0.038464826,9,0.038464826
Water services,Land Transport,0,0,23,0.098299,23,0.098299
Sewerage services,Land Transport,0,0,15,0.064108043,15,0.064108043
Waste collection and treatment services,Land Transport,4,0.017095478246003933,159,0.6795452602786564,163,0.6966407385246602
Remediation and waste management services,Land Transport,0,0,0,0,0,0
Construction services,Land Transport,0,0,9,0.038464826,9,0.038464826
Motor vehicle trade services,Land Transport,4,0.017095478246003933,1922,8.214377297204889,1926,8.231472775450893
Wholesale trade services,Land Transport,0,0,685,2.9276006496281735,685,2.9276006496281735
Retail trade services,Land Transport,0,0,229,0.9787161295837251,229,0.9787161295837251
Rail transport services,Land Transport,0,0,0,0,0,0
Land transport services,Land Transport,141,0.6026156081716386,6024,25.74579023848192,6165,26.34840584665356
Water transport services,Land Transport,0,0,0,0,0,0
Air transport services,Land Transport,0,0,0,0,0,0
Warehousing services,Land Transport,78,0.3333618257970767,807,3.4490127361312934,885,3.782374562
Postal and courier services,Land Transport,1,0.00427387,165,0.7051884776476622,166,0.7094623472091632
Accommodation services,Land Transport,2,0.008547739,23,0.098299,25,0.10684673903752458
Food and beverage services,Land Transport,8,0.034190956492007867,26,0.11112060859902555,34,0.1453115650910334
Publishing services,Land Transport,0,0,0,0,0,0
Media Production services,Land Transport,0,0,0,0,0,0
Telecommunications services,Land Transport,1,0.00427387,158,0.6752713907171553,159,0.6795452602786562
Computer programming services,Land Transport,5,0.021369347807504914,290,1.239422172835285,295,1.260791521
Information services,Land Transport,1,0.00427387,37,0.15813317377553637,38,0.16240704333703734
Financial services (excl. insurance and pensions),Land Transport,63,0.26925378237456193,648,2.769467475852637,711,3.038721258227199
Insurance and pension services,Land Transport,1,0.00427387,215,0.9188819557227115,216,0.9231558252842125
Auxiliary financial services,Land Transport,1,0.00427387,60,0.25643217369005894,61,0.26070604325155994
Real estate services,Land Transport,0,0,0,0,0,0
Owner-occupier housing services,Land Transport,0,0,0,0,0,0
Other real estate services,Land Transport,2,0.008547739,339,1.4488417813488332,341,1.4573895204718352
Legal services,Land Transport,2,0.008547739,63,0.26925378237456193,65,0.2778015214975639
Accounting and tax services,Land Transport,3,0.012821608684502949,221,0.9445251730917172,224,0.9573467817762202
Management consulting services,Land Transport,9,0.038464826,57,0.24361056500555603,66,0.2820753910590649
Architectural and engineering services,Land Transport,0,0,40,0.1709547824600393,40,0.1709547824600393
Scientific research and development services,Land Transport,0,0,0,0,0,0
Advertising and market research services,Land Transport,6,0.025643217369005898,81,0.3461834344815796,87,0.3718266518505855
Other scientific and technical services,Land Transport,0,0,337,1.4402940422258312,337,1.4402940422258312
Veterinary services,Land Transport,0,0,0,0,0,0
Rental and leasing services,Land Transport,204,0.8718693905462005,757,3.235319258056244,961,4.1071886486024445
Employment services,Land Transport,29,0.12394221728352851,1304,5.573125908197282,1333,5.697068125
Travel services,Land Transport,0,0,5,0.021369347807504914,5,0.021369347807504914
Security services,Land Transport,0,0,0,0,0,0
Building and landscape services,Land Transport,0,0,77,0.3290879562355757,77,0.3290879562355757
Office support services,Land Transport,861,3.679801692452346,0,0,861,3.679801692452346
Public administration services (including defence),Land Transport,118,0.504316608,1866,7.975040601760834,1984,8.47935721
Education services,Land Transport,1,0.00427387,20,0.085477391,21,0.089751261
Health services,Land Transport,0,0,0,0,0,0
Residential and social care services,Land Transport,0,0,0,0,0,0
Arts and entertainment services,Land Transport,0,0,0,0,0,0
Libraries and other cultural services,Land Transport,0,0,0,0,0,0
Gambling services,Land Transport,0,0,0,0,0,0
Sports and recreation services,Land Transport,0,0,0,0,0,0
Membership services,Land Transport,0,0,0,0,0,0
Computer repair services,Land Transport,0,0,0,0,0,0
Other personal services,Land Transport,0,0,0,0,0,0
Agriculture products,Water Transport,0,0,0,0,0,0
Forestry products,Water Transport,0,0,0,0,0,0
Fishing products,Water Transport,0,0,0,0,0,0
Coal and lignite,Water Transport,0,0,0,0,0,0
"Petroleum, natural gas and mining of metal ores",Water Transport,0,0,2,0.027983769,2,0.027983769
Other mining products,Water Transport,0,0,0,0,0,0
Mining support services,Water Transport,0,0,0,0,0,0
Meat and preserved meat products,Water Transport,0,0,9,0.12592696236183015,9,0.12592696236183015
"Fish, seafood, fruit and vegetables",Water Transport,7,0.097943193,0,0,7,0.097943193
Oils and fats,Water Transport,1,0.013991884706870015,0,0,1,0.013991884706870015
Dairy products,Water Transport,0,0,7,0.097943193,7,0.097943193
Grain mill and starch products,Water Transport,0,0,0,0,0,0
Bakery products,Water Transport,0,0,10,0.13991884706870014,10,0.13991884706870014
Other food products,Water Transport,4,0.055967539,0,0,4,0.055967539
Animal feeds,Water Transport,0,0,0,0,0,0
Alcoholic beverages and tobacco,Water Transport,0,0,0,0,0,0
Soft drinks,Water Transport,0,0,0,0,0,0
Textiles,Water Transport,0,0,0,0,0,0
Clothing,Water Transport,0,0,0,0,0,0
Leather products,Water Transport,0,0,0,0,0,0
Wood products (excl. furniture),Water Transport,0,0,0,0,0,0
Paper products,Water Transport,0,0,3,0.041975654120610044,3,0.041975654120610044
Printing and recording services,Water Transport,0,0,0,0,0,0
Coke and refined petroleum products,Water Transport,5,0.069959424,334,4.673289492094585,339,4.743248915628935
Paints and coatings,Water Transport,0,0,0,0,0,0
Soap and detergents,Water Transport,0,0,0,0,0,0
Other chemical products,Water Transport,0,0,0,0,0,0
Industrial gases and fertilizers,Water Transport,0,0,0,0,0,0
Petrochemicals,Water Transport,0,0,0,0,0,0
Dyestuffs and agro-chemicals,Water Transport,0,0,0,0,0,0
Pharmaceutical products,Water Transport,0,0,0,0,0,0
Rubber and plastic products,Water Transport,0,0,0,0,0,0
Cement and concrete products,Water Transport,0,0,0,0,0,0
"Glass, ceramic and stone products",Water Transport,0,0,0,0,0,0
Basic iron and steel,Water Transport,0,0,0,0,0,0
Other basic metals and casting,Water Transport,0,0,0,0,0,0
Weapons and ammunition,Water Transport,0,0,0,0,0,0
Other fabricated metal products,Water Transport,0,0,0,0,0,0
Computer and electronic products,Water Transport,3,0.041975654120610044,9,0.12592696236183015,12,0.1679026164824402
Electrical equipment,Water Transport,0,0,0,0,0,0
Other machinery and equipment,Water Transport,0,0,0,0,0,0
Motor vehicles,Water Transport,0,0,0,0,0,0
Ships and boats,Water Transport,0,0,292,4.085630334406044,292,4.085630334406044
Aircraft and spacecraft products,Water Transport,0,0,0,0,0,0
Other Transport Equipment,Water Transport,0,0,0,0,0,0
Furniture,Water Transport,0,0,0,0,0,0
Other manufactured goods,Water Transport,0,0,30,0.41975654120610045,30,0.41975654120610045
Ship and boat repair and maintenance,Water Transport,53,0.7415698894641107,162,2.2666853225129424,215,3.008255211977053
Air and spacecraft repair and maintenance,Water Transport,0,0,0,0,0,0
Other repair services,Water Transport,0,0,48,0.6716104659297607,48,0.6716104659297607
Electricity services,Water Transport,0,0,17,0.23786204001679023,17,0.23786204001679023
"Mains gas, steam and air conditioning services",Water Transport,1,0.013991884706870015,1,0.013991884706870015,2,0.027983769
Water services,Water Transport,0,0,5,0.069959424,5,0.069959424
Sewerage services,Water Transport,0,0,0,0,0,0
Waste collection and treatment services,Water Transport,1,0.013991884706870015,10,0.13991884706870014,11,0.15391073177557016
Remediation and waste management services,Water Transport,0,0,0,0,0,0
Construction services,Water Transport,0,0,1,0.013991884706870015,1,0.013991884706870015
Motor vehicle trade services,Water Transport,0,0,5,0.069959424,5,0.069959424
Wholesale trade services,Water Transport,0,0,150,2.098782706030502,150,2.098782706030502
Retail trade services,Water Transport,0,0,36,0.5037078494473206,36,0.5037078494473206
Rail transport services,Water Transport,0,0,0,0,0,0
Land transport services,Water Transport,4,0.055967539,7,0.097943193,11,0.15391073177557016
Water transport services,Water Transport,773,10.815726878410521,245,3.4280117531831538,1018,14.243738631593676
Air transport services,Water Transport,37,0.5176997341541906,240,3.3580523296488036,277,3.8757520638029943
Warehousing services,Water Transport,19,0.2658458094305303,1494,20.90387575,1513,21.16972156149433
Postal and courier services,Water Transport,0,0,3,0.041975654120610044,3,0.041975654120610044
Accommodation services,Water Transport,0,0,0,0,0,0
Food and beverage services,Water Transport,41,0.5736672729816706,0,0,41,0.5736672729816706
Publishing services,Water Transport,0,0,0,0,0,0
Media Production services,Water Transport,0,0,0,0,0,0
Telecommunications services,Water Transport,0,0,43,0.6016510423954107,43,0.6016510423954107
Computer programming services,Water Transport,3,0.041975654120610044,110,1.5391073177557018,113,1.5810829718763117
Information services,Water Transport,0,0,0,0,0,0
Financial services (excl. insurance and pensions),Water Transport,95,1.3292290471526513,104,1.4551560095144815,199,2.7843850566671327
Insurance and pension services,Water Transport,0,0,47,0.6576185812228907,47,0.6576185812228907
Auxiliary financial services,Water Transport,0,0,590,8.255211977053309,590,8.255211977053309
Real estate services,Water Transport,0,0,0,0,0,0
Owner-occupier housing services,Water Transport,0,0,0,0,0,0
Other real estate services,Water Transport,0,0,72,1.0074156988946412,72,1.0074156988946412
Legal services,Water Transport,1,0.013991884706870015,23,0.3218133482580104,24,0.3358052329648804
Accounting and tax services,Water Transport,1,0.013991884706870015,35,0.4897159647404506,36,0.5037078494473206
Management consulting services,Water Transport,3,0.041975654120610044,15,0.20987827060305023,18,0.25185392472366025
Architectural and engineering services,Water Transport,1,0.013991884706870015,15,0.20987827060305023,16,0.22387015530992024
Scientific research and development services,Water Transport,0,0,0,0,0,0
Advertising and market research services,Water Transport,15,0.20987827060305023,27,0.37778088708549046,42,0.5876591576885407
Other scientific and technical services,Water Transport,0,0,42,0.5876591576885406,42,0.5876591576885406
Veterinary services,Water Transport,0,0,0,0,0,0
Rental and leasing services,Water Transport,8,0.11193507765496012,508,7.1078774310899675,516,7.219812508744927
Employment services,Water Transport,6,0.083951308,279,3.9037358332167345,285,3.9876871414579544
Travel services,Water Transport,5,0.069959424,1009,14.117811669231845,1014,14.187771092766194
Security services,Water Transport,0,0,0,0,0,0
Building and landscape services,Water Transport,0,0,0,0,0,0
Office support services,Water Transport,0,0,0,0,0,0
Public administration services (including defence),Water Transport,0,0,21,0.2938295788442703,21,0.2938295788442703
Education services,Water Transport,0,0,0,0,0,0
Health services,Water Transport,0,0,0,0,0,0
Residential and social care services,Water Transport,0,0,0,0,0,0
Arts and entertainment services,Water Transport,0,0,0,0,0,0
Libraries and other cultural services,Water Transport,0,0,0,0,0,0
Gambling services,Water Transport,0,0,0,0,0,0
Sports and recreation services,Water Transport,0,0,0,0,0,0
Membership services,Water Transport,0,0,0,0,0,0
Computer repair services,Water Transport,0,0,0,0,0,0
Other personal services,Water Transport,0,0,0,0,0,0
Agriculture products,Air Transport,0,0,0,0,0,0
Forestry products,Air Transport,0,0,0,0,0,0
Fishing products,Air Transport,0,0,0,0,0,0
Coal and lignite,Air Transport,0,0,0,0,0,0
"Petroleum, natural gas and mining of metal ores",Air Transport,0,0,0,0,0,0
Other mining products,Air Transport,0,0,0,0,0,0
Mining support services,Air Transport,0,0,0,0,0,0
Meat and preserved meat products,Air Transport,0,0,3,0.042893909064912784,3,0.042893909064912784
"Fish, seafood, fruit and vegetables",Air Transport,0,0,2,0.028595939376608523,2,0.028595939376608523
Oils and fats,Air Transport,0,0,0,0,0,0
Dairy products,Air Transport,0,0,2,0.028595939376608523,2,0.028595939376608523
Grain mill and starch products,Air Transport,0,0,0,0,0,0
Bakery products,Air Transport,0,0,3,0.042893909064912784,3,0.042893909064912784
Other food products,Air Transport,0,0,1,0.014297969688304261,1,0.014297969688304261
Animal feeds,Air Transport,0,0,0,0,0,0
Alcoholic beverages and tobacco,Air Transport,0,0,0,0,0,0
Soft drinks,Air Transport,0,0,0,0,0,0
Textiles,Air Transport,0,0,0,0,0,0
Clothing,Air Transport,0,0,0,0,0,0
Leather products,Air Transport,0,0,0,0,0,0
Wood products (excl. furniture),Air Transport,0,0,0,0,0,0
Paper products,Air Transport,0,0,0,0,0,0
Printing and recording services,Air Transport,0,0,0,0,0,0
Coke and refined petroleum products,Air Transport,759,10.852158993422933,1,0.014297969688304261,760,10.866456963111236
Paints and coatings,Air Transport,0,0,0,0,0,0
Soap and detergents,Air Transport,0,0,0,0,0,0
Other chemical products,Air Transport,0,0,0,0,0,0
Industrial gases and fertilizers,Air Transport,0,0,0,0,0,0
Petrochemicals,Air Transport,0,0,0,0,0,0
Dyestuffs and agro-chemicals,Air Transport,0,0,0,0,0,0
Pharmaceutical products,Air Transport,0,0,0,0,0,0
Rubber and plastic products,Air Transport,0,0,0,0,0,0
Cement and concrete products,Air Transport,0,0,0,0,0,0
"Glass, ceramic and stone products",Air Transport,0,0,0,0,0,0
Basic iron and steel,Air Transport,0,0,0,0,0,0
Other basic metals and casting,Air Transport,0,0,0,0,0,0
Weapons and ammunition,Air Transport,0,0,0,0,0,0
Other fabricated metal products,Air Transport,0,0,0,0,0,0
Computer and electronic products,Air Transport,0,0,0,0,0,0
Electrical equipment,Air Transport,0,0,0,0,0,0
Other machinery and equipment,Air Transport,0,0,0,0,0,0
Motor vehicles,Air Transport,0,0,0,0,0,0
Ships and boats,Air Transport,0,0,0,0,0,0
Aircraft and spacecraft products,Air Transport,126,1.8015441807263368,1,0.014297969688304261,127,1.8158421504146411
Other Transport Equipment,Air Transport,0,0,0,0,0,0
Furniture,Air Transport,0,0,0,0,0,0
Other manufactured goods,Air Transport,0,0,1,0.014297969688304261,1,0.014297969688304261
Ship and boat repair and maintenance,Air Transport,0,0,0,0,0,0
Air and spacecraft repair and maintenance,Air Transport,603,8.621675722,1167,16.685730626251072,1770,25.307406348298542
Other repair services,Air Transport,0,0,4,0.057191878753217046,4,0.057191878753217046
Electricity services,Air Transport,0,0,8,0.11438375750643409,8,0.11438375750643409
"Mains gas, steam and air conditioning services",Air Transport,0,0,6,0.085787818,6,0.085787818
Water services,Air Transport,0,0,1,0.014297969688304261,1,0.014297969688304261
Sewerage services,Air Transport,0,0,3,0.042893909064912784,3,0.042893909064912784
Waste collection and treatment services,Air Transport,0,0,1,0.014297969688304261,1,0.014297969688304261
Remediation and waste management services,Air Transport,0,0,0,0,0,0
Construction services,Air Transport,0,0,0,0,0,0
Motor vehicle trade services,Air Transport,0,0,2,0.028595939376608523,2,0.028595939376608523
Wholesale trade services,Air Transport,0,0,129,1.8444380897912498,129,1.8444380897912498
Retail trade services,Air Transport,0,0,13,0.18587360594795538,13,0.18587360594795538
Rail transport services,Air Transport,7,0.10008578781812982,19,0.27166142407778093,26,0.37174721189591076
Land transport services,Air Transport,5,0.071489848,30,0.42893909064912783,35,0.5004289390906491
Water transport services,Air Transport,0,0,0,0,0,0
Air transport services,Air Transport,444,6.348298541607092,1026,14.669716900200171,1470,21.018015441807265
Warehousing services,Air Transport,22,0.31455533314269374,74,1.0580497569345153,96,1.372605090077209
Postal and courier services,Air Transport,0,0,1,0.014297969688304261,1,0.014297969688304261
Accommodation services,Air Transport,36,0.5147269087789533,190,2.7166142407778096,226,3.231341149556763
Food and beverage services,Air Transport,134,1.915927938232771,0,0,134,1.915927938232771
Publishing services,Air Transport,0,0,0,0,0,0
Media Production services,Air Transport,0,0,2,0.028595939376608523,2,0.028595939376608523
Telecommunications services,Air Transport,0,0,18,0.25736345438947666,18,0.25736345438947666
Computer programming services,Air Transport,2,0.028595939376608523,47,0.6720045753503002,49,0.7006005147269088
Information services,Air Transport,1,0.014297969688304261,6,0.085787818,7,0.10008578781812982
Financial services (excl. insurance and pensions),Air Transport,95,1.3583071203889048,196,2.802402058907635,291,4.160709179
Insurance and pension services,Air Transport,0,0,112,1.6013726050900772,112,1.6013726050900772
Auxiliary financial services,Air Transport,0,0,385,5.50471833,385,5.50471833
Real estate services,Air Transport,0,0,0,0,0,0
Owner-occupier housing services,Air Transport,0,0,0,0,0,0
Other real estate services,Air Transport,0,0,224,3.2027452101801543,224,3.2027452101801543
Legal services,Air Transport,2,0.028595939376608523,22,0.31455533314269374,24,0.3431512725193023
Accounting and tax services,Air Transport,0,0,17,0.24306548470117242,17,0.24306548470117242
Management consulting services,Air Transport,17,0.24306548470117242,28,0.4003431512725193,45,0.6434086359736917
Architectural and engineering services,Air Transport,0,0,8,0.11438375750643409,8,0.11438375750643409
Scientific research and development services,Air Transport,0,0,0,0,0,0
Advertising and market research services,Air Transport,27,0.386045182,49,0.7006005147269088,76,1.0866456963111237
Other scientific and technical services,Air Transport,0,0,2,0.028595939376608523,2,0.028595939376608523
Veterinary services,Air Transport,0,0,0,0,0,0
Rental and leasing services,Air Transport,209,2.9882756648555904,475,6.791535601944523,684,9.779811266800113
Employment services,Air Transport,1,0.014297969688304261,8,0.11438375750643409,9,0.12868172719473836
Travel services,Air Transport,0,0,37,0.5290248784672577,37,0.5290248784672577
Security services,Air Transport,0,0,8,0.11438375750643409,8,0.11438375750643409
Building and landscape services,Air Transport,0,0,113,1.6156705747783815,113,1.6156705747783815
Office support services,Air Transport,3,0.042893909064912784,21,0.30025736345438947,24,0.3431512725193023
Public administration services (including defence),Air Transport,0,0,26,0.37174721189591076,26,0.37174721189591076
Education services,Air Transport,1,0.014297969688304261,6,0.085787818,7,0.10008578781812982
Health services,Air Transport,0,0,0,0,0,0
Residential and social care services,Air Transport,0,0,0,0,0,0
Arts and entertainment services,Air Transport,0,0,0,0,0,0
Libraries and other cultural services,Air Transport,0,0,0,0,0,0
Gambling services,Air Transport,0,0,0,0,0,0
Sports and recreation services,Air Transport,0,0,0,0,0,0
Membership services,Air Transport,0,0,2,0.028595939376608523,2,0.028595939376608523
Computer repair services,Air Transport,0,0,0,0,0,0
Other personal services,Air Transport,0,0,0,0,0,0
Agriculture products,Warehousing and Support Activities,0,0,0,0,0,0
Forestry products,Warehousing and Support Activities,0,0,0,0,0,0
Fishing products,Warehousing and Support Activities,0,0,0,0,0,0
Coal and lignite,Warehousing and Support Activities,0,0,0,0,0,0
"Petroleum, natural gas and mining of metal ores",Warehousing and Support Activities,0,0,0,0,0,0
Other mining products,Warehousing and Support Activities,4,0.015416040390025821,3,0.011562030292519366,7,0.026978070682545187
Mining support services,Warehousing and Support Activities,0,0,0,0,0,0
Meat and preserved meat products,Warehousing and Support Activities,5,0.01927005,191,0.736115929,196,0.7553859791112653
"Fish, seafood, fruit and vegetables",Warehousing and Support Activities,1,0.00385401,183,0.7052838478436814,184,0.7091378579411878
Oils and fats,Warehousing and Support Activities,18,0.069372182,0,0,18,0.069372182
Dairy products,Warehousing and Support Activities,4,0.015416040390025821,90,0.346860909,94,0.3622769491656068
Grain mill and starch products,Warehousing and Support Activities,0,0,0,0,0,0
Bakery products,Warehousing and Support Activities,0,0,247,0.9519404940840945,247,0.9519404940840945
Other food products,Warehousing and Support Activities,18,0.069372182,85,0.3275908582880487,103,0.39696304004316485
Animal feeds,Warehousing and Support Activities,0,0,0,0,0,0
Alcoholic beverages and tobacco,Warehousing and Support Activities,1,0.00385401,1,0.00385401,2,0.00770802
Soft drinks,Warehousing and Support Activities,0,0,3,0.011562030292519366,3,0.011562030292519366
Textiles,Warehousing and Support Activities,0,0,0,0,0,0
Clothing,Warehousing and Support Activities,0,0,0,0,0,0
Leather products,Warehousing and Support Activities,0,0,0,0,0,0
Wood products (excl. furniture),Warehousing and Support Activities,2,0.00770802,0,0,2,0.00770802
Paper products,Warehousing and Support Activities,17,0.065518172,261,1.0058966354491847,278,1.0714148071067944
Printing and recording services,Warehousing and Support Activities,0,0,9,0.034686091,9,0.034686091
Coke and refined petroleum products,Warehousing and Support Activities,349,1.345049524029753,17,0.065518172,366,1.4105676956873627
Paints and coatings,Warehousing and Support Activities,0,0,0,0,0,0
Soap and detergents,Warehousing and Support Activities,0,0,0,0,0,0
Other chemical products,Warehousing and Support Activities,3,0.011562030292519366,0,0,3,0.011562030292519366
Industrial gases and fertilizers,Warehousing and Support Activities,0,0,0,0,0,0
Petrochemicals,Warehousing and Support Activities,0,0,0,0,0,0
Dyestuffs and agro-chemicals,Warehousing and Support Activities,0,0,0,0,0,0
Pharmaceutical products,Warehousing and Support Activities,0,0,0,0,0,0
Rubber and plastic products,Warehousing and Support Activities,125,0.481751262,126,0.4856052722858134,251,0.9673565344741204
Cement and concrete products,Warehousing and Support Activities,0,0,0,0,0,0
"Glass, ceramic and stone products",Warehousing and Support Activities,2,0.00770802,0,0,2,0.00770802
Basic iron and steel,Warehousing and Support Activities,0,0,0,0,0,0
Other basic metals and casting,Warehousing and Support Activities,0,0,0,0,0,0
Weapons and ammunition,Warehousing and Support Activities,0,0,0,0,0,0
Other fabricated metal products,Warehousing and Support Activities,2,0.00770802,1,0.00385401,3,0.011562030292519366
Computer and electronic products,Warehousing and Support Activities,189,0.728407908,120,0.4624812117007746,309,1.1908891201294947
Electrical equipment,Warehousing and Support Activities,3,0.011562030292519366,0,0,3,0.011562030292519366
Other machinery and equipment,Warehousing and Support Activities,56,0.2158245654603615,0,0,56,0.2158245654603615
Motor vehicles,Warehousing and Support Activities,82,0.31602882799552934,351,1.352757544224766,433,1.6687863722202954
Ships and boats,Warehousing and Support Activities,0,0,0,0,0,0
Aircraft and spacecraft products,Warehousing and Support Activities,0,0,0,0,0,0
Other Transport Equipment,Warehousing and Support Activities,0,0,0,0,0,0
Furniture,Warehousing and Support Activities,0,0,0,0,0,0
Other manufactured goods,Warehousing and Support Activities,50,0.19270050487532275,0,0,50,0.19270050487532275
Ship and boat repair and maintenance,Warehousing and Support Activities,1,0.00385401,2,0.00770802,3,0.011562030292519366
Air and spacecraft repair and maintenance,Warehousing and Support Activities,4,0.015416040390025821,0,0,4,0.015416040390025821
Other repair services,Warehousing and Support Activities,0,0,514,1.9809611901183182,514,1.9809611901183182
Electricity services,Warehousing and Support Activities,1,0.00385401,447,1.7227425135853858,448,1.7265965236828922
"Mains gas, steam and air conditioning services",Warehousing and Support Activities,0,0,47,0.1811384745828034,47,0.1811384745828034
Water services,Warehousing and Support Activities,0,0,43,0.1657224341927776,43,0.1657224341927776
Sewerage services,Warehousing and Support Activities,0,0,14,0.053956141365090374,14,0.053956141365090374
Waste collection and treatment services,Warehousing and Support Activities,13,0.050102131,99,0.3815469996531391,112,0.43164913092072305
Remediation and waste management services,Warehousing and Support Activities,0,0,0,0,0,0
Construction services,Warehousing and Support Activities,0,0,394,1.5184799784175436,394,1.5184799784175436
Motor vehicle trade services,Warehousing and Support Activities,1,0.00385401,201,0.7746560295987975,202,0.77851004
Wholesale trade services,Warehousing and Support Activities,0,0,482,1.8576328669981115,482,1.8576328669981115
Retail trade services,Warehousing and Support Activities,0,0,170,0.6551817165760974,170,0.6551817165760974
Rail transport services,Warehousing and Support Activities,0,0,5,0.01927005,5,0.01927005
Land transport services,Warehousing and Support Activities,290,1.117662928276872,1178,4.540023894862605,1468,5.657686823139477
Water transport services,Warehousing and Support Activities,1139,4.389717501059852,412,1.5878521601726596,1551,5.977569661232512
Air transport services,Warehousing and Support Activities,77,0.29675877750799706,1415,5.453424287971634,1492,5.750183065479631
Warehousing services,Warehousing and Support Activities,224,0.863298262,6891,26.557983581916982,7115,27.42128184375843
Postal and courier services,Warehousing and Support Activities,1,0.00385401,394,1.5184799784175436,395,1.522333989
Accommodation services,Warehousing and Support Activities,10,0.038540101,28,0.10791228273018075,38,0.1464523837052453
Food and beverage services,Warehousing and Support Activities,23,0.088642232,35,0.13489035341272593,58,0.22353258565537443
Publishing services,Warehousing and Support Activities,4,0.015416040390025821,0,0,4,0.015416040390025821
Media Production services,Warehousing and Support Activities,0,0,0,0,0,0
Telecommunications services,Warehousing and Support Activities,1,0.00385401,223,0.8594442517439396,224,0.863298262
Computer programming services,Warehousing and Support Activities,18,0.069372182,586,2.258449917138783,604,2.327822098893899
Information services,Warehousing and Support Activities,6,0.023124061,103,0.3969630400431649,109,0.42008710062820365
Financial services (excl. insurance and pensions),Warehousing and Support Activities,30,0.11562030292519365,1075,4.143060854819439,1105,4.258681157744633
Insurance and pension services,Warehousing and Support Activities,0,0,159,0.6127876055035264,159,0.6127876055035264
Auxiliary financial services,Warehousing and Support Activities,17,0.065518172,122,0.4701892318957876,139,0.5357074035533973
Real estate services,Warehousing and Support Activities,0,0,0,0,0,0
Owner-occupier housing services,Warehousing and Support Activities,0,0,0,0,0,0
Other real estate services,Warehousing and Support Activities,2,0.00770802,1042,4.015878521601727,1044,4.023586542
Legal services,Warehousing and Support Activities,3,0.011562030292519366,104,0.4008170501406714,107,0.41237908043319077
Accounting and tax services,Warehousing and Support Activities,24,0.092496242,136,0.524145373,160,0.6166416156010329
Management consulting services,Warehousing and Support Activities,143,0.5511234439434232,44,0.16957644429028404,187,0.7206998882337072
Architectural and engineering services,Warehousing and Support Activities,237,0.913400393,1,0.00385401,238,0.9172544032065364
Scientific research and development services,Warehousing and Support Activities,0,0,0,0,0,0
Advertising and market research services,Warehousing and Support Activities,23,0.088642232,304,1.1716190696419624,327,1.260261301884611
Other scientific and technical services,Warehousing and Support Activities,0,0,128,0.4933132924808263,128,0.4933132924808263
Veterinary services,Warehousing and Support Activities,0,0,0,0,0,0
Rental and leasing services,Warehousing and Support Activities,180,0.693721818,994,3.8308860369214166,1174,4.5246078544725785
Employment services,Warehousing and Support Activities,62,0.23894862604540024,1611,6.2088102670828995,1673,6.447758893
Travel services,Warehousing and Support Activities,1,0.00385401,89,0.34300689867807455,90,0.346860909
Security services,Warehousing and Support Activities,3,0.011562030292519366,4,0.015416040390025821,7,0.026978070682545187
Building and landscape services,Warehousing and Support Activities,0,0,251,0.9673565344741203,251,0.9673565344741203
Office support services,Warehousing and Support Activities,3,0.011562030292519366,915,3.526419239218407,918,3.5379812695109263
Public administration services (including defence),Warehousing and Support Activities,1,0.00385401,39,0.15030639380275176,40,0.15416040390025823
Education services,Warehousing and Support Activities,3,0.011562030292519366,64,0.24665664624041314,67,0.2582186765329325
Health services,Warehousing and Support Activities,0,0,0,0,0,0
Residential and social care services,Warehousing and Support Activities,0,0,0,0,0,0
Arts and entertainment services,Warehousing and Support Activities,0,0,0,0,0,0
Libraries and other cultural services,Warehousing and Support Activities,0,0,0,0,0,0
Gambling services,Warehousing and Support Activities,0,0,0,0,0,0
Sports and recreation services,Warehousing and Support Activities,0,0,0,0,0,0
Membership services,Warehousing and Support Activities,0,0,12,0.046248121,12,0.046248121
Computer repair services,Warehousing and Support Activities,2,0.00770802,0,0,2,0.00770802
Other personal services,Warehousing and Support Activities,0,0,4,0.015416040390025821,4,0.015416040390025821
Agriculture products,Postal and Courier Activities,0,0,0,0,0,0
Forestry products,Postal and Courier Activities,0,0,0,0,0,0
Fishing products,Postal and Courier Activities,0,0,0,0,0,0
Coal and lignite,Postal and Courier Activities,0,0,0,0,0,0
"Petroleum, natural gas and mining of metal ores",Postal and Courier Activities,0,0,0,0,0,0
Other mining products,Postal and Courier Activities,0,0,0,0,0,0
Mining support services,Postal and Courier Activities,0,0,0,0,0,0
Meat and preserved meat products,Postal and Courier Activities,0,0,22,0.2231237322515213,22,0.2231237322515213
"Fish, seafood, fruit and vegetables",Postal and Courier Activities,0,0,14,0.14198782961460446,14,0.14198782961460446
Oils and fats,Postal and Courier Activities,0,0,2,0.020283976,2,0.020283976
Dairy products,Postal and Courier Activities,0,0,12,0.12170385395537525,12,0.12170385395537525
Grain mill and starch products,Postal and Courier Activities,0,0,0,0,0,0
Bakery products,Postal and Courier Activities,0,0,21,0.2129817444219067,21,0.2129817444219067
Other food products,Postal and Courier Activities,0,0,7,0.070993915,7,0.070993915
Animal feeds,Postal and Courier Activities,0,0,0,0,0,0
Alcoholic beverages and tobacco,Postal and Courier Activities,0,0,0,0,0,0
Soft drinks,Postal and Courier Activities,0,0,0,0,0,0
Textiles,Postal and Courier Activities,0,0,0,0,0,0
Clothing,Postal and Courier Activities,0,0,0,0,0,0
Leather products,Postal and Courier Activities,0,0,0,0,0,0
Wood products (excl. furniture),Postal and Courier Activities,0,0,0,0,0,0
Paper products,Postal and Courier Activities,2,0.020283976,118,1.1967545638945234,120,1.2170385395537526
Printing and recording services,Postal and Courier Activities,0,0,0,0,0,0
Coke and refined petroleum products,Postal and Courier Activities,5,0.050709939,291,2.951318458,296,3.002028397565923
Paints and coatings,Postal and Courier Activities,0,0,0,0,0,0
Soap and detergents,Postal and Courier Activities,0,0,0,0,0,0
Other chemical products,Postal and Courier Activities,0,0,0,0,0,0
Industrial gases and fertilizers,Postal and Courier Activities,0,0,0,0,0,0
Petrochemicals,Postal and Courier Activities,0,0,0,0,0,0
Dyestuffs and agro-chemicals,Postal and Courier Activities,0,0,0,0,0,0
Pharmaceutical products,Postal and Courier Activities,0,0,0,0,0,0
Rubber and plastic products,Postal and Courier Activities,0,0,0,0,0,0
Cement and concrete products,Postal and Courier Activities,0,0,0,0,0,0
"Glass, ceramic and stone products",Postal and Courier Activities,0,0,0,0,0,0
Basic iron and steel,Postal and Courier Activities,0,0,0,0,0,0
Other basic metals and casting,Postal and Courier Activities,0,0,0,0,0,0
Weapons and ammunition,Postal and Courier Activities,0,0,0,0,0,0
Other fabricated metal products,Postal and Courier Activities,0,0,0,0,0,0
Computer and electronic products,Postal and Courier Activities,11,0.11156186612576065,50,0.5070993914807302,61,0.6186612576064909
Electrical equipment,Postal and Courier Activities,0,0,0,0,0,0
Other machinery and equipment,Postal and Courier Activities,2,0.020283976,0,0,2,0.020283976
Motor vehicles,Postal and Courier Activities,0,0,38,0.38539553752535494,38,0.38539553752535494
Ships and boats,Postal and Courier Activities,0,0,0,0,0,0
Aircraft and spacecraft products,Postal and Courier Activities,0,0,0,0,0,0
Other Transport Equipment,Postal and Courier Activities,0,0,0,0,0,0
Furniture,Postal and Courier Activities,0,0,0,0,0,0
Other manufactured goods,Postal and Courier Activities,14,0.14198782961460446,16,0.16227180527383367,30,0.3042596348884381
Ship and boat repair and maintenance,Postal and Courier Activities,0,0,0,0,0,0
Air and spacecraft repair and maintenance,Postal and Courier Activities,0,0,0,0,0,0
Other repair services,Postal and Courier Activities,0,0,52,0.5273833671399595,52,0.5273833671399595
Electricity services,Postal and Courier Activities,0,0,70,0.7099391480730223,70,0.7099391480730223
"Mains gas, steam and air conditioning services",Postal and Courier Activities,0,0,29,0.29411764705882354,29,0.29411764705882354
Water services,Postal and Courier Activities,0,0,10,0.10141987829614604,10,0.10141987829614604
Sewerage services,Postal and Courier Activities,0,0,7,0.070993915,7,0.070993915
Waste collection and treatment services,Postal and Courier Activities,1,0.010141987829614604,26,0.26369168356997974,27,0.27383367139959436
Remediation and waste management services,Postal and Courier Activities,0,0,0,0,0,0
Construction services,Postal and Courier Activities,4,0.040567951,32,0.32454361054766734,36,0.36511156186612576
Motor vehicle trade services,Postal and Courier Activities,1,0.010141987829614604,428,4.340770791075051,429,4.350912778904665
Wholesale trade services,Postal and Courier Activities,0,0,137,1.3894523326572008,137,1.3894523326572008
Retail trade services,Postal and Courier Activities,0,0,40,0.4056795131845842,40,0.4056795131845842
Rail transport services,Postal and Courier Activities,0,0,0,0,0,0
Land transport services,Postal and Courier Activities,44,0.4462474645030426,377,3.823529411764706,421,4.269776876267748
Water transport services,Postal and Courier Activities,0,0,1,0.010141987829614604,1,0.010141987829614604
Air transport services,Postal and Courier Activities,25,0.2535496957403651,134,1.359026369168357,159,1.6125760649087222
Warehousing services,Postal and Courier Activities,6,0.060851926977687626,169,1.7139959432048681,175,1.7748478701825559
Postal and courier services,Postal and Courier Activities,615,6.237322515212982,4621,46.86612576064908,5236,53.103448275862064
Accommodation services,Postal and Courier Activities,1,0.010141987829614604,5,0.050709939,6,0.060851926977687626
Food and beverage services,Postal and Courier Activities,5,0.050709939,17,0.1724137931034483,22,0.22312373225152132
Publishing services,Postal and Courier Activities,0,0,0,0,0,0
Media Production services,Postal and Courier Activities,0,0,0,0,0,0
Telecommunications services,Postal and Courier Activities,4,0.040567951,75,0.7606490872210954,79,0.8012170385395538
Computer programming services,Postal and Courier Activities,18,0.18255578093306288,316,3.204868154158215,334,3.387423935091278
Information services,Postal and Courier Activities,6,0.060851926977687626,92,0.9330628803245435,98,0.9939148073022311
Financial services (excl. insurance and pensions),Postal and Courier Activities,17,0.1724137931034483,433,4.391480730223124,450,4.563894523326573
Insurance and pension services,Postal and Courier Activities,0,0,79,0.8012170385395537,79,0.8012170385395537
Auxiliary financial services,Postal and Courier Activities,0,0,56,0.5679513184584178,56,0.5679513184584178
Real estate services,Postal and Courier Activities,0,0,0,0,0,0
Owner-occupier housing services,Postal and Courier Activities,0,0,0,0,0,0
Other real estate services,Postal and Courier Activities,1,0.010141987829614604,23,0.23326572008113589,24,0.2434077079107505
Legal services,Postal and Courier Activities,1,0.010141987829614604,3,0.030425963488843813,4,0.040567951
Accounting and tax services,Postal and Courier Activities,1,0.010141987829614604,19,0.19269776876267747,20,0.2028397565922921
Management consulting services,Postal and Courier Activities,158,1.6024340770791075,33,0.33468559837728196,191,1.9371196754563895
Architectural and engineering services,Postal and Courier Activities,0,0,0,0,0,0
Scientific research and development services,Postal and Courier Activities,0,0,0,0,0,0
Advertising and market research services,Postal and Courier Activities,3,0.030425963488843813,25,0.2535496957403651,28,0.2839756592292089
Other scientific and technical services,Postal and Courier Activities,0,0,0,0,0,0
Veterinary services,Postal and Courier Activities,0,0,0,0,0,0
Rental and leasing services,Postal and Courier Activities,9,0.09127789,277,2.8093306288032456,286,2.900608519269777
Employment services,Postal and Courier Activities,7,0.070993915,579,5.8722109533468565,586,5.943204868154159
Travel services,Postal and Courier Activities,0,0,1,0.010141987829614604,1,0.010141987829614604
Security services,Postal and Courier Activities,0,0,18,0.18255578093306288,18,0.18255578093306288
Building and landscape services,Postal and Courier Activities,0,0,20,0.2028397565922921,20,0.2028397565922921
Office support services,Postal and Courier Activities,3,0.030425963488843813,0,0,3,0.030425963488843813
Public administration services (including defence),Postal and Courier Activities,4,0.040567951,85,0.8620689655172413,89,0.9026369168356998
Education services,Postal and Courier Activities,2,0.020283976,10,0.10141987829614604,12,0.12170385395537525
Health services,Postal and Courier Activities,0,0,0,0,0,0
Residential and social care services,Postal and Courier Activities,0,0,0,0,0,0
Arts and entertainment services,Postal and Courier Activities,0,0,0,0,0,0
Libraries and other cultural services,Postal and Courier Activities,0,0,0,0,0,0
Gambling services,Postal and Courier Activities,0,0,0,0,0,0
Sports and recreation services,Postal and Courier Activities,0,0,0,0,0,0
Membership services,Postal and Courier Activities,0,0,0,0,0,0
Computer repair services,Postal and Courier Activities,0,0,0,0,0,0
Other personal services,Postal and Courier Activities,0,0,0,0,0,0
Agriculture products,Accommodation,1,0.013101008777675883,9,0.11790907899908293,10,0.13101008777675882
Forestry products,Accommodation,0,0,0,0,0,0
Fishing products,Accommodation,0,0,21,0.2751211843311935,21,0.2751211843311935
Coal and lignite,Accommodation,0,0,0,0,0,0
"Petroleum, natural gas and mining of metal ores",Accommodation,0,0,0,0,0,0
Other mining products,Accommodation,0,0,0,0,0,0
Mining support services,Accommodation,0,0,0,0,0,0
Meat and preserved meat products,Accommodation,4,0.052404035,238,3.118040089,242,3.170444124197563
"Fish, seafood, fruit and vegetables",Accommodation,2,0.026202017555351766,321,4.205423817633958,323,4.231625835189309
Oils and fats,Accommodation,0,0,23,0.30132320188654527,23,0.30132320188654527
Dairy products,Accommodation,3,0.039303026333027645,112,1.4673129830996987,115,1.5066160094327263
Grain mill and starch products,Accommodation,0,0,0,0,0,0
Bakery products,Accommodation,3,0.039303026333027645,105,1.3756059216559675,108,1.4149089479889951
Other food products,Accommodation,4,0.052404035,203,2.659504781868204,207,2.7119088169789074
Animal feeds,Accommodation,0,0,0,0,0,0
Alcoholic beverages and tobacco,Accommodation,354,4.637757107297262,105,1.3756059216559675,459,6.013363029
Soft drinks,Accommodation,6,0.078606053,157,2.056858378095113,163,2.1354644307611683
Textiles,Accommodation,0,0,0,0,0,0
Clothing,Accommodation,0,0,0,0,0,0
Leather products,Accommodation,0,0,0,0,0,0
Wood products (excl. furniture),Accommodation,0,0,0,0,0,0
Paper products,Accommodation,0,0,36,0.4716363159963317,36,0.4716363159963317
Printing and recording services,Accommodation,0,0,0,0,0,0
Coke and refined petroleum products,Accommodation,1,0.013101008777675883,19,0.24891916677584175,20,0.26202017555351764
Paints and coatings,Accommodation,0,0,0,0,0,0
Soap and detergents,Accommodation,0,0,0,0,0,0
Other chemical products,Accommodation,0,0,0,0,0,0
Industrial gases and fertilizers,Accommodation,0,0,0,0,0,0
Petrochemicals,Accommodation,0,0,0,0,0,0
Dyestuffs and agro-chemicals,Accommodation,0,0,0,0,0,0
Pharmaceutical products,Accommodation,0,0,0,0,0,0
Rubber and plastic products,Accommodation,0,0,0,0,0,0
Cement and concrete products,Accommodation,0,0,0,0,0,0
"Glass, ceramic and stone products",Accommodation,1,0.013101008777675883,21,0.2751211843311935,22,0.2882221931088694
Basic iron and steel,Accommodation,0,0,0,0,0,0
Other basic metals and casting,Accommodation,0,0,0,0,0,0
Weapons and ammunition,Accommodation,0,0,0,0,0,0
Other fabricated metal products,Accommodation,0,0,0,0,0,0
Computer and electronic products,Accommodation,19,0.24891916677584175,17,0.22271714922048996,36,0.4716363159963317
Electrical equipment,Accommodation,0,0,0,0,0,0
Other machinery and equipment,Accommodation,0,0,0,0,0,0
Motor vehicles,Accommodation,0,0,0,0,0,0
Ships and boats,Accommodation,0,0,0,0,0,0
Aircraft and spacecraft products,Accommodation,0,0,0,0,0,0
Other Transport Equipment,Accommodation,0,0,0,0,0,0
Furniture,Accommodation,0,0,0,0,0,0
Other manufactured goods,Accommodation,0,0,9,0.11790907899908293,9,0.11790907899908293
Ship and boat repair and maintenance,Accommodation,0,0,0,0,0,0
Air and spacecraft repair and maintenance,Accommodation,0,0,0,0,0,0
Other repair services,Accommodation,0,0,47,0.6157474125507664,47,0.6157474125507664
Electricity services,Accommodation,1,0.013101008777675883,598,7.834403249050177,599,7.847504257827853
"Mains gas, steam and air conditioning services",Accommodation,0,0,194,2.5415957028691207,194,2.5415957028691207
Water services,Accommodation,0,0,236,3.091838071531508,236,3.091838071531508
Sewerage services,Accommodation,0,0,50,0.6550504388837941,50,0.6550504388837941
Waste collection and treatment services,Accommodation,3,0.039303026333027645,78,1.021878684658719,81,1.0611817109917465
Remediation and waste management services,Accommodation,0,0,0,0,0,0
Construction services,Accommodation,2,0.026202017555351766,12,0.15721210533211058,14,0.18341412288746234
Motor vehicle trade services,Accommodation,0,0,12,0.15721210533211058,12,0.15721210533211058
Wholesale trade services,Accommodation,2,0.026202017555351766,657,8.607362766933054,659,8.633564784488406
Retail trade services,Accommodation,0,0,170,2.2271714922048997,170,2.2271714922048997
Rail transport services,Accommodation,0,0,0,0,0,0
Land transport services,Accommodation,5,0.065505044,46,0.6026464037730905,51,0.6681514476614699
Water transport services,Accommodation,0,0,0,0,0,0
Air transport services,Accommodation,0,0,0,0,0,0
Warehousing services,Accommodation,0,0,0,0,0,0
Postal and courier services,Accommodation,0,0,18,0.23581815799816586,18,0.23581815799816586
Accommodation services,Accommodation,54,0.7074544739944976,342,4.480545001965151,396,5.187999475959648
Food and beverage services,Accommodation,45,0.5895453949954147,255,3.340757238,300,3.9303026333027646
Publishing services,Accommodation,0,0,0,0,0,0
Media Production services,Accommodation,0,0,22,0.2882221931088694,22,0.2882221931088694
Telecommunications services,Accommodation,1,0.013101008777675883,167,2.187868465871872,168,2.200969474649548
Computer programming services,Accommodation,8,0.10480807022140706,206,2.6988078082012317,214,2.803615878422639
Information services,Accommodation,0,0,0,0,0,0
Financial services (excl. insurance and pensions),Accommodation,100,1.3101008777675882,304,3.982706668413468,404,5.292807546181056
Insurance and pension services,Accommodation,0,0,54,0.7074544739944976,54,0.7074544739944976
Auxiliary financial services,Accommodation,5,0.065505044,17,0.22271714922048996,22,0.2882221931088694
Real estate services,Accommodation,0,0,0,0,0,0
Owner-occupier housing services,Accommodation,0,0,0,0,0,0
Other real estate services,Accommodation,3,0.039303026333027645,708,9.275514214594525,711,9.314817240927553
Legal services,Accommodation,2,0.026202017555351766,48,0.6288484213284423,50,0.6550504388837941
Accounting and tax services,Accommodation,2,0.026202017555351766,111,1.4542119743220228,113,1.4804139918773744
Management consulting services,Accommodation,50,0.6550504388837941,28,0.3668282457749247,78,1.0218786846587187
Architectural and engineering services,Accommodation,0,0,20,0.2620201755535176,20,0.2620201755535176
Scientific research and development services,Accommodation,0,0,0,0,0,0
Advertising and market research services,Accommodation,39,0.5109393423293594,316,4.1399187737455785,355,4.650858116074938
Other scientific and technical services,Accommodation,0,0,22,0.2882221931088694,22,0.2882221931088694
Veterinary services,Accommodation,0,0,0,0,0,0
Rental and leasing services,Accommodation,9,0.11790907899908293,70,0.9170706144373116,79,1.0349796934363946
Employment services,Accommodation,4,0.052404035,114,1.4935150006550504,118,1.545919035765754
Travel services,Accommodation,10,0.1310100877767588,277,3.628979431416219,287,3.7599895191929775
Security services,Accommodation,0,0,0,0,0,0
Building and landscape services,Accommodation,1,0.013101008777675883,187,2.4498886414253898,188,2.4629896502030655
Office support services,Accommodation,59,0.772959518,27,0.3537272369972488,86,1.1266867548801258
Public administration services (including defence),Accommodation,0,0,13,0.17031311410978647,13,0.17031311410978647
Education services,Accommodation,0,0,0,0,0,0
Health services,Accommodation,0,0,0,0,0,0
Residential and social care services,Accommodation,0,0,0,0,0,0
Arts and entertainment services,Accommodation,0,0,0,0,0,0
Libraries and other cultural services,Accommodation,0,0,0,0,0,0
Gambling services,Accommodation,0,0,8,0.10480807022140706,8,0.10480807022140706
Sports and recreation services,Accommodation,0,0,0,0,0,0
Membership services,Accommodation,0,0,0,0,0,0
Computer repair services,Accommodation,0,0,0,0,0,0
Other personal services,Accommodation,0,0,0,0,0,0
Agriculture products,Food and Beverage Services,27,0.12523191094619665,21,0.097402597,48,0.22263450834879406
Forestry products,Food and Beverage Services,0,0,0,0,0,0
Fishing products,Food and Beverage Services,0,0,64,0.29684601113172543,64,0.29684601113172543
Coal and lignite,Food and Beverage Services,0,0,0,0,0,0
"Petroleum, natural gas and mining of metal ores",Food and Beverage Services,0,0,0,0,0,0
Other mining products,Food and Beverage Services,0,0,0,0,0,0
Mining support services,Food and Beverage Services,0,0,0,0,0,0
Meat and preserved meat products,Food and Beverage Services,47,0.21799628942486085,1249,5.793135435992578,1296,6.011131725
"Fish, seafood, fruit and vegetables",Food and Beverage Services,18,0.083487941,473,2.193877551020408,491,2.2773654916512056
Oils and fats,Food and Beverage Services,3,0.013914657,253,1.1734693877551021,256,1.1873840445269017
Dairy products,Food and Beverage Services,33,0.15306122448979592,266,1.2337662337662338,299,1.3868274582560298
Grain mill and starch products,Food and Beverage Services,3,0.013914657,219,1.0157699443413728,222,1.0296846011131724
Bakery products,Food and Beverage Services,21,0.097402597,1098,5.092764378478664,1119,5.190166975881262
Other food products,Food and Beverage Services,25,0.11595547309833025,1680,7.792207792207792,1705,7.908163265306122
Animal feeds,Food and Beverage Services,0,0,0,0,0,0
Alcoholic beverages and tobacco,Food and Beverage Services,1665,7.722634508348794,39,0.1808905380333952,1704,7.903525046
Soft drinks,Food and Beverage Services,51,0.23654916512059368,607,2.815398886827458,658,3.051948051948052
Textiles,Food and Beverage Services,1,0.004638219,2,0.009276438,3,0.013914656771799629
Clothing,Food and Beverage Services,4,0.018552876,0,0,4,0.018552876
Leather products,Food and Beverage Services,0,0,0,0,0,0
Wood products (excl. furniture),Food and Beverage Services,0,0,0,0,0,0
Paper products,Food and Beverage Services,15,0.069573284,218,1.0111317254174397,233,1.0807050092764379
Printing and recording services,Food and Beverage Services,0,0,0,0,0,0
Coke and refined petroleum products,Food and Beverage Services,6,0.027829314,36,0.16697588126159554,42,0.19480519480519481
Paints and coatings,Food and Beverage Services,0,0,0,0,0,0
Soap and detergents,Food and Beverage Services,2,0.009276438,11,0.051020408,13,0.060296846
Other chemical products,Food and Beverage Services,0,0,0,0,0,0
Industrial gases and fertilizers,Food and Beverage Services,0,0,0,0,0,0
Petrochemicals,Food and Beverage Services,2,0.009276438,1,0.004638219,3,0.013914656771799629
Dyestuffs and agro-chemicals,Food and Beverage Services,0,0,0,0,0,0
Pharmaceutical products,Food and Beverage Services,0,0,0,0,0,0
Rubber and plastic products,Food and Beverage Services,9,0.041743970315398886,0,0,9,0.041743970315398886
Cement and concrete products,Food and Beverage Services,0,0,0,0,0,0
"Glass, ceramic and stone products",Food and Beverage Services,1,0.004638219,23,0.10667903525046384,24,0.11131725417439704
Basic iron and steel,Food and Beverage Services,0,0,0,0,0,0
Other basic metals and casting,Food and Beverage Services,0,0,0,0,0,0
Weapons and ammunition,Food and Beverage Services,0,0,0,0,0,0
Other fabricated metal products,Food and Beverage Services,0,0,0,0,0,0
Computer and electronic products,Food and Beverage Services,25,0.11595547309833025,33,0.15306122448979592,58,0.2690166975881262
Electrical equipment,Food and Beverage Services,0,0,0,0,0,0
Other machinery and equipment,Food and Beverage Services,0,0,0,0,0,0
Motor vehicles,Food and Beverage Services,0,0,0,0,0,0
Ships and boats,Food and Beverage Services,0,0,0,0,0,0
Aircraft and spacecraft products,Food and Beverage Services,0,0,0,0,0,0
Other Transport Equipment,Food and Beverage Services,0,0,0,0,0,0
Furniture,Food and Beverage Services,0,0,0,0,0,0
Other manufactured goods,Food and Beverage Services,1,0.004638219,30,0.13914656771799627,31,0.14378478664192948
Ship and boat repair and maintenance,Food and Beverage Services,0,0,0,0,0,0
Air and spacecraft repair and maintenance,Food and Beverage Services,0,0,0,0,0,0
Other repair services,Food and Beverage Services,1,0.004638219,473,2.193877551020408,474,2.198515769944341
Electricity services,Food and Beverage Services,1,0.004638219,722,3.3487940630797777,723,3.353432282003711
"Mains gas, steam and air conditioning services",Food and Beverage Services,1,0.004638219,397,1.8413729128014842,398,1.8460111317254173
Water services,Food and Beverage Services,1,0.004638219,231,1.0714285714285714,232,1.0760667903525045
Sewerage services,Food and Beverage Services,0,0,19,0.08812616,19,0.08812616
Waste collection and treatment services,Food and Beverage Services,10,0.046382189,285,1.3218923933209648,295,1.3682745825602969
Remediation and waste management services,Food and Beverage Services,0,0,0,0,0,0
Construction services,Food and Beverage Services,0,0,45,0.20871985157699444,45,0.20871985157699444
Motor vehicle trade services,Food and Beverage Services,0,0,95,0.4406307977736549,95,0.4406307977736549
Wholesale trade services,Food and Beverage Services,0,0,2687,12.462894248608535,2687,12.462894248608535
Retail trade services,Food and Beverage Services,0,0,814,3.7755102040816326,814,3.7755102040816326
Rail transport services,Food and Beverage Services,0,0,0,0,0,0
Land transport services,Food and Beverage Services,9,0.041743970315398886,171,0.7931354359925789,180,0.8348794063079777
Water transport services,Food and Beverage Services,0,0,0,0,0,0
Air transport services,Food and Beverage Services,0,0,55,0.25510204081632654,55,0.25510204081632654
Warehousing services,Food and Beverage Services,14,0.064935065,88,0.40816326530612246,102,0.4730983302411874
Postal and courier services,Food and Beverage Services,7,0.032467532467532464,20,0.092764378,27,0.12523191094619668
Accommodation services,Food and Beverage Services,0,0,0,0,0,0
Food and beverage services,Food and Beverage Services,131,0.6076066790352505,1098,5.092764378478664,1229,5.700371057513915
Publishing services,Food and Beverage Services,0,0,0,0,0,0
Media Production services,Food and Beverage Services,0,0,0,0,0,0
Telecommunications services,Food and Beverage Services,8,0.037105751,228,1.0575139146567718,236,1.0946196660482375
Computer programming services,Food and Beverage Services,24,0.11131725417439704,346,1.6048237476808904,370,1.7161410018552874
Information services,Food and Beverage Services,1,0.004638219,9,0.041743970315398886,10,0.046382189
Financial services (excl. insurance and pensions),Food and Beverage Services,211,0.9786641929499071,797,3.696660482374768,1008,4.675324675324675
Insurance and pension services,Food and Beverage Services,0,0,183,0.8487940630797774,183,0.8487940630797774
Auxiliary financial services,Food and Beverage Services,1,0.004638219,107,0.4962894248608535,108,0.5009276437847867
Real estate services,Food and Beverage Services,0,0,0,0,0,0
Owner-occupier housing services,Food and Beverage Services,0,0,0,0,0,0
Other real estate services,Food and Beverage Services,4,0.018552876,2000,9.276437847866418,2004,9.294990723562151
Legal services,Food and Beverage Services,2,0.009276438,101,0.4684601113172542,103,0.4777365491651206
Accounting and tax services,Food and Beverage Services,5,0.023191095,368,1.7068645640074214,373,1.7300556586270874
Management consulting services,Food and Beverage Services,78,0.3617810760667904,0,0,78,0.3617810760667904
Architectural and engineering services,Food and Beverage Services,1,0.004638219,24,0.11131725417439704,25,0.11595547309833025
Scientific research and development services,Food and Beverage Services,0,0,0,0,0,0
Advertising and market research services,Food and Beverage Services,35,0.16233766233766234,449,2.0825602968460113,484,2.2448979591836737
Other scientific and technical services,Food and Beverage Services,0,0,38,0.17625231910946199,38,0.17625231910946199
Veterinary services,Food and Beverage Services,0,0,0,0,0,0
Rental and leasing services,Food and Beverage Services,13,0.060296846,155,0.7189239332096475,168,0.7792207792207793
Employment services,Food and Beverage Services,8,0.037105751,168,0.7792207792207793,176,0.8163265306122449
Travel services,Food and Beverage Services,0,0,19,0.08812616,19,0.08812616
Security services,Food and Beverage Services,0,0,0,0,0,0
Building and landscape services,Food and Beverage Services,0,0,254,1.1781076066790352,254,1.1781076066790352
Office support services,Food and Beverage Services,39,0.1808905380333952,0,0,39,0.1808905380333952
Public administration services (including defence),Food and Beverage Services,0,0,38,0.17625231910946199,38,0.17625231910946199
Education services,Food and Beverage Services,3,0.013914657,64,0.29684601113172543,67,0.3107606679035251
Health services,Food and Beverage Services,0,0,0,0,0,0
Residential and social care services,Food and Beverage Services,0,0,0,0,0,0
Arts and entertainment services,Food and Beverage Services,0,0,0,0,0,0
Libraries and other cultural services,Food and Beverage Services,0,0,0,0,0,0
Gambling services,Food and Beverage Services,0,0,0,0,0,0
Sports and recreation services,Food and Beverage Services,0,0,0,0,0,0
Membership services,Food and Beverage Services,0,0,0,0,0,0
Computer repair services,Food and Beverage Services,2,0.009276438,0,0,2,0.009276438
Other personal services,Food and Beverage Services,6,0.027829314,114,0.5287569573283859,120,0.5565862708719852
Agriculture products,Publishing Activities,0,0,0,0,0,0
Forestry products,Publishing Activities,0,0,0,0,0,0
Fishing products,Publishing Activities,0,0,0,0,0,0
Coal and lignite,Publishing Activities,0,0,0,0,0,0
"Petroleum, natural gas and mining of metal ores",Publishing Activities,0,0,0,0,0,0
Other mining products,Publishing Activities,0,0,0,0,0,0
Mining support services,Publishing Activities,0,0,0,0,0,0
Meat and preserved meat products,Publishing Activities,0,0,11,0.116921769,11,0.116921769
"Fish, seafood, fruit and vegetables",Publishing Activities,0,0,51,0.5420918367346939,51,0.5420918367346939
Oils and fats,Publishing Activities,0,0,4,0.042517007,4,0.042517007
Dairy products,Publishing Activities,0,0,50,0.5314625850340136,50,0.5314625850340136
Grain mill and starch products,Publishing Activities,0,0,0,0,0,0
Bakery products,Publishing Activities,0,0,66,0.701530612,66,0.701530612
Other food products,Publishing Activities,0,0,29,0.30824829931972786,29,0.30824829931972786
Animal feeds,Publishing Activities,0,0,0,0,0,0
Alcoholic beverages and tobacco,Publishing Activities,0,0,0,0,0,0
Soft drinks,Publishing Activities,0,0,0,0,0,0
Textiles,Publishing Activities,0,0,0,0,0,0
Clothing,Publishing Activities,0,0,0,0,0,0
Leather products,Publishing Activities,0,0,0,0,0,0
Wood products (excl. furniture),Publishing Activities,0,0,0,0,0,0
Paper products,Publishing Activities,28,0.2976190476190476,1062,11.28826530612245,1090,11.585884353741497
Printing and recording services,Publishing Activities,0,0,1007,10.703656462585034,1007,10.703656462585034
Coke and refined petroleum products,Publishing Activities,1,0.010629251700680272,3,0.031887755,4,0.042517007
Paints and coatings,Publishing Activities,0,0,202,2.147108843537415,202,2.147108843537415
Soap and detergents,Publishing Activities,0,0,0,0,0,0
Other chemical products,Publishing Activities,13,0.13818027210884354,0,0,13,0.13818027210884354
Industrial gases and fertilizers,Publishing Activities,0,0,0,0,0,0
Petrochemicals,Publishing Activities,0,0,0,0,0,0
Dyestuffs and agro-chemicals,Publishing Activities,0,0,0,0,0,0
Pharmaceutical products,Publishing Activities,0,0,0,0,0,0
Rubber and plastic products,Publishing Activities,0,0,0,0,0,0
Cement and concrete products,Publishing Activities,0,0,0,0,0,0
"Glass, ceramic and stone products",Publishing Activities,0,0,0,0,0,0
Basic iron and steel,Publishing Activities,0,0,0,0,0,0
Other basic metals and casting,Publishing Activities,0,0,0,0,0,0
Weapons and ammunition,Publishing Activities,0,0,0,0,0,0
Other fabricated metal products,Publishing Activities,0,0,0,0,0,0
Computer and electronic products,Publishing Activities,180,1.913265306122449,60,0.6377551020408163,240,2.5510204081632653
Electrical equipment,Publishing Activities,0,0,0,0,0,0
Other machinery and equipment,Publishing Activities,0,0,0,0,0,0
Motor vehicles,Publishing Activities,0,0,0,0,0,0
Ships and boats,Publishing Activities,0,0,0,0,0,0
Aircraft and spacecraft products,Publishing Activities,0,0,0,0,0,0
Other Transport Equipment,Publishing Activities,0,0,0,0,0,0
Furniture,Publishing Activities,0,0,0,0,0,0
Other manufactured goods,Publishing Activities,9,0.095663265,0,0,9,0.095663265
Ship and boat repair and maintenance,Publishing Activities,0,0,0,0,0,0
Air and spacecraft repair and maintenance,Publishing Activities,0,0,0,0,0,0
Other repair services,Publishing Activities,0,0,26,0.2763605442176871,26,0.2763605442176871
Electricity services,Publishing Activities,0,0,49,0.5208333333333333,49,0.5208333333333333
"Mains gas, steam and air conditioning services",Publishing Activities,0,0,6,0.06377551,6,0.06377551
Water services,Publishing Activities,0,0,4,0.042517007,4,0.042517007
Sewerage services,Publishing Activities,0,0,2,0.021258503401360544,2,0.021258503401360544
Waste collection and treatment services,Publishing Activities,7,0.074404762,3,0.031887755,10,0.10629251700680273
Remediation and waste management services,Publishing Activities,0,0,0,0,0,0
Construction services,Publishing Activities,0,0,2,0.021258503401360544,2,0.021258503401360544
Motor vehicle trade services,Publishing Activities,0,0,9,0.095663265,9,0.095663265
Wholesale trade services,Publishing Activities,0,0,1332,14.158163265306122,1332,14.158163265306122
Retail trade services,Publishing Activities,0,0,528,5.612244897959184,528,5.612244897959184
Rail transport services,Publishing Activities,0,0,0,0,0,0
Land transport services,Publishing Activities,28,0.2976190476190476,129,1.371173469387755,157,1.6687925170068028
Water transport services,Publishing Activities,0,0,0,0,0,0
Air transport services,Publishing Activities,0,0,0,0,0,0
Warehousing services,Publishing Activities,0,0,0,0,0,0
Postal and courier services,Publishing Activities,2,0.021258503401360544,273,2.9017857142857144,275,2.923044217687075
Accommodation services,Publishing Activities,0,0,0,0,0,0
Food and beverage services,Publishing Activities,18,0.1913265306122449,15,0.15943877551020408,33,0.35076530612244894
Publishing services,Publishing Activities,696,7.3979591836734695,347,3.6883503401360547,1043,11.086309523809524
Media Production services,Publishing Activities,0,0,0,0,0,0
Telecommunications services,Publishing Activities,10,0.10629251700680273,96,1.0204081632653061,106,1.126700680272109
Computer programming services,Publishing Activities,64,0.6802721088435374,422,4.485544217687075,486,5.165816326530612
Information services,Publishing Activities,52,0.5527210884353742,73,0.7759353741496599,125,1.328656462585034
Financial services (excl. insurance and pensions),Publishing Activities,35,0.3720238095238095,87,0.9247448979591837,122,1.2967687074829932
Insurance and pension services,Publishing Activities,0,0,53,0.5633503401360545,53,0.5633503401360545
Auxiliary financial services,Publishing Activities,0,0,77,0.818452381,77,0.818452381
Real estate services,Publishing Activities,0,0,0,0,0,0
Owner-occupier housing services,Publishing Activities,0,0,0,0,0,0
Other real estate services,Publishing Activities,1,0.010629251700680272,272,2.891156462585034,273,2.901785714285714
Legal services,Publishing Activities,8,0.085034014,135,1.4349489795918369,143,1.519982993197279
Accounting and tax services,Publishing Activities,3,0.031887755,108,1.1479591836734695,111,1.1798469387755104
Management consulting services,Publishing Activities,153,1.6262755102040818,89,0.9460034013605443,242,2.5722789115646263
Architectural and engineering services,Publishing Activities,1,0.010629251700680272,0,0,1,0.010629251700680272
Scientific research and development services,Publishing Activities,0,0,0,0,0,0
Advertising and market research services,Publishing Activities,52,0.5527210884353742,629,6.685799319727891,681,7.238520408163264
Other scientific and technical services,Publishing Activities,0,0,298,3.167517006802721,298,3.167517006802721
Veterinary services,Publishing Activities,0,0,0,0,0,0
Rental and leasing services,Publishing Activities,25,0.2657312925170068,0,0,25,0.2657312925170068
Employment services,Publishing Activities,6,0.06377551,152,1.6156462585034015,158,1.679421768707483
Travel services,Publishing Activities,0,0,0,0,0,0
Security services,Publishing Activities,0,0,0,0,0,0
Building and landscape services,Publishing Activities,0,0,0,0,0,0
Office support services,Publishing Activities,3,0.031887755,0,0,3,0.031887755
Public administration services (including defence),Publishing Activities,0,0,4,0.042517007,4,0.042517007
Education services,Publishing Activities,0,0,0,0,0,0
Health services,Publishing Activities,0,0,0,0,0,0
Residential and social care services,Publishing Activities,2,0.021258503401360544,0,0,2,0.021258503401360544
Arts and entertainment services,Publishing Activities,34,0.36139455782312924,185,1.9664115646258504,219,2.3278061224489797
Libraries and other cultural services,Publishing Activities,0,0,0,0,0,0
Gambling services,Publishing Activities,0,0,0,0,0,0
Sports and recreation services,Publishing Activities,0,0,0,0,0,0
Membership services,Publishing Activities,0,0,15,0.15943877551020408,15,0.15943877551020408
Computer repair services,Publishing Activities,0,0,0,0,0,0
Other personal services,Publishing Activities,0,0,12,0.12755102040816327,12,0.12755102040816327
Agriculture products,Motion Picture and Broadcasting Activities,0,0,0,0,0,0
Forestry products,Motion Picture and Broadcasting Activities,0,0,0,0,0,0
Fishing products,Motion Picture and Broadcasting Activities,0,0,0,0,0,0
Coal and lignite,Motion Picture and Broadcasting Activities,0,0,0,0,0,0
"Petroleum, natural gas and mining of metal ores",Motion Picture and Broadcasting Activities,0,0,0,0,0,0
Other mining products,Motion Picture and Broadcasting Activities,0,0,0,0,0,0
Mining support services,Motion Picture and Broadcasting Activities,0,0,0,0,0,0
Meat and preserved meat products,Motion Picture and Broadcasting Activities,0,0,18,0.068770536,18,0.068770536
"Fish, seafood, fruit and vegetables",Motion Picture and Broadcasting Activities,0,0,12,0.045847024,12,0.045847024
Oils and fats,Motion Picture and Broadcasting Activities,0,0,2,0.007641171,2,0.007641171
Dairy products,Motion Picture and Broadcasting Activities,0,0,12,0.045847024,12,0.045847024
Grain mill and starch products,Motion Picture and Broadcasting Activities,0,0,0,0,0,0
Bakery products,Motion Picture and Broadcasting Activities,0,0,17,0.06494995,17,0.06494995
Other food products,Motion Picture and Broadcasting Activities,1,0.003820585,12,0.045847024,13,0.049667609
Animal feeds,Motion Picture and Broadcasting Activities,0,0,22,0.084052877,22,0.084052877
Alcoholic beverages and tobacco,Motion Picture and Broadcasting Activities,0,0,0,0,0,0
Soft drinks,Motion Picture and Broadcasting Activities,15,0.05730878,265,1.0124551081225643,280,1.0697638878276152
Textiles,Motion Picture and Broadcasting Activities,0,0,0,0,0,0
Clothing,Motion Picture and Broadcasting Activities,0,0,0,0,0,0
Leather products,Motion Picture and Broadcasting Activities,0,0,0,0,0,0
Wood products (excl. furniture),Motion Picture and Broadcasting Activities,0,0,0,0,0,0
Paper products,Motion Picture and Broadcasting Activities,1,0.003820585,44,0.16810575380148238,45,0.17192633911515243
Printing and recording services,Motion Picture and Broadcasting Activities,0,0,14,0.053488194391380764,14,0.053488194391380764
Coke and refined petroleum products,Motion Picture and Broadcasting Activities,0,0,22,0.084052877,22,0.084052877
Paints and coatings,Motion Picture and Broadcasting Activities,0,0,0,0,0,0
Soap and detergents,Motion Picture and Broadcasting Activities,0,0,0,0,0,0
Other chemical products,Motion Picture and Broadcasting Activities,0,0,25,0.095514633,25,0.095514633
Industrial gases and fertilizers,Motion Picture and Broadcasting Activities,0,0,0,0,0,0
Petrochemicals,Motion Picture and Broadcasting Activities,0,0,0,0,0,0
Dyestuffs and agro-chemicals,Motion Picture and Broadcasting Activities,0,0,6,0.022923511882020325,6,0.022923511882020325
Pharmaceutical products,Motion Picture and Broadcasting Activities,0,0,0,0,0,0
Rubber and plastic products,Motion Picture and Broadcasting Activities,0,0,0,0,0,0
Cement and concrete products,Motion Picture and Broadcasting Activities,0,0,0,0,0,0
"Glass, ceramic and stone products",Motion Picture and Broadcasting Activities,0,0,0,0,0,0
Basic iron and steel,Motion Picture and Broadcasting Activities,0,0,0,0,0,0
Other basic metals and casting,Motion Picture and Broadcasting Activities,0,0,0,0,0,0
Weapons and ammunition,Motion Picture and Broadcasting Activities,0,0,0,0,0,0
Other fabricated metal products,Motion Picture and Broadcasting Activities,0,0,0,0,0,0
Computer and electronic products,Motion Picture and Broadcasting Activities,1358,5.188354855963934,36,0.13754107129212195,1394,5.325895927256056
Electrical equipment,Motion Picture and Broadcasting Activities,0,0,79,0.3018262397799343,79,0.3018262397799343
Other machinery and equipment,Motion Picture and Broadcasting Activities,0,0,2,0.007641171,2,0.007641171
Motor vehicles,Motion Picture and Broadcasting Activities,0,0,1,0.003820585,1,0.003820585
Ships and boats,Motion Picture and Broadcasting Activities,0,0,0,0,0,0
Aircraft and spacecraft products,Motion Picture and Broadcasting Activities,0,0,0,0,0,0
Other Transport Equipment,Motion Picture and Broadcasting Activities,0,0,0,0,0,0
Furniture,Motion Picture and Broadcasting Activities,0,0,0,0,0,0
Other manufactured goods,Motion Picture and Broadcasting Activities,4,0.015282341254680218,123,0.4699319935814167,127,0.4852143348360969
Ship and boat repair and maintenance,Motion Picture and Broadcasting Activities,0,0,0,0,0,0
Air and spacecraft repair and maintenance,Motion Picture and Broadcasting Activities,0,0,0,0,0,0
Other repair services,Motion Picture and Broadcasting Activities,0,0,118,0.45082906701306646,118,0.45082906701306646
Electricity services,Motion Picture and Broadcasting Activities,1,0.003820585,137,0.5234201879727974,138,0.5272407732864675
"Mains gas, steam and air conditioning services",Motion Picture and Broadcasting Activities,0,0,15,0.05730878,15,0.05730878
Water services,Motion Picture and Broadcasting Activities,0,0,9,0.034385268,9,0.034385268
Sewerage services,Motion Picture and Broadcasting Activities,0,0,4,0.015282341254680218,4,0.015282341254680218
Waste collection and treatment services,Motion Picture and Broadcasting Activities,1,0.003820585,8,0.030564682509360435,9,0.034385268
Remediation and waste management services,Motion Picture and Broadcasting Activities,0,0,2,0.007641171,2,0.007641171
Construction services,Motion Picture and Broadcasting Activities,0,0,9,0.034385268,9,0.034385268
Motor vehicle trade services,Motion Picture and Broadcasting Activities,0,0,8,0.030564682509360435,8,0.030564682509360435
Wholesale trade services,Motion Picture and Broadcasting Activities,0,0,670,2.5597921601589366,670,2.5597921601589366
Retail trade services,Motion Picture and Broadcasting Activities,0,0,1022,3.904638190570795,1022,3.904638190570795
Rail transport services,Motion Picture and Broadcasting Activities,0,0,0,0,0,0
Land transport services,Motion Picture and Broadcasting Activities,27,0.10315580346909145,53,0.20249102162451285,80,0.3056468250936043
Water transport services,Motion Picture and Broadcasting Activities,0,0,0,0,0,0
Air transport services,Motion Picture and Broadcasting Activities,12,0.045847024,6,0.022923511882020325,18,0.068770536
Warehousing services,Motion Picture and Broadcasting Activities,1,0.003820585,25,0.095514633,26,0.099335218
Postal and courier services,Motion Picture and Broadcasting Activities,0,0,155,0.5921907236188584,155,0.5921907236188584
Accommodation services,Motion Picture and Broadcasting Activities,64,0.24451746007488348,43,0.16428516848781233,107,0.4088026285626958
Food and beverage services,Motion Picture and Broadcasting Activities,62,0.23687628944754338,408,1.5587988079773822,470,1.7956750974249256
Publishing services,Motion Picture and Broadcasting Activities,0,0,0,0,0,0
Media Production services,Motion Picture and Broadcasting Activities,3021,11.541988232597234,8168,31.206540842057002,11189,42.748529074654236
Telecommunications services,Motion Picture and Broadcasting Activities,42,0.16046458317414228,97,0.3705967754259953,139,0.5310613586001376
Computer programming services,Motion Picture and Broadcasting Activities,79,0.3018262397799343,331,1.264613738824788,410,1.5664399786047223
Information services,Motion Picture and Broadcasting Activities,16,0.061129365,58,0.22159394819286315,74,0.282723313
Financial services (excl. insurance and pensions),Motion Picture and Broadcasting Activities,71,0.2712615572705739,192,0.7335523802246504,263,1.0048139374952243
Insurance and pension services,Motion Picture and Broadcasting Activities,0,0,192,0.7335523802246504,192,0.7335523802246504
Auxiliary financial services,Motion Picture and Broadcasting Activities,1,0.003820585,23,0.087873462,24,0.091694048
Real estate services,Motion Picture and Broadcasting Activities,1,0.003820585,3,0.011461755941010163,4,0.015282341254680218
Owner-occupier housing services,Motion Picture and Broadcasting Activities,0,0,0,0,0,0
Other real estate services,Motion Picture and Broadcasting Activities,1,0.003820585,691,2.6400244517460076,692,2.6438450370596778
Legal services,Motion Picture and Broadcasting Activities,45,0.17192633911515243,403,1.5396958814090318,448,1.7116222205241842
Accounting and tax services,Motion Picture and Broadcasting Activities,12,0.045847024,295,1.1270726675326659,307,1.1729196912967066
Management consulting services,Motion Picture and Broadcasting Activities,338,1.2913578360204783,0,0,338,1.2913578360204783
Architectural and engineering services,Motion Picture and Broadcasting Activities,1,0.003820585,120,0.45847023764040656,121,0.46229082295407664
Scientific research and development services,Motion Picture and Broadcasting Activities,0,0,0,0,0,0
Advertising and market research services,Motion Picture and Broadcasting Activities,166,0.634217162,2604,9.948804156796822,2770,10.58302131886605
Other scientific and technical services,Motion Picture and Broadcasting Activities,727,2.7775655230381293,690,2.6362038664323375,1417,5.413769389470467
Veterinary services,Motion Picture and Broadcasting Activities,0,0,4,0.015282341254680218,4,0.015282341254680218
Rental and leasing services,Motion Picture and Broadcasting Activities,235,0.8978375487124627,13,0.049667609,248,0.9475051577901734
Employment services,Motion Picture and Broadcasting Activities,30,0.11461755941010164,97,0.3705967754259953,127,0.48521433483609694
Travel services,Motion Picture and Broadcasting Activities,1,0.003820585,13,0.049667609,14,0.053488194
Security services,Motion Picture and Broadcasting Activities,0,0,57,0.2177733628791931,57,0.2177733628791931
Building and landscape services,Motion Picture and Broadcasting Activities,0,0,57,0.2177733628791931,57,0.2177733628791931
Office support services,Motion Picture and Broadcasting Activities,452,1.7269045617788648,1,0.003820585,453,1.7307251470925349
Public administration services (including defence),Motion Picture and Broadcasting Activities,3,0.011461755941010163,7,0.026744097195690382,10,0.038205853136700545
Education services,Motion Picture and Broadcasting Activities,2,0.007641171,22,0.084052877,24,0.091694048
Health services,Motion Picture and Broadcasting Activities,0,0,4,0.015282341254680218,4,0.015282341254680218
Residential and social care services,Motion Picture and Broadcasting Activities,0,0,0,0,0,0
Arts and entertainment services,Motion Picture and Broadcasting Activities,114,0.4355467257583862,855,3.266600443187896,969,3.7021471689462824
Libraries and other cultural services,Motion Picture and Broadcasting Activities,2,0.007641171,1,0.003820585,3,0.011461755941010163
Gambling services,Motion Picture and Broadcasting Activities,0,0,0,0,0,0
Sports and recreation services,Motion Picture and Broadcasting Activities,0,0,168,0.6418583326965691,168,0.6418583326965691
Membership services,Motion Picture and Broadcasting Activities,0,0,190,0.7259112095973104,190,0.7259112095973104
Computer repair services,Motion Picture and Broadcasting Activities,5,0.019102926568350272,0,0,5,0.019102926568350272
Other personal services,Motion Picture and Broadcasting Activities,34,0.12989990066478185,468,1.7880339267975855,502,1.9179338274623674
Agriculture products,Telecommunications,0,0,0,0,0,0
Forestry products,Telecommunications,0,0,0,0,0,0
Fishing products,Telecommunications,0,0,0,0,0,0
Coal and lignite,Telecommunications,0,0,0,0,0,0
"Petroleum, natural gas and mining of metal ores",Telecommunications,0,0,0,0,0,0
Other mining products,Telecommunications,0,0,0,0,0,0
Mining support services,Telecommunications,0,0,0,0,0,0
Meat and preserved meat products,Telecommunications,0,0,12,0.053688872981074665,12,0.053688872981074665
"Fish, seafood, fruit and vegetables",Telecommunications,0,0,8,0.035792582,8,0.035792582
Oils and fats,Telecommunications,0,0,2,0.008948145,2,0.008948145
Dairy products,Telecommunications,0,0,7,0.031318509,7,0.031318509
Grain mill and starch products,Telecommunications,0,0,0,0,0,0
Bakery products,Telecommunications,0,0,10,0.044740727484228894,10,0.044740727484228894
Other food products,Telecommunications,0,0,5,0.022370363742114447,5,0.022370363742114447
Animal feeds,Telecommunications,0,0,0,0,0,0
Alcoholic beverages and tobacco,Telecommunications,0,0,0,0,0,0
Soft drinks,Telecommunications,0,0,0,0,0,0
Textiles,Telecommunications,0,0,0,0,0,0
Clothing,Telecommunications,0,0,0,0,0,0
Leather products,Telecommunications,0,0,0,0,0,0
Wood products (excl. furniture),Telecommunications,0,0,0,0,0,0
Paper products,Telecommunications,1,0.004474073,36,0.16106661894322402,37,0.16554069169164692
Printing and recording services,Telecommunications,0,0,66,0.29528880139591074,66,0.29528880139591074
Coke and refined petroleum products,Telecommunications,1,0.004474073,58,0.2594962194085276,59,0.26397029215695045
Paints and coatings,Telecommunications,0,0,0,0,0,0
Soap and detergents,Telecommunications,0,0,0,0,0,0
Other chemical products,Telecommunications,0,0,0,0,0,0
Industrial gases and fertilizers,Telecommunications,0,0,0,0,0,0
Petrochemicals,Telecommunications,0,0,0,0,0,0
Dyestuffs and agro-chemicals,Telecommunications,0,0,0,0,0,0
Pharmaceutical products,Telecommunications,0,0,0,0,0,0
Rubber and plastic products,Telecommunications,7,0.031318509,8,0.035792582,15,0.067111091
Cement and concrete products,Telecommunications,0,0,0,0,0,0
"Glass, ceramic and stone products",Telecommunications,0,0,0,0,0,0
Basic iron and steel,Telecommunications,0,0,0,0,0,0
Other basic metals and casting,Telecommunications,0,0,7,0.031318509,7,0.031318509
Weapons and ammunition,Telecommunications,0,0,0,0,0,0
Other fabricated metal products,Telecommunications,0,0,0,0,0,0
Computer and electronic products,Telecommunications,671,3.0021028141917587,2061,9.221063934499576,2732,12.223166748691334
Electrical equipment,Telecommunications,90,0.40266654735806007,123,0.5503109480560154,213,0.9529774954140755
Other machinery and equipment,Telecommunications,2,0.008948145,71,0.3176591651380251,73,0.3266073106348709
Motor vehicles,Telecommunications,0,0,33,0.14764440069795537,33,0.14764440069795537
Ships and boats,Telecommunications,0,0,0,0,0,0
Aircraft and spacecraft products,Telecommunications,0,0,0,0,0,0
Other Transport Equipment,Telecommunications,0,0,0,0,0,0
Furniture,Telecommunications,0,0,0,0,0,0
Other manufactured goods,Telecommunications,11,0.0492148,0,0,11,0.0492148
Ship and boat repair and maintenance,Telecommunications,0,0,0,0,0,0
Air and spacecraft repair and maintenance,Telecommunications,0,0,0,0,0,0
Other repair services,Telecommunications,5,0.022370363742114447,744,3.3287101248266295,749,3.351080488568744
Electricity services,Telecommunications,1,0.004474073,572,2.559169612097893,573,2.563643684846316
"Mains gas, steam and air conditioning services",Telecommunications,0,0,14,0.062637018,14,0.062637018
Water services,Telecommunications,0,0,12,0.053688872981074665,12,0.053688872981074665
Sewerage services,Telecommunications,0,0,2,0.008948145,2,0.008948145
Waste collection and treatment services,Telecommunications,0,0,4,0.017896291,4,0.017896291
Remediation and waste management services,Telecommunications,0,0,0,0,0,0
Construction services,Telecommunications,4,0.017896291,120,0.5368887298107466,124,0.5547850208044383
Motor vehicle trade services,Telecommunications,1,0.004474073,15,0.067111091,16,0.071585164
Wholesale trade services,Telecommunications,1,0.004474073,773,3.4584582345308936,774,3.4629323072793166
Retail trade services,Telecommunications,0,0,229,1.0245626593888417,229,1.0245626593888417
Rail transport services,Telecommunications,0,0,0,0,0,0
Land transport services,Telecommunications,6,0.026844436490537332,54,0.24159992841483602,60,0.2684443649053734
Water transport services,Telecommunications,0,0,0,0,0,0
Air transport services,Telecommunications,2,0.008948145,9,0.040266654735806005,11,0.0492148
Warehousing services,Telecommunications,8,0.035792582,212,0.9485034226656525,220,0.9842960046530356
Postal and courier services,Telecommunications,1,0.004474073,121,0.5413628025591697,122,0.5458368753075926
Accommodation services,Telecommunications,0,0,0,0,0,0
Food and beverage services,Telecommunications,5,0.022370363742114447,54,0.24159992841483602,59,0.26397029215695045
Publishing services,Telecommunications,0,0,0,0,0,0
Media Production services,Telecommunications,0,0,0,0,0,0
Telecommunications services,Telecommunications,3161,14.142543957764753,1314,5.878931591427676,4475,20.02147554919243
Computer programming services,Telecommunications,232,1.0379848776341103,1475,6.599257303923761,1707,7.6372421815578715
Information services,Telecommunications,71,0.3176591651380251,1669,7.467227417117803,1740,7.784886582255828
Financial services (excl. insurance and pensions),Telecommunications,64,0.28634065589906493,560,2.505480739116818,624,2.791821395015883
Insurance and pension services,Telecommunications,0,0,138,0.6174220392823587,138,0.6174220392823587
Auxiliary financial services,Telecommunications,11,0.0492148,262,1.1722070600867969,273,1.2214218603194487
Real estate services,Telecommunications,4,0.017896291,497,2.223614155966176,501,2.2415104469598677
Owner-occupier housing services,Telecommunications,0,0,0,0,0,0
Other real estate services,Telecommunications,3,0.013422218245268666,1108,4.9572726052525615,1111,4.970694823
Legal services,Telecommunications,41,0.18343698268533845,278,1.2437922240615633,319,1.4272292067469017
Accounting and tax services,Telecommunications,11,0.0492148,424,1.897006845331305,435,1.9462216455639567
Management consulting services,Telecommunications,459,2.0535993915261064,1502,6.720057268,1961,8.773656659657286
Architectural and engineering services,Telecommunications,26,0.11632589145899512,14,0.062637018,40,0.17896290993691558
Scientific research and development services,Telecommunications,0,0,0,0,0,0
Advertising and market research services,Telecommunications,352,1.5748736074448573,485,2.1699252829851012,837,3.7447988904299585
Other scientific and technical services,Telecommunications,0,0,17,0.076059237,17,0.076059237
Veterinary services,Telecommunications,0,0,0,0,0,0
Rental and leasing services,Telecommunications,16,0.071585164,116,0.5189924388170551,132,0.5905776027918214
Employment services,Telecommunications,20,0.089481455,231,1.0335108048856874,251,1.122992259854145
Travel services,Telecommunications,0,0,14,0.062637018,14,0.062637018
Security services,Telecommunications,0,0,0,0,0,0
Building and landscape services,Telecommunications,0,0,0,0,0,0
Office support services,Telecommunications,1343,6.008679701,0,0,1343,6.008679701
Public administration services (including defence),Telecommunications,4,0.017896291,17,0.076059237,21,0.093955528
Education services,Telecommunications,8,0.035792582,145,0.648740549,153,0.6845331305087021
Health services,Telecommunications,0,0,0,0,0,0
Residential and social care services,Telecommunications,0,0,0,0,0,0
Arts and entertainment services,Telecommunications,0,0,0,0,0,0
Libraries and other cultural services,Telecommunications,0,0,0,0,0,0
Gambling services,Telecommunications,0,0,0,0,0,0
Sports and recreation services,Telecommunications,0,0,0,0,0,0
Membership services,Telecommunications,0,0,0,0,0,0
Computer repair services,Telecommunications,0,0,0,0,0,0
Other personal services,Telecommunications,0,0,0,0,0,0
Agriculture products,Computer Programming and Consultancy,0,0,0,0,0,0
Forestry products,Computer Programming and Consultancy,0,0,0,0,0,0
Fishing products,Computer Programming and Consultancy,0,0,0,0,0,0
Coal and lignite,Computer Programming and Consultancy,0,0,0,0,0,0
"Petroleum, natural gas and mining of metal ores",Computer Programming and Consultancy,0,0,0,0,0,0
Other mining products,Computer Programming and Consultancy,0,0,0,0,0,0
Mining support services,Computer Programming and Consultancy,0,0,0,0,0,0
Meat and preserved meat products,Computer Programming and Consultancy,0,0,67,0.16079485456465392,67,0.16079485456465392
"Fish, seafood, fruit and vegetables",Computer Programming and Consultancy,0,0,44,0.10559662090813093,44,0.10559662090813093
Oils and fats,Computer Programming and Consultancy,0,0,5,0.011999616012287606,5,0.011999616012287606
Dairy products,Computer Programming and Consultancy,1,0.002399923,42,0.1007967745032159,43,0.10319669770567343
Grain mill and starch products,Computer Programming and Consultancy,0,0,0,0,0,0
Bakery products,Computer Programming and Consultancy,0,0,57,0.13679562254007874,57,0.13679562254007874
Other food products,Computer Programming and Consultancy,12,0.028799078429490258,13,0.031199002,25,0.05999808
Animal feeds,Computer Programming and Consultancy,0,0,0,0,0,0
Alcoholic beverages and tobacco,Computer Programming and Consultancy,0,0,0,0,0,0
Soft drinks,Computer Programming and Consultancy,0,0,0,0,0,0
Textiles,Computer Programming and Consultancy,0,0,0,0,0,0
Clothing,Computer Programming and Consultancy,0,0,0,0,0,0
Leather products,Computer Programming and Consultancy,0,0,0,0,0,0
Wood products (excl. furniture),Computer Programming and Consultancy,0,0,0,0,0,0
Paper products,Computer Programming and Consultancy,26,0.062398003,131,0.3143899395219353,157,0.37678794278583083
Printing and recording services,Computer Programming and Consultancy,0,0,0,0,0,0
Coke and refined petroleum products,Computer Programming and Consultancy,2,0.004799846,42,0.1007967745032159,44,0.10559662090813095
Paints and coatings,Computer Programming and Consultancy,0,0,0,0,0,0
Soap and detergents,Computer Programming and Consultancy,0,0,0,0,0,0
Other chemical products,Computer Programming and Consultancy,0,0,0,0,0,0
Industrial gases and fertilizers,Computer Programming and Consultancy,0,0,0,0,0,0
Petrochemicals,Computer Programming and Consultancy,0,0,0,0,0,0
Dyestuffs and agro-chemicals,Computer Programming and Consultancy,0,0,0,0,0,0
Pharmaceutical products,Computer Programming and Consultancy,0,0,0,0,0,0
Rubber and plastic products,Computer Programming and Consultancy,28,0.06719785,29,0.069597773,57,0.1367956225400787
Cement and concrete products,Computer Programming and Consultancy,0,0,0,0,0,0
"Glass, ceramic and stone products",Computer Programming and Consultancy,0,0,0,0,0,0
Basic iron and steel,Computer Programming and Consultancy,0,0,0,0,0,0
Other basic metals and casting,Computer Programming and Consultancy,0,0,0,0,0,0
Weapons and ammunition,Computer Programming and Consultancy,0,0,0,0,0,0
Other fabricated metal products,Computer Programming and Consultancy,0,0,0,0,0,0
Computer and electronic products,Computer Programming and Consultancy,251,0.6023807238168378,588,1.4111548430450225,839,2.013535567
Electrical equipment,Computer Programming and Consultancy,60,0.1439953921474513,0,0,60,0.1439953921474513
Other machinery and equipment,Computer Programming and Consultancy,0,0,0,0,0,0
Motor vehicles,Computer Programming and Consultancy,32,0.076797542,12,0.028799078429490258,44,0.10559662090813093
Ships and boats,Computer Programming and Consultancy,0,0,0,0,0,0
Aircraft and spacecraft products,Computer Programming and Consultancy,0,0,0,0,0,0
Other Transport Equipment,Computer Programming and Consultancy,0,0,0,0,0,0
Furniture,Computer Programming and Consultancy,0,0,0,0,0,0
Other manufactured goods,Computer Programming and Consultancy,26,0.062398003,28,0.06719785,54,0.12959585293270615
Ship and boat repair and maintenance,Computer Programming and Consultancy,0,0,0,0,0,0
Air and spacecraft repair and maintenance,Computer Programming and Consultancy,0,0,0,0,0,0
Other repair services,Computer Programming and Consultancy,20,0.047998464049150424,142,0.340789095,162,0.38878755879811844
Electricity services,Computer Programming and Consultancy,1,0.002399923,466,1.1183642123452049,467,1.1207641355476623
"Mains gas, steam and air conditioning services",Computer Programming and Consultancy,0,0,19,0.045598541,19,0.045598541
Water services,Computer Programming and Consultancy,0,0,13,0.031199002,13,0.031199002
Sewerage services,Computer Programming and Consultancy,0,0,7,0.016799462,7,0.016799462
Waste collection and treatment services,Computer Programming and Consultancy,16,0.038398771,0,0,16,0.038398771
Remediation and waste management services,Computer Programming and Consultancy,0,0,0,0,0,0
Construction services,Computer Programming and Consultancy,2,0.004799846,7,0.016799462,9,0.021599309
Motor vehicle trade services,Computer Programming and Consultancy,3,0.00719977,39,0.093597005,42,0.10079677450321589
Wholesale trade services,Computer Programming and Consultancy,34,0.081597389,476,1.142363444,510,1.2239608332533358
Retail trade services,Computer Programming and Consultancy,0,0,204,0.4895843333013344,204,0.4895843333013344
Rail transport services,Computer Programming and Consultancy,0,0,0,0,0,0
Land transport services,Computer Programming and Consultancy,55,0.13199577613516367,13,0.031199002,68,0.16319477776711144
Water transport services,Computer Programming and Consultancy,0,0,0,0,0,0
Air transport services,Computer Programming and Consultancy,0,0,0,0,0,0
Warehousing services,Computer Programming and Consultancy,9,0.021599308822117694,814,1.9535374868004225,823,1.9751367956225403
Postal and courier services,Computer Programming and Consultancy,12,0.028799078429490258,201,0.48238456369396177,213,0.511183642
Accommodation services,Computer Programming and Consultancy,132,0.31678986272439286,158,0.3791878659882884,290,0.6959777287126813
Food and beverage services,Computer Programming and Consultancy,103,0.2471920898531247,280,0.6719784966881059,383,0.9191705865412306
Publishing services,Computer Programming and Consultancy,200,0.47998464049150424,0,0,200,0.47998464049150424
Media Production services,Computer Programming and Consultancy,0,0,0,0,0,0
Telecommunications services,Computer Programming and Consultancy,718,1.7231448593645005,296,0.7103772679274263,1014,2.4335221272919267
Computer programming services,Computer Programming and Consultancy,2566,6.158202938,13676,32.82134971680906,16242,38.97955265431506
Information services,Computer Programming and Consultancy,760,1.8239416338677163,288,0.6911778823077662,1048,2.5151195161754827
Financial services (excl. insurance and pensions),Computer Programming and Consultancy,256,0.6143803398291254,456,1.09436498,712,1.7087453201497553
Insurance and pension services,Computer Programming and Consultancy,0,0,258,0.6191801862340405,258,0.6191801862340405
Auxiliary financial services,Computer Programming and Consultancy,127,0.30479024671210525,1033,2.4791206681386195,1160,2.7839109148507246
Real estate services,Computer Programming and Consultancy,0,0,0,0,0,0
Owner-occupier housing services,Computer Programming and Consultancy,0,0,0,0,0,0
Other real estate services,Computer Programming and Consultancy,6,0.014399539214745129,2705,6.4917922626475955,2711,6.506191802
Legal services,Computer Programming and Consultancy,63,0.15119516175482386,1653,3.967073053662283,1716,4.118268215417107
Accounting and tax services,Computer Programming and Consultancy,78,0.18719400979168666,2915,6.995776135163674,2993,7.182970144955361
Management consulting services,Computer Programming and Consultancy,1221,2.9303062302006335,1,0.002399923,1222,2.932706153403091
Architectural and engineering services,Computer Programming and Consultancy,5,0.011999616012287606,1,0.002399923,6,0.014399539214745127
Scientific research and development services,Computer Programming and Consultancy,0,0,0,0,0,0
Advertising and market research services,Computer Programming and Consultancy,301,0.722376884,1738,4.171066525871172,2039,4.893443409810886
Other scientific and technical services,Computer Programming and Consultancy,0,0,520,1.247960065277911,520,1.247960065277911
Veterinary services,Computer Programming and Consultancy,0,0,0,0,0,0
Rental and leasing services,Computer Programming and Consultancy,404,0.9695689737928386,1,0.002399923,405,0.9719688969952961
Employment services,Computer Programming and Consultancy,446,1.0703657482960545,492,1.1807622156091004,938,2.251127963905155
Travel services,Computer Programming and Consultancy,0,0,0,0,0,0
Security services,Computer Programming and Consultancy,0,0,12,0.028799078429490258,12,0.028799078429490258
Building and landscape services,Computer Programming and Consultancy,1,0.002399923,615,1.4759527695113757,616,1.478352692713833
Office support services,Computer Programming and Consultancy,2569,6.165402707113373,1,0.002399923,2570,6.16780263
Public administration services (including defence),Computer Programming and Consultancy,18,0.043198618,0,0,18,0.043198618
Education services,Computer Programming and Consultancy,92,0.22079293462609195,454,1.0895651339157149,546,1.3103580685418068
Health services,Computer Programming and Consultancy,0,0,0,0,0,0
Residential and social care services,Computer Programming and Consultancy,0,0,0,0,0,0
Arts and entertainment services,Computer Programming and Consultancy,0,0,0,0,0,0
Libraries and other cultural services,Computer Programming and Consultancy,0,0,0,0,0,0
Gambling services,Computer Programming and Consultancy,0,0,0,0,0,0
Sports and recreation services,Computer Programming and Consultancy,0,0,0,0,0,0
Membership services,Computer Programming and Consultancy,0,0,0,0,0,0
Computer repair services,Computer Programming and Consultancy,0,0,0,0,0,0
Other personal services,Computer Programming and Consultancy,0,0,0,0,0,0
Agriculture products,Information Service Activities,0,0,0,0,0,0
Forestry products,Information Service Activities,0,0,0,0,0,0
Fishing products,Information Service Activities,0,0,0,0,0,0
Coal and lignite,Information Service Activities,0,0,0,0,0,0
"Petroleum, natural gas and mining of metal ores",Information Service Activities,0,0,0,0,0,0
Other mining products,Information Service Activities,0,0,0,0,0,0
Mining support services,Information Service Activities,0,0,0,0,0,0
Meat and preserved meat products,Information Service Activities,0,0,8,0.12183978068839477,8,0.12183978068839477
"Fish, seafood, fruit and vegetables",Information Service Activities,0,0,6,0.091379836,6,0.091379836
Oils and fats,Information Service Activities,0,0,0,0,0,0
Dairy products,Information Service Activities,0,0,6,0.091379836,6,0.091379836
Grain mill and starch products,Information Service Activities,0,0,0,0,0,0
Bakery products,Information Service Activities,0,0,5,0.076149863,5,0.076149863
Other food products,Information Service Activities,0,0,4,0.06091989,4,0.06091989
Animal feeds,Information Service Activities,0,0,0,0,0,0
Alcoholic beverages and tobacco,Information Service Activities,0,0,0,0,0,0
Soft drinks,Information Service Activities,0,0,0,0,0,0
Textiles,Information Service Activities,0,0,0,0,0,0
Clothing,Information Service Activities,0,0,0,0,0,0
Leather products,Information Service Activities,0,0,0,0,0,0
Wood products (excl. furniture),Information Service Activities,0,0,0,0,0,0
Paper products,Information Service Activities,2,0.030459945,417,6.3508985683825765,419,6.381358513554675
Printing and recording services,Information Service Activities,0,0,0,0,0,0
Coke and refined petroleum products,Information Service Activities,0,0,3,0.045689917758148034,3,0.045689917758148034
Paints and coatings,Information Service Activities,0,0,0,0,0,0
Soap and detergents,Information Service Activities,0,0,0,0,0,0
Other chemical products,Information Service Activities,0,0,0,0,0,0
Industrial gases and fertilizers,Information Service Activities,0,0,0,0,0,0
Petrochemicals,Information Service Activities,0,0,0,0,0,0
Dyestuffs and agro-chemicals,Information Service Activities,0,0,0,0,0,0
Pharmaceutical products,Information Service Activities,0,0,0,0,0,0
Rubber and plastic products,Information Service Activities,0,0,0,0,0,0
Cement and concrete products,Information Service Activities,0,0,0,0,0,0
"Glass, ceramic and stone products",Information Service Activities,0,0,0,0,0,0
Basic iron and steel,Information Service Activities,0,0,0,0,0,0
Other basic metals and casting,Information Service Activities,0,0,0,0,0,0
Weapons and ammunition,Information Service Activities,0,0,0,0,0,0
Other fabricated metal products,Information Service Activities,0,0,0,0,0,0
Computer and electronic products,Information Service Activities,226,3.4419738044471524,0,0,226,3.4419738044471524
Electrical equipment,Information Service Activities,8,0.12183978068839477,0,0,8,0.12183978068839477
Other machinery and equipment,Information Service Activities,0,0,0,0,0,0
Motor vehicles,Information Service Activities,0,0,23,0.3502893694791349,23,0.3502893694791349
Ships and boats,Information Service Activities,0,0,0,0,0,0
Aircraft and spacecraft products,Information Service Activities,0,0,0,0,0,0
Other Transport Equipment,Information Service Activities,0,0,0,0,0,0
Furniture,Information Service Activities,0,0,0,0,0,0
Other manufactured goods,Information Service Activities,0,0,4,0.06091989,4,0.06091989
Ship and boat repair and maintenance,Information Service Activities,0,0,0,0,0,0
Air and spacecraft repair and maintenance,Information Service Activities,0,0,0,0,0,0
Other repair services,Information Service Activities,4,0.06091989,108,1.6448370392933294,112,1.7057569296375268
Electricity services,Information Service Activities,0,0,179,2.726165092902833,179,2.726165092902833
"Mains gas, steam and air conditioning services",Information Service Activities,0,0,18,0.27413950654888825,18,0.27413950654888825
Water services,Information Service Activities,0,0,7,0.10660980810234541,7,0.10660980810234541
Sewerage services,Information Service Activities,0,0,2,0.030459945,2,0.030459945
Waste collection and treatment services,Information Service Activities,0,0,9,0.13706975327444412,9,0.13706975327444412
Remediation and waste management services,Information Service Activities,0,0,0,0,0,0
Construction services,Information Service Activities,0,0,36,0.5482790130977765,36,0.5482790130977765
Motor vehicle trade services,Information Service Activities,0,0,26,0.39597928723728293,26,0.39597928723728293
Wholesale trade services,Information Service Activities,1,0.015229972586049346,201,3.061224489795918,202,3.0764544623819674
Retail trade services,Information Service Activities,0,0,44,0.6701187937861712,44,0.6701187937861712
Rail transport services,Information Service Activities,0,0,0,0,0,0
Land transport services,Information Service Activities,5,0.076149863,13,0.19798964361864146,18,0.2741395065488882
Water transport services,Information Service Activities,0,0,0,0,0,0
Air transport services,Information Service Activities,1,0.015229972586049346,1,0.015229972586049346,2,0.030459945
Warehousing services,Information Service Activities,0,0,0,0,0,0
Postal and courier services,Information Service Activities,0,0,199,3.030764545,199,3.030764545
Accommodation services,Information Service Activities,0,0,0,0,0,0
Food and beverage services,Information Service Activities,9,0.13706975327444412,15,0.22844958879074018,24,0.3655193420651843
Publishing services,Information Service Activities,0,0,0,0,0,0
Media Production services,Information Service Activities,0,0,0,0,0,0
Telecommunications services,Information Service Activities,26,0.39597928723728293,273,4.157782515991471,299,4.553761803228754
Computer programming services,Information Service Activities,165,2.5129454766981416,734,11.17879987816022,899,13.691745354858362
Information services,Information Service Activities,146,2.2235759975632043,195,2.9698446542796226,341,5.1934206518428265
Financial services (excl. insurance and pensions),Information Service Activities,15,0.22844958879074018,87,1.325007614986293,102,1.5534572037770333
Insurance and pension services,Information Service Activities,0,0,46,0.7005787389582698,46,0.7005787389582698
Auxiliary financial services,Information Service Activities,4,0.06091989,21,0.31982942430703626,25,0.38074931465123363
Real estate services,Information Service Activities,0,0,0,0,0,0
Owner-occupier housing services,Information Service Activities,0,0,0,0,0,0
Other real estate services,Information Service Activities,0,0,0,0,0,0
Legal services,Information Service Activities,8,0.12183978068839477,575,8.757234236978373,583,8.879074017666769
Accounting and tax services,Information Service Activities,3,0.045689917758148034,109,1.6600670118793786,112,1.7057569296375266
Management consulting services,Information Service Activities,81,1.2336277794699968,1064,16.204690831556505,1145,17.438318611026503
Architectural and engineering services,Information Service Activities,1,0.015229972586049346,0,0,1,0.015229972586049346
Scientific research and development services,Information Service Activities,0,0,0,0,0,0
Advertising and market research services,Information Service Activities,56,0.8528784648187633,326,4.9649710630520865,382,5.817849528
Other scientific and technical services,Information Service Activities,0,0,146,2.2235759975632043,146,2.2235759975632043
Veterinary services,Information Service Activities,0,0,0,0,0,0
Rental and leasing services,Information Service Activities,5,0.076149863,77,1.1727078891257996,82,1.2488577520560464
Employment services,Information Service Activities,15,0.22844958879074018,267,4.066402680475175,282,4.294852269265915
Travel services,Information Service Activities,0,0,0,0,0,0
Security services,Information Service Activities,0,0,39,0.5939689308559245,39,0.5939689308559245
Building and landscape services,Information Service Activities,0,0,256,3.8988729820286325,256,3.8988729820286325
Office support services,Information Service Activities,232,3.5333536399634484,0,0,232,3.5333536399634484
Public administration services (including defence),Information Service Activities,3,0.045689917758148034,0,0,3,0.045689917758148034
Education services,Information Service Activities,0,0,0,0,0,0
Health services,Information Service Activities,0,0,0,0,0,0
Residential and social care services,Information Service Activities,0,0,0,0,0,0
Arts and entertainment services,Information Service Activities,0,0,0,0,0,0
Libraries and other cultural services,Information Service Activities,0,0,0,0,0,0
Gambling services,Information Service Activities,0,0,0,0,0,0
Sports and recreation services,Information Service Activities,0,0,0,0,0,0
Membership services,Information Service Activities,1,0.015229972586049346,0,0,1,0.015229972586049346
Computer repair services,Information Service Activities,0,0,0,0,0,0
Other personal services,Information Service Activities,0,0,0,0,0,0
Agriculture products,Financial Services Activities (excl. insurance and pensions),0,0,0,0,0,0
Forestry products,Financial Services Activities (excl. insurance and pensions),0,0,0,0,0,0
Fishing products,Financial Services Activities (excl. insurance and pensions),0,0,0,0,0,0
Coal and lignite,Financial Services Activities (excl. insurance and pensions),0,0,0,0,0,0
"Petroleum, natural gas and mining of metal ores",Financial Services Activities (excl. insurance and pensions),0,0,0,0,0,0
Other mining products,Financial Services Activities (excl. insurance and pensions),0,0,0,0,0,0
Mining support services,Financial Services Activities (excl. insurance and pensions),0,0,0,0,0,0
Meat and preserved meat products,Financial Services Activities (excl. insurance and pensions),0,0,11,0.013980148,11,0.013980148
"Fish, seafood, fruit and vegetables",Financial Services Activities (excl. insurance and pensions),0,0,50,0.063546128,50,0.063546128
Oils and fats,Financial Services Activities (excl. insurance and pensions),0,0,11,0.013980148,11,0.013980148
Dairy products,Financial Services Activities (excl. insurance and pensions),0,0,27,0.034314909,27,0.034314909
Grain mill and starch products,Financial Services Activities (excl. insurance and pensions),0,0,0,0,0,0
Bakery products,Financial Services Activities (excl. insurance and pensions),0,0,29,0.036856754,29,0.036856754
Other food products,Financial Services Activities (excl. insurance and pensions),0,0,63,0.080068121,63,0.080068121
Animal feeds,Financial Services Activities (excl. insurance and pensions),0,0,0,0,0,0
Alcoholic beverages and tobacco,Financial Services Activities (excl. insurance and pensions),0,0,15,0.019063838,15,0.019063838
Soft drinks,Financial Services Activities (excl. insurance and pensions),0,0,29,0.036856754,29,0.036856754
Textiles,Financial Services Activities (excl. insurance and pensions),11,0.013980148,6,0.007625535,17,0.021605684
Clothing,Financial Services Activities (excl. insurance and pensions),0,0,9,0.011438303064194298,9,0.011438303064194298
Leather products,Financial Services Activities (excl. insurance and pensions),2,0.002541845,6,0.007625535,8,0.010167380501506043
Wood products (excl. furniture),Financial Services Activities (excl. insurance and pensions),3,0.003812768,3,0.003812768,6,0.007625535
Paper products,Financial Services Activities (excl. insurance and pensions),2,0.002541845,201,0.25545543510033936,203,0.2579972802257159
Printing and recording services,Financial Services Activities (excl. insurance and pensions),0,0,315,0.4003406072468005,315,0.4003406072468005
Coke and refined petroleum products,Financial Services Activities (excl. insurance and pensions),92,0.1169248757673195,151,0.19190930696592656,243,0.30883418273324603
Paints and coatings,Financial Services Activities (excl. insurance and pensions),2,0.002541845,2,0.002541845,4,0.00508369
Soap and detergents,Financial Services Activities (excl. insurance and pensions),0,0,6,0.007625535,6,0.007625535
Other chemical products,Financial Services Activities (excl. insurance and pensions),3,0.003812768,0,0,3,0.003812768
Industrial gases and fertilizers,Financial Services Activities (excl. insurance and pensions),3,0.003812768,1,0.001270923,4,0.00508369
Petrochemicals,Financial Services Activities (excl. insurance and pensions),3,0.003812768,0,0,3,0.003812768
Dyestuffs and agro-chemicals,Financial Services Activities (excl. insurance and pensions),0,0,3,0.003812768,3,0.003812768
Pharmaceutical products,Financial Services Activities (excl. insurance and pensions),0,0,0,0,0,0
Rubber and plastic products,Financial Services Activities (excl. insurance and pensions),32,0.040669522006024174,98,0.12455041114344903,130,0.1652199331494732
Cement and concrete products,Financial Services Activities (excl. insurance and pensions),0,0,0,0,0,0
"Glass, ceramic and stone products",Financial Services Activities (excl. insurance and pensions),0,0,0,0,0,0
Basic iron and steel,Financial Services Activities (excl. insurance and pensions),0,0,0,0,0,0
Other basic metals and casting,Financial Services Activities (excl. insurance and pensions),0,0,1,0.001270923,1,0.001270923
Weapons and ammunition,Financial Services Activities (excl. insurance and pensions),0,0,0,0,0,0
Other fabricated metal products,Financial Services Activities (excl. insurance and pensions),21,0.026689373816453366,0,0,21,0.026689373816453366
Computer and electronic products,Financial Services Activities (excl. insurance and pensions),2,0.002541845,73,0.092777347,75,0.095319192
Electrical equipment,Financial Services Activities (excl. insurance and pensions),0,0,51,0.064817051,51,0.064817051
Other machinery and equipment,Financial Services Activities (excl. insurance and pensions),0,0,31,0.039398599443335916,31,0.039398599443335916
Motor vehicles,Financial Services Activities (excl. insurance and pensions),0,0,85,0.10802841782850171,85,0.10802841782850171
Ships and boats,Financial Services Activities (excl. insurance and pensions),0,0,0,0,0,0
Aircraft and spacecraft products,Financial Services Activities (excl. insurance and pensions),0,0,1,0.001270923,1,0.001270923
Other Transport Equipment,Financial Services Activities (excl. insurance and pensions),2,0.002541845,0,0,2,0.002541845
Furniture,Financial Services Activities (excl. insurance and pensions),0,0,14,0.017792915877635575,14,0.017792915877635575
Other manufactured goods,Financial Services Activities (excl. insurance and pensions),0,0,88,0.11184118551656648,88,0.11184118551656648
Ship and boat repair and maintenance,Financial Services Activities (excl. insurance and pensions),0,0,0,0,0,0
Air and spacecraft repair and maintenance,Financial Services Activities (excl. insurance and pensions),0,0,0,0,0,0
Other repair services,Financial Services Activities (excl. insurance and pensions),0,0,17,0.021605684,17,0.021605684
Electricity services,Financial Services Activities (excl. insurance and pensions),0,0,409,0.5198073281394965,409,0.5198073281394965
"Mains gas, steam and air conditioning services",Financial Services Activities (excl. insurance and pensions),0,0,83,0.1054865727031252,83,0.1054865727031252
Water services,Financial Services Activities (excl. insurance and pensions),0,0,4,0.00508369,4,0.00508369
Sewerage services,Financial Services Activities (excl. insurance and pensions),0,0,9,0.011438303064194298,9,0.011438303064194298
Waste collection and treatment services,Financial Services Activities (excl. insurance and pensions),50,0.063546128,5,0.006354613,55,0.069900741
Remediation and waste management services,Financial Services Activities (excl. insurance and pensions),0,0,0,0,0,0
Construction services,Financial Services Activities (excl. insurance and pensions),0,0,1234,1.568318442357307,1234,1.568318442357307
Motor vehicle trade services,Financial Services Activities (excl. insurance and pensions),0,0,407,0.5172654830141199,407,0.5172654830141199
Wholesale trade services,Financial Services Activities (excl. insurance and pensions),0,0,350,0.4448228969408894,350,0.4448228969408894
Retail trade services,Financial Services Activities (excl. insurance and pensions),0,0,138,0.17538731365097923,138,0.17538731365097923
Rail transport services,Financial Services Activities (excl. insurance and pensions),0,0,28,0.035585832,28,0.035585832
Land transport services,Financial Services Activities (excl. insurance and pensions),8,0.010167380501506043,536,0.6812144936009049,544,0.6913818741024109
Water transport services,Financial Services Activities (excl. insurance and pensions),0,0,49,0.062275205571724515,49,0.062275205571724515
Air transport services,Financial Services Activities (excl. insurance and pensions),8,0.010167380501506043,1258,1.5988205838618252,1266,1.6089879643633314
Warehousing services,Financial Services Activities (excl. insurance and pensions),1,0.001270923,1076,1.3675126774525628,1077,1.3687836000152511
Postal and courier services,Financial Services Activities (excl. insurance and pensions),2,0.002541845,3336,4.239797669,3338,4.242339514253397
Accommodation services,Financial Services Activities (excl. insurance and pensions),3,0.003812768,712,0.9048968646340378,715,0.9087096323221027
Food and beverage services,Financial Services Activities (excl. insurance and pensions),4,0.00508369,497,0.6316485136560629,501,0.636732204
Publishing services,Financial Services Activities (excl. insurance and pensions),17,0.021605684,34,0.043211367,51,0.064817051
Media Production services,Financial Services Activities (excl. insurance and pensions),0,0,0,0,0,0
Telecommunications services,Financial Services Activities (excl. insurance and pensions),11,0.013980148,2600,3.304398662989464,2611,3.318378811179035
Computer programming services,Financial Services Activities (excl. insurance and pensions),104,0.13217594651957856,4244,5.393795356048956,4348,5.525971302568535
Information services,Financial Services Activities (excl. insurance and pensions),53,0.067358896,817,1.0383437337163046,870,1.1057026295387822
Financial services (excl. insurance and pensions),Financial Services Activities (excl. insurance and pensions),419,0.532516554,13902,17.668365466492126,14321,18.200882020258504
Insurance and pension services,Financial Services Activities (excl. insurance and pensions),0,0,156,0.19826391977936786,156,0.19826391977936786
Auxiliary financial services,Financial Services Activities (excl. insurance and pensions),375,0.4765959610080958,11068,14.06657092383361,11443,14.543166884841705
Real estate services,Financial Services Activities (excl. insurance and pensions),1,0.001270923,54,0.068629818,55,0.069900741
Owner-occupier housing services,Financial Services Activities (excl. insurance and pensions),0,0,0,0,0,0
Other real estate services,Financial Services Activities (excl. insurance and pensions),1,0.001270923,1939,2.4643188490525274,1940,2.4655897716152158
Legal services,Financial Services Activities (excl. insurance and pensions),12,0.015251070752259066,2262,2.8748268368008336,2274,2.890077907553093
Accounting and tax services,Financial Services Activities (excl. insurance and pensions),9,0.011438303064194298,2064,2.623184169388559,2073,2.634622472452753
Management consulting services,Financial Services Activities (excl. insurance and pensions),322,0.40923706518561825,10305,13.096857008502472,10627,13.50609407368809
Architectural and engineering services,Financial Services Activities (excl. insurance and pensions),9,0.011438303064194298,1344,1.7081199242530154,1353,1.7195582273172096
Scientific research and development services,Financial Services Activities (excl. insurance and pensions),0,0,0,0,0,0
Advertising and market research services,Financial Services Activities (excl. insurance and pensions),39,0.049565979944841965,1992,2.5316777448750045,2031,2.5812437248198465
Other scientific and technical services,Financial Services Activities (excl. insurance and pensions),0,0,614,0.7803464534905888,614,0.7803464534905888
Veterinary services,Financial Services Activities (excl. insurance and pensions),0,0,0,0,0,0
Rental and leasing services,Financial Services Activities (excl. insurance and pensions),13,0.016521993,98,0.12455041114344903,111,0.14107240445839636
Employment services,Financial Services Activities (excl. insurance and pensions),17,0.021605684,1869,2.3753542696643493,1886,2.3969599532300494
Travel services,Financial Services Activities (excl. insurance and pensions),0,0,579,0.7358641637964999,579,0.7358641637964999
Security services,Financial Services Activities (excl. insurance and pensions),0,0,1183,1.5035013916602062,1183,1.5035013916602062
Building and landscape services,Financial Services Activities (excl. insurance and pensions),0,0,605,0.7689081504263945,605,0.7689081504263945
Office support services,Financial Services Activities (excl. insurance and pensions),2551,3.2421234574177396,2850,3.622129303661528,5401,6.864252761079268
Public administration services (including defence),Financial Services Activities (excl. insurance and pensions),8,0.010167380501506043,104,0.13217594651957856,112,0.1423433270210846
Education services,Financial Services Activities (excl. insurance and pensions),4,0.00508369,1084,1.377680057954069,1088,1.3827637482048218
Health services,Financial Services Activities (excl. insurance and pensions),1,0.001270923,44,0.055920593,45,0.057191515
Residential and social care services,Financial Services Activities (excl. insurance and pensions),5,0.006354613,2,0.002541845,7,0.008896458
Arts and entertainment services,Financial Services Activities (excl. insurance and pensions),24,0.030502141504518132,3,0.003812768,27,0.034314909
Libraries and other cultural services,Financial Services Activities (excl. insurance and pensions),0,0,0,0,0,0
Gambling services,Financial Services Activities (excl. insurance and pensions),0,0,374,0.4753250384454075,374,0.4753250384454075
Sports and recreation services,Financial Services Activities (excl. insurance and pensions),1,0.001270923,51,0.064817051,52,0.066087973
Membership services,Financial Services Activities (excl. insurance and pensions),3,0.003812768,295,0.37492215599303536,298,0.3787349236811001
Computer repair services,Financial Services Activities (excl. insurance and pensions),100,0.12709225626882553,0,0,100,0.12709225626882553
Other personal services,Financial Services Activities (excl. insurance and pensions),0,0,266,0.3380654016750759,266,0.3380654016750759
Agriculture products,Insurance and Pension Funding,0,0,0,0,0,0
Forestry products,Insurance and Pension Funding,0,0,0,0,0,0
Fishing products,Insurance and Pension Funding,0,0,0,0,0,0
Coal and lignite,Insurance and Pension Funding,0,0,0,0,0,0
"Petroleum, natural gas and mining of metal ores",Insurance and Pension Funding,0,0,0,0,0,0
Other mining products,Insurance and Pension Funding,0,0,0,0,0,0
Mining support services,Insurance and Pension Funding,0,0,0,0,0,0
Meat and preserved meat products,Insurance and Pension Funding,0,0,3,0.010679196924391286,3,0.010679196924391286
"Fish, seafood, fruit and vegetables",Insurance and Pension Funding,0,0,6,0.021358393848782572,6,0.021358393848782572
Oils and fats,Insurance and Pension Funding,0,0,0,0,0,0
Dairy products,Insurance and Pension Funding,0,0,3,0.010679196924391286,3,0.010679196924391286
Grain mill and starch products,Insurance and Pension Funding,0,0,0,0,0,0
Bakery products,Insurance and Pension Funding,0,0,6,0.021358393848782572,6,0.021358393848782572
Other food products,Insurance and Pension Funding,0,0,9,0.032037590773173856,9,0.032037590773173856
Animal feeds,Insurance and Pension Funding,0,0,0,0,0,0
Alcoholic beverages and tobacco,Insurance and Pension Funding,0,0,1,0.003559732,1,0.003559732
Soft drinks,Insurance and Pension Funding,0,0,1,0.003559732,1,0.003559732
Textiles,Insurance and Pension Funding,0,0,2,0.007119465,2,0.007119465
Clothing,Insurance and Pension Funding,0,0,2,0.007119465,2,0.007119465
Leather products,Insurance and Pension Funding,0,0,2,0.007119465,2,0.007119465
Wood products (excl. furniture),Insurance and Pension Funding,0,0,6,0.021358393848782572,6,0.021358393848782572
Paper products,Insurance and Pension Funding,0,0,27,0.096112772,27,0.096112772
Printing and recording services,Insurance and Pension Funding,0,0,423,1.5057667663391714,423,1.5057667663391714
Coke and refined petroleum products,Insurance and Pension Funding,0,0,42,0.149508757,42,0.149508757
Paints and coatings,Insurance and Pension Funding,0,0,2,0.007119465,2,0.007119465
Soap and detergents,Insurance and Pension Funding,0,0,0,0,0,0
Other chemical products,Insurance and Pension Funding,0,0,2,0.007119465,2,0.007119465
Industrial gases and fertilizers,Insurance and Pension Funding,0,0,2,0.007119465,2,0.007119465
Petrochemicals,Insurance and Pension Funding,0,0,1,0.003559732,1,0.003559732
Dyestuffs and agro-chemicals,Insurance and Pension Funding,0,0,1,0.003559732,1,0.003559732
Pharmaceutical products,Insurance and Pension Funding,0,0,0,0,0,0
Rubber and plastic products,Insurance and Pension Funding,0,0,15,0.053395985,15,0.053395985
Cement and concrete products,Insurance and Pension Funding,0,0,0,0,0,0
"Glass, ceramic and stone products",Insurance and Pension Funding,0,0,1,0.003559732,1,0.003559732
Basic iron and steel,Insurance and Pension Funding,0,0,4,0.014238929232521716,4,0.014238929232521716
Other basic metals and casting,Insurance and Pension Funding,0,0,1,0.003559732,1,0.003559732
Weapons and ammunition,Insurance and Pension Funding,0,0,0,0,0,0
Other fabricated metal products,Insurance and Pension Funding,0,0,8,0.028477858465043433,8,0.028477858465043433
Computer and electronic products,Insurance and Pension Funding,20,0.071194646,0,0,20,0.071194646
Electrical equipment,Insurance and Pension Funding,0,0,7,0.024918126156913002,7,0.024918126156913002
Other machinery and equipment,Insurance and Pension Funding,0,0,3,0.010679196924391286,3,0.010679196924391286
Motor vehicles,Insurance and Pension Funding,0,0,29,0.10323223693578243,29,0.10323223693578243
Ships and boats,Insurance and Pension Funding,0,0,2,0.007119465,2,0.007119465
Aircraft and spacecraft products,Insurance and Pension Funding,0,0,10,0.035597323,10,0.035597323
Other Transport Equipment,Insurance and Pension Funding,0,0,0,0,0,0
Furniture,Insurance and Pension Funding,0,0,0,0,0,0
Other manufactured goods,Insurance and Pension Funding,0,0,21,0.074754378,21,0.074754378
Ship and boat repair and maintenance,Insurance and Pension Funding,0,0,0,0,0,0
Air and spacecraft repair and maintenance,Insurance and Pension Funding,0,0,0,0,0,0
Other repair services,Insurance and Pension Funding,0,0,2,0.007119465,2,0.007119465
Electricity services,Insurance and Pension Funding,0,0,26,0.09255304,26,0.09255304
"Mains gas, steam and air conditioning services",Insurance and Pension Funding,0,0,6,0.021358393848782572,6,0.021358393848782572
Water services,Insurance and Pension Funding,0,0,118,0.4200484123593906,118,0.4200484123593906
Sewerage services,Insurance and Pension Funding,0,0,7,0.024918126156913002,7,0.024918126156913002
Waste collection and treatment services,Insurance and Pension Funding,0,0,8,0.028477858465043433,8,0.028477858465043433
Remediation and waste management services,Insurance and Pension Funding,0,0,0,0,0,0
Construction services,Insurance and Pension Funding,372,1.3242204186245194,681,2.424177701836822,1053,3.7483981204613412
Motor vehicle trade services,Insurance and Pension Funding,0,0,228,0.8116189662537376,228,0.8116189662537376
Wholesale trade services,Insurance and Pension Funding,0,0,76,0.2705396554179126,76,0.2705396554179126
Retail trade services,Insurance and Pension Funding,0,0,28,0.099672505,28,0.099672505
Rail transport services,Insurance and Pension Funding,0,0,14,0.049836252313826004,14,0.049836252313826004
Land transport services,Insurance and Pension Funding,0,0,153,0.5446390431439556,153,0.5446390431439556
Water transport services,Insurance and Pension Funding,0,0,11,0.039157055,11,0.039157055
Air transport services,Insurance and Pension Funding,0,0,164,0.5837960985333903,164,0.5837960985333903
Warehousing services,Insurance and Pension Funding,0,0,19,0.067634914,19,0.067634914
Postal and courier services,Insurance and Pension Funding,231,0.822298163,589,2.0966823294888224,820,2.918980492666951
Accommodation services,Insurance and Pension Funding,634,2.256870283354692,1,0.003559732,635,2.260430015662822
Food and beverage services,Insurance and Pension Funding,1,0.003559732,149,0.5304001139114339,150,0.5339598462195644
Publishing services,Insurance and Pension Funding,0,0,22,0.078314111,22,0.078314111
Media Production services,Insurance and Pension Funding,0,0,0,0,0,0
Telecommunications services,Insurance and Pension Funding,231,0.822298163,337,1.1996297878399544,568,2.0219279510180836
Computer programming services,Insurance and Pension Funding,447,1.5912003417343015,680,2.4206179695286916,1127,4.011818311262993
Information services,Insurance and Pension Funding,1,0.003559732,254,0.9041720062651288,255,0.9077317385732593
Financial services (excl. insurance and pensions),Insurance and Pension Funding,203,0.722625659,1506,5.360956856044425,1709,6.0835825145949025
Insurance and pension services,Insurance and Pension Funding,2704,9.625516161,2778,9.888936351986331,5482,19.51445251317101
Auxiliary financial services,Insurance and Pension Funding,358,1.2743841663106934,9313,33.15178698561868,9671,34.426171151929374
Real estate services,Insurance and Pension Funding,0,0,27,0.096112772,27,0.096112772
Owner-occupier housing services,Insurance and Pension Funding,0,0,0,0,0,0
Other real estate services,Insurance and Pension Funding,383,1.3633774740139541,169,0.6015947600740424,552,1.9649722340879965
Legal services,Insurance and Pension Funding,187,0.6656699416203902,272,0.9682471878114767,459,1.6339171294318668
Accounting and tax services,Insurance and Pension Funding,201,0.7155061939342161,50,0.17798661540652144,251,0.8934928093407375
Management consulting services,Insurance and Pension Funding,277,0.9860458493521287,313,1.1141962124448241,590,2.100242061796953
Architectural and engineering services,Insurance and Pension Funding,139,0.49480279083012957,172,0.6122739569984337,311,1.1070767478285632
Scientific research and development services,Insurance and Pension Funding,0,0,63,0.224263135,63,0.224263135
Advertising and market research services,Insurance and Pension Funding,1055,3.755517585077602,1,0.003559732,1056,3.7590773173857324
Other scientific and technical services,Insurance and Pension Funding,0,0,322,1.146233803217998,322,1.146233803217998
Veterinary services,Insurance and Pension Funding,0,0,0,0,0,0
Rental and leasing services,Insurance and Pension Funding,0,0,61,0.21714367079595615,61,0.21714367079595615
Employment services,Insurance and Pension Funding,154,0.548198775,309,1.0999572832123024,463,1.6481560586643882
Travel services,Insurance and Pension Funding,0,0,0,0,0,0
Security services,Insurance and Pension Funding,0,0,6,0.021358393848782572,6,0.021358393848782572
Building and landscape services,Insurance and Pension Funding,0,0,171,0.6087142246903033,171,0.6087142246903033
Office support services,Insurance and Pension Funding,329,1.171151929374911,0,0,329,1.171151929374911
Public administration services (including defence),Insurance and Pension Funding,0,0,15,0.053395985,15,0.053395985
Education services,Insurance and Pension Funding,0,0,212,0.7546632493236508,212,0.7546632493236508
Health services,Insurance and Pension Funding,0,0,122,0.4342873415919123,122,0.4342873415919123
Residential and social care services,Insurance and Pension Funding,2,0.007119465,1,0.003559732,3,0.010679196924391288
Arts and entertainment services,Insurance and Pension Funding,0,0,0,0,0,0
Libraries and other cultural services,Insurance and Pension Funding,0,0,4,0.014238929232521716,4,0.014238929232521716
Gambling services,Insurance and Pension Funding,0,0,0,0,0,0
Sports and recreation services,Insurance and Pension Funding,0,0,28,0.099672505,28,0.099672505
Membership services,Insurance and Pension Funding,0,0,24,0.085433575,24,0.085433575
Computer repair services,Insurance and Pension Funding,0,0,0,0,0,0
Other personal services,Insurance and Pension Funding,0,0,9,0.032037590773173856,9,0.032037590773173856
Agriculture products,Financial and Insurance Support Activities,2,0.006131208,0,0,2,0.006131208
Forestry products,Financial and Insurance Support Activities,0,0,1,0.003065604,1,0.003065604
Fishing products,Financial and Insurance Support Activities,0,0,0,0,0,0
Coal and lignite,Financial and Insurance Support Activities,0,0,0,0,0,0
"Petroleum, natural gas and mining of metal ores",Financial and Insurance Support Activities,2,0.006131208,0,0,2,0.006131208
Other mining products,Financial and Insurance Support Activities,0,0,1,0.003065604,1,0.003065604
Mining support services,Financial and Insurance Support Activities,0,0,0,0,0,0
Meat and preserved meat products,Financial and Insurance Support Activities,0,0,2,0.006131208,2,0.006131208
"Fish, seafood, fruit and vegetables",Financial and Insurance Support Activities,0,0,1,0.003065604,1,0.003065604
Oils and fats,Financial and Insurance Support Activities,0,0,0,0,0,0
Dairy products,Financial and Insurance Support Activities,0,0,26,0.079705702,26,0.079705702
Grain mill and starch products,Financial and Insurance Support Activities,1,0.003065604,0,0,1,0.003065604
Bakery products,Financial and Insurance Support Activities,0,0,13,0.039852851011649294,13,0.039852851011649294
Other food products,Financial and Insurance Support Activities,1,0.003065604,32,0.098099326,33,0.10116492949110974
Animal feeds,Financial and Insurance Support Activities,0,0,1,0.003065604,1,0.003065604
Alcoholic beverages and tobacco,Financial and Insurance Support Activities,0,0,5,0.015328019619865112,5,0.015328019619865112
Soft drinks,Financial and Insurance Support Activities,0,0,11,0.033721643,11,0.033721643
Textiles,Financial and Insurance Support Activities,1,0.003065604,0,0,1,0.003065604
Clothing,Financial and Insurance Support Activities,0,0,8,0.024524831,8,0.024524831
Leather products,Financial and Insurance Support Activities,0,0,9,0.027590435,9,0.027590435
Wood products (excl. furniture),Financial and Insurance Support Activities,5,0.015328019619865112,12,0.036787247,17,0.052115267
Paper products,Financial and Insurance Support Activities,1,0.003065604,160,0.4904966278356836,161,0.49356223175965663
Printing and recording services,Financial and Insurance Support Activities,0,0,200,0.6131207847946045,200,0.6131207847946045
Coke and refined petroleum products,Financial and Insurance Support Activities,0,0,150,0.4598405885959534,150,0.4598405885959534
Paints and coatings,Financial and Insurance Support Activities,0,0,13,0.039852851011649294,13,0.039852851011649294
Soap and detergents,Financial and Insurance Support Activities,1,0.003065604,12,0.036787247,13,0.039852851011649294
Other chemical products,Financial and Insurance Support Activities,3,0.009196812,0,0,3,0.009196812
Industrial gases and fertilizers,Financial and Insurance Support Activities,0,0,0,0,0,0
Petrochemicals,Financial and Insurance Support Activities,0,0,1,0.003065604,1,0.003065604
Dyestuffs and agro-chemicals,Financial and Insurance Support Activities,0,0,0,0,0,0
Pharmaceutical products,Financial and Insurance Support Activities,2,0.006131208,0,0,2,0.006131208
Rubber and plastic products,Financial and Insurance Support Activities,1,0.003065604,59,0.18087063151440833,60,0.18393623543838133
Cement and concrete products,Financial and Insurance Support Activities,0,0,1,0.003065604,1,0.003065604
"Glass, ceramic and stone products",Financial and Insurance Support Activities,0,0,1,0.003065604,1,0.003065604
Basic iron and steel,Financial and Insurance Support Activities,3,0.009196812,0,0,3,0.009196812
Other basic metals and casting,Financial and Insurance Support Activities,1,0.003065604,0,0,1,0.003065604
Weapons and ammunition,Financial and Insurance Support Activities,0,0,0,0,0,0
Other fabricated metal products,Financial and Insurance Support Activities,6,0.018393623543838136,30,0.091968118,36,0.11036174126302882
Computer and electronic products,Financial and Insurance Support Activities,37,0.11342734518700184,34,0.10423053341508277,71,0.21765787860208463
Electrical equipment,Financial and Insurance Support Activities,22,0.067443286,4,0.012262416,26,0.079705702
Other machinery and equipment,Financial and Insurance Support Activities,16,0.049049663,0,0,16,0.049049663
Motor vehicles,Financial and Insurance Support Activities,2,0.006131208,68,0.20846106683016555,70,0.2145922746781116
Ships and boats,Financial and Insurance Support Activities,0,0,0,0,0,0
Aircraft and spacecraft products,Financial and Insurance Support Activities,4,0.012262416,0,0,4,0.012262416
Other Transport Equipment,Financial and Insurance Support Activities,0,0,0,0,0,0
Furniture,Financial and Insurance Support Activities,1,0.003065604,3,0.009196812,4,0.012262416
Other manufactured goods,Financial and Insurance Support Activities,2,0.006131208,108,0.33108522378908645,110,0.33721643163703247
Ship and boat repair and maintenance,Financial and Insurance Support Activities,0,0,18,0.055180871,18,0.055180871
Air and spacecraft repair and maintenance,Financial and Insurance Support Activities,0,0,0,0,0,0
Other repair services,Financial and Insurance Support Activities,14,0.042918455,10,0.030656039239730225,24,0.073574494
Electricity services,Financial and Insurance Support Activities,0,0,420,1.2875536480686696,420,1.2875536480686696
"Mains gas, steam and air conditioning services",Financial and Insurance Support Activities,0,0,38,0.11649294911097487,38,0.11649294911097487
Water services,Financial and Insurance Support Activities,0,0,1,0.003065604,1,0.003065604
Sewerage services,Financial and Insurance Support Activities,0,0,15,0.045984059,15,0.045984059
Waste collection and treatment services,Financial and Insurance Support Activities,0,0,86,0.26364193746167996,86,0.26364193746167996
Remediation and waste management services,Financial and Insurance Support Activities,0,0,0,0,0,0
Construction services,Financial and Insurance Support Activities,0,0,136,0.4169221336603311,136,0.4169221336603311
Motor vehicle trade services,Financial and Insurance Support Activities,2,0.006131208,86,0.26364193746167996,88,0.269773145
Wholesale trade services,Financial and Insurance Support Activities,5,0.015328019619865112,243,0.7449417535254445,248,0.7602697731453095
Retail trade services,Financial and Insurance Support Activities,0,0,109,0.3341508277130595,109,0.3341508277130595
Rail transport services,Financial and Insurance Support Activities,1,0.003065604,15,0.045984059,16,0.049049662783568364
Land transport services,Financial and Insurance Support Activities,15,0.045984059,131,0.40159411404046597,146,0.4475781729000613
Water transport services,Financial and Insurance Support Activities,0,0,41,0.12568976088289394,41,0.12568976088289394
Air transport services,Financial and Insurance Support Activities,26,0.079705702,90,0.27590435315757206,116,0.35561005518087063
Warehousing services,Financial and Insurance Support Activities,4,0.012262416,252,0.7725321888412017,256,0.7847946045370937
Postal and courier services,Financial and Insurance Support Activities,2,0.006131208,2303,7.060085836909871,2305,7.066217044757817
Accommodation services,Financial and Insurance Support Activities,69,0.21152667075413856,209,0.6407112201103617,278,0.8522378908645003
Food and beverage services,Financial and Insurance Support Activities,45,0.13795217657878603,21,0.064377682,66,0.2023298589822195
Publishing services,Financial and Insurance Support Activities,17,0.052115267,0,0,17,0.052115267
Media Production services,Financial and Insurance Support Activities,2,0.006131208,0,0,2,0.006131208
Telecommunications services,Financial and Insurance Support Activities,65,0.1992642550582465,2865,8.782955242,2930,8.982219497240957
Computer programming services,Financial and Insurance Support Activities,308,0.944206009,3479,10.665236051502145,3787,11.609442060085836
Information services,Financial and Insurance Support Activities,289,0.8859595340282035,1,0.003065604,290,0.8890251379521765
Financial services (excl. insurance and pensions),Financial and Insurance Support Activities,1342,4.114040465971796,1,0.003065604,1343,4.11710607
Insurance and pension services,Financial and Insurance Support Activities,0,0,10,0.030656039239730225,10,0.030656039239730225
Auxiliary financial services,Financial and Insurance Support Activities,4018,12.317596566523605,11694,35.84917228694053,15712,48.166768853464134
Real estate services,Financial and Insurance Support Activities,4,0.012262416,0,0,4,0.012262416
Owner-occupier housing services,Financial and Insurance Support Activities,0,0,0,0,0,0
Other real estate services,Financial and Insurance Support Activities,3,0.009196812,101,0.3096259963212753,104,0.31882280809319435
Legal services,Financial and Insurance Support Activities,92,0.2820355610055181,333,1.0208461066830166,425,1.3028816676885346
Accounting and tax services,Financial and Insurance Support Activities,61,0.1870018393623544,90,0.27590435315757206,151,0.4629061925199265
Management consulting services,Financial and Insurance Support Activities,175,0.5364806866952789,1,0.003065604,176,0.539546291
Architectural and engineering services,Financial and Insurance Support Activities,5,0.015328019619865112,145,0.4445125689760883,150,0.45984058859595345
Scientific research and development services,Financial and Insurance Support Activities,0,0,0,0,0,0
Advertising and market research services,Financial and Insurance Support Activities,109,0.3341508277130595,143,0.43838136112814224,252,0.7725321888412018
Other scientific and technical services,Financial and Insurance Support Activities,0,0,125,0.38320049049662785,125,0.38320049049662785
Veterinary services,Financial and Insurance Support Activities,0,0,0,0,0,0
Rental and leasing services,Financial and Insurance Support Activities,25,0.076640098,110,0.33721643163703247,135,0.41385653
Employment services,Financial and Insurance Support Activities,90,0.27590435315757206,292,0.8951563458001226,382,1.1710606989576946
Travel services,Financial and Insurance Support Activities,1,0.003065604,340,1.0423053341508277,341,1.0453709380748006
Security services,Financial and Insurance Support Activities,0,0,25,0.076640098,25,0.076640098
Building and landscape services,Financial and Insurance Support Activities,0,0,140,0.4291845493562232,140,0.4291845493562232
Office support services,Financial and Insurance Support Activities,362,1.1097486204782343,1,0.003065604,363,1.1128142244022072
Public administration services (including defence),Financial and Insurance Support Activities,15,0.045984059,9,0.027590435,24,0.073574494
Education services,Financial and Insurance Support Activities,31,0.095033722,136,0.4169221336603311,167,0.5119558553034949
Health services,Financial and Insurance Support Activities,2,0.006131208,3,0.009196812,5,0.015328019619865112
Residential and social care services,Financial and Insurance Support Activities,0,0,0,0,0,0
Arts and entertainment services,Financial and Insurance Support Activities,2,0.006131208,3,0.009196812,5,0.015328019619865112
Libraries and other cultural services,Financial and Insurance Support Activities,0,0,0,0,0,0
Gambling services,Financial and Insurance Support Activities,0,0,0,0,0,0
Sports and recreation services,Financial and Insurance Support Activities,3,0.009196812,4,0.012262416,7,0.021459227467811155
Membership services,Financial and Insurance Support Activities,10,0.030656039239730225,20,0.061312078,30,0.091968118
Computer repair services,Financial and Insurance Support Activities,14,0.042918455,0,0,14,0.042918455
Other personal services,Financial and Insurance Support Activities,3,0.009196812,14,0.042918455,17,0.052115267
Agriculture products,Real Estate Services,0,0,0,0,0,0
Forestry products,Real Estate Services,0,0,0,0,0,0
Fishing products,Real Estate Services,0,0,0,0,0,0
Coal and lignite,Real Estate Services,0,0,0,0,0,0
"Petroleum, natural gas and mining of metal ores",Real Estate Services,0,0,0,0,0,0
Other mining products,Real Estate Services,0,0,0,0,0,0
Mining support services,Real Estate Services,0,0,0,0,0,0
Meat and preserved meat products,Real Estate Services,0,0,0,0,0,0
"Fish, seafood, fruit and vegetables",Real Estate Services,0,0,0,0,0,0
Oils and fats,Real Estate Services,0,0,0,0,0,0
Dairy products,Real Estate Services,0,0,0,0,0,0
Grain mill and starch products,Real Estate Services,0,0,0,0,0,0
Bakery products,Real Estate Services,0,0,0,0,0,0
Other food products,Real Estate Services,0,0,0,0,0,0
Animal feeds,Real Estate Services,0,0,0,0,0,0
Alcoholic beverages and tobacco,Real Estate Services,0,0,0,0,0,0
Soft drinks,Real Estate Services,0,0,0,0,0,0
Textiles,Real Estate Services,0,0,0,0,0,0
Clothing,Real Estate Services,0,0,0,0,0,0
Leather products,Real Estate Services,0,0,0,0,0,0
Wood products (excl. furniture),Real Estate Services,0,0,0,0,0,0
Paper products,Real Estate Services,0,0,13,0.26294498381877024,13,0.26294498381877024
Printing and recording services,Real Estate Services,0,0,0,0,0,0
Coke and refined petroleum products,Real Estate Services,0,0,20,0.40453074433656955,20,0.40453074433656955
Paints and coatings,Real Estate Services,0,0,0,0,0,0
Soap and detergents,Real Estate Services,0,0,0,0,0,0
Other chemical products,Real Estate Services,0,0,0,0,0,0
Industrial gases and fertilizers,Real Estate Services,0,0,0,0,0,0
Petrochemicals,Real Estate Services,0,0,0,0,0,0
Dyestuffs and agro-chemicals,Real Estate Services,0,0,0,0,0,0
Pharmaceutical products,Real Estate Services,0,0,0,0,0,0
Rubber and plastic products,Real Estate Services,0,0,0,0,0,0
Cement and concrete products,Real Estate Services,0,0,0,0,0,0
"Glass, ceramic and stone products",Real Estate Services,0,0,0,0,0,0
Basic iron and steel,Real Estate Services,0,0,0,0,0,0
Other basic metals and casting,Real Estate Services,0,0,0,0,0,0
Weapons and ammunition,Real Estate Services,0,0,0,0,0,0
Other fabricated metal products,Real Estate Services,0,0,0,0,0,0
Computer and electronic products,Real Estate Services,51,1.0315533980582525,0,0,51,1.0315533980582525
Electrical equipment,Real Estate Services,0,0,0,0,0,0
Other machinery and equipment,Real Estate Services,0,0,0,0,0,0
Motor vehicles,Real Estate Services,0,0,0,0,0,0
Ships and boats,Real Estate Services,0,0,0,0,0,0
Aircraft and spacecraft products,Real Estate Services,0,0,0,0,0,0
Other Transport Equipment,Real Estate Services,0,0,0,0,0,0
Furniture,Real Estate Services,0,0,0,0,0,0
Other manufactured goods,Real Estate Services,0,0,1,0.020226537,1,0.020226537
Ship and boat repair and maintenance,Real Estate Services,0,0,0,0,0,0
Air and spacecraft repair and maintenance,Real Estate Services,0,0,0,0,0,0
Other repair services,Real Estate Services,0,0,9,0.1820388349514563,9,0.1820388349514563
Electricity services,Real Estate Services,0,0,114,2.3058252427184467,114,2.3058252427184467
"Mains gas, steam and air conditioning services",Real Estate Services,0,0,18,0.3640776699029126,18,0.3640776699029126
Water services,Real Estate Services,0,0,34,0.6877022653721683,34,0.6877022653721683
Sewerage services,Real Estate Services,0,0,3,0.060679612,3,0.060679612
Waste collection and treatment services,Real Estate Services,1,0.020226537,30,0.6067961165048543,31,0.6270226537216828
Remediation and waste management services,Real Estate Services,0,0,0,0,0,0
Construction services,Real Estate Services,0,0,321,6.492718446601941,321,6.492718446601941
Motor vehicle trade services,Real Estate Services,0,0,0,0,0,0
Wholesale trade services,Real Estate Services,0,0,21,0.42475728155339804,21,0.42475728155339804
Retail trade services,Real Estate Services,0,0,6,0.12135922330097086,6,0.12135922330097086
Rail transport services,Real Estate Services,0,0,0,0,0,0
Land transport services,Real Estate Services,4,0.080906149,3,0.060679612,7,0.14158576051779936
Water transport services,Real Estate Services,0,0,0,0,0,0
Air transport services,Real Estate Services,0,0,0,0,0,0
Warehousing services,Real Estate Services,1,0.020226537,2,0.040453074,3,0.060679611650485445
Postal and courier services,Real Estate Services,0,0,30,0.6067961165048543,30,0.6067961165048543
Accommodation services,Real Estate Services,0,0,0,0,0,0
Food and beverage services,Real Estate Services,12,0.24271844660194172,41,0.8292880258899676,53,1.0720064724919094
Publishing services,Real Estate Services,0,0,0,0,0,0
Media Production services,Real Estate Services,0,0,0,0,0,0
Telecommunications services,Real Estate Services,2,0.040453074,95,1.9215210355987056,97,1.9619741100323624
Computer programming services,Real Estate Services,8,0.16181229773462785,337,6.816343042071198,345,6.978155339805825
Information services,Real Estate Services,7,0.14158576051779936,123,2.487864077669903,130,2.6294498381877025
Financial services (excl. insurance and pensions),Real Estate Services,68,1.3754045307443366,1099,22.228964401294498,1167,23.604368932038835
Insurance and pension services,Real Estate Services,0,0,57,1.1529126213592233,57,1.1529126213592233
Auxiliary financial services,Real Estate Services,7,0.14158576051779936,391,7.908576051779935,398,8.050161812297734
Real estate services,Real Estate Services,2,0.040453074,274,5.542071197411003,276,5.582524272
Owner-occupier housing services,Real Estate Services,0,0,0,0,0,0
Other real estate services,Real Estate Services,2,0.040453074,324,6.553398058252427,326,6.593851132686084
Legal services,Real Estate Services,4,0.080906149,160,3.2362459546925564,164,3.317152104
Accounting and tax services,Real Estate Services,3,0.060679612,196,3.9644012944983817,199,4.025080906148867
Management consulting services,Real Estate Services,14,0.28317152103559873,0,0,14,0.28317152103559873
Architectural and engineering services,Real Estate Services,3,0.060679612,91,1.8406148867313916,94,1.9012944983818771
Scientific research and development services,Real Estate Services,0,0,0,0,0,0
Advertising and market research services,Real Estate Services,33,0.6674757281553397,186,3.762135922330097,219,4.429611650485437
Other scientific and technical services,Real Estate Services,0,0,55,1.1124595469255663,55,1.1124595469255663
Veterinary services,Real Estate Services,0,0,0,0,0,0
Rental and leasing services,Real Estate Services,5,0.10113268608414239,69,1.3956310679611652,74,1.4967637540453076
Employment services,Real Estate Services,3,0.060679612,313,6.330906148867315,316,6.391585761
Travel services,Real Estate Services,0,0,3,0.060679612,3,0.060679612
Security services,Real Estate Services,0,0,0,0,0,0
Building and landscape services,Real Estate Services,0,0,227,4.591423948220065,227,4.591423948220065
Office support services,Real Estate Services,48,0.9708737864077669,0,0,48,0.9708737864077669
Public administration services (including defence),Real Estate Services,0,0,0,0,0,0
Education services,Real Estate Services,0,0,0,0,0,0
Health services,Real Estate Services,0,0,0,0,0,0
Residential and social care services,Real Estate Services,0,0,0,0,0,0
Arts and entertainment services,Real Estate Services,0,0,0,0,0,0
Libraries and other cultural services,Real Estate Services,0,0,0,0,0,0
Gambling services,Real Estate Services,0,0,0,0,0,0
Sports and recreation services,Real Estate Services,0,0,0,0,0,0
Membership services,Real Estate Services,0,0,0,0,0,0
Computer repair services,Real Estate Services,0,0,0,0,0,0
Other personal services,Real Estate Services,0,0,0,0,0,0
Agriculture products,Owner-Occupiers' Housing,0,0,0,0,0,0
Forestry products,Owner-Occupiers' Housing,0,0,0,0,0,0
Fishing products,Owner-Occupiers' Housing,0,0,0,0,0,0
Coal and lignite,Owner-Occupiers' Housing,0,0,0,0,0,0
"Petroleum, natural gas and mining of metal ores",Owner-Occupiers' Housing,0,0,0,0,0,0
Other mining products,Owner-Occupiers' Housing,0,0,0,0,0,0
Mining support services,Owner-Occupiers' Housing,0,0,0,0,0,0
Meat and preserved meat products,Owner-Occupiers' Housing,0,0,0,0,0,0
"Fish, seafood, fruit and vegetables",Owner-Occupiers' Housing,0,0,0,0,0,0
Oils and fats,Owner-Occupiers' Housing,0,0,0,0,0,0
Dairy products,Owner-Occupiers' Housing,0,0,0,0,0,0
Grain mill and starch products,Owner-Occupiers' Housing,0,0,0,0,0,0
Bakery products,Owner-Occupiers' Housing,0,0,0,0,0,0
Other food products,Owner-Occupiers' Housing,0,0,0,0,0,0
Animal feeds,Owner-Occupiers' Housing,0,0,0,0,0,0
Alcoholic beverages and tobacco,Owner-Occupiers' Housing,0,0,0,0,0,0
Soft drinks,Owner-Occupiers' Housing,0,0,0,0,0,0
Textiles,Owner-Occupiers' Housing,0,0,9,0.022989092952565838,9,0.022989092952565838
Clothing,Owner-Occupiers' Housing,0,0,0,0,0,0
Leather products,Owner-Occupiers' Housing,0,0,0,0,0,0
Wood products (excl. furniture),Owner-Occupiers' Housing,0,0,368,0.9399984673938032,368,0.9399984673938032
Paper products,Owner-Occupiers' Housing,0,0,29,0.074075966,29,0.074075966
Printing and recording services,Owner-Occupiers' Housing,0,0,29,0.074075966,29,0.074075966
Coke and refined petroleum products,Owner-Occupiers' Housing,0,0,3,0.007663031,3,0.007663031
Paints and coatings,Owner-Occupiers' Housing,0,0,6,0.015326061968377226,6,0.015326061968377226
Soap and detergents,Owner-Occupiers' Housing,0,0,0,0,0,0
Other chemical products,Owner-Occupiers' Housing,0,0,0,0,0,0
Industrial gases and fertilizers,Owner-Occupiers' Housing,0,0,0,0,0,0
Petrochemicals,Owner-Occupiers' Housing,0,0,0,0,0,0
Dyestuffs and agro-chemicals,Owner-Occupiers' Housing,0,0,0,0,0,0
Pharmaceutical products,Owner-Occupiers' Housing,0,0,0,0,0,0
Rubber and plastic products,Owner-Occupiers' Housing,0,0,10,0.025543436613962044,10,0.025543436613962044
Cement and concrete products,Owner-Occupiers' Housing,0,0,149,0.38059720554803445,149,0.38059720554803445
"Glass, ceramic and stone products",Owner-Occupiers' Housing,0,0,190,0.4853252956652788,190,0.4853252956652788
Basic iron and steel,Owner-Occupiers' Housing,0,0,0,0,0,0
Other basic metals and casting,Owner-Occupiers' Housing,0,0,0,0,0,0
Weapons and ammunition,Owner-Occupiers' Housing,0,0,0,0,0,0
Other fabricated metal products,Owner-Occupiers' Housing,0,0,258,0.6590206646402207,258,0.6590206646402207
Computer and electronic products,Owner-Occupiers' Housing,12,0.030652124,9,0.022989092952565838,21,0.053641217
Electrical equipment,Owner-Occupiers' Housing,0,0,16,0.040869498582339264,16,0.040869498582339264
Other machinery and equipment,Owner-Occupiers' Housing,0,0,0,0,0,0
Motor vehicles,Owner-Occupiers' Housing,0,0,19,0.048532529566527885,19,0.048532529566527885
Ships and boats,Owner-Occupiers' Housing,0,0,0,0,0,0
Aircraft and spacecraft products,Owner-Occupiers' Housing,0,0,0,0,0,0
Other Transport Equipment,Owner-Occupiers' Housing,0,0,0,0,0,0
Furniture,Owner-Occupiers' Housing,0,0,3,0.007663031,3,0.007663031
Other manufactured goods,Owner-Occupiers' Housing,0,0,3,0.007663031,3,0.007663031
Ship and boat repair and maintenance,Owner-Occupiers' Housing,0,0,0,0,0,0
Air and spacecraft repair and maintenance,Owner-Occupiers' Housing,0,0,0,0,0,0
Other repair services,Owner-Occupiers' Housing,0,0,0,0,0,0
Electricity services,Owner-Occupiers' Housing,0,0,1393,3.5582007203249124,1393,3.5582007203249124
"Mains gas, steam and air conditioning services",Owner-Occupiers' Housing,0,0,0,0,0,0
Water services,Owner-Occupiers' Housing,0,0,0,0,0,0
Sewerage services,Owner-Occupiers' Housing,0,0,5,0.012771718306981022,5,0.012771718306981022
Waste collection and treatment services,Owner-Occupiers' Housing,0,0,59,0.15070627602237605,59,0.15070627602237605
Remediation and waste management services,Owner-Occupiers' Housing,0,0,0,0,0,0
Construction services,Owner-Occupiers' Housing,0,0,8279,21.147411172699172,8279,21.147411172699172
Motor vehicle trade services,Owner-Occupiers' Housing,0,0,7,0.017880406,7,0.017880406
Wholesale trade services,Owner-Occupiers' Housing,0,0,379,0.9680962476691615,379,0.9680962476691615
Retail trade services,Owner-Occupiers' Housing,0,0,51,0.13027152673120643,51,0.13027152673120643
Rail transport services,Owner-Occupiers' Housing,0,0,0,0,0,0
Land transport services,Owner-Occupiers' Housing,0,0,0,0,0,0
Water transport services,Owner-Occupiers' Housing,0,0,0,0,0,0
Air transport services,Owner-Occupiers' Housing,0,0,0,0,0,0
Warehousing services,Owner-Occupiers' Housing,0,0,0,0,0,0
Postal and courier services,Owner-Occupiers' Housing,0,0,0,0,0,0
Accommodation services,Owner-Occupiers' Housing,0,0,0,0,0,0
Food and beverage services,Owner-Occupiers' Housing,0,0,0,0,0,0
Publishing services,Owner-Occupiers' Housing,0,0,0,0,0,0
Media Production services,Owner-Occupiers' Housing,0,0,0,0,0,0
Telecommunications services,Owner-Occupiers' Housing,0,0,523,1.3359217349102148,523,1.3359217349102148
Computer programming services,Owner-Occupiers' Housing,0,0,0,0,0,0
Information services,Owner-Occupiers' Housing,0,0,0,0,0,0
Financial services (excl. insurance and pensions),Owner-Occupiers' Housing,0,0,20805,53.143119875348034,20805,53.143119875348034
Insurance and pension services,Owner-Occupiers' Housing,0,0,1426,3.6424940611509875,1426,3.6424940611509875
Auxiliary financial services,Owner-Occupiers' Housing,0,0,0,0,0,0
Real estate services,Owner-Occupiers' Housing,0,0,35,0.089402028,35,0.089402028
Owner-occupier housing services,Owner-Occupiers' Housing,0,0,0,0,0,0
Other real estate services,Owner-Occupiers' Housing,0,0,101,0.2579887098010166,101,0.2579887098010166
Legal services,Owner-Occupiers' Housing,0,0,544,1.3895629517995352,544,1.3895629517995352
Accounting and tax services,Owner-Occupiers' Housing,0,0,0,0,0,0
Management consulting services,Owner-Occupiers' Housing,0,0,0,0,0,0
Architectural and engineering services,Owner-Occupiers' Housing,0,0,1561,3.987330455439475,1561,3.987330455439475
Scientific research and development services,Owner-Occupiers' Housing,0,0,0,0,0,0
Advertising and market research services,Owner-Occupiers' Housing,0,0,351,0.8965746251500676,351,0.8965746251500676
Other scientific and technical services,Owner-Occupiers' Housing,0,0,0,0,0,0
Veterinary services,Owner-Occupiers' Housing,0,0,0,0,0,0
Rental and leasing services,Owner-Occupiers' Housing,0,0,706,1.803366625,706,1.803366625
Employment services,Owner-Occupiers' Housing,0,0,0,0,0,0
Travel services,Owner-Occupiers' Housing,0,0,0,0,0,0
Security services,Owner-Occupiers' Housing,0,0,13,0.033206468,13,0.033206468
Building and landscape services,Owner-Occupiers' Housing,0,0,1774,4.531405655316866,1774,4.531405655316866
Office support services,Owner-Occupiers' Housing,0,0,0,0,0,0
Public administration services (including defence),Owner-Occupiers' Housing,0,0,10,0.025543436613962044,10,0.025543436613962044
Education services,Owner-Occupiers' Housing,0,0,0,0,0,0
Health services,Owner-Occupiers' Housing,0,0,0,0,0,0
Residential and social care services,Owner-Occupiers' Housing,0,0,0,0,0,0
Arts and entertainment services,Owner-Occupiers' Housing,0,0,0,0,0,0
Libraries and other cultural services,Owner-Occupiers' Housing,0,0,0,0,0,0
Gambling services,Owner-Occupiers' Housing,0,0,0,0,0,0
Sports and recreation services,Owner-Occupiers' Housing,0,0,0,0,0,0
Membership services,Owner-Occupiers' Housing,0,0,0,0,0,0
Computer repair services,Owner-Occupiers' Housing,0,0,14,0.035760811,14,0.035760811
Other personal services,Owner-Occupiers' Housing,0,0,0,0,0,0
Agriculture products,Other Real Estate Activities,2,0.005832604,3,0.008748906,5,0.014581511
Forestry products,Other Real Estate Activities,0,0,5,0.014581510644502771,5,0.014581510644502771
Fishing products,Other Real Estate Activities,0,0,4,0.011665208515602215,4,0.011665208515602215
Coal and lignite,Other Real Estate Activities,18,0.052493438,0,0,18,0.052493438
"Petroleum, natural gas and mining of metal ores",Other Real Estate Activities,7,0.020414114902303878,30,0.087489064,37,0.10790317876932051
Other mining products,Other Real Estate Activities,0,0,6,0.017497812773403322,6,0.017497812773403322
Mining support services,Other Real Estate Activities,0,0,0,0,0,0
Meat and preserved meat products,Other Real Estate Activities,0,0,29,0.084572762,29,0.084572762
"Fish, seafood, fruit and vegetables",Other Real Estate Activities,0,0,27,0.078740157,27,0.078740157
Oils and fats,Other Real Estate Activities,0,0,29,0.084572762,29,0.084572762
Dairy products,Other Real Estate Activities,0,0,22,0.064158647,22,0.064158647
Grain mill and starch products,Other Real Estate Activities,0,0,5,0.014581510644502771,5,0.014581510644502771
Bakery products,Other Real Estate Activities,0,0,33,0.09623797,33,0.09623797
Other food products,Other Real Estate Activities,0,0,32,0.093321668,32,0.093321668
Animal feeds,Other Real Estate Activities,0,0,29,0.084572762,29,0.084572762
Alcoholic beverages and tobacco,Other Real Estate Activities,7,0.020414114902303878,13,0.037911927675707204,20,0.058326043
Soft drinks,Other Real Estate Activities,0,0,21,0.061242345,21,0.061242345
Textiles,Other Real Estate Activities,4,0.011665208515602215,13,0.037911927675707204,17,0.049577136
Clothing,Other Real Estate Activities,4,0.011665208515602215,12,0.034995625546806644,16,0.046660834
Leather products,Other Real Estate Activities,0,0,28,0.08165646,28,0.08165646
Wood products (excl. furniture),Other Real Estate Activities,30,0.087489064,6,0.017497812773403322,36,0.10498687664041995
Paper products,Other Real Estate Activities,1,0.002916302,57,0.16622922134733156,58,0.16914552347623213
Printing and recording services,Other Real Estate Activities,0,0,0,0,0,0
Coke and refined petroleum products,Other Real Estate Activities,31,0.090405366,0,0,31,0.090405366
Paints and coatings,Other Real Estate Activities,0,0,28,0.08165646,28,0.08165646
Soap and detergents,Other Real Estate Activities,0,0,22,0.064158647,22,0.064158647
Other chemical products,Other Real Estate Activities,2,0.005832604,25,0.072907553,27,0.078740157
Industrial gases and fertilizers,Other Real Estate Activities,0,0,28,0.08165646,28,0.08165646
Petrochemicals,Other Real Estate Activities,18,0.052493438,15,0.043744531933508315,33,0.09623797
Dyestuffs and agro-chemicals,Other Real Estate Activities,0,0,30,0.087489064,30,0.087489064
Pharmaceutical products,Other Real Estate Activities,0,0,23,0.067074949,23,0.067074949
Rubber and plastic products,Other Real Estate Activities,6,0.017497812773403322,27,0.078740157,33,0.09623797
Cement and concrete products,Other Real Estate Activities,1,0.002916302,17,0.049577136,18,0.052493438
"Glass, ceramic and stone products",Other Real Estate Activities,22,0.064158647,0,0,22,0.064158647
Basic iron and steel,Other Real Estate Activities,12,0.034995625546806644,10,0.029163021289005542,22,0.064158647
Other basic metals and casting,Other Real Estate Activities,3,0.008748906,31,0.090405366,34,0.099154272
Weapons and ammunition,Other Real Estate Activities,0,0,0,0,0,0
Other fabricated metal products,Other Real Estate Activities,29,0.084572762,8,0.023330417,37,0.10790317876932051
Computer and electronic products,Other Real Estate Activities,28,0.08165646,95,0.27704870224555267,123,0.3587051618547682
Electrical equipment,Other Real Estate Activities,4,0.011665208515602215,29,0.084572762,33,0.09623797
Other machinery and equipment,Other Real Estate Activities,4,0.011665208515602215,24,0.069991251,28,0.08165646
Motor vehicles,Other Real Estate Activities,2,0.005832604,23,0.067074949,25,0.072907553
Ships and boats,Other Real Estate Activities,0,0,32,0.093321668,32,0.093321668
Aircraft and spacecraft products,Other Real Estate Activities,0,0,30,0.087489064,30,0.087489064
Other Transport Equipment,Other Real Estate Activities,9,0.026246719160104987,19,0.055409740449110526,28,0.08165646
Furniture,Other Real Estate Activities,1,0.002916302,18,0.052493438,19,0.055409740449110526
Other manufactured goods,Other Real Estate Activities,1,0.002916302,19,0.055409740449110526,20,0.058326043
Ship and boat repair and maintenance,Other Real Estate Activities,0,0,0,0,0,0
Air and spacecraft repair and maintenance,Other Real Estate Activities,0,0,0,0,0,0
Other repair services,Other Real Estate Activities,0,0,13,0.037911927675707204,13,0.037911927675707204
Electricity services,Other Real Estate Activities,1,0.002916302,220,0.6415864683581218,221,0.6445027704870224
"Mains gas, steam and air conditioning services",Other Real Estate Activities,0,0,129,0.3762029746281715,129,0.3762029746281715
Water services,Other Real Estate Activities,0,0,63,0.1837270341207349,63,0.1837270341207349
Sewerage services,Other Real Estate Activities,0,0,28,0.08165646,28,0.08165646
Waste collection and treatment services,Other Real Estate Activities,2,0.005832604,50,0.1458151064450277,52,0.15164771070282881
Remediation and waste management services,Other Real Estate Activities,0,0,11,0.032079323,11,0.032079323
Construction services,Other Real Estate Activities,0,0,10254,29.903762029746282,10254,29.903762029746282
Motor vehicle trade services,Other Real Estate Activities,0,0,17,0.049577136,17,0.049577136
Wholesale trade services,Other Real Estate Activities,1,0.002916302,362,1.0557013706620006,363,1.0586176727909011
Retail trade services,Other Real Estate Activities,0,0,102,0.29746281714785655,102,0.29746281714785655
Rail transport services,Other Real Estate Activities,0,0,12,0.034995625546806644,12,0.034995625546806644
Land transport services,Other Real Estate Activities,6,0.017497812773403322,111,0.3237095363079615,117,0.34120734908136485
Water transport services,Other Real Estate Activities,0,0,0,0,0,0
Air transport services,Other Real Estate Activities,1,0.002916302,6,0.017497812773403322,7,0.020414114902303875
Warehousing services,Other Real Estate Activities,0,0,0,0,0,0
Postal and courier services,Other Real Estate Activities,1,0.002916302,68,0.19830854476523768,69,0.20122484689413825
Accommodation services,Other Real Estate Activities,7,0.020414114902303878,45,0.13123359580052493,52,0.15164771070282881
Food and beverage services,Other Real Estate Activities,35,0.1020705745115194,21,0.061242345,56,0.16331291921843102
Publishing services,Other Real Estate Activities,0,0,0,0,0,0
Media Production services,Other Real Estate Activities,0,0,0,0,0,0
Telecommunications services,Other Real Estate Activities,1,0.002916302,375,1.0936132983377078,376,1.0965296004666083
Computer programming services,Other Real Estate Activities,9,0.026246719160104987,1022,2.980460775736366,1031,3.006707494896471
Information services,Other Real Estate Activities,1,0.002916302,4,0.011665208515602215,5,0.014581511
Financial services (excl. insurance and pensions),Other Real Estate Activities,701,2.0443277923592884,5442,15.870516185476816,6143,17.914843977836107
Insurance and pension services,Other Real Estate Activities,0,0,77,0.22455526392534267,77,0.22455526392534267
Auxiliary financial services,Other Real Estate Activities,0,0,113,0.32954214056576264,113,0.32954214056576264
Real estate services,Other Real Estate Activities,0,0,106,0.30912802566345876,106,0.30912802566345876
Owner-occupier housing services,Other Real Estate Activities,0,0,0,0,0,0
Other real estate services,Other Real Estate Activities,3,0.008748906,4031,11.755613881598133,4034,11.764362787984835
Legal services,Other Real Estate Activities,11,0.032079323,523,1.5252260134149898,534,1.557305336832896
Accounting and tax services,Other Real Estate Activities,5,0.014581510644502771,234,0.6824146981627297,239,0.6969962088072325
Management consulting services,Other Real Estate Activities,92,0.26829979585885094,836,2.4380285797608634,928,2.7063283756197145
Architectural and engineering services,Other Real Estate Activities,2,0.005832604,19,0.055409740449110526,21,0.061242345
Scientific research and development services,Other Real Estate Activities,0,0,0,0,0,0
Advertising and market research services,Other Real Estate Activities,52,0.15164771070282881,211,0.6153397491980169,263,0.7669874599008457
Other scientific and technical services,Other Real Estate Activities,0,0,49,0.14289880431612717,49,0.14289880431612717
Veterinary services,Other Real Estate Activities,0,0,4,0.011665208515602215,4,0.011665208515602215
Rental and leasing services,Other Real Estate Activities,5,0.014581510644502771,234,0.6824146981627297,239,0.6969962088072325
Employment services,Other Real Estate Activities,5,0.014581510644502771,289,0.8428113152522602,294,0.8573928258967629
Travel services,Other Real Estate Activities,1,0.002916302,0,0,1,0.002916302
Security services,Other Real Estate Activities,0,0,111,0.3237095363079615,111,0.3237095363079615
Building and landscape services,Other Real Estate Activities,1,0.002916302,1402,4.088655584718577,1403,4.091571886847477
Office support services,Other Real Estate Activities,12,0.034995625546806644,209,0.6095071449402159,221,0.6445027704870225
Public administration services (including defence),Other Real Estate Activities,100,0.2916302128900554,5110,14.90230387868183,5210,15.193934091571885
Education services,Other Real Estate Activities,1,0.002916302,102,0.29746281714785655,103,0.3003791192767571
Health services,Other Real Estate Activities,0,0,0,0,0,0
Residential and social care services,Other Real Estate Activities,0,0,0,0,0,0
Arts and entertainment services,Other Real Estate Activities,0,0,0,0,0,0
Libraries and other cultural services,Other Real Estate Activities,0,0,9,0.026246719160104987,9,0.026246719160104987
Gambling services,Other Real Estate Activities,0,0,7,0.020414114902303878,7,0.020414114902303878
Sports and recreation services,Other Real Estate Activities,0,0,0,0,0,0
Membership services,Other Real Estate Activities,0,0,0,0,0,0
Computer repair services,Other Real Estate Activities,0,0,0,0,0,0
Other personal services,Other Real Estate Activities,0,0,0,0,0,0
Agriculture products,Legal Activities,0,0,0,0,0,0
Forestry products,Legal Activities,0,0,0,0,0,0
Fishing products,Legal Activities,0,0,0,0,0,0
Coal and lignite,Legal Activities,0,0,0,0,0,0
"Petroleum, natural gas and mining of metal ores",Legal Activities,0,0,0,0,0,0
Other mining products,Legal Activities,0,0,0,0,0,0
Mining support services,Legal Activities,0,0,0,0,0,0
Meat and preserved meat products,Legal Activities,0,0,0,0,0,0
"Fish, seafood, fruit and vegetables",Legal Activities,0,0,0,0,0,0
Oils and fats,Legal Activities,0,0,0,0,0,0
Dairy products,Legal Activities,0,0,0,0,0,0
Grain mill and starch products,Legal Activities,0,0,0,0,0,0
Bakery products,Legal Activities,0,0,0,0,0,0
Other food products,Legal Activities,0,0,0,0,0,0
Animal feeds,Legal Activities,0,0,0,0,0,0
Alcoholic beverages and tobacco,Legal Activities,0,0,0,0,0,0
Soft drinks,Legal Activities,0,0,0,0,0,0
Textiles,Legal Activities,0,0,0,0,0,0
Clothing,Legal Activities,0,0,0,0,0,0
Leather products,Legal Activities,0,0,0,0,0,0
Wood products (excl. furniture),Legal Activities,0,0,0,0,0,0
Paper products,Legal Activities,0,0,67,0.736830529,67,0.736830529
Printing and recording services,Legal Activities,0,0,129,1.418673705047839,129,1.418673705047839
Coke and refined petroleum products,Legal Activities,1,0.010997470581766195,31,0.340921588,32,0.3519190586165182
Paints and coatings,Legal Activities,0,0,0,0,0,0
Soap and detergents,Legal Activities,0,0,0,0,0,0
Other chemical products,Legal Activities,0,0,0,0,0,0
Industrial gases and fertilizers,Legal Activities,0,0,0,0,0,0
Petrochemicals,Legal Activities,0,0,0,0,0,0
Dyestuffs and agro-chemicals,Legal Activities,0,0,0,0,0,0
Pharmaceutical products,Legal Activities,0,0,0,0,0,0
Rubber and plastic products,Legal Activities,0,0,1,0.010997470581766195,1,0.010997470581766195
Cement and concrete products,Legal Activities,0,0,0,0,0,0
"Glass, ceramic and stone products",Legal Activities,0,0,0,0,0,0
Basic iron and steel,Legal Activities,0,0,0,0,0,0
Other basic metals and casting,Legal Activities,0,0,0,0,0,0
Weapons and ammunition,Legal Activities,0,0,0,0,0,0
Other fabricated metal products,Legal Activities,0,0,0,0,0,0
Computer and electronic products,Legal Activities,17,0.1869569998900253,16,0.17595952930825912,33,0.36291652919828443
Electrical equipment,Legal Activities,0,0,0,0,0,0
Other machinery and equipment,Legal Activities,0,0,0,0,0,0
Motor vehicles,Legal Activities,0,0,0,0,0,0
Ships and boats,Legal Activities,0,0,0,0,0,0
Aircraft and spacecraft products,Legal Activities,0,0,0,0,0,0
Other Transport Equipment,Legal Activities,0,0,0,0,0,0
Furniture,Legal Activities,0,0,0,0,0,0
Other manufactured goods,Legal Activities,0,0,13,0.14296711756296052,13,0.14296711756296052
Ship and boat repair and maintenance,Legal Activities,0,0,0,0,0,0
Air and spacecraft repair and maintenance,Legal Activities,0,0,0,0,0,0
Other repair services,Legal Activities,0,0,83,0.9127900582865941,83,0.9127900582865941
Electricity services,Legal Activities,0,0,152,1.6716155284284613,152,1.6716155284284613
"Mains gas, steam and air conditioning services",Legal Activities,0,0,49,0.5388760585065435,49,0.5388760585065435
Water services,Legal Activities,0,0,33,0.3629165291982844,33,0.3629165291982844
Sewerage services,Legal Activities,0,0,5,0.054987353,5,0.054987353
Waste collection and treatment services,Legal Activities,0,0,12,0.13196964698119432,12,0.13196964698119432
Remediation and waste management services,Legal Activities,0,0,0,0,0,0
Construction services,Legal Activities,0,0,3,0.032992412,3,0.032992412
Motor vehicle trade services,Legal Activities,0,0,28,0.30792917628945343,28,0.30792917628945343
Wholesale trade services,Legal Activities,0,0,42,0.4618937644341801,42,0.4618937644341801
Retail trade services,Legal Activities,0,0,13,0.14296711756296052,13,0.14296711756296052
Rail transport services,Legal Activities,0,0,0,0,0,0
Land transport services,Legal Activities,6,0.065984823,70,0.7698229407236336,76,0.8358077642142308
Water transport services,Legal Activities,0,0,0,0,0,0
Air transport services,Legal Activities,0,0,0,0,0,0
Warehousing services,Legal Activities,0,0,0,0,0,0
Postal and courier services,Legal Activities,1,0.010997470581766195,215,2.3644561750797317,216,2.375453645661498
Accommodation services,Legal Activities,38,0.4179038821071153,39,0.4289013526888816,77,0.8468052347959969
Food and beverage services,Legal Activities,21,0.23094688221709006,96,1.0557571758495545,117,1.2867040580666447
Publishing services,Legal Activities,0,0,0,0,0,0
Media Production services,Legal Activities,0,0,0,0,0,0
Telecommunications services,Legal Activities,2,0.021994941,359,3.948091938854063,361,3.9700868800175955
Computer programming services,Legal Activities,27,0.29693170570768723,1107,12.174199934015178,1134,12.471131639722865
Information services,Legal Activities,3,0.032992412,9,0.098977235,12,0.13196964698119432
Financial services (excl. insurance and pensions),Legal Activities,45,0.4948861761794788,482,5.300780820411306,527,5.795666996590785
Insurance and pension services,Legal Activities,0,0,57,0.6268558231606731,57,0.6268558231606731
Auxiliary financial services,Legal Activities,13,0.14296711756296052,380,4.1790388210711535,393,4.322005938634114
Real estate services,Legal Activities,0,0,6,0.065984823,6,0.065984823
Owner-occupier housing services,Legal Activities,0,0,0,0,0,0
Other real estate services,Legal Activities,3,0.032992412,1782,19.597492576707356,1785,19.630484988452654
Legal services,Legal Activities,784,8.622016936104696,570,6.268558232,1354,14.890575167711425
Accounting and tax services,Legal Activities,4,0.043989882,307,3.3762234686022214,311,3.420213350929286
Management consulting services,Legal Activities,48,0.5278785879247773,163,1.7925877048278895,211,2.3204662927526667
Architectural and engineering services,Legal Activities,0,0,120,1.3196964698119433,120,1.3196964698119433
Scientific research and development services,Legal Activities,0,0,0,0,0,0
Advertising and market research services,Legal Activities,83,0.9127900582865941,203,2.232486528098537,286,3.145276586385131
Other scientific and technical services,Legal Activities,0,0,10,0.10997470581766194,10,0.10997470581766194
Veterinary services,Legal Activities,0,0,0,0,0,0
Rental and leasing services,Legal Activities,7,0.076982294,177,1.9465522929726162,184,2.0235345870449795
Employment services,Legal Activities,9,0.098977235,281,3.0902892334763004,290,3.189266468712196
Travel services,Legal Activities,0,0,0,0,0,0
Security services,Legal Activities,0,0,0,0,0,0
Building and landscape services,Legal Activities,0,0,430,4.728912350159463,430,4.728912350159463
Office support services,Legal Activities,0,0,278,3.057296821731002,278,3.057296821731002
Public administration services (including defence),Legal Activities,4,0.043989882,0,0,4,0.043989882
Education services,Legal Activities,7,0.076982294,151,1.6606180578466954,158,1.7376003519190588
Health services,Legal Activities,0,0,0,0,0,0
Residential and social care services,Legal Activities,0,0,0,0,0,0
Arts and entertainment services,Legal Activities,0,0,0,0,0,0
Libraries and other cultural services,Legal Activities,0,0,0,0,0,0
Gambling services,Legal Activities,0,0,0,0,0,0
Sports and recreation services,Legal Activities,0,0,0,0,0,0
Membership services,Legal Activities,1,0.010997470581766195,0,0,1,0.010997470581766195
Computer repair services,Legal Activities,0,0,0,0,0,0
Other personal services,Legal Activities,0,0,0,0,0,0
Agriculture products,Accounting and Tax Consultancy,0,0,0,0,0,0
Forestry products,Accounting and Tax Consultancy,0,0,0,0,0,0
Fishing products,Accounting and Tax Consultancy,0,0,0,0,0,0
Coal and lignite,Accounting and Tax Consultancy,0,0,0,0,0,0
"Petroleum, natural gas and mining of metal ores",Accounting and Tax Consultancy,0,0,0,0,0,0
Other mining products,Accounting and Tax Consultancy,0,0,0,0,0,0
Mining support services,Accounting and Tax Consultancy,0,0,0,0,0,0
Meat and preserved meat products,Accounting and Tax Consultancy,0,0,1,0.015644555694618274,1,0.015644555694618274
"Fish, seafood, fruit and vegetables",Accounting and Tax Consultancy,0,0,1,0.015644555694618274,1,0.015644555694618274
Oils and fats,Accounting and Tax Consultancy,0,0,0,0,0,0
Dairy products,Accounting and Tax Consultancy,0,0,0,0,0,0
Grain mill and starch products,Accounting and Tax Consultancy,0,0,2,0.031289111,2,0.031289111
Bakery products,Accounting and Tax Consultancy,0,0,1,0.015644555694618274,1,0.015644555694618274
Other food products,Accounting and Tax Consultancy,0,0,2,0.031289111,2,0.031289111
Animal feeds,Accounting and Tax Consultancy,0,0,0,0,0,0
Alcoholic beverages and tobacco,Accounting and Tax Consultancy,0,0,1,0.015644555694618274,1,0.015644555694618274
Soft drinks,Accounting and Tax Consultancy,0,0,1,0.015644555694618274,1,0.015644555694618274
Textiles,Accounting and Tax Consultancy,0,0,0,0,0,0
Clothing,Accounting and Tax Consultancy,0,0,0,0,0,0
Leather products,Accounting and Tax Consultancy,0,0,0,0,0,0
Wood products (excl. furniture),Accounting and Tax Consultancy,0,0,0,0,0,0
Paper products,Accounting and Tax Consultancy,2,0.031289111,62,0.969962453,64,1.0012515644555695
Printing and recording services,Accounting and Tax Consultancy,0,0,0,0,0,0
Coke and refined petroleum products,Accounting and Tax Consultancy,0,0,37,0.5788485607008761,37,0.5788485607008761
Paints and coatings,Accounting and Tax Consultancy,0,0,0,0,0,0
Soap and detergents,Accounting and Tax Consultancy,0,0,0,0,0,0
Other chemical products,Accounting and Tax Consultancy,0,0,0,0,0,0
Industrial gases and fertilizers,Accounting and Tax Consultancy,0,0,0,0,0,0
Petrochemicals,Accounting and Tax Consultancy,0,0,0,0,0,0
Dyestuffs and agro-chemicals,Accounting and Tax Consultancy,0,0,0,0,0,0
Pharmaceutical products,Accounting and Tax Consultancy,0,0,0,0,0,0
Rubber and plastic products,Accounting and Tax Consultancy,0,0,0,0,0,0
Cement and concrete products,Accounting and Tax Consultancy,0,0,0,0,0,0
"Glass, ceramic and stone products",Accounting and Tax Consultancy,0,0,0,0,0,0
Basic iron and steel,Accounting and Tax Consultancy,0,0,0,0,0,0
Other basic metals and casting,Accounting and Tax Consultancy,0,0,0,0,0,0
Weapons and ammunition,Accounting and Tax Consultancy,0,0,0,0,0,0
Other fabricated metal products,Accounting and Tax Consultancy,0,0,0,0,0,0
Computer and electronic products,Accounting and Tax Consultancy,11,0.172090113,13,0.20337922403003755,24,0.3754693366708386
Electrical equipment,Accounting and Tax Consultancy,0,0,0,0,0,0
Other machinery and equipment,Accounting and Tax Consultancy,0,0,0,0,0,0
Motor vehicles,Accounting and Tax Consultancy,0,0,0,0,0,0
Ships and boats,Accounting and Tax Consultancy,0,0,0,0,0,0
Aircraft and spacecraft products,Accounting and Tax Consultancy,0,0,0,0,0,0
Other Transport Equipment,Accounting and Tax Consultancy,0,0,0,0,0,0
Furniture,Accounting and Tax Consultancy,0,0,0,0,0,0
Other manufactured goods,Accounting and Tax Consultancy,0,0,0,0,0,0
Ship and boat repair and maintenance,Accounting and Tax Consultancy,0,0,0,0,0,0
Air and spacecraft repair and maintenance,Accounting and Tax Consultancy,0,0,0,0,0,0
Other repair services,Accounting and Tax Consultancy,0,0,53,0.8291614518147685,53,0.8291614518147685
Electricity services,Accounting and Tax Consultancy,0,0,71,1.1107634543178975,71,1.1107634543178975
"Mains gas, steam and air conditioning services",Accounting and Tax Consultancy,0,0,18,0.2816020025031289,18,0.2816020025031289
Water services,Accounting and Tax Consultancy,0,0,20,0.31289111389236546,20,0.31289111389236546
Sewerage services,Accounting and Tax Consultancy,0,0,1,0.015644555694618274,1,0.015644555694618274
Waste collection and treatment services,Accounting and Tax Consultancy,0,0,11,0.172090113,11,0.172090113
Remediation and waste management services,Accounting and Tax Consultancy,0,0,0,0,0,0
Construction services,Accounting and Tax Consultancy,0,0,1,0.015644555694618274,1,0.015644555694618274
Motor vehicle trade services,Accounting and Tax Consultancy,0,0,44,0.688360451,44,0.688360451
Wholesale trade services,Accounting and Tax Consultancy,0,0,34,0.5319148936170213,34,0.5319148936170213
Retail trade services,Accounting and Tax Consultancy,0,0,6,0.093867334,6,0.093867334
Rail transport services,Accounting and Tax Consultancy,0,0,0,0,0,0
Land transport services,Accounting and Tax Consultancy,8,0.1251564455569462,12,0.18773466833541927,20,0.31289111389236546
Water transport services,Accounting and Tax Consultancy,0,0,0,0,0,0
Air transport services,Accounting and Tax Consultancy,10,0.15644555694618273,270,4.2240300375469335,280,4.380475594493117
Warehousing services,Accounting and Tax Consultancy,0,0,0,0,0,0
Postal and courier services,Accounting and Tax Consultancy,0,0,136,2.127659574468085,136,2.127659574468085
Accommodation services,Accounting and Tax Consultancy,16,0.2503128911138924,224,3.504380475594493,240,3.7546933667083855
Food and beverage services,Accounting and Tax Consultancy,9,0.14080100125156444,70,1.0951188986232792,79,1.2359198998748435
Publishing services,Accounting and Tax Consultancy,0,0,0,0,0,0
Media Production services,Accounting and Tax Consultancy,0,0,0,0,0,0
Telecommunications services,Accounting and Tax Consultancy,1,0.015644555694618274,135,2.1120150187734668,136,2.127659574468085
Computer programming services,Accounting and Tax Consultancy,21,0.3285356695869837,981,15.347309136420526,1002,15.67584480600751
Information services,Accounting and Tax Consultancy,6,0.093867334,214,3.3479349186483107,220,3.441802253
Financial services (excl. insurance and pensions),Accounting and Tax Consultancy,94,1.4705882352941175,362,5.663329161451815,456,7.133917396745932
Insurance and pension services,Accounting and Tax Consultancy,0,0,45,0.7040050062578223,45,0.7040050062578223
Auxiliary financial services,Accounting and Tax Consultancy,37,0.5788485607008761,57,0.8917396745932415,94,1.4705882352941178
Real estate services,Accounting and Tax Consultancy,0,0,0,0,0,0
Owner-occupier housing services,Accounting and Tax Consultancy,0,0,0,0,0,0
Other real estate services,Accounting and Tax Consultancy,1,0.015644555694618274,297,4.646433041301627,298,4.662077596996245
Legal services,Accounting and Tax Consultancy,5,0.078222778,525,8.213391739674593,530,8.291614518147684
Accounting and tax services,Accounting and Tax Consultancy,946,14.799749687108887,1,0.015644555694618274,947,14.815394242803505
Management consulting services,Accounting and Tax Consultancy,22,0.344180225,141,2.2058823529411766,163,2.5500625782227786
Architectural and engineering services,Accounting and Tax Consultancy,0,0,1,0.015644555694618274,1,0.015644555694618274
Scientific research and development services,Accounting and Tax Consultancy,0,0,0,0,0,0
Advertising and market research services,Accounting and Tax Consultancy,6,0.093867334,133,2.080725907,139,2.1745932415519396
Other scientific and technical services,Accounting and Tax Consultancy,0,0,65,1.0168961201501876,65,1.0168961201501876
Veterinary services,Accounting and Tax Consultancy,0,0,0,0,0,0
Rental and leasing services,Accounting and Tax Consultancy,3,0.046933667,57,0.8917396745932415,60,0.9386733416770964
Employment services,Accounting and Tax Consultancy,13,0.20337922403003755,296,4.630788485607009,309,4.834167709637046
Travel services,Accounting and Tax Consultancy,0,0,10,0.15644555694618273,10,0.15644555694618273
Security services,Accounting and Tax Consultancy,0,0,0,0,0,0
Building and landscape services,Accounting and Tax Consultancy,0,0,0,0,0,0
Office support services,Accounting and Tax Consultancy,0,0,458,7.165206508135169,458,7.165206508135169
Public administration services (including defence),Accounting and Tax Consultancy,0,0,4,0.062578223,4,0.062578223
Education services,Accounting and Tax Consultancy,12,0.18773466833541927,294,4.599499374217772,306,4.787234042553191
Health services,Accounting and Tax Consultancy,0,0,0,0,0,0
Residential and social care services,Accounting and Tax Consultancy,0,0,0,0,0,0
Arts and entertainment services,Accounting and Tax Consultancy,0,0,0,0,0,0
Libraries and other cultural services,Accounting and Tax Consultancy,0,0,0,0,0,0
Gambling services,Accounting and Tax Consultancy,0,0,0,0,0,0
Sports and recreation services,Accounting and Tax Consultancy,0,0,0,0,0,0
Membership services,Accounting and Tax Consultancy,0,0,1,0.015644555694618274,1,0.015644555694618274
Computer repair services,Accounting and Tax Consultancy,0,0,0,0,0,0
Other personal services,Accounting and Tax Consultancy,0,0,0,0,0,0
Agriculture products,Management Consultancy,0,0,0,0,0,0
Forestry products,Management Consultancy,0,0,0,0,0,0
Fishing products,Management Consultancy,0,0,0,0,0,0
Coal and lignite,Management Consultancy,0,0,0,0,0,0
"Petroleum, natural gas and mining of metal ores",Management Consultancy,0,0,0,0,0,0
Other mining products,Management Consultancy,0,0,0,0,0,0
Mining support services,Management Consultancy,0,0,0,0,0,0
Meat and preserved meat products,Management Consultancy,0,0,0,0,0,0
"Fish, seafood, fruit and vegetables",Management Consultancy,0,0,0,0,0,0
Oils and fats,Management Consultancy,0,0,0,0,0,0
Dairy products,Management Consultancy,0,0,0,0,0,0
Grain mill and starch products,Management Consultancy,0,0,0,0,0,0
Bakery products,Management Consultancy,0,0,0,0,0,0
Other food products,Management Consultancy,0,0,0,0,0,0
Animal feeds,Management Consultancy,0,0,0,0,0,0
Alcoholic beverages and tobacco,Management Consultancy,0,0,0,0,0,0
Soft drinks,Management Consultancy,0,0,0,0,0,0
Textiles,Management Consultancy,0,0,0,0,0,0
Clothing,Management Consultancy,0,0,0,0,0,0
Leather products,Management Consultancy,0,0,0,0,0,0
Wood products (excl. furniture),Management Consultancy,0,0,0,0,0,0
Paper products,Management Consultancy,93,0.3035644339992166,0,0,93,0.3035644339992166
Printing and recording services,Management Consultancy,0,0,0,0,0,0
Coke and refined petroleum products,Management Consultancy,6,0.019584802193497845,54,0.17626321974148063,60,0.19584802193497847
Paints and coatings,Management Consultancy,0,0,0,0,0,0
Soap and detergents,Management Consultancy,0,0,0,0,0,0
Other chemical products,Management Consultancy,0,0,0,0,0,0
Industrial gases and fertilizers,Management Consultancy,0,0,0,0,0,0
Petrochemicals,Management Consultancy,0,0,0,0,0,0
Dyestuffs and agro-chemicals,Management Consultancy,0,0,0,0,0,0
Pharmaceutical products,Management Consultancy,0,0,0,0,0,0
Rubber and plastic products,Management Consultancy,2,0.006528267,0,0,2,0.006528267
Cement and concrete products,Management Consultancy,0,0,0,0,0,0
"Glass, ceramic and stone products",Management Consultancy,0,0,0,0,0,0
Basic iron and steel,Management Consultancy,0,0,0,0,0,0
Other basic metals and casting,Management Consultancy,0,0,0,0,0,0
Weapons and ammunition,Management Consultancy,0,0,0,0,0,0
Other fabricated metal products,Management Consultancy,0,0,0,0,0,0
Computer and electronic products,Management Consultancy,7,0.022848935892414154,0,0,7,0.022848935892414154
Electrical equipment,Management Consultancy,41,0.13382948165556863,0,0,41,0.13382948165556863
Other machinery and equipment,Management Consultancy,0,0,3,0.009792401,3,0.009792401
Motor vehicles,Management Consultancy,32,0.10445227836532185,47,0.15341428384906647,79,0.2578665622143883
Ships and boats,Management Consultancy,0,0,0,0,0,0
Aircraft and spacecraft products,Management Consultancy,0,0,0,0,0,0
Other Transport Equipment,Management Consultancy,0,0,0,0,0,0
Furniture,Management Consultancy,0,0,0,0,0,0
Other manufactured goods,Management Consultancy,10,0.032641337,0,0,10,0.032641337
Ship and boat repair and maintenance,Management Consultancy,0,0,0,0,0,0
Air and spacecraft repair and maintenance,Management Consultancy,0,0,0,0,0,0
Other repair services,Management Consultancy,11,0.035905471,96,0.3133568350959655,107,0.3492623057840449
Electricity services,Management Consultancy,1,0.003264134,255,0.8323540932236584,256,0.8356182269225747
"Mains gas, steam and air conditioning services",Management Consultancy,1,0.003264134,35,0.11424467946207076,36,0.11750881316098706
Water services,Management Consultancy,0,0,37,0.12077294685990338,37,0.12077294685990338
Sewerage services,Management Consultancy,0,0,9,0.029377203,9,0.029377203
Waste collection and treatment services,Management Consultancy,14,0.045697872,1,0.003264134,15,0.048962005
Remediation and waste management services,Management Consultancy,0,0,0,0,0,0
Construction services,Management Consultancy,15,0.048962005,1659,5.415197806502154,1674,5.4641598119858985
Motor vehicle trade services,Management Consultancy,1,0.003264134,31,0.10118814466640554,32,0.10445227836532184
Wholesale trade services,Management Consultancy,2,0.006528267,61,0.19911215563389478,63,0.2056404230317274
Retail trade services,Management Consultancy,0,0,21,0.068546808,21,0.068546808
Rail transport services,Management Consultancy,0,0,0,0,0,0
Land transport services,Management Consultancy,81,0.26439482961222094,30,0.097924011,111,0.3623188405797102
Water transport services,Management Consultancy,0,0,0,0,0,0
Air transport services,Management Consultancy,138,0.45045045045045046,341,1.113069591330461,479,1.5635200417809114
Warehousing services,Management Consultancy,0,0,3,0.009792401,3,0.009792401
Postal and courier services,Management Consultancy,1,0.003264134,160,0.5222613918266092,161,0.5255255255255256
Accommodation services,Management Consultancy,398,1.2991252121686903,90,0.2937720329024677,488,1.5928972450711578
Food and beverage services,Management Consultancy,93,0.3035644339992166,123,0.4014884449667059,216,0.7050528789659225
Publishing services,Management Consultancy,3,0.009792401,0,0,3,0.009792401
Media Production services,Management Consultancy,0,0,0,0,0,0
Telecommunications services,Management Consultancy,397,1.2958610784697742,346,1.1293902598250425,743,2.4252513382948164
Computer programming services,Management Consultancy,276,0.9009009009009009,2351,7.673978326152239,2627,8.574879227
Information services,Management Consultancy,103,0.3362057709883797,229,0.7474866170518344,332,1.083692388040214
Financial services (excl. insurance and pensions),Management Consultancy,334,1.0902206554380467,591,1.9291030160595377,925,3.0193236714975846
Insurance and pension services,Management Consultancy,0,0,195,0.636506071,195,0.636506071
Auxiliary financial services,Management Consultancy,157,0.5124689907298603,1480,4.830917874396135,1637,5.3433868651259955
Real estate services,Management Consultancy,3,0.009792401,2,0.006528267,5,0.016320668
Owner-occupier housing services,Management Consultancy,0,0,0,0,0,0
Other real estate services,Management Consultancy,2,0.006528267,944,3.0813422117769944,946,3.087870479174827
Legal services,Management Consultancy,101,0.32967750359054704,2284,7.4552813683248464,2385,7.784958871915394
Accounting and tax services,Management Consultancy,75,0.24481002741872307,1045,3.4110197153675417,1120,3.6558297427862647
Management consulting services,Management Consultancy,8664,28.28045436741089,763,2.4905340122731427,9427,30.770988379684034
Architectural and engineering services,Management Consultancy,26,0.084867476,475,1.5504635069852462,501,1.6353309831570702
Scientific research and development services,Management Consultancy,0,0,0,0,0,0
Advertising and market research services,Management Consultancy,147,0.4798276537406972,267,0.8715236976106541,414,1.3513513513513513
Other scientific and technical services,Management Consultancy,0,0,242,0.7899203551377465,242,0.7899203551377465
Veterinary services,Management Consultancy,0,0,0,0,0,0
Rental and leasing services,Management Consultancy,102,0.3329416372894634,186,0.6071288679984332,288,0.9400705052878966
Employment services,Management Consultancy,257,0.838882361,280,0.9139574356965661,537,1.752839796318057
Travel services,Management Consultancy,2,0.006528267,133,0.43412978195586893,135,0.44065804935370156
Security services,Management Consultancy,0,0,0,0,0,0
Building and landscape services,Management Consultancy,0,0,727,2.373025199112156,727,2.373025199112156
Office support services,Management Consultancy,2927,9.554119336728032,0,0,2927,9.554119336728032
Public administration services (including defence),Management Consultancy,63,0.2056404230317274,112,0.36558297427862646,175,0.5712233973103539
Education services,Management Consultancy,64,0.2089045567306437,277,0.9041650345998173,341,1.1130695913304611
Health services,Management Consultancy,0,0,0,0,0,0
Residential and social care services,Management Consultancy,0,0,0,0,0,0
Arts and entertainment services,Management Consultancy,0,0,0,0,0,0
Libraries and other cultural services,Management Consultancy,0,0,0,0,0,0
Gambling services,Management Consultancy,0,0,0,0,0,0
Sports and recreation services,Management Consultancy,0,0,0,0,0,0
Membership services,Management Consultancy,1,0.003264134,0,0,1,0.003264134
Computer repair services,Management Consultancy,0,0,0,0,0,0
Other personal services,Management Consultancy,0,0,0,0,0,0
Agriculture products,Architectural and Engineering Activities,0,0,0,0,0,0
Forestry products,Architectural and Engineering Activities,0,0,0,0,0,0
Fishing products,Architectural and Engineering Activities,0,0,0,0,0,0
Coal and lignite,Architectural and Engineering Activities,0,0,0,0,0,0
"Petroleum, natural gas and mining of metal ores",Architectural and Engineering Activities,92,0.30692243536280234,0,0,92,0.30692243536280234
Other mining products,Architectural and Engineering Activities,0,0,0,0,0,0
Mining support services,Architectural and Engineering Activities,0,0,0,0,0,0
Meat and preserved meat products,Architectural and Engineering Activities,0,0,1,0.003336113,1,0.003336113
"Fish, seafood, fruit and vegetables",Architectural and Engineering Activities,0,0,0,0,0,0
Oils and fats,Architectural and Engineering Activities,0,0,0,0,0,0
Dairy products,Architectural and Engineering Activities,0,0,0,0,0,0
Grain mill and starch products,Architectural and Engineering Activities,0,0,0,0,0,0
Bakery products,Architectural and Engineering Activities,0,0,2,0.006672227,2,0.006672227
Other food products,Architectural and Engineering Activities,5,0.016680567139282735,1,0.003336113,6,0.020016680567139282
Animal feeds,Architectural and Engineering Activities,0,0,0,0,0,0
Alcoholic beverages and tobacco,Architectural and Engineering Activities,0,0,0,0,0,0
Soft drinks,Architectural and Engineering Activities,0,0,0,0,0,0
Textiles,Architectural and Engineering Activities,0,0,0,0,0,0
Clothing,Architectural and Engineering Activities,0,0,0,0,0,0
Leather products,Architectural and Engineering Activities,0,0,0,0,0,0
Wood products (excl. furniture),Architectural and Engineering Activities,0,0,0,0,0,0
Paper products,Architectural and Engineering Activities,1,0.003336113,28,0.093411176,29,0.096747289
Printing and recording services,Architectural and Engineering Activities,0,0,0,0,0,0
Coke and refined petroleum products,Architectural and Engineering Activities,5,0.016680567139282735,64,0.213511259,69,0.23019182652210174
Paints and coatings,Architectural and Engineering Activities,0,0,0,0,0,0
Soap and detergents,Architectural and Engineering Activities,0,0,0,0,0,0
Other chemical products,Architectural and Engineering Activities,201,0.6705587989991659,0,0,201,0.6705587989991659
Industrial gases and fertilizers,Architectural and Engineering Activities,0,0,0,0,0,0
Petrochemicals,Architectural and Engineering Activities,385,1.2844036697247707,312,1.0408673894912428,697,2.3252710592160133
Dyestuffs and agro-chemicals,Architectural and Engineering Activities,0,0,0,0,0,0
Pharmaceutical products,Architectural and Engineering Activities,0,0,0,0,0,0
Rubber and plastic products,Architectural and Engineering Activities,0,0,0,0,0,0
Cement and concrete products,Architectural and Engineering Activities,0,0,0,0,0,0
"Glass, ceramic and stone products",Architectural and Engineering Activities,0,0,0,0,0,0
Basic iron and steel,Architectural and Engineering Activities,119,0.39699749791492916,58,0.19349457881567975,177,0.5904920767306089
Other basic metals and casting,Architectural and Engineering Activities,0,0,0,0,0,0
Weapons and ammunition,Architectural and Engineering Activities,0,0,0,0,0,0
Other fabricated metal products,Architectural and Engineering Activities,146,0.4870725604670559,47,0.1567973311092577,193,0.6438698915763136
Computer and electronic products,Architectural and Engineering Activities,485,1.6180150125104253,824,2.748957464553795,1309,4.366972477
Electrical equipment,Architectural and Engineering Activities,200,0.6672226855713094,4,0.013344453711426188,204,0.6805671392827356
Other machinery and equipment,Architectural and Engineering Activities,333,1.1109257714762302,107,0.35696413678065053,440,1.4678899082568808
Motor vehicles,Architectural and Engineering Activities,0,0,0,0,0,0
Ships and boats,Architectural and Engineering Activities,0,0,0,0,0,0
Aircraft and spacecraft products,Architectural and Engineering Activities,0,0,0,0,0,0
Other Transport Equipment,Architectural and Engineering Activities,0,0,0,0,0,0
Furniture,Architectural and Engineering Activities,0,0,0,0,0,0
Other manufactured goods,Architectural and Engineering Activities,3,0.010008340283569641,0,0,3,0.010008340283569641
Ship and boat repair and maintenance,Architectural and Engineering Activities,0,0,0,0,0,0
Air and spacecraft repair and maintenance,Architectural and Engineering Activities,0,0,0,0,0,0
Other repair services,Architectural and Engineering Activities,4,0.013344453711426188,99,0.3302752293577982,103,0.34361968306922436
Electricity services,Architectural and Engineering Activities,1,0.003336113,129,0.4303586321934946,130,0.43369474562135113
"Mains gas, steam and air conditioning services",Architectural and Engineering Activities,0,0,35,0.11676396997497916,35,0.11676396997497916
Water services,Architectural and Engineering Activities,0,0,53,0.176814012,53,0.176814012
Sewerage services,Architectural and Engineering Activities,0,0,25,0.083402836,25,0.083402836
Waste collection and treatment services,Architectural and Engineering Activities,4,0.013344453711426188,29,0.096747289,33,0.11009174311926606
Remediation and waste management services,Architectural and Engineering Activities,0,0,0,0,0,0
Construction services,Architectural and Engineering Activities,121,0.40366972477064217,330,1.1009174311926606,451,1.5045871559633028
Motor vehicle trade services,Architectural and Engineering Activities,1,0.003336113,17,0.056713928,18,0.060050042
Wholesale trade services,Architectural and Engineering Activities,14,0.046705587989991665,840,2.802335279,854,2.8490408673894914
Retail trade services,Architectural and Engineering Activities,0,0,194,0.6472060050041701,194,0.6472060050041701
Rail transport services,Architectural and Engineering Activities,0,0,0,0,0,0
Land transport services,Architectural and Engineering Activities,33,0.11009174311926606,239,0.7973311092577148,272,0.9074228523769808
Water transport services,Architectural and Engineering Activities,0,0,0,0,0,0
Air transport services,Architectural and Engineering Activities,0,0,0,0,0,0
Warehousing services,Architectural and Engineering Activities,6,0.020016680567139282,8,0.026688907422852376,14,0.046705588
Postal and courier services,Architectural and Engineering Activities,3,0.010008340283569641,28,0.093411176,31,0.10341951626355297
Accommodation services,Architectural and Engineering Activities,0,0,0,0,0,0
Food and beverage services,Architectural and Engineering Activities,17,0.056713928,4,0.013344453711426188,21,0.070058382
Publishing services,Architectural and Engineering Activities,0,0,0,0,0,0
Media Production services,Architectural and Engineering Activities,0,0,0,0,0,0
Telecommunications services,Architectural and Engineering Activities,266,0.8874061718098415,0,0,266,0.8874061718098415
Computer programming services,Architectural and Engineering Activities,69,0.23019182652210174,730,2.4353628023352796,799,2.6655546288573815
Information services,Architectural and Engineering Activities,67,0.22351959966638865,0,0,67,0.22351959966638865
Financial services (excl. insurance and pensions),Architectural and Engineering Activities,176,0.5871559633027523,738,2.4620517097581316,914,3.049207673060884
Insurance and pension services,Architectural and Engineering Activities,1,0.003336113,179,0.5971643035863219,180,0.6005004170141784
Auxiliary financial services,Architectural and Engineering Activities,23,0.076730609,1473,4.914095079232694,1496,4.990825688073395
Real estate services,Architectural and Engineering Activities,12,0.040033361134278564,0,0,12,0.040033361134278564
Owner-occupier housing services,Architectural and Engineering Activities,0,0,0,0,0,0
Other real estate services,Architectural and Engineering Activities,2,0.006672227,477,1.5913261050875729,479,1.597998331943286
Legal services,Architectural and Engineering Activities,17,0.056713928,84,0.28023352793994993,101,0.33694745621351124
Accounting and tax services,Architectural and Engineering Activities,12,0.040033361134278564,218,0.7272727272727273,230,0.7673060884070059
Management consulting services,Architectural and Engineering Activities,209,0.6972477064220184,425,1.4178482068390326,634,2.115095913261051
Architectural and engineering services,Architectural and Engineering Activities,2933,9.784820683903254,10313,34.40533778148457,13246,44.190158465387825
Scientific research and development services,Architectural and Engineering Activities,0,0,0,0,0,0
Advertising and market research services,Architectural and Engineering Activities,15,0.050041701,383,1.2777314428690576,398,1.3277731442869058
Other scientific and technical services,Architectural and Engineering Activities,0,0,56,0.18682235195996666,56,0.18682235195996666
Veterinary services,Architectural and Engineering Activities,0,0,0,0,0,0
Rental and leasing services,Architectural and Engineering Activities,26,0.086738949,499,1.664720600500417,525,1.7514595496246872
Employment services,Architectural and Engineering Activities,52,0.17347789824854043,451,1.5045871559633028,503,1.6780650542118432
Travel services,Architectural and Engineering Activities,0,0,0,0,0,0
Security services,Architectural and Engineering Activities,0,0,0,0,0,0
Building and landscape services,Architectural and Engineering Activities,1,0.003336113,259,0.8640533778148458,260,0.8673894912427024
Office support services,Architectural and Engineering Activities,29,0.096747289,1,0.003336113,30,0.10008340283569642
Public administration services (including defence),Architectural and Engineering Activities,141,0.4703919933277731,3950,13.17764804003336,4091,13.648040033361132
Education services,Architectural and Engineering Activities,15,0.050041701,16,0.053377815,31,0.10341951626355295
Health services,Architectural and Engineering Activities,0,0,0,0,0,0
Residential and social care services,Architectural and Engineering Activities,0,0,0,0,0,0
Arts and entertainment services,Architectural and Engineering Activities,0,0,0,0,0,0
Libraries and other cultural services,Architectural and Engineering Activities,0,0,0,0,0,0
Gambling services,Architectural and Engineering Activities,0,0,0,0,0,0
Sports and recreation services,Architectural and Engineering Activities,0,0,0,0,0,0
Membership services,Architectural and Engineering Activities,0,0,0,0,0,0
Computer repair services,Architectural and Engineering Activities,0,0,0,0,0,0
Other personal services,Architectural and Engineering Activities,0,0,0,0,0,0
Agriculture products,Scientific Research and Development,0,0,0,0,0,0
Forestry products,Scientific Research and Development,0,0,0,0,0,0
Fishing products,Scientific Research and Development,0,0,0,0,0,0
Coal and lignite,Scientific Research and Development,0,0,0,0,0,0
"Petroleum, natural gas and mining of metal ores",Scientific Research and Development,0,0,0,0,0,0
Other mining products,Scientific Research and Development,0,0,0,0,0,0
Mining support services,Scientific Research and Development,0,0,0,0,0,0
Meat and preserved meat products,Scientific Research and Development,0,0,0,0,0,0
"Fish, seafood, fruit and vegetables",Scientific Research and Development,0,0,0,0,0,0
Oils and fats,Scientific Research and Development,0,0,0,0,0,0
Dairy products,Scientific Research and Development,0,0,0,0,0,0
Grain mill and starch products,Scientific Research and Development,0,0,0,0,0,0
Bakery products,Scientific Research and Development,0,0,0,0,0,0
Other food products,Scientific Research and Development,0,0,0,0,0,0
Animal feeds,Scientific Research and Development,0,0,0,0,0,0
Alcoholic beverages and tobacco,Scientific Research and Development,0,0,0,0,0,0
Soft drinks,Scientific Research and Development,0,0,0,0,0,0
Textiles,Scientific Research and Development,0,0,0,0,0,0
Clothing,Scientific Research and Development,0,0,0,0,0,0
Leather products,Scientific Research and Development,0,0,0,0,0,0
Wood products (excl. furniture),Scientific Research and Development,0,0,0,0,0,0
Paper products,Scientific Research and Development,9,0.043196544,234,1.123110151187905,243,1.1663066954643628
Printing and recording services,Scientific Research and Development,0,0,0,0,0,0
Coke and refined petroleum products,Scientific Research and Development,3,0.014398848092152626,7,0.033597312215022795,10,0.04799616
Paints and coatings,Scientific Research and Development,0,0,0,0,0,0
Soap and detergents,Scientific Research and Development,0,0,0,0,0,0
Other chemical products,Scientific Research and Development,130,0.6239500839932804,0,0,130,0.6239500839932804
Industrial gases and fertilizers,Scientific Research and Development,9,0.043196544,0,0,9,0.043196544
Petrochemicals,Scientific Research and Development,144,0.6911447084233261,118,0.566354692,262,1.2574994000479962
Dyestuffs and agro-chemicals,Scientific Research and Development,1,0.004799616,0,0,1,0.004799616
Pharmaceutical products,Scientific Research and Development,718,3.446124310055196,0,0,718,3.446124310055196
Rubber and plastic products,Scientific Research and Development,34,0.16318694504439646,0,0,34,0.16318694504439646
Cement and concrete products,Scientific Research and Development,0,0,0,0,0,0
"Glass, ceramic and stone products",Scientific Research and Development,0,0,0,0,0,0
Basic iron and steel,Scientific Research and Development,0,0,0,0,0,0
Other basic metals and casting,Scientific Research and Development,0,0,0,0,0,0
Weapons and ammunition,Scientific Research and Development,0,0,0,0,0,0
Other fabricated metal products,Scientific Research and Development,0,0,0,0,0,0
Computer and electronic products,Scientific Research and Development,14,0.067194624,0,0,14,0.067194624
Electrical equipment,Scientific Research and Development,17,0.081593473,0,0,17,0.081593473
Other machinery and equipment,Scientific Research and Development,0,0,0,0,0,0
Motor vehicles,Scientific Research and Development,0,0,0,0,0,0
Ships and boats,Scientific Research and Development,0,0,0,0,0,0
Aircraft and spacecraft products,Scientific Research and Development,0,0,0,0,0,0
Other Transport Equipment,Scientific Research and Development,0,0,0,0,0,0
Furniture,Scientific Research and Development,0,0,0,0,0,0
Other manufactured goods,Scientific Research and Development,10,0.04799616,0,0,10,0.04799616
Ship and boat repair and maintenance,Scientific Research and Development,0,0,0,0,0,0
Air and spacecraft repair and maintenance,Scientific Research and Development,0,0,0,0,0,0
Other repair services,Scientific Research and Development,13,0.062395008,65,0.3119750419966402,78,0.37437005039596827
Electricity services,Scientific Research and Development,0,0,78,0.3743700503959683,78,0.3743700503959683
"Mains gas, steam and air conditioning services",Scientific Research and Development,0,0,17,0.081593473,17,0.081593473
Water services,Scientific Research and Development,0,0,6,0.028797696184305253,6,0.028797696184305253
Sewerage services,Scientific Research and Development,0,0,1,0.004799616,1,0.004799616
Waste collection and treatment services,Scientific Research and Development,7,0.033597312215022795,1,0.004799616,8,0.038396928
Remediation and waste management services,Scientific Research and Development,0,0,0,0,0,0
Construction services,Scientific Research and Development,0,0,0,0,0,0
Motor vehicle trade services,Scientific Research and Development,2,0.009599232,1,0.004799616,3,0.014398848092152628
Wholesale trade services,Scientific Research and Development,0,0,415,1.991840653,415,1.991840653
Retail trade services,Scientific Research and Development,0,0,76,0.36477081833453323,76,0.36477081833453323
Rail transport services,Scientific Research and Development,0,0,1,0.004799616,1,0.004799616
Land transport services,Scientific Research and Development,14,0.067194624,50,0.23998080153587714,64,0.30717542596592273
Water transport services,Scientific Research and Development,0,0,0,0,0,0
Air transport services,Scientific Research and Development,0,0,0,0,0,0
Warehousing services,Scientific Research and Development,0,0,0,0,0,0
Postal and courier services,Scientific Research and Development,1,0.004799616,28,0.13438924886009118,29,0.13918886489080873
Accommodation services,Scientific Research and Development,0,0,0,0,0,0
Food and beverage services,Scientific Research and Development,15,0.07199424,0,0,15,0.07199424
Publishing services,Scientific Research and Development,0,0,0,0,0,0
Media Production services,Scientific Research and Development,0,0,0,0,0,0
Telecommunications services,Scientific Research and Development,8,0.038396928,73,0.3503719702423806,81,0.3887688984881209
Computer programming services,Scientific Research and Development,22,0.10559155267578593,635,3.0477561795056394,657,3.1533477321814254
Information services,Scientific Research and Development,24,0.11519078473722101,39,0.18718502519798416,63,0.3023758099352052
Financial services (excl. insurance and pensions),Scientific Research and Development,38,0.18238540916726662,210,1.0079193664506838,248,1.1903047756179503
Insurance and pension services,Scientific Research and Development,0,0,93,0.44636429085673146,93,0.44636429085673146
Auxiliary financial services,Scientific Research and Development,3,0.014398848092152626,126,0.6047516198704104,129,0.619150468
Real estate services,Scientific Research and Development,0,0,0,0,0,0
Owner-occupier housing services,Scientific Research and Development,0,0,0,0,0,0
Other real estate services,Scientific Research and Development,0,0,69,0.3311735061195104,69,0.3311735061195104
Legal services,Scientific Research and Development,41,0.19678425725941925,198,0.9503239740820735,239,1.1471082313414926
Accounting and tax services,Scientific Research and Development,74,0.3551715862730982,0,0,74,0.3551715862730982
Management consulting services,Scientific Research and Development,621,2.9805615550755937,468,2.246220302,1089,5.226781857451403
Architectural and engineering services,Scientific Research and Development,5,0.023998080153587713,1,0.004799616,6,0.028797696184305256
Scientific research and development services,Scientific Research and Development,0,0,13875,66.59467243,13875,66.59467243
Advertising and market research services,Scientific Research and Development,54,0.2591792656587473,599,2.874970002399808,653,3.1341492680585556
Other scientific and technical services,Scientific Research and Development,0,0,650,3.119750419966403,650,3.119750419966403
Veterinary services,Scientific Research and Development,0,0,0,0,0,0
Rental and leasing services,Scientific Research and Development,26,0.1247900167986561,1,0.004799616,27,0.12958963282937364
Employment services,Scientific Research and Development,58,0.27837772978161746,409,1.9630429565634748,467,2.2414206863450925
Travel services,Scientific Research and Development,0,0,0,0,0,0
Security services,Scientific Research and Development,0,0,12,0.057595392368610505,12,0.057595392368610505
Building and landscape services,Scientific Research and Development,0,0,78,0.3743700503959683,78,0.3743700503959683
Office support services,Scientific Research and Development,28,0.13438924886009118,1,0.004799616,29,0.13918886489080873
Public administration services (including defence),Scientific Research and Development,9,0.043196544,0,0,9,0.043196544
Education services,Scientific Research and Development,6,0.028797696184305253,41,0.19678425725941925,47,0.2255819534437245
Health services,Scientific Research and Development,0,0,0,0,0,0
Residential and social care services,Scientific Research and Development,0,0,0,0,0,0
Arts and entertainment services,Scientific Research and Development,0,0,0,0,0,0
Libraries and other cultural services,Scientific Research and Development,0,0,0,0,0,0
Gambling services,Scientific Research and Development,0,0,0,0,0,0
Sports and recreation services,Scientific Research and Development,0,0,0,0,0,0
Membership services,Scientific Research and Development,0,0,0,0,0,0
Computer repair services,Scientific Research and Development,1,0.004799616,0,0,1,0.004799616
Other personal services,Scientific Research and Development,0,0,0,0,0,0
Agriculture products,Advertising and Market Research,0,0,0,0,0,0
Forestry products,Advertising and Market Research,0,0,0,0,0,0
Fishing products,Advertising and Market Research,0,0,0,0,0,0
Coal and lignite,Advertising and Market Research,0,0,0,0,0,0
"Petroleum, natural gas and mining of metal ores",Advertising and Market Research,0,0,0,0,0,0
Other mining products,Advertising and Market Research,0,0,0,0,0,0
Mining support services,Advertising and Market Research,0,0,0,0,0,0
Meat and preserved meat products,Advertising and Market Research,0,0,9,0.077686664,9,0.077686664
"Fish, seafood, fruit and vegetables",Advertising and Market Research,0,0,5,0.043159258,5,0.043159258
Oils and fats,Advertising and Market Research,0,0,0,0,0,0
Dairy products,Advertising and Market Research,0,0,7,0.060422960725075525,7,0.060422960725075525
Grain mill and starch products,Advertising and Market Research,0,0,0,0,0,0
Bakery products,Advertising and Market Research,0,0,7,0.060422960725075525,7,0.060422960725075525
Other food products,Advertising and Market Research,2,0.017263703064307294,0,0,2,0.017263703064307294
Animal feeds,Advertising and Market Research,0,0,0,0,0,0
Alcoholic beverages and tobacco,Advertising and Market Research,0,0,0,0,0,0
Soft drinks,Advertising and Market Research,0,0,0,0,0,0
Textiles,Advertising and Market Research,0,0,0,0,0,0
Clothing,Advertising and Market Research,0,0,0,0,0,0
Leather products,Advertising and Market Research,0,0,0,0,0,0
Wood products (excl. furniture),Advertising and Market Research,0,0,0,0,0,0
Paper products,Advertising and Market Research,6,0.051791109,136,1.173931808372896,142,1.225722917565818
Printing and recording services,Advertising and Market Research,0,0,0,0,0,0
Coke and refined petroleum products,Advertising and Market Research,3,0.025895555,9,0.077686664,12,0.10358221838584376
Paints and coatings,Advertising and Market Research,9,0.077686664,8,0.069054812,17,0.146741476
Soap and detergents,Advertising and Market Research,4,0.034527406,0,0,4,0.034527406
Other chemical products,Advertising and Market Research,0,0,0,0,0,0
Industrial gases and fertilizers,Advertising and Market Research,0,0,0,0,0,0
Petrochemicals,Advertising and Market Research,0,0,0,0,0,0
Dyestuffs and agro-chemicals,Advertising and Market Research,0,0,0,0,0,0
Pharmaceutical products,Advertising and Market Research,0,0,0,0,0,0
Rubber and plastic products,Advertising and Market Research,0,0,0,0,0,0
Cement and concrete products,Advertising and Market Research,0,0,0,0,0,0
"Glass, ceramic and stone products",Advertising and Market Research,0,0,0,0,0,0
Basic iron and steel,Advertising and Market Research,0,0,0,0,0,0
Other basic metals and casting,Advertising and Market Research,0,0,0,0,0,0
Weapons and ammunition,Advertising and Market Research,0,0,0,0,0,0
Other fabricated metal products,Advertising and Market Research,0,0,0,0,0,0
Computer and electronic products,Advertising and Market Research,22,0.18990073370738023,42,0.36253776435045315,64,0.5524384980578334
Electrical equipment,Advertising and Market Research,0,0,0,0,0,0
Other machinery and equipment,Advertising and Market Research,10,0.086318515,0,0,10,0.086318515
Motor vehicles,Advertising and Market Research,0,0,1,0.008631852,1,0.008631852
Ships and boats,Advertising and Market Research,0,0,0,0,0,0
Aircraft and spacecraft products,Advertising and Market Research,0,0,0,0,0,0
Other Transport Equipment,Advertising and Market Research,0,0,0,0,0,0
Furniture,Advertising and Market Research,0,0,0,0,0,0
Other manufactured goods,Advertising and Market Research,35,0.3021148036253776,12,0.10358221838584376,47,0.4056970220112214
Ship and boat repair and maintenance,Advertising and Market Research,0,0,0,0,0,0
Air and spacecraft repair and maintenance,Advertising and Market Research,0,0,0,0,0,0
Other repair services,Advertising and Market Research,0,0,19,0.1640051791109193,19,0.1640051791109193
Electricity services,Advertising and Market Research,0,0,30,0.2589555459646094,30,0.2589555459646094
"Mains gas, steam and air conditioning services",Advertising and Market Research,0,0,9,0.077686664,9,0.077686664
Water services,Advertising and Market Research,0,0,71,0.612861459,71,0.612861459
Sewerage services,Advertising and Market Research,0,0,2,0.017263703064307294,2,0.017263703064307294
Waste collection and treatment services,Advertising and Market Research,1,0.008631852,9,0.077686664,10,0.086318515
Remediation and waste management services,Advertising and Market Research,0,0,0,0,0,0
Construction services,Advertising and Market Research,0,0,0,0,0,0
Motor vehicle trade services,Advertising and Market Research,0,0,0,0,0,0
Wholesale trade services,Advertising and Market Research,1,0.008631852,112,0.9667673716012084,113,0.975399223
Retail trade services,Advertising and Market Research,0,0,84,0.7250755287009063,84,0.7250755287009063
Rail transport services,Advertising and Market Research,0,0,0,0,0,0
Land transport services,Advertising and Market Research,17,0.146741476,47,0.40569702201122143,64,0.5524384980578334
Water transport services,Advertising and Market Research,0,0,0,0,0,0
Air transport services,Advertising and Market Research,40,0.3452740612861459,238,2.054380664652568,278,2.399654725938714
Warehousing services,Advertising and Market Research,0,0,0,0,0,0
Postal and courier services,Advertising and Market Research,1,0.008631852,91,0.785498489,92,0.7941303409581356
Accommodation services,Advertising and Market Research,51,0.440224428,147,1.2688821752265862,198,1.7091066033664222
Food and beverage services,Advertising and Market Research,27,0.23305999136814848,115,0.9926629261976695,142,1.225722917565818
Publishing services,Advertising and Market Research,0,0,0,0,0,0
Media Production services,Advertising and Market Research,3,0.025895555,123,1.0617177384548986,126,1.0876132930513596
Telecommunications services,Advertising and Market Research,13,0.11221406991799741,268,2.3133362106171775,281,2.425550280535175
Computer programming services,Advertising and Market Research,45,0.38843331894691413,311,2.6845058264997843,356,3.0729391454466986
Information services,Advertising and Market Research,143,1.2343547690979717,0,0,143,1.2343547690979717
Financial services (excl. insurance and pensions),Advertising and Market Research,46,0.39706517047906775,494,4.264134656883901,540,4.661199827362969
Insurance and pension services,Advertising and Market Research,0,0,78,0.6732844195079845,78,0.6732844195079845
Auxiliary financial services,Advertising and Market Research,4,0.034527406,56,0.4833836858006042,60,0.5179110919292188
Real estate services,Advertising and Market Research,0,0,0,0,0,0
Owner-occupier housing services,Advertising and Market Research,0,0,0,0,0,0
Other real estate services,Advertising and Market Research,3,0.025895555,1113,9.607250755287009,1116,9.63314631
Legal services,Advertising and Market Research,6,0.051791109,114,0.9840310746655158,120,1.0358221838584376
Accounting and tax services,Advertising and Market Research,21,0.18126888217522658,344,2.9693569270608546,365,3.150625809236081
Management consulting services,Advertising and Market Research,265,2.2874406560207166,1,0.008631852,266,2.296072508
Architectural and engineering services,Advertising and Market Research,1,0.008631852,0,0,1,0.008631852
Scientific research and development services,Advertising and Market Research,0,0,0,0,0,0
Advertising and market research services,Advertising and Market Research,122,1.0530858869227449,3128,27.000431592576607,3250,28.05351747949935
Other scientific and technical services,Advertising and Market Research,0,0,2368,20.440224428139835,2368,20.440224428139835
Veterinary services,Advertising and Market Research,0,0,0,0,0,0
Rental and leasing services,Advertising and Market Research,7,0.060422960725075525,35,0.3021148036253776,42,0.36253776435045315
Employment services,Advertising and Market Research,29,0.2503236944324558,663,5.722917565817868,692,5.973241260250323
Travel services,Advertising and Market Research,0,0,0,0,0,0
Security services,Advertising and Market Research,0,0,0,0,0,0
Building and landscape services,Advertising and Market Research,0,0,0,0,0,0
Office support services,Advertising and Market Research,96,0.8286577470867501,0,0,96,0.8286577470867501
Public administration services (including defence),Advertising and Market Research,0,0,1,0.008631852,1,0.008631852
Education services,Advertising and Market Research,6,0.051791109,153,1.3206732844195082,159,1.3724643936124301
Health services,Advertising and Market Research,0,0,0,0,0,0
Residential and social care services,Advertising and Market Research,0,0,0,0,0,0
Arts and entertainment services,Advertising and Market Research,0,0,0,0,0,0
Libraries and other cultural services,Advertising and Market Research,0,0,0,0,0,0
Gambling services,Advertising and Market Research,0,0,0,0,0,0
Sports and recreation services,Advertising and Market Research,0,0,0,0,0,0
Membership services,Advertising and Market Research,0,0,81,0.6991799741044454,81,0.6991799741044454
Computer repair services,Advertising and Market Research,2,0.017263703064307294,0,0,2,0.017263703064307294
Other personal services,Advertising and Market Research,1,0.008631852,2,0.017263703064307294,3,0.025895555
Agriculture products,Other Scientific and Technical Activities,0,0,0,0,0,0
Forestry products,Other Scientific and Technical Activities,0,0,0,0,0,0
Fishing products,Other Scientific and Technical Activities,0,0,0,0,0,0
Coal and lignite,Other Scientific and Technical Activities,0,0,0,0,0,0
"Petroleum, natural gas and mining of metal ores",Other Scientific and Technical Activities,0,0,0,0,0,0
Other mining products,Other Scientific and Technical Activities,0,0,0,0,0,0
Mining support services,Other Scientific and Technical Activities,0,0,0,0,0,0
Meat and preserved meat products,Other Scientific and Technical Activities,0,0,12,0.095503382,12,0.095503382
"Fish, seafood, fruit and vegetables",Other Scientific and Technical Activities,0,0,7,0.055710306,7,0.055710306
Oils and fats,Other Scientific and Technical Activities,0,0,3,0.023875846,3,0.023875846
Dairy products,Other Scientific and Technical Activities,0,0,7,0.055710306,7,0.055710306
Grain mill and starch products,Other Scientific and Technical Activities,0,0,0,0,0,0
Bakery products,Other Scientific and Technical Activities,0,0,8,0.063668922,8,0.063668922
Other food products,Other Scientific and Technical Activities,0,0,4,0.031834461,4,0.031834461
Animal feeds,Other Scientific and Technical Activities,0,0,0,0,0,0
Alcoholic beverages and tobacco,Other Scientific and Technical Activities,0,0,0,0,0,0
Soft drinks,Other Scientific and Technical Activities,0,0,0,0,0,0
Textiles,Other Scientific and Technical Activities,19,0.15121368881814565,163,1.2972542777556706,182,1.4484679665738163
Clothing,Other Scientific and Technical Activities,0,0,0,0,0,0
Leather products,Other Scientific and Technical Activities,0,0,0,0,0,0
Wood products (excl. furniture),Other Scientific and Technical Activities,0,0,0,0,0,0
Paper products,Other Scientific and Technical Activities,46,0.36609629924393156,195,1.5519299641862316,241,1.9180262634301632
Printing and recording services,Other Scientific and Technical Activities,0,0,0,0,0,0
Coke and refined petroleum products,Other Scientific and Technical Activities,5,0.039793076,84,0.6685236768802229,89,0.7083167528849981
Paints and coatings,Other Scientific and Technical Activities,0,0,0,0,0,0
Soap and detergents,Other Scientific and Technical Activities,0,0,0,0,0,0
Other chemical products,Other Scientific and Technical Activities,0,0,0,0,0,0
Industrial gases and fertilizers,Other Scientific and Technical Activities,0,0,0,0,0,0
Petrochemicals,Other Scientific and Technical Activities,0,0,0,0,0,0
Dyestuffs and agro-chemicals,Other Scientific and Technical Activities,0,0,0,0,0,0
Pharmaceutical products,Other Scientific and Technical Activities,0,0,0,0,0,0
Rubber and plastic products,Other Scientific and Technical Activities,0,0,0,0,0,0
Cement and concrete products,Other Scientific and Technical Activities,0,0,0,0,0,0
"Glass, ceramic and stone products",Other Scientific and Technical Activities,0,0,0,0,0,0
Basic iron and steel,Other Scientific and Technical Activities,0,0,0,0,0,0
Other basic metals and casting,Other Scientific and Technical Activities,0,0,0,0,0,0
Weapons and ammunition,Other Scientific and Technical Activities,0,0,0,0,0,0
Other fabricated metal products,Other Scientific and Technical Activities,0,0,0,0,0,0
Computer and electronic products,Other Scientific and Technical Activities,170,1.3529645841623557,116,0.923199363,286,2.2761639474731394
Electrical equipment,Other Scientific and Technical Activities,0,0,0,0,0,0
Other machinery and equipment,Other Scientific and Technical Activities,0,0,0,0,0,0
Motor vehicles,Other Scientific and Technical Activities,0,0,0,0,0,0
Ships and boats,Other Scientific and Technical Activities,0,0,0,0,0,0
Aircraft and spacecraft products,Other Scientific and Technical Activities,0,0,0,0,0,0
Other Transport Equipment,Other Scientific and Technical Activities,0,0,0,0,0,0
Furniture,Other Scientific and Technical Activities,0,0,0,0,0,0
Other manufactured goods,Other Scientific and Technical Activities,21,0.1671309192200557,2,0.01591723,23,0.18304814962196578
Ship and boat repair and maintenance,Other Scientific and Technical Activities,0,0,0,0,0,0
Air and spacecraft repair and maintenance,Other Scientific and Technical Activities,0,0,0,0,0,0
Other repair services,Other Scientific and Technical Activities,0,0,119,0.947075209,119,0.947075209
Electricity services,Other Scientific and Technical Activities,0,0,114,0.9072821329088739,114,0.9072821329088739
"Mains gas, steam and air conditioning services",Other Scientific and Technical Activities,0,0,27,0.21488261042578594,27,0.21488261042578594
Water services,Other Scientific and Technical Activities,0,0,13,0.10346199761241545,13,0.10346199761241545
Sewerage services,Other Scientific and Technical Activities,0,0,19,0.15121368881814565,19,0.15121368881814565
Waste collection and treatment services,Other Scientific and Technical Activities,1,0.007958615,34,0.27059291683247116,35,0.2785515320334262
Remediation and waste management services,Other Scientific and Technical Activities,0,0,0,0,0,0
Construction services,Other Scientific and Technical Activities,2,0.01591723,104,0.8276959808993236,106,0.8436132113012337
Motor vehicle trade services,Other Scientific and Technical Activities,0,0,0,0,0,0
Wholesale trade services,Other Scientific and Technical Activities,0,0,277,2.204536410664544,277,2.204536410664544
Retail trade services,Other Scientific and Technical Activities,0,0,118,0.9391165937126941,118,0.9391165937126941
Rail transport services,Other Scientific and Technical Activities,0,0,0,0,0,0
Land transport services,Other Scientific and Technical Activities,10,0.079586152,170,1.3529645841623557,180,1.432550736171906
Water transport services,Other Scientific and Technical Activities,0,0,0,0,0,0
Air transport services,Other Scientific and Technical Activities,27,0.21488261042578594,57,0.45364106645443697,84,0.668523677
Warehousing services,Other Scientific and Technical Activities,0,0,0,0,0,0
Postal and courier services,Other Scientific and Technical Activities,1,0.007958615,171,1.3609231993633109,172,1.3688818145642658
Accommodation services,Other Scientific and Technical Activities,73,0.5809789096697174,87,0.6923995224830879,160,1.2733784321528052
Food and beverage services,Other Scientific and Technical Activities,34,0.27059291683247116,134,1.0664544369279745,168,1.3370473537604457
Publishing services,Other Scientific and Technical Activities,0,0,0,0,0,0
Media Production services,Other Scientific and Technical Activities,0,0,0,0,0,0
Telecommunications services,Other Scientific and Technical Activities,7,0.055710306,232,1.846398726621568,239,1.9021090330282533
Computer programming services,Other Scientific and Technical Activities,17,0.13529645841623558,309,2.4592120970951052,326,2.5945085555113407
Information services,Other Scientific and Technical Activities,6,0.047751691,178,1.416633505769996,184,1.4643851969757262
Financial services (excl. insurance and pensions),Other Scientific and Technical Activities,34,0.27059291683247116,315,2.5069637883008355,349,2.7775567051333065
Insurance and pension services,Other Scientific and Technical Activities,0,0,73,0.5809789096697174,73,0.5809789096697174
Auxiliary financial services,Other Scientific and Technical Activities,6,0.047751691,203,1.615598885793872,209,1.6633505769996022
Real estate services,Other Scientific and Technical Activities,0,0,0,0,0,0
Owner-occupier housing services,Other Scientific and Technical Activities,0,0,0,0,0,0
Other real estate services,Other Scientific and Technical Activities,1,0.007958615,337,2.6820533227218464,338,2.6900119379228014
Legal services,Other Scientific and Technical Activities,6,0.047751691,192,1.5280541185833665,198,1.5758058097890968
Accounting and tax services,Other Scientific and Technical Activities,9,0.071627537,388,3.087942697970553,397,3.159570234779148
Management consulting services,Other Scientific and Technical Activities,87,0.6923995224830879,151,1.2017508953442102,238,1.894150417827298
Architectural and engineering services,Other Scientific and Technical Activities,63,0.5013927576601671,67,0.5332272184639872,130,1.0346199761241544
Scientific research and development services,Other Scientific and Technical Activities,0,0,0,0,0,0
Advertising and market research services,Other Scientific and Technical Activities,8,0.063668922,771,6.13609232,779,6.199761241543971
Other scientific and technical services,Other Scientific and Technical Activities,0,0,6036,48.038201352964585,6036,48.038201352964585
Veterinary services,Other Scientific and Technical Activities,0,0,0,0,0,0
Rental and leasing services,Other Scientific and Technical Activities,48,0.3820135296458416,81,0.6446478312773577,129,1.0266613609231994
Employment services,Other Scientific and Technical Activities,6,0.047751691,248,1.9737365698368485,254,2.021488261042579
Travel services,Other Scientific and Technical Activities,0,0,0,0,0,0
Security services,Other Scientific and Technical Activities,0,0,5,0.039793076,5,0.039793076
Building and landscape services,Other Scientific and Technical Activities,0,0,59,0.46955829685634703,59,0.46955829685634703
Office support services,Other Scientific and Technical Activities,21,0.1671309192200557,0,0,21,0.1671309192200557
Public administration services (including defence),Other Scientific and Technical Activities,0,0,13,0.10346199761241545,13,0.10346199761241545
Education services,Other Scientific and Technical Activities,3,0.023875846,76,0.6048547552725826,79,0.6287306008754477
Health services,Other Scientific and Technical Activities,0,0,0,0,0,0
Residential and social care services,Other Scientific and Technical Activities,0,0,0,0,0,0
Arts and entertainment services,Other Scientific and Technical Activities,0,0,0,0,0,0
Libraries and other cultural services,Other Scientific and Technical Activities,0,0,0,0,0,0
Gambling services,Other Scientific and Technical Activities,0,0,0,0,0,0
Sports and recreation services,Other Scientific and Technical Activities,0,0,0,0,0,0
Membership services,Other Scientific and Technical Activities,0,0,55,0.4377238360525269,55,0.4377238360525269
Computer repair services,Other Scientific and Technical Activities,0,0,0,0,0,0
Other personal services,Other Scientific and Technical Activities,0,0,0,0,0,0
Agriculture products,Veterinary Activities,0,0,0,0,0,0
Forestry products,Veterinary Activities,0,0,0,0,0,0
Fishing products,Veterinary Activities,0,0,0,0,0,0
Coal and lignite,Veterinary Activities,0,0,0,0,0,0
"Petroleum, natural gas and mining of metal ores",Veterinary Activities,0,0,0,0,0,0
Other mining products,Veterinary Activities,0,0,0,0,0,0
Mining support services,Veterinary Activities,0,0,0,0,0,0
Meat and preserved meat products,Veterinary Activities,1,0.076863951,1,0.076863951,2,0.15372790161414296
"Fish, seafood, fruit and vegetables",Veterinary Activities,0,0,1,0.076863951,1,0.076863951
Oils and fats,Veterinary Activities,0,0,0,0,0,0
Dairy products,Veterinary Activities,0,0,1,0.076863951,1,0.076863951
Grain mill and starch products,Veterinary Activities,0,0,0,0,0,0
Bakery products,Veterinary Activities,0,0,1,0.076863951,1,0.076863951
Other food products,Veterinary Activities,0,0,1,0.076863951,1,0.076863951
Animal feeds,Veterinary Activities,1,0.076863951,6,0.4611837048424289,7,0.5380476556495004
Alcoholic beverages and tobacco,Veterinary Activities,0,0,0,0,0,0
Soft drinks,Veterinary Activities,0,0,0,0,0,0
Textiles,Veterinary Activities,0,0,0,0,0,0
Clothing,Veterinary Activities,0,0,0,0,0,0
Leather products,Veterinary Activities,0,0,0,0,0,0
Wood products (excl. furniture),Veterinary Activities,0,0,0,0,0,0
Paper products,Veterinary Activities,1,0.076863951,22,1.6910069177555727,23,1.767870868562644
Printing and recording services,Veterinary Activities,0,0,0,0,0,0
Coke and refined petroleum products,Veterinary Activities,0,0,4,0.3074558032282859,4,0.3074558032282859
Paints and coatings,Veterinary Activities,0,0,0,0,0,0
Soap and detergents,Veterinary Activities,0,0,1,0.076863951,1,0.076863951
Other chemical products,Veterinary Activities,0,0,0,0,0,0
Industrial gases and fertilizers,Veterinary Activities,0,0,0,0,0,0
Petrochemicals,Veterinary Activities,0,0,0,0,0,0
Dyestuffs and agro-chemicals,Veterinary Activities,0,0,0,0,0,0
Pharmaceutical products,Veterinary Activities,19,1.4604150653343582,318,24.44273635664873,337,25.90315142198309
Rubber and plastic products,Veterinary Activities,0,0,0,0,0,0
Cement and concrete products,Veterinary Activities,0,0,0,0,0,0
"Glass, ceramic and stone products",Veterinary Activities,0,0,0,0,0,0
Basic iron and steel,Veterinary Activities,0,0,0,0,0,0
Other basic metals and casting,Veterinary Activities,0,0,0,0,0,0
Weapons and ammunition,Veterinary Activities,0,0,0,0,0,0
Other fabricated metal products,Veterinary Activities,0,0,0,0,0,0
Computer and electronic products,Veterinary Activities,20,1.5372790161414296,0,0,20,1.5372790161414296
Electrical equipment,Veterinary Activities,0,0,0,0,0,0
Other machinery and equipment,Veterinary Activities,0,0,0,0,0,0
Motor vehicles,Veterinary Activities,0,0,0,0,0,0
Ships and boats,Veterinary Activities,0,0,0,0,0,0
Aircraft and spacecraft products,Veterinary Activities,0,0,0,0,0,0
Other Transport Equipment,Veterinary Activities,0,0,0,0,0,0
Furniture,Veterinary Activities,0,0,0,0,0,0
Other manufactured goods,Veterinary Activities,1,0.076863951,67,5.149884704,68,5.226748654880861
Ship and boat repair and maintenance,Veterinary Activities,0,0,0,0,0,0
Air and spacecraft repair and maintenance,Veterinary Activities,0,0,0,0,0,0
Other repair services,Veterinary Activities,0,0,12,0.9223674096848578,12,0.9223674096848578
Electricity services,Veterinary Activities,0,0,30,2.3059185242121445,30,2.3059185242121445
"Mains gas, steam and air conditioning services",Veterinary Activities,0,0,4,0.3074558032282859,4,0.3074558032282859
Water services,Veterinary Activities,0,0,16,1.2298232129131437,16,1.2298232129131437
Sewerage services,Veterinary Activities,0,0,1,0.076863951,1,0.076863951
Waste collection and treatment services,Veterinary Activities,0,0,7,0.5380476556495004,7,0.5380476556495004
Remediation and waste management services,Veterinary Activities,0,0,0,0,0,0
Construction services,Veterinary Activities,0,0,1,0.076863951,1,0.076863951
Motor vehicle trade services,Veterinary Activities,0,0,0,0,0,0
Wholesale trade services,Veterinary Activities,0,0,165,12.682551883166795,165,12.682551883166795
Retail trade services,Veterinary Activities,0,0,58,4.458109146810147,58,4.458109146810147
Rail transport services,Veterinary Activities,0,0,0,0,0,0
Land transport services,Veterinary Activities,1,0.076863951,5,0.3843197540353574,6,0.4611837048424289
Water transport services,Veterinary Activities,0,0,0,0,0,0
Air transport services,Veterinary Activities,0,0,0,0,0,0
Warehousing services,Veterinary Activities,0,0,0,0,0,0
Postal and courier services,Veterinary Activities,0,0,32,2.4596464258262873,32,2.4596464258262873
Accommodation services,Veterinary Activities,0,0,0,0,0,0
Food and beverage services,Veterinary Activities,1,0.076863951,0,0,1,0.076863951
Publishing services,Veterinary Activities,0,0,0,0,0,0
Media Production services,Veterinary Activities,0,0,0,0,0,0
Telecommunications services,Veterinary Activities,0,0,25,1.921598770176787,25,1.921598770176787
Computer programming services,Veterinary Activities,1,0.076863951,47,3.612605688,48,3.6894696387394315
Information services,Veterinary Activities,0,0,0,0,0,0
Financial services (excl. insurance and pensions),Veterinary Activities,19,1.4604150653343582,57,4.381245196003074,76,5.841660261337433
Insurance and pension services,Veterinary Activities,0,0,9,0.6917755572636434,9,0.6917755572636434
Auxiliary financial services,Veterinary Activities,0,0,0,0,0,0
Real estate services,Veterinary Activities,0,0,0,0,0,0
Owner-occupier housing services,Veterinary Activities,0,0,0,0,0,0
Other real estate services,Veterinary Activities,0,0,38,2.9208301306687163,38,2.9208301306687163
Legal services,Veterinary Activities,1,0.076863951,24,1.8447348193697155,25,1.921598770176787
Accounting and tax services,Veterinary Activities,0,0,16,1.2298232129131437,16,1.2298232129131437
Management consulting services,Veterinary Activities,0,0,0,0,0,0
Architectural and engineering services,Veterinary Activities,0,0,0,0,0,0
Scientific research and development services,Veterinary Activities,0,0,0,0,0,0
Advertising and market research services,Veterinary Activities,2,0.15372790161414296,36,2.7671022290545735,38,2.9208301306687163
Other scientific and technical services,Veterinary Activities,0,0,1,0.076863951,1,0.076863951
Veterinary services,Veterinary Activities,0,0,122,9.377401998462721,122,9.377401998462721
Rental and leasing services,Veterinary Activities,0,0,15,1.1529592621060722,15,1.1529592621060722
Employment services,Veterinary Activities,1,0.076863951,10,0.7686395080707148,11,0.8455034588777863
Travel services,Veterinary Activities,0,0,0,0,0,0
Security services,Veterinary Activities,0,0,0,0,0,0
Building and landscape services,Veterinary Activities,0,0,11,0.8455034588777863,11,0.8455034588777863
Office support services,Veterinary Activities,30,2.3059185242121445,13,0.9992313604919293,43,3.3051498847040737
Public administration services (including defence),Veterinary Activities,0,0,0,0,0,0
Education services,Veterinary Activities,1,0.076863951,21,1.6141429669485012,22,1.6910069177555727
Health services,Veterinary Activities,0,0,0,0,0,0
Residential and social care services,Veterinary Activities,0,0,0,0,0,0
Arts and entertainment services,Veterinary Activities,0,0,0,0,0,0
Libraries and other cultural services,Veterinary Activities,0,0,0,0,0,0
Gambling services,Veterinary Activities,0,0,0,0,0,0
Sports and recreation services,Veterinary Activities,0,0,0,0,0,0
Membership services,Veterinary Activities,0,0,0,0,0,0
Computer repair services,Veterinary Activities,0,0,0,0,0,0
Other personal services,Veterinary Activities,0,0,2,0.15372790161414296,2,0.15372790161414296
Agriculture products,Rental and Leasing Activities,0,0,0,0,0,0
Forestry products,Rental and Leasing Activities,0,0,0,0,0,0
Fishing products,Rental and Leasing Activities,0,0,0,0,0,0
Coal and lignite,Rental and Leasing Activities,0,0,0,0,0,0
"Petroleum, natural gas and mining of metal ores",Rental and Leasing Activities,0,0,0,0,0,0
Other mining products,Rental and Leasing Activities,0,0,0,0,0,0
Mining support services,Rental and Leasing Activities,0,0,0,0,0,0
Meat and preserved meat products,Rental and Leasing Activities,0,0,0,0,0,0
"Fish, seafood, fruit and vegetables",Rental and Leasing Activities,0,0,0,0,0,0
Oils and fats,Rental and Leasing Activities,0,0,0,0,0,0
Dairy products,Rental and Leasing Activities,0,0,0,0,0,0
Grain mill and starch products,Rental and Leasing Activities,0,0,0,0,0,0
Bakery products,Rental and Leasing Activities,0,0,0,0,0,0
Other food products,Rental and Leasing Activities,0,0,0,0,0,0
Animal feeds,Rental and Leasing Activities,0,0,0,0,0,0
Alcoholic beverages and tobacco,Rental and Leasing Activities,0,0,0,0,0,0
Soft drinks,Rental and Leasing Activities,0,0,0,0,0,0
Textiles,Rental and Leasing Activities,0,0,0,0,0,0
Clothing,Rental and Leasing Activities,0,0,0,0,0,0
Leather products,Rental and Leasing Activities,0,0,0,0,0,0
Wood products (excl. furniture),Rental and Leasing Activities,0,0,0,0,0,0
Paper products,Rental and Leasing Activities,1,0.010292301,25,0.2573075339645945,26,0.26759983532317827
Printing and recording services,Rental and Leasing Activities,0,0,0,0,0,0
Coke and refined petroleum products,Rental and Leasing Activities,4,0.041169205,122,1.2556607657472212,126,1.2968299711815563
Paints and coatings,Rental and Leasing Activities,0,0,0,0,0,0
Soap and detergents,Rental and Leasing Activities,0,0,0,0,0,0
Other chemical products,Rental and Leasing Activities,0,0,0,0,0,0
Industrial gases and fertilizers,Rental and Leasing Activities,0,0,0,0,0,0
Petrochemicals,Rental and Leasing Activities,0,0,0,0,0,0
Dyestuffs and agro-chemicals,Rental and Leasing Activities,0,0,0,0,0,0
Pharmaceutical products,Rental and Leasing Activities,0,0,0,0,0,0
Rubber and plastic products,Rental and Leasing Activities,0,0,0,0,0,0
Cement and concrete products,Rental and Leasing Activities,0,0,0,0,0,0
"Glass, ceramic and stone products",Rental and Leasing Activities,0,0,0,0,0,0
Basic iron and steel,Rental and Leasing Activities,0,0,0,0,0,0
Other basic metals and casting,Rental and Leasing Activities,0,0,0,0,0,0
Weapons and ammunition,Rental and Leasing Activities,0,0,0,0,0,0
Other fabricated metal products,Rental and Leasing Activities,0,0,0,0,0,0
Computer and electronic products,Rental and Leasing Activities,97,0.9983532317826265,291,2.995059695,388,3.9934129271305068
Electrical equipment,Rental and Leasing Activities,92,0.9468917249897078,91,0.9365994236311239,183,1.8834911486208317
Other machinery and equipment,Rental and Leasing Activities,148,1.5232606010703995,294,3.025936599423631,442,4.549197200494031
Motor vehicles,Rental and Leasing Activities,218,2.243721696171264,140,1.440922190201729,358,3.684643886372993
Ships and boats,Rental and Leasing Activities,0,0,0,0,0,0
Aircraft and spacecraft products,Rental and Leasing Activities,0,0,0,0,0,0
Other Transport Equipment,Rental and Leasing Activities,0,0,0,0,0,0
Furniture,Rental and Leasing Activities,0,0,0,0,0,0
Other manufactured goods,Rental and Leasing Activities,2,0.020584603,1,0.010292301,3,0.030876904
Ship and boat repair and maintenance,Rental and Leasing Activities,0,0,0,0,0,0
Air and spacecraft repair and maintenance,Rental and Leasing Activities,0,0,0,0,0,0
Other repair services,Rental and Leasing Activities,0,0,489,5.032935364347468,489,5.032935364347468
Electricity services,Rental and Leasing Activities,0,0,116,1.1939069575957184,116,1.1939069575957184
"Mains gas, steam and air conditioning services",Rental and Leasing Activities,0,0,52,0.5351996706463565,52,0.5351996706463565
Water services,Rental and Leasing Activities,0,0,24,0.24701523260601072,24,0.24701523260601072
Sewerage services,Rental and Leasing Activities,0,0,18,0.18526142445450802,18,0.18526142445450802
Waste collection and treatment services,Rental and Leasing Activities,5,0.051461506792918894,4,0.041169205,9,0.092630712
Remediation and waste management services,Rental and Leasing Activities,0,0,0,0,0,0
Construction services,Rental and Leasing Activities,2,0.020584603,10,0.10292301358583779,12,0.12350761630300534
Motor vehicle trade services,Rental and Leasing Activities,5,0.051461506792918894,1464,15.067929188966653,1469,15.119390695759572
Wholesale trade services,Rental and Leasing Activities,0,0,305,3.1391519143680524,305,3.1391519143680524
Retail trade services,Rental and Leasing Activities,0,0,91,0.9365994236311239,91,0.9365994236311239
Rail transport services,Rental and Leasing Activities,0,0,1,0.010292301,1,0.010292301
Land transport services,Rental and Leasing Activities,29,0.2984767393989296,301,3.0979827089337175,330,3.396459448332647
Water transport services,Rental and Leasing Activities,0,0,0,0,0,0
Air transport services,Rental and Leasing Activities,0,0,0,0,0,0
Warehousing services,Rental and Leasing Activities,22,0.22643062988884316,356,3.6640592836558254,378,3.8904899135446684
Postal and courier services,Rental and Leasing Activities,0,0,139,1.4306298888431455,139,1.4306298888431455
Accommodation services,Rental and Leasing Activities,0,0,0,0,0,0
Food and beverage services,Rental and Leasing Activities,5,0.051461506792918894,9,0.092630712,14,0.1440922190201729
Publishing services,Rental and Leasing Activities,0,0,0,0,0,0
Media Production services,Rental and Leasing Activities,0,0,0,0,0,0
Telecommunications services,Rental and Leasing Activities,2,0.020584603,123,1.2659530671058048,125,1.2865376698229725
Computer programming services,Rental and Leasing Activities,8,0.082338411,301,3.0979827089337175,309,3.1803211198023877
Information services,Rental and Leasing Activities,7,0.07204611,104,1.070399341292713,111,1.1424454508027995
Financial services (excl. insurance and pensions),Rental and Leasing Activities,140,1.440922190201729,493,5.074104569781803,633,6.515026759983533
Insurance and pension services,Rental and Leasing Activities,0,0,72,0.7410456978180321,72,0.7410456978180321
Auxiliary financial services,Rental and Leasing Activities,6,0.061753808,116,1.1939069575957184,122,1.2556607657472212
Real estate services,Rental and Leasing Activities,0,0,0,0,0,0
Owner-occupier housing services,Rental and Leasing Activities,0,0,0,0,0,0
Other real estate services,Rental and Leasing Activities,0,0,300,3.087690407575134,300,3.087690407575134
Legal services,Rental and Leasing Activities,7,0.07204611,409,4.209551255660766,416,4.281597365170852
Accounting and tax services,Rental and Leasing Activities,2,0.020584603,219,2.2540139975298477,221,2.2745986002470153
Management consulting services,Rental and Leasing Activities,27,0.27789213668176205,55,0.5660765747221078,82,0.8439687114038699
Architectural and engineering services,Rental and Leasing Activities,1,0.010292301,5,0.051461506792918894,6,0.061753808
Scientific research and development services,Rental and Leasing Activities,0,0,0,0,0,0
Advertising and market research services,Rental and Leasing Activities,11,0.11321531494442158,389,4.003705228,400,4.116920543433512
Other scientific and technical services,Rental and Leasing Activities,0,0,208,2.140798682585426,208,2.140798682585426
Veterinary services,Rental and Leasing Activities,0,0,0,0,0,0
Rental and leasing services,Rental and Leasing Activities,226,2.3260601070399343,1051,10.817208727871552,1277,13.143268834911487
Employment services,Rental and Leasing Activities,9,0.092630712,176,1.8114450391107453,185,1.9040757513379993
Travel services,Rental and Leasing Activities,0,0,0,0,0,0
Security services,Rental and Leasing Activities,0,0,0,0,0,0
Building and landscape services,Rental and Leasing Activities,0,0,142,1.4615067929188965,142,1.4615067929188965
Office support services,Rental and Leasing Activities,0,0,122,1.2556607657472212,122,1.2556607657472212
Public administration services (including defence),Rental and Leasing Activities,4,0.041169205,0,0,4,0.041169205
Education services,Rental and Leasing Activities,0,0,0,0,0,0
Health services,Rental and Leasing Activities,0,0,0,0,0,0
Residential and social care services,Rental and Leasing Activities,0,0,0,0,0,0
Arts and entertainment services,Rental and Leasing Activities,0,0,0,0,0,0
Libraries and other cultural services,Rental and Leasing Activities,0,0,0,0,0,0
Gambling services,Rental and Leasing Activities,0,0,0,0,0,0
Sports and recreation services,Rental and Leasing Activities,0,0,0,0,0,0
Membership services,Rental and Leasing Activities,0,0,0,0,0,0
Computer repair services,Rental and Leasing Activities,2,0.020584603,0,0,2,0.020584603
Other personal services,Rental and Leasing Activities,1,0.010292301,5,0.051461506792918894,6,0.061753808
Agriculture products,Employment Activities,0,0,0,0,0,0
Forestry products,Employment Activities,0,0,0,0,0,0
Fishing products,Employment Activities,0,0,0,0,0,0
Coal and lignite,Employment Activities,0,0,0,0,0,0
"Petroleum, natural gas and mining of metal ores",Employment Activities,0,0,0,0,0,0
Other mining products,Employment Activities,0,0,0,0,0,0
Mining support services,Employment Activities,0,0,0,0,0,0
Meat and preserved meat products,Employment Activities,0,0,12,0.065897858,12,0.065897858
"Fish, seafood, fruit and vegetables",Employment Activities,0,0,9,0.049423394,9,0.049423394
Oils and fats,Employment Activities,0,0,1,0.005491488,1,0.005491488
Dairy products,Employment Activities,0,0,7,0.038440417,7,0.038440417
Grain mill and starch products,Employment Activities,0,0,0,0,0,0
Bakery products,Employment Activities,0,0,12,0.065897858,12,0.065897858
Other food products,Employment Activities,0,0,5,0.027457440966501923,5,0.027457440966501923
Animal feeds,Employment Activities,0,0,0,0,0,0
Alcoholic beverages and tobacco,Employment Activities,0,0,0,0,0,0
Soft drinks,Employment Activities,0,0,0,0,0,0
Textiles,Employment Activities,0,0,0,0,0,0
Clothing,Employment Activities,0,0,0,0,0,0
Leather products,Employment Activities,0,0,0,0,0,0
Wood products (excl. furniture),Employment Activities,0,0,0,0,0,0
Paper products,Employment Activities,0,0,20,0.10982976386600769,20,0.10982976386600769
Printing and recording services,Employment Activities,0,0,0,0,0,0
Coke and refined petroleum products,Employment Activities,1,0.005491488,23,0.12630422844590886,24,0.13179571663920925
Paints and coatings,Employment Activities,0,0,0,0,0,0
Soap and detergents,Employment Activities,0,0,0,0,0,0
Other chemical products,Employment Activities,0,0,0,0,0,0
Industrial gases and fertilizers,Employment Activities,0,0,0,0,0,0
Petrochemicals,Employment Activities,0,0,0,0,0,0
Dyestuffs and agro-chemicals,Employment Activities,0,0,0,0,0,0
Pharmaceutical products,Employment Activities,0,0,0,0,0,0
Rubber and plastic products,Employment Activities,0,0,0,0,0,0
Cement and concrete products,Employment Activities,0,0,0,0,0,0
"Glass, ceramic and stone products",Employment Activities,0,0,0,0,0,0
Basic iron and steel,Employment Activities,0,0,0,0,0,0
Other basic metals and casting,Employment Activities,0,0,0,0,0,0
Weapons and ammunition,Employment Activities,0,0,0,0,0,0
Other fabricated metal products,Employment Activities,0,0,0,0,0,0
Computer and electronic products,Employment Activities,66,0.3624382207578254,0,0,66,0.3624382207578254
Electrical equipment,Employment Activities,0,0,0,0,0,0
Other machinery and equipment,Employment Activities,0,0,0,0,0,0
Motor vehicles,Employment Activities,0,0,25,0.1372872048325096,25,0.1372872048325096
Ships and boats,Employment Activities,0,0,0,0,0,0
Aircraft and spacecraft products,Employment Activities,0,0,0,0,0,0
Other Transport Equipment,Employment Activities,0,0,0,0,0,0
Furniture,Employment Activities,0,0,0,0,0,0
Other manufactured goods,Employment Activities,1,0.005491488,4,0.021965952773201538,5,0.027457440966501923
Ship and boat repair and maintenance,Employment Activities,0,0,0,0,0,0
Air and spacecraft repair and maintenance,Employment Activities,0,0,0,0,0,0
Other repair services,Employment Activities,1,0.005491488,61,0.33498077979132346,62,0.3404722679846238
Electricity services,Employment Activities,0,0,38,0.2086765513454146,38,0.2086765513454146
"Mains gas, steam and air conditioning services",Employment Activities,0,0,13,0.071389347,13,0.071389347
Water services,Employment Activities,0,0,3,0.016474464579901153,3,0.016474464579901153
Sewerage services,Employment Activities,0,0,0,0,0,0
Waste collection and treatment services,Employment Activities,1,0.005491488,4,0.021965952773201538,5,0.027457440966501923
Remediation and waste management services,Employment Activities,0,0,0,0,0,0
Construction services,Employment Activities,0,0,28,0.15376166941241076,28,0.15376166941241076
Motor vehicle trade services,Employment Activities,0,0,77,0.42284459088412957,77,0.42284459088412957
Wholesale trade services,Employment Activities,0,0,39,0.21416804,39,0.21416804
Retail trade services,Employment Activities,0,0,15,0.082372323,15,0.082372323
Rail transport services,Employment Activities,0,0,0,0,0,0
Land transport services,Employment Activities,16,0.087863811,34,0.18671059857221306,50,0.2745744096650192
Water transport services,Employment Activities,0,0,0,0,0,0
Air transport services,Employment Activities,12,0.065897858,6,0.032948929159802305,18,0.098846787
Warehousing services,Employment Activities,15,0.082372323,7,0.038440417,22,0.12081274025260846
Postal and courier services,Employment Activities,0,0,63,0.34596375617792424,63,0.34596375617792424
Accommodation services,Employment Activities,51,0.2800658978583196,40,0.21965952773201539,91,0.49972542559033495
Food and beverage services,Employment Activities,21,0.11532125205930809,62,0.3404722679846238,83,0.4557935200439319
Publishing services,Employment Activities,0,0,0,0,0,0
Media Production services,Employment Activities,0,0,0,0,0,0
Telecommunications services,Employment Activities,3,0.016474464579901153,307,1.6858868753432181,310,1.7023613399231192
Computer programming services,Employment Activities,296,1.6254805052169137,216,1.186161449752883,512,2.8116419549697964
Information services,Employment Activities,9,0.049423394,0,0,9,0.049423394
Financial services (excl. insurance and pensions),Employment Activities,906,4.975288303130148,1,0.005491488,907,4.980779791323448
Insurance and pension services,Employment Activities,1,0.005491488,150,0.8237232289950577,151,0.829214717
Auxiliary financial services,Employment Activities,5,0.027457440966501923,203,1.114772103239978,208,1.1422295442064798
Real estate services,Employment Activities,0,0,0,0,0,0
Owner-occupier housing services,Employment Activities,0,0,0,0,0,0
Other real estate services,Employment Activities,2,0.010982976386600769,233,1.2795167490389896,235,1.2904997254255903
Legal services,Employment Activities,13,0.071389347,261,1.4332784184514002,274,1.5046677649643052
Accounting and tax services,Employment Activities,9,0.049423394,1462,8.028555738605162,1471,8.077979132344865
Management consulting services,Employment Activities,189,1.0378912685337727,213,1.1696869851729819,402,2.2075782537067545
Architectural and engineering services,Employment Activities,14,0.076880835,0,0,14,0.076880835
Scientific research and development services,Employment Activities,0,0,0,0,0,0
Advertising and market research services,Employment Activities,190,1.043382756727073,299,1.641954969796815,489,2.685337726523888
Other scientific and technical services,Employment Activities,0,0,18,0.098846787,18,0.098846787
Veterinary services,Employment Activities,0,0,0,0,0,0
Rental and leasing services,Employment Activities,8,0.043931905546403076,604,3.316858868753432,612,3.360790774299835
Employment services,Employment Activities,678,3.7232289950576605,10383,57.01812191103789,11061,60.74135090609555
Travel services,Employment Activities,1,0.005491488,0,0,1,0.005491488
Security services,Employment Activities,0,0,0,0,0,0
Building and landscape services,Employment Activities,0,0,0,0,0,0
Office support services,Employment Activities,166,0.9115870400878637,1,0.005491488,167,0.9170785282811641
Public administration services (including defence),Employment Activities,9,0.049423394,52,0.285557386,61,0.33498077979132346
Education services,Employment Activities,33,0.1812191103789127,341,1.872597473915431,374,2.053816584294344
Health services,Employment Activities,9,0.049423394,43,0.23613399231191654,52,0.285557386
Residential and social care services,Employment Activities,0,0,0,0,0,0
Arts and entertainment services,Employment Activities,0,0,0,0,0,0
Libraries and other cultural services,Employment Activities,0,0,0,0,0,0
Gambling services,Employment Activities,0,0,0,0,0,0
Sports and recreation services,Employment Activities,0,0,0,0,0,0
Membership services,Employment Activities,0,0,82,0.4503020318506315,82,0.4503020318506315
Computer repair services,Employment Activities,1,0.005491488,0,0,1,0.005491488
Other personal services,Employment Activities,1,0.005491488,5,0.027457440966501923,6,0.032948929159802305
Agriculture products,Travel Services,0,0,0,0,0,0
Forestry products,Travel Services,0,0,0,0,0,0
Fishing products,Travel Services,0,0,0,0,0,0
Coal and lignite,Travel Services,0,0,0,0,0,0
"Petroleum, natural gas and mining of metal ores",Travel Services,0,0,0,0,0,0
Other mining products,Travel Services,0,0,0,0,0,0
Mining support services,Travel Services,0,0,0,0,0,0
Meat and preserved meat products,Travel Services,0,0,3,0.063884157,3,0.063884157
"Fish, seafood, fruit and vegetables",Travel Services,0,0,2,0.042589438,2,0.042589438
Oils and fats,Travel Services,0,0,0,0,0,0
Dairy products,Travel Services,0,0,2,0.042589438,2,0.042589438
Grain mill and starch products,Travel Services,0,0,0,0,0,0
Bakery products,Travel Services,0,0,3,0.063884157,3,0.063884157
Other food products,Travel Services,0,0,1,0.021294719,1,0.021294719
Animal feeds,Travel Services,0,0,0,0,0,0
Alcoholic beverages and tobacco,Travel Services,0,0,0,0,0,0
Soft drinks,Travel Services,0,0,0,0,0,0
Textiles,Travel Services,0,0,0,0,0,0
Clothing,Travel Services,0,0,0,0,0,0
Leather products,Travel Services,0,0,0,0,0,0
Wood products (excl. furniture),Travel Services,0,0,0,0,0,0
Paper products,Travel Services,0,0,49,1.043441226575809,49,1.043441226575809
Printing and recording services,Travel Services,0,0,38,0.8091993185689949,38,0.8091993185689949
Coke and refined petroleum products,Travel Services,9,0.19165247018739354,123,2.619250425894378,132,2.8109028960817715
Paints and coatings,Travel Services,0,0,0,0,0,0
Soap and detergents,Travel Services,0,0,0,0,0,0
Other chemical products,Travel Services,0,0,0,0,0,0
Industrial gases and fertilizers,Travel Services,0,0,0,0,0,0
Petrochemicals,Travel Services,0,0,0,0,0,0
Dyestuffs and agro-chemicals,Travel Services,0,0,0,0,0,0
Pharmaceutical products,Travel Services,0,0,0,0,0,0
Rubber and plastic products,Travel Services,0,0,0,0,0,0
Cement and concrete products,Travel Services,0,0,0,0,0,0
"Glass, ceramic and stone products",Travel Services,0,0,0,0,0,0
Basic iron and steel,Travel Services,0,0,0,0,0,0
Other basic metals and casting,Travel Services,0,0,0,0,0,0
Weapons and ammunition,Travel Services,0,0,0,0,0,0
Other fabricated metal products,Travel Services,0,0,0,0,0,0
Computer and electronic products,Travel Services,52,1.1073253833049403,20,0.42589437819420783,72,1.533219761499148
Electrical equipment,Travel Services,0,0,0,0,0,0
Other machinery and equipment,Travel Services,0,0,0,0,0,0
Motor vehicles,Travel Services,0,0,0,0,0,0
Ships and boats,Travel Services,0,0,0,0,0,0
Aircraft and spacecraft products,Travel Services,0,0,0,0,0,0
Other Transport Equipment,Travel Services,0,0,0,0,0,0
Furniture,Travel Services,0,0,0,0,0,0
Other manufactured goods,Travel Services,0,0,1,0.021294719,1,0.021294719
Ship and boat repair and maintenance,Travel Services,0,0,0,0,0,0
Air and spacecraft repair and maintenance,Travel Services,0,0,0,0,0,0
Other repair services,Travel Services,0,0,12,0.2555366269165247,12,0.2555366269165247
Electricity services,Travel Services,0,0,198,4.216354344122657,198,4.216354344122657
"Mains gas, steam and air conditioning services",Travel Services,0,0,18,0.3833049403747871,18,0.3833049403747871
Water services,Travel Services,0,0,3,0.063884157,3,0.063884157
Sewerage services,Travel Services,0,0,1,0.021294719,1,0.021294719
Waste collection and treatment services,Travel Services,1,0.021294719,2,0.042589438,3,0.063884157
Remediation and waste management services,Travel Services,0,0,0,0,0,0
Construction services,Travel Services,0,0,3,0.063884157,3,0.063884157
Motor vehicle trade services,Travel Services,0,0,0,0,0,0
Wholesale trade services,Travel Services,0,0,55,1.1712095400340716,55,1.1712095400340716
Retail trade services,Travel Services,0,0,9,0.19165247018739354,9,0.19165247018739354
Rail transport services,Travel Services,9,0.19165247018739354,18,0.3833049403747871,27,0.5749574105621806
Land transport services,Travel Services,35,0.7453151618398637,0,0,35,0.7453151618398637
Water transport services,Travel Services,84,1.788756388415673,1,0.021294719,85,1.8100511073253833
Air transport services,Travel Services,501,10.668654173764907,293,6.239352640545145,794,16.908006814310053
Warehousing services,Travel Services,0,0,0,0,0,0
Postal and courier services,Travel Services,1,0.021294719,118,2.512776831345826,119,2.5340715502555367
Accommodation services,Travel Services,706,15.034071550255538,1,0.021294719,707,15.055366269165248
Food and beverage services,Travel Services,19,0.4045996592844974,0,0,19,0.4045996592844974
Publishing services,Travel Services,0,0,0,0,0,0
Media Production services,Travel Services,0,0,0,0,0,0
Telecommunications services,Travel Services,1,0.021294719,106,2.2572402044293014,107,2.278534923339012
Computer programming services,Travel Services,20,0.42589437819420783,104,2.2146507666098807,124,2.6405451448040886
Information services,Travel Services,1,0.021294719,18,0.3833049403747871,19,0.4045996592844975
Financial services (excl. insurance and pensions),Travel Services,99,2.1081771720613287,239,5.089437819420784,338,7.197614991482112
Insurance and pension services,Travel Services,0,0,34,0.7240204429301533,34,0.7240204429301533
Auxiliary financial services,Travel Services,0,0,8,0.17035775127768313,8,0.17035775127768313
Real estate services,Travel Services,0,0,0,0,0,0
Owner-occupier housing services,Travel Services,0,0,0,0,0,0
Other real estate services,Travel Services,1,0.021294719,231,4.919080068,232,4.940374787052811
Legal services,Travel Services,2,0.042589438,41,0.873083475,43,0.9156729131175468
Accounting and tax services,Travel Services,3,0.063884157,78,1.6609880749574104,81,1.7248722316865415
Management consulting services,Travel Services,4,0.085178876,42,0.8943781942078365,46,0.97955707
Architectural and engineering services,Travel Services,0,0,100,2.1294718909710393,100,2.1294718909710393
Scientific research and development services,Travel Services,0,0,0,0,0,0
Advertising and market research services,Travel Services,208,4.429301533219761,36,0.7666098807495741,244,5.195911413969336
Other scientific and technical services,Travel Services,0,0,60,1.2776831345826234,60,1.2776831345826234
Veterinary services,Travel Services,0,0,0,0,0,0
Rental and leasing services,Travel Services,19,0.4045996592844974,12,0.2555366269165247,31,0.660136286
Employment services,Travel Services,18,0.3833049403747871,133,2.832197614991482,151,3.2155025553662693
Travel services,Travel Services,24,0.5110732538330494,452,9.625212947189098,476,10.136286201022148
Security services,Travel Services,0,0,0,0,0,0
Building and landscape services,Travel Services,0,0,0,0,0,0
Office support services,Travel Services,71,1.5119250425894377,34,0.7240204429301533,105,2.235945485519591
Public administration services (including defence),Travel Services,0,0,1,0.021294719,1,0.021294719
Education services,Travel Services,1,0.021294719,28,0.596252129,29,0.6175468483816013
Health services,Travel Services,0,0,0,0,0,0
Residential and social care services,Travel Services,0,0,0,0,0,0
Arts and entertainment services,Travel Services,0,0,0,0,0,0
Libraries and other cultural services,Travel Services,0,0,0,0,0,0
Gambling services,Travel Services,0,0,0,0,0,0
Sports and recreation services,Travel Services,14,0.2981260647359455,62,1.3202725724020443,76,1.618398637
Membership services,Travel Services,0,0,0,0,0,0
Computer repair services,Travel Services,0,0,0,0,0,0
Other personal services,Travel Services,0,0,0,0,0,0
Agriculture products,Security Activities,0,0,0,0,0,0
Forestry products,Security Activities,0,0,0,0,0,0
Fishing products,Security Activities,0,0,0,0,0,0
Coal and lignite,Security Activities,0,0,0,0,0,0
"Petroleum, natural gas and mining of metal ores",Security Activities,0,0,0,0,0,0
Other mining products,Security Activities,0,0,0,0,0,0
Mining support services,Security Activities,0,0,0,0,0,0
Meat and preserved meat products,Security Activities,0,0,3,0.1092896174863388,3,0.1092896174863388
"Fish, seafood, fruit and vegetables",Security Activities,0,0,2,0.072859745,2,0.072859745
Oils and fats,Security Activities,0,0,0,0,0,0
Dairy products,Security Activities,0,0,2,0.072859745,2,0.072859745
Grain mill and starch products,Security Activities,0,0,0,0,0,0
Bakery products,Security Activities,0,0,2,0.072859745,2,0.072859745
Other food products,Security Activities,0,0,0,0,0,0
Animal feeds,Security Activities,0,0,0,0,0,0
Alcoholic beverages and tobacco,Security Activities,0,0,0,0,0,0
Soft drinks,Security Activities,0,0,0,0,0,0
Textiles,Security Activities,0,0,0,0,0,0
Clothing,Security Activities,0,0,0,0,0,0
Leather products,Security Activities,0,0,0,0,0,0
Wood products (excl. furniture),Security Activities,0,0,0,0,0,0
Paper products,Security Activities,0,0,14,0.5100182149362478,14,0.5100182149362478
Printing and recording services,Security Activities,0,0,0,0,0,0
Coke and refined petroleum products,Security Activities,1,0.036429872,20,0.7285974499089253,21,0.7650273224043715
Paints and coatings,Security Activities,0,0,0,0,0,0
Soap and detergents,Security Activities,0,0,0,0,0,0
Other chemical products,Security Activities,0,0,0,0,0,0
Industrial gases and fertilizers,Security Activities,0,0,0,0,0,0
Petrochemicals,Security Activities,0,0,0,0,0,0
Dyestuffs and agro-chemicals,Security Activities,0,0,0,0,0,0
Pharmaceutical products,Security Activities,0,0,0,0,0,0
Rubber and plastic products,Security Activities,0,0,0,0,0,0
Cement and concrete products,Security Activities,0,0,0,0,0,0
"Glass, ceramic and stone products",Security Activities,0,0,0,0,0,0
Basic iron and steel,Security Activities,0,0,0,0,0,0
Other basic metals and casting,Security Activities,0,0,0,0,0,0
Weapons and ammunition,Security Activities,0,0,0,0,0,0
Other fabricated metal products,Security Activities,0,0,0,0,0,0
Computer and electronic products,Security Activities,54,1.9672131147540985,9,0.32786885245901637,63,2.295081967213115
Electrical equipment,Security Activities,35,1.2750455373406193,16,0.5828779599271403,51,1.8579234972677596
Other machinery and equipment,Security Activities,1,0.036429872,19,0.692167577,20,0.7285974499089253
Motor vehicles,Security Activities,5,0.18214936247723132,14,0.5100182149362478,19,0.6921675774134791
Ships and boats,Security Activities,0,0,0,0,0,0
Aircraft and spacecraft products,Security Activities,0,0,0,0,0,0
Other Transport Equipment,Security Activities,0,0,0,0,0,0
Furniture,Security Activities,0,0,0,0,0,0
Other manufactured goods,Security Activities,0,0,1,0.036429872,1,0.036429872
Ship and boat repair and maintenance,Security Activities,0,0,0,0,0,0
Air and spacecraft repair and maintenance,Security Activities,0,0,0,0,0,0
Other repair services,Security Activities,0,0,43,1.5664845173041893,43,1.5664845173041893
Electricity services,Security Activities,0,0,21,0.7650273224043715,21,0.7650273224043715
"Mains gas, steam and air conditioning services",Security Activities,0,0,1,0.036429872,1,0.036429872
Water services,Security Activities,0,0,6,0.2185792349726776,6,0.2185792349726776
Sewerage services,Security Activities,0,0,1,0.036429872,1,0.036429872
Waste collection and treatment services,Security Activities,0,0,6,0.2185792349726776,6,0.2185792349726776
Remediation and waste management services,Security Activities,0,0,0,0,0,0
Construction services,Security Activities,0,0,0,0,0,0
Motor vehicle trade services,Security Activities,0,0,8,0.29143897996357016,8,0.29143897996357016
Wholesale trade services,Security Activities,0,0,43,1.5664845173041893,43,1.5664845173041893
Retail trade services,Security Activities,0,0,11,0.4007285974499089,11,0.4007285974499089
Rail transport services,Security Activities,0,0,1,0.036429872,1,0.036429872
Land transport services,Security Activities,2,0.072859745,24,0.8743169398907104,26,0.9471766848816029
Water transport services,Security Activities,0,0,0,0,0,0
Air transport services,Security Activities,1,0.036429872,0,0,1,0.036429872
Warehousing services,Security Activities,0,0,1,0.036429872,1,0.036429872
Postal and courier services,Security Activities,0,0,3,0.1092896174863388,3,0.1092896174863388
Accommodation services,Security Activities,0,0,0,0,0,0
Food and beverage services,Security Activities,1,0.036429872,13,0.47358834244080145,14,0.5100182149362478
Publishing services,Security Activities,0,0,0,0,0,0
Media Production services,Security Activities,0,0,0,0,0,0
Telecommunications services,Security Activities,1,0.036429872,112,4.080145719489982,113,4.116575591985429
Computer programming services,Security Activities,4,0.14571948998178508,26,0.9471766848816029,30,1.0928961748633879
Information services,Security Activities,4,0.14571948998178508,27,0.9836065573770493,31,1.1293260473588345
Financial services (excl. insurance and pensions),Security Activities,21,0.7650273224043715,40,1.4571948998178506,61,2.2222222222222223
Insurance and pension services,Security Activities,0,0,18,0.6557377049180327,18,0.6557377049180327
Auxiliary financial services,Security Activities,1,0.036429872,31,1.1293260473588342,32,1.1657559198542806
Real estate services,Security Activities,0,0,0,0,0,0
Owner-occupier housing services,Security Activities,0,0,0,0,0,0
Other real estate services,Security Activities,0,0,0,0,0,0
Legal services,Security Activities,1,0.036429872,13,0.47358834244080145,14,0.5100182149362478
Accounting and tax services,Security Activities,1,0.036429872,71,2.586520947176685,72,2.622950819672131
Management consulting services,Security Activities,2,0.072859745,0,0,2,0.072859745
Architectural and engineering services,Security Activities,0,0,1,0.036429872,1,0.036429872
Scientific research and development services,Security Activities,0,0,0,0,0,0
Advertising and market research services,Security Activities,1,0.036429872,81,2.9508196721311477,82,2.987249544626594
Other scientific and technical services,Security Activities,0,0,5,0.18214936247723132,5,0.18214936247723132
Veterinary services,Security Activities,0,0,0,0,0,0
Rental and leasing services,Security Activities,1,0.036429872,73,2.6593806921675776,74,2.6958105646630237
Employment services,Security Activities,1,0.036429872,33,1.2021857923497268,34,1.238615664845173
Travel services,Security Activities,0,0,0,0,0,0
Security services,Security Activities,5,0.18214936247723132,1663,60.58287795992714,1668,60.76502732240437
Building and landscape services,Security Activities,0,0,96,3.4972677595628414,96,3.4972677595628414
Office support services,Security Activities,2,0.072859745,0,0,2,0.072859745
Public administration services (including defence),Security Activities,0,0,3,0.1092896174863388,3,0.1092896174863388
Education services,Security Activities,1,0.036429872,10,0.36429872495446264,11,0.4007285974499089
Health services,Security Activities,0,0,0,0,0,0
Residential and social care services,Security Activities,0,0,0,0,0,0
Arts and entertainment services,Security Activities,0,0,0,0,0,0
Libraries and other cultural services,Security Activities,0,0,0,0,0,0
Gambling services,Security Activities,0,0,0,0,0,0
Sports and recreation services,Security Activities,0,0,0,0,0,0
Membership services,Security Activities,0,0,12,0.4371584699453552,12,0.4371584699453552
Computer repair services,Security Activities,0,0,0,0,0,0
Other personal services,Security Activities,0,0,0,0,0,0
Agriculture products,Building and Landscape Services,0,0,0,0,0,0
Forestry products,Building and Landscape Services,0,0,0,0,0,0
Fishing products,Building and Landscape Services,0,0,0,0,0,0
Coal and lignite,Building and Landscape Services,0,0,0,0,0,0
"Petroleum, natural gas and mining of metal ores",Building and Landscape Services,0,0,0,0,0,0
Other mining products,Building and Landscape Services,8,0.060532688,21,0.15889830508474578,29,0.2194309927360775
Mining support services,Building and Landscape Services,0,0,0,0,0,0
Meat and preserved meat products,Building and Landscape Services,0,0,20,0.1513317191283293,20,0.1513317191283293
"Fish, seafood, fruit and vegetables",Building and Landscape Services,0,0,12,0.090799031,12,0.090799031
Oils and fats,Building and Landscape Services,0,0,2,0.015133172,2,0.015133172
Dairy products,Building and Landscape Services,0,0,11,0.083232446,11,0.083232446
Grain mill and starch products,Building and Landscape Services,0,0,0,0,0,0
Bakery products,Building and Landscape Services,0,0,16,0.12106537530266344,16,0.12106537530266344
Other food products,Building and Landscape Services,1,0.007566586,6,0.045399516,7,0.052966102
Animal feeds,Building and Landscape Services,0,0,0,0,0,0
Alcoholic beverages and tobacco,Building and Landscape Services,0,0,0,0,0,0
Soft drinks,Building and Landscape Services,0,0,0,0,0,0
Textiles,Building and Landscape Services,0,0,0,0,0,0
Clothing,Building and Landscape Services,0,0,0,0,0,0
Leather products,Building and Landscape Services,0,0,0,0,0,0
Wood products (excl. furniture),Building and Landscape Services,8,0.060532688,287,2.1716101694915255,295,2.232142857142857
Paper products,Building and Landscape Services,3,0.022699757869249396,207,1.5662832929782082,210,1.5889830508474576
Printing and recording services,Building and Landscape Services,0,0,6,0.045399516,6,0.045399516
Coke and refined petroleum products,Building and Landscape Services,4,0.030266344,64,0.48426150121065376,68,0.5145278450363197
Paints and coatings,Building and Landscape Services,0,0,0,0,0,0
Soap and detergents,Building and Landscape Services,7,0.052966102,411,3.109866828087167,418,3.1628329297820823
Other chemical products,Building and Landscape Services,58,0.43886198547215494,0,0,58,0.43886198547215494
Industrial gases and fertilizers,Building and Landscape Services,0,0,0,0,0,0
Petrochemicals,Building and Landscape Services,0,0,0,0,0,0
Dyestuffs and agro-chemicals,Building and Landscape Services,0,0,0,0,0,0
Pharmaceutical products,Building and Landscape Services,0,0,0,0,0,0
Rubber and plastic products,Building and Landscape Services,22,0.16646489104116224,286,2.164043583535109,308,2.330508474576271
Cement and concrete products,Building and Landscape Services,0,0,0,0,0,0
"Glass, ceramic and stone products",Building and Landscape Services,16,0.12106537530266344,0,0,16,0.12106537530266344
Basic iron and steel,Building and Landscape Services,0,0,0,0,0,0
Other basic metals and casting,Building and Landscape Services,8,0.060532688,20,0.1513317191283293,28,0.211864407
Weapons and ammunition,Building and Landscape Services,0,0,0,0,0,0
Other fabricated metal products,Building and Landscape Services,25,0.18916464891041163,115,0.8701573849878935,140,1.0593220338983051
Computer and electronic products,Building and Landscape Services,68,0.5145278450363197,26,0.19673123486682811,94,0.7112590799031477
Electrical equipment,Building and Landscape Services,0,0,0,0,0,0
Other machinery and equipment,Building and Landscape Services,6,0.045399516,324,2.4515738498789346,330,2.4969733656174333
Motor vehicles,Building and Landscape Services,8,0.060532688,0,0,8,0.060532688
Ships and boats,Building and Landscape Services,0,0,0,0,0,0
Aircraft and spacecraft products,Building and Landscape Services,0,0,0,0,0,0
Other Transport Equipment,Building and Landscape Services,0,0,0,0,0,0
Furniture,Building and Landscape Services,0,0,0,0,0,0
Other manufactured goods,Building and Landscape Services,3,0.022699757869249396,114,0.862590799,117,0.8852905569007263
Ship and boat repair and maintenance,Building and Landscape Services,0,0,0,0,0,0
Air and spacecraft repair and maintenance,Building and Landscape Services,0,0,0,0,0,0
Other repair services,Building and Landscape Services,0,0,82,0.6204600484261501,82,0.6204600484261501
Electricity services,Building and Landscape Services,1,0.007566586,121,0.9155569007263923,122,0.9231234866828087
"Mains gas, steam and air conditioning services",Building and Landscape Services,0,0,92,0.6961259079903147,92,0.6961259079903147
Water services,Building and Landscape Services,0,0,44,0.3329297820823245,44,0.3329297820823245
Sewerage services,Building and Landscape Services,0,0,63,0.4766949152542373,63,0.4766949152542373
Waste collection and treatment services,Building and Landscape Services,9,0.068099274,152,1.1501210653753027,161,1.2182203389830508
Remediation and waste management services,Building and Landscape Services,0,0,0,0,0,0
Construction services,Building and Landscape Services,2,0.015133172,490,3.7076271186440675,492,3.7227602905569004
Motor vehicle trade services,Building and Landscape Services,0,0,19,0.14376513317191283,19,0.14376513317191283
Wholesale trade services,Building and Landscape Services,0,0,676,5.115012107,676,5.115012107
Retail trade services,Building and Landscape Services,0,0,248,1.8765133171912836,248,1.8765133171912836
Rail transport services,Building and Landscape Services,0,0,0,0,0,0
Land transport services,Building and Landscape Services,5,0.037832929782082324,164,1.2409200968523002,169,1.2787530266343825
Water transport services,Building and Landscape Services,0,0,0,0,0,0
Air transport services,Building and Landscape Services,0,0,0,0,0,0
Warehousing services,Building and Landscape Services,1,0.007566586,1,0.007566586,2,0.015133172
Postal and courier services,Building and Landscape Services,0,0,13,0.098365617,13,0.098365617
Accommodation services,Building and Landscape Services,0,0,0,0,0,0
Food and beverage services,Building and Landscape Services,149,1.1274213075060533,5,0.037832929782082324,154,1.1652542372881356
Publishing services,Building and Landscape Services,0,0,0,0,0,0
Media Production services,Building and Landscape Services,0,0,0,0,0,0
Telecommunications services,Building and Landscape Services,1,0.007566586,71,0.5372276029055689,72,0.5447941888619854
Computer programming services,Building and Landscape Services,8,0.060532688,145,1.0971549636803875,153,1.1576876513317191
Information services,Building and Landscape Services,0,0,0,0,0,0
Financial services (excl. insurance and pensions),Building and Landscape Services,35,0.26483050847457623,318,2.406174334140436,353,2.671004842615012
Insurance and pension services,Building and Landscape Services,0,0,82,0.6204600484261501,82,0.6204600484261501
Auxiliary financial services,Building and Landscape Services,0,0,184,1.3922518159806294,184,1.3922518159806294
Real estate services,Building and Landscape Services,0,0,10,0.07566586,10,0.07566586
Owner-occupier housing services,Building and Landscape Services,0,0,0,0,0,0
Other real estate services,Building and Landscape Services,0,0,155,1.172820823244552,155,1.172820823244552
Legal services,Building and Landscape Services,5,0.037832929782082324,16,0.12106537530266344,21,0.15889830508474576
Accounting and tax services,Building and Landscape Services,3,0.022699757869249396,9,0.068099274,12,0.090799031
Management consulting services,Building and Landscape Services,11,0.083232446,0,0,11,0.083232446
Architectural and engineering services,Building and Landscape Services,7,0.052966102,2,0.015133172,9,0.068099274
Scientific research and development services,Building and Landscape Services,0,0,0,0,0,0
Advertising and market research services,Building and Landscape Services,18,0.13619854721549635,133,1.0063559322033897,151,1.142554479418886
Other scientific and technical services,Building and Landscape Services,0,0,7,0.052966102,7,0.052966102
Veterinary services,Building and Landscape Services,0,0,0,0,0,0
Rental and leasing services,Building and Landscape Services,9,0.068099274,342,2.587772397094431,351,2.655871670702179
Employment services,Building and Landscape Services,9,0.068099274,232,1.7554479418886197,241,1.823547215496368
Travel services,Building and Landscape Services,0,0,0,0,0,0
Security services,Building and Landscape Services,0,0,0,0,0,0
Building and landscape services,Building and Landscape Services,5,0.037832929782082324,6825,51.641949152542374,6830,51.67978208232446
Office support services,Building and Landscape Services,10,0.07566586,0,0,10,0.07566586
Public administration services (including defence),Building and Landscape Services,0,0,29,0.21943099273607747,29,0.21943099273607747
Education services,Building and Landscape Services,0,0,0,0,0,0
Health services,Building and Landscape Services,0,0,0,0,0,0
Residential and social care services,Building and Landscape Services,0,0,0,0,0,0
Arts and entertainment services,Building and Landscape Services,0,0,0,0,0,0
Libraries and other cultural services,Building and Landscape Services,0,0,0,0,0,0
Gambling services,Building and Landscape Services,0,0,0,0,0,0
Sports and recreation services,Building and Landscape Services,0,0,0,0,0,0
Membership services,Building and Landscape Services,0,0,5,0.037832929782082324,5,0.037832929782082324
Computer repair services,Building and Landscape Services,0,0,0,0,0,0
Other personal services,Building and Landscape Services,0,0,0,0,0,0
Agriculture products,Office Support Services,0,0,0,0,0,0
Forestry products,Office Support Services,0,0,0,0,0,0
Fishing products,Office Support Services,0,0,0,0,0,0
Coal and lignite,Office Support Services,0,0,0,0,0,0
"Petroleum, natural gas and mining of metal ores",Office Support Services,0,0,0,0,0,0
Other mining products,Office Support Services,0,0,0,0,0,0
Mining support services,Office Support Services,0,0,0,0,0,0
Meat and preserved meat products,Office Support Services,5,0.031814711,6,0.038177653,11,0.069992364
"Fish, seafood, fruit and vegetables",Office Support Services,4,0.025451768897938407,150,0.9544413336726904,154,0.9798931025706288
Oils and fats,Office Support Services,13,0.082718249,65,0.4135912445914991,78,0.4963094935097989
Dairy products,Office Support Services,15,0.095444133,0,0,15,0.095444133
Grain mill and starch products,Office Support Services,0,0,0,0,0,0
Bakery products,Office Support Services,0,0,40,0.2545176889793841,40,0.2545176889793841
Other food products,Office Support Services,11,0.069992364,0,0,11,0.069992364
Animal feeds,Office Support Services,0,0,0,0,0,0
Alcoholic beverages and tobacco,Office Support Services,0,0,0,0,0,0
Soft drinks,Office Support Services,0,0,0,0,0,0
Textiles,Office Support Services,0,0,0,0,0,0
Clothing,Office Support Services,0,0,0,0,0,0
Leather products,Office Support Services,0,0,0,0,0,0
Wood products (excl. furniture),Office Support Services,0,0,0,0,0,0
Paper products,Office Support Services,126,0.8017307202850599,1,0.006362942,127,0.8080936625095445
Printing and recording services,Office Support Services,0,0,0,0,0,0
Coke and refined petroleum products,Office Support Services,0,0,84,0.5344871468567065,84,0.5344871468567065
Paints and coatings,Office Support Services,0,0,0,0,0,0
Soap and detergents,Office Support Services,0,0,0,0,0,0
Other chemical products,Office Support Services,0,0,0,0,0,0
Industrial gases and fertilizers,Office Support Services,0,0,0,0,0,0
Petrochemicals,Office Support Services,0,0,0,0,0,0
Dyestuffs and agro-chemicals,Office Support Services,0,0,0,0,0,0
Pharmaceutical products,Office Support Services,0,0,0,0,0,0
Rubber and plastic products,Office Support Services,373,2.3733774497327564,77,0.48994655128531434,450,2.863324001018071
Cement and concrete products,Office Support Services,0,0,0,0,0,0
"Glass, ceramic and stone products",Office Support Services,0,0,0,0,0,0
Basic iron and steel,Office Support Services,0,0,0,0,0,0
Other basic metals and casting,Office Support Services,0,0,0,0,0,0
Weapons and ammunition,Office Support Services,0,0,0,0,0,0
Other fabricated metal products,Office Support Services,116,0.7381012980402138,171,1.088063120386867,287,1.8261644184270809
Computer and electronic products,Office Support Services,2,0.012725884448969204,138,0.8780860269788751,140,0.8908119114278442
Electrical equipment,Office Support Services,0,0,0,0,0,0
Other machinery and equipment,Office Support Services,0,0,0,0,0,0
Motor vehicles,Office Support Services,0,0,0,0,0,0
Ships and boats,Office Support Services,0,0,0,0,0,0
Aircraft and spacecraft products,Office Support Services,0,0,0,0,0,0
Other Transport Equipment,Office Support Services,0,0,0,0,0,0
Furniture,Office Support Services,0,0,0,0,0,0
Other manufactured goods,Office Support Services,15,0.095444133,0,0,15,0.095444133
Ship and boat repair and maintenance,Office Support Services,0,0,0,0,0,0
Air and spacecraft repair and maintenance,Office Support Services,0,0,0,0,0,0
Other repair services,Office Support Services,4,0.025451768897938407,300,1.9088826673453807,304,1.934334436243319
Electricity services,Office Support Services,1,0.006362942,113,0.7190124713667599,114,0.7253754135912446
"Mains gas, steam and air conditioning services",Office Support Services,1,0.006362942,19,0.12089590226520744,20,0.12725884448969205
Water services,Office Support Services,1,0.006362942,18,0.11453296004072283,19,0.12089590226520744
Sewerage services,Office Support Services,0,0,25,0.15907355561211506,25,0.15907355561211506
Waste collection and treatment services,Office Support Services,8,0.050903537795876815,6,0.038177653,14,0.089081191
Remediation and waste management services,Office Support Services,0,0,0,0,0,0
Construction services,Office Support Services,2,0.012725884448969204,72,0.4581318401628913,74,0.47085772461186054
Motor vehicle trade services,Office Support Services,1,0.006362942,1,0.006362942,2,0.012725884448969204
Wholesale trade services,Office Support Services,8,0.050903537795876815,272,1.7307202850598118,280,1.7816238228556887
Retail trade services,Office Support Services,0,0,64,0.4072283023670145,64,0.4072283023670145
Rail transport services,Office Support Services,0,0,0,0,0,0
Land transport services,Office Support Services,62,0.39450241791804525,78,0.4963094935097989,140,0.8908119114278441
Water transport services,Office Support Services,0,0,0,0,0,0
Air transport services,Office Support Services,54,0.3435988801221685,7,0.044540595571392214,61,0.3881394756935607
Warehousing services,Office Support Services,26,0.16543649783659964,788,5.013998472893865,814,5.179434970730465
Postal and courier services,Office Support Services,6,0.038177653,159,1.0117078136930517,165,1.0498854670399593
Accommodation services,Office Support Services,100,0.6362942224484602,53,0.33723593789768386,153,0.9735301603461441
Food and beverage services,Office Support Services,38,0.24179180453041488,21,0.13362178671417663,59,0.3754135912445915
Publishing services,Office Support Services,0,0,0,0,0,0
Media Production services,Office Support Services,0,0,0,0,0,0
Telecommunications services,Office Support Services,51,0.3245100534487147,108,0.68719776,159,1.0117078136930517
Computer programming services,Office Support Services,105,0.6681089335708832,818,5.204886739628404,923,5.872995673199287
Information services,Office Support Services,153,0.97353016,448,2.8505981165691017,601,3.824128276915246
Financial services (excl. insurance and pensions),Office Support Services,507,3.226011707813693,1,0.006362942,508,3.2323746500381776
Insurance and pension services,Office Support Services,0,0,114,0.7253754135912446,114,0.7253754135912446
Auxiliary financial services,Office Support Services,113,0.7190124713667599,1625,10.339781114787478,1738,11.058793586154238
Real estate services,Office Support Services,0,0,0,0,0,0
Owner-occupier housing services,Office Support Services,0,0,0,0,0,0
Other real estate services,Office Support Services,2,0.012725884448969204,436,2.7742428098752865,438,2.7869686943242558
Legal services,Office Support Services,84,0.5344871468567065,265,1.6861796894884193,349,2.220666836345126
Accounting and tax services,Office Support Services,65,0.4135912445914991,177,1.1262407737337745,242,1.5398320183252736
Management consulting services,Office Support Services,298,1.8961567828964114,0,0,298,1.8961567828964114
Architectural and engineering services,Office Support Services,25,0.15907355561211506,0,0,25,0.15907355561211506
Scientific research and development services,Office Support Services,0,0,0,0,0,0
Advertising and market research services,Office Support Services,37,0.23542886230593024,191,1.215321964876559,228,1.4507508271824892
Other scientific and technical services,Office Support Services,0,0,666,4.237719521506745,666,4.237719521506745
Veterinary services,Office Support Services,0,0,0,0,0,0
Rental and leasing services,Office Support Services,48,0.3054212267752609,18,0.11453296004072283,66,0.41995418681598373
Employment services,Office Support Services,95,0.6044795113260372,61,0.38813947569356066,156,0.9926189870195978
Travel services,Office Support Services,0,0,0,0,0,0
Security services,Office Support Services,0,0,21,0.13362178671417663,21,0.13362178671417663
Building and landscape services,Office Support Services,0,0,31,0.19725120895902262,31,0.19725120895902262
Office support services,Office Support Services,5154,32.79460422499364,0,0,5154,32.79460422499364
Public administration services (including defence),Office Support Services,24,0.15271061338763045,74,0.4708577246118605,98,0.623568338
Education services,Office Support Services,14,0.089081191,16,0.10180707559175363,30,0.19088826673453807
Health services,Office Support Services,0,0,0,0,0,0
Residential and social care services,Office Support Services,0,0,0,0,0,0
Arts and entertainment services,Office Support Services,0,0,101,0.6426571646729448,101,0.6426571646729448
Libraries and other cultural services,Office Support Services,0,0,0,0,0,0
Gambling services,Office Support Services,0,0,0,0,0,0
Sports and recreation services,Office Support Services,0,0,0,0,0,0
Membership services,Office Support Services,10,0.063629422,40,0.2545176889793841,50,0.3181471112242301
Computer repair services,Office Support Services,0,0,0,0,0,0
Other personal services,Office Support Services,0,0,0,0,0,0
Agriculture products,Public Administration and Defence,0,0,0,0,0,0
Forestry products,Public Administration and Defence,0,0,0,0,0,0
Fishing products,Public Administration and Defence,0,0,0,0,0,0
Coal and lignite,Public Administration and Defence,0,0,0,0,0,0
"Petroleum, natural gas and mining of metal ores",Public Administration and Defence,0,0,0,0,0,0
Other mining products,Public Administration and Defence,0,0,3,0.00448397,3,0.00448397
Mining support services,Public Administration and Defence,0,0,0,0,0,0
Meat and preserved meat products,Public Administration and Defence,0,0,69,0.10313130558254242,69,0.10313130558254242
"Fish, seafood, fruit and vegetables",Public Administration and Defence,0,0,32,0.047829011,32,0.047829011
Oils and fats,Public Administration and Defence,0,0,2,0.002989313,2,0.002989313
Dairy products,Public Administration and Defence,0,0,2,0.002989313,2,0.002989313
Grain mill and starch products,Public Administration and Defence,0,0,4,0.005978626,4,0.005978626
Bakery products,Public Administration and Defence,0,0,0,0,0,0
Other food products,Public Administration and Defence,0,0,3,0.00448397,3,0.00448397
Animal feeds,Public Administration and Defence,0,0,0,0,0,0
Alcoholic beverages and tobacco,Public Administration and Defence,0,0,0,0,0,0
Soft drinks,Public Administration and Defence,0,0,5,0.007473283,5,0.007473283
Textiles,Public Administration and Defence,0,0,18,0.026903819,18,0.026903819
Clothing,Public Administration and Defence,0,0,161,0.24063971302593232,161,0.24063971302593232
Leather products,Public Administration and Defence,0,0,135,0.20177864135714818,135,0.20177864135714818
Wood products (excl. furniture),Public Administration and Defence,0,0,10,0.014946566,10,0.014946566
Paper products,Public Administration and Defence,0,0,647,0.9670428219116657,647,0.9670428219116657
Printing and recording services,Public Administration and Defence,0,0,769,1.1493909274344218,769,1.1493909274344218
Coke and refined petroleum products,Public Administration and Defence,424,0.6337343995217098,153,0.22868246020476798,577,0.8624168597264779
Paints and coatings,Public Administration and Defence,0,0,63,0.094163366,63,0.094163366
Soap and detergents,Public Administration and Defence,0,0,66,0.098647336,66,0.098647336
Other chemical products,Public Administration and Defence,2,0.002989313,15,0.022419849,17,0.025409162244974214
Industrial gases and fertilizers,Public Administration and Defence,0,0,10,0.014946566,10,0.014946566
Petrochemicals,Public Administration and Defence,16,0.023914505642328675,9,0.013451909,25,0.037366415
Dyestuffs and agro-chemicals,Public Administration and Defence,0,0,23,0.034377102,23,0.034377102
Pharmaceutical products,Public Administration and Defence,0,0,157,0.23466108661535012,157,0.23466108661535012
Rubber and plastic products,Public Administration and Defence,0,0,130,0.1943053583439205,130,0.1943053583439205
Cement and concrete products,Public Administration and Defence,0,0,92,0.13750840744338988,92,0.13750840744338988
"Glass, ceramic and stone products",Public Administration and Defence,0,0,53,0.0792168,53,0.0792168
Basic iron and steel,Public Administration and Defence,0,0,0,0,0,0
Other basic metals and casting,Public Administration and Defence,0,0,0,0,0,0
Weapons and ammunition,Public Administration and Defence,162,0.24213436962857784,1834,2.7412002092519243,1996,2.9833345788805024
Other fabricated metal products,Public Administration and Defence,0,0,22,0.032882445,22,0.032882445
Computer and electronic products,Public Administration and Defence,4400,6.576489051640386,2184,3.2643300201778644,6584,9.840819072
Electrical equipment,Public Administration and Defence,0,0,411,0.6143038636873178,411,0.6143038636873178
Other machinery and equipment,Public Administration and Defence,0,0,171,0.25558627905238773,171,0.25558627905238773
Motor vehicles,Public Administration and Defence,204,0.3049099469396906,89,0.13302443763545327,293,0.4379343845751439
Ships and boats,Public Administration and Defence,0,0,313,0.4678275166280548,313,0.4678275166280548
Aircraft and spacecraft products,Public Administration and Defence,833,1.2450489500037365,2880,4.3046110156191615,3713,5.549659965622898
Other Transport Equipment,Public Administration and Defence,0,0,6,0.00896794,6,0.00896794
Furniture,Public Administration and Defence,0,0,393,0.5874000448396981,393,0.5874000448396981
Other manufactured goods,Public Administration and Defence,0,0,31,0.046334355,31,0.046334355
Ship and boat repair and maintenance,Public Administration and Defence,0,0,0,0,0,0
Air and spacecraft repair and maintenance,Public Administration and Defence,0,0,0,0,0,0
Other repair services,Public Administration and Defence,0,0,0,0,0,0
Electricity services,Public Administration and Defence,0,0,678,1.0133771765936777,678,1.0133771765936777
"Mains gas, steam and air conditioning services",Public Administration and Defence,0,0,355,0.5306030939391675,355,0.5306030939391675
Water services,Public Administration and Defence,0,0,338,0.5051939316941932,338,0.5051939316941932
Sewerage services,Public Administration and Defence,0,0,714,1.067184814288917,714,1.067184814288917
Waste collection and treatment services,Public Administration and Defence,0,0,1037,1.5499588969434273,1037,1.5499588969434273
Remediation and waste management services,Public Administration and Defence,0,0,268,0.4005679695090053,268,0.4005679695090053
Construction services,Public Administration and Defence,0,0,5091,7.609296764068456,5091,7.609296764068456
Motor vehicle trade services,Public Administration and Defence,0,0,371,0.5545175995814962,371,0.5545175995814962
Wholesale trade services,Public Administration and Defence,0,0,3622,5.413646214782154,3622,5.413646214782154
Retail trade services,Public Administration and Defence,0,0,1097,1.6396382931021598,1097,1.6396382931021598
Rail transport services,Public Administration and Defence,0,0,976,1.4587848441820492,976,1.4587848441820492
Land transport services,Public Administration and Defence,0,0,690,1.0313130558254242,690,1.0313130558254242
Water transport services,Public Administration and Defence,0,0,27,0.040355728271429636,27,0.040355728271429636
Air transport services,Public Administration and Defence,0,0,236,0.352738958,236,0.352738958
Warehousing services,Public Administration and Defence,0,0,188,0.2809954412973619,188,0.2809954412973619
Postal and courier services,Public Administration and Defence,0,0,1465,2.189671922875719,1465,2.189671922875719
Accommodation services,Public Administration and Defence,0,0,755,1.1284657349973843,755,1.1284657349973843
Food and beverage services,Public Administration and Defence,0,0,803,1.2002092519243703,803,1.2002092519243703
Publishing services,Public Administration and Defence,0,0,168,0.2511023092444511,168,0.2511023092444511
Media Production services,Public Administration and Defence,0,0,207,0.30939391674762723,207,0.30939391674762723
Telecommunications services,Public Administration and Defence,0,0,1958,2.9265376279799717,1958,2.9265376279799717
Computer programming services,Public Administration and Defence,0,0,2225,3.325610940886331,2225,3.325610940886331
Information services,Public Administration and Defence,0,0,0,0,0,0
Financial services (excl. insurance and pensions),Public Administration and Defence,605,0.9042672446005531,3484,5.207383603617069,4089,6.111650848217622
Insurance and pension services,Public Administration and Defence,0,0,42,0.062775577,42,0.062775577
Auxiliary financial services,Public Administration and Defence,0,0,29,0.043345041,29,0.043345041
Real estate services,Public Administration and Defence,0,0,4,0.005978626,4,0.005978626
Owner-occupier housing services,Public Administration and Defence,0,0,0,0,0,0
Other real estate services,Public Administration and Defence,0,0,3273,4.892011060458859,3273,4.892011060458859
Legal services,Public Administration and Defence,0,0,2871,4.291159106195352,2871,4.291159106195352
Accounting and tax services,Public Administration and Defence,0,0,364,0.5440550033629773,364,0.5440550033629773
Management consulting services,Public Administration and Defence,0,0,1375,2.0551528286376204,1375,2.0551528286376204
Architectural and engineering services,Public Administration and Defence,1,0.001494657,1006,1.5036245422614154,1007,1.5051191988640609
Scientific research and development services,Public Administration and Defence,0,0,0,0,0,0
Advertising and market research services,Public Administration and Defence,0,0,1313,1.9624841192735971,1313,1.9624841192735971
Other scientific and technical services,Public Administration and Defence,0,0,597,0.8923099917793886,597,0.8923099917793886
Veterinary services,Public Administration and Defence,0,0,4,0.005978626,4,0.005978626
Rental and leasing services,Public Administration and Defence,0,0,183,0.27352215828413423,183,0.27352215828413423
Employment services,Public Administration and Defence,0,0,889,1.328749719751887,889,1.328749719751887
Travel services,Public Administration and Defence,0,0,198,0.29594200732381737,198,0.29594200732381737
Security services,Public Administration and Defence,0,0,489,0.7308870786936701,489,0.7308870786936701
Building and landscape services,Public Administration and Defence,0,0,584,0.8728794559449967,584,0.8728794559449967
Office support services,Public Administration and Defence,1173,1.753232194903221,0,0,1173,1.753232194903221
Public administration services (including defence),Public Administration and Defence,25,0.037366415,268,0.4005679695090053,293,0.4379343845751439
Education services,Public Administration and Defence,0,0,5318,7.948583812868994,5318,7.948583812868994
Health services,Public Administration and Defence,0,0,196,0.29295269411852626,196,0.29295269411852626
Residential and social care services,Public Administration and Defence,7,0.010462596218518794,8,0.011957252821164338,15,0.022419849
Arts and entertainment services,Public Administration and Defence,0,0,261,0.3901053732904865,261,0.3901053732904865
Libraries and other cultural services,Public Administration and Defence,0,0,257,0.38412674687990433,257,0.38412674687990433
Gambling services,Public Administration and Defence,0,0,0,0,0,0
Sports and recreation services,Public Administration and Defence,0,0,153,0.22868246020476798,153,0.22868246020476798
Membership services,Public Administration and Defence,0,0,185,0.2765114714894253,185,0.2765114714894253
Computer repair services,Public Administration and Defence,0,0,1076,1.6082505044466036,1076,1.6082505044466036
Other personal services,Public Administration and Defence,0,0,392,0.5859053882370525,392,0.5859053882370525
Agriculture products,Education,0,0,0,0,0,0
Forestry products,Education,0,0,0,0,0,0
Fishing products,Education,0,0,0,0,0,0
Coal and lignite,Education,4,0.010322314262857733,0,0,4,0.010322314262857733
"Petroleum, natural gas and mining of metal ores",Education,0,0,0,0,0,0
Other mining products,Education,0,0,0,0,0,0
Mining support services,Education,0,0,0,0,0,0
Meat and preserved meat products,Education,2,0.005161157,236,0.6090165415086063,238,0.6141776986400351
"Fish, seafood, fruit and vegetables",Education,1,0.002580579,157,0.4051508348171661,158,0.4077314133828805
Oils and fats,Education,0,0,19,0.049030992748574226,19,0.049030992748574226
Dairy products,Education,1,0.002580579,117,0.30192769218858867,118,0.3045082707543031
Grain mill and starch products,Education,0,0,58,0.14967355681143713,58,0.14967355681143713
Bakery products,Education,1,0.002580579,121,0.31225000645144646,122,0.3148305850171609
Other food products,Education,1,0.002580579,159,0.4103119919485949,160,0.41289257051430933
Animal feeds,Education,0,0,0,0,0,0
Alcoholic beverages and tobacco,Education,0,0,0,0,0,0
Soft drinks,Education,1,0.002580579,27,0.069675621,28,0.0722562
Textiles,Education,1,0.002580579,17,0.043869835617145365,18,0.046450414
Clothing,Education,11,0.028386364222858767,8,0.020644628525715466,19,0.049030993
Leather products,Education,0,0,0,0,0,0
Wood products (excl. furniture),Education,0,0,65,0.16773760677143815,65,0.16773760677143815
Paper products,Education,1,0.002580579,387,0.9986839049314857,388,1.0012644834972002
Printing and recording services,Education,0,0,1279,3.300559986,1279,3.300559986
Coke and refined petroleum products,Education,3,0.007741736,366,0.9444917550514825,369,0.9522334907486258
Paints and coatings,Education,0,0,45,0.11612603545714949,45,0.11612603545714949
Soap and detergents,Education,0,0,138,0.35611984206859176,138,0.35611984206859176
Other chemical products,Education,11,0.028386364222858767,0,0,11,0.028386364222858767
Industrial gases and fertilizers,Education,0,0,0,0,0,0
Petrochemicals,Education,3,0.007741736,3,0.007741736,6,0.015483471
Dyestuffs and agro-chemicals,Education,0,0,3,0.007741736,3,0.007741736
Pharmaceutical products,Education,5,0.012902892828572165,5,0.012902892828572165,10,0.025805786
Rubber and plastic products,Education,1,0.002580579,94,0.2425743851771567,95,0.24515496374287113
Cement and concrete products,Education,0,0,101,0.26063843513715773,101,0.26063843513715773
"Glass, ceramic and stone products",Education,3,0.007741736,59,0.15225413537715157,62,0.15999587107429486
Basic iron and steel,Education,0,0,0,0,0,0
Other basic metals and casting,Education,0,0,0,0,0,0
Weapons and ammunition,Education,0,0,0,0,0,0
Other fabricated metal products,Education,4,0.010322314262857733,47,0.12128719258857835,51,0.13160950685143608
Computer and electronic products,Education,933,2.4076798018115664,525,1.3548037470000776,1458,3.7624835488116437
Electrical equipment,Education,25,0.064514464,30,0.077417357,55,0.1419318211142938
Other machinery and equipment,Education,0,0,0,0,0,0
Motor vehicles,Education,0,0,36,0.092900828,36,0.092900828
Ships and boats,Education,0,0,0,0,0,0
Aircraft and spacecraft products,Education,0,0,0,0,0,0
Other Transport Equipment,Education,0,0,0,0,0,0
Furniture,Education,4,0.010322314262857733,137,0.35353926350287734,141,0.3638615777657351
Other manufactured goods,Education,0,0,651,1.6799566462800959,651,1.6799566462800959
Ship and boat repair and maintenance,Education,0,0,0,0,0,0
Air and spacecraft repair and maintenance,Education,0,0,0,0,0,0
Other repair services,Education,0,0,42,0.1083842997600062,42,0.1083842997600062
Electricity services,Education,1,0.002580579,594,1.5328636680343732,595,1.5354442466000877
"Mains gas, steam and air conditioning services",Education,1,0.002580579,388,1.001264483,389,1.0038450620629145
Water services,Education,0,0,224,0.578049599,224,0.578049599
Sewerage services,Education,0,0,47,0.12128719258857835,47,0.12128719258857835
Waste collection and treatment services,Education,3,0.007741736,114,0.2941859564914454,117,0.3019276921885887
Remediation and waste management services,Education,0,0,32,0.082578514,32,0.082578514
Construction services,Education,0,0,464,1.197388454491497,464,1.197388454491497
Motor vehicle trade services,Education,0,0,155,0.3999896776857371,155,0.3999896776857371
Wholesale trade services,Education,0,0,1697,4.379241826017393,1697,4.379241826017393
Retail trade services,Education,0,0,795,2.0515599597429746,795,2.0515599597429746
Rail transport services,Education,1,0.002580579,179,0.4619235632628836,180,0.464504142
Land transport services,Education,43,0.11096487832572062,1009,2.603803772805863,1052,2.7147686511315836
Water transport services,Education,0,0,0,0,0,0
Air transport services,Education,0,0,0,0,0,0
Warehousing services,Education,2,0.005161157,117,0.30192769218858867,119,0.3070888493200175
Postal and courier services,Education,1,0.002580579,152,0.3922479419885938,153,0.3948285205543082
Accommodation services,Education,63,0.16257644964000928,9,0.023225207,72,0.18580165673143917
Food and beverage services,Education,226,0.5832107558514619,561,1.447704575365797,787,2.030915331217259
Publishing services,Education,13,0.033547521,293,0.7561095197543289,306,0.7896570411086166
Media Production services,Education,7,0.018064049960001032,102,0.26321901370287215,109,0.2812830636628732
Telecommunications services,Education,10,0.025805786,275,0.709659106,285,0.7354648912286134
Computer programming services,Education,78,0.2012851281257258,976,2.518644680137287,1054,2.719929808263013
Information services,Education,1,0.002580579,14,0.036128099920002064,15,0.038708678
Financial services (excl. insurance and pensions),Education,351,0.905783077,872,2.2502645093029856,1223,3.156047585868752
Insurance and pension services,Education,0,0,156,0.4025702562514516,156,0.4025702562514516
Auxiliary financial services,Education,1,0.002580579,51,0.13160950685143608,52,0.1341900854171505
Real estate services,Education,0,0,11,0.028386364222858767,11,0.028386364222858767
Owner-occupier housing services,Education,0,0,0,0,0,0
Other real estate services,Education,3,0.007741736,1555,4.012799669685943,1558,4.020541405383087
Legal services,Education,10,0.025805786,152,0.3922479419885938,162,0.4180537276457381
Accounting and tax services,Education,9,0.023225207,1330,3.4321694924001958,1339,3.4553946994916256
Management consulting services,Education,171,0.44127893473716806,1114,2.874764522205879,1285,3.316043456943047
Architectural and engineering services,Education,1,0.002580579,259,0.6683698485200382,260,0.6709504270857527
Scientific research and development services,Education,0,0,0,0,0,0
Advertising and market research services,Education,73,0.18838223529715362,539,1.3909318469200795,612,1.5793140822172331
Other scientific and technical services,Education,0,0,498,1.2851281257257878,498,1.2851281257257878
Veterinary services,Education,0,0,0,0,0,0
Rental and leasing services,Education,160,0.4128925705143093,950,2.4515496374287116,1110,2.864442207943021
Employment services,Education,20,0.051611571,1220,3.148305850171609,1240,3.1999174214858974
Travel services,Education,1,0.002580579,47,0.12128719258857835,48,0.12386777115429279
Security services,Education,0,0,323,0.8335268767257619,323,0.8335268767257619
Building and landscape services,Education,1,0.002580579,864,2.2296198807772702,865,2.2322004593429847
Office support services,Education,879,2.2683285592629865,0,0,879,2.2683285592629865
Public administration services (including defence),Education,0,0,4,0.010322314262857733,4,0.010322314262857733
Education services,Education,176,0.45418182756574027,12032,31.04952130267606,12208,31.50370313
Health services,Education,0,0,0,0,0,0
Residential and social care services,Education,0,0,0,0,0,0
Arts and entertainment services,Education,4,0.010322314262857733,55,0.14193182111429384,59,0.15225413537715157
Libraries and other cultural services,Education,5,0.012902892828572165,41,0.10580372119429177,46,0.11870661402286393
Gambling services,Education,0,0,0,0,0,0
Sports and recreation services,Education,10,0.025805786,44,0.11354545689143507,54,0.1393512425485794
Membership services,Education,0,0,118,0.30450827075430315,118,0.30450827075430315
Computer repair services,Education,46,0.11870661402286393,0,0,46,0.11870661402286393
Other personal services,Education,0,0,0,0,0,0
Agriculture products,Human Health Activities,0,0,27,0.032971461,27,0.032971461
Forestry products,Human Health Activities,0,0,0,0,0,0
Fishing products,Human Health Activities,0,0,0,0,0,0
Coal and lignite,Human Health Activities,0,0,0,0,0,0
"Petroleum, natural gas and mining of metal ores",Human Health Activities,0,0,0,0,0,0
Other mining products,Human Health Activities,0,0,0,0,0,0
Mining support services,Human Health Activities,0,0,0,0,0,0
Meat and preserved meat products,Human Health Activities,0,0,351,0.4286289977896909,351,0.4286289977896909
"Fish, seafood, fruit and vegetables",Human Health Activities,0,0,158,0.1929441072671543,158,0.1929441072671543
Oils and fats,Human Health Activities,0,0,26,0.031750296,26,0.031750296
Dairy products,Human Health Activities,0,0,59,0.072048749,59,0.072048749
Grain mill and starch products,Human Health Activities,0,0,36,0.043961948491250354,36,0.043961948491250354
Bakery products,Human Health Activities,0,0,119,0.14531866306829977,119,0.14531866306829977
Other food products,Human Health Activities,0,0,265,0.3236087875050373,265,0.3236087875050373
Animal feeds,Human Health Activities,0,0,0,0,0,0
Alcoholic beverages and tobacco,Human Health Activities,0,0,0,0,0,0
Soft drinks,Human Health Activities,0,0,0,0,0,0
Textiles,Human Health Activities,1,0.001221165,279,0.3407051008071902,280,0.34192626604305826
Clothing,Human Health Activities,2,0.00244233,149,0.18195362014434174,151,0.18439595061607789
Leather products,Human Health Activities,0,0,0,0,0,0
Wood products (excl. furniture),Human Health Activities,0,0,0,0,0,0
Paper products,Human Health Activities,3,0.003663496,787,0.9610570406281673,790,0.9647205363357715
Printing and recording services,Human Health Activities,0,0,1179,1.439753813088449,1179,1.439753813088449
Coke and refined petroleum products,Human Health Activities,0,0,241,0.29430082184420375,241,0.29430082184420375
Paints and coatings,Human Health Activities,0,0,0,0,0,0
Soap and detergents,Human Health Activities,0,0,50,0.061058262,50,0.061058262
Other chemical products,Human Health Activities,813,0.9928073367607371,0,0,813,0.9928073367607371
Industrial gases and fertilizers,Human Health Activities,2,0.00244233,294,0.3590225793452112,296,0.36146490981694734
Petrochemicals,Human Health Activities,0,0,0,0,0,0
Dyestuffs and agro-chemicals,Human Health Activities,0,0,0,0,0,0
Pharmaceutical products,Human Health Activities,6508,7.9473433550293695,4603,5.6210235807007045,11111,13.568366935730074
Rubber and plastic products,Human Health Activities,3,0.003663496,508,0.6203519398209771,511,0.6240154355285813
Cement and concrete products,Human Health Activities,8,0.009769322,27,0.032971461,35,0.042740783
"Glass, ceramic and stone products",Human Health Activities,0,0,32,0.039077288,32,0.039077288
Basic iron and steel,Human Health Activities,0,0,0,0,0,0
Other basic metals and casting,Human Health Activities,0,0,0,0,0,0
Weapons and ammunition,Human Health Activities,0,0,0,0,0,0
Other fabricated metal products,Human Health Activities,0,0,103,0.1257800192944107,103,0.1257800192944107
Computer and electronic products,Human Health Activities,5379,6.568647803734323,4224,5.158201956306708,9603,11.72684976004103
Electrical equipment,Human Health Activities,2,0.00244233,22,0.026865635189097434,24,0.029307965660833567
Other machinery and equipment,Human Health Activities,0,0,0,0,0,0
Motor vehicles,Human Health Activities,0,0,114,0.13921283688895944,114,0.13921283688895944
Ships and boats,Human Health Activities,0,0,0,0,0,0
Aircraft and spacecraft products,Human Health Activities,0,0,0,0,0,0
Other Transport Equipment,Human Health Activities,0,0,273,0.3333781093919818,273,0.3333781093919818
Furniture,Human Health Activities,0,0,149,0.18195362014434174,149,0.18195362014434174
Other manufactured goods,Human Health Activities,1046,1.2773388367179963,752,0.9183162573727852,1798,2.1956550940907817
Ship and boat repair and maintenance,Human Health Activities,0,0,0,0,0,0
Air and spacecraft repair and maintenance,Human Health Activities,0,0,0,0,0,0
Other repair services,Human Health Activities,0,0,571,0.6972853496806654,571,0.6972853496806654
Electricity services,Human Health Activities,0,0,1345,1.6424672422425477,1345,1.6424672422425477
"Mains gas, steam and air conditioning services",Human Health Activities,0,0,872,1.064856085676953,872,1.064856085676953
Water services,Human Health Activities,0,0,236,0.2881949956648634,236,0.2881949956648634
Sewerage services,Human Health Activities,0,0,577,0.7046123410958737,577,0.7046123410958737
Waste collection and treatment services,Human Health Activities,2,0.00244233,1108,1.3530510813418164,1110,1.3554934118135524
Remediation and waste management services,Human Health Activities,0,0,0,0,0,0
Construction services,Human Health Activities,0,0,1078,1.3164161242657744,1078,1.3164161242657744
Motor vehicle trade services,Human Health Activities,0,0,319,0.3895517102419128,319,0.3895517102419128
Wholesale trade services,Human Health Activities,0,0,8363,10.21260486756463,8363,10.21260486756463
Retail trade services,Human Health Activities,0,0,2773,3.386291199062145,2773,3.386291199062145
Rail transport services,Human Health Activities,0,0,628,0.766891768,628,0.766891768
Land transport services,Human Health Activities,3,0.003663496,2517,3.0736728986799204,2520,3.0773363943875247
Water transport services,Human Health Activities,0,0,25,0.030529131,25,0.030529131
Air transport services,Human Health Activities,0,0,63,0.07693341,63,0.07693341
Warehousing services,Human Health Activities,0,0,0,0,0,0
Postal and courier services,Human Health Activities,0,0,574,0.7009488453882695,574,0.7009488453882695
Accommodation services,Human Health Activities,1,0.001221165,246,0.30040664802354405,247,0.3016278132594121
Food and beverage services,Human Health Activities,14,0.017096313302152916,1515,1.850065332340119,1529,1.867161645642272
Publishing services,Human Health Activities,0,0,0,0,0,0
Media Production services,Human Health Activities,0,0,40,0.048846609,40,0.048846609
Telecommunications services,Human Health Activities,1,0.001221165,1412,1.724285313045708,1413,1.725506478281576
Computer programming services,Human Health Activities,5,0.006105826,1759,2.148029649891927,1764,2.1541354760712674
Information services,Human Health Activities,0,0,0,0,0,0
Financial services (excl. insurance and pensions),Human Health Activities,30,0.036634957,679,0.8291711951544163,709,0.8658061522304582
Insurance and pension services,Human Health Activities,0,0,72,0.087923897,72,0.087923897
Auxiliary financial services,Human Health Activities,0,0,6,0.007326991,6,0.007326991
Real estate services,Human Health Activities,0,0,0,0,0,0
Owner-occupier housing services,Human Health Activities,0,0,0,0,0,0
Other real estate services,Human Health Activities,1,0.001221165,3636,4.440156797616286,3637,4.441377962852154
Legal services,Human Health Activities,2,0.00244233,2710,3.309357789202457,2712,3.311800119674193
Accounting and tax services,Human Health Activities,4,0.004884661,1148,1.401897690776539,1152,1.4067823517200113
Management consulting services,Human Health Activities,6,0.007326991,57,0.069606418,63,0.07693341
Architectural and engineering services,Human Health Activities,0,0,2701,3.2983673020796447,2701,3.2983673020796447
Scientific research and development services,Human Health Activities,0,0,0,0,0,0
Advertising and market research services,Human Health Activities,6,0.007326991,321,0.39199404071364896,327,0.39932103212885733
Other scientific and technical services,Human Health Activities,0,0,674,0.8230653689750761,674,0.8230653689750761
Veterinary services,Human Health Activities,0,0,0,0,0,0
Rental and leasing services,Human Health Activities,148,0.18073245490847364,1310,1.5997264589871656,1458,1.7804589138956393
Employment services,Human Health Activities,6,0.007326991,4111,5.020210284653617,4117,5.027537276068825
Travel services,Human Health Activities,0,0,80,0.097693219,80,0.097693219
Security services,Human Health Activities,0,0,483,0.5898228089242755,483,0.5898228089242755
Building and landscape services,Human Health Activities,0,0,1324,1.6168227722893183,1324,1.6168227722893183
Office support services,Human Health Activities,1145,1.3982341950689348,0,0,1145,1.3982341950689348
Public administration services (including defence),Human Health Activities,11,0.013432817594548717,219,0.2674351866551063,230,0.280868004
Education services,Human Health Activities,6,0.007326991,100,0.12211652358680652,106,0.12944351500201492
Health services,Human Health Activities,291,0.355359084,2634,3.216549231276484,2925,3.571908314914091
Residential and social care services,Human Health Activities,7,0.008548157,1852,2.2615980168276573,1859,2.2701461734787336
Arts and entertainment services,Human Health Activities,0,0,28,0.034192627,28,0.034192627
Libraries and other cultural services,Human Health Activities,0,0,91,0.11112603646399395,91,0.11112603646399395
Gambling services,Human Health Activities,0,0,0,0,0,0
Sports and recreation services,Human Health Activities,0,0,0,0,0,0
Membership services,Human Health Activities,0,0,0,0,0,0
Computer repair services,Human Health Activities,55,0.067164088,643,0.785209247,698,0.8523733346359097
Other personal services,Human Health Activities,3,0.003663496,648,0.7913150728425065,651,0.7949785685501106
Agriculture products,Residential Care and Social Work,2,0.007300869,36,0.13141563846097687,38,0.13871650726436446
Forestry products,Residential Care and Social Work,0,0,0,0,0,0
Fishing products,Residential Care and Social Work,0,0,0,0,0,0
Coal and lignite,Residential Care and Social Work,0,0,0,0,0,0
"Petroleum, natural gas and mining of metal ores",Residential Care and Social Work,0,0,0,0,0,0
Other mining products,Residential Care and Social Work,0,0,0,0,0,0
Mining support services,Residential Care and Social Work,0,0,0,0,0,0
Meat and preserved meat products,Residential Care and Social Work,7,0.025553041,217,0.792144265,224,0.8176973059794116
"Fish, seafood, fruit and vegetables",Residential Care and Social Work,4,0.014601737606775208,126,0.45995473461341896,130,0.47455647222019415
Oils and fats,Residential Care and Social Work,0,0,47,0.17157041687960867,47,0.17157041687960867
Dairy products,Residential Care and Social Work,3,0.010951303205081406,44,0.16061911367452728,47,0.17157041687960867
Grain mill and starch products,Residential Care and Social Work,1,0.003650434,76,0.2774330145287289,77,0.28108344893042275
Bakery products,Residential Care and Social Work,5,0.018252172008469007,101,0.36869387457107394,106,0.38694604657954296
Other food products,Residential Care and Social Work,5,0.018252172008469007,337,1.230196393370811,342,1.248448565
Animal feeds,Residential Care and Social Work,0,0,0,0,0,0
Alcoholic beverages and tobacco,Residential Care and Social Work,2,0.007300869,0,0,2,0.007300869
Soft drinks,Residential Care and Social Work,2,0.007300869,39,0.14236694166605826,41,0.14966781046944586
Textiles,Residential Care and Social Work,0,0,0,0,0,0
Clothing,Residential Care and Social Work,38,0.13871650726436446,0,0,38,0.13871650726436446
Leather products,Residential Care and Social Work,0,0,0,0,0,0
Wood products (excl. furniture),Residential Care and Social Work,0,0,0,0,0,0
Paper products,Residential Care and Social Work,1,0.003650434,185,0.6753303643133532,186,0.678980799
Printing and recording services,Residential Care and Social Work,0,0,85,0.31028692414397313,85,0.31028692414397313
Coke and refined petroleum products,Residential Care and Social Work,2,0.007300869,163,0.5950208074760897,165,0.6023216762794773
Paints and coatings,Residential Care and Social Work,0,0,7,0.025553041,7,0.025553041
Soap and detergents,Residential Care and Social Work,3,0.010951303205081406,143,0.5220121194422136,146,0.532963423
Other chemical products,Residential Care and Social Work,0,0,5,0.018252172008469007,5,0.018252172008469007
Industrial gases and fertilizers,Residential Care and Social Work,0,0,0,0,0,0
Petrochemicals,Residential Care and Social Work,0,0,0,0,0,0
Dyestuffs and agro-chemicals,Residential Care and Social Work,0,0,0,0,0,0
Pharmaceutical products,Residential Care and Social Work,0,0,45,0.16426954807622107,45,0.16426954807622107
Rubber and plastic products,Residential Care and Social Work,2,0.007300869,55,0.20077389209315907,57,0.20807476089654667
Cement and concrete products,Residential Care and Social Work,0,0,0,0,0,0
"Glass, ceramic and stone products",Residential Care and Social Work,0,0,0,0,0,0
Basic iron and steel,Residential Care and Social Work,0,0,0,0,0,0
Other basic metals and casting,Residential Care and Social Work,0,0,0,0,0,0
Weapons and ammunition,Residential Care and Social Work,0,0,0,0,0,0
Other fabricated metal products,Residential Care and Social Work,0,0,2,0.007300869,2,0.007300869
Computer and electronic products,Residential Care and Social Work,298,1.0878294517047529,162,0.5913703730743959,460,1.6791998247791486
Electrical equipment,Residential Care and Social Work,0,0,42,0.15331824487113968,42,0.15331824487113968
Other machinery and equipment,Residential Care and Social Work,0,0,0,0,0,0
Motor vehicles,Residential Care and Social Work,0,0,221,0.8067460027743301,221,0.8067460027743301
Ships and boats,Residential Care and Social Work,0,0,0,0,0,0
Aircraft and spacecraft products,Residential Care and Social Work,0,0,0,0,0,0
Other Transport Equipment,Residential Care and Social Work,0,0,0,0,0,0
Furniture,Residential Care and Social Work,1,0.003650434,59,0.2153756296999343,60,0.2190260641016281
Other manufactured goods,Residential Care and Social Work,0,0,78,0.2847338833321165,78,0.2847338833321165
Ship and boat repair and maintenance,Residential Care and Social Work,0,0,0,0,0,0
Air and spacecraft repair and maintenance,Residential Care and Social Work,0,0,0,0,0,0
Other repair services,Residential Care and Social Work,0,0,436,1.5915893991384975,436,1.5915893991384975
Electricity services,Residential Care and Social Work,1,0.003650434,309,1.1279842301233847,310,1.1316346645250785
"Mains gas, steam and air conditioning services",Residential Care and Social Work,2,0.007300869,204,0.7446886179455355,206,0.7519894867489232
Water services,Residential Care and Social Work,1,0.003650434,216,0.7884938307658611,217,0.7921442651675549
Sewerage services,Residential Care and Social Work,0,0,55,0.20077389209315907,55,0.20077389209315907
Waste collection and treatment services,Residential Care and Social Work,7,0.025553041,85,0.31028692414397313,92,0.33583996495582974
Remediation and waste management services,Residential Care and Social Work,0,0,0,0,0,0
Construction services,Residential Care and Social Work,0,0,319,1.1644885741403228,319,1.1644885741403228
Motor vehicle trade services,Residential Care and Social Work,0,0,245,0.8943564284149814,245,0.8943564284149814
Wholesale trade services,Residential Care and Social Work,0,0,722,2.6356136380229245,722,2.6356136380229245
Retail trade services,Residential Care and Social Work,0,0,339,1.2374972621741986,339,1.2374972621741986
Rail transport services,Residential Care and Social Work,0,0,0,0,0,0
Land transport services,Residential Care and Social Work,9,0.03285391,721,2.631963203621231,730,2.664817113236475
Water transport services,Residential Care and Social Work,0,0,0,0,0,0
Air transport services,Residential Care and Social Work,0,0,0,0,0,0
Warehousing services,Residential Care and Social Work,2,0.007300869,10,0.036504344016938015,12,0.043805212820325616
Postal and courier services,Residential Care and Social Work,1,0.003650434,210,0.7665912243556983,211,0.770241659
Accommodation services,Residential Care and Social Work,17,0.062057385,244,0.8907059940132876,261,0.9527633788420823
Food and beverage services,Residential Care and Social Work,165,0.6023216762794772,507,1.8507702416587575,672,2.4530919179382344
Publishing services,Residential Care and Social Work,0,0,109,0.3978973497846244,109,0.3978973497846244
Media Production services,Residential Care and Social Work,0,0,54,0.19712345769146528,54,0.19712345769146528
Telecommunications services,Residential Care and Social Work,2,0.007300869,472,1.7230050375994743,474,1.7303059064028619
Computer programming services,Residential Care and Social Work,15,0.054756516,682,2.489596261955173,697,2.544352778
Information services,Residential Care and Social Work,0,0,0,0,0,0
Financial services (excl. insurance and pensions),Residential Care and Social Work,89,0.3248886617507483,802,2.9276483901584287,891,3.252537051909177
Insurance and pension services,Residential Care and Social Work,0,0,92,0.33583996495582974,92,0.33583996495582974
Auxiliary financial services,Residential Care and Social Work,0,0,0,0,0,0
Real estate services,Residential Care and Social Work,0,0,0,0,0,0
Owner-occupier housing services,Residential Care and Social Work,0,0,0,0,0,0
Other real estate services,Residential Care and Social Work,3,0.010951303205081406,1150,4.197999561947872,1153,4.208950865152953
Legal services,Residential Care and Social Work,6,0.021902606,386,1.4090676790538075,392,1.4309702854639703
Accounting and tax services,Residential Care and Social Work,6,0.021902606,655,2.391034533,661,2.412937139519603
Management consulting services,Residential Care and Social Work,22,0.080309557,57,0.2080747608965467,79,0.28838431773381035
Architectural and engineering services,Residential Care and Social Work,1,0.003650434,87,0.3175877929473607,88,0.32123822734905455
Scientific research and development services,Residential Care and Social Work,0,0,0,0,0,0
Advertising and market research services,Residential Care and Social Work,15,0.054756516,324,1.1827407461487918,339,1.2374972621741989
Other scientific and technical services,Residential Care and Social Work,0,0,121,0.441702563,121,0.441702563
Veterinary services,Residential Care and Social Work,0,0,0,0,0,0
Rental and leasing services,Residential Care and Social Work,6,0.021902606,292,1.065926845,298,1.0878294517047529
Employment services,Residential Care and Social Work,34,0.12411476965758926,1495,5.457399430532233,1529,5.5815142001898215
Travel services,Residential Care and Social Work,0,0,0,0,0,0
Security services,Residential Care and Social Work,0,0,197,0.7191355771336788,197,0.7191355771336788
Building and landscape services,Residential Care and Social Work,0,0,665,2.427538877126378,665,2.427538877126378
Office support services,Residential Care and Social Work,271,0.9892677228590203,175,0.6388260202964153,446,1.6280937431554356
Public administration services (including defence),Residential Care and Social Work,0,0,0,0,0,0
Education services,Residential Care and Social Work,27,0.098561729,764,2.7889318828940644,791,2.887493611739797
Health services,Residential Care and Social Work,0,0,0,0,0,0
Residential and social care services,Residential Care and Social Work,14,0.051106082,10352,37.78929692633423,10366,37.840403007957946
Arts and entertainment services,Residential Care and Social Work,15,0.054756516,49,0.17887128568299626,64,0.2336278017084033
Libraries and other cultural services,Residential Care and Social Work,2,0.007300869,28,0.10221216324742644,30,0.10951303205081404
Gambling services,Residential Care and Social Work,0,0,0,0,0,0
Sports and recreation services,Residential Care and Social Work,5,0.018252172008469007,31,0.11316346645250785,36,0.13141563846097687
Membership services,Residential Care and Social Work,0,0,168,0.6132729794845587,168,0.6132729794845587
Computer repair services,Residential Care and Social Work,62,0.2263269329050157,54,0.19712345769146528,116,0.423450391
Other personal services,Residential Care and Social Work,5,0.018252172008469007,55,0.20077389209315907,60,0.2190260641016281
Agriculture products,Creative and Entertainment Activities,0,0,0,0,0,0
Forestry products,Creative and Entertainment Activities,0,0,0,0,0,0
Fishing products,Creative and Entertainment Activities,0,0,0,0,0,0
Coal and lignite,Creative and Entertainment Activities,0,0,0,0,0,0
"Petroleum, natural gas and mining of metal ores",Creative and Entertainment Activities,0,0,0,0,0,0
Other mining products,Creative and Entertainment Activities,0,0,0,0,0,0
Mining support services,Creative and Entertainment Activities,0,0,0,0,0,0
Meat and preserved meat products,Creative and Entertainment Activities,0,0,7,0.19026909486273444,7,0.19026909486273444
"Fish, seafood, fruit and vegetables",Creative and Entertainment Activities,0,0,3,0.081543898,3,0.081543898
Oils and fats,Creative and Entertainment Activities,0,0,2,0.054362599,2,0.054362599
Dairy products,Creative and Entertainment Activities,0,0,3,0.081543898,3,0.081543898
Grain mill and starch products,Creative and Entertainment Activities,0,0,0,0,0,0
Bakery products,Creative and Entertainment Activities,0,0,5,0.1359064963305246,5,0.1359064963305246
Other food products,Creative and Entertainment Activities,0,0,11,0.2989942919271541,11,0.2989942919271541
Animal feeds,Creative and Entertainment Activities,0,0,3,0.081543898,3,0.081543898
Alcoholic beverages and tobacco,Creative and Entertainment Activities,3,0.081543898,0,0,3,0.081543898
Soft drinks,Creative and Entertainment Activities,0,0,0,0,0,0
Textiles,Creative and Entertainment Activities,0,0,0,0,0,0
Clothing,Creative and Entertainment Activities,1,0.027181299,0,0,1,0.027181299
Leather products,Creative and Entertainment Activities,0,0,0,0,0,0
Wood products (excl. furniture),Creative and Entertainment Activities,0,0,4,0.10872519706441967,4,0.10872519706441967
Paper products,Creative and Entertainment Activities,1,0.027181299,19,0.5164446860559935,20,0.5436259853220984
Printing and recording services,Creative and Entertainment Activities,0,0,14,0.3805381897254689,14,0.3805381897254689
Coke and refined petroleum products,Creative and Entertainment Activities,0,0,9,0.2446316933949443,9,0.2446316933949443
Paints and coatings,Creative and Entertainment Activities,0,0,0,0,0,0
Soap and detergents,Creative and Entertainment Activities,0,0,2,0.054362599,2,0.054362599
Other chemical products,Creative and Entertainment Activities,0,0,0,0,0,0
Industrial gases and fertilizers,Creative and Entertainment Activities,0,0,2,0.054362599,2,0.054362599
Petrochemicals,Creative and Entertainment Activities,0,0,0,0,0,0
Dyestuffs and agro-chemicals,Creative and Entertainment Activities,0,0,0,0,0,0
Pharmaceutical products,Creative and Entertainment Activities,0,0,0,0,0,0
Rubber and plastic products,Creative and Entertainment Activities,2,0.054362599,105,2.8540364229410167,107,2.9083990214732265
Cement and concrete products,Creative and Entertainment Activities,0,0,9,0.2446316933949443,9,0.2446316933949443
"Glass, ceramic and stone products",Creative and Entertainment Activities,2,0.054362599,12,0.32617559119325906,14,0.3805381897254689
Basic iron and steel,Creative and Entertainment Activities,0,0,2,0.054362599,2,0.054362599
Other basic metals and casting,Creative and Entertainment Activities,0,0,0,0,0,0
Weapons and ammunition,Creative and Entertainment Activities,0,0,0,0,0,0
Other fabricated metal products,Creative and Entertainment Activities,0,0,0,0,0,0
Computer and electronic products,Creative and Entertainment Activities,0,0,75,2.038597444957869,75,2.038597444957869
Electrical equipment,Creative and Entertainment Activities,0,0,0,0,0,0
Other machinery and equipment,Creative and Entertainment Activities,0,0,0,0,0,0
Motor vehicles,Creative and Entertainment Activities,0,0,0,0,0,0
Ships and boats,Creative and Entertainment Activities,0,0,2,0.054362599,2,0.054362599
Aircraft and spacecraft products,Creative and Entertainment Activities,0,0,3,0.081543898,3,0.081543898
Other Transport Equipment,Creative and Entertainment Activities,0,0,0,0,0,0
Furniture,Creative and Entertainment Activities,0,0,2,0.054362599,2,0.054362599
Other manufactured goods,Creative and Entertainment Activities,2,0.054362599,52,1.4134275618374559,54,1.4677901603696657
Ship and boat repair and maintenance,Creative and Entertainment Activities,0,0,0,0,0,0
Air and spacecraft repair and maintenance,Creative and Entertainment Activities,0,0,0,0,0,0
Other repair services,Creative and Entertainment Activities,0,0,8,0.21745039412883935,8,0.21745039412883935
Electricity services,Creative and Entertainment Activities,0,0,65,1.766784452,65,1.766784452
"Mains gas, steam and air conditioning services",Creative and Entertainment Activities,0,0,6,0.16308779559662953,6,0.16308779559662953
Water services,Creative and Entertainment Activities,0,0,10,0.2718129926610492,10,0.2718129926610492
Sewerage services,Creative and Entertainment Activities,0,0,2,0.054362599,2,0.054362599
Waste collection and treatment services,Creative and Entertainment Activities,0,0,4,0.10872519706441967,4,0.10872519706441967
Remediation and waste management services,Creative and Entertainment Activities,0,0,0,0,0,0
Construction services,Creative and Entertainment Activities,0,0,114,3.098668116335961,114,3.098668116335961
Motor vehicle trade services,Creative and Entertainment Activities,0,0,1,0.027181299,1,0.027181299
Wholesale trade services,Creative and Entertainment Activities,0,0,105,2.8540364229410167,105,2.8540364229410167
Retail trade services,Creative and Entertainment Activities,0,0,86,2.337591736885023,86,2.337591736885023
Rail transport services,Creative and Entertainment Activities,0,0,0,0,0,0
Land transport services,Creative and Entertainment Activities,5,0.1359064963305246,7,0.19026909486273444,12,0.326175591
Water transport services,Creative and Entertainment Activities,0,0,0,0,0,0
Air transport services,Creative and Entertainment Activities,2,0.054362599,13,0.35335689045936397,15,0.4077194889915738
Warehousing services,Creative and Entertainment Activities,0,0,0,0,0,0
Postal and courier services,Creative and Entertainment Activities,0,0,81,2.2016852405544984,81,2.2016852405544984
Accommodation services,Creative and Entertainment Activities,3,0.081543898,14,0.3805381897254689,17,0.46208208752378366
Food and beverage services,Creative and Entertainment Activities,19,0.5164446860559935,23,0.6251698831204131,42,1.1416145691764066
Publishing services,Creative and Entertainment Activities,2,0.054362599,0,0,2,0.054362599
Media Production services,Creative and Entertainment Activities,26,0.7067137809187279,111,3.017124218537646,137,3.723837999456374
Telecommunications services,Creative and Entertainment Activities,0,0,83,2.2560478390867083,83,2.2560478390867083
Computer programming services,Creative and Entertainment Activities,10,0.2718129926610492,56,1.5221527589018755,66,1.7939657515629248
Information services,Creative and Entertainment Activities,5,0.1359064963305246,31,0.8426202772492526,36,0.9785267735797771
Financial services (excl. insurance and pensions),Creative and Entertainment Activities,8,0.21745039412883935,214,5.816798042946453,222,6.034248437075292
Insurance and pension services,Creative and Entertainment Activities,0,0,22,0.5979885838543082,22,0.5979885838543082
Auxiliary financial services,Creative and Entertainment Activities,11,0.2989942919271541,0,0,11,0.2989942919271541
Real estate services,Creative and Entertainment Activities,0,0,0,0,0,0
Owner-occupier housing services,Creative and Entertainment Activities,0,0,0,0,0,0
Other real estate services,Creative and Entertainment Activities,1,0.027181299,10,0.2718129926610492,11,0.2989942919271541
Legal services,Creative and Entertainment Activities,12,0.32617559119325906,6,0.16308779559662953,18,0.48926338678988857
Accounting and tax services,Creative and Entertainment Activities,6,0.16308779559662953,179,4.865452569,185,5.028540364
Management consulting services,Creative and Entertainment Activities,13,0.35335689045936397,22,0.5979885838543082,35,0.9513454743136722
Architectural and engineering services,Creative and Entertainment Activities,1,0.027181299,27,0.7338950801848328,28,0.7610763794509378
Scientific research and development services,Creative and Entertainment Activities,0,0,0,0,0,0
Advertising and market research services,Creative and Entertainment Activities,9,0.2446316933949443,66,1.7939657515629246,75,2.038597444957869
Other scientific and technical services,Creative and Entertainment Activities,0,0,233,6.333242729002446,233,6.333242729002446
Veterinary services,Creative and Entertainment Activities,0,0,0,0,0,0
Rental and leasing services,Creative and Entertainment Activities,7,0.19026909486273444,38,1.032889372111987,45,1.2231584669747213
Employment services,Creative and Entertainment Activities,0,0,16,0.4349007882576787,16,0.4349007882576787
Travel services,Creative and Entertainment Activities,0,0,0,0,0,0
Security services,Creative and Entertainment Activities,1,0.027181299,24,0.6523511823865181,25,0.679532482
Building and landscape services,Creative and Entertainment Activities,0,0,88,2.391954335417233,88,2.391954335417233
Office support services,Creative and Entertainment Activities,58,1.5765153574340853,1,0.027181299,59,1.6036966567001902
Public administration services (including defence),Creative and Entertainment Activities,0,0,7,0.19026909486273444,7,0.19026909486273444
Education services,Creative and Entertainment Activities,0,0,0,0,0,0
Health services,Creative and Entertainment Activities,0,0,0,0,0,0
Residential and social care services,Creative and Entertainment Activities,0,0,0,0,0,0
Arts and entertainment services,Creative and Entertainment Activities,149,4.050013590649633,1157,31.448763250883395,1306,35.49877684153303
Libraries and other cultural services,Creative and Entertainment Activities,8,0.21745039412883935,12,0.32617559119325906,20,0.5436259853220984
Gambling services,Creative and Entertainment Activities,0,0,0,0,0,0
Sports and recreation services,Creative and Entertainment Activities,5,0.1359064963305246,6,0.16308779559662953,11,0.2989942919271541
Membership services,Creative and Entertainment Activities,8,0.21745039412883935,5,0.1359064963305246,13,0.3533568904593639
Computer repair services,Creative and Entertainment Activities,0,0,0,0,0,0
Other personal services,Creative and Entertainment Activities,0,0,0,0,0,0
Agriculture products,Libraries and Other Cultural Activities,0,0,0,0,0,0
Forestry products,Libraries and Other Cultural Activities,0,0,0,0,0,0
Fishing products,Libraries and Other Cultural Activities,0,0,0,0,0,0
Coal and lignite,Libraries and Other Cultural Activities,0,0,0,0,0,0
"Petroleum, natural gas and mining of metal ores",Libraries and Other Cultural Activities,0,0,0,0,0,0
Other mining products,Libraries and Other Cultural Activities,0,0,0,0,0,0
Mining support services,Libraries and Other Cultural Activities,0,0,0,0,0,0
Meat and preserved meat products,Libraries and Other Cultural Activities,0,0,3,0.18999366687777072,3,0.18999366687777072
"Fish, seafood, fruit and vegetables",Libraries and Other Cultural Activities,0,0,0,0,0,0
Oils and fats,Libraries and Other Cultural Activities,0,0,0,0,0,0
Dairy products,Libraries and Other Cultural Activities,0,0,0,0,0,0
Grain mill and starch products,Libraries and Other Cultural Activities,0,0,0,0,0,0
Bakery products,Libraries and Other Cultural Activities,0,0,2,0.1266624445851805,2,0.1266624445851805
Other food products,Libraries and Other Cultural Activities,0,0,0,0,0,0
Animal feeds,Libraries and Other Cultural Activities,0,0,3,0.18999366687777072,3,0.18999366687777072
Alcoholic beverages and tobacco,Libraries and Other Cultural Activities,1,0.063331222,0,0,1,0.063331222
Soft drinks,Libraries and Other Cultural Activities,1,0.063331222,10,0.6333122229259025,11,0.6966434452184928
Textiles,Libraries and Other Cultural Activities,0,0,1,0.063331222,1,0.063331222
Clothing,Libraries and Other Cultural Activities,0,0,0,0,0,0
Leather products,Libraries and Other Cultural Activities,0,0,1,0.063331222,1,0.063331222
Wood products (excl. furniture),Libraries and Other Cultural Activities,0,0,0,0,0,0
Paper products,Libraries and Other Cultural Activities,0,0,13,0.8233058898036731,13,0.8233058898036731
Printing and recording services,Libraries and Other Cultural Activities,0,0,62,3.9265357821405953,62,3.9265357821405953
Coke and refined petroleum products,Libraries and Other Cultural Activities,0,0,10,0.6333122229259025,10,0.6333122229259025
Paints and coatings,Libraries and Other Cultural Activities,0,0,0,0,0,0
Soap and detergents,Libraries and Other Cultural Activities,0,0,4,0.253324889,4,0.253324889
Other chemical products,Libraries and Other Cultural Activities,0,0,0,0,0,0
Industrial gases and fertilizers,Libraries and Other Cultural Activities,0,0,0,0,0,0
Petrochemicals,Libraries and Other Cultural Activities,0,0,0,0,0,0
Dyestuffs and agro-chemicals,Libraries and Other Cultural Activities,0,0,2,0.1266624445851805,2,0.1266624445851805
Pharmaceutical products,Libraries and Other Cultural Activities,0,0,0,0,0,0
Rubber and plastic products,Libraries and Other Cultural Activities,0,0,0,0,0,0
Cement and concrete products,Libraries and Other Cultural Activities,0,0,16,1.013299556681444,16,1.013299556681444
"Glass, ceramic and stone products",Libraries and Other Cultural Activities,0,0,7,0.44331855604813175,7,0.44331855604813175
Basic iron and steel,Libraries and Other Cultural Activities,0,0,5,0.31665611146295125,5,0.31665611146295125
Other basic metals and casting,Libraries and Other Cultural Activities,0,0,3,0.18999366687777072,3,0.18999366687777072
Weapons and ammunition,Libraries and Other Cultural Activities,0,0,0,0,0,0
Other fabricated metal products,Libraries and Other Cultural Activities,0,0,0,0,0,0
Computer and electronic products,Libraries and Other Cultural Activities,21,1.3299556681443951,1,0.063331222,22,1.3932868904369853
Electrical equipment,Libraries and Other Cultural Activities,0,0,6,0.37998733375554145,6,0.37998733375554145
Other machinery and equipment,Libraries and Other Cultural Activities,0,0,0,0,0,0
Motor vehicles,Libraries and Other Cultural Activities,0,0,7,0.44331855604813175,7,0.44331855604813175
Ships and boats,Libraries and Other Cultural Activities,0,0,0,0,0,0
Aircraft and spacecraft products,Libraries and Other Cultural Activities,0,0,4,0.253324889,4,0.253324889
Other Transport Equipment,Libraries and Other Cultural Activities,0,0,0,0,0,0
Furniture,Libraries and Other Cultural Activities,0,0,2,0.1266624445851805,2,0.1266624445851805
Other manufactured goods,Libraries and Other Cultural Activities,0,0,6,0.37998733375554145,6,0.37998733375554145
Ship and boat repair and maintenance,Libraries and Other Cultural Activities,0,0,0,0,0,0
Air and spacecraft repair and maintenance,Libraries and Other Cultural Activities,0,0,0,0,0,0
Other repair services,Libraries and Other Cultural Activities,0,0,21,1.3299556681443951,21,1.3299556681443951
Electricity services,Libraries and Other Cultural Activities,0,0,62,3.9265357821405953,62,3.9265357821405953
"Mains gas, steam and air conditioning services",Libraries and Other Cultural Activities,0,0,26,1.6466117796073463,26,1.6466117796073463
Water services,Libraries and Other Cultural Activities,0,0,24,1.5199493350221658,24,1.5199493350221658
Sewerage services,Libraries and Other Cultural Activities,0,0,6,0.37998733375554145,6,0.37998733375554145
Waste collection and treatment services,Libraries and Other Cultural Activities,0,0,21,1.3299556681443951,21,1.3299556681443951
Remediation and waste management services,Libraries and Other Cultural Activities,0,0,0,0,0,0
Construction services,Libraries and Other Cultural Activities,0,0,53,3.356554781507283,53,3.356554781507283
Motor vehicle trade services,Libraries and Other Cultural Activities,0,0,2,0.1266624445851805,2,0.1266624445851805
Wholesale trade services,Libraries and Other Cultural Activities,0,0,59,3.7365421152628246,59,3.7365421152628246
Retail trade services,Libraries and Other Cultural Activities,0,0,25,1.5832805573147564,25,1.5832805573147564
Rail transport services,Libraries and Other Cultural Activities,0,0,20,1.266624445851805,20,1.266624445851805
Land transport services,Libraries and Other Cultural Activities,1,0.063331222,7,0.44331855604813175,8,0.506649778
Water transport services,Libraries and Other Cultural Activities,0,0,0,0,0,0
Air transport services,Libraries and Other Cultural Activities,0,0,0,0,0,0
Warehousing services,Libraries and Other Cultural Activities,0,0,0,0,0,0
Postal and courier services,Libraries and Other Cultural Activities,0,0,5,0.31665611146295125,5,0.31665611146295125
Accommodation services,Libraries and Other Cultural Activities,0,0,0,0,0,0
Food and beverage services,Libraries and Other Cultural Activities,40,2.533248892,63,3.9898670044331856,103,6.523115896136796
Publishing services,Libraries and Other Cultural Activities,2,0.1266624445851805,9,0.5699810006333123,11,0.6966434452184928
Media Production services,Libraries and Other Cultural Activities,2,0.1266624445851805,44,2.786573780873971,46,2.9132362254591513
Telecommunications services,Libraries and Other Cultural Activities,0,0,24,1.5199493350221658,24,1.5199493350221658
Computer programming services,Libraries and Other Cultural Activities,1,0.063331222,63,3.9898670044331856,64,4.053198226725776
Information services,Libraries and Other Cultural Activities,0,0,0,0,0,0
Financial services (excl. insurance and pensions),Libraries and Other Cultural Activities,8,0.506649778,0,0,8,0.506649778
Insurance and pension services,Libraries and Other Cultural Activities,0,0,5,0.31665611146295125,5,0.31665611146295125
Auxiliary financial services,Libraries and Other Cultural Activities,0,0,0,0,0,0
Real estate services,Libraries and Other Cultural Activities,0,0,0,0,0,0
Owner-occupier housing services,Libraries and Other Cultural Activities,0,0,0,0,0,0
Other real estate services,Libraries and Other Cultural Activities,0,0,20,1.266624445851805,20,1.266624445851805
Legal services,Libraries and Other Cultural Activities,1,0.063331222,8,0.506649778,9,0.5699810006333123
Accounting and tax services,Libraries and Other Cultural Activities,1,0.063331222,54,3.4198860037998733,55,3.4832172260924636
Management consulting services,Libraries and Other Cultural Activities,7,0.44331855604813175,32,2.026599113362888,39,2.4699176694110196
Architectural and engineering services,Libraries and Other Cultural Activities,1,0.063331222,2,0.1266624445851805,3,0.18999366687777075
Scientific research and development services,Libraries and Other Cultural Activities,0,0,0,0,0,0
Advertising and market research services,Libraries and Other Cultural Activities,3,0.18999366687777072,63,3.9898670044331856,66,4.179860671310957
Other scientific and technical services,Libraries and Other Cultural Activities,0,0,17,1.0766307789740341,17,1.0766307789740341
Veterinary services,Libraries and Other Cultural Activities,0,0,0,0,0,0
Rental and leasing services,Libraries and Other Cultural Activities,1,0.063331222,16,1.013299556681444,17,1.0766307789740344
Employment services,Libraries and Other Cultural Activities,2,0.1266624445851805,35,2.2165927802406586,37,2.343255224825839
Travel services,Libraries and Other Cultural Activities,0,0,0,0,0,0
Security services,Libraries and Other Cultural Activities,0,0,20,1.266624445851805,20,1.266624445851805
Building and landscape services,Libraries and Other Cultural Activities,0,0,185,11.716276124129196,185,11.716276124129196
Office support services,Libraries and Other Cultural Activities,17,1.0766307789740341,19,1.2032932235592146,36,2.2799240025332486
Public administration services (including defence),Libraries and Other Cultural Activities,0,0,2,0.1266624445851805,2,0.1266624445851805
Education services,Libraries and Other Cultural Activities,0,0,0,0,0,0
Health services,Libraries and Other Cultural Activities,0,0,0,0,0,0
Residential and social care services,Libraries and Other Cultural Activities,0,0,0,0,0,0
Arts and entertainment services,Libraries and Other Cultural Activities,52,3.2932235592146926,0,0,52,3.2932235592146926
Libraries and other cultural services,Libraries and Other Cultural Activities,72,4.559848005066498,125,7.916402786573781,197,12.476250791640279
Gambling services,Libraries and Other Cultural Activities,0,0,0,0,0,0
Sports and recreation services,Libraries and Other Cultural Activities,0,0,25,1.5832805573147564,25,1.5832805573147564
Membership services,Libraries and Other Cultural Activities,0,0,7,0.44331855604813175,7,0.44331855604813175
Computer repair services,Libraries and Other Cultural Activities,0,0,8,0.506649778,8,0.506649778
Other personal services,Libraries and Other Cultural Activities,0,0,0,0,0,0
Agriculture products,Gambling and Betting Activities,0,0,20,0.4318721658389117,20,0.4318721658389117
Forestry products,Gambling and Betting Activities,0,0,0,0,0,0
Fishing products,Gambling and Betting Activities,0,0,0,0,0,0
Coal and lignite,Gambling and Betting Activities,0,0,0,0,0,0
"Petroleum, natural gas and mining of metal ores",Gambling and Betting Activities,0,0,0,0,0,0
Other mining products,Gambling and Betting Activities,0,0,0,0,0,0
Mining support services,Gambling and Betting Activities,0,0,0,0,0,0
Meat and preserved meat products,Gambling and Betting Activities,0,0,19,0.41027855754696607,19,0.41027855754696607
"Fish, seafood, fruit and vegetables",Gambling and Betting Activities,0,0,16,0.3454977326711294,16,0.3454977326711294
Oils and fats,Gambling and Betting Activities,0,0,2,0.043187217,2,0.043187217
Dairy products,Gambling and Betting Activities,0,0,24,0.518246599,24,0.518246599
Grain mill and starch products,Gambling and Betting Activities,0,0,2,0.043187217,2,0.043187217
Bakery products,Gambling and Betting Activities,0,0,16,0.3454977326711294,16,0.3454977326711294
Other food products,Gambling and Betting Activities,0,0,24,0.518246599,24,0.518246599
Animal feeds,Gambling and Betting Activities,0,0,3,0.064780825,3,0.064780825
Alcoholic beverages and tobacco,Gambling and Betting Activities,3,0.064780825,0,0,3,0.064780825
Soft drinks,Gambling and Betting Activities,0,0,3,0.064780825,3,0.064780825
Textiles,Gambling and Betting Activities,0,0,0,0,0,0
Clothing,Gambling and Betting Activities,0,0,2,0.043187217,2,0.043187217
Leather products,Gambling and Betting Activities,0,0,0,0,0,0
Wood products (excl. furniture),Gambling and Betting Activities,0,0,0,0,0,0
Paper products,Gambling and Betting Activities,0,0,41,0.88533794,41,0.88533794
Printing and recording services,Gambling and Betting Activities,0,0,0,0,0,0
Coke and refined petroleum products,Gambling and Betting Activities,0,0,1,0.021593608291945586,1,0.021593608291945586
Paints and coatings,Gambling and Betting Activities,0,0,0,0,0,0
Soap and detergents,Gambling and Betting Activities,0,0,0,0,0,0
Other chemical products,Gambling and Betting Activities,0,0,0,0,0,0
Industrial gases and fertilizers,Gambling and Betting Activities,0,0,0,0,0,0
Petrochemicals,Gambling and Betting Activities,0,0,0,0,0,0
Dyestuffs and agro-chemicals,Gambling and Betting Activities,0,0,0,0,0,0
Pharmaceutical products,Gambling and Betting Activities,0,0,0,0,0,0
Rubber and plastic products,Gambling and Betting Activities,0,0,0,0,0,0
Cement and concrete products,Gambling and Betting Activities,0,0,0,0,0,0
"Glass, ceramic and stone products",Gambling and Betting Activities,0,0,0,0,0,0
Basic iron and steel,Gambling and Betting Activities,0,0,0,0,0,0
Other basic metals and casting,Gambling and Betting Activities,0,0,0,0,0,0
Weapons and ammunition,Gambling and Betting Activities,0,0,0,0,0,0
Other fabricated metal products,Gambling and Betting Activities,0,0,0,0,0,0
Computer and electronic products,Gambling and Betting Activities,8,0.1727488663355647,0,0,8,0.1727488663355647
Electrical equipment,Gambling and Betting Activities,0,0,0,0,0,0
Other machinery and equipment,Gambling and Betting Activities,2,0.043187217,11,0.23752969121140144,13,0.2807169077952926
Motor vehicles,Gambling and Betting Activities,0,0,0,0,0,0
Ships and boats,Gambling and Betting Activities,0,0,0,0,0,0
Aircraft and spacecraft products,Gambling and Betting Activities,0,0,0,0,0,0
Other Transport Equipment,Gambling and Betting Activities,0,0,0,0,0,0
Furniture,Gambling and Betting Activities,0,0,0,0,0,0
Other manufactured goods,Gambling and Betting Activities,0,0,19,0.41027855754696607,19,0.41027855754696607
Ship and boat repair and maintenance,Gambling and Betting Activities,0,0,0,0,0,0
Air and spacecraft repair and maintenance,Gambling and Betting Activities,0,0,0,0,0,0
Other repair services,Gambling and Betting Activities,0,0,157,3.3901965018354567,157,3.3901965018354567
Electricity services,Gambling and Betting Activities,0,0,39,0.8421507233858778,39,0.8421507233858778
"Mains gas, steam and air conditioning services",Gambling and Betting Activities,0,0,61,1.3172101058086807,61,1.3172101058086807
Water services,Gambling and Betting Activities,0,0,18,0.3886849492550205,18,0.3886849492550205
Sewerage services,Gambling and Betting Activities,0,0,14,0.3023105160872382,14,0.3023105160872382
Waste collection and treatment services,Gambling and Betting Activities,0,0,65,1.403584538976463,65,1.403584538976463
Remediation and waste management services,Gambling and Betting Activities,0,0,0,0,0,0
Construction services,Gambling and Betting Activities,0,0,0,0,0,0
Motor vehicle trade services,Gambling and Betting Activities,0,0,1,0.021593608291945586,1,0.021593608291945586
Wholesale trade services,Gambling and Betting Activities,0,0,57,1.2308356726408982,57,1.2308356726408982
Retail trade services,Gambling and Betting Activities,0,0,24,0.518246599,24,0.518246599
Rail transport services,Gambling and Betting Activities,0,0,0,0,0,0
Land transport services,Gambling and Betting Activities,1,0.021593608291945586,6,0.1295616497516735,7,0.1511552580436191
Water transport services,Gambling and Betting Activities,0,0,0,0,0,0
Air transport services,Gambling and Betting Activities,0,0,0,0,0,0
Warehousing services,Gambling and Betting Activities,0,0,0,0,0,0
Postal and courier services,Gambling and Betting Activities,0,0,25,0.5398402072986396,25,0.5398402072986396
Accommodation services,Gambling and Betting Activities,0,0,0,0,0,0
Food and beverage services,Gambling and Betting Activities,2,0.043187217,28,0.6046210321744764,30,0.6478082487583675
Publishing services,Gambling and Betting Activities,0,0,0,0,0,0
Media Production services,Gambling and Betting Activities,4,0.086374433,181,3.9084431008421507,185,3.994817534009933
Telecommunications services,Gambling and Betting Activities,3,0.064780825,256,5.527963723,259,5.592744547613907
Computer programming services,Gambling and Betting Activities,38,0.8205571150939321,174,3.7572878427985317,212,4.577844957892464
Information services,Gambling and Betting Activities,9,0.19434247462751025,153,3.3038220686676745,162,3.498164543295185
Financial services (excl. insurance and pensions),Gambling and Betting Activities,9,0.19434247462751025,122,2.6344202116173614,131,2.828762686244872
Insurance and pension services,Gambling and Betting Activities,0,0,12,0.2591233,12,0.2591233
Auxiliary financial services,Gambling and Betting Activities,0,0,30,0.6478082487583675,30,0.6478082487583675
Real estate services,Gambling and Betting Activities,0,0,0,0,0,0
Owner-occupier housing services,Gambling and Betting Activities,0,0,0,0,0,0
Other real estate services,Gambling and Betting Activities,0,0,243,5.247246814942777,243,5.247246814942777
Legal services,Gambling and Betting Activities,1,0.021593608291945586,126,2.7207946447851437,127,2.742388253077089
Accounting and tax services,Gambling and Betting Activities,0,0,9,0.19434247462751025,9,0.19434247462751025
Management consulting services,Gambling and Betting Activities,21,0.45346577413085726,642,13.863096523429064,663,14.316562297559921
Architectural and engineering services,Gambling and Betting Activities,0,0,0,0,0,0
Scientific research and development services,Gambling and Betting Activities,0,0,0,0,0,0
Advertising and market research services,Gambling and Betting Activities,7,0.1511552580436191,635,13.711941265385446,642,13.863096523429066
Other scientific and technical services,Gambling and Betting Activities,0,0,2,0.043187217,2,0.043187217
Veterinary services,Gambling and Betting Activities,0,0,0,0,0,0
Rental and leasing services,Gambling and Betting Activities,1,0.021593608291945586,76,1.6411142301878643,77,1.662707838
Employment services,Gambling and Betting Activities,1,0.021593608291945586,35,0.7557762902180954,36,0.777369899
Travel services,Gambling and Betting Activities,0,0,0,0,0,0
Security services,Gambling and Betting Activities,0,0,0,0,0,0
Building and landscape services,Gambling and Betting Activities,0,0,143,3.0878859857482186,143,3.0878859857482186
Office support services,Gambling and Betting Activities,0,0,115,2.4832649535737423,115,2.4832649535737423
Public administration services (including defence),Gambling and Betting Activities,0,0,6,0.1295616497516735,6,0.1295616497516735
Education services,Gambling and Betting Activities,0,0,0,0,0,0
Health services,Gambling and Betting Activities,0,0,0,0,0,0
Residential and social care services,Gambling and Betting Activities,0,0,0,0,0,0
Arts and entertainment services,Gambling and Betting Activities,0,0,0,0,0,0
Libraries and other cultural services,Gambling and Betting Activities,0,0,0,0,0,0
Gambling services,Gambling and Betting Activities,105,2.267328870654286,708,15.288274670697474,813,17.55560354135176
Sports and recreation services,Gambling and Betting Activities,1,0.021593608291945586,35,0.7557762902180954,36,0.777369899
Membership services,Gambling and Betting Activities,0,0,14,0.3023105160872382,14,0.3023105160872382
Computer repair services,Gambling and Betting Activities,0,0,0,0,0,0
Other personal services,Gambling and Betting Activities,0,0,0,0,0,0
Agriculture products,Sports and Recreation Activities,0,0,0,0,0,0
Forestry products,Sports and Recreation Activities,0,0,0,0,0,0
Fishing products,Sports and Recreation Activities,0,0,0,0,0,0
Coal and lignite,Sports and Recreation Activities,0,0,0,0,0,0
"Petroleum, natural gas and mining of metal ores",Sports and Recreation Activities,0,0,2,0.025490695895997964,2,0.025490695895997964
Other mining products,Sports and Recreation Activities,0,0,0,0,0,0
Mining support services,Sports and Recreation Activities,0,0,0,0,0,0
Meat and preserved meat products,Sports and Recreation Activities,0,0,26,0.3313790466479735,26,0.3313790466479735
"Fish, seafood, fruit and vegetables",Sports and Recreation Activities,0,0,86,1.0960999235279123,86,1.0960999235279123
Oils and fats,Sports and Recreation Activities,0,0,15,0.19118021921998468,15,0.19118021921998468
Dairy products,Sports and Recreation Activities,0,0,54,0.688248789,54,0.688248789
Grain mill and starch products,Sports and Recreation Activities,0,0,22,0.28039765485597756,22,0.28039765485597756
Bakery products,Sports and Recreation Activities,0,0,76,0.9686464440479224,76,0.9686464440479224
Other food products,Sports and Recreation Activities,1,0.012745347947998982,130,1.6568952332398676,131,1.6696405811878667
Animal feeds,Sports and Recreation Activities,0,0,24,0.30588835075197557,24,0.30588835075197557
Alcoholic beverages and tobacco,Sports and Recreation Activities,32,0.4078511343359674,0,0,32,0.4078511343359674
Soft drinks,Sports and Recreation Activities,8,0.10196278358399186,21,0.2676523069079786,29,0.36961509049197044
Textiles,Sports and Recreation Activities,8,0.10196278358399186,0,0,8,0.10196278358399186
Clothing,Sports and Recreation Activities,19,0.2421616110119806,0,0,19,0.2421616110119806
Leather products,Sports and Recreation Activities,3,0.038236043843996946,0,0,3,0.038236043843996946
Wood products (excl. furniture),Sports and Recreation Activities,0,0,0,0,0,0
Paper products,Sports and Recreation Activities,2,0.025490695895997964,137,1.7461126688758604,139,1.7716033647718583
Printing and recording services,Sports and Recreation Activities,0,0,176,2.2431812388478205,176,2.2431812388478205
Coke and refined petroleum products,Sports and Recreation Activities,2,0.025490695895997964,29,0.36961509049197044,31,0.3951057863879684
Paints and coatings,Sports and Recreation Activities,0,0,9,0.11470813153199083,9,0.11470813153199083
Soap and detergents,Sports and Recreation Activities,0,0,15,0.19118021921998468,15,0.19118021921998468
Other chemical products,Sports and Recreation Activities,0,0,0,0,0,0
Industrial gases and fertilizers,Sports and Recreation Activities,0,0,0,0,0,0
Petrochemicals,Sports and Recreation Activities,0,0,0,0,0,0
Dyestuffs and agro-chemicals,Sports and Recreation Activities,0,0,0,0,0,0
Pharmaceutical products,Sports and Recreation Activities,0,0,0,0,0,0
Rubber and plastic products,Sports and Recreation Activities,4,0.050981392,0,0,4,0.050981392
Cement and concrete products,Sports and Recreation Activities,1,0.012745347947998982,28,0.3568697425439714,29,0.3696150904919704
"Glass, ceramic and stone products",Sports and Recreation Activities,0,0,0,0,0,0
Basic iron and steel,Sports and Recreation Activities,0,0,0,0,0,0
Other basic metals and casting,Sports and Recreation Activities,0,0,0,0,0,0
Weapons and ammunition,Sports and Recreation Activities,0,0,0,0,0,0
Other fabricated metal products,Sports and Recreation Activities,7,0.089217436,0,0,7,0.089217436
Computer and electronic products,Sports and Recreation Activities,42,0.5353046138159572,44,0.5607953097119551,86,1.0960999235279123
Electrical equipment,Sports and Recreation Activities,6,0.076472088,26,0.3313790466479735,32,0.4078511343359674
Other machinery and equipment,Sports and Recreation Activities,12,0.15294417537598778,43,0.5480499617639562,55,0.700994137
Motor vehicles,Sports and Recreation Activities,71,0.9049197043079277,0,0,71,0.9049197043079277
Ships and boats,Sports and Recreation Activities,0,0,0,0,0,0
Aircraft and spacecraft products,Sports and Recreation Activities,0,0,0,0,0,0
Other Transport Equipment,Sports and Recreation Activities,0,0,0,0,0,0
Furniture,Sports and Recreation Activities,0,0,17,0.21667091511598266,17,0.21667091511598266
Other manufactured goods,Sports and Recreation Activities,2,0.025490695895997964,46,0.5862860056079531,48,0.611776702
Ship and boat repair and maintenance,Sports and Recreation Activities,0,0,0,0,0,0
Air and spacecraft repair and maintenance,Sports and Recreation Activities,0,0,0,0,0,0
Other repair services,Sports and Recreation Activities,1,0.012745347947998982,279,3.5559520774917157,280,3.568697425439715
Electricity services,Sports and Recreation Activities,1,0.012745347947998982,307,3.912821820035687,308,3.925567167983686
"Mains gas, steam and air conditioning services",Sports and Recreation Activities,1,0.012745347947998982,124,1.5804231455518736,125,1.5931684934998727
Water services,Sports and Recreation Activities,1,0.012745347947998982,105,1.338261534539893,106,1.351006882487892
Sewerage services,Sports and Recreation Activities,0,0,18,0.22941626306398166,18,0.22941626306398166
Waste collection and treatment services,Sports and Recreation Activities,3,0.038236043843996946,80,1.0196278358399185,83,1.0578638796839155
Remediation and waste management services,Sports and Recreation Activities,0,0,1,0.012745347947998982,1,0.012745347947998982
Construction services,Sports and Recreation Activities,0,0,97,1.236298750955901,97,1.236298750955901
Motor vehicle trade services,Sports and Recreation Activities,0,0,38,0.4843232220239612,38,0.4843232220239612
Wholesale trade services,Sports and Recreation Activities,3,0.038236043843996946,348,4.4353810859036455,351,4.473617129747643
Retail trade services,Sports and Recreation Activities,0,0,163,2.0774917155238337,163,2.0774917155238337
Rail transport services,Sports and Recreation Activities,1,0.012745347947998982,38,0.4843232220239612,39,0.4970685699719602
Land transport services,Sports and Recreation Activities,12,0.15294417537598778,42,0.5353046138159572,54,0.688248789
Water transport services,Sports and Recreation Activities,0,0,0,0,0,0
Air transport services,Sports and Recreation Activities,26,0.3313790466479735,27,0.3441243945959725,53,0.675503441
Warehousing services,Sports and Recreation Activities,0,0,0,0,0,0
Postal and courier services,Sports and Recreation Activities,1,0.012745347947998982,84,1.0706092276319144,85,1.0833545755799134
Accommodation services,Sports and Recreation Activities,8,0.10196278358399186,0,0,8,0.10196278358399186
Food and beverage services,Sports and Recreation Activities,134,1.7078766250318633,121,1.5421871017078765,255,3.250063727
Publishing services,Sports and Recreation Activities,20,0.2549069589599796,42,0.5353046138159572,62,0.7902115727759368
Media Production services,Sports and Recreation Activities,41,0.5225592658679582,43,0.5480499617639562,84,1.0706092276319144
Telecommunications services,Sports and Recreation Activities,2,0.025490695895997964,104,1.325516186591894,106,1.351006882487892
Computer programming services,Sports and Recreation Activities,15,0.19118021921998468,193,2.459852153963803,208,2.6510323731837877
Information services,Sports and Recreation Activities,3,0.038236043843996946,0,0,3,0.038236043843996946
Financial services (excl. insurance and pensions),Sports and Recreation Activities,111,1.4147336222278868,34,0.4333418302319653,145,1.8480754524598522
Insurance and pension services,Sports and Recreation Activities,0,0,52,0.662758093,52,0.662758093
Auxiliary financial services,Sports and Recreation Activities,1,0.012745347947998982,9,0.11470813153199083,10,0.1274534794799898
Real estate services,Sports and Recreation Activities,0,0,0,0,0,0
Owner-occupier housing services,Sports and Recreation Activities,0,0,0,0,0,0
Other real estate services,Sports and Recreation Activities,1,0.012745347947998982,483,6.156003058883507,484,6.168748406831506
Legal services,Sports and Recreation Activities,11,0.14019882742798878,357,4.5500892174356355,368,4.690288044863625
Accounting and tax services,Sports and Recreation Activities,4,0.050981392,156,1.988274279887841,160,2.039255671679837
Management consulting services,Sports and Recreation Activities,74,0.9431557481519245,240,3.058883507519755,314,4.002039255671679
Architectural and engineering services,Sports and Recreation Activities,11,0.14019882742798878,53,0.6755034412439459,64,0.8157022686719346
Scientific research and development services,Sports and Recreation Activities,0,0,0,0,0,0
Advertising and market research services,Sports and Recreation Activities,21,0.2676523069079786,234,2.9824114198317613,255,3.250063727
Other scientific and technical services,Sports and Recreation Activities,0,0,139,1.7716033647718583,139,1.7716033647718583
Veterinary services,Sports and Recreation Activities,0,0,0,0,0,0
Rental and leasing services,Sports and Recreation Activities,66,0.8411929645679326,113,1.4402243181238847,179,2.2814172826918173
Employment services,Sports and Recreation Activities,6,0.076472088,124,1.5804231455518736,130,1.6568952332398674
Travel services,Sports and Recreation Activities,0,0,0,0,0,0
Security services,Sports and Recreation Activities,0,0,52,0.662758093,52,0.662758093
Building and landscape services,Sports and Recreation Activities,1,0.012745347947998982,412,5.251083355,413,5.263828702523579
Office support services,Sports and Recreation Activities,206,2.625541677,12,0.15294417537598778,218,2.7784858526637777
Public administration services (including defence),Sports and Recreation Activities,3,0.038236043843996946,7,0.089217436,10,0.1274534794799898
Education services,Sports and Recreation Activities,1,0.012745347947998982,9,0.11470813153199083,10,0.1274534794799898
Health services,Sports and Recreation Activities,7,0.089217436,31,0.3951057863879684,38,0.4843232220239613
Residential and social care services,Sports and Recreation Activities,0,0,0,0,0,0
Arts and entertainment services,Sports and Recreation Activities,47,0.599031354,169,2.153963803211828,216,2.752995157
Libraries and other cultural services,Sports and Recreation Activities,65,0.8284476166199338,57,0.7264848330359419,122,1.5549324496558756
Gambling services,Sports and Recreation Activities,0,0,2,0.025490695895997964,2,0.025490695895997964
Sports and recreation services,Sports and Recreation Activities,311,3.963803211827683,303,3.861840428243691,614,7.825643640071374
Membership services,Sports and Recreation Activities,4,0.050981392,56,0.7137394850879428,60,0.7647208768799387
Computer repair services,Sports and Recreation Activities,7,0.089217436,11,0.14019882742798878,18,0.22941626306398163
Other personal services,Sports and Recreation Activities,0,0,0,0,0,0
Agriculture products,Membership Organisations Activities,0,0,0,0,0,0
Forestry products,Membership Organisations Activities,0,0,0,0,0,0
Fishing products,Membership Organisations Activities,0,0,0,0,0,0
Coal and lignite,Membership Organisations Activities,6,0.12631578947368421,0,0,6,0.12631578947368421
"Petroleum, natural gas and mining of metal ores",Membership Organisations Activities,0,0,0,0,0,0
Other mining products,Membership Organisations Activities,0,0,0,0,0,0
Mining support services,Membership Organisations Activities,0,0,0,0,0,0
Meat and preserved meat products,Membership Organisations Activities,0,0,10,0.21052631578947367,10,0.21052631578947367
"Fish, seafood, fruit and vegetables",Membership Organisations Activities,0,0,7,0.1473684210526316,7,0.1473684210526316
Oils and fats,Membership Organisations Activities,0,0,2,0.042105263157894736,2,0.042105263157894736
Dairy products,Membership Organisations Activities,0,0,8,0.16842105263157894,8,0.16842105263157894
Grain mill and starch products,Membership Organisations Activities,0,0,0,0,0,0
Bakery products,Membership Organisations Activities,0,0,7,0.1473684210526316,7,0.1473684210526316
Other food products,Membership Organisations Activities,0,0,14,0.2947368421052632,14,0.2947368421052632
Animal feeds,Membership Organisations Activities,0,0,8,0.16842105263157894,8,0.16842105263157894
Alcoholic beverages and tobacco,Membership Organisations Activities,24,0.5052631578947369,44,0.9263157894736843,68,1.431578947368421
Soft drinks,Membership Organisations Activities,0,0,23,0.4842105263157895,23,0.4842105263157895
Textiles,Membership Organisations Activities,0,0,1,0.021052631578947368,1,0.021052631578947368
Clothing,Membership Organisations Activities,4,0.084210526,0,0,4,0.084210526
Leather products,Membership Organisations Activities,0,0,0,0,0,0
Wood products (excl. furniture),Membership Organisations Activities,0,0,4,0.084210526,4,0.084210526
Paper products,Membership Organisations Activities,0,0,39,0.8210526315789474,39,0.8210526315789474
Printing and recording services,Membership Organisations Activities,0,0,0,0,0,0
Coke and refined petroleum products,Membership Organisations Activities,2,0.042105263157894736,38,0.8,40,0.8421052631578948
Paints and coatings,Membership Organisations Activities,0,0,0,0,0,0
Soap and detergents,Membership Organisations Activities,0,0,1,0.021052631578947368,1,0.021052631578947368
Other chemical products,Membership Organisations Activities,0,0,0,0,0,0
Industrial gases and fertilizers,Membership Organisations Activities,0,0,2,0.042105263157894736,2,0.042105263157894736
Petrochemicals,Membership Organisations Activities,0,0,0,0,0,0
Dyestuffs and agro-chemicals,Membership Organisations Activities,0,0,0,0,0,0
Pharmaceutical products,Membership Organisations Activities,0,0,18,0.3789473684210526,18,0.3789473684210526
Rubber and plastic products,Membership Organisations Activities,0,0,19,0.4,19,0.4
Cement and concrete products,Membership Organisations Activities,0,0,8,0.16842105263157894,8,0.16842105263157894
"Glass, ceramic and stone products",Membership Organisations Activities,0,0,11,0.23157894736842108,11,0.23157894736842108
Basic iron and steel,Membership Organisations Activities,0,0,0,0,0,0
Other basic metals and casting,Membership Organisations Activities,0,0,0,0,0,0
Weapons and ammunition,Membership Organisations Activities,0,0,0,0,0,0
Other fabricated metal products,Membership Organisations Activities,0,0,0,0,0,0
Computer and electronic products,Membership Organisations Activities,0,0,122,2.568421052631579,122,2.568421052631579
Electrical equipment,Membership Organisations Activities,0,0,0,0,0,0
Other machinery and equipment,Membership Organisations Activities,2,0.042105263157894736,0,0,2,0.042105263157894736
Motor vehicles,Membership Organisations Activities,0,0,3,0.063157895,3,0.063157895
Ships and boats,Membership Organisations Activities,0,0,0,0,0,0
Aircraft and spacecraft products,Membership Organisations Activities,0,0,0,0,0,0
Other Transport Equipment,Membership Organisations Activities,0,0,2,0.042105263157894736,2,0.042105263157894736
Furniture,Membership Organisations Activities,0,0,2,0.042105263157894736,2,0.042105263157894736
Other manufactured goods,Membership Organisations Activities,0,0,11,0.23157894736842108,11,0.23157894736842108
Ship and boat repair and maintenance,Membership Organisations Activities,0,0,0,0,0,0
Air and spacecraft repair and maintenance,Membership Organisations Activities,0,0,0,0,0,0
Other repair services,Membership Organisations Activities,2,0.042105263157894736,78,1.6421052631578947,80,1.6842105263157894
Electricity services,Membership Organisations Activities,0,0,59,1.2421052631578948,59,1.2421052631578948
"Mains gas, steam and air conditioning services",Membership Organisations Activities,0,0,28,0.5894736842105264,28,0.5894736842105264
Water services,Membership Organisations Activities,0,0,24,0.5052631578947369,24,0.5052631578947369
Sewerage services,Membership Organisations Activities,0,0,2,0.042105263157894736,2,0.042105263157894736
Waste collection and treatment services,Membership Organisations Activities,1,0.021052631578947368,16,0.3368421052631579,17,0.35789473684210527
Remediation and waste management services,Membership Organisations Activities,0,0,0,0,0,0
Construction services,Membership Organisations Activities,0,0,15,0.3157894736842105,15,0.3157894736842105
Motor vehicle trade services,Membership Organisations Activities,1,0.021052631578947368,0,0,1,0.021052631578947368
Wholesale trade services,Membership Organisations Activities,1,0.021052631578947368,301,6.336842105263157,302,6.357894736842105
Retail trade services,Membership Organisations Activities,0,0,123,2.5894736842105264,123,2.5894736842105264
Rail transport services,Membership Organisations Activities,0,0,0,0,0,0
Land transport services,Membership Organisations Activities,5,0.10526315789473684,0,0,5,0.10526315789473684
Water transport services,Membership Organisations Activities,0,0,0,0,0,0
Air transport services,Membership Organisations Activities,10,0.21052631578947367,136,2.863157894736842,146,3.0736842105263156
Warehousing services,Membership Organisations Activities,0,0,0,0,0,0
Postal and courier services,Membership Organisations Activities,1,0.021052631578947368,211,4.442105263157894,212,4.463157894736842
Accommodation services,Membership Organisations Activities,0,0,0,0,0,0
Food and beverage services,Membership Organisations Activities,15,0.3157894736842105,71,1.4947368421052631,86,1.8105263157894735
Publishing services,Membership Organisations Activities,2,0.042105263157894736,196,4.126315789473685,198,4.1684210526315795
Media Production services,Membership Organisations Activities,0,0,75,1.5789473684210527,75,1.5789473684210527
Telecommunications services,Membership Organisations Activities,2,0.042105263157894736,94,1.9789473684210528,96,2.0210526315789474
Computer programming services,Membership Organisations Activities,18,0.3789473684210526,277,5.8315789473684205,295,6.2105263157894735
Information services,Membership Organisations Activities,10,0.21052631578947367,11,0.23157894736842108,21,0.4421052631578948
Financial services (excl. insurance and pensions),Membership Organisations Activities,169,3.557894736842105,84,1.768421052631579,253,5.326315789473684
Insurance and pension services,Membership Organisations Activities,0,0,34,0.7157894736842105,34,0.7157894736842105
Auxiliary financial services,Membership Organisations Activities,0,0,0,0,0,0
Real estate services,Membership Organisations Activities,0,0,0,0,0,0
Owner-occupier housing services,Membership Organisations Activities,0,0,0,0,0,0
Other real estate services,Membership Organisations Activities,0,0,0,0,0,0
Legal services,Membership Organisations Activities,3,0.063157895,228,4.8,231,4.863157894736842
Accounting and tax services,Membership Organisations Activities,2,0.042105263157894736,256,5.389473684210526,258,5.431578947368421
Management consulting services,Membership Organisations Activities,13,0.27368421052631575,0,0,13,0.27368421052631575
Architectural and engineering services,Membership Organisations Activities,1,0.021052631578947368,17,0.35789473684210527,18,0.37894736842105264
Scientific research and development services,Membership Organisations Activities,0,0,0,0,0,0
Advertising and market research services,Membership Organisations Activities,45,0.9473684210526316,270,5.684210526315789,315,6.631578947368421
Other scientific and technical services,Membership Organisations Activities,0,0,86,1.8105263157894735,86,1.8105263157894735
Veterinary services,Membership Organisations Activities,0,0,0,0,0,0
Rental and leasing services,Membership Organisations Activities,4,0.084210526,51,1.0736842105263158,55,1.1578947368421053
Employment services,Membership Organisations Activities,5,0.10526315789473684,71,1.4947368421052631,76,1.6
Travel services,Membership Organisations Activities,0,0,0,0,0,0
Security services,Membership Organisations Activities,0,0,0,0,0,0
Building and landscape services,Membership Organisations Activities,0,0,301,6.336842105263157,301,6.336842105263157
Office support services,Membership Organisations Activities,99,2.0842105263157893,63,1.3263157894736841,162,3.4105263157894736
Public administration services (including defence),Membership Organisations Activities,0,0,7,0.1473684210526316,7,0.1473684210526316
Education services,Membership Organisations Activities,7,0.1473684210526316,2,0.042105263157894736,9,0.18947368421052632
Health services,Membership Organisations Activities,0,0,0,0,0,0
Residential and social care services,Membership Organisations Activities,0,0,0,0,0,0
Arts and entertainment services,Membership Organisations Activities,0,0,0,0,0,0
Libraries and other cultural services,Membership Organisations Activities,0,0,0,0,0,0
Gambling services,Membership Organisations Activities,0,0,0,0,0,0
Sports and recreation services,Membership Organisations Activities,2,0.042105263157894736,2,0.042105263157894736,4,0.084210526
Membership services,Membership Organisations Activities,0,0,701,14.757894736842106,701,14.757894736842106
Computer repair services,Membership Organisations Activities,0,0,0,0,0,0
Other personal services,Membership Organisations Activities,0,0,0,0,0,0
Agriculture products,Computer and Household Goods Repair,0,0,1,0.066533599,1,0.066533599
Forestry products,Computer and Household Goods Repair,0,0,2,0.1330671989354624,2,0.1330671989354624
Fishing products,Computer and Household Goods Repair,0,0,0,0,0,0
Coal and lignite,Computer and Household Goods Repair,0,0,0,0,0,0
"Petroleum, natural gas and mining of metal ores",Computer and Household Goods Repair,60,3.992015968063872,1,0.066533599,61,4.058549567531603
Other mining products,Computer and Household Goods Repair,0,0,0,0,0,0
Mining support services,Computer and Household Goods Repair,0,0,0,0,0,0
Meat and preserved meat products,Computer and Household Goods Repair,0,0,22,1.4637391882900865,22,1.4637391882900865
"Fish, seafood, fruit and vegetables",Computer and Household Goods Repair,0,0,14,0.9314703925482368,14,0.9314703925482368
Oils and fats,Computer and Household Goods Repair,0,0,2,0.1330671989354624,2,0.1330671989354624
Dairy products,Computer and Household Goods Repair,0,0,11,0.7318695941450433,11,0.7318695941450433
Grain mill and starch products,Computer and Household Goods Repair,0,0,0,0,0,0
Bakery products,Computer and Household Goods Repair,0,0,20,1.330671989354624,20,1.330671989354624
Other food products,Computer and Household Goods Repair,0,0,9,0.5988023952095809,9,0.5988023952095809
Animal feeds,Computer and Household Goods Repair,0,0,0,0,0,0
Alcoholic beverages and tobacco,Computer and Household Goods Repair,0,0,0,0,0,0
Soft drinks,Computer and Household Goods Repair,0,0,0,0,0,0
Textiles,Computer and Household Goods Repair,1,0.066533599,0,0,1,0.066533599
Clothing,Computer and Household Goods Repair,0,0,0,0,0,0
Leather products,Computer and Household Goods Repair,0,0,3,0.19960079840319359,3,0.19960079840319359
Wood products (excl. furniture),Computer and Household Goods Repair,0,0,10,0.665335995,10,0.665335995
Paper products,Computer and Household Goods Repair,0,0,5,0.332667997,5,0.332667997
Printing and recording services,Computer and Household Goods Repair,0,0,0,0,0,0
Coke and refined petroleum products,Computer and Household Goods Repair,0,0,7,0.4657351962741184,7,0.4657351962741184
Paints and coatings,Computer and Household Goods Repair,0,0,1,0.066533599,1,0.066533599
Soap and detergents,Computer and Household Goods Repair,0,0,0,0,0,0
Other chemical products,Computer and Household Goods Repair,0,0,0,0,0,0
Industrial gases and fertilizers,Computer and Household Goods Repair,0,0,3,0.19960079840319359,3,0.19960079840319359
Petrochemicals,Computer and Household Goods Repair,3,0.19960079840319359,1,0.066533599,4,0.2661343978709248
Dyestuffs and agro-chemicals,Computer and Household Goods Repair,0,0,0,0,0,0
Pharmaceutical products,Computer and Household Goods Repair,0,0,0,0,0,0
Rubber and plastic products,Computer and Household Goods Repair,4,0.2661343978709248,5,0.332667997,9,0.5988023952095808
Cement and concrete products,Computer and Household Goods Repair,0,0,0,0,0,0
"Glass, ceramic and stone products",Computer and Household Goods Repair,0,0,0,0,0,0
Basic iron and steel,Computer and Household Goods Repair,0,0,1,0.066533599,1,0.066533599
Other basic metals and casting,Computer and Household Goods Repair,0,0,2,0.1330671989354624,2,0.1330671989354624
Weapons and ammunition,Computer and Household Goods Repair,0,0,0,0,0,0
Other fabricated metal products,Computer and Household Goods Repair,3,0.19960079840319359,17,1.1310711909514306,20,1.3306719893546242
Computer and electronic products,Computer and Household Goods Repair,62,4.125083166999334,0,0,62,4.125083166999334
Electrical equipment,Computer and Household Goods Repair,13,0.8649367930805056,12,0.7984031936127743,25,1.663339987
Other machinery and equipment,Computer and Household Goods Repair,3,0.19960079840319359,4,0.2661343978709248,7,0.4657351962741184
Motor vehicles,Computer and Household Goods Repair,0,0,3,0.19960079840319359,3,0.19960079840319359
Ships and boats,Computer and Household Goods Repair,0,0,0,0,0,0
Aircraft and spacecraft products,Computer and Household Goods Repair,0,0,0,0,0,0
Other Transport Equipment,Computer and Household Goods Repair,0,0,0,0,0,0
Furniture,Computer and Household Goods Repair,0,0,1,0.066533599,1,0.066533599
Other manufactured goods,Computer and Household Goods Repair,0,0,3,0.19960079840319359,3,0.19960079840319359
Ship and boat repair and maintenance,Computer and Household Goods Repair,0,0,0,0,0,0
Air and spacecraft repair and maintenance,Computer and Household Goods Repair,0,0,0,0,0,0
Other repair services,Computer and Household Goods Repair,1,0.066533599,0,0,1,0.066533599
Electricity services,Computer and Household Goods Repair,0,0,9,0.5988023952095809,9,0.5988023952095809
"Mains gas, steam and air conditioning services",Computer and Household Goods Repair,0,0,2,0.1330671989354624,2,0.1330671989354624
Water services,Computer and Household Goods Repair,0,0,11,0.7318695941450433,11,0.7318695941450433
Sewerage services,Computer and Household Goods Repair,0,0,1,0.066533599,1,0.066533599
Waste collection and treatment services,Computer and Household Goods Repair,0,0,6,0.39920159680638717,6,0.39920159680638717
Remediation and waste management services,Computer and Household Goods Repair,0,0,0,0,0,0
Construction services,Computer and Household Goods Repair,0,0,0,0,0,0
Motor vehicle trade services,Computer and Household Goods Repair,1,0.066533599,8,0.5322687957418496,9,0.5988023952095808
Wholesale trade services,Computer and Household Goods Repair,0,0,65,4.324683965402528,65,4.324683965402528
Retail trade services,Computer and Household Goods Repair,0,0,17,1.1310711909514306,17,1.1310711909514306
Rail transport services,Computer and Household Goods Repair,0,0,3,0.19960079840319359,3,0.19960079840319359
Land transport services,Computer and Household Goods Repair,4,0.2661343978709248,31,2.062541583499667,35,2.328675981370592
Water transport services,Computer and Household Goods Repair,0,0,0,0,0,0
Air transport services,Computer and Household Goods Repair,0,0,0,0,0,0
Warehousing services,Computer and Household Goods Repair,0,0,0,0,0,0
Postal and courier services,Computer and Household Goods Repair,0,0,43,2.860944777112442,43,2.860944777112442
Accommodation services,Computer and Household Goods Repair,0,0,0,0,0,0
Food and beverage services,Computer and Household Goods Repair,1,0.066533599,18,1.1976047904191618,19,1.264138389886893
Publishing services,Computer and Household Goods Repair,1,0.066533599,0,0,1,0.066533599
Media Production services,Computer and Household Goods Repair,0,0,0,0,0,0
Telecommunications services,Computer and Household Goods Repair,9,0.5988023952095809,360,23.952095808383234,369,24.550898203592816
Computer programming services,Computer and Household Goods Repair,48,3.1936127744510974,0,0,48,3.1936127744510974
Information services,Computer and Household Goods Repair,10,0.665335995,7,0.4657351962741184,17,1.1310711909514304
Financial services (excl. insurance and pensions),Computer and Household Goods Repair,5,0.332667997,47,3.1270791749833666,52,3.4597471723220226
Insurance and pension services,Computer and Household Goods Repair,0,0,12,0.7984031936127743,12,0.7984031936127743
Auxiliary financial services,Computer and Household Goods Repair,0,0,27,1.7964071856287425,27,1.7964071856287425
Real estate services,Computer and Household Goods Repair,0,0,0,0,0,0
Owner-occupier housing services,Computer and Household Goods Repair,0,0,0,0,0,0
Other real estate services,Computer and Household Goods Repair,0,0,51,3.3932135728542914,51,3.3932135728542914
Legal services,Computer and Household Goods Repair,0,0,19,1.2641383898868928,19,1.2641383898868928
Accounting and tax services,Computer and Household Goods Repair,0,0,30,1.996007984031936,30,1.996007984031936
Management consulting services,Computer and Household Goods Repair,4,0.2661343978709248,43,2.860944777112442,47,3.1270791749833666
Architectural and engineering services,Computer and Household Goods Repair,0,0,0,0,0,0
Scientific research and development services,Computer and Household Goods Repair,0,0,0,0,0,0
Advertising and market research services,Computer and Household Goods Repair,1,0.066533599,7,0.4657351962741184,8,0.5322687957418496
Other scientific and technical services,Computer and Household Goods Repair,0,0,2,0.1330671989354624,2,0.1330671989354624
Veterinary services,Computer and Household Goods Repair,0,0,0,0,0,0
Rental and leasing services,Computer and Household Goods Repair,2,0.1330671989354624,12,0.7984031936127743,14,0.9314703925482367
Employment services,Computer and Household Goods Repair,3,0.19960079840319359,74,4.9234863606121095,77,5.123087159015303
Travel services,Computer and Household Goods Repair,0,0,0,0,0,0
Security services,Computer and Household Goods Repair,0,0,3,0.19960079840319359,3,0.19960079840319359
Building and landscape services,Computer and Household Goods Repair,0,0,15,0.998003992,15,0.998003992
Office support services,Computer and Household Goods Repair,11,0.7318695941450433,0,0,11,0.7318695941450433
Public administration services (including defence),Computer and Household Goods Repair,0,0,3,0.19960079840319359,3,0.19960079840319359
Education services,Computer and Household Goods Repair,2,0.1330671989354624,6,0.39920159680638717,8,0.5322687957418496
Health services,Computer and Household Goods Repair,0,0,0,0,0,0
Residential and social care services,Computer and Household Goods Repair,0,0,0,0,0,0
Arts and entertainment services,Computer and Household Goods Repair,0,0,0,0,0,0
Libraries and other cultural services,Computer and Household Goods Repair,0,0,0,0,0,0
Gambling services,Computer and Household Goods Repair,0,0,0,0,0,0
Sports and recreation services,Computer and Household Goods Repair,0,0,0,0,0,0
Membership services,Computer and Household Goods Repair,0,0,0,0,0,0
Computer repair services,Computer and Household Goods Repair,159,10.578842315369261,0,0,159,10.578842315369261
Other personal services,Computer and Household Goods Repair,0,0,0,0,0,0
Agriculture products,Other Personal Services,0,0,0,0,0,0
Forestry products,Other Personal Services,0,0,0,0,0,0
Fishing products,Other Personal Services,0,0,0,0,0,0
Coal and lignite,Other Personal Services,0,0,0,0,0,0
"Petroleum, natural gas and mining of metal ores",Other Personal Services,0,0,1,0.019305019305019305,1,0.019305019305019305
Other mining products,Other Personal Services,0,0,0,0,0,0
Mining support services,Other Personal Services,0,0,0,0,0,0
Meat and preserved meat products,Other Personal Services,0,0,15,0.28957528957528955,15,0.28957528957528955
"Fish, seafood, fruit and vegetables",Other Personal Services,0,0,8,0.15444015444015444,8,0.15444015444015444
Oils and fats,Other Personal Services,2,0.038610039,0,0,2,0.038610039
Dairy products,Other Personal Services,0,0,9,0.17374517374517373,9,0.17374517374517373
Grain mill and starch products,Other Personal Services,0,0,2,0.038610039,2,0.038610039
Bakery products,Other Personal Services,0,0,15,0.28957528957528955,15,0.28957528957528955
Other food products,Other Personal Services,9,0.17374517374517373,0,0,9,0.17374517374517373
Animal feeds,Other Personal Services,0,0,2,0.038610039,2,0.038610039
Alcoholic beverages and tobacco,Other Personal Services,0,0,1,0.019305019305019305,1,0.019305019305019305
Soft drinks,Other Personal Services,0,0,1,0.019305019305019305,1,0.019305019305019305
Textiles,Other Personal Services,14,0.2702702702702703,34,0.6563706563706564,48,0.9266409266409267
Clothing,Other Personal Services,76,1.4671814671814671,0,0,76,1.4671814671814671
Leather products,Other Personal Services,2,0.038610039,4,0.077220077,6,0.11583011583011582
Wood products (excl. furniture),Other Personal Services,12,0.23166023166023164,60,1.1583011583011582,72,1.3899613899613898
Paper products,Other Personal Services,5,0.096525097,62,1.196911196911197,67,1.2934362934362935
Printing and recording services,Other Personal Services,0,0,0,0,0,0
Coke and refined petroleum products,Other Personal Services,2,0.038610039,32,0.6177606177606177,34,0.6563706563706564
Paints and coatings,Other Personal Services,0,0,0,0,0,0
Soap and detergents,Other Personal Services,21,0.40540540540540543,135,2.606177606177606,156,3.0115830115830113
Other chemical products,Other Personal Services,2,0.038610039,0,0,2,0.038610039
Industrial gases and fertilizers,Other Personal Services,0,0,0,0,0,0
Petrochemicals,Other Personal Services,0,0,0,0,0,0
Dyestuffs and agro-chemicals,Other Personal Services,0,0,0,0,0,0
Pharmaceutical products,Other Personal Services,0,0,0,0,0,0
Rubber and plastic products,Other Personal Services,35,0.6756756756756757,23,0.44401544401544396,58,1.1196911196911197
Cement and concrete products,Other Personal Services,0,0,0,0,0,0
"Glass, ceramic and stone products",Other Personal Services,11,0.21235521235521237,56,1.0810810810810811,67,1.2934362934362935
Basic iron and steel,Other Personal Services,0,0,0,0,0,0
Other basic metals and casting,Other Personal Services,0,0,0,0,0,0
Weapons and ammunition,Other Personal Services,0,0,0,0,0,0
Other fabricated metal products,Other Personal Services,19,0.3667953667953668,0,0,19,0.3667953667953668
Computer and electronic products,Other Personal Services,36,0.6949806949806949,0,0,36,0.6949806949806949
Electrical equipment,Other Personal Services,15,0.28957528957528955,0,0,15,0.28957528957528955
Other machinery and equipment,Other Personal Services,6,0.11583011583011582,0,0,6,0.11583011583011582
Motor vehicles,Other Personal Services,8,0.15444015444015444,0,0,8,0.15444015444015444
Ships and boats,Other Personal Services,0,0,0,0,0,0
Aircraft and spacecraft products,Other Personal Services,0,0,0,0,0,0
Other Transport Equipment,Other Personal Services,0,0,0,0,0,0
Furniture,Other Personal Services,0,0,0,0,0,0
Other manufactured goods,Other Personal Services,14,0.2702702702702703,2,0.038610039,16,0.3088803088803089
Ship and boat repair and maintenance,Other Personal Services,0,0,0,0,0,0
Air and spacecraft repair and maintenance,Other Personal Services,0,0,0,0,0,0
Other repair services,Other Personal Services,0,0,94,1.8146718146718148,94,1.8146718146718148
Electricity services,Other Personal Services,0,0,143,2.7606177606177607,143,2.7606177606177607
"Mains gas, steam and air conditioning services",Other Personal Services,0,0,76,1.4671814671814671,76,1.4671814671814671
Water services,Other Personal Services,0,0,100,1.9305019305019304,100,1.9305019305019304
Sewerage services,Other Personal Services,0,0,14,0.2702702702702703,14,0.2702702702702703
Waste collection and treatment services,Other Personal Services,2,0.038610039,26,0.5019305019305019,28,0.5405405405405406
Remediation and waste management services,Other Personal Services,0,0,0,0,0,0
Construction services,Other Personal Services,0,0,7,0.13513513513513514,7,0.13513513513513514
Motor vehicle trade services,Other Personal Services,0,0,60,1.1583011583011582,60,1.1583011583011582
Wholesale trade services,Other Personal Services,0,0,304,5.8687258687258685,304,5.8687258687258685
Retail trade services,Other Personal Services,0,0,148,2.857142857142857,148,2.857142857142857
Rail transport services,Other Personal Services,0,0,0,0,0,0
Land transport services,Other Personal Services,8,0.15444015444015444,57,1.1003861003861004,65,1.2548262548262548
Water transport services,Other Personal Services,0,0,0,0,0,0
Air transport services,Other Personal Services,0,0,1,0.019305019305019305,1,0.019305019305019305
Warehousing services,Other Personal Services,4,0.077220077,19,0.3667953667953668,23,0.444015444
Postal and courier services,Other Personal Services,0,0,33,0.6370656370656371,33,0.6370656370656371
Accommodation services,Other Personal Services,0,0,0,0,0,0
Food and beverage services,Other Personal Services,8,0.15444015444015444,10,0.19305019305019305,18,0.34749034749034746
Publishing services,Other Personal Services,0,0,0,0,0,0
Media Production services,Other Personal Services,0,0,0,0,0,0
Telecommunications services,Other Personal Services,1,0.019305019305019305,141,2.722007722007722,142,2.7413127413127416
Computer programming services,Other Personal Services,9,0.17374517374517373,110,2.1235521235521233,119,2.297297297297297
Information services,Other Personal Services,4,0.077220077,86,1.6602316602316602,90,1.7374517374517375
Financial services (excl. insurance and pensions),Other Personal Services,0,0,472,9.111969111969112,472,9.111969111969112
Insurance and pension services,Other Personal Services,0,0,41,0.7915057915057915,41,0.7915057915057915
Auxiliary financial services,Other Personal Services,0,0,42,0.8108108108108109,42,0.8108108108108109
Real estate services,Other Personal Services,0,0,0,0,0,0
Owner-occupier housing services,Other Personal Services,0,0,0,0,0,0
Other real estate services,Other Personal Services,1,0.019305019305019305,528,10.193050193050194,529,10.212355212355213
Legal services,Other Personal Services,2,0.038610039,42,0.8108108108108109,44,0.8494208494208495
Accounting and tax services,Other Personal Services,3,0.057915058,232,4.478764478764479,235,4.536679536679537
Management consulting services,Other Personal Services,51,0.9845559845559846,0,0,51,0.9845559845559846
Architectural and engineering services,Other Personal Services,4,0.077220077,0,0,4,0.077220077
Scientific research and development services,Other Personal Services,0,0,0,0,0,0
Advertising and market research services,Other Personal Services,15,0.28957528957528955,189,3.6486486486486487,204,3.9382239382239383
Other scientific and technical services,Other Personal Services,0,0,54,1.0424710424710426,54,1.0424710424710426
Veterinary services,Other Personal Services,0,0,0,0,0,0
Rental and leasing services,Other Personal Services,5,0.096525097,96,1.8532818532818531,101,1.9498069498069497
Employment services,Other Personal Services,4,0.077220077,34,0.6563706563706564,38,0.7335907335907336
Travel services,Other Personal Services,0,0,0,0,0,0
Security services,Other Personal Services,0,0,0,0,0,0
Building and landscape services,Other Personal Services,0,0,60,1.1583011583011582,60,1.1583011583011582
Office support services,Other Personal Services,99,1.9111969111969112,20,0.3861003861003861,119,2.2972972972972974
Public administration services (including defence),Other Personal Services,7,0.13513513513513514,1,0.019305019305019305,8,0.15444015444015444
Education services,Other Personal Services,3,0.057915058,19,0.3667953667953668,22,0.4247104247104247
Health services,Other Personal Services,0,0,0,0,0,0
Residential and social care services,Other Personal Services,0,0,0,0,0,0
Arts and entertainment services,Other Personal Services,0,0,0,0,0,0
Libraries and other cultural services,Other Personal Services,0,0,0,0,0,0
Gambling services,Other Personal Services,0,0,0,0,0,0
Sports and recreation services,Other Personal Services,0,0,0,0,0,0
Membership services,Other Personal Services,0,0,0,0,0,0
Computer repair services,Other Personal Services,0,0,1,0.019305019305019305,1,0.019305019305019305
Other personal services,Other Personal Services,22,0.42471042471042475,917,17.7027027,939,18.127413127413128
