inputrequirements,industry,ImportVal,ImportPropTot,DomVal,DomPropTot,TotalVal,TotalProp
Agriculture products,"Agriculture, Hunting and Related Services",755,3.8765660299856233,4179,21.45717806531115,4934,25.333744095296773
Forestry products,"Agriculture, Hunting and Related Services",7,0.035941672,198,1.0166358595194085,205,1.0525775313205996
Fishing products,"Agriculture, Hunting and Related Services",0,0,0,0,0,0
Coal and lignite,"Agriculture, Hunting and Related Services",0,0,0,0,0,0
"Petroleum, natural gas and mining of metal ores","Agriculture, Hunting and Related Services",0,0,0,0,0,0
Other mining products,"Agriculture, Hunting and Related Services",0,0,0,0,0,0
Mining support services,"Agriculture, Hunting and Related Services",0,0,0,0,0,0
Meat and preserved meat products,"Agriculture, Hunting and Related Services",2,0.010269049086054631,14,0.071883344,16,0.082152393
"Fish, seafood, fruit and vegetables","Agriculture, Hunting and Related Services",3,0.015403573629081948,7,0.035941672,10,0.051345245
Oils and fats,"Agriculture, Hunting and Related Services",0,0,0,0,0,0
Dairy products,"Agriculture, Hunting and Related Services",0,0,12,0.061614295,12,0.061614295
Grain mill and starch products,"Agriculture, Hunting and Related Services",3,0.015403573629081948,0,0,3,0.015403573629081948
Bakery products,"Agriculture, Hunting and Related Services",0,0,12,0.061614295,12,0.061614295
Other food products,"Agriculture, Hunting and Related Services",2,0.010269049086054631,5,0.025672622715136578,7,0.035941671801191205
Animal feeds,"Agriculture, Hunting and Related Services",23,0.11809406448962825,1695,8.7030191,1718,8.821113164920929
Alcoholic beverages and tobacco,"Agriculture, Hunting and Related Services",0,0,0,0,0,0
Soft drinks,"Agriculture, Hunting and Related Services",0,0,0,0,0,0
Textiles,"Agriculture, Hunting and Related Services",0,0,0,0,0,0
Clothing,"Agriculture, Hunting and Related Services",0,0,0,0,0,0
Leather products,"Agriculture, Hunting and Related Services",0,0,0,0,0,0
Wood products (excl. furniture),"Agriculture, Hunting and Related Services",0,0,0,0,0,0
Paper products,"Agriculture, Hunting and Related Services",13,0.066748819,35,0.17970835900595605,48,0.24645717806531114
Printing and recording services,"Agriculture, Hunting and Related Services",0,0,0,0,0,0
Coke and refined petroleum products,"Agriculture, Hunting and Related Services",0,0,1333,6.844321215855412,1333,6.844321215855412
Paints and coatings,"Agriculture, Hunting and Related Services",0,0,0,0,0,0
Soap and detergents,"Agriculture, Hunting and Related Services",0,0,0,0,0,0
Other chemical products,"Agriculture, Hunting and Related Services",0,0,0,0,0,0
Industrial gases and fertilizers,"Agriculture, Hunting and Related Services",22,0.11295953994660095,492,2.5261860751694396,514,2.6391456151160404
Petrochemicals,"Agriculture, Hunting and Related Services",0,0,0,0,0,0
Dyestuffs and agro-chemicals,"Agriculture, Hunting and Related Services",2,0.010269049086054631,1637,8.405216676935716,1639,8.415485726021771
Pharmaceutical products,"Agriculture, Hunting and Related Services",11,0.056479769973300474,41,0.21051550626411997,52,0.2669952762374204
Rubber and plastic products,"Agriculture, Hunting and Related Services",54,0.27726432532347506,647,3.3220373793386737,701,3.5993017046621487
Cement and concrete products,"Agriculture, Hunting and Related Services",0,0,0,0,0,0
"Glass, ceramic and stone products","Agriculture, Hunting and Related Services",0,0,0,0,0,0
Basic iron and steel,"Agriculture, Hunting and Related Services",0,0,0,0,0,0
Other basic metals and casting,"Agriculture, Hunting and Related Services",0,0,0,0,0,0
Weapons and ammunition,"Agriculture, Hunting and Related Services",0,0,0,0,0,0
Other fabricated metal products,"Agriculture, Hunting and Related Services",12,0.061614295,317,1.6276442801396591,329,1.689258574655987
Computer and electronic products,"Agriculture, Hunting and Related Services",30,0.15403573629081946,46,0.2361881289792565,76,0.39022386527007596
Electrical equipment,"Agriculture, Hunting and Related Services",0,0,0,0,0,0
Other machinery and equipment,"Agriculture, Hunting and Related Services",10,0.051345245430273155,2,0.010269049086054631,12,0.061614294516327786
Motor vehicles,"Agriculture, Hunting and Related Services",0,0,0,0,0,0
Ships and boats,"Agriculture, Hunting and Related Services",0,0,0,0,0,0
Aircraft and spacecraft products,"Agriculture, Hunting and Related Services",0,0,0,0,0,0
Other Transport Equipment,"Agriculture, Hunting and Related Services",0,0,0,0,0,0
Furniture,"Agriculture, Hunting and Related Services",0,0,0,0,0,0
Other manufactured goods,"Agriculture, Hunting and Related Services",0,0,25,0.1283631135756829,25,0.1283631135756829
Ship and boat repair and maintenance,"Agriculture, Hunting and Related Services",0,0,0,0,0,0
Air and spacecraft repair and maintenance,"Agriculture, Hunting and Related Services",0,0,0,0,0,0
Other repair services,"Agriculture, Hunting and Related Services",0,0,41,0.21051550626411997,41,0.21051550626411997
Electricity services,"Agriculture, Hunting and Related Services",0,0,361,1.853563360032861,361,1.853563360032861
"Mains gas, steam and air conditioning services","Agriculture, Hunting and Related Services",0,0,2,0.010269049086054631,2,0.010269049086054631
Water services,"Agriculture, Hunting and Related Services",0,0,46,0.2361881289792565,46,0.2361881289792565
Sewerage services,"Agriculture, Hunting and Related Services",0,0,3,0.015403573629081948,3,0.015403573629081948
Waste collection and treatment services,"Agriculture, Hunting and Related Services",0,0,121,0.6212774697063053,121,0.6212774697063053
Remediation and waste management services,"Agriculture, Hunting and Related Services",0,0,0,0,0,0
Construction services,"Agriculture, Hunting and Related Services",0,0,240,1.2322858903265557,240,1.2322858903265557
Motor vehicle trade services,"Agriculture, Hunting and Related Services",0,0,469,2.408092010679811,469,2.408092010679811
Wholesale trade services,"Agriculture, Hunting and Related Services",0,0,2228,11.43972068186486,2228,11.43972068186486
Retail trade services,"Agriculture, Hunting and Related Services",0,0,482,2.474840829739166,482,2.474840829739166
Rail transport services,"Agriculture, Hunting and Related Services",0,0,0,0,0,0
Land transport services,"Agriculture, Hunting and Related Services",0,0,609,3.126925446703635,609,3.126925446703635
Water transport services,"Agriculture, Hunting and Related Services",0,0,0,0,0,0
Air transport services,"Agriculture, Hunting and Related Services",0,0,0,0,0,0
Warehousing services,"Agriculture, Hunting and Related Services",0,0,0,0,0,0
Postal and courier services,"Agriculture, Hunting and Related Services",0,0,22,0.11295953994660095,22,0.11295953994660095
Accommodation services,"Agriculture, Hunting and Related Services",0,0,0,0,0,0
Food and beverage services,"Agriculture, Hunting and Related Services",0,0,11,0.056479769973300474,11,0.056479769973300474
Publishing services,"Agriculture, Hunting and Related Services",0,0,0,0,0,0
Media Production services,"Agriculture, Hunting and Related Services",0,0,0,0,0,0
Telecommunications services,"Agriculture, Hunting and Related Services",0,0,261,1.3401109057301293,261,1.3401109057301293
Computer programming services,"Agriculture, Hunting and Related Services",0,0,288,1.478743068391867,288,1.478743068391867
Information services,"Agriculture, Hunting and Related Services",0,0,0,0,0,0
Financial services (excl. insurance and pensions),"Agriculture, Hunting and Related Services",0,0,1001,5.139659067570343,1001,5.139659067570343
Insurance and pension services,"Agriculture, Hunting and Related Services",0,0,168,0.8626001232285889,168,0.8626001232285889
Auxiliary financial services,"Agriculture, Hunting and Related Services",0,0,0,0,0,0
Real estate services,"Agriculture, Hunting and Related Services",0,0,0,0,0,0
Owner-occupier housing services,"Agriculture, Hunting and Related Services",0,0,0,0,0,0
Other real estate services,"Agriculture, Hunting and Related Services",0,0,0,0,0,0
Legal services,"Agriculture, Hunting and Related Services",0,0,40,0.20538098172109262,40,0.20538098172109262
Accounting and tax services,"Agriculture, Hunting and Related Services",0,0,14,0.071883344,14,0.071883344
Management consulting services,"Agriculture, Hunting and Related Services",0,0,61,0.31320599712466624,61,0.31320599712466624
Architectural and engineering services,"Agriculture, Hunting and Related Services",1,0.005134525,88,0.4518381597864038,89,0.4569726843294311
Scientific research and development services,"Agriculture, Hunting and Related Services",0,0,0,0,0,0
Advertising and market research services,"Agriculture, Hunting and Related Services",0,0,117,0.6007393715341959,117,0.6007393715341959
Other scientific and technical services,"Agriculture, Hunting and Related Services",0,0,159,0.8163894023413433,159,0.8163894023413433
Veterinary services,"Agriculture, Hunting and Related Services",0,0,415,2.130827685356336,415,2.130827685356336
Rental and leasing services,"Agriculture, Hunting and Related Services",0,0,421,2.161634833,421,2.161634833
Employment services,"Agriculture, Hunting and Related Services",0,0,148,0.7599096323680428,148,0.7599096323680428
Travel services,"Agriculture, Hunting and Related Services",0,0,0,0,0,0
Security services,"Agriculture, Hunting and Related Services",0,0,0,0,0,0
Building and landscape services,"Agriculture, Hunting and Related Services",0,0,0,0,0,0
Office support services,"Agriculture, Hunting and Related Services",0,0,0,0,0,0
Public administration services (including defence),"Agriculture, Hunting and Related Services",0,0,13,0.066748819,13,0.066748819
Education services,"Agriculture, Hunting and Related Services",0,0,0,0,0,0
Health services,"Agriculture, Hunting and Related Services",0,0,0,0,0,0
Residential and social care services,"Agriculture, Hunting and Related Services",0,0,0,0,0,0
Arts and entertainment services,"Agriculture, Hunting and Related Services",0,0,0,0,0,0
Libraries and other cultural services,"Agriculture, Hunting and Related Services",0,0,0,0,0,0
Gambling services,"Agriculture, Hunting and Related Services",0,0,0,0,0,0
Sports and recreation services,"Agriculture, Hunting and Related Services",0,0,0,0,0,0
Membership services,"Agriculture, Hunting and Related Services",0,0,0,0,0,0
Computer repair services,"Agriculture, Hunting and Related Services",0,0,0,0,0,0
Other personal services,"Agriculture, Hunting and Related Services",0,0,0,0,0,0
Agriculture products,Forestry and Logging,10,0.8802816901408451,5,0.44014084507042256,15,1.3204225352112677
Forestry products,Forestry and Logging,4,0.35211267605633806,525,46.21478873239437,529,46.566901408450704
Fishing products,Forestry and Logging,0,0,0,0,0,0
Coal and lignite,Forestry and Logging,0,0,0,0,0,0
"Petroleum, natural gas and mining of metal ores",Forestry and Logging,0,0,0,0,0,0
Other mining products,Forestry and Logging,0,0,0,0,0,0
Mining support services,Forestry and Logging,0,0,0,0,0,0
Meat and preserved meat products,Forestry and Logging,0,0,2,0.17605633802816903,2,0.17605633802816903
"Fish, seafood, fruit and vegetables",Forestry and Logging,0,0,0,0,0,0
Oils and fats,Forestry and Logging,0,0,0,0,0,0
Dairy products,Forestry and Logging,0,0,0,0,0,0
Grain mill and starch products,Forestry and Logging,0,0,0,0,0,0
Bakery products,Forestry and Logging,0,0,2,0.17605633802816903,2,0.17605633802816903
Other food products,Forestry and Logging,0,0,0,0,0,0
Animal feeds,Forestry and Logging,0,0,0,0,0,0
Alcoholic beverages and tobacco,Forestry and Logging,0,0,0,0,0,0
Soft drinks,Forestry and Logging,0,0,0,0,0,0
Textiles,Forestry and Logging,0,0,0,0,0,0
Clothing,Forestry and Logging,0,0,0,0,0,0
Leather products,Forestry and Logging,0,0,0,0,0,0
Wood products (excl. furniture),Forestry and Logging,0,0,0,0,0,0
Paper products,Forestry and Logging,0,0,1,0.088028169,1,0.088028169
Printing and recording services,Forestry and Logging,0,0,0,0,0,0
Coke and refined petroleum products,Forestry and Logging,0,0,32,2.8169014084507045,32,2.8169014084507045
Paints and coatings,Forestry and Logging,0,0,0,0,0,0
Soap and detergents,Forestry and Logging,0,0,0,0,0,0
Other chemical products,Forestry and Logging,0,0,1,0.088028169,1,0.088028169
Industrial gases and fertilizers,Forestry and Logging,0,0,0,0,0,0
Petrochemicals,Forestry and Logging,0,0,0,0,0,0
Dyestuffs and agro-chemicals,Forestry and Logging,0,0,0,0,0,0
Pharmaceutical products,Forestry and Logging,0,0,0,0,0,0
Rubber and plastic products,Forestry and Logging,0,0,0,0,0,0
Cement and concrete products,Forestry and Logging,0,0,0,0,0,0
"Glass, ceramic and stone products",Forestry and Logging,0,0,0,0,0,0
Basic iron and steel,Forestry and Logging,0,0,0,0,0,0
Other basic metals and casting,Forestry and Logging,0,0,0,0,0,0
Weapons and ammunition,Forestry and Logging,0,0,0,0,0,0
Other fabricated metal products,Forestry and Logging,0,0,0,0,0,0
Computer and electronic products,Forestry and Logging,2,0.17605633802816903,1,0.088028169,3,0.26408450704225356
Electrical equipment,Forestry and Logging,0,0,0,0,0,0
Other machinery and equipment,Forestry and Logging,1,0.088028169,58,5.105633802816902,59,5.193661971830987
Motor vehicles,Forestry and Logging,0,0,49,4.313380281690141,49,4.313380281690141
Ships and boats,Forestry and Logging,0,0,0,0,0,0
Aircraft and spacecraft products,Forestry and Logging,0,0,0,0,0,0
Other Transport Equipment,Forestry and Logging,0,0,0,0,0,0
Furniture,Forestry and Logging,0,0,0,0,0,0
Other manufactured goods,Forestry and Logging,0,0,3,0.2640845070422535,3,0.2640845070422535
Ship and boat repair and maintenance,Forestry and Logging,0,0,0,0,0,0
Air and spacecraft repair and maintenance,Forestry and Logging,0,0,0,0,0,0
Other repair services,Forestry and Logging,0,0,12,1.056338028169014,12,1.056338028169014
Electricity services,Forestry and Logging,0,0,3,0.2640845070422535,3,0.2640845070422535
"Mains gas, steam and air conditioning services",Forestry and Logging,0,0,0,0,0,0
Water services,Forestry and Logging,0,0,0,0,0,0
Sewerage services,Forestry and Logging,0,0,0,0,0,0
Waste collection and treatment services,Forestry and Logging,0,0,1,0.088028169,1,0.088028169
Remediation and waste management services,Forestry and Logging,0,0,0,0,0,0
Construction services,Forestry and Logging,0,0,49,4.313380281690141,49,4.313380281690141
Motor vehicle trade services,Forestry and Logging,0,0,44,3.873239436619718,44,3.873239436619718
Wholesale trade services,Forestry and Logging,0,0,148,13.028169014084506,148,13.028169014084506
Retail trade services,Forestry and Logging,0,0,27,2.3767605633802815,27,2.3767605633802815
Rail transport services,Forestry and Logging,0,0,1,0.088028169,1,0.088028169
Land transport services,Forestry and Logging,0,0,22,1.936619718309859,22,1.936619718309859
Water transport services,Forestry and Logging,0,0,0,0,0,0
Air transport services,Forestry and Logging,0,0,0,0,0,0
Warehousing services,Forestry and Logging,0,0,0,0,0,0
Postal and courier services,Forestry and Logging,0,0,3,0.2640845070422535,3,0.2640845070422535
Accommodation services,Forestry and Logging,0,0,0,0,0,0
Food and beverage services,Forestry and Logging,0,0,1,0.088028169,1,0.088028169
Publishing services,Forestry and Logging,0,0,0,0,0,0
Media Production services,Forestry and Logging,0,0,0,0,0,0
Telecommunications services,Forestry and Logging,0,0,6,0.528169014,6,0.528169014
Computer programming services,Forestry and Logging,0,0,5,0.44014084507042256,5,0.44014084507042256
Information services,Forestry and Logging,0,0,0,0,0,0
Financial services (excl. insurance and pensions),Forestry and Logging,0,0,25,2.2007042253521125,25,2.2007042253521125
Insurance and pension services,Forestry and Logging,0,0,9,0.7922535211267605,9,0.7922535211267605
Auxiliary financial services,Forestry and Logging,0,0,0,0,0,0
Real estate services,Forestry and Logging,0,0,0,0,0,0
Owner-occupier housing services,Forestry and Logging,0,0,0,0,0,0
Other real estate services,Forestry and Logging,0,0,0,0,0,0
Legal services,Forestry and Logging,0,0,2,0.17605633802816903,2,0.17605633802816903
Accounting and tax services,Forestry and Logging,0,0,30,2.640845070422535,30,2.640845070422535
Management consulting services,Forestry and Logging,0,0,0,0,0,0
Architectural and engineering services,Forestry and Logging,0,0,1,0.088028169,1,0.088028169
Scientific research and development services,Forestry and Logging,0,0,0,0,0,0
Advertising and market research services,Forestry and Logging,0,0,6,0.528169014,6,0.528169014
Other scientific and technical services,Forestry and Logging,0,0,0,0,0,0
Veterinary services,Forestry and Logging,0,0,0,0,0,0
Rental and leasing services,Forestry and Logging,0,0,30,2.640845070422535,30,2.640845070422535
Employment services,Forestry and Logging,0,0,12,1.056338028169014,12,1.056338028169014
Travel services,Forestry and Logging,0,0,0,0,0,0
Security services,Forestry and Logging,0,0,0,0,0,0
Building and landscape services,Forestry and Logging,0,0,0,0,0,0
Office support services,Forestry and Logging,0,0,0,0,0,0
Public administration services (including defence),Forestry and Logging,0,0,2,0.17605633802816903,2,0.17605633802816903
Education services,Forestry and Logging,0,0,0,0,0,0
Health services,Forestry and Logging,0,0,0,0,0,0
Residential and social care services,Forestry and Logging,0,0,0,0,0,0
Arts and entertainment services,Forestry and Logging,0,0,0,0,0,0
Libraries and other cultural services,Forestry and Logging,0,0,0,0,0,0
Gambling services,Forestry and Logging,0,0,0,0,0,0
Sports and recreation services,Forestry and Logging,0,0,0,0,0,0
Membership services,Forestry and Logging,0,0,1,0.088028169,1,0.088028169
Computer repair services,Forestry and Logging,0,0,0,0,0,0
Other personal services,Forestry and Logging,0,0,0,0,0,0
Agriculture products,Fishing and Aquaculture,4,0.29784065524944153,3,0.22338049143708116,7,0.5212211466865226
Forestry products,Fishing and Aquaculture,0,0,0,0,0,0
Fishing products,Fishing and Aquaculture,322,23.976172747580044,0,0,322,23.976172747580044
Coal and lignite,Fishing and Aquaculture,0,0,0,0,0,0
"Petroleum, natural gas and mining of metal ores",Fishing and Aquaculture,1,0.074460164,0,0,1,0.074460164
Other mining products,Fishing and Aquaculture,0,0,0,0,0,0
Mining support services,Fishing and Aquaculture,0,0,0,0,0,0
Meat and preserved meat products,Fishing and Aquaculture,2,0.14892032762472077,0,0,2,0.14892032762472077
"Fish, seafood, fruit and vegetables",Fishing and Aquaculture,0,0,0,0,0,0
Oils and fats,Fishing and Aquaculture,0,0,0,0,0,0
Dairy products,Fishing and Aquaculture,0,0,0,0,0,0
Grain mill and starch products,Fishing and Aquaculture,0,0,0,0,0,0
Bakery products,Fishing and Aquaculture,0,0,1,0.074460164,1,0.074460164
Other food products,Fishing and Aquaculture,0,0,0,0,0,0
Animal feeds,Fishing and Aquaculture,62,4.616530156366344,222,16.530156366344006,284,21.14668652271035
Alcoholic beverages and tobacco,Fishing and Aquaculture,0,0,0,0,0,0
Soft drinks,Fishing and Aquaculture,0,0,0,0,0,0
Textiles,Fishing and Aquaculture,1,0.074460164,0,0,1,0.074460164
Clothing,Fishing and Aquaculture,0,0,0,0,0,0
Leather products,Fishing and Aquaculture,0,0,0,0,0,0
Wood products (excl. furniture),Fishing and Aquaculture,0,0,0,0,0,0
Paper products,Fishing and Aquaculture,0,0,4,0.29784065524944153,4,0.29784065524944153
Printing and recording services,Fishing and Aquaculture,0,0,0,0,0,0
Coke and refined petroleum products,Fishing and Aquaculture,0,0,32,2.3827252419955323,32,2.3827252419955323
Paints and coatings,Fishing and Aquaculture,0,0,0,0,0,0
Soap and detergents,Fishing and Aquaculture,0,0,0,0,0,0
Other chemical products,Fishing and Aquaculture,0,0,0,0,0,0
Industrial gases and fertilizers,Fishing and Aquaculture,0,0,0,0,0,0
Petrochemicals,Fishing and Aquaculture,0,0,0,0,0,0
Dyestuffs and agro-chemicals,Fishing and Aquaculture,0,0,0,0,0,0
Pharmaceutical products,Fishing and Aquaculture,0,0,0,0,0,0
Rubber and plastic products,Fishing and Aquaculture,1,0.074460164,11,0.8190618019359642,12,0.8935219657483247
Cement and concrete products,Fishing and Aquaculture,0,0,0,0,0,0
"Glass, ceramic and stone products",Fishing and Aquaculture,0,0,0,0,0,0
Basic iron and steel,Fishing and Aquaculture,0,0,0,0,0,0
Other basic metals and casting,Fishing and Aquaculture,0,0,0,0,0,0
Weapons and ammunition,Fishing and Aquaculture,0,0,0,0,0,0
Other fabricated metal products,Fishing and Aquaculture,4,0.29784065524944153,0,0,4,0.29784065524944153
Computer and electronic products,Fishing and Aquaculture,2,0.14892032762472077,1,0.074460164,3,0.22338049143708116
Electrical equipment,Fishing and Aquaculture,0,0,0,0,0,0
Other machinery and equipment,Fishing and Aquaculture,0,0,0,0,0,0
Motor vehicles,Fishing and Aquaculture,0,0,0,0,0,0
Ships and boats,Fishing and Aquaculture,0,0,2,0.14892032762472077,2,0.14892032762472077
Aircraft and spacecraft products,Fishing and Aquaculture,0,0,0,0,0,0
Other Transport Equipment,Fishing and Aquaculture,0,0,0,0,0,0
Furniture,Fishing and Aquaculture,0,0,0,0,0,0
Other manufactured goods,Fishing and Aquaculture,0,0,3,0.22338049143708116,3,0.22338049143708116
Ship and boat repair and maintenance,Fishing and Aquaculture,0,0,37,2.7550260610573343,37,2.7550260610573343
Air and spacecraft repair and maintenance,Fishing and Aquaculture,0,0,0,0,0,0
Other repair services,Fishing and Aquaculture,0,0,15,1.1169024571854058,15,1.1169024571854058
Electricity services,Fishing and Aquaculture,0,0,35,2.6061057334326136,35,2.6061057334326136
"Mains gas, steam and air conditioning services",Fishing and Aquaculture,0,0,0,0,0,0
Water services,Fishing and Aquaculture,0,0,15,1.1169024571854058,15,1.1169024571854058
Sewerage services,Fishing and Aquaculture,0,0,2,0.14892032762472077,2,0.14892032762472077
Waste collection and treatment services,Fishing and Aquaculture,0,0,10,0.7446016381236039,10,0.7446016381236039
Remediation and waste management services,Fishing and Aquaculture,0,0,0,0,0,0
Construction services,Fishing and Aquaculture,0,0,3,0.22338049143708116,3,0.22338049143708116
Motor vehicle trade services,Fishing and Aquaculture,0,0,0,0,0,0
Wholesale trade services,Fishing and Aquaculture,0,0,211,15.711094564408043,211,15.711094564408043
Retail trade services,Fishing and Aquaculture,0,0,45,3.3507073715562177,45,3.3507073715562177
Rail transport services,Fishing and Aquaculture,0,0,0,0,0,0
Land transport services,Fishing and Aquaculture,0,0,0,0,0,0
Water transport services,Fishing and Aquaculture,0,0,50,3.7230081906180192,50,3.7230081906180192
Air transport services,Fishing and Aquaculture,0,0,0,0,0,0
Warehousing services,Fishing and Aquaculture,0,0,48,3.5740878629932986,48,3.5740878629932986
Postal and courier services,Fishing and Aquaculture,0,0,12,0.8935219657483247,12,0.8935219657483247
Accommodation services,Fishing and Aquaculture,0,0,0,0,0,0
Food and beverage services,Fishing and Aquaculture,0,0,5,0.37230081906180196,5,0.37230081906180196
Publishing services,Fishing and Aquaculture,0,0,0,0,0,0
Media Production services,Fishing and Aquaculture,0,0,0,0,0,0
Telecommunications services,Fishing and Aquaculture,0,0,8,0.5956813104988831,8,0.5956813104988831
Computer programming services,Fishing and Aquaculture,0,0,9,0.6701414743112435,9,0.6701414743112435
Information services,Fishing and Aquaculture,0,0,0,0,0,0
Financial services (excl. insurance and pensions),Fishing and Aquaculture,0,0,33,2.4571854058078926,33,2.4571854058078926
Insurance and pension services,Fishing and Aquaculture,1,0.074460164,9,0.6701414743112435,10,0.7446016381236039
Auxiliary financial services,Fishing and Aquaculture,0,0,0,0,0,0
Real estate services,Fishing and Aquaculture,0,0,0,0,0,0
Owner-occupier housing services,Fishing and Aquaculture,0,0,0,0,0,0
Other real estate services,Fishing and Aquaculture,0,0,0,0,0,0
Legal services,Fishing and Aquaculture,0,0,8,0.5956813104988831,8,0.5956813104988831
Accounting and tax services,Fishing and Aquaculture,0,0,14,1.0424422933730455,14,1.0424422933730455
Management consulting services,Fishing and Aquaculture,1,0.074460164,0,0,1,0.074460164
Architectural and engineering services,Fishing and Aquaculture,7,0.5212211466865228,0,0,7,0.5212211466865228
Scientific research and development services,Fishing and Aquaculture,0,0,0,0,0,0
Advertising and market research services,Fishing and Aquaculture,0,0,2,0.14892032762472077,2,0.14892032762472077
Other scientific and technical services,Fishing and Aquaculture,0,0,0,0,0,0
Veterinary services,Fishing and Aquaculture,7,0.5212211466865228,1,0.074460164,8,0.5956813104988832
Rental and leasing services,Fishing and Aquaculture,1,0.074460164,47,3.4996276991809383,48,3.5740878629932986
Employment services,Fishing and Aquaculture,1,0.074460164,3,0.22338049143708116,4,0.29784065524944153
Travel services,Fishing and Aquaculture,0,0,0,0,0,0
Security services,Fishing and Aquaculture,0,0,0,0,0,0
Building and landscape services,Fishing and Aquaculture,0,0,0,0,0,0
Office support services,Fishing and Aquaculture,0,0,0,0,0,0
Public administration services (including defence),Fishing and Aquaculture,0,0,0,0,0,0
Education services,Fishing and Aquaculture,0,0,0,0,0,0
Health services,Fishing and Aquaculture,0,0,0,0,0,0
Residential and social care services,Fishing and Aquaculture,0,0,0,0,0,0
Arts and entertainment services,Fishing and Aquaculture,0,0,0,0,0,0
Libraries and other cultural services,Fishing and Aquaculture,0,0,0,0,0,0
Gambling services,Fishing and Aquaculture,0,0,0,0,0,0
Sports and recreation services,Fishing and Aquaculture,0,0,0,0,0,0
Membership services,Fishing and Aquaculture,0,0,0,0,0,0
Computer repair services,Fishing and Aquaculture,0,0,0,0,0,0
Other personal services,Fishing and Aquaculture,0,0,25,1.8615040953090096,25,1.8615040953090096
Agriculture products,Coal and Lignite Mining,0,0,0,0,0,0
Forestry products,Coal and Lignite Mining,0,0,0,0,0,0
Fishing products,Coal and Lignite Mining,0,0,0,0,0,0
Coal and lignite,Coal and Lignite Mining,1,1.5384615384615385,0,0,1,1.5384615384615385
"Petroleum, natural gas and mining of metal ores",Coal and Lignite Mining,0,0,0,0,0,0
Other mining products,Coal and Lignite Mining,0,0,0,0,0,0
Mining support services,Coal and Lignite Mining,0,0,0,0,0,0
Meat and preserved meat products,Coal and Lignite Mining,0,0,0,0,0,0
"Fish, seafood, fruit and vegetables",Coal and Lignite Mining,0,0,0,0,0,0
Oils and fats,Coal and Lignite Mining,0,0,0,0,0,0
Dairy products,Coal and Lignite Mining,0,0,0,0,0,0
Grain mill and starch products,Coal and Lignite Mining,0,0,0,0,0,0
Bakery products,Coal and Lignite Mining,0,0,0,0,0,0
Other food products,Coal and Lignite Mining,0,0,0,0,0,0
Animal feeds,Coal and Lignite Mining,0,0,0,0,0,0
Alcoholic beverages and tobacco,Coal and Lignite Mining,0,0,0,0,0,0
Soft drinks,Coal and Lignite Mining,0,0,0,0,0,0
Textiles,Coal and Lignite Mining,0,0,0,0,0,0
Clothing,Coal and Lignite Mining,0,0,0,0,0,0
Leather products,Coal and Lignite Mining,0,0,0,0,0,0
Wood products (excl. furniture),Coal and Lignite Mining,0,0,0,0,0,0
Paper products,Coal and Lignite Mining,0,0,0,0,0,0
Printing and recording services,Coal and Lignite Mining,0,0,0,0,0,0
Coke and refined petroleum products,Coal and Lignite Mining,0,0,3,4.615384615384616,3,4.615384615384616
Paints and coatings,Coal and Lignite Mining,0,0,0,0,0,0
Soap and detergents,Coal and Lignite Mining,0,0,0,0,0,0
Other chemical products,Coal and Lignite Mining,0,0,3,4.615384615384616,3,4.615384615384616
Industrial gases and fertilizers,Coal and Lignite Mining,0,0,0,0,0,0
Petrochemicals,Coal and Lignite Mining,0,0,0,0,0,0
Dyestuffs and agro-chemicals,Coal and Lignite Mining,0,0,0,0,0,0
Pharmaceutical products,Coal and Lignite Mining,0,0,0,0,0,0
Rubber and plastic products,Coal and Lignite Mining,0,0,3,4.615384615384616,3,4.615384615384616
Cement and concrete products,Coal and Lignite Mining,0,0,0,0,0,0
"Glass, ceramic and stone products",Coal and Lignite Mining,0,0,0,0,0,0
Basic iron and steel,Coal and Lignite Mining,0,0,0,0,0,0
Other basic metals and casting,Coal and Lignite Mining,0,0,0,0,0,0
Weapons and ammunition,Coal and Lignite Mining,0,0,0,0,0,0
Other fabricated metal products,Coal and Lignite Mining,0,0,0,0,0,0
Computer and electronic products,Coal and Lignite Mining,0,0,0,0,0,0
Electrical equipment,Coal and Lignite Mining,0,0,0,0,0,0
Other machinery and equipment,Coal and Lignite Mining,0,0,1,1.5384615384615385,1,1.5384615384615385
Motor vehicles,Coal and Lignite Mining,0,0,0,0,0,0
Ships and boats,Coal and Lignite Mining,0,0,0,0,0,0
Aircraft and spacecraft products,Coal and Lignite Mining,0,0,0,0,0,0
Other Transport Equipment,Coal and Lignite Mining,0,0,0,0,0,0
Furniture,Coal and Lignite Mining,0,0,0,0,0,0
Other manufactured goods,Coal and Lignite Mining,0,0,0,0,0,0
Ship and boat repair and maintenance,Coal and Lignite Mining,0,0,0,0,0,0
Air and spacecraft repair and maintenance,Coal and Lignite Mining,0,0,0,0,0,0
Other repair services,Coal and Lignite Mining,0,0,5,7.6923076923076925,5,7.6923076923076925
Electricity services,Coal and Lignite Mining,0,0,3,4.615384615384616,3,4.615384615384616
"Mains gas, steam and air conditioning services",Coal and Lignite Mining,0,0,0,0,0,0
Water services,Coal and Lignite Mining,0,0,1,1.5384615384615385,1,1.5384615384615385
Sewerage services,Coal and Lignite Mining,0,0,0,0,0,0
Waste collection and treatment services,Coal and Lignite Mining,0,0,0,0,0,0
Remediation and waste management services,Coal and Lignite Mining,0,0,0,0,0,0
Construction services,Coal and Lignite Mining,0,0,1,1.5384615384615385,1,1.5384615384615385
Motor vehicle trade services,Coal and Lignite Mining,0,0,0,0,0,0
Wholesale trade services,Coal and Lignite Mining,0,0,1,1.5384615384615385,1,1.5384615384615385
Retail trade services,Coal and Lignite Mining,0,0,0,0,0,0
Rail transport services,Coal and Lignite Mining,0,0,0,0,0,0
Land transport services,Coal and Lignite Mining,0,0,9,13.846153846153847,9,13.846153846153847
Water transport services,Coal and Lignite Mining,0,0,0,0,0,0
Air transport services,Coal and Lignite Mining,0,0,0,0,0,0
Warehousing services,Coal and Lignite Mining,0,0,0,0,0,0
Postal and courier services,Coal and Lignite Mining,0,0,0,0,0,0
Accommodation services,Coal and Lignite Mining,0,0,0,0,0,0
Food and beverage services,Coal and Lignite Mining,0,0,0,0,0,0
Publishing services,Coal and Lignite Mining,0,0,0,0,0,0
Media Production services,Coal and Lignite Mining,0,0,0,0,0,0
Telecommunications services,Coal and Lignite Mining,0,0,0,0,0,0
Computer programming services,Coal and Lignite Mining,0,0,1,1.5384615384615385,1,1.5384615384615385
Information services,Coal and Lignite Mining,0,0,0,0,0,0
Financial services (excl. insurance and pensions),Coal and Lignite Mining,0,0,18,27.692307692307693,18,27.692307692307693
Insurance and pension services,Coal and Lignite Mining,0,0,2,3.076923076923077,2,3.076923076923077
Auxiliary financial services,Coal and Lignite Mining,0,0,2,3.076923076923077,2,3.076923076923077
Real estate services,Coal and Lignite Mining,0,0,0,0,0,0
Owner-occupier housing services,Coal and Lignite Mining,0,0,0,0,0,0
Other real estate services,Coal and Lignite Mining,0,0,0,0,0,0
Legal services,Coal and Lignite Mining,0,0,1,1.5384615384615385,1,1.5384615384615385
Accounting and tax services,Coal and Lignite Mining,0,0,0,0,0,0
Management consulting services,Coal and Lignite Mining,0,0,0,0,0,0
Architectural and engineering services,Coal and Lignite Mining,0,0,1,1.5384615384615385,1,1.5384615384615385
Scientific research and development services,Coal and Lignite Mining,0,0,0,0,0,0
Advertising and market research services,Coal and Lignite Mining,0,0,0,0,0,0
Other scientific and technical services,Coal and Lignite Mining,0,0,0,0,0,0
Veterinary services,Coal and Lignite Mining,0,0,0,0,0,0
Rental and leasing services,Coal and Lignite Mining,0,0,6,9.230769230769232,6,9.230769230769232
Employment services,Coal and Lignite Mining,0,0,0,0,0,0
Travel services,Coal and Lignite Mining,0,0,0,0,0,0
Security services,Coal and Lignite Mining,0,0,0,0,0,0
Building and landscape services,Coal and Lignite Mining,0,0,0,0,0,0
Office support services,Coal and Lignite Mining,0,0,0,0,0,0
Public administration services (including defence),Coal and Lignite Mining,0,0,3,4.615384615384616,3,4.615384615384616
Education services,Coal and Lignite Mining,0,0,0,0,0,0
Health services,Coal and Lignite Mining,0,0,0,0,0,0
Residential and social care services,Coal and Lignite Mining,0,0,0,0,0,0
Arts and entertainment services,Coal and Lignite Mining,0,0,0,0,0,0
Libraries and other cultural services,Coal and Lignite Mining,0,0,0,0,0,0
Gambling services,Coal and Lignite Mining,0,0,0,0,0,0
Sports and recreation services,Coal and Lignite Mining,0,0,0,0,0,0
Membership services,Coal and Lignite Mining,0,0,0,0,0,0
Computer repair services,Coal and Lignite Mining,0,0,0,0,0,0
Other personal services,Coal and Lignite Mining,0,0,0,0,0,0
Agriculture products,"Petroleum, Natural Gas and Metals Extraction",0,0,0,0,0,0
Forestry products,"Petroleum, Natural Gas and Metals Extraction",0,0,0,0,0,0
Fishing products,"Petroleum, Natural Gas and Metals Extraction",0,0,0,0,0,0
Coal and lignite,"Petroleum, Natural Gas and Metals Extraction",0,0,0,0,0,0
"Petroleum, natural gas and mining of metal ores","Petroleum, Natural Gas and Metals Extraction",1094,10.96961796851499,105,1.0528426752231024,1199,12.022460643738093
Other mining products,"Petroleum, Natural Gas and Metals Extraction",0,0,0,0,0,0
Mining support services,"Petroleum, Natural Gas and Metals Extraction",0,0,1817,18.219191817908353,1817,18.219191817908353
Meat and preserved meat products,"Petroleum, Natural Gas and Metals Extraction",0,0,5,0.050135365,5,0.050135365
"Fish, seafood, fruit and vegetables","Petroleum, Natural Gas and Metals Extraction",0,0,3,0.030081219292088637,3,0.030081219292088637
Oils and fats,"Petroleum, Natural Gas and Metals Extraction",0,0,1,0.010027073097362879,1,0.010027073097362879
Dairy products,"Petroleum, Natural Gas and Metals Extraction",0,0,2,0.020054146194725758,2,0.020054146194725758
Grain mill and starch products,"Petroleum, Natural Gas and Metals Extraction",0,0,0,0,0,0
Bakery products,"Petroleum, Natural Gas and Metals Extraction",0,0,5,0.050135365,5,0.050135365
Other food products,"Petroleum, Natural Gas and Metals Extraction",0,0,3,0.030081219292088637,3,0.030081219292088637
Animal feeds,"Petroleum, Natural Gas and Metals Extraction",0,0,0,0,0,0
Alcoholic beverages and tobacco,"Petroleum, Natural Gas and Metals Extraction",0,0,0,0,0,0
Soft drinks,"Petroleum, Natural Gas and Metals Extraction",0,0,0,0,0,0
Textiles,"Petroleum, Natural Gas and Metals Extraction",0,0,0,0,0,0
Clothing,"Petroleum, Natural Gas and Metals Extraction",0,0,0,0,0,0
Leather products,"Petroleum, Natural Gas and Metals Extraction",0,0,0,0,0,0
Wood products (excl. furniture),"Petroleum, Natural Gas and Metals Extraction",0,0,18,0.18048731575253182,18,0.18048731575253182
Paper products,"Petroleum, Natural Gas and Metals Extraction",0,0,1,0.010027073097362879,1,0.010027073097362879
Printing and recording services,"Petroleum, Natural Gas and Metals Extraction",0,0,0,0,0,0
Coke and refined petroleum products,"Petroleum, Natural Gas and Metals Extraction",93,0.9325177980547479,0,0,93,0.9325177980547479
Paints and coatings,"Petroleum, Natural Gas and Metals Extraction",0,0,0,0,0,0
Soap and detergents,"Petroleum, Natural Gas and Metals Extraction",0,0,0,0,0,0
Other chemical products,"Petroleum, Natural Gas and Metals Extraction",0,0,0,0,0,0
Industrial gases and fertilizers,"Petroleum, Natural Gas and Metals Extraction",0,0,0,0,0,0
Petrochemicals,"Petroleum, Natural Gas and Metals Extraction",0,0,0,0,0,0
Dyestuffs and agro-chemicals,"Petroleum, Natural Gas and Metals Extraction",0,0,0,0,0,0
Pharmaceutical products,"Petroleum, Natural Gas and Metals Extraction",0,0,0,0,0,0
Rubber and plastic products,"Petroleum, Natural Gas and Metals Extraction",0,0,0,0,0,0
Cement and concrete products,"Petroleum, Natural Gas and Metals Extraction",0,0,0,0,0,0
"Glass, ceramic and stone products","Petroleum, Natural Gas and Metals Extraction",0,0,0,0,0,0
Basic iron and steel,"Petroleum, Natural Gas and Metals Extraction",4,0.040108292389451516,76,0.7620575553995789,80,0.8021658477890303
Other basic metals and casting,"Petroleum, Natural Gas and Metals Extraction",0,0,0,0,0,0
Weapons and ammunition,"Petroleum, Natural Gas and Metals Extraction",0,0,0,0,0,0
Other fabricated metal products,"Petroleum, Natural Gas and Metals Extraction",9,0.090243658,176,1.7647648651358667,185,1.8550085230121327
Computer and electronic products,"Petroleum, Natural Gas and Metals Extraction",80,0.8021658477890304,0,0,80,0.8021658477890304
Electrical equipment,"Petroleum, Natural Gas and Metals Extraction",0,0,0,0,0,0
Other machinery and equipment,"Petroleum, Natural Gas and Metals Extraction",83,0.832247067,1190,11.932216985861826,1273,12.764464052942945
Motor vehicles,"Petroleum, Natural Gas and Metals Extraction",0,0,0,0,0,0
Ships and boats,"Petroleum, Natural Gas and Metals Extraction",0,0,105,1.0528426752231024,105,1.0528426752231024
Aircraft and spacecraft products,"Petroleum, Natural Gas and Metals Extraction",0,0,0,0,0,0
Other Transport Equipment,"Petroleum, Natural Gas and Metals Extraction",0,0,0,0,0,0
Furniture,"Petroleum, Natural Gas and Metals Extraction",0,0,0,0,0,0
Other manufactured goods,"Petroleum, Natural Gas and Metals Extraction",0,0,21,0.21056853504462045,21,0.21056853504462045
Ship and boat repair and maintenance,"Petroleum, Natural Gas and Metals Extraction",0,0,149,1.494033891507069,149,1.494033891507069
Air and spacecraft repair and maintenance,"Petroleum, Natural Gas and Metals Extraction",0,0,0,0,0,0
Other repair services,"Petroleum, Natural Gas and Metals Extraction",0,0,465,4.662588990273739,465,4.662588990273739
Electricity services,"Petroleum, Natural Gas and Metals Extraction",0,0,121,1.2132758447809084,121,1.2132758447809084
"Mains gas, steam and air conditioning services","Petroleum, Natural Gas and Metals Extraction",0,0,10,0.1002707309736288,10,0.1002707309736288
Water services,"Petroleum, Natural Gas and Metals Extraction",0,0,7,0.070189512,7,0.070189512
Sewerage services,"Petroleum, Natural Gas and Metals Extraction",0,0,0,0,0,0
Waste collection and treatment services,"Petroleum, Natural Gas and Metals Extraction",0,0,12,0.12032487716835455,12,0.12032487716835455
Remediation and waste management services,"Petroleum, Natural Gas and Metals Extraction",0,0,0,0,0,0
Construction services,"Petroleum, Natural Gas and Metals Extraction",0,0,189,1.8951168154015843,189,1.8951168154015843
Motor vehicle trade services,"Petroleum, Natural Gas and Metals Extraction",0,0,47,0.47127243557605536,47,0.47127243557605536
Wholesale trade services,"Petroleum, Natural Gas and Metals Extraction",0,0,518,5.194023864433972,518,5.194023864433972
Retail trade services,"Petroleum, Natural Gas and Metals Extraction",0,0,117,1.173167552391457,117,1.173167552391457
Rail transport services,"Petroleum, Natural Gas and Metals Extraction",0,0,19,0.19051438884989472,19,0.19051438884989472
Land transport services,"Petroleum, Natural Gas and Metals Extraction",0,0,73,0.7319763361074902,73,0.7319763361074902
Water transport services,"Petroleum, Natural Gas and Metals Extraction",231,2.3162538854908252,57,0.5715431665496842,288,2.8877970520405096
Air transport services,"Petroleum, Natural Gas and Metals Extraction",56,0.5615160934523212,73,0.7319763361074902,129,1.2934924295598114
Warehousing services,"Petroleum, Natural Gas and Metals Extraction",0,0,4,0.040108292389451516,4,0.040108292389451516
Postal and courier services,"Petroleum, Natural Gas and Metals Extraction",0,0,2,0.020054146194725758,2,0.020054146194725758
Accommodation services,"Petroleum, Natural Gas and Metals Extraction",0,0,0,0,0,0
Food and beverage services,"Petroleum, Natural Gas and Metals Extraction",0,0,75,0.752030482,75,0.752030482
Publishing services,"Petroleum, Natural Gas and Metals Extraction",0,0,0,0,0,0
Media Production services,"Petroleum, Natural Gas and Metals Extraction",0,0,0,0,0,0
Telecommunications services,"Petroleum, Natural Gas and Metals Extraction",0,0,28,0.2807580467261606,28,0.2807580467261606
Computer programming services,"Petroleum, Natural Gas and Metals Extraction",0,0,252,2.5268224205354457,252,2.5268224205354457
Information services,"Petroleum, Natural Gas and Metals Extraction",0,0,1,0.010027073097362879,1,0.010027073097362879
Financial services (excl. insurance and pensions),"Petroleum, Natural Gas and Metals Extraction",0,0,1142,11.450917477188408,1142,11.450917477188408
Insurance and pension services,"Petroleum, Natural Gas and Metals Extraction",0,0,85,0.8523012132758448,85,0.8523012132758448
Auxiliary financial services,"Petroleum, Natural Gas and Metals Extraction",0,0,0,0,0,0
Real estate services,"Petroleum, Natural Gas and Metals Extraction",0,0,0,0,0,0
Owner-occupier housing services,"Petroleum, Natural Gas and Metals Extraction",0,0,0,0,0,0
Other real estate services,"Petroleum, Natural Gas and Metals Extraction",0,0,0,0,0,0
Legal services,"Petroleum, Natural Gas and Metals Extraction",0,0,116,1.163140479294094,116,1.163140479294094
Accounting and tax services,"Petroleum, Natural Gas and Metals Extraction",0,0,29,0.2907851198235235,29,0.2907851198235235
Management consulting services,"Petroleum, Natural Gas and Metals Extraction",0,0,44,0.4411912162839667,44,0.4411912162839667
Architectural and engineering services,"Petroleum, Natural Gas and Metals Extraction",0,0,549,5.504863130452221,549,5.504863130452221
Scientific research and development services,"Petroleum, Natural Gas and Metals Extraction",0,0,0,0,0,0
Advertising and market research services,"Petroleum, Natural Gas and Metals Extraction",0,0,45,0.4512182893813296,45,0.4512182893813296
Other scientific and technical services,"Petroleum, Natural Gas and Metals Extraction",0,0,6,0.060162438584177275,6,0.060162438584177275
Veterinary services,"Petroleum, Natural Gas and Metals Extraction",0,0,0,0,0,0
Rental and leasing services,"Petroleum, Natural Gas and Metals Extraction",0,0,225,2.2560914469066478,225,2.2560914469066478
Employment services,"Petroleum, Natural Gas and Metals Extraction",0,0,323,3.2387446104482103,323,3.2387446104482103
Travel services,"Petroleum, Natural Gas and Metals Extraction",0,0,0,0,0,0
Security services,"Petroleum, Natural Gas and Metals Extraction",0,0,0,0,0,0
Building and landscape services,"Petroleum, Natural Gas and Metals Extraction",0,0,0,0,0,0
Office support services,"Petroleum, Natural Gas and Metals Extraction",0,0,4,0.040108292389451516,4,0.040108292389451516
Public administration services (including defence),"Petroleum, Natural Gas and Metals Extraction",0,0,0,0,0,0
Education services,"Petroleum, Natural Gas and Metals Extraction",0,0,0,0,0,0
Health services,"Petroleum, Natural Gas and Metals Extraction",0,0,8,0.080216585,8,0.080216585
Residential and social care services,"Petroleum, Natural Gas and Metals Extraction",0,0,0,0,0,0
Arts and entertainment services,"Petroleum, Natural Gas and Metals Extraction",0,0,0,0,0,0
Libraries and other cultural services,"Petroleum, Natural Gas and Metals Extraction",0,0,0,0,0,0
Gambling services,"Petroleum, Natural Gas and Metals Extraction",0,0,0,0,0,0
Sports and recreation services,"Petroleum, Natural Gas and Metals Extraction",0,0,0,0,0,0
Membership services,"Petroleum, Natural Gas and Metals Extraction",0,0,0,0,0,0
Computer repair services,"Petroleum, Natural Gas and Metals Extraction",0,0,0,0,0,0
Other personal services,"Petroleum, Natural Gas and Metals Extraction",0,0,0,0,0,0
Agriculture products,Other Mining and Quarrying,6,0.132714001,1,0.022119000221190004,7,0.15483300154833002
Forestry products,Other Mining and Quarrying,0,0,0,0,0,0
Fishing products,Other Mining and Quarrying,0,0,0,0,0,0
Coal and lignite,Other Mining and Quarrying,3,0.066357001,0,0,3,0.066357001
"Petroleum, natural gas and mining of metal ores",Other Mining and Quarrying,0,0,21,0.464499005,21,0.464499005
Other mining products,Other Mining and Quarrying,371,8.206149082061492,336,7.431984074,707,15.638133156381333
Mining support services,Other Mining and Quarrying,2,0.044238,365,8.073435081,367,8.117673081176731
Meat and preserved meat products,Other Mining and Quarrying,1,0.022119000221190004,1,0.022119000221190004,2,0.044238
"Fish, seafood, fruit and vegetables",Other Mining and Quarrying,0,0,5,0.11059500110595002,5,0.11059500110595002
Oils and fats,Other Mining and Quarrying,0,0,0,0,0,0
Dairy products,Other Mining and Quarrying,0,0,2,0.044238,2,0.044238
Grain mill and starch products,Other Mining and Quarrying,0,0,0,0,0,0
Bakery products,Other Mining and Quarrying,0,0,3,0.066357001,3,0.066357001
Other food products,Other Mining and Quarrying,0,0,3,0.066357001,3,0.066357001
Animal feeds,Other Mining and Quarrying,0,0,0,0,0,0
Alcoholic beverages and tobacco,Other Mining and Quarrying,0,0,0,0,0,0
Soft drinks,Other Mining and Quarrying,0,0,0,0,0,0
Textiles,Other Mining and Quarrying,0,0,0,0,0,0
Clothing,Other Mining and Quarrying,0,0,0,0,0,0
Leather products,Other Mining and Quarrying,0,0,0,0,0,0
Wood products (excl. furniture),Other Mining and Quarrying,0,0,0,0,0,0
Paper products,Other Mining and Quarrying,6,0.132714001,0,0,6,0.132714001
Printing and recording services,Other Mining and Quarrying,0,0,0,0,0,0
Coke and refined petroleum products,Other Mining and Quarrying,9,0.19907100199071004,91,2.0128290201282906,100,2.211900022119001
Paints and coatings,Other Mining and Quarrying,0,0,0,0,0,0
Soap and detergents,Other Mining and Quarrying,0,0,0,0,0,0
Other chemical products,Other Mining and Quarrying,37,0.818403008,0,0,37,0.818403008
Industrial gases and fertilizers,Other Mining and Quarrying,9,0.19907100199071004,0,0,9,0.19907100199071004
Petrochemicals,Other Mining and Quarrying,38,0.8405220084052201,26,0.575094006,64,1.4156160141561602
Dyestuffs and agro-chemicals,Other Mining and Quarrying,0,0,0,0,0,0
Pharmaceutical products,Other Mining and Quarrying,0,0,0,0,0,0
Rubber and plastic products,Other Mining and Quarrying,13,0.287547003,2,0.044238,15,0.33178500331785005
Cement and concrete products,Other Mining and Quarrying,155,3.4284450342844504,0,0,155,3.4284450342844504
"Glass, ceramic and stone products",Other Mining and Quarrying,86,1.9022340190223401,186,4.114134041,272,6.01636806
Basic iron and steel,Other Mining and Quarrying,0,0,0,0,0,0
Other basic metals and casting,Other Mining and Quarrying,0,0,0,0,0,0
Weapons and ammunition,Other Mining and Quarrying,0,0,0,0,0,0
Other fabricated metal products,Other Mining and Quarrying,10,0.22119000221190005,0,0,10,0.22119000221190005
Computer and electronic products,Other Mining and Quarrying,2,0.044238,1,0.022119000221190004,3,0.066357001
Electrical equipment,Other Mining and Quarrying,0,0,0,0,0,0
Other machinery and equipment,Other Mining and Quarrying,10,0.22119000221190005,56,1.2386640123866401,66,1.4598540145985401
Motor vehicles,Other Mining and Quarrying,1,0.022119000221190004,13,0.287547003,14,0.30966600309666004
Ships and boats,Other Mining and Quarrying,0,0,0,0,0,0
Aircraft and spacecraft products,Other Mining and Quarrying,0,0,0,0,0,0
Other Transport Equipment,Other Mining and Quarrying,0,0,0,0,0,0
Furniture,Other Mining and Quarrying,0,0,0,0,0,0
Other manufactured goods,Other Mining and Quarrying,0,0,6,0.132714001,6,0.132714001
Ship and boat repair and maintenance,Other Mining and Quarrying,0,0,0,0,0,0
Air and spacecraft repair and maintenance,Other Mining and Quarrying,0,0,0,0,0,0
Other repair services,Other Mining and Quarrying,0,0,304,6.7241760672417605,304,6.7241760672417605
Electricity services,Other Mining and Quarrying,0,0,318,7.033842070338421,318,7.033842070338421
"Mains gas, steam and air conditioning services",Other Mining and Quarrying,0,0,35,0.7741650077416501,35,0.7741650077416501
Water services,Other Mining and Quarrying,0,0,11,0.24330900243309003,11,0.24330900243309003
Sewerage services,Other Mining and Quarrying,0,0,0,0,0,0
Waste collection and treatment services,Other Mining and Quarrying,22,0.48661800486618007,0,0,22,0.48661800486618007
Remediation and waste management services,Other Mining and Quarrying,0,0,0,0,0,0
Construction services,Other Mining and Quarrying,3,0.066357001,0,0,3,0.066357001
Motor vehicle trade services,Other Mining and Quarrying,0,0,10,0.22119000221190005,10,0.22119000221190005
Wholesale trade services,Other Mining and Quarrying,0,0,392,8.670648086706482,392,8.670648086706482
Retail trade services,Other Mining and Quarrying,0,0,77,1.703163017,77,1.703163017
Rail transport services,Other Mining and Quarrying,0,0,69,1.5262110152621102,69,1.5262110152621102
Land transport services,Other Mining and Quarrying,0,0,578,12.784782127847821,578,12.784782127847821
Water transport services,Other Mining and Quarrying,0,0,50,1.1059500110595002,50,1.1059500110595002
Air transport services,Other Mining and Quarrying,0,0,11,0.24330900243309003,11,0.24330900243309003
Warehousing services,Other Mining and Quarrying,0,0,5,0.11059500110595002,5,0.11059500110595002
Postal and courier services,Other Mining and Quarrying,0,0,4,0.088476001,4,0.088476001
Accommodation services,Other Mining and Quarrying,0,0,0,0,0,0
Food and beverage services,Other Mining and Quarrying,0,0,5,0.11059500110595002,5,0.11059500110595002
Publishing services,Other Mining and Quarrying,0,0,0,0,0,0
Media Production services,Other Mining and Quarrying,0,0,0,0,0,0
Telecommunications services,Other Mining and Quarrying,0,0,11,0.24330900243309003,11,0.24330900243309003
Computer programming services,Other Mining and Quarrying,1,0.022119000221190004,15,0.33178500331785005,16,0.35390400353904006
Information services,Other Mining and Quarrying,0,0,0,0,0,0
Financial services (excl. insurance and pensions),Other Mining and Quarrying,1,0.022119000221190004,333,7.365627073656271,334,7.387746073877461
Insurance and pension services,Other Mining and Quarrying,0,0,35,0.7741650077416501,35,0.7741650077416501
Auxiliary financial services,Other Mining and Quarrying,0,0,9,0.19907100199071004,9,0.19907100199071004
Real estate services,Other Mining and Quarrying,0,0,0,0,0,0
Owner-occupier housing services,Other Mining and Quarrying,0,0,0,0,0,0
Other real estate services,Other Mining and Quarrying,0,0,0,0,0,0
Legal services,Other Mining and Quarrying,2,0.044238,98,2.1676620216766205,100,2.2119000221190004
Accounting and tax services,Other Mining and Quarrying,1,0.022119000221190004,12,0.265428003,13,0.287547003
Management consulting services,Other Mining and Quarrying,5,0.11059500110595002,0,0,5,0.11059500110595002
Architectural and engineering services,Other Mining and Quarrying,1,0.022119000221190004,32,0.7078080070780801,33,0.7299270072992701
Scientific research and development services,Other Mining and Quarrying,0,0,0,0,0,0
Advertising and market research services,Other Mining and Quarrying,0,0,7,0.15483300154833002,7,0.15483300154833002
Other scientific and technical services,Other Mining and Quarrying,0,0,1,0.022119000221190004,1,0.022119000221190004
Veterinary services,Other Mining and Quarrying,0,0,0,0,0,0
Rental and leasing services,Other Mining and Quarrying,0,0,148,3.273612033,148,3.273612033
Employment services,Other Mining and Quarrying,0,0,36,0.7962840079628402,36,0.7962840079628402
Travel services,Other Mining and Quarrying,0,0,0,0,0,0
Security services,Other Mining and Quarrying,0,0,0,0,0,0
Building and landscape services,Other Mining and Quarrying,0,0,0,0,0,0
Office support services,Other Mining and Quarrying,0,0,0,0,0,0
Public administration services (including defence),Other Mining and Quarrying,0,0,2,0.044238,2,0.044238
Education services,Other Mining and Quarrying,0,0,0,0,0,0
Health services,Other Mining and Quarrying,0,0,0,0,0,0
Residential and social care services,Other Mining and Quarrying,0,0,0,0,0,0
Arts and entertainment services,Other Mining and Quarrying,0,0,0,0,0,0
Libraries and other cultural services,Other Mining and Quarrying,0,0,0,0,0,0
Gambling services,Other Mining and Quarrying,0,0,0,0,0,0
Sports and recreation services,Other Mining and Quarrying,0,0,0,0,0,0
Membership services,Other Mining and Quarrying,0,0,0,0,0,0
Computer repair services,Other Mining and Quarrying,0,0,0,0,0,0
Other personal services,Other Mining and Quarrying,0,0,0,0,0,0
Agriculture products,Mining Support Services,0,0,0,0,0,0
Forestry products,Mining Support Services,0,0,0,0,0,0
Fishing products,Mining Support Services,0,0,0,0,0,0
Coal and lignite,Mining Support Services,0,0,0,0,0,0
"Petroleum, natural gas and mining of metal ores",Mining Support Services,0,0,0,0,0,0
Other mining products,Mining Support Services,0,0,0,0,0,0
Mining support services,Mining Support Services,171,5.662251655629139,739,24.470198675496686,910,30.132450331125824
Meat and preserved meat products,Mining Support Services,0,0,1,0.033112582781456956,1,0.033112582781456956
"Fish, seafood, fruit and vegetables",Mining Support Services,0,0,2,0.066225166,2,0.066225166
Oils and fats,Mining Support Services,0,0,0,0,0,0
Dairy products,Mining Support Services,0,0,4,0.13245033112582782,4,0.13245033112582782
Grain mill and starch products,Mining Support Services,0,0,0,0,0,0
Bakery products,Mining Support Services,0,0,3,0.099337748,3,0.099337748
Other food products,Mining Support Services,0,0,2,0.066225166,2,0.066225166
Animal feeds,Mining Support Services,0,0,0,0,0,0
Alcoholic beverages and tobacco,Mining Support Services,0,0,0,0,0,0
Soft drinks,Mining Support Services,0,0,0,0,0,0
Textiles,Mining Support Services,0,0,0,0,0,0
Clothing,Mining Support Services,0,0,0,0,0,0
Leather products,Mining Support Services,0,0,0,0,0,0
Wood products (excl. furniture),Mining Support Services,0,0,0,0,0,0
Paper products,Mining Support Services,0,0,2,0.066225166,2,0.066225166
Printing and recording services,Mining Support Services,0,0,0,0,0,0
Coke and refined petroleum products,Mining Support Services,2,0.066225166,0,0,2,0.066225166
Paints and coatings,Mining Support Services,0,0,0,0,0,0
Soap and detergents,Mining Support Services,0,0,0,0,0,0
Other chemical products,Mining Support Services,33,1.0927152317880795,0,0,33,1.0927152317880795
Industrial gases and fertilizers,Mining Support Services,0,0,0,0,0,0
Petrochemicals,Mining Support Services,0,0,0,0,0,0
Dyestuffs and agro-chemicals,Mining Support Services,0,0,0,0,0,0
Pharmaceutical products,Mining Support Services,0,0,0,0,0,0
Rubber and plastic products,Mining Support Services,0,0,0,0,0,0
Cement and concrete products,Mining Support Services,0,0,0,0,0,0
"Glass, ceramic and stone products",Mining Support Services,0,0,0,0,0,0
Basic iron and steel,Mining Support Services,23,0.7615894039735099,2,0.066225166,25,0.8278145695364238
Other basic metals and casting,Mining Support Services,0,0,0,0,0,0
Weapons and ammunition,Mining Support Services,0,0,0,0,0,0
Other fabricated metal products,Mining Support Services,28,0.9271523178807948,0,0,28,0.9271523178807948
Computer and electronic products,Mining Support Services,0,0,5,0.16556291390728478,5,0.16556291390728478
Electrical equipment,Mining Support Services,0,0,0,0,0,0
Other machinery and equipment,Mining Support Services,177,5.860927152317881,33,1.0927152317880795,210,6.953642384105961
Motor vehicles,Mining Support Services,0,0,0,0,0,0
Ships and boats,Mining Support Services,0,0,0,0,0,0
Aircraft and spacecraft products,Mining Support Services,0,0,0,0,0,0
Other Transport Equipment,Mining Support Services,0,0,0,0,0,0
Furniture,Mining Support Services,0,0,0,0,0,0
Other manufactured goods,Mining Support Services,0,0,3,0.099337748,3,0.099337748
Ship and boat repair and maintenance,Mining Support Services,0,0,18,0.5960264900662252,18,0.5960264900662252
Air and spacecraft repair and maintenance,Mining Support Services,0,0,0,0,0,0
Other repair services,Mining Support Services,1,0.033112582781456956,131,4.337748344,132,4.370860927152317
Electricity services,Mining Support Services,0,0,71,2.3509933774834435,71,2.3509933774834435
"Mains gas, steam and air conditioning services",Mining Support Services,0,0,7,0.2317880794701987,7,0.2317880794701987
Water services,Mining Support Services,0,0,3,0.099337748,3,0.099337748
Sewerage services,Mining Support Services,0,0,2,0.066225166,2,0.066225166
Waste collection and treatment services,Mining Support Services,0,0,3,0.099337748,3,0.099337748
Remediation and waste management services,Mining Support Services,0,0,0,0,0,0
Construction services,Mining Support Services,0,0,142,4.701986754966887,142,4.701986754966887
Motor vehicle trade services,Mining Support Services,0,0,10,0.33112582781456956,10,0.33112582781456956
Wholesale trade services,Mining Support Services,0,0,89,2.947019867549669,89,2.947019867549669
Retail trade services,Mining Support Services,0,0,20,0.6622516556291391,20,0.6622516556291391
Rail transport services,Mining Support Services,0,0,1,0.033112582781456956,1,0.033112582781456956
Land transport services,Mining Support Services,0,0,22,0.728476821,22,0.728476821
Water transport services,Mining Support Services,0,0,0,0,0,0
Air transport services,Mining Support Services,0,0,0,0,0,0
Warehousing services,Mining Support Services,0,0,0,0,0,0
Postal and courier services,Mining Support Services,0,0,29,0.9602649006622517,29,0.9602649006622517
Accommodation services,Mining Support Services,0,0,0,0,0,0
Food and beverage services,Mining Support Services,0,0,2,0.066225166,2,0.066225166
Publishing services,Mining Support Services,0,0,0,0,0,0
Media Production services,Mining Support Services,0,0,0,0,0,0
Telecommunications services,Mining Support Services,1,0.033112582781456956,18,0.5960264900662252,19,0.6291390728476822
Computer programming services,Mining Support Services,1,0.033112582781456956,72,2.384105960264901,73,2.4172185430463577
Information services,Mining Support Services,0,0,0,0,0,0
Financial services (excl. insurance and pensions),Mining Support Services,2,0.066225166,227,7.516556291390729,229,7.582781456953643
Insurance and pension services,Mining Support Services,0,0,18,0.5960264900662252,18,0.5960264900662252
Auxiliary financial services,Mining Support Services,2,0.066225166,0,0,2,0.066225166
Real estate services,Mining Support Services,0,0,0,0,0,0
Owner-occupier housing services,Mining Support Services,0,0,0,0,0,0
Other real estate services,Mining Support Services,0,0,0,0,0,0
Legal services,Mining Support Services,0,0,125,4.139072848,125,4.139072848
Accounting and tax services,Mining Support Services,0,0,26,0.8609271523178808,26,0.8609271523178808
Management consulting services,Mining Support Services,22,0.728476821,69,2.284768212,91,3.0132450331125833
Architectural and engineering services,Mining Support Services,29,0.9602649006622517,241,7.980132450331126,270,8.940397350993377
Scientific research and development services,Mining Support Services,0,0,0,0,0,0
Advertising and market research services,Mining Support Services,0,0,3,0.099337748,3,0.099337748
Other scientific and technical services,Mining Support Services,0,0,0,0,0,0
Veterinary services,Mining Support Services,0,0,0,0,0,0
Rental and leasing services,Mining Support Services,18,0.5960264900662252,180,5.960264900662252,198,6.556291390728477
Employment services,Mining Support Services,3,0.099337748,12,0.3973509933774834,15,0.4966887417218543
Travel services,Mining Support Services,0,0,0,0,0,0
Security services,Mining Support Services,0,0,0,0,0,0
Building and landscape services,Mining Support Services,0,0,0,0,0,0
Office support services,Mining Support Services,21,0.695364238,149,4.933774834437086,170,5.629139072847682
Public administration services (including defence),Mining Support Services,0,0,0,0,0,0
Education services,Mining Support Services,0,0,0,0,0,0
Health services,Mining Support Services,0,0,0,0,0,0
Residential and social care services,Mining Support Services,0,0,0,0,0,0
Arts and entertainment services,Mining Support Services,0,0,0,0,0,0
Libraries and other cultural services,Mining Support Services,0,0,0,0,0,0
Gambling services,Mining Support Services,0,0,0,0,0,0
Sports and recreation services,Mining Support Services,0,0,0,0,0,0
Membership services,Mining Support Services,0,0,0,0,0,0
Computer repair services,Mining Support Services,0,0,0,0,0,0
Other personal services,Mining Support Services,0,0,0,0,0,0
Agriculture products,Meat Processing,284,1.665005569560884,5672,33.25320982587794,5956,34.91821539543882
Forestry products,Meat Processing,0,0,0,0,0,0
Fishing products,Meat Processing,0,0,0,0,0,0
Coal and lignite,Meat Processing,0,0,0,0,0,0
"Petroleum, natural gas and mining of metal ores",Meat Processing,0,0,0,0,0,0
Other mining products,Meat Processing,0,0,0,0,0,0
Mining support services,Meat Processing,0,0,0,0,0,0
Meat and preserved meat products,Meat Processing,48,0.28140939203845927,4518,26.48765902561998,4566,26.76906841765844
"Fish, seafood, fruit and vegetables",Meat Processing,3,0.017588087002403704,25,0.14656739168669752,28,0.16415547868910124
Oils and fats,Meat Processing,47,0.2755466963709914,9,0.052764261,56,0.3283109573782025
Dairy products,Meat Processing,0,0,29,0.17001817435656916,29,0.17001817435656916
Grain mill and starch products,Meat Processing,9,0.052764261,389,2.280588614645014,398,2.333352875652225
Bakery products,Meat Processing,0,0,38,0.22278243536378028,38,0.22278243536378028
Other food products,Meat Processing,31,0.18174356569150496,155,0.9087178284575248,186,1.0904613941490298
Animal feeds,Meat Processing,2,0.011725391334935803,0,0,2,0.011725391334935803
Alcoholic beverages and tobacco,Meat Processing,0,0,0,0,0,0
Soft drinks,Meat Processing,0,0,0,0,0,0
Textiles,Meat Processing,0,0,0,0,0,0
Clothing,Meat Processing,0,0,0,0,0,0
Leather products,Meat Processing,0,0,0,0,0,0
Wood products (excl. furniture),Meat Processing,1,0.005862696,0,0,1,0.005862696
Paper products,Meat Processing,9,0.052764261,118,0.6917980887612124,127,0.7445623497684235
Printing and recording services,Meat Processing,0,0,0,0,0,0
Coke and refined petroleum products,Meat Processing,0,0,35,0.20519434836137654,35,0.20519434836137654
Paints and coatings,Meat Processing,0,0,0,0,0,0
Soap and detergents,Meat Processing,0,0,2,0.011725391334935803,2,0.011725391334935803
Other chemical products,Meat Processing,11,0.064489652,0,0,11,0.064489652
Industrial gases and fertilizers,Meat Processing,1,0.005862696,0,0,1,0.005862696
Petrochemicals,Meat Processing,0,0,0,0,0,0
Dyestuffs and agro-chemicals,Meat Processing,0,0,0,0,0,0
Pharmaceutical products,Meat Processing,0,0,0,0,0,0
Rubber and plastic products,Meat Processing,45,0.2638213050360556,439,2.5737233980184087,484,2.8375447030544643
Cement and concrete products,Meat Processing,0,0,0,0,0,0
"Glass, ceramic and stone products",Meat Processing,0,0,0,0,0,0
Basic iron and steel,Meat Processing,0,0,1,0.005862696,1,0.005862696
Other basic metals and casting,Meat Processing,0,0,0,0,0,0
Weapons and ammunition,Meat Processing,0,0,0,0,0,0
Other fabricated metal products,Meat Processing,3,0.017588087002403704,1,0.005862696,4,0.023450782669871606
Computer and electronic products,Meat Processing,3,0.017588087002403704,6,0.035176174,9,0.052764261
Electrical equipment,Meat Processing,0,0,0,0,0,0
Other machinery and equipment,Meat Processing,32,0.18760626135897285,112,0.6566219147564051,144,0.8442281761153779
Motor vehicles,Meat Processing,0,0,1,0.005862696,1,0.005862696
Ships and boats,Meat Processing,0,0,0,0,0,0
Aircraft and spacecraft products,Meat Processing,0,0,0,0,0,0
Other Transport Equipment,Meat Processing,0,0,0,0,0,0
Furniture,Meat Processing,0,0,0,0,0,0
Other manufactured goods,Meat Processing,9,0.052764261,8,0.046901565,17,0.099665826
Ship and boat repair and maintenance,Meat Processing,0,0,0,0,0,0
Air and spacecraft repair and maintenance,Meat Processing,0,0,0,0,0,0
Other repair services,Meat Processing,0,0,262,1.5360262648765903,262,1.5360262648765903
Electricity services,Meat Processing,0,0,277,1.6239666998886089,277,1.6239666998886089
"Mains gas, steam and air conditioning services",Meat Processing,0,0,82,0.48074104473236795,82,0.48074104473236795
Water services,Meat Processing,0,0,47,0.2755466963709914,47,0.2755466963709914
Sewerage services,Meat Processing,0,0,27,0.15829278302163335,27,0.15829278302163335
Waste collection and treatment services,Meat Processing,0,0,70,0.4103886967227531,70,0.4103886967227531
Remediation and waste management services,Meat Processing,0,0,0,0,0,0
Construction services,Meat Processing,0,0,11,0.064489652,11,0.064489652
Motor vehicle trade services,Meat Processing,0,0,10,0.058626956674679015,10,0.058626956674679015
Wholesale trade services,Meat Processing,0,0,1774,10.400422114088057,1774,10.400422114088057
Retail trade services,Meat Processing,0,0,554,3.2479333997772177,554,3.2479333997772177
Rail transport services,Meat Processing,0,0,3,0.017588087002403704,3,0.017588087002403704
Land transport services,Meat Processing,15,0.087940435,445,2.6088995720232164,460,2.696840007035235
Water transport services,Meat Processing,0,0,1,0.005862696,1,0.005862696
Air transport services,Meat Processing,0,0,0,0,0,0
Warehousing services,Meat Processing,0,0,58,0.3400363487131383,58,0.3400363487131383
Postal and courier services,Meat Processing,0,0,88,0.5159172187371753,88,0.5159172187371753
Accommodation services,Meat Processing,0,0,0,0,0,0
Food and beverage services,Meat Processing,0,0,106,0.6214457407515975,106,0.6214457407515975
Publishing services,Meat Processing,0,0,5,0.029313478337339507,5,0.029313478337339507
Media Production services,Meat Processing,0,0,0,0,0,0
Telecommunications services,Meat Processing,0,0,9,0.052764261,9,0.052764261
Computer programming services,Meat Processing,0,0,66,0.3869379140528815,66,0.3869379140528815
Information services,Meat Processing,0,0,0,0,0,0
Financial services (excl. insurance and pensions),Meat Processing,0,0,124,0.7269742627660198,124,0.7269742627660198
Insurance and pension services,Meat Processing,0,0,133,0.7797385237732309,133,0.7797385237732309
Auxiliary financial services,Meat Processing,0,0,23,0.13484200035176172,23,0.13484200035176172
Real estate services,Meat Processing,0,0,0,0,0,0
Owner-occupier housing services,Meat Processing,0,0,0,0,0,0
Other real estate services,Meat Processing,0,0,3,0.017588087002403704,3,0.017588087002403704
Legal services,Meat Processing,1,0.005862696,73,0.4279767837251568,74,0.4338394793926247
Accounting and tax services,Meat Processing,1,0.005862696,49,0.2872720877059272,50,0.2931347833733951
Management consulting services,Meat Processing,5,0.029313478337339507,36,0.21105704402884445,41,0.24037052236618395
Architectural and engineering services,Meat Processing,1,0.005862696,28,0.16415547868910127,29,0.17001817435656918
Scientific research and development services,Meat Processing,0,0,0,0,0,0
Advertising and market research services,Meat Processing,0,0,37,0.21691973969631237,37,0.21691973969631237
Other scientific and technical services,Meat Processing,0,0,56,0.32831095737820254,56,0.32831095737820254
Veterinary services,Meat Processing,0,0,0,0,0,0
Rental and leasing services,Meat Processing,1,0.005862696,89,0.5217799144046432,90,0.5276426100721111
Employment services,Meat Processing,0,0,383,2.2454124406402065,383,2.2454124406402065
Travel services,Meat Processing,0,0,0,0,0,0
Security services,Meat Processing,0,0,0,0,0,0
Building and landscape services,Meat Processing,0,0,0,0,0,0
Office support services,Meat Processing,0,0,0,0,0,0
Public administration services (including defence),Meat Processing,0,0,6,0.035176174,6,0.035176174
Education services,Meat Processing,0,0,0,0,0,0
Health services,Meat Processing,0,0,0,0,0,0
Residential and social care services,Meat Processing,0,0,0,0,0,0
Arts and entertainment services,Meat Processing,0,0,0,0,0,0
Libraries and other cultural services,Meat Processing,0,0,0,0,0,0
Gambling services,Meat Processing,0,0,0,0,0,0
Sports and recreation services,Meat Processing,0,0,0,0,0,0
Membership services,Meat Processing,0,0,2,0.011725391334935803,2,0.011725391334935803
Computer repair services,Meat Processing,0,0,0,0,0,0
Other personal services,Meat Processing,0,0,0,0,0,0
Agriculture products,Seafood and Fruit and Vegetable Processing,165,2.1260146888287594,1390,17.91006313619379,1555,20.036077825022552
Forestry products,Seafood and Fruit and Vegetable Processing,0,0,0,0,0,0
Fishing products,Seafood and Fruit and Vegetable Processing,6,0.077309625,1056,13.606494008504058,1062,13.683803633552376
Coal and lignite,Seafood and Fruit and Vegetable Processing,0,0,0,0,0,0
"Petroleum, natural gas and mining of metal ores",Seafood and Fruit and Vegetable Processing,0,0,0,0,0,0
Other mining products,Seafood and Fruit and Vegetable Processing,0,0,0,0,0,0
Mining support services,Seafood and Fruit and Vegetable Processing,0,0,0,0,0,0
Meat and preserved meat products,Seafood and Fruit and Vegetable Processing,1,0.012884937508053087,3,0.038654812524159254,4,0.05153975
"Fish, seafood, fruit and vegetables",Seafood and Fruit and Vegetable Processing,87,1.1209895632006184,611,7.872696817420436,698,8.993686380621053
Oils and fats,Seafood and Fruit and Vegetable Processing,73,0.9406004380878753,30,0.3865481252415926,103,1.327148563329468
Dairy products,Seafood and Fruit and Vegetable Processing,1,0.012884937508053087,39,0.5025125628140703,40,0.5153975003221234
Grain mill and starch products,Seafood and Fruit and Vegetable Processing,37,0.4767426877979642,59,0.760211313,96,1.2369540007730961
Bakery products,Seafood and Fruit and Vegetable Processing,0,0,2,0.025769875016106173,2,0.025769875016106173
Other food products,Seafood and Fruit and Vegetable Processing,21,0.27058368766911484,346,4.458188377786368,367,4.728772065455483
Animal feeds,Seafood and Fruit and Vegetable Processing,0,0,0,0,0,0
Alcoholic beverages and tobacco,Seafood and Fruit and Vegetable Processing,0,0,0,0,0,0
Soft drinks,Seafood and Fruit and Vegetable Processing,0,0,0,0,0,0
Textiles,Seafood and Fruit and Vegetable Processing,0,0,0,0,0,0
Clothing,Seafood and Fruit and Vegetable Processing,0,0,0,0,0,0
Leather products,Seafood and Fruit and Vegetable Processing,0,0,0,0,0,0
Wood products (excl. furniture),Seafood and Fruit and Vegetable Processing,0,0,0,0,0,0
Paper products,Seafood and Fruit and Vegetable Processing,42,0.5411673753382297,92,1.1854142507408838,134,1.7265816260791134
Printing and recording services,Seafood and Fruit and Vegetable Processing,0,0,0,0,0,0
Coke and refined petroleum products,Seafood and Fruit and Vegetable Processing,0,0,15,0.1932740626207963,15,0.1932740626207963
Paints and coatings,Seafood and Fruit and Vegetable Processing,0,0,0,0,0,0
Soap and detergents,Seafood and Fruit and Vegetable Processing,0,0,2,0.025769875016106173,2,0.025769875016106173
Other chemical products,Seafood and Fruit and Vegetable Processing,1,0.012884937508053087,0,0,1,0.012884937508053087
Industrial gases and fertilizers,Seafood and Fruit and Vegetable Processing,2,0.025769875016106173,0,0,2,0.025769875016106173
Petrochemicals,Seafood and Fruit and Vegetable Processing,0,0,0,0,0,0
Dyestuffs and agro-chemicals,Seafood and Fruit and Vegetable Processing,1,0.012884937508053087,0,0,1,0.012884937508053087
Pharmaceutical products,Seafood and Fruit and Vegetable Processing,0,0,0,0,0,0
Rubber and plastic products,Seafood and Fruit and Vegetable Processing,79,1.017910063136194,168,2.1646695013529187,247,3.182579564489113
Cement and concrete products,Seafood and Fruit and Vegetable Processing,0,0,0,0,0,0
"Glass, ceramic and stone products",Seafood and Fruit and Vegetable Processing,1,0.012884937508053087,0,0,1,0.012884937508053087
Basic iron and steel,Seafood and Fruit and Vegetable Processing,0,0,0,0,0,0
Other basic metals and casting,Seafood and Fruit and Vegetable Processing,3,0.038654812524159254,0,0,3,0.038654812524159254
Weapons and ammunition,Seafood and Fruit and Vegetable Processing,0,0,0,0,0,0
Other fabricated metal products,Seafood and Fruit and Vegetable Processing,6,0.077309625,18,0.23192887514495555,24,0.30923850019327404
Computer and electronic products,Seafood and Fruit and Vegetable Processing,2,0.025769875016106173,4,0.051539750032212346,6,0.077309625
Electrical equipment,Seafood and Fruit and Vegetable Processing,0,0,0,0,0,0
Other machinery and equipment,Seafood and Fruit and Vegetable Processing,2,0.025769875016106173,0,0,2,0.025769875016106173
Motor vehicles,Seafood and Fruit and Vegetable Processing,0,0,2,0.025769875016106173,2,0.025769875016106173
Ships and boats,Seafood and Fruit and Vegetable Processing,0,0,0,0,0,0
Aircraft and spacecraft products,Seafood and Fruit and Vegetable Processing,0,0,0,0,0,0
Other Transport Equipment,Seafood and Fruit and Vegetable Processing,0,0,0,0,0,0
Furniture,Seafood and Fruit and Vegetable Processing,0,0,0,0,0,0
Other manufactured goods,Seafood and Fruit and Vegetable Processing,1,0.012884937508053087,8,0.10307950006442469,9,0.11596443757247778
Ship and boat repair and maintenance,Seafood and Fruit and Vegetable Processing,0,0,0,0,0,0
Air and spacecraft repair and maintenance,Seafood and Fruit and Vegetable Processing,0,0,0,0,0,0
Other repair services,Seafood and Fruit and Vegetable Processing,0,0,114,1.468882875918052,114,1.468882875918052
Electricity services,Seafood and Fruit and Vegetable Processing,0,0,172,2.2162092513851306,172,2.2162092513851306
"Mains gas, steam and air conditioning services",Seafood and Fruit and Vegetable Processing,0,0,81,1.0436799381522999,81,1.0436799381522999
Water services,Seafood and Fruit and Vegetable Processing,0,0,38,0.4896276253060172,38,0.4896276253060172
Sewerage services,Seafood and Fruit and Vegetable Processing,0,0,19,0.2448138126530086,19,0.2448138126530086
Waste collection and treatment services,Seafood and Fruit and Vegetable Processing,0,0,35,0.45097281278185797,35,0.45097281278185797
Remediation and waste management services,Seafood and Fruit and Vegetable Processing,0,0,0,0,0,0
Construction services,Seafood and Fruit and Vegetable Processing,0,0,2,0.025769875016106173,2,0.025769875016106173
Motor vehicle trade services,Seafood and Fruit and Vegetable Processing,0,0,2,0.025769875016106173,2,0.025769875016106173
Wholesale trade services,Seafood and Fruit and Vegetable Processing,0,0,1094,14.096121633810077,1094,14.096121633810077
Retail trade services,Seafood and Fruit and Vegetable Processing,0,0,209,2.6929519391830947,209,2.6929519391830947
Rail transport services,Seafood and Fruit and Vegetable Processing,0,0,0,0,0,0
Land transport services,Seafood and Fruit and Vegetable Processing,27,0.3478933127174333,402,5.179744878,429,5.527638190954773
Water transport services,Seafood and Fruit and Vegetable Processing,0,0,0,0,0,0
Air transport services,Seafood and Fruit and Vegetable Processing,0,0,0,0,0,0
Warehousing services,Seafood and Fruit and Vegetable Processing,0,0,4,0.051539750032212346,4,0.051539750032212346
Postal and courier services,Seafood and Fruit and Vegetable Processing,0,0,139,1.791006313619379,139,1.791006313619379
Accommodation services,Seafood and Fruit and Vegetable Processing,0,0,0,0,0,0
Food and beverage services,Seafood and Fruit and Vegetable Processing,0,0,70,0.9019456255637159,70,0.9019456255637159
Publishing services,Seafood and Fruit and Vegetable Processing,0,0,2,0.025769875016106173,2,0.025769875016106173
Media Production services,Seafood and Fruit and Vegetable Processing,0,0,0,0,0,0
Telecommunications services,Seafood and Fruit and Vegetable Processing,0,0,11,0.14173431258858393,11,0.14173431258858393
Computer programming services,Seafood and Fruit and Vegetable Processing,1,0.012884937508053087,53,0.6829016879268135,54,0.6957866254348666
Information services,Seafood and Fruit and Vegetable Processing,1,0.012884937508053087,0,0,1,0.012884937508053087
Financial services (excl. insurance and pensions),Seafood and Fruit and Vegetable Processing,0,0,215,2.7702615642314137,215,2.7702615642314137
Insurance and pension services,Seafood and Fruit and Vegetable Processing,0,0,53,0.6829016879268135,53,0.6829016879268135
Auxiliary financial services,Seafood and Fruit and Vegetable Processing,0,0,0,0,0,0
Real estate services,Seafood and Fruit and Vegetable Processing,0,0,0,0,0,0
Owner-occupier housing services,Seafood and Fruit and Vegetable Processing,0,0,0,0,0,0
Other real estate services,Seafood and Fruit and Vegetable Processing,0,0,0,0,0,0
Legal services,Seafood and Fruit and Vegetable Processing,0,0,49,0.6313619378946012,49,0.6313619378946012
Accounting and tax services,Seafood and Fruit and Vegetable Processing,1,0.012884937508053087,37,0.4767426877979642,38,0.4896276253060173
Management consulting services,Seafood and Fruit and Vegetable Processing,8,0.10307950006442469,0,0,8,0.10307950006442469
Architectural and engineering services,Seafood and Fruit and Vegetable Processing,3,0.038654812524159254,14,0.1803891251127432,17,0.21904393763690244
Scientific research and development services,Seafood and Fruit and Vegetable Processing,0,0,0,0,0,0
Advertising and market research services,Seafood and Fruit and Vegetable Processing,1,0.012884937508053087,77,0.9921401881200876,78,1.0050251256281408
Other scientific and technical services,Seafood and Fruit and Vegetable Processing,0,0,143,1.8425460636515913,143,1.8425460636515913
Veterinary services,Seafood and Fruit and Vegetable Processing,0,0,0,0,0,0
Rental and leasing services,Seafood and Fruit and Vegetable Processing,0,0,52,0.6700167504187605,52,0.6700167504187605
Employment services,Seafood and Fruit and Vegetable Processing,0,0,244,3.1439247519649527,244,3.1439247519649527
Travel services,Seafood and Fruit and Vegetable Processing,0,0,0,0,0,0
Security services,Seafood and Fruit and Vegetable Processing,0,0,0,0,0,0
Building and landscape services,Seafood and Fruit and Vegetable Processing,0,0,0,0,0,0
Office support services,Seafood and Fruit and Vegetable Processing,0,0,0,0,0,0
Public administration services (including defence),Seafood and Fruit and Vegetable Processing,0,0,12,0.15461925009663702,12,0.15461925009663702
Education services,Seafood and Fruit and Vegetable Processing,0,0,0,0,0,0
Health services,Seafood and Fruit and Vegetable Processing,0,0,0,0,0,0
Residential and social care services,Seafood and Fruit and Vegetable Processing,0,0,0,0,0,0
Arts and entertainment services,Seafood and Fruit and Vegetable Processing,0,0,0,0,0,0
Libraries and other cultural services,Seafood and Fruit and Vegetable Processing,0,0,0,0,0,0
Gambling services,Seafood and Fruit and Vegetable Processing,0,0,0,0,0,0
Sports and recreation services,Seafood and Fruit and Vegetable Processing,0,0,0,0,0,0
Membership services,Seafood and Fruit and Vegetable Processing,0,0,0,0,0,0
Computer repair services,Seafood and Fruit and Vegetable Processing,0,0,0,0,0,0
Other personal services,Seafood and Fruit and Vegetable Processing,0,0,0,0,0,0
Agriculture products,Vegetable and Animal Oils Manufacturing,29,3.800786369593709,29,3.800786369593709,58,7.601572739187418
Forestry products,Vegetable and Animal Oils Manufacturing,0,0,0,0,0,0
Fishing products,Vegetable and Animal Oils Manufacturing,0,0,0,0,0,0
Coal and lignite,Vegetable and Animal Oils Manufacturing,0,0,0,0,0,0
"Petroleum, natural gas and mining of metal ores",Vegetable and Animal Oils Manufacturing,0,0,0,0,0,0
Other mining products,Vegetable and Animal Oils Manufacturing,0,0,0,0,0,0
Mining support services,Vegetable and Animal Oils Manufacturing,0,0,0,0,0,0
Meat and preserved meat products,Vegetable and Animal Oils Manufacturing,0,0,53,6.946264744429882,53,6.946264744429882
"Fish, seafood, fruit and vegetables",Vegetable and Animal Oils Manufacturing,1,0.1310615989515072,0,0,1,0.1310615989515072
Oils and fats,Vegetable and Animal Oils Manufacturing,257,33.68283093053736,0,0,257,33.68283093053736
Dairy products,Vegetable and Animal Oils Manufacturing,0,0,7,0.9174311926605505,7,0.9174311926605505
Grain mill and starch products,Vegetable and Animal Oils Manufacturing,2,0.2621231979030144,0,0,2,0.2621231979030144
Bakery products,Vegetable and Animal Oils Manufacturing,0,0,2,0.2621231979030144,2,0.2621231979030144
Other food products,Vegetable and Animal Oils Manufacturing,1,0.1310615989515072,0,0,1,0.1310615989515072
Animal feeds,Vegetable and Animal Oils Manufacturing,0,0,0,0,0,0
Alcoholic beverages and tobacco,Vegetable and Animal Oils Manufacturing,0,0,0,0,0,0
Soft drinks,Vegetable and Animal Oils Manufacturing,0,0,0,0,0,0
Textiles,Vegetable and Animal Oils Manufacturing,0,0,0,0,0,0
Clothing,Vegetable and Animal Oils Manufacturing,0,0,0,0,0,0
Leather products,Vegetable and Animal Oils Manufacturing,0,0,0,0,0,0
Wood products (excl. furniture),Vegetable and Animal Oils Manufacturing,0,0,0,0,0,0
Paper products,Vegetable and Animal Oils Manufacturing,0,0,13,1.7038007863695939,13,1.7038007863695939
Printing and recording services,Vegetable and Animal Oils Manufacturing,0,0,0,0,0,0
Coke and refined petroleum products,Vegetable and Animal Oils Manufacturing,0,0,4,0.5242463958060288,4,0.5242463958060288
Paints and coatings,Vegetable and Animal Oils Manufacturing,0,0,0,0,0,0
Soap and detergents,Vegetable and Animal Oils Manufacturing,0,0,0,0,0,0
Other chemical products,Vegetable and Animal Oils Manufacturing,0,0,0,0,0,0
Industrial gases and fertilizers,Vegetable and Animal Oils Manufacturing,0,0,0,0,0,0
Petrochemicals,Vegetable and Animal Oils Manufacturing,0,0,0,0,0,0
Dyestuffs and agro-chemicals,Vegetable and Animal Oils Manufacturing,0,0,0,0,0,0
Pharmaceutical products,Vegetable and Animal Oils Manufacturing,0,0,0,0,0,0
Rubber and plastic products,Vegetable and Animal Oils Manufacturing,3,0.39318479685452157,29,3.800786369593709,32,4.193971166448231
Cement and concrete products,Vegetable and Animal Oils Manufacturing,0,0,0,0,0,0
"Glass, ceramic and stone products",Vegetable and Animal Oils Manufacturing,0,0,0,0,0,0
Basic iron and steel,Vegetable and Animal Oils Manufacturing,0,0,0,0,0,0
Other basic metals and casting,Vegetable and Animal Oils Manufacturing,0,0,0,0,0,0
Weapons and ammunition,Vegetable and Animal Oils Manufacturing,0,0,0,0,0,0
Other fabricated metal products,Vegetable and Animal Oils Manufacturing,0,0,0,0,0,0
Computer and electronic products,Vegetable and Animal Oils Manufacturing,0,0,0,0,0,0
Electrical equipment,Vegetable and Animal Oils Manufacturing,0,0,0,0,0,0
Other machinery and equipment,Vegetable and Animal Oils Manufacturing,0,0,2,0.2621231979030144,2,0.2621231979030144
Motor vehicles,Vegetable and Animal Oils Manufacturing,0,0,0,0,0,0
Ships and boats,Vegetable and Animal Oils Manufacturing,0,0,0,0,0,0
Aircraft and spacecraft products,Vegetable and Animal Oils Manufacturing,0,0,0,0,0,0
Other Transport Equipment,Vegetable and Animal Oils Manufacturing,0,0,0,0,0,0
Furniture,Vegetable and Animal Oils Manufacturing,0,0,0,0,0,0
Other manufactured goods,Vegetable and Animal Oils Manufacturing,0,0,0,0,0,0
Ship and boat repair and maintenance,Vegetable and Animal Oils Manufacturing,0,0,0,0,0,0
Air and spacecraft repair and maintenance,Vegetable and Animal Oils Manufacturing,0,0,0,0,0,0
Other repair services,Vegetable and Animal Oils Manufacturing,0,0,6,0.7863695937090431,6,0.7863695937090431
Electricity services,Vegetable and Animal Oils Manufacturing,0,0,16,2.0969855832241153,16,2.0969855832241153
"Mains gas, steam and air conditioning services",Vegetable and Animal Oils Manufacturing,0,0,47,6.159895150720838,47,6.159895150720838
Water services,Vegetable and Animal Oils Manufacturing,0,0,6,0.7863695937090431,6,0.7863695937090431
Sewerage services,Vegetable and Animal Oils Manufacturing,0,0,4,0.5242463958060288,4,0.5242463958060288
Waste collection and treatment services,Vegetable and Animal Oils Manufacturing,0,0,6,0.7863695937090431,6,0.7863695937090431
Remediation and waste management services,Vegetable and Animal Oils Manufacturing,0,0,0,0,0,0
Construction services,Vegetable and Animal Oils Manufacturing,0,0,0,0,0,0
Motor vehicle trade services,Vegetable and Animal Oils Manufacturing,0,0,0,0,0,0
Wholesale trade services,Vegetable and Animal Oils Manufacturing,0,0,73,9.567496723460026,73,9.567496723460026
Retail trade services,Vegetable and Animal Oils Manufacturing,0,0,27,3.5386631716906947,27,3.5386631716906947
Rail transport services,Vegetable and Animal Oils Manufacturing,0,0,2,0.2621231979030144,2,0.2621231979030144
Land transport services,Vegetable and Animal Oils Manufacturing,3,0.39318479685452157,35,4.587155963302752,38,4.980340760157274
Water transport services,Vegetable and Animal Oils Manufacturing,0,0,0,0,0,0
Air transport services,Vegetable and Animal Oils Manufacturing,0,0,0,0,0,0
Warehousing services,Vegetable and Animal Oils Manufacturing,0,0,1,0.1310615989515072,1,0.1310615989515072
Postal and courier services,Vegetable and Animal Oils Manufacturing,0,0,4,0.5242463958060288,4,0.5242463958060288
Accommodation services,Vegetable and Animal Oils Manufacturing,0,0,0,0,0,0
Food and beverage services,Vegetable and Animal Oils Manufacturing,0,0,2,0.2621231979030144,2,0.2621231979030144
Publishing services,Vegetable and Animal Oils Manufacturing,0,0,1,0.1310615989515072,1,0.1310615989515072
Media Production services,Vegetable and Animal Oils Manufacturing,0,0,0,0,0,0
Telecommunications services,Vegetable and Animal Oils Manufacturing,0,0,1,0.1310615989515072,1,0.1310615989515072
Computer programming services,Vegetable and Animal Oils Manufacturing,0,0,6,0.7863695937090431,6,0.7863695937090431
Information services,Vegetable and Animal Oils Manufacturing,0,0,0,0,0,0
Financial services (excl. insurance and pensions),Vegetable and Animal Oils Manufacturing,0,0,20,2.621231979030144,20,2.621231979030144
Insurance and pension services,Vegetable and Animal Oils Manufacturing,0,0,7,0.9174311926605505,7,0.9174311926605505
Auxiliary financial services,Vegetable and Animal Oils Manufacturing,0,0,0,0,0,0
Real estate services,Vegetable and Animal Oils Manufacturing,0,0,0,0,0,0
Owner-occupier housing services,Vegetable and Animal Oils Manufacturing,0,0,0,0,0,0
Other real estate services,Vegetable and Animal Oils Manufacturing,0,0,0,0,0,0
Legal services,Vegetable and Animal Oils Manufacturing,0,0,1,0.1310615989515072,1,0.1310615989515072
Accounting and tax services,Vegetable and Animal Oils Manufacturing,0,0,3,0.39318479685452157,3,0.39318479685452157
Management consulting services,Vegetable and Animal Oils Manufacturing,0,0,0,0,0,0
Architectural and engineering services,Vegetable and Animal Oils Manufacturing,0,0,23,3.014416775884666,23,3.014416775884666
Scientific research and development services,Vegetable and Animal Oils Manufacturing,0,0,0,0,0,0
Advertising and market research services,Vegetable and Animal Oils Manufacturing,0,0,8,1.0484927916120577,8,1.0484927916120577
Other scientific and technical services,Vegetable and Animal Oils Manufacturing,0,0,12,1.5727391874180863,12,1.5727391874180863
Veterinary services,Vegetable and Animal Oils Manufacturing,0,0,0,0,0,0
Rental and leasing services,Vegetable and Animal Oils Manufacturing,0,0,4,0.5242463958060288,4,0.5242463958060288
Employment services,Vegetable and Animal Oils Manufacturing,0,0,9,1.1795543905635648,9,1.1795543905635648
Travel services,Vegetable and Animal Oils Manufacturing,0,0,0,0,0,0
Security services,Vegetable and Animal Oils Manufacturing,0,0,0,0,0,0
Building and landscape services,Vegetable and Animal Oils Manufacturing,0,0,0,0,0,0
Office support services,Vegetable and Animal Oils Manufacturing,0,0,0,0,0,0
Public administration services (including defence),Vegetable and Animal Oils Manufacturing,0,0,3,0.39318479685452157,3,0.39318479685452157
Education services,Vegetable and Animal Oils Manufacturing,0,0,1,0.1310615989515072,1,0.1310615989515072
Health services,Vegetable and Animal Oils Manufacturing,0,0,0,0,0,0
Residential and social care services,Vegetable and Animal Oils Manufacturing,0,0,0,0,0,0
Arts and entertainment services,Vegetable and Animal Oils Manufacturing,0,0,0,0,0,0
Libraries and other cultural services,Vegetable and Animal Oils Manufacturing,0,0,0,0,0,0
Gambling services,Vegetable and Animal Oils Manufacturing,0,0,0,0,0,0
Sports and recreation services,Vegetable and Animal Oils Manufacturing,0,0,0,0,0,0
Membership services,Vegetable and Animal Oils Manufacturing,0,0,0,0,0,0
Computer repair services,Vegetable and Animal Oils Manufacturing,0,0,0,0,0,0
Other personal services,Vegetable and Animal Oils Manufacturing,0,0,0,0,0,0
Agriculture products,Dairy Products Manufacturing,0,0,3798,43.17380925315448,3798,43.17380925315448
Forestry products,Dairy Products Manufacturing,0,0,0,0,0,0
Fishing products,Dairy Products Manufacturing,0,0,0,0,0,0
Coal and lignite,Dairy Products Manufacturing,0,0,0,0,0,0
"Petroleum, natural gas and mining of metal ores",Dairy Products Manufacturing,0,0,0,0,0,0
Other mining products,Dairy Products Manufacturing,0,0,0,0,0,0
Mining support services,Dairy Products Manufacturing,0,0,0,0,0,0
Meat and preserved meat products,Dairy Products Manufacturing,0,0,8,0.090940093,8,0.090940093
"Fish, seafood, fruit and vegetables",Dairy Products Manufacturing,0,0,39,0.4433329544162783,39,0.4433329544162783
Oils and fats,Dairy Products Manufacturing,24,0.27282027964078664,0,0,24,0.27282027964078664
Dairy products,Dairy Products Manufacturing,27,0.30692281459588494,1378,15.664431056041833,1405,15.971353870637717
Grain mill and starch products,Dairy Products Manufacturing,2,0.022735023303398886,0,0,2,0.022735023303398886
Bakery products,Dairy Products Manufacturing,0,0,6,0.06820507,6,0.06820507
Other food products,Dairy Products Manufacturing,69,0.7843583039672616,46,0.5229055359781745,115,1.3072638399454362
Animal feeds,Dairy Products Manufacturing,0,0,0,0,0,0
Alcoholic beverages and tobacco,Dairy Products Manufacturing,0,0,0,0,0,0
Soft drinks,Dairy Products Manufacturing,0,0,0,0,0,0
Textiles,Dairy Products Manufacturing,0,0,0,0,0,0
Clothing,Dairy Products Manufacturing,0,0,0,0,0,0
Leather products,Dairy Products Manufacturing,0,0,0,0,0,0
Wood products (excl. furniture),Dairy Products Manufacturing,1,0.011367511651699443,0,0,1,0.011367511651699443
Paper products,Dairy Products Manufacturing,21,0.2387177446856883,8,0.090940093,29,0.3296578378992838
Printing and recording services,Dairy Products Manufacturing,0,0,0,0,0,0
Coke and refined petroleum products,Dairy Products Manufacturing,0,0,38,0.4319654427645789,38,0.4319654427645789
Paints and coatings,Dairy Products Manufacturing,0,0,0,0,0,0
Soap and detergents,Dairy Products Manufacturing,0,0,7,0.079572582,7,0.079572582
Other chemical products,Dairy Products Manufacturing,4,0.045470047,0,0,4,0.045470047
Industrial gases and fertilizers,Dairy Products Manufacturing,0,0,0,0,0,0
Petrochemicals,Dairy Products Manufacturing,0,0,0,0,0,0
Dyestuffs and agro-chemicals,Dairy Products Manufacturing,0,0,0,0,0,0
Pharmaceutical products,Dairy Products Manufacturing,0,0,0,0,0,0
Rubber and plastic products,Dairy Products Manufacturing,121,1.3754689098556327,298,3.387518472206434,419,4.762987382062066
Cement and concrete products,Dairy Products Manufacturing,0,0,0,0,0,0
"Glass, ceramic and stone products",Dairy Products Manufacturing,0,0,1,0.011367511651699443,1,0.011367511651699443
Basic iron and steel,Dairy Products Manufacturing,0,0,0,0,0,0
Other basic metals and casting,Dairy Products Manufacturing,0,0,0,0,0,0
Weapons and ammunition,Dairy Products Manufacturing,0,0,0,0,0,0
Other fabricated metal products,Dairy Products Manufacturing,0,0,8,0.090940093,8,0.090940093
Computer and electronic products,Dairy Products Manufacturing,0,0,4,0.045470047,4,0.045470047
Electrical equipment,Dairy Products Manufacturing,0,0,0,0,0,0
Other machinery and equipment,Dairy Products Manufacturing,2,0.022735023303398886,0,0,2,0.022735023303398886
Motor vehicles,Dairy Products Manufacturing,0,0,1,0.011367511651699443,1,0.011367511651699443
Ships and boats,Dairy Products Manufacturing,0,0,0,0,0,0
Aircraft and spacecraft products,Dairy Products Manufacturing,0,0,0,0,0,0
Other Transport Equipment,Dairy Products Manufacturing,0,0,0,0,0,0
Furniture,Dairy Products Manufacturing,0,0,0,0,0,0
Other manufactured goods,Dairy Products Manufacturing,0,0,0,0,0,0
Ship and boat repair and maintenance,Dairy Products Manufacturing,0,0,0,0,0,0
Air and spacecraft repair and maintenance,Dairy Products Manufacturing,0,0,0,0,0,0
Other repair services,Dairy Products Manufacturing,2,0.022735023303398886,122,1.3868364215073319,124,1.4095714448107308
Electricity services,Dairy Products Manufacturing,0,0,111,1.261793793338638,111,1.261793793338638
"Mains gas, steam and air conditioning services",Dairy Products Manufacturing,0,0,50,0.5683755825849721,50,0.5683755825849721
Water services,Dairy Products Manufacturing,0,0,20,0.22735023303398885,20,0.22735023303398885
Sewerage services,Dairy Products Manufacturing,0,0,13,0.14777765147209276,13,0.14777765147209276
Waste collection and treatment services,Dairy Products Manufacturing,0,0,39,0.4433329544162783,39,0.4433329544162783
Remediation and waste management services,Dairy Products Manufacturing,0,0,0,0,0,0
Construction services,Dairy Products Manufacturing,0,0,0,0,0,0
Motor vehicle trade services,Dairy Products Manufacturing,0,0,3,0.034102535,3,0.034102535
Wholesale trade services,Dairy Products Manufacturing,0,0,775,8.809821530067067,775,8.809821530067067
Retail trade services,Dairy Products Manufacturing,0,0,230,2.614527679890872,230,2.614527679890872
Rail transport services,Dairy Products Manufacturing,0,0,1,0.011367511651699443,1,0.011367511651699443
Land transport services,Dairy Products Manufacturing,64,0.7275207457087643,211,2.3985449585085825,275,3.1260657042173468
Water transport services,Dairy Products Manufacturing,0,0,2,0.022735023303398886,2,0.022735023303398886
Air transport services,Dairy Products Manufacturing,0,0,0,0,0,0
Warehousing services,Dairy Products Manufacturing,0,0,1,0.011367511651699443,1,0.011367511651699443
Postal and courier services,Dairy Products Manufacturing,0,0,27,0.30692281459588494,27,0.30692281459588494
Accommodation services,Dairy Products Manufacturing,0,0,0,0,0,0
Food and beverage services,Dairy Products Manufacturing,0,0,535,6.081618733659202,535,6.081618733659202
Publishing services,Dairy Products Manufacturing,0,0,2,0.022735023303398886,2,0.022735023303398886
Media Production services,Dairy Products Manufacturing,0,0,0,0,0,0
Telecommunications services,Dairy Products Manufacturing,0,0,3,0.034102535,3,0.034102535
Computer programming services,Dairy Products Manufacturing,0,0,21,0.2387177446856883,21,0.2387177446856883
Information services,Dairy Products Manufacturing,0,0,0,0,0,0
Financial services (excl. insurance and pensions),Dairy Products Manufacturing,0,0,127,1.4436739797658293,127,1.4436739797658293
Insurance and pension services,Dairy Products Manufacturing,0,0,60,0.6820506991019666,60,0.6820506991019666
Auxiliary financial services,Dairy Products Manufacturing,0,0,7,0.079572582,7,0.079572582
Real estate services,Dairy Products Manufacturing,0,0,0,0,0,0
Owner-occupier housing services,Dairy Products Manufacturing,0,0,0,0,0,0
Other real estate services,Dairy Products Manufacturing,0,0,0,0,0,0
Legal services,Dairy Products Manufacturing,0,0,50,0.5683755825849721,50,0.5683755825849721
Accounting and tax services,Dairy Products Manufacturing,1,0.011367511651699443,127,1.4436739797658293,128,1.4550414914175287
Management consulting services,Dairy Products Manufacturing,0,0,0,0,0,0
Architectural and engineering services,Dairy Products Manufacturing,0,0,54,0.6138456291917699,54,0.6138456291917699
Scientific research and development services,Dairy Products Manufacturing,0,0,0,0,0,0
Advertising and market research services,Dairy Products Manufacturing,0,0,71,0.8070933272706604,71,0.8070933272706604
Other scientific and technical services,Dairy Products Manufacturing,0,0,13,0.14777765147209276,13,0.14777765147209276
Veterinary services,Dairy Products Manufacturing,0,0,0,0,0,0
Rental and leasing services,Dairy Products Manufacturing,0,0,84,0.9548709787427532,84,0.9548709787427532
Employment services,Dairy Products Manufacturing,5,0.056837558,49,0.5570080709332726,54,0.6138456291917699
Travel services,Dairy Products Manufacturing,0,0,0,0,0,0
Security services,Dairy Products Manufacturing,0,0,0,0,0,0
Building and landscape services,Dairy Products Manufacturing,0,0,0,0,0,0
Office support services,Dairy Products Manufacturing,2,0.022735023303398886,0,0,2,0.022735023303398886
Public administration services (including defence),Dairy Products Manufacturing,0,0,2,0.022735023303398886,2,0.022735023303398886
Education services,Dairy Products Manufacturing,0,0,2,0.022735023303398886,2,0.022735023303398886
Health services,Dairy Products Manufacturing,0,0,0,0,0,0
Residential and social care services,Dairy Products Manufacturing,0,0,0,0,0,0
Arts and entertainment services,Dairy Products Manufacturing,0,0,0,0,0,0
Libraries and other cultural services,Dairy Products Manufacturing,0,0,0,0,0,0
Gambling services,Dairy Products Manufacturing,0,0,0,0,0,0
Sports and recreation services,Dairy Products Manufacturing,0,0,0,0,0,0
Membership services,Dairy Products Manufacturing,0,0,0,0,0,0
Computer repair services,Dairy Products Manufacturing,0,0,0,0,0,0
Other personal services,Dairy Products Manufacturing,0,0,0,0,0,0
Agriculture products,Grain Mill Products Manufacturing,1174,26.639437258906284,19,0.43113228953936916,1193,27.070569548445654
Forestry products,Grain Mill Products Manufacturing,0,0,0,0,0,0
Fishing products,Grain Mill Products Manufacturing,0,0,0,0,0,0
Coal and lignite,Grain Mill Products Manufacturing,0,0,0,0,0,0
"Petroleum, natural gas and mining of metal ores",Grain Mill Products Manufacturing,0,0,0,0,0,0
Other mining products,Grain Mill Products Manufacturing,0,0,0,0,0,0
Mining support services,Grain Mill Products Manufacturing,0,0,0,0,0,0
Meat and preserved meat products,Grain Mill Products Manufacturing,1,0.022691173,32,0.7261175402768323,33,0.7488087134104833
"Fish, seafood, fruit and vegetables",Grain Mill Products Manufacturing,18,0.4084411164057182,86,1.951440889493987,104,2.359882005899705
Oils and fats,Grain Mill Products Manufacturing,384,8.713410483321987,0,0,384,8.713410483321987
Dairy products,Grain Mill Products Manufacturing,0,0,12,0.2722940776038121,12,0.2722940776038121
Grain mill and starch products,Grain Mill Products Manufacturing,350,7.941910596777853,254,5.763557975947356,604,13.70546857272521
Bakery products,Grain Mill Products Manufacturing,0,0,5,0.11345586566825505,5,0.11345586566825505
Other food products,Grain Mill Products Manufacturing,12,0.2722940776038121,267,6.058543227,279,6.3308373042886315
Animal feeds,Grain Mill Products Manufacturing,0,0,0,0,0,0
Alcoholic beverages and tobacco,Grain Mill Products Manufacturing,3,0.068073519,0,0,3,0.068073519
Soft drinks,Grain Mill Products Manufacturing,0,0,0,0,0,0
Textiles,Grain Mill Products Manufacturing,0,0,0,0,0,0
Clothing,Grain Mill Products Manufacturing,0,0,0,0,0,0
Leather products,Grain Mill Products Manufacturing,0,0,0,0,0,0
Wood products (excl. furniture),Grain Mill Products Manufacturing,0,0,0,0,0,0
Paper products,Grain Mill Products Manufacturing,4,0.090764693,120,2.722940776038121,124,2.8137054685727247
Printing and recording services,Grain Mill Products Manufacturing,0,0,0,0,0,0
Coke and refined petroleum products,Grain Mill Products Manufacturing,0,0,8,0.18152938506920807,8,0.18152938506920807
Paints and coatings,Grain Mill Products Manufacturing,0,0,0,0,0,0
Soap and detergents,Grain Mill Products Manufacturing,0,0,0,0,0,0
Other chemical products,Grain Mill Products Manufacturing,2,0.045382346,0,0,2,0.045382346
Industrial gases and fertilizers,Grain Mill Products Manufacturing,0,0,0,0,0,0
Petrochemicals,Grain Mill Products Manufacturing,0,0,0,0,0,0
Dyestuffs and agro-chemicals,Grain Mill Products Manufacturing,0,0,0,0,0,0
Pharmaceutical products,Grain Mill Products Manufacturing,0,0,0,0,0,0
Rubber and plastic products,Grain Mill Products Manufacturing,26,0.5899705014749262,0,0,26,0.5899705014749262
Cement and concrete products,Grain Mill Products Manufacturing,0,0,0,0,0,0
"Glass, ceramic and stone products",Grain Mill Products Manufacturing,0,0,0,0,0,0
Basic iron and steel,Grain Mill Products Manufacturing,0,0,0,0,0,0
Other basic metals and casting,Grain Mill Products Manufacturing,0,0,0,0,0,0
Weapons and ammunition,Grain Mill Products Manufacturing,0,0,0,0,0,0
Other fabricated metal products,Grain Mill Products Manufacturing,0,0,0,0,0,0
Computer and electronic products,Grain Mill Products Manufacturing,2,0.045382346,4,0.090764693,6,0.13614703880190604
Electrical equipment,Grain Mill Products Manufacturing,0,0,0,0,0,0
Other machinery and equipment,Grain Mill Products Manufacturing,4,0.090764693,36,0.8168822328114363,40,0.9076469253460404
Motor vehicles,Grain Mill Products Manufacturing,0,0,0,0,0,0
Ships and boats,Grain Mill Products Manufacturing,0,0,0,0,0,0
Aircraft and spacecraft products,Grain Mill Products Manufacturing,0,0,0,0,0,0
Other Transport Equipment,Grain Mill Products Manufacturing,0,0,0,0,0,0
Furniture,Grain Mill Products Manufacturing,0,0,0,0,0,0
Other manufactured goods,Grain Mill Products Manufacturing,0,0,1,0.022691173,1,0.022691173
Ship and boat repair and maintenance,Grain Mill Products Manufacturing,0,0,0,0,0,0
Air and spacecraft repair and maintenance,Grain Mill Products Manufacturing,0,0,0,0,0,0
Other repair services,Grain Mill Products Manufacturing,0,0,62,1.4068527342863626,62,1.4068527342863626
Electricity services,Grain Mill Products Manufacturing,0,0,93,2.110279101429544,93,2.110279101429544
"Mains gas, steam and air conditioning services",Grain Mill Products Manufacturing,0,0,39,0.8849557522123894,39,0.8849557522123894
Water services,Grain Mill Products Manufacturing,0,0,18,0.4084411164057182,18,0.4084411164057182
Sewerage services,Grain Mill Products Manufacturing,0,0,1,0.022691173,1,0.022691173
Waste collection and treatment services,Grain Mill Products Manufacturing,0,0,8,0.18152938506920807,8,0.18152938506920807
Remediation and waste management services,Grain Mill Products Manufacturing,0,0,0,0,0,0
Construction services,Grain Mill Products Manufacturing,0,0,0,0,0,0
Motor vehicle trade services,Grain Mill Products Manufacturing,0,0,1,0.022691173,1,0.022691173
Wholesale trade services,Grain Mill Products Manufacturing,0,0,472,10.710233719083277,472,10.710233719083277
Retail trade services,Grain Mill Products Manufacturing,0,0,156,3.5398230088495577,156,3.5398230088495577
Rail transport services,Grain Mill Products Manufacturing,0,0,0,0,0,0
Land transport services,Grain Mill Products Manufacturing,30,0.6807351940095302,83,1.8833673700930338,113,2.564102564102564
Water transport services,Grain Mill Products Manufacturing,0,0,2,0.045382346,2,0.045382346
Air transport services,Grain Mill Products Manufacturing,0,0,0,0,0,0
Warehousing services,Grain Mill Products Manufacturing,0,0,5,0.11345586566825505,5,0.11345586566825505
Postal and courier services,Grain Mill Products Manufacturing,0,0,30,0.6807351940095302,30,0.6807351940095302
Accommodation services,Grain Mill Products Manufacturing,0,0,0,0,0,0
Food and beverage services,Grain Mill Products Manufacturing,0,0,44,0.9984116178806445,44,0.9984116178806445
Publishing services,Grain Mill Products Manufacturing,0,0,0,0,0,0
Media Production services,Grain Mill Products Manufacturing,0,0,0,0,0,0
Telecommunications services,Grain Mill Products Manufacturing,0,0,6,0.13614703880190604,6,0.13614703880190604
Computer programming services,Grain Mill Products Manufacturing,0,0,30,0.6807351940095302,30,0.6807351940095302
Information services,Grain Mill Products Manufacturing,0,0,0,0,0,0
Financial services (excl. insurance and pensions),Grain Mill Products Manufacturing,0,0,118,2.6775584297708193,118,2.6775584297708193
Insurance and pension services,Grain Mill Products Manufacturing,0,0,28,0.6353528477422283,28,0.6353528477422283
Auxiliary financial services,Grain Mill Products Manufacturing,0,0,6,0.13614703880190604,6,0.13614703880190604
Real estate services,Grain Mill Products Manufacturing,0,0,0,0,0,0
Owner-occupier housing services,Grain Mill Products Manufacturing,0,0,0,0,0,0
Other real estate services,Grain Mill Products Manufacturing,0,0,0,0,0,0
Legal services,Grain Mill Products Manufacturing,0,0,90,2.042205582028591,90,2.042205582028591
Accounting and tax services,Grain Mill Products Manufacturing,0,0,65,1.4749262536873156,65,1.4749262536873156
Management consulting services,Grain Mill Products Manufacturing,8,0.18152938506920807,0,0,8,0.18152938506920807
Architectural and engineering services,Grain Mill Products Manufacturing,0,0,27,0.6126616746085772,27,0.6126616746085772
Scientific research and development services,Grain Mill Products Manufacturing,0,0,0,0,0,0
Advertising and market research services,Grain Mill Products Manufacturing,1,0.022691173,82,1.8606761969593828,83,1.8833673700930338
Other scientific and technical services,Grain Mill Products Manufacturing,0,0,27,0.6126616746085772,27,0.6126616746085772
Veterinary services,Grain Mill Products Manufacturing,0,0,0,0,0,0
Rental and leasing services,Grain Mill Products Manufacturing,0,0,18,0.4084411164057182,18,0.4084411164057182
Employment services,Grain Mill Products Manufacturing,2,0.045382346,20,0.4538234626730202,22,0.49920580894032224
Travel services,Grain Mill Products Manufacturing,0,0,0,0,0,0
Security services,Grain Mill Products Manufacturing,0,0,0,0,0,0
Building and landscape services,Grain Mill Products Manufacturing,0,0,0,0,0,0
Office support services,Grain Mill Products Manufacturing,1,0.022691173,0,0,1,0.022691173
Public administration services (including defence),Grain Mill Products Manufacturing,0,0,10,0.2269117313365101,10,0.2269117313365101
Education services,Grain Mill Products Manufacturing,0,0,0,0,0,0
Health services,Grain Mill Products Manufacturing,0,0,0,0,0,0
Residential and social care services,Grain Mill Products Manufacturing,0,0,0,0,0,0
Arts and entertainment services,Grain Mill Products Manufacturing,0,0,0,0,0,0
Libraries and other cultural services,Grain Mill Products Manufacturing,0,0,0,0,0,0
Gambling services,Grain Mill Products Manufacturing,0,0,0,0,0,0
Sports and recreation services,Grain Mill Products Manufacturing,0,0,0,0,0,0
Membership services,Grain Mill Products Manufacturing,0,0,0,0,0,0
Computer repair services,Grain Mill Products Manufacturing,0,0,0,0,0,0
Other personal services,Grain Mill Products Manufacturing,0,0,0,0,0,0
Agriculture products,Bakery Products Manufacturing,5,0.071602463,0,0,5,0.071602463
Forestry products,Bakery Products Manufacturing,0,0,0,0,0,0
Fishing products,Bakery Products Manufacturing,0,0,0,0,0,0
Coal and lignite,Bakery Products Manufacturing,0,0,0,0,0,0
"Petroleum, natural gas and mining of metal ores",Bakery Products Manufacturing,0,0,0,0,0,0
Other mining products,Bakery Products Manufacturing,0,0,0,0,0,0
Mining support services,Bakery Products Manufacturing,0,0,0,0,0,0
Meat and preserved meat products,Bakery Products Manufacturing,1,0.014320492624946297,98,1.4034082772447372,99,1.4177287698696834
"Fish, seafood, fruit and vegetables",Bakery Products Manufacturing,4,0.05728197,225,3.222110840612917,229,3.279392811112702
Oils and fats,Bakery Products Manufacturing,6,0.085922956,188,2.692252613489904,194,2.7781755692395818
Dairy products,Bakery Products Manufacturing,2,0.028640985249892593,489,7.002720893598739,491,7.031361878848632
Grain mill and starch products,Bakery Products Manufacturing,76,1.0883574394959188,724,10.36803666046112,800,11.45639409995704
Bakery products,Bakery Products Manufacturing,0,0,202,2.8927395102391524,202,2.8927395102391524
Other food products,Bakery Products Manufacturing,115,1.6468566518688241,607,8.692539023342404,722,10.339395675211227
Animal feeds,Bakery Products Manufacturing,0,0,0,0,0,0
Alcoholic beverages and tobacco,Bakery Products Manufacturing,0,0,0,0,0,0
Soft drinks,Bakery Products Manufacturing,0,0,0,0,0,0
Textiles,Bakery Products Manufacturing,0,0,0,0,0,0
Clothing,Bakery Products Manufacturing,0,0,0,0,0,0
Leather products,Bakery Products Manufacturing,0,0,0,0,0,0
Wood products (excl. furniture),Bakery Products Manufacturing,0,0,0,0,0,0
Paper products,Bakery Products Manufacturing,17,0.24344837462408705,245,3.5085206931118433,262,3.7519690677359305
Printing and recording services,Bakery Products Manufacturing,0,0,0,0,0,0
Coke and refined petroleum products,Bakery Products Manufacturing,0,0,33,0.4725762566232279,33,0.4725762566232279
Paints and coatings,Bakery Products Manufacturing,0,0,0,0,0,0
Soap and detergents,Bakery Products Manufacturing,1,0.014320492624946297,0,0,1,0.014320492624946297
Other chemical products,Bakery Products Manufacturing,0,0,0,0,0,0
Industrial gases and fertilizers,Bakery Products Manufacturing,0,0,0,0,0,0
Petrochemicals,Bakery Products Manufacturing,0,0,0,0,0,0
Dyestuffs and agro-chemicals,Bakery Products Manufacturing,0,0,0,0,0,0
Pharmaceutical products,Bakery Products Manufacturing,0,0,0,0,0,0
Rubber and plastic products,Bakery Products Manufacturing,42,0.6014606902477445,437,6.258055277101532,479,6.859515967349276
Cement and concrete products,Bakery Products Manufacturing,0,0,0,0,0,0
"Glass, ceramic and stone products",Bakery Products Manufacturing,0,0,0,0,0,0
Basic iron and steel,Bakery Products Manufacturing,0,0,0,0,0,0
Other basic metals and casting,Bakery Products Manufacturing,0,0,0,0,0,0
Weapons and ammunition,Bakery Products Manufacturing,0,0,0,0,0,0
Other fabricated metal products,Bakery Products Manufacturing,0,0,15,0.21480738937419444,15,0.21480738937419444
Computer and electronic products,Bakery Products Manufacturing,9,0.12888443362451668,0,0,9,0.12888443362451668
Electrical equipment,Bakery Products Manufacturing,0,0,0,0,0,0
Other machinery and equipment,Bakery Products Manufacturing,8,0.11456394099957037,91,1.303164828870113,99,1.4177287698696834
Motor vehicles,Bakery Products Manufacturing,0,0,2,0.028640985249892593,2,0.028640985249892593
Ships and boats,Bakery Products Manufacturing,0,0,0,0,0,0
Aircraft and spacecraft products,Bakery Products Manufacturing,0,0,0,0,0,0
Other Transport Equipment,Bakery Products Manufacturing,0,0,0,0,0,0
Furniture,Bakery Products Manufacturing,0,0,0,0,0,0
Other manufactured goods,Bakery Products Manufacturing,2,0.028640985249892593,1,0.014320492624946297,3,0.042961477874838894
Ship and boat repair and maintenance,Bakery Products Manufacturing,0,0,0,0,0,0
Air and spacecraft repair and maintenance,Bakery Products Manufacturing,0,0,0,0,0,0
Other repair services,Bakery Products Manufacturing,0,0,149,2.1337534011169983,149,2.1337534011169983
Electricity services,Bakery Products Manufacturing,0,0,180,2.577688672490334,180,2.577688672490334
"Mains gas, steam and air conditioning services",Bakery Products Manufacturing,0,0,123,1.7614205928683946,123,1.7614205928683946
Water services,Bakery Products Manufacturing,0,0,21,0.30073034512387226,21,0.30073034512387226
Sewerage services,Bakery Products Manufacturing,0,0,9,0.12888443362451668,9,0.12888443362451668
Waste collection and treatment services,Bakery Products Manufacturing,0,0,23,0.32937133037376487,23,0.32937133037376487
Remediation and waste management services,Bakery Products Manufacturing,0,0,0,0,0,0
Construction services,Bakery Products Manufacturing,0,0,0,0,0,0
Motor vehicle trade services,Bakery Products Manufacturing,0,0,8,0.11456394099957037,8,0.11456394099957037
Wholesale trade services,Bakery Products Manufacturing,0,0,724,10.36803666046112,724,10.36803666046112
Retail trade services,Bakery Products Manufacturing,0,0,289,4.138622369,289,4.138622369
Rail transport services,Bakery Products Manufacturing,0,0,0,0,0,0
Land transport services,Bakery Products Manufacturing,7,0.1002434483746241,379,5.427466704854647,386,5.527710153229272
Water transport services,Bakery Products Manufacturing,0,0,0,0,0,0
Air transport services,Bakery Products Manufacturing,0,0,0,0,0,0
Warehousing services,Bakery Products Manufacturing,0,0,6,0.085922956,6,0.085922956
Postal and courier services,Bakery Products Manufacturing,0,0,67,0.9594730058714019,67,0.9594730058714019
Accommodation services,Bakery Products Manufacturing,0,0,0,0,0,0
Food and beverage services,Bakery Products Manufacturing,0,0,51,0.7303451238722611,51,0.7303451238722611
Publishing services,Bakery Products Manufacturing,0,0,0,0,0,0
Media Production services,Bakery Products Manufacturing,0,0,0,0,0,0
Telecommunications services,Bakery Products Manufacturing,0,0,15,0.21480738937419444,15,0.21480738937419444
Computer programming services,Bakery Products Manufacturing,0,0,59,0.8449090648718316,59,0.8449090648718316
Information services,Bakery Products Manufacturing,0,0,1,0.014320492624946297,1,0.014320492624946297
Financial services (excl. insurance and pensions),Bakery Products Manufacturing,0,0,272,3.895173993985393,272,3.895173993985393
Insurance and pension services,Bakery Products Manufacturing,0,0,54,0.7733066017471001,54,0.7733066017471001
Auxiliary financial services,Bakery Products Manufacturing,0,0,0,0,0,0
Real estate services,Bakery Products Manufacturing,0,0,0,0,0,0
Owner-occupier housing services,Bakery Products Manufacturing,0,0,0,0,0,0
Other real estate services,Bakery Products Manufacturing,0,0,0,0,0,0
Legal services,Bakery Products Manufacturing,0,0,160,2.291278819991408,160,2.291278819991408
Accounting and tax services,Bakery Products Manufacturing,0,0,96,1.3747672919948446,96,1.3747672919948446
Management consulting services,Bakery Products Manufacturing,5,0.071602463,15,0.21480738937419444,20,0.2864098524989259
Architectural and engineering services,Bakery Products Manufacturing,0,0,8,0.11456394099957037,8,0.11456394099957037
Scientific research and development services,Bakery Products Manufacturing,0,0,0,0,0,0
Advertising and market research services,Bakery Products Manufacturing,1,0.014320492624946297,152,2.1767148789918376,153,2.191035371616784
Other scientific and technical services,Bakery Products Manufacturing,0,0,132,1.8903050264929115,132,1.8903050264929115
Veterinary services,Bakery Products Manufacturing,0,0,0,0,0,0
Rental and leasing services,Bakery Products Manufacturing,0,0,53,0.7589861091221538,53,0.7589861091221538
Employment services,Bakery Products Manufacturing,0,0,270,3.8665330087355003,270,3.8665330087355003
Travel services,Bakery Products Manufacturing,0,0,0,0,0,0
Security services,Bakery Products Manufacturing,0,0,0,0,0,0
Building and landscape services,Bakery Products Manufacturing,0,0,0,0,0,0
Office support services,Bakery Products Manufacturing,0,0,0,0,0,0
Public administration services (including defence),Bakery Products Manufacturing,0,0,9,0.12888443362451668,9,0.12888443362451668
Education services,Bakery Products Manufacturing,0,0,0,0,0,0
Health services,Bakery Products Manufacturing,0,0,0,0,0,0
Residential and social care services,Bakery Products Manufacturing,0,0,0,0,0,0
Arts and entertainment services,Bakery Products Manufacturing,0,0,0,0,0,0
Libraries and other cultural services,Bakery Products Manufacturing,0,0,0,0,0,0
Gambling services,Bakery Products Manufacturing,0,0,0,0,0,0
Sports and recreation services,Bakery Products Manufacturing,0,0,0,0,0,0
Membership services,Bakery Products Manufacturing,0,0,0,0,0,0
Computer repair services,Bakery Products Manufacturing,0,0,0,0,0,0
Other personal services,Bakery Products Manufacturing,0,0,0,0,0,0
Agriculture products,Other Food Products Manufacturing,218,1.6561574109245611,206,1.5649927828002734,424,3.2211501937248346
Forestry products,Other Food Products Manufacturing,0,0,0,0,0,0
Fishing products,Other Food Products Manufacturing,0,0,0,0,0,0
Coal and lignite,Other Food Products Manufacturing,1,0.007597052,0,0,1,0.007597052
"Petroleum, natural gas and mining of metal ores",Other Food Products Manufacturing,0,0,0,0,0,0
Other mining products,Other Food Products Manufacturing,0,0,0,0,0,0
Mining support services,Other Food Products Manufacturing,0,0,0,0,0,0
Meat and preserved meat products,Other Food Products Manufacturing,16,0.12155283749905037,861,6.5410620679176485,877,6.6626149054166985
"Fish, seafood, fruit and vegetables",Other Food Products Manufacturing,6,0.045582314062143886,632,4.801337081212489,638,4.846919395274633
Oils and fats,Other Food Products Manufacturing,129,0.9800197523360936,121,0.9192433335865684,250,1.899263085922662
Dairy products,Other Food Products Manufacturing,37,0.28109093671655394,438,3.3275089265365034,475,3.6085998632530574
Grain mill and starch products,Other Food Products Manufacturing,102,0.7748993390564461,77,0.5849730304641799,179,1.359872369520626
Bakery products,Other Food Products Manufacturing,0,0,166,1.2611106890526476,166,1.2611106890526476
Other food products,Other Food Products Manufacturing,697,5.295145483552382,1931,14.66990807566664,2628,19.965053559219022
Animal feeds,Other Food Products Manufacturing,0,0,0,0,0,0
Alcoholic beverages and tobacco,Other Food Products Manufacturing,0,0,2,0.015194104687381296,2,0.015194104687381296
Soft drinks,Other Food Products Manufacturing,0,0,1,0.007597052,1,0.007597052
Textiles,Other Food Products Manufacturing,0,0,0,0,0,0
Clothing,Other Food Products Manufacturing,0,0,1,0.007597052,1,0.007597052
Leather products,Other Food Products Manufacturing,0,0,0,0,0,0
Wood products (excl. furniture),Other Food Products Manufacturing,1,0.007597052,0,0,1,0.007597052
Paper products,Other Food Products Manufacturing,65,0.49380840233989215,242,1.8384866671731368,307,2.332295069513029
Printing and recording services,Other Food Products Manufacturing,0,0,0,0,0,0
Coke and refined petroleum products,Other Food Products Manufacturing,1,0.007597052,12,0.091164628,13,0.09876168
Paints and coatings,Other Food Products Manufacturing,0,0,0,0,0,0
Soap and detergents,Other Food Products Manufacturing,1,0.007597052,0,0,1,0.007597052
Other chemical products,Other Food Products Manufacturing,169,1.2839018460837195,0,0,169,1.2839018460837195
Industrial gases and fertilizers,Other Food Products Manufacturing,4,0.030388209374762592,0,0,4,0.030388209374762592
Petrochemicals,Other Food Products Manufacturing,0,0,0,0,0,0
Dyestuffs and agro-chemicals,Other Food Products Manufacturing,0,0,0,0,0,0
Pharmaceutical products,Other Food Products Manufacturing,0,0,0,0,0,0
Rubber and plastic products,Other Food Products Manufacturing,272,2.0663982374838565,313,2.3778773835751728,585,4.444275621059029
Cement and concrete products,Other Food Products Manufacturing,0,0,0,0,0,0
"Glass, ceramic and stone products",Other Food Products Manufacturing,5,0.037985262,156,1.185140165615741,161,1.2231254273341943
Basic iron and steel,Other Food Products Manufacturing,0,0,0,0,0,0
Other basic metals and casting,Other Food Products Manufacturing,3,0.022791157031071943,0,0,3,0.022791157031071943
Weapons and ammunition,Other Food Products Manufacturing,0,0,0,0,0,0
Other fabricated metal products,Other Food Products Manufacturing,5,0.037985262,103,0.7824963914001367,108,0.820481653
Computer and electronic products,Other Food Products Manufacturing,4,0.030388209374762592,15,0.11395578515535972,19,0.1443439945301223
Electrical equipment,Other Food Products Manufacturing,0,0,0,0,0,0
Other machinery and equipment,Other Food Products Manufacturing,37,0.28109093671655394,107,0.8128846007748993,144,1.0939755374914533
Motor vehicles,Other Food Products Manufacturing,0,0,1,0.007597052,1,0.007597052
Ships and boats,Other Food Products Manufacturing,0,0,0,0,0,0
Aircraft and spacecraft products,Other Food Products Manufacturing,0,0,0,0,0,0
Other Transport Equipment,Other Food Products Manufacturing,0,0,0,0,0,0
Furniture,Other Food Products Manufacturing,0,0,0,0,0,0
Other manufactured goods,Other Food Products Manufacturing,3,0.022791157031071943,0,0,3,0.022791157031071943
Ship and boat repair and maintenance,Other Food Products Manufacturing,0,0,0,0,0,0
Air and spacecraft repair and maintenance,Other Food Products Manufacturing,0,0,0,0,0,0
Other repair services,Other Food Products Manufacturing,1,0.007597052,157,1.1927372179594318,158,1.2003342703031223
Electricity services,Other Food Products Manufacturing,0,0,232,1.7625161437362302,232,1.7625161437362302
"Mains gas, steam and air conditioning services",Other Food Products Manufacturing,0,0,188,1.4282458406138419,188,1.4282458406138419
Water services,Other Food Products Manufacturing,0,0,46,0.3494644078097698,46,0.3494644078097698
Sewerage services,Other Food Products Manufacturing,0,0,26,0.19752336093595682,26,0.19752336093595682
Waste collection and treatment services,Other Food Products Manufacturing,0,0,70,0.5317936640583454,70,0.5317936640583454
Remediation and waste management services,Other Food Products Manufacturing,0,0,0,0,0,0
Construction services,Other Food Products Manufacturing,0,0,0,0,0,0
Motor vehicle trade services,Other Food Products Manufacturing,0,0,10,0.075970523,10,0.075970523
Wholesale trade services,Other Food Products Manufacturing,0,0,1427,10.840993694446555,1427,10.840993694446555
Retail trade services,Other Food Products Manufacturing,0,0,573,4.353110992934741,573,4.353110992934741
Rail transport services,Other Food Products Manufacturing,0,0,0,0,0,0
Land transport services,Other Food Products Manufacturing,116,0.8812580718681151,483,3.669376282002583,599,4.550634353870698
Water transport services,Other Food Products Manufacturing,0,0,1,0.007597052,1,0.007597052
Air transport services,Other Food Products Manufacturing,0,0,2,0.015194104687381296,2,0.015194104687381296
Warehousing services,Other Food Products Manufacturing,0,0,18,0.13674694218643166,18,0.13674694218643166
Postal and courier services,Other Food Products Manufacturing,0,0,169,1.2839018460837195,169,1.2839018460837195
Accommodation services,Other Food Products Manufacturing,0,0,0,0,0,0
Food and beverage services,Other Food Products Manufacturing,0,0,360,2.7349388437286333,360,2.7349388437286333
Publishing services,Other Food Products Manufacturing,1,0.007597052,1,0.007597052,2,0.015194104687381296
Media Production services,Other Food Products Manufacturing,0,0,0,0,0,0
Telecommunications services,Other Food Products Manufacturing,0,0,17,0.12914988984274103,17,0.12914988984274103
Computer programming services,Other Food Products Manufacturing,5,0.037985262,103,0.7824963914001367,108,0.820481653
Information services,Other Food Products Manufacturing,1,0.007597052,11,0.083567576,12,0.091164628
Financial services (excl. insurance and pensions),Other Food Products Manufacturing,2,0.015194104687381296,765,5.811745042923346,767,5.8269391476107275
Insurance and pension services,Other Food Products Manufacturing,0,0,95,0.7217199726506115,95,0.7217199726506115
Auxiliary financial services,Other Food Products Manufacturing,2,0.015194104687381296,7,0.053179366,9,0.068373471
Real estate services,Other Food Products Manufacturing,0,0,0,0,0,0
Owner-occupier housing services,Other Food Products Manufacturing,0,0,0,0,0,0
Other real estate services,Other Food Products Manufacturing,0,0,0,0,0,0
Legal services,Other Food Products Manufacturing,1,0.007597052,35,0.2658968320291727,36,0.2734938843728633
Accounting and tax services,Other Food Products Manufacturing,2,0.015194104687381296,69,0.5241966117146547,71,0.539390716
Management consulting services,Other Food Products Manufacturing,12,0.091164628,0,0,12,0.091164628
Architectural and engineering services,Other Food Products Manufacturing,1,0.007597052,115,0.8736610195244245,116,0.8812580718681152
Scientific research and development services,Other Food Products Manufacturing,0,0,0,0,0,0
Advertising and market research services,Other Food Products Manufacturing,10,0.075970523,288,2.1879510749829065,298,2.263921598419813
Other scientific and technical services,Other Food Products Manufacturing,0,0,191,1.4510369976449138,191,1.4510369976449138
Veterinary services,Other Food Products Manufacturing,0,0,0,0,0,0
Rental and leasing services,Other Food Products Manufacturing,1,0.007597052,59,0.44822608827774824,60,0.45582314062143886
Employment services,Other Food Products Manufacturing,4,0.030388209374762592,305,2.3171009648256478,309,2.3474891742004105
Travel services,Other Food Products Manufacturing,0,0,0,0,0,0
Security services,Other Food Products Manufacturing,0,0,0,0,0,0
Building and landscape services,Other Food Products Manufacturing,0,0,0,0,0,0
Office support services,Other Food Products Manufacturing,1,0.007597052,0,0,1,0.007597052
Public administration services (including defence),Other Food Products Manufacturing,0,0,17,0.12914988984274103,17,0.12914988984274103
Education services,Other Food Products Manufacturing,0,0,0,0,0,0
Health services,Other Food Products Manufacturing,0,0,0,0,0,0
Residential and social care services,Other Food Products Manufacturing,0,0,0,0,0,0
Arts and entertainment services,Other Food Products Manufacturing,0,0,0,0,0,0
Libraries and other cultural services,Other Food Products Manufacturing,0,0,0,0,0,0
Gambling services,Other Food Products Manufacturing,0,0,0,0,0,0
Sports and recreation services,Other Food Products Manufacturing,0,0,0,0,0,0
Membership services,Other Food Products Manufacturing,0,0,1,0.007597052,1,0.007597052
Computer repair services,Other Food Products Manufacturing,0,0,0,0,0,0
Other personal services,Other Food Products Manufacturing,0,0,1,0.007597052,1,0.007597052
Agriculture products,Animal Feeds Manufacturing,91,1.5392422192151556,1107,18.724627875507444,1198,20.26387009
Forestry products,Animal Feeds Manufacturing,0,0,0,0,0,0
Fishing products,Animal Feeds Manufacturing,0,0,0,0,0,0
Coal and lignite,Animal Feeds Manufacturing,0,0,0,0,0,0
"Petroleum, natural gas and mining of metal ores",Animal Feeds Manufacturing,0,0,0,0,0,0
Other mining products,Animal Feeds Manufacturing,0,0,0,0,0,0
Mining support services,Animal Feeds Manufacturing,0,0,0,0,0,0
Meat and preserved meat products,Animal Feeds Manufacturing,40,0.6765899864682002,109,1.843707713125846,149,2.520297699594046
"Fish, seafood, fruit and vegetables",Animal Feeds Manufacturing,64,1.0825439783491204,0,0,64,1.0825439783491204
Oils and fats,Animal Feeds Manufacturing,118,1.9959404600811907,0,0,118,1.9959404600811907
Dairy products,Animal Feeds Manufacturing,4,0.067658999,0,0,4,0.067658999
Grain mill and starch products,Animal Feeds Manufacturing,21,0.35520974289580515,584,9.878213802435724,605,10.23342354533153
Bakery products,Animal Feeds Manufacturing,0,0,3,0.050744248985115016,3,0.050744248985115016
Other food products,Animal Feeds Manufacturing,91,1.5392422192151556,59,0.9979702300405954,150,2.537212449255751
Animal feeds,Animal Feeds Manufacturing,106,1.7929634641407306,1199,20.280784844384304,1305,22.073748308525033
Alcoholic beverages and tobacco,Animal Feeds Manufacturing,0,0,0,0,0,0
Soft drinks,Animal Feeds Manufacturing,0,0,0,0,0,0
Textiles,Animal Feeds Manufacturing,0,0,0,0,0,0
Clothing,Animal Feeds Manufacturing,0,0,0,0,0,0
Leather products,Animal Feeds Manufacturing,0,0,0,0,0,0
Wood products (excl. furniture),Animal Feeds Manufacturing,0,0,0,0,0,0
Paper products,Animal Feeds Manufacturing,14,0.2368064952638701,49,0.8288227334235454,63,1.0656292286874156
Printing and recording services,Animal Feeds Manufacturing,0,0,0,0,0,0
Coke and refined petroleum products,Animal Feeds Manufacturing,0,0,38,0.6427604871447903,38,0.6427604871447903
Paints and coatings,Animal Feeds Manufacturing,0,0,0,0,0,0
Soap and detergents,Animal Feeds Manufacturing,0,0,0,0,0,0
Other chemical products,Animal Feeds Manufacturing,33,0.5581867388362651,0,0,33,0.5581867388362651
Industrial gases and fertilizers,Animal Feeds Manufacturing,0,0,0,0,0,0
Petrochemicals,Animal Feeds Manufacturing,0,0,0,0,0,0
Dyestuffs and agro-chemicals,Animal Feeds Manufacturing,0,0,0,0,0,0
Pharmaceutical products,Animal Feeds Manufacturing,69,1.1671177266576456,0,0,69,1.1671177266576456
Rubber and plastic products,Animal Feeds Manufacturing,26,0.4397834912043302,0,0,26,0.4397834912043302
Cement and concrete products,Animal Feeds Manufacturing,0,0,0,0,0,0
"Glass, ceramic and stone products",Animal Feeds Manufacturing,0,0,0,0,0,0
Basic iron and steel,Animal Feeds Manufacturing,0,0,0,0,0,0
Other basic metals and casting,Animal Feeds Manufacturing,0,0,0,0,0,0
Weapons and ammunition,Animal Feeds Manufacturing,0,0,0,0,0,0
Other fabricated metal products,Animal Feeds Manufacturing,1,0.016914749661705007,0,0,1,0.016914749661705007
Computer and electronic products,Animal Feeds Manufacturing,5,0.084573748,1,0.016914749661705007,6,0.10148849797023003
Electrical equipment,Animal Feeds Manufacturing,0,0,0,0,0,0
Other machinery and equipment,Animal Feeds Manufacturing,3,0.050744248985115016,0,0,3,0.050744248985115016
Motor vehicles,Animal Feeds Manufacturing,0,0,0,0,0,0
Ships and boats,Animal Feeds Manufacturing,0,0,0,0,0,0
Aircraft and spacecraft products,Animal Feeds Manufacturing,0,0,0,0,0,0
Other Transport Equipment,Animal Feeds Manufacturing,0,0,0,0,0,0
Furniture,Animal Feeds Manufacturing,0,0,0,0,0,0
Other manufactured goods,Animal Feeds Manufacturing,1,0.016914749661705007,2,0.033829499,3,0.050744249
Ship and boat repair and maintenance,Animal Feeds Manufacturing,0,0,0,0,0,0
Air and spacecraft repair and maintenance,Animal Feeds Manufacturing,0,0,0,0,0,0
Other repair services,Animal Feeds Manufacturing,0,0,67,1.1332882273342355,67,1.1332882273342355
Electricity services,Animal Feeds Manufacturing,0,0,82,1.3870094722598105,82,1.3870094722598105
"Mains gas, steam and air conditioning services",Animal Feeds Manufacturing,0,0,12,0.20297699594046006,12,0.20297699594046006
Water services,Animal Feeds Manufacturing,0,0,7,0.11840324763193505,7,0.11840324763193505
Sewerage services,Animal Feeds Manufacturing,0,0,2,0.033829499,2,0.033829499
Waste collection and treatment services,Animal Feeds Manufacturing,1,0.016914749661705007,13,0.2198917456021651,14,0.2368064952638701
Remediation and waste management services,Animal Feeds Manufacturing,0,0,0,0,0,0
Construction services,Animal Feeds Manufacturing,0,0,0,0,0,0
Motor vehicle trade services,Animal Feeds Manufacturing,0,0,0,0,0,0
Wholesale trade services,Animal Feeds Manufacturing,2,0.033829499,625,10.571718538565628,627,10.605548037889038
Retail trade services,Animal Feeds Manufacturing,0,0,236,3.9918809201623815,236,3.9918809201623815
Rail transport services,Animal Feeds Manufacturing,0,0,0,0,0,0
Land transport services,Animal Feeds Manufacturing,12,0.20297699594046006,142,2.401894451962111,154,2.6048714479025707
Water transport services,Animal Feeds Manufacturing,0,0,0,0,0,0
Air transport services,Animal Feeds Manufacturing,0,0,0,0,0,0
Warehousing services,Animal Feeds Manufacturing,0,0,0,0,0,0
Postal and courier services,Animal Feeds Manufacturing,0,0,30,0.5074424898511503,30,0.5074424898511503
Accommodation services,Animal Feeds Manufacturing,0,0,0,0,0,0
Food and beverage services,Animal Feeds Manufacturing,0,0,2,0.033829499,2,0.033829499
Publishing services,Animal Feeds Manufacturing,0,0,3,0.050744248985115016,3,0.050744248985115016
Media Production services,Animal Feeds Manufacturing,0,0,0,0,0,0
Telecommunications services,Animal Feeds Manufacturing,0,0,9,0.15223274695534506,9,0.15223274695534506
Computer programming services,Animal Feeds Manufacturing,1,0.016914749661705007,54,0.9133964817320703,55,0.9303112313937754
Information services,Animal Feeds Manufacturing,0,0,0,0,0,0
Financial services (excl. insurance and pensions),Animal Feeds Manufacturing,0,0,90,1.5223274695534508,90,1.5223274695534508
Insurance and pension services,Animal Feeds Manufacturing,0,0,51,0.8626522327469555,51,0.8626522327469555
Auxiliary financial services,Animal Feeds Manufacturing,0,0,0,0,0,0
Real estate services,Animal Feeds Manufacturing,0,0,0,0,0,0
Owner-occupier housing services,Animal Feeds Manufacturing,0,0,0,0,0,0
Other real estate services,Animal Feeds Manufacturing,0,0,0,0,0,0
Legal services,Animal Feeds Manufacturing,0,0,17,0.2875507442489851,17,0.2875507442489851
Accounting and tax services,Animal Feeds Manufacturing,5,0.084573748,13,0.2198917456021651,18,0.3044654939106901
Management consulting services,Animal Feeds Manufacturing,3,0.050744248985115016,1,0.016914749661705007,4,0.067658999
Architectural and engineering services,Animal Feeds Manufacturing,0,0,5,0.084573748,5,0.084573748
Scientific research and development services,Animal Feeds Manufacturing,0,0,0,0,0,0
Advertising and market research services,Animal Feeds Manufacturing,1,0.016914749661705007,133,2.249661705006766,134,2.266576454668471
Other scientific and technical services,Animal Feeds Manufacturing,0,0,375,6.343031123139379,375,6.343031123139379
Veterinary services,Animal Feeds Manufacturing,0,0,0,0,0,0
Rental and leasing services,Animal Feeds Manufacturing,0,0,32,0.5412719891745602,32,0.5412719891745602
Employment services,Animal Feeds Manufacturing,0,0,40,0.6765899864682002,40,0.6765899864682002
Travel services,Animal Feeds Manufacturing,0,0,0,0,0,0
Security services,Animal Feeds Manufacturing,0,0,0,0,0,0
Building and landscape services,Animal Feeds Manufacturing,0,0,0,0,0,0
Office support services,Animal Feeds Manufacturing,1,0.016914749661705007,0,0,1,0.016914749661705007
Public administration services (including defence),Animal Feeds Manufacturing,0,0,7,0.11840324763193505,7,0.11840324763193505
Education services,Animal Feeds Manufacturing,0,0,0,0,0,0
Health services,Animal Feeds Manufacturing,0,0,0,0,0,0
Residential and social care services,Animal Feeds Manufacturing,0,0,0,0,0,0
Arts and entertainment services,Animal Feeds Manufacturing,0,0,0,0,0,0
Libraries and other cultural services,Animal Feeds Manufacturing,0,0,0,0,0,0
Gambling services,Animal Feeds Manufacturing,0,0,0,0,0,0
Sports and recreation services,Animal Feeds Manufacturing,0,0,0,0,0,0
Membership services,Animal Feeds Manufacturing,0,0,0,0,0,0
Computer repair services,Animal Feeds Manufacturing,0,0,0,0,0,0
Other personal services,Animal Feeds Manufacturing,0,0,0,0,0,0
Agriculture products,Alcohol and Tobacco Products Manufacturing,56,0.6799417192812044,1235,14.995143273433706,1291,15.675084992714911
Forestry products,Alcohol and Tobacco Products Manufacturing,0,0,0,0,0,0
Fishing products,Alcohol and Tobacco Products Manufacturing,0,0,0,0,0,0
Coal and lignite,Alcohol and Tobacco Products Manufacturing,0,0,0,0,0,0
"Petroleum, natural gas and mining of metal ores",Alcohol and Tobacco Products Manufacturing,0,0,0,0,0,0
Other mining products,Alcohol and Tobacco Products Manufacturing,0,0,0,0,0,0
Mining support services,Alcohol and Tobacco Products Manufacturing,0,0,0,0,0,0
Meat and preserved meat products,Alcohol and Tobacco Products Manufacturing,0,0,44,0.5342399222923749,44,0.5342399222923749
"Fish, seafood, fruit and vegetables",Alcohol and Tobacco Products Manufacturing,0,0,52,0.6313744536182613,52,0.6313744536182613
Oils and fats,Alcohol and Tobacco Products Manufacturing,3,0.036425449,0,0,3,0.036425449
Dairy products,Alcohol and Tobacco Products Manufacturing,1,0.012141816415735793,32,0.38853812530354537,33,0.4006799417192812
Grain mill and starch products,Alcohol and Tobacco Products Manufacturing,21,0.25497814473045166,571,6.932977173385138,592,7.187955318
Bakery products,Alcohol and Tobacco Products Manufacturing,0,0,46,0.5585235551238465,46,0.5585235551238465
Other food products,Alcohol and Tobacco Products Manufacturing,13,0.15784361340456532,55,0.6677999028654686,68,0.825643516
Animal feeds,Alcohol and Tobacco Products Manufacturing,0,0,0,0,0,0
Alcoholic beverages and tobacco,Alcohol and Tobacco Products Manufacturing,206,2.5012141816415734,176,2.1369596891694997,382,4.638173870811073
Soft drinks,Alcohol and Tobacco Products Manufacturing,0,0,20,0.24283632831471588,20,0.24283632831471588
Textiles,Alcohol and Tobacco Products Manufacturing,0,0,0,0,0,0
Clothing,Alcohol and Tobacco Products Manufacturing,0,0,0,0,0,0
Leather products,Alcohol and Tobacco Products Manufacturing,0,0,0,0,0,0
Wood products (excl. furniture),Alcohol and Tobacco Products Manufacturing,0,0,0,0,0,0
Paper products,Alcohol and Tobacco Products Manufacturing,46,0.5585235551238465,120,1.4570179698882952,166,2.015541525012142
Printing and recording services,Alcohol and Tobacco Products Manufacturing,0,0,0,0,0,0
Coke and refined petroleum products,Alcohol and Tobacco Products Manufacturing,0,0,41,0.4978144730451675,41,0.4978144730451675
Paints and coatings,Alcohol and Tobacco Products Manufacturing,0,0,0,0,0,0
Soap and detergents,Alcohol and Tobacco Products Manufacturing,0,0,0,0,0,0
Other chemical products,Alcohol and Tobacco Products Manufacturing,0,0,0,0,0,0
Industrial gases and fertilizers,Alcohol and Tobacco Products Manufacturing,8,0.097134531,5,0.060709082,13,0.15784361340456532
Petrochemicals,Alcohol and Tobacco Products Manufacturing,0,0,0,0,0,0
Dyestuffs and agro-chemicals,Alcohol and Tobacco Products Manufacturing,0,0,0,0,0,0
Pharmaceutical products,Alcohol and Tobacco Products Manufacturing,0,0,0,0,0,0
Rubber and plastic products,Alcohol and Tobacco Products Manufacturing,18,0.2185526954832443,27,0.32782904322486645,45,0.5463817387081107
Cement and concrete products,Alcohol and Tobacco Products Manufacturing,0,0,0,0,0,0
"Glass, ceramic and stone products",Alcohol and Tobacco Products Manufacturing,148,1.7969888295288974,200,2.428363283147159,348,4.225352112676056
Basic iron and steel,Alcohol and Tobacco Products Manufacturing,0,0,0,0,0,0
Other basic metals and casting,Alcohol and Tobacco Products Manufacturing,0,0,0,0,0,0
Weapons and ammunition,Alcohol and Tobacco Products Manufacturing,0,0,0,0,0,0
Other fabricated metal products,Alcohol and Tobacco Products Manufacturing,20,0.24283632831471588,36,0.4371053909664886,56,0.6799417192812045
Computer and electronic products,Alcohol and Tobacco Products Manufacturing,3,0.036425449,5,0.060709082,8,0.097134531
Electrical equipment,Alcohol and Tobacco Products Manufacturing,0,0,0,0,0,0
Other machinery and equipment,Alcohol and Tobacco Products Manufacturing,8,0.097134531,104,1.2627489072365226,112,1.359883438562409
Motor vehicles,Alcohol and Tobacco Products Manufacturing,0,0,0,0,0,0
Ships and boats,Alcohol and Tobacco Products Manufacturing,0,0,0,0,0,0
Aircraft and spacecraft products,Alcohol and Tobacco Products Manufacturing,0,0,0,0,0,0
Other Transport Equipment,Alcohol and Tobacco Products Manufacturing,0,0,0,0,0,0
Furniture,Alcohol and Tobacco Products Manufacturing,0,0,0,0,0,0
Other manufactured goods,Alcohol and Tobacco Products Manufacturing,0,0,0,0,0,0
Ship and boat repair and maintenance,Alcohol and Tobacco Products Manufacturing,0,0,0,0,0,0
Air and spacecraft repair and maintenance,Alcohol and Tobacco Products Manufacturing,0,0,0,0,0,0
Other repair services,Alcohol and Tobacco Products Manufacturing,2,0.024283632831471585,174,2.112676056338028,176,2.1369596891694997
Electricity services,Alcohol and Tobacco Products Manufacturing,0,0,118,1.4327343370568237,118,1.4327343370568237
"Mains gas, steam and air conditioning services",Alcohol and Tobacco Products Manufacturing,0,0,139,1.6877124817872753,139,1.6877124817872753
Water services,Alcohol and Tobacco Products Manufacturing,0,0,39,0.47353084021369596,39,0.47353084021369596
Sewerage services,Alcohol and Tobacco Products Manufacturing,0,0,13,0.15784361340456532,13,0.15784361340456532
Waste collection and treatment services,Alcohol and Tobacco Products Manufacturing,1,0.012141816415735793,115,1.3963088878096164,116,1.4084507042253522
Remediation and waste management services,Alcohol and Tobacco Products Manufacturing,0,0,0,0,0,0
Construction services,Alcohol and Tobacco Products Manufacturing,0,0,0,0,0,0
Motor vehicle trade services,Alcohol and Tobacco Products Manufacturing,0,0,4,0.048567266,4,0.048567266
Wholesale trade services,Alcohol and Tobacco Products Manufacturing,0,0,1087,13.198154443904809,1087,13.198154443904809
Retail trade services,Alcohol and Tobacco Products Manufacturing,0,0,197,2.3919378338999513,197,2.3919378338999513
Rail transport services,Alcohol and Tobacco Products Manufacturing,0,0,15,0.1821272462360369,15,0.1821272462360369
Land transport services,Alcohol and Tobacco Products Manufacturing,0,0,477,5.791646430305974,477,5.791646430305974
Water transport services,Alcohol and Tobacco Products Manufacturing,0,0,7,0.084992715,7,0.084992715
Air transport services,Alcohol and Tobacco Products Manufacturing,0,0,5,0.060709082,5,0.060709082
Warehousing services,Alcohol and Tobacco Products Manufacturing,0,0,175,2.124817872753764,175,2.124817872753764
Postal and courier services,Alcohol and Tobacco Products Manufacturing,0,0,175,2.124817872753764,175,2.124817872753764
Accommodation services,Alcohol and Tobacco Products Manufacturing,0,0,0,0,0,0
Food and beverage services,Alcohol and Tobacco Products Manufacturing,0,0,11,0.13355998057309373,11,0.13355998057309373
Publishing services,Alcohol and Tobacco Products Manufacturing,5,0.060709082,0,0,5,0.060709082
Media Production services,Alcohol and Tobacco Products Manufacturing,0,0,0,0,0,0
Telecommunications services,Alcohol and Tobacco Products Manufacturing,0,0,16,0.19426906265177268,16,0.19426906265177268
Computer programming services,Alcohol and Tobacco Products Manufacturing,0,0,158,1.9184069936862553,158,1.9184069936862553
Information services,Alcohol and Tobacco Products Manufacturing,5,0.060709082,0,0,5,0.060709082
Financial services (excl. insurance and pensions),Alcohol and Tobacco Products Manufacturing,0,0,455,5.524526469159786,455,5.524526469159786
Insurance and pension services,Alcohol and Tobacco Products Manufacturing,1,0.012141816415735793,52,0.6313744536182613,53,0.64351627
Auxiliary financial services,Alcohol and Tobacco Products Manufacturing,0,0,31,0.3763963088878096,31,0.3763963088878096
Real estate services,Alcohol and Tobacco Products Manufacturing,0,0,0,0,0,0
Owner-occupier housing services,Alcohol and Tobacco Products Manufacturing,0,0,0,0,0,0
Other real estate services,Alcohol and Tobacco Products Manufacturing,0,0,0,0,0,0
Legal services,Alcohol and Tobacco Products Manufacturing,3,0.036425449,83,1.007770762506071,86,1.0441962117532784
Accounting and tax services,Alcohol and Tobacco Products Manufacturing,7,0.084992715,168,2.0398251578436133,175,2.1248178727537637
Management consulting services,Alcohol and Tobacco Products Manufacturing,36,0.4371053909664886,0,0,36,0.4371053909664886
Architectural and engineering services,Alcohol and Tobacco Products Manufacturing,5,0.060709082,37,0.44924720738222435,42,0.5099562894609033
Scientific research and development services,Alcohol and Tobacco Products Manufacturing,0,0,0,0,0,0
Advertising and market research services,Alcohol and Tobacco Products Manufacturing,185,2.246236036911122,391,4.747450218552696,576,6.9936862554638175
Other scientific and technical services,Alcohol and Tobacco Products Manufacturing,0,0,73,0.8863525983487129,73,0.8863525983487129
Veterinary services,Alcohol and Tobacco Products Manufacturing,0,0,0,0,0,0
Rental and leasing services,Alcohol and Tobacco Products Manufacturing,4,0.048567266,306,3.715395823215153,310,3.763963088878096
Employment services,Alcohol and Tobacco Products Manufacturing,1,0.012141816415735793,59,0.7163671685284119,60,0.7285089849441476
Travel services,Alcohol and Tobacco Products Manufacturing,0,0,0,0,0,0
Security services,Alcohol and Tobacco Products Manufacturing,0,0,0,0,0,0
Building and landscape services,Alcohol and Tobacco Products Manufacturing,0,0,0,0,0,0
Office support services,Alcohol and Tobacco Products Manufacturing,0,0,0,0,0,0
Public administration services (including defence),Alcohol and Tobacco Products Manufacturing,0,0,41,0.4978144730451675,41,0.4978144730451675
Education services,Alcohol and Tobacco Products Manufacturing,0,0,10,0.12141816415735794,10,0.12141816415735794
Health services,Alcohol and Tobacco Products Manufacturing,0,0,11,0.13355998057309373,11,0.13355998057309373
Residential and social care services,Alcohol and Tobacco Products Manufacturing,0,0,0,0,0,0
Arts and entertainment services,Alcohol and Tobacco Products Manufacturing,0,0,0,0,0,0
Libraries and other cultural services,Alcohol and Tobacco Products Manufacturing,0,0,0,0,0,0
Gambling services,Alcohol and Tobacco Products Manufacturing,0,0,0,0,0,0
Sports and recreation services,Alcohol and Tobacco Products Manufacturing,0,0,19,0.2306945118989801,19,0.2306945118989801
Membership services,Alcohol and Tobacco Products Manufacturing,0,0,0,0,0,0
Computer repair services,Alcohol and Tobacco Products Manufacturing,0,0,0,0,0,0
Other personal services,Alcohol and Tobacco Products Manufacturing,0,0,0,0,0,0
Agriculture products,Soft Drinks and Bottled Water Manufacturing,0,0,0,0,0,0
Forestry products,Soft Drinks and Bottled Water Manufacturing,0,0,0,0,0,0
Fishing products,Soft Drinks and Bottled Water Manufacturing,0,0,0,0,0,0
Coal and lignite,Soft Drinks and Bottled Water Manufacturing,0,0,0,0,0,0
"Petroleum, natural gas and mining of metal ores",Soft Drinks and Bottled Water Manufacturing,0,0,0,0,0,0
Other mining products,Soft Drinks and Bottled Water Manufacturing,0,0,0,0,0,0
Mining support services,Soft Drinks and Bottled Water Manufacturing,0,0,0,0,0,0
Meat and preserved meat products,Soft Drinks and Bottled Water Manufacturing,0,0,3,0.074906367,3,0.074906367
"Fish, seafood, fruit and vegetables",Soft Drinks and Bottled Water Manufacturing,0,0,161,4.019975031210986,161,4.019975031210986
Oils and fats,Soft Drinks and Bottled Water Manufacturing,0,0,0,0,0,0
Dairy products,Soft Drinks and Bottled Water Manufacturing,1,0.024968789013732832,1,0.024968789013732832,2,0.049937578027465665
Grain mill and starch products,Soft Drinks and Bottled Water Manufacturing,0,0,0,0,0,0
Bakery products,Soft Drinks and Bottled Water Manufacturing,0,0,0,0,0,0
Other food products,Soft Drinks and Bottled Water Manufacturing,3,0.074906367,454,11.335830212234708,457,11.410736579275905
Animal feeds,Soft Drinks and Bottled Water Manufacturing,0,0,0,0,0,0
Alcoholic beverages and tobacco,Soft Drinks and Bottled Water Manufacturing,0,0,1,0.024968789013732832,1,0.024968789013732832
Soft drinks,Soft Drinks and Bottled Water Manufacturing,0,0,177,4.419475655430712,177,4.419475655430712
Textiles,Soft Drinks and Bottled Water Manufacturing,0,0,0,0,0,0
Clothing,Soft Drinks and Bottled Water Manufacturing,0,0,0,0,0,0
Leather products,Soft Drinks and Bottled Water Manufacturing,0,0,0,0,0,0
Wood products (excl. furniture),Soft Drinks and Bottled Water Manufacturing,0,0,0,0,0,0
Paper products,Soft Drinks and Bottled Water Manufacturing,18,0.44943820224719105,8,0.19975031210986266,26,0.6491885143570537
Printing and recording services,Soft Drinks and Bottled Water Manufacturing,0,0,0,0,0,0
Coke and refined petroleum products,Soft Drinks and Bottled Water Manufacturing,0,0,6,0.149812734,6,0.149812734
Paints and coatings,Soft Drinks and Bottled Water Manufacturing,0,0,0,0,0,0
Soap and detergents,Soft Drinks and Bottled Water Manufacturing,0,0,0,0,0,0
Other chemical products,Soft Drinks and Bottled Water Manufacturing,0,0,0,0,0,0
Industrial gases and fertilizers,Soft Drinks and Bottled Water Manufacturing,3,0.074906367,11,0.2746566791510612,14,0.3495630461922597
Petrochemicals,Soft Drinks and Bottled Water Manufacturing,107,2.671660424469413,70,1.7478152309612984,177,4.419475655430712
Dyestuffs and agro-chemicals,Soft Drinks and Bottled Water Manufacturing,0,0,0,0,0,0
Pharmaceutical products,Soft Drinks and Bottled Water Manufacturing,0,0,0,0,0,0
Rubber and plastic products,Soft Drinks and Bottled Water Manufacturing,83,2.072409488139825,783,19.550561797752806,866,21.622971285892632
Cement and concrete products,Soft Drinks and Bottled Water Manufacturing,0,0,0,0,0,0
"Glass, ceramic and stone products",Soft Drinks and Bottled Water Manufacturing,14,0.3495630461922597,126,3.146067415730337,140,3.495630461922597
Basic iron and steel,Soft Drinks and Bottled Water Manufacturing,0,0,0,0,0,0
Other basic metals and casting,Soft Drinks and Bottled Water Manufacturing,0,0,0,0,0,0
Weapons and ammunition,Soft Drinks and Bottled Water Manufacturing,0,0,0,0,0,0
Other fabricated metal products,Soft Drinks and Bottled Water Manufacturing,7,0.17478152309612985,80,1.9975031210986267,87,2.1722846441947565
Computer and electronic products,Soft Drinks and Bottled Water Manufacturing,11,0.2746566791510612,3,0.074906367,14,0.3495630461922597
Electrical equipment,Soft Drinks and Bottled Water Manufacturing,0,0,0,0,0,0
Other machinery and equipment,Soft Drinks and Bottled Water Manufacturing,24,0.599250936,334,8.339575530586767,358,8.938826466916355
Motor vehicles,Soft Drinks and Bottled Water Manufacturing,0,0,4,0.099875156,4,0.099875156
Ships and boats,Soft Drinks and Bottled Water Manufacturing,0,0,0,0,0,0
Aircraft and spacecraft products,Soft Drinks and Bottled Water Manufacturing,0,0,0,0,0,0
Other Transport Equipment,Soft Drinks and Bottled Water Manufacturing,0,0,0,0,0,0
Furniture,Soft Drinks and Bottled Water Manufacturing,0,0,0,0,0,0
Other manufactured goods,Soft Drinks and Bottled Water Manufacturing,0,0,0,0,0,0
Ship and boat repair and maintenance,Soft Drinks and Bottled Water Manufacturing,0,0,0,0,0,0
Air and spacecraft repair and maintenance,Soft Drinks and Bottled Water Manufacturing,0,0,0,0,0,0
Other repair services,Soft Drinks and Bottled Water Manufacturing,1,0.024968789013732832,66,1.647940074906367,67,1.672908864
Electricity services,Soft Drinks and Bottled Water Manufacturing,0,0,51,1.2734082397003745,51,1.2734082397003745
"Mains gas, steam and air conditioning services",Soft Drinks and Bottled Water Manufacturing,0,0,8,0.19975031210986266,8,0.19975031210986266
Water services,Soft Drinks and Bottled Water Manufacturing,0,0,29,0.7240948813982522,29,0.7240948813982522
Sewerage services,Soft Drinks and Bottled Water Manufacturing,0,0,8,0.19975031210986266,8,0.19975031210986266
Waste collection and treatment services,Soft Drinks and Bottled Water Manufacturing,0,0,8,0.19975031210986266,8,0.19975031210986266
Remediation and waste management services,Soft Drinks and Bottled Water Manufacturing,0,0,0,0,0,0
Construction services,Soft Drinks and Bottled Water Manufacturing,0,0,0,0,0,0
Motor vehicle trade services,Soft Drinks and Bottled Water Manufacturing,0,0,22,0.5493133583021224,22,0.5493133583021224
Wholesale trade services,Soft Drinks and Bottled Water Manufacturing,0,0,524,13.083645443196005,524,13.083645443196005
Retail trade services,Soft Drinks and Bottled Water Manufacturing,0,0,141,3.5205992509363293,141,3.5205992509363293
Rail transport services,Soft Drinks and Bottled Water Manufacturing,0,0,0,0,0,0
Land transport services,Soft Drinks and Bottled Water Manufacturing,0,0,215,5.368289637952559,215,5.368289637952559
Water transport services,Soft Drinks and Bottled Water Manufacturing,0,0,0,0,0,0
Air transport services,Soft Drinks and Bottled Water Manufacturing,0,0,0,0,0,0
Warehousing services,Soft Drinks and Bottled Water Manufacturing,0,0,6,0.149812734,6,0.149812734
Postal and courier services,Soft Drinks and Bottled Water Manufacturing,0,0,20,0.4993757802746567,20,0.4993757802746567
Accommodation services,Soft Drinks and Bottled Water Manufacturing,0,0,0,0,0,0
Food and beverage services,Soft Drinks and Bottled Water Manufacturing,0,0,2,0.049937578027465665,2,0.049937578027465665
Publishing services,Soft Drinks and Bottled Water Manufacturing,0,0,0,0,0,0
Media Production services,Soft Drinks and Bottled Water Manufacturing,0,0,0,0,0,0
Telecommunications services,Soft Drinks and Bottled Water Manufacturing,0,0,6,0.149812734,6,0.149812734
Computer programming services,Soft Drinks and Bottled Water Manufacturing,0,0,42,1.0486891385767791,42,1.0486891385767791
Information services,Soft Drinks and Bottled Water Manufacturing,0,0,0,0,0,0
Financial services (excl. insurance and pensions),Soft Drinks and Bottled Water Manufacturing,0,0,42,1.0486891385767791,42,1.0486891385767791
Insurance and pension services,Soft Drinks and Bottled Water Manufacturing,0,0,26,0.6491885143570537,26,0.6491885143570537
Auxiliary financial services,Soft Drinks and Bottled Water Manufacturing,0,0,0,0,0,0
Real estate services,Soft Drinks and Bottled Water Manufacturing,0,0,0,0,0,0
Owner-occupier housing services,Soft Drinks and Bottled Water Manufacturing,0,0,0,0,0,0
Other real estate services,Soft Drinks and Bottled Water Manufacturing,0,0,0,0,0,0
Legal services,Soft Drinks and Bottled Water Manufacturing,0,0,21,0.5243445692883896,21,0.5243445692883896
Accounting and tax services,Soft Drinks and Bottled Water Manufacturing,1,0.024968789013732832,9,0.22471910112359553,10,0.24968789013732837
Management consulting services,Soft Drinks and Bottled Water Manufacturing,51,1.2734082397003745,0,0,51,1.2734082397003745
Architectural and engineering services,Soft Drinks and Bottled Water Manufacturing,0,0,1,0.024968789013732832,1,0.024968789013732832
Scientific research and development services,Soft Drinks and Bottled Water Manufacturing,0,0,0,0,0,0
Advertising and market research services,Soft Drinks and Bottled Water Manufacturing,3,0.074906367,121,3.0212234706616727,124,3.0961298377028714
Other scientific and technical services,Soft Drinks and Bottled Water Manufacturing,0,0,26,0.6491885143570537,26,0.6491885143570537
Veterinary services,Soft Drinks and Bottled Water Manufacturing,0,0,0,0,0,0
Rental and leasing services,Soft Drinks and Bottled Water Manufacturing,0,0,16,0.3995006242197253,16,0.3995006242197253
Employment services,Soft Drinks and Bottled Water Manufacturing,0,0,41,1.0237203495630463,41,1.0237203495630463
Travel services,Soft Drinks and Bottled Water Manufacturing,0,0,0,0,0,0
Security services,Soft Drinks and Bottled Water Manufacturing,0,0,0,0,0,0
Building and landscape services,Soft Drinks and Bottled Water Manufacturing,0,0,0,0,0,0
Office support services,Soft Drinks and Bottled Water Manufacturing,0,0,0,0,0,0
Public administration services (including defence),Soft Drinks and Bottled Water Manufacturing,0,0,5,0.12484394506866417,5,0.12484394506866417
Education services,Soft Drinks and Bottled Water Manufacturing,0,0,0,0,0,0
Health services,Soft Drinks and Bottled Water Manufacturing,0,0,0,0,0,0
Residential and social care services,Soft Drinks and Bottled Water Manufacturing,0,0,0,0,0,0
Arts and entertainment services,Soft Drinks and Bottled Water Manufacturing,0,0,0,0,0,0
Libraries and other cultural services,Soft Drinks and Bottled Water Manufacturing,0,0,0,0,0,0
Gambling services,Soft Drinks and Bottled Water Manufacturing,0,0,0,0,0,0
Sports and recreation services,Soft Drinks and Bottled Water Manufacturing,0,0,0,0,0,0
Membership services,Soft Drinks and Bottled Water Manufacturing,0,0,0,0,0,0
Computer repair services,Soft Drinks and Bottled Water Manufacturing,0,0,0,0,0,0
Other personal services,Soft Drinks and Bottled Water Manufacturing,0,0,0,0,0,0
Agriculture products,Textiles Manufacturing,16,0.4973577867578489,0,0,16,0.4973577867578489
Forestry products,Textiles Manufacturing,0,0,0,0,0,0
Fishing products,Textiles Manufacturing,0,0,0,0,0,0
Coal and lignite,Textiles Manufacturing,0,0,0,0,0,0
"Petroleum, natural gas and mining of metal ores",Textiles Manufacturing,0,0,0,0,0,0
Other mining products,Textiles Manufacturing,0,0,0,0,0,0
Mining support services,Textiles Manufacturing,0,0,0,0,0,0
Meat and preserved meat products,Textiles Manufacturing,4,0.12433944668946223,0,0,4,0.12433944668946223
"Fish, seafood, fruit and vegetables",Textiles Manufacturing,0,0,3,0.093254585,3,0.093254585
Oils and fats,Textiles Manufacturing,0,0,0,0,0,0
Dairy products,Textiles Manufacturing,0,0,2,0.062169723344731115,2,0.062169723344731115
Grain mill and starch products,Textiles Manufacturing,0,0,0,0,0,0
Bakery products,Textiles Manufacturing,0,0,2,0.062169723344731115,2,0.062169723344731115
Other food products,Textiles Manufacturing,0,0,3,0.093254585,3,0.093254585
Animal feeds,Textiles Manufacturing,0,0,0,0,0,0
Alcoholic beverages and tobacco,Textiles Manufacturing,0,0,0,0,0,0
Soft drinks,Textiles Manufacturing,0,0,0,0,0,0
Textiles,Textiles Manufacturing,631,19.614547715262667,0,0,631,19.614547715262667
Clothing,Textiles Manufacturing,0,0,0,0,0,0
Leather products,Textiles Manufacturing,0,0,0,0,0,0
Wood products (excl. furniture),Textiles Manufacturing,1,0.031084861672365557,0,0,1,0.031084861672365557
Paper products,Textiles Manufacturing,14,0.4351880634131178,5,0.1554243083618278,19,0.5906123717749456
Printing and recording services,Textiles Manufacturing,0,0,1,0.031084861672365557,1,0.031084861672365557
Coke and refined petroleum products,Textiles Manufacturing,2,0.062169723344731115,8,0.24867889337892446,10,0.3108486167236556
Paints and coatings,Textiles Manufacturing,0,0,0,0,0,0
Soap and detergents,Textiles Manufacturing,0,0,0,0,0,0
Other chemical products,Textiles Manufacturing,0,0,0,0,0,0
Industrial gases and fertilizers,Textiles Manufacturing,1,0.031084861672365557,0,0,1,0.031084861672365557
Petrochemicals,Textiles Manufacturing,216,6.714330121,143,4.445135219148274,359,11.159465340379235
Dyestuffs and agro-chemicals,Textiles Manufacturing,33,1.0258004351880634,0,0,33,1.0258004351880634
Pharmaceutical products,Textiles Manufacturing,0,0,0,0,0,0
Rubber and plastic products,Textiles Manufacturing,136,4.227541187441716,0,0,136,4.227541187441716
Cement and concrete products,Textiles Manufacturing,0,0,0,0,0,0
"Glass, ceramic and stone products",Textiles Manufacturing,1,0.031084861672365557,0,0,1,0.031084861672365557
Basic iron and steel,Textiles Manufacturing,0,0,0,0,0,0
Other basic metals and casting,Textiles Manufacturing,0,0,0,0,0,0
Weapons and ammunition,Textiles Manufacturing,0,0,0,0,0,0
Other fabricated metal products,Textiles Manufacturing,5,0.1554243083618278,0,0,5,0.1554243083618278
Computer and electronic products,Textiles Manufacturing,5,0.1554243083618278,6,0.18650917003419334,11,0.3419334783960212
Electrical equipment,Textiles Manufacturing,0,0,0,0,0,0
Other machinery and equipment,Textiles Manufacturing,14,0.4351880634131178,77,2.393534348772148,91,2.8287224121852654
Motor vehicles,Textiles Manufacturing,0,0,0,0,0,0
Ships and boats,Textiles Manufacturing,0,0,0,0,0,0
Aircraft and spacecraft products,Textiles Manufacturing,0,0,0,0,0,0
Other Transport Equipment,Textiles Manufacturing,0,0,0,0,0,0
Furniture,Textiles Manufacturing,0,0,0,0,0,0
Other manufactured goods,Textiles Manufacturing,7,0.2175940317065589,0,0,7,0.2175940317065589
Ship and boat repair and maintenance,Textiles Manufacturing,0,0,0,0,0,0
Air and spacecraft repair and maintenance,Textiles Manufacturing,0,0,0,0,0,0
Other repair services,Textiles Manufacturing,0,0,59,1.834006838669568,59,1.834006838669568
Electricity services,Textiles Manufacturing,0,0,76,2.3624494870997825,76,2.3624494870997825
"Mains gas, steam and air conditioning services",Textiles Manufacturing,0,0,29,0.9014609884986011,29,0.9014609884986011
Water services,Textiles Manufacturing,0,0,12,0.3730183400683867,12,0.3730183400683867
Sewerage services,Textiles Manufacturing,0,0,6,0.18650917003419334,6,0.18650917003419334
Waste collection and treatment services,Textiles Manufacturing,11,0.3419334783960211,2,0.062169723344731115,13,0.4041032017407522
Remediation and waste management services,Textiles Manufacturing,0,0,0,0,0,0
Construction services,Textiles Manufacturing,0,0,0,0,0,0
Motor vehicle trade services,Textiles Manufacturing,0,0,5,0.1554243083618278,5,0.1554243083618278
Wholesale trade services,Textiles Manufacturing,0,0,480,14.920733602735467,480,14.920733602735467
Retail trade services,Textiles Manufacturing,0,0,328,10.195834628535904,328,10.195834628535904
Rail transport services,Textiles Manufacturing,0,0,1,0.031084861672365557,1,0.031084861672365557
Land transport services,Textiles Manufacturing,0,0,122,3.7923531240285984,122,3.7923531240285984
Water transport services,Textiles Manufacturing,0,0,0,0,0,0
Air transport services,Textiles Manufacturing,0,0,4,0.12433944668946223,4,0.12433944668946223
Warehousing services,Textiles Manufacturing,0,0,16,0.4973577867578489,16,0.4973577867578489
Postal and courier services,Textiles Manufacturing,0,0,153,4.755983836,153,4.755983836
Accommodation services,Textiles Manufacturing,0,0,0,0,0,0
Food and beverage services,Textiles Manufacturing,0,0,6,0.18650917003419334,6,0.18650917003419334
Publishing services,Textiles Manufacturing,1,0.031084861672365557,0,0,1,0.031084861672365557
Media Production services,Textiles Manufacturing,0,0,0,0,0,0
Telecommunications services,Textiles Manufacturing,0,0,13,0.40410320174075226,13,0.40410320174075226
Computer programming services,Textiles Manufacturing,0,0,25,0.777121542,25,0.777121542
Information services,Textiles Manufacturing,0,0,6,0.18650917003419334,6,0.18650917003419334
Financial services (excl. insurance and pensions),Textiles Manufacturing,0,0,128,3.9788622940627913,128,3.9788622940627913
Insurance and pension services,Textiles Manufacturing,0,0,33,1.0258004351880634,33,1.0258004351880634
Auxiliary financial services,Textiles Manufacturing,0,0,2,0.062169723344731115,2,0.062169723344731115
Real estate services,Textiles Manufacturing,0,0,0,0,0,0
Owner-occupier housing services,Textiles Manufacturing,0,0,0,0,0,0
Other real estate services,Textiles Manufacturing,0,0,15,0.46627292508548335,15,0.46627292508548335
Legal services,Textiles Manufacturing,0,0,40,1.2433944668946224,40,1.2433944668946224
Accounting and tax services,Textiles Manufacturing,5,0.1554243083618278,78,2.4246192104445137,83,2.5800435188063413
Management consulting services,Textiles Manufacturing,2,0.062169723344731115,15,0.46627292508548335,17,0.5284426484302145
Architectural and engineering services,Textiles Manufacturing,0,0,48,1.4920733602735468,48,1.4920733602735468
Scientific research and development services,Textiles Manufacturing,0,0,0,0,0,0
Advertising and market research services,Textiles Manufacturing,0,0,59,1.834006838669568,59,1.834006838669568
Other scientific and technical services,Textiles Manufacturing,0,0,26,0.8082064034815045,26,0.8082064034815045
Veterinary services,Textiles Manufacturing,0,0,0,0,0,0
Rental and leasing services,Textiles Manufacturing,0,0,13,0.40410320174075226,13,0.40410320174075226
Employment services,Textiles Manufacturing,1,0.031084861672365557,35,1.0879701585327946,36,1.1190550202051601
Travel services,Textiles Manufacturing,0,0,0,0,0,0
Security services,Textiles Manufacturing,0,0,0,0,0,0
Building and landscape services,Textiles Manufacturing,0,0,0,0,0,0
Office support services,Textiles Manufacturing,0,0,0,0,0,0
Public administration services (including defence),Textiles Manufacturing,0,0,14,0.4351880634131178,14,0.4351880634131178
Education services,Textiles Manufacturing,0,0,12,0.3730183400683867,12,0.3730183400683867
Health services,Textiles Manufacturing,0,0,0,0,0,0
Residential and social care services,Textiles Manufacturing,0,0,0,0,0,0
Arts and entertainment services,Textiles Manufacturing,0,0,0,0,0,0
Libraries and other cultural services,Textiles Manufacturing,0,0,0,0,0,0
Gambling services,Textiles Manufacturing,0,0,0,0,0,0
Sports and recreation services,Textiles Manufacturing,0,0,0,0,0,0
Membership services,Textiles Manufacturing,0,0,0,0,0,0
Computer repair services,Textiles Manufacturing,0,0,0,0,0,0
Other personal services,Textiles Manufacturing,0,0,0,0,0,0
Agriculture products,Clothing Manufacturing,1,0.083892617,0,0,1,0.083892617
Forestry products,Clothing Manufacturing,0,0,0,0,0,0
Fishing products,Clothing Manufacturing,0,0,0,0,0,0
Coal and lignite,Clothing Manufacturing,0,0,0,0,0,0
"Petroleum, natural gas and mining of metal ores",Clothing Manufacturing,0,0,0,0,0,0
Other mining products,Clothing Manufacturing,0,0,0,0,0,0
Mining support services,Clothing Manufacturing,0,0,0,0,0,0
Meat and preserved meat products,Clothing Manufacturing,0,0,1,0.083892617,1,0.083892617
"Fish, seafood, fruit and vegetables",Clothing Manufacturing,0,0,0,0,0,0
Oils and fats,Clothing Manufacturing,0,0,0,0,0,0
Dairy products,Clothing Manufacturing,0,0,0,0,0,0
Grain mill and starch products,Clothing Manufacturing,0,0,0,0,0,0
Bakery products,Clothing Manufacturing,0,0,0,0,0,0
Other food products,Clothing Manufacturing,0,0,0,0,0,0
Animal feeds,Clothing Manufacturing,0,0,0,0,0,0
Alcoholic beverages and tobacco,Clothing Manufacturing,0,0,0,0,0,0
Soft drinks,Clothing Manufacturing,0,0,0,0,0,0
Textiles,Clothing Manufacturing,105,8.808724832214764,177,14.848993288590604,282,23.65771812080537
Clothing,Clothing Manufacturing,18,1.5100671140939599,0,0,18,1.5100671140939599
Leather products,Clothing Manufacturing,1,0.083892617,0,0,1,0.083892617
Wood products (excl. furniture),Clothing Manufacturing,0,0,0,0,0,0
Paper products,Clothing Manufacturing,2,0.16778523489932887,0,0,2,0.16778523489932887
Printing and recording services,Clothing Manufacturing,0,0,0,0,0,0
Coke and refined petroleum products,Clothing Manufacturing,0,0,1,0.083892617,1,0.083892617
Paints and coatings,Clothing Manufacturing,0,0,0,0,0,0
Soap and detergents,Clothing Manufacturing,0,0,0,0,0,0
Other chemical products,Clothing Manufacturing,0,0,0,0,0,0
Industrial gases and fertilizers,Clothing Manufacturing,0,0,0,0,0,0
Petrochemicals,Clothing Manufacturing,0,0,0,0,0,0
Dyestuffs and agro-chemicals,Clothing Manufacturing,0,0,0,0,0,0
Pharmaceutical products,Clothing Manufacturing,0,0,0,0,0,0
Rubber and plastic products,Clothing Manufacturing,3,0.25167785234899326,25,2.097315436241611,28,2.348993288590604
Cement and concrete products,Clothing Manufacturing,0,0,0,0,0,0
"Glass, ceramic and stone products",Clothing Manufacturing,0,0,0,0,0,0
Basic iron and steel,Clothing Manufacturing,0,0,0,0,0,0
Other basic metals and casting,Clothing Manufacturing,0,0,0,0,0,0
Weapons and ammunition,Clothing Manufacturing,0,0,0,0,0,0
Other fabricated metal products,Clothing Manufacturing,1,0.083892617,0,0,1,0.083892617
Computer and electronic products,Clothing Manufacturing,2,0.16778523489932887,0,0,2,0.16778523489932887
Electrical equipment,Clothing Manufacturing,0,0,0,0,0,0
Other machinery and equipment,Clothing Manufacturing,1,0.083892617,4,0.33557046979865773,5,0.41946308724832215
Motor vehicles,Clothing Manufacturing,0,0,0,0,0,0
Ships and boats,Clothing Manufacturing,0,0,0,0,0,0
Aircraft and spacecraft products,Clothing Manufacturing,0,0,0,0,0,0
Other Transport Equipment,Clothing Manufacturing,0,0,0,0,0,0
Furniture,Clothing Manufacturing,0,0,0,0,0,0
Other manufactured goods,Clothing Manufacturing,2,0.16778523489932887,0,0,2,0.16778523489932887
Ship and boat repair and maintenance,Clothing Manufacturing,0,0,0,0,0,0
Air and spacecraft repair and maintenance,Clothing Manufacturing,0,0,0,0,0,0
Other repair services,Clothing Manufacturing,0,0,13,1.0906040268456376,13,1.0906040268456376
Electricity services,Clothing Manufacturing,0,0,15,1.2583892617449663,15,1.2583892617449663
"Mains gas, steam and air conditioning services",Clothing Manufacturing,0,0,8,0.6711409395973155,8,0.6711409395973155
Water services,Clothing Manufacturing,0,0,1,0.083892617,1,0.083892617
Sewerage services,Clothing Manufacturing,0,0,0,0,0,0
Waste collection and treatment services,Clothing Manufacturing,0,0,1,0.083892617,1,0.083892617
Remediation and waste management services,Clothing Manufacturing,0,0,0,0,0,0
Construction services,Clothing Manufacturing,0,0,0,0,0,0
Motor vehicle trade services,Clothing Manufacturing,0,0,0,0,0,0
Wholesale trade services,Clothing Manufacturing,0,0,194,16.27516779,194,16.27516779
Retail trade services,Clothing Manufacturing,0,0,162,13.590604026845638,162,13.590604026845638
Rail transport services,Clothing Manufacturing,0,0,0,0,0,0
Land transport services,Clothing Manufacturing,0,0,50,4.194630872483222,50,4.194630872483222
Water transport services,Clothing Manufacturing,0,0,0,0,0,0
Air transport services,Clothing Manufacturing,0,0,0,0,0,0
Warehousing services,Clothing Manufacturing,0,0,35,2.936241610738255,35,2.936241610738255
Postal and courier services,Clothing Manufacturing,0,0,25,2.097315436241611,25,2.097315436241611
Accommodation services,Clothing Manufacturing,0,0,0,0,0,0
Food and beverage services,Clothing Manufacturing,0,0,9,0.7550335570469799,9,0.7550335570469799
Publishing services,Clothing Manufacturing,0,0,10,0.8389261744966443,10,0.8389261744966443
Media Production services,Clothing Manufacturing,0,0,0,0,0,0
Telecommunications services,Clothing Manufacturing,0,0,3,0.25167785234899326,3,0.25167785234899326
Computer programming services,Clothing Manufacturing,0,0,20,1.6778523489932886,20,1.6778523489932886
Information services,Clothing Manufacturing,0,0,1,0.083892617,1,0.083892617
Financial services (excl. insurance and pensions),Clothing Manufacturing,0,0,183,15.35234899328859,183,15.35234899328859
Insurance and pension services,Clothing Manufacturing,0,0,7,0.587248322,7,0.587248322
Auxiliary financial services,Clothing Manufacturing,0,0,3,0.25167785234899326,3,0.25167785234899326
Real estate services,Clothing Manufacturing,0,0,0,0,0,0
Owner-occupier housing services,Clothing Manufacturing,0,0,0,0,0,0
Other real estate services,Clothing Manufacturing,0,0,0,0,0,0
Legal services,Clothing Manufacturing,0,0,3,0.25167785234899326,3,0.25167785234899326
Accounting and tax services,Clothing Manufacturing,0,0,17,1.4261744966442953,17,1.4261744966442953
Management consulting services,Clothing Manufacturing,0,0,24,2.013422818791946,24,2.013422818791946
Architectural and engineering services,Clothing Manufacturing,0,0,1,0.083892617,1,0.083892617
Scientific research and development services,Clothing Manufacturing,0,0,0,0,0,0
Advertising and market research services,Clothing Manufacturing,0,0,32,2.684563758389262,32,2.684563758389262
Other scientific and technical services,Clothing Manufacturing,0,0,16,1.342281879194631,16,1.342281879194631
Veterinary services,Clothing Manufacturing,0,0,0,0,0,0
Rental and leasing services,Clothing Manufacturing,0,0,3,0.25167785234899326,3,0.25167785234899326
Employment services,Clothing Manufacturing,0,0,6,0.5033557046979865,6,0.5033557046979865
Travel services,Clothing Manufacturing,0,0,0,0,0,0
Security services,Clothing Manufacturing,0,0,0,0,0,0
Building and landscape services,Clothing Manufacturing,0,0,0,0,0,0
Office support services,Clothing Manufacturing,0,0,1,0.083892617,1,0.083892617
Public administration services (including defence),Clothing Manufacturing,0,0,3,0.25167785234899326,3,0.25167785234899326
Education services,Clothing Manufacturing,0,0,2,0.16778523489932887,2,0.16778523489932887
Health services,Clothing Manufacturing,0,0,0,0,0,0
Residential and social care services,Clothing Manufacturing,0,0,0,0,0,0
Arts and entertainment services,Clothing Manufacturing,0,0,0,0,0,0
Libraries and other cultural services,Clothing Manufacturing,0,0,0,0,0,0
Gambling services,Clothing Manufacturing,0,0,0,0,0,0
Sports and recreation services,Clothing Manufacturing,0,0,0,0,0,0
Membership services,Clothing Manufacturing,0,0,0,0,0,0
Computer repair services,Clothing Manufacturing,0,0,0,0,0,0
Other personal services,Clothing Manufacturing,0,0,0,0,0,0
Agriculture products,Leather Products Manufacturing,0,0,5,0.992063492,5,0.992063492
Forestry products,Leather Products Manufacturing,0,0,0,0,0,0
Fishing products,Leather Products Manufacturing,0,0,0,0,0,0
Coal and lignite,Leather Products Manufacturing,0,0,0,0,0,0
"Petroleum, natural gas and mining of metal ores",Leather Products Manufacturing,0,0,0,0,0,0
Other mining products,Leather Products Manufacturing,0,0,0,0,0,0
Mining support services,Leather Products Manufacturing,0,0,0,0,0,0
Meat and preserved meat products,Leather Products Manufacturing,2,0.3968253968253968,0,0,2,0.3968253968253968
"Fish, seafood, fruit and vegetables",Leather Products Manufacturing,0,0,0,0,0,0
Oils and fats,Leather Products Manufacturing,0,0,0,0,0,0
Dairy products,Leather Products Manufacturing,0,0,0,0,0,0
Grain mill and starch products,Leather Products Manufacturing,0,0,0,0,0,0
Bakery products,Leather Products Manufacturing,0,0,0,0,0,0
Other food products,Leather Products Manufacturing,0,0,0,0,0,0
Animal feeds,Leather Products Manufacturing,0,0,0,0,0,0
Alcoholic beverages and tobacco,Leather Products Manufacturing,0,0,0,0,0,0
Soft drinks,Leather Products Manufacturing,0,0,0,0,0,0
Textiles,Leather Products Manufacturing,10,1.984126984126984,5,0.992063492,15,2.976190476190476
Clothing,Leather Products Manufacturing,0,0,0,0,0,0
Leather products,Leather Products Manufacturing,46,9.126984126984127,0,0,46,9.126984126984127
Wood products (excl. furniture),Leather Products Manufacturing,0,0,0,0,0,0
Paper products,Leather Products Manufacturing,2,0.3968253968253968,4,0.7936507936507936,6,1.1904761904761905
Printing and recording services,Leather Products Manufacturing,0,0,0,0,0,0
Coke and refined petroleum products,Leather Products Manufacturing,0,0,1,0.1984126984126984,1,0.1984126984126984
Paints and coatings,Leather Products Manufacturing,0,0,0,0,0,0
Soap and detergents,Leather Products Manufacturing,0,0,0,0,0,0
Other chemical products,Leather Products Manufacturing,8,1.5873015873015872,42,8.333333333333332,50,9.920634921
Industrial gases and fertilizers,Leather Products Manufacturing,0,0,0,0,0,0
Petrochemicals,Leather Products Manufacturing,38,7.5396825396825395,25,4.9603174603174605,63,12.5
Dyestuffs and agro-chemicals,Leather Products Manufacturing,0,0,0,0,0,0
Pharmaceutical products,Leather Products Manufacturing,0,0,0,0,0,0
Rubber and plastic products,Leather Products Manufacturing,5,0.992063492,0,0,5,0.992063492
Cement and concrete products,Leather Products Manufacturing,0,0,0,0,0,0
"Glass, ceramic and stone products",Leather Products Manufacturing,0,0,0,0,0,0
Basic iron and steel,Leather Products Manufacturing,0,0,0,0,0,0
Other basic metals and casting,Leather Products Manufacturing,0,0,0,0,0,0
Weapons and ammunition,Leather Products Manufacturing,0,0,0,0,0,0
Other fabricated metal products,Leather Products Manufacturing,4,0.7936507936507936,0,0,4,0.7936507936507936
Computer and electronic products,Leather Products Manufacturing,1,0.1984126984126984,7,1.3888888888888888,8,1.5873015873015872
Electrical equipment,Leather Products Manufacturing,0,0,0,0,0,0
Other machinery and equipment,Leather Products Manufacturing,0,0,0,0,0,0
Motor vehicles,Leather Products Manufacturing,0,0,0,0,0,0
Ships and boats,Leather Products Manufacturing,0,0,0,0,0,0
Aircraft and spacecraft products,Leather Products Manufacturing,0,0,0,0,0,0
Other Transport Equipment,Leather Products Manufacturing,0,0,0,0,0,0
Furniture,Leather Products Manufacturing,0,0,0,0,0,0
Other manufactured goods,Leather Products Manufacturing,1,0.1984126984126984,2,0.3968253968253968,3,0.5952380952380952
Ship and boat repair and maintenance,Leather Products Manufacturing,0,0,0,0,0,0
Air and spacecraft repair and maintenance,Leather Products Manufacturing,0,0,0,0,0,0
Other repair services,Leather Products Manufacturing,0,0,1,0.1984126984126984,1,0.1984126984126984
Electricity services,Leather Products Manufacturing,0,0,10,1.984126984126984,10,1.984126984126984
"Mains gas, steam and air conditioning services",Leather Products Manufacturing,0,0,5,0.992063492,5,0.992063492
Water services,Leather Products Manufacturing,0,0,2,0.3968253968253968,2,0.3968253968253968
Sewerage services,Leather Products Manufacturing,0,0,1,0.1984126984126984,1,0.1984126984126984
Waste collection and treatment services,Leather Products Manufacturing,0,0,5,0.992063492,5,0.992063492
Remediation and waste management services,Leather Products Manufacturing,0,0,0,0,0,0
Construction services,Leather Products Manufacturing,0,0,0,0,0,0
Motor vehicle trade services,Leather Products Manufacturing,0,0,0,0,0,0
Wholesale trade services,Leather Products Manufacturing,0,0,55,10.912698412698413,55,10.912698412698413
Retail trade services,Leather Products Manufacturing,0,0,16,3.1746031746031744,16,3.1746031746031744
Rail transport services,Leather Products Manufacturing,0,0,0,0,0,0
Land transport services,Leather Products Manufacturing,0,0,26,5.158730158730158,26,5.158730158730158
Water transport services,Leather Products Manufacturing,0,0,0,0,0,0
Air transport services,Leather Products Manufacturing,0,0,0,0,0,0
Warehousing services,Leather Products Manufacturing,0,0,3,0.5952380952380952,3,0.5952380952380952
Postal and courier services,Leather Products Manufacturing,0,0,51,10.119047619047619,51,10.119047619047619
Accommodation services,Leather Products Manufacturing,0,0,0,0,0,0
Food and beverage services,Leather Products Manufacturing,0,0,1,0.1984126984126984,1,0.1984126984126984
Publishing services,Leather Products Manufacturing,0,0,1,0.1984126984126984,1,0.1984126984126984
Media Production services,Leather Products Manufacturing,0,0,0,0,0,0
Telecommunications services,Leather Products Manufacturing,0,0,1,0.1984126984126984,1,0.1984126984126984
Computer programming services,Leather Products Manufacturing,0,0,9,1.7857142857142856,9,1.7857142857142856
Information services,Leather Products Manufacturing,0,0,0,0,0,0
Financial services (excl. insurance and pensions),Leather Products Manufacturing,0,0,25,4.9603174603174605,25,4.9603174603174605
Insurance and pension services,Leather Products Manufacturing,0,0,4,0.7936507936507936,4,0.7936507936507936
Auxiliary financial services,Leather Products Manufacturing,0,0,0,0,0,0
Real estate services,Leather Products Manufacturing,0,0,0,0,0,0
Owner-occupier housing services,Leather Products Manufacturing,0,0,0,0,0,0
Other real estate services,Leather Products Manufacturing,0,0,4,0.7936507936507936,4,0.7936507936507936
Legal services,Leather Products Manufacturing,0,0,3,0.5952380952380952,3,0.5952380952380952
Accounting and tax services,Leather Products Manufacturing,0,0,5,0.992063492,5,0.992063492
Management consulting services,Leather Products Manufacturing,0,0,5,0.992063492,5,0.992063492
Architectural and engineering services,Leather Products Manufacturing,0,0,4,0.7936507936507936,4,0.7936507936507936
Scientific research and development services,Leather Products Manufacturing,0,0,0,0,0,0
Advertising and market research services,Leather Products Manufacturing,0,0,40,7.936507936507936,40,7.936507936507936
Other scientific and technical services,Leather Products Manufacturing,0,0,6,1.1904761904761905,6,1.1904761904761905
Veterinary services,Leather Products Manufacturing,0,0,0,0,0,0
Rental and leasing services,Leather Products Manufacturing,0,0,1,0.1984126984126984,1,0.1984126984126984
Employment services,Leather Products Manufacturing,0,0,6,1.1904761904761905,6,1.1904761904761905
Travel services,Leather Products Manufacturing,0,0,0,0,0,0
Security services,Leather Products Manufacturing,0,0,0,0,0,0
Building and landscape services,Leather Products Manufacturing,0,0,0,0,0,0
Office support services,Leather Products Manufacturing,0,0,0,0,0,0
Public administration services (including defence),Leather Products Manufacturing,0,0,6,1.1904761904761905,6,1.1904761904761905
Education services,Leather Products Manufacturing,0,0,0,0,0,0
Health services,Leather Products Manufacturing,0,0,0,0,0,0
Residential and social care services,Leather Products Manufacturing,0,0,0,0,0,0
Arts and entertainment services,Leather Products Manufacturing,0,0,0,0,0,0
Libraries and other cultural services,Leather Products Manufacturing,0,0,0,0,0,0
Gambling services,Leather Products Manufacturing,0,0,0,0,0,0
Sports and recreation services,Leather Products Manufacturing,0,0,0,0,0,0
Membership services,Leather Products Manufacturing,0,0,0,0,0,0
Computer repair services,Leather Products Manufacturing,0,0,0,0,0,0
Other personal services,Leather Products Manufacturing,0,0,0,0,0,0
Agriculture products,Wood Products Manufacturing (excl. Furniture),0,0,0,0,0,0
Forestry products,Wood Products Manufacturing (excl. Furniture),235,3.9173195532588765,242,4.034005667611269,477,7.951325220870146
Fishing products,Wood Products Manufacturing (excl. Furniture),0,0,0,0,0,0
Coal and lignite,Wood Products Manufacturing (excl. Furniture),0,0,0,0,0,0
"Petroleum, natural gas and mining of metal ores",Wood Products Manufacturing (excl. Furniture),0,0,0,0,0,0
Other mining products,Wood Products Manufacturing (excl. Furniture),0,0,0,0,0,0
Mining support services,Wood Products Manufacturing (excl. Furniture),0,0,0,0,0,0
Meat and preserved meat products,Wood Products Manufacturing (excl. Furniture),0,0,5,0.083347225,5,0.083347225
"Fish, seafood, fruit and vegetables",Wood Products Manufacturing (excl. Furniture),0,0,3,0.050008334722453744,3,0.050008334722453744
Oils and fats,Wood Products Manufacturing (excl. Furniture),0,0,0,0,0,0
Dairy products,Wood Products Manufacturing (excl. Furniture),0,0,4,0.06667778,4,0.06667778
Grain mill and starch products,Wood Products Manufacturing (excl. Furniture),0,0,0,0,0,0
Bakery products,Wood Products Manufacturing (excl. Furniture),0,0,6,0.10001666944490749,6,0.10001666944490749
Other food products,Wood Products Manufacturing (excl. Furniture),0,0,2,0.03333889,2,0.03333889
Animal feeds,Wood Products Manufacturing (excl. Furniture),0,0,0,0,0,0
Alcoholic beverages and tobacco,Wood Products Manufacturing (excl. Furniture),0,0,0,0,0,0
Soft drinks,Wood Products Manufacturing (excl. Furniture),0,0,0,0,0,0
Textiles,Wood Products Manufacturing (excl. Furniture),0,0,0,0,0,0
Clothing,Wood Products Manufacturing (excl. Furniture),0,0,0,0,0,0
Leather products,Wood Products Manufacturing (excl. Furniture),0,0,0,0,0,0
Wood products (excl. furniture),Wood Products Manufacturing (excl. Furniture),2750,45.840973495582595,0,0,2750,45.840973495582595
Paper products,Wood Products Manufacturing (excl. Furniture),35,0.5834305717619603,0,0,35,0.5834305717619603
Printing and recording services,Wood Products Manufacturing (excl. Furniture),0,0,0,0,0,0
Coke and refined petroleum products,Wood Products Manufacturing (excl. Furniture),0,0,33,0.5500916819469912,33,0.5500916819469912
Paints and coatings,Wood Products Manufacturing (excl. Furniture),3,0.050008334722453744,58,0.9668278046341057,61,1.0168361393565595
Soap and detergents,Wood Products Manufacturing (excl. Furniture),0,0,0,0,0,0
Other chemical products,Wood Products Manufacturing (excl. Furniture),12,0.20003333888981498,259,4.3173862310385065,271,4.517419569928322
Industrial gases and fertilizers,Wood Products Manufacturing (excl. Furniture),0,0,0,0,0,0
Petrochemicals,Wood Products Manufacturing (excl. Furniture),3,0.050008334722453744,2,0.03333889,5,0.083347225
Dyestuffs and agro-chemicals,Wood Products Manufacturing (excl. Furniture),0,0,0,0,0,0
Pharmaceutical products,Wood Products Manufacturing (excl. Furniture),0,0,0,0,0,0
Rubber and plastic products,Wood Products Manufacturing (excl. Furniture),34,0.5667611268544757,0,0,34,0.5667611268544757
Cement and concrete products,Wood Products Manufacturing (excl. Furniture),2,0.03333889,0,0,2,0.03333889
"Glass, ceramic and stone products",Wood Products Manufacturing (excl. Furniture),12,0.20003333888981498,38,0.633438906,50,0.833472245
Basic iron and steel,Wood Products Manufacturing (excl. Furniture),0,0,0,0,0,0
Other basic metals and casting,Wood Products Manufacturing (excl. Furniture),0,0,0,0,0,0
Weapons and ammunition,Wood Products Manufacturing (excl. Furniture),0,0,0,0,0,0
Other fabricated metal products,Wood Products Manufacturing (excl. Furniture),43,0.716786131,30,0.5000833472245374,73,1.2168694782463745
Computer and electronic products,Wood Products Manufacturing (excl. Furniture),2,0.03333889,3,0.050008334722453744,5,0.083347225
Electrical equipment,Wood Products Manufacturing (excl. Furniture),0,0,0,0,0,0
Other machinery and equipment,Wood Products Manufacturing (excl. Furniture),20,0.3333888981496916,19,0.316719453,39,0.6501083513918986
Motor vehicles,Wood Products Manufacturing (excl. Furniture),0,0,0,0,0,0
Ships and boats,Wood Products Manufacturing (excl. Furniture),0,0,0,0,0,0
Aircraft and spacecraft products,Wood Products Manufacturing (excl. Furniture),0,0,0,0,0,0
Other Transport Equipment,Wood Products Manufacturing (excl. Furniture),0,0,0,0,0,0
Furniture,Wood Products Manufacturing (excl. Furniture),3,0.050008334722453744,1,0.016669445,4,0.06667778
Other manufactured goods,Wood Products Manufacturing (excl. Furniture),1,0.016669445,7,0.11668611435239205,8,0.13335555925987663
Ship and boat repair and maintenance,Wood Products Manufacturing (excl. Furniture),0,0,0,0,0,0
Air and spacecraft repair and maintenance,Wood Products Manufacturing (excl. Furniture),0,0,0,0,0,0
Other repair services,Wood Products Manufacturing (excl. Furniture),0,0,90,1.5002500416736124,90,1.5002500416736124
Electricity services,Wood Products Manufacturing (excl. Furniture),0,0,113,1.8836472745457578,113,1.8836472745457578
"Mains gas, steam and air conditioning services",Wood Products Manufacturing (excl. Furniture),0,0,70,1.1668611435239207,70,1.1668611435239207
Water services,Wood Products Manufacturing (excl. Furniture),0,0,9,0.15002500416736123,9,0.15002500416736123
Sewerage services,Wood Products Manufacturing (excl. Furniture),0,0,4,0.06667778,4,0.06667778
Waste collection and treatment services,Wood Products Manufacturing (excl. Furniture),0,0,23,0.38339723287214533,23,0.38339723287214533
Remediation and waste management services,Wood Products Manufacturing (excl. Furniture),0,0,0,0,0,0
Construction services,Wood Products Manufacturing (excl. Furniture),0,0,7,0.11668611435239205,7,0.11668611435239205
Motor vehicle trade services,Wood Products Manufacturing (excl. Furniture),0,0,1,0.016669445,1,0.016669445
Wholesale trade services,Wood Products Manufacturing (excl. Furniture),0,0,708,11.801966994499082,708,11.801966994499082
Retail trade services,Wood Products Manufacturing (excl. Furniture),0,0,107,1.7836306051008504,107,1.7836306051008504
Rail transport services,Wood Products Manufacturing (excl. Furniture),0,0,0,0,0,0
Land transport services,Wood Products Manufacturing (excl. Furniture),0,0,288,4.800800133355559,288,4.800800133355559
Water transport services,Wood Products Manufacturing (excl. Furniture),0,0,0,0,0,0
Air transport services,Wood Products Manufacturing (excl. Furniture),0,0,0,0,0,0
Warehousing services,Wood Products Manufacturing (excl. Furniture),0,0,1,0.016669445,1,0.016669445
Postal and courier services,Wood Products Manufacturing (excl. Furniture),0,0,118,1.9669944990831805,118,1.9669944990831805
Accommodation services,Wood Products Manufacturing (excl. Furniture),0,0,0,0,0,0
Food and beverage services,Wood Products Manufacturing (excl. Furniture),0,0,34,0.5667611268544757,34,0.5667611268544757
Publishing services,Wood Products Manufacturing (excl. Furniture),0,0,0,0,0,0
Media Production services,Wood Products Manufacturing (excl. Furniture),0,0,0,0,0,0
Telecommunications services,Wood Products Manufacturing (excl. Furniture),0,0,20,0.3333888981496916,20,0.3333888981496916
Computer programming services,Wood Products Manufacturing (excl. Furniture),1,0.016669445,27,0.4500750125020837,28,0.46674445740956827
Information services,Wood Products Manufacturing (excl. Furniture),0,0,0,0,0,0
Financial services (excl. insurance and pensions),Wood Products Manufacturing (excl. Furniture),1,0.016669445,178,2.967161193532255,179,2.9838306384397395
Insurance and pension services,Wood Products Manufacturing (excl. Furniture),1,0.016669445,50,0.8334722453742289,51,0.8501416902817135
Auxiliary financial services,Wood Products Manufacturing (excl. Furniture),0,0,0,0,0,0
Real estate services,Wood Products Manufacturing (excl. Furniture),0,0,0,0,0,0
Owner-occupier housing services,Wood Products Manufacturing (excl. Furniture),0,0,0,0,0,0
Other real estate services,Wood Products Manufacturing (excl. Furniture),0,0,9,0.15002500416736123,9,0.15002500416736123
Legal services,Wood Products Manufacturing (excl. Furniture),0,0,10,0.1666944490748458,10,0.1666944490748458
Accounting and tax services,Wood Products Manufacturing (excl. Furniture),0,0,66,1.1001833638939824,66,1.1001833638939824
Management consulting services,Wood Products Manufacturing (excl. Furniture),1,0.016669445,0,0,1,0.016669445
Architectural and engineering services,Wood Products Manufacturing (excl. Furniture),1,0.016669445,19,0.316719453,20,0.3333888981496916
Scientific research and development services,Wood Products Manufacturing (excl. Furniture),0,0,0,0,0,0
Advertising and market research services,Wood Products Manufacturing (excl. Furniture),0,0,27,0.4500750125020837,27,0.4500750125020837
Other scientific and technical services,Wood Products Manufacturing (excl. Furniture),0,0,1,0.016669445,1,0.016669445
Veterinary services,Wood Products Manufacturing (excl. Furniture),0,0,0,0,0,0
Rental and leasing services,Wood Products Manufacturing (excl. Furniture),0,0,48,0.8001333555592599,48,0.8001333555592599
Employment services,Wood Products Manufacturing (excl. Furniture),0,0,96,1.6002667111185198,96,1.6002667111185198
Travel services,Wood Products Manufacturing (excl. Furniture),0,0,0,0,0,0
Security services,Wood Products Manufacturing (excl. Furniture),0,0,0,0,0,0
Building and landscape services,Wood Products Manufacturing (excl. Furniture),0,0,0,0,0,0
Office support services,Wood Products Manufacturing (excl. Furniture),1,0.016669445,0,0,1,0.016669445
Public administration services (including defence),Wood Products Manufacturing (excl. Furniture),0,0,2,0.03333889,2,0.03333889
Education services,Wood Products Manufacturing (excl. Furniture),0,0,0,0,0,0
Health services,Wood Products Manufacturing (excl. Furniture),0,0,0,0,0,0
Residential and social care services,Wood Products Manufacturing (excl. Furniture),0,0,0,0,0,0
Arts and entertainment services,Wood Products Manufacturing (excl. Furniture),0,0,0,0,0,0
Libraries and other cultural services,Wood Products Manufacturing (excl. Furniture),0,0,0,0,0,0
Gambling services,Wood Products Manufacturing (excl. Furniture),0,0,0,0,0,0
Sports and recreation services,Wood Products Manufacturing (excl. Furniture),0,0,0,0,0,0
Membership services,Wood Products Manufacturing (excl. Furniture),0,0,0,0,0,0
Computer repair services,Wood Products Manufacturing (excl. Furniture),0,0,0,0,0,0
Other personal services,Wood Products Manufacturing (excl. Furniture),0,0,0,0,0,0
Agriculture products,Paper Products Manufacturing,15,0.19037948978296737,16,0.20307145576849853,31,0.39345094555146587
Forestry products,Paper Products Manufacturing,2,0.025383931971062316,251,3.185683462368321,253,3.2110673943393833
Fishing products,Paper Products Manufacturing,0,0,0,0,0,0
Coal and lignite,Paper Products Manufacturing,0,0,0,0,0,0
"Petroleum, natural gas and mining of metal ores",Paper Products Manufacturing,0,0,0,0,0,0
Other mining products,Paper Products Manufacturing,0,0,0,0,0,0
Mining support services,Paper Products Manufacturing,0,0,0,0,0,0
Meat and preserved meat products,Paper Products Manufacturing,0,0,4,0.050767864,4,0.050767864
"Fish, seafood, fruit and vegetables",Paper Products Manufacturing,2,0.025383931971062316,2,0.025383931971062316,4,0.050767864
Oils and fats,Paper Products Manufacturing,0,0,0,0,0,0
Dairy products,Paper Products Manufacturing,0,0,5,0.06345983,5,0.06345983
Grain mill and starch products,Paper Products Manufacturing,23,0.2919152176672166,0,0,23,0.2919152176672166
Bakery products,Paper Products Manufacturing,0,0,7,0.088843762,7,0.088843762
Other food products,Paper Products Manufacturing,4,0.050767864,0,0,4,0.050767864
Animal feeds,Paper Products Manufacturing,0,0,0,0,0,0
Alcoholic beverages and tobacco,Paper Products Manufacturing,0,0,0,0,0,0
Soft drinks,Paper Products Manufacturing,0,0,0,0,0,0
Textiles,Paper Products Manufacturing,19,0.24114735372509202,0,0,19,0.24114735372509202
Clothing,Paper Products Manufacturing,0,0,0,0,0,0
Leather products,Paper Products Manufacturing,0,0,0,0,0,0
Wood products (excl. furniture),Paper Products Manufacturing,48,0.6092143673054956,615,7.805559081101662,663,8.414773448407157
Paper products,Paper Products Manufacturing,1695,21.512882345475315,75,0.9518974489148369,1770,22.464779794390154
Printing and recording services,Paper Products Manufacturing,1,0.012691965985531158,4,0.050767864,5,0.06345983
Coke and refined petroleum products,Paper Products Manufacturing,0,0,19,0.24114735372509202,19,0.24114735372509202
Paints and coatings,Paper Products Manufacturing,50,0.6345982992765579,184,2.335321741337733,234,2.9699200406142907
Soap and detergents,Paper Products Manufacturing,0,0,0,0,0,0
Other chemical products,Paper Products Manufacturing,175,2.2210940474679526,44,0.558446503,219,2.7795405508313236
Industrial gases and fertilizers,Paper Products Manufacturing,5,0.06345983,15,0.19037948978296737,20,0.2538393197106232
Petrochemicals,Paper Products Manufacturing,66,0.8376697550450565,44,0.558446503,110,1.3961162584084275
Dyestuffs and agro-chemicals,Paper Products Manufacturing,4,0.050767864,24,0.3046071836527478,28,0.35537504759487243
Pharmaceutical products,Paper Products Manufacturing,0,0,0,0,0,0
Rubber and plastic products,Paper Products Manufacturing,338,4.289884503109532,218,2.7668485848457927,556,7.056733087955324
Cement and concrete products,Paper Products Manufacturing,0,0,0,0,0,0
"Glass, ceramic and stone products",Paper Products Manufacturing,0,0,0,0,0,0
Basic iron and steel,Paper Products Manufacturing,0,0,0,0,0,0
Other basic metals and casting,Paper Products Manufacturing,0,0,0,0,0,0
Weapons and ammunition,Paper Products Manufacturing,0,0,0,0,0,0
Other fabricated metal products,Paper Products Manufacturing,12,0.1523035918263739,64,0.8122858230739941,76,0.964589415
Computer and electronic products,Paper Products Manufacturing,3,0.038075897956593475,13,0.16499555781190506,16,0.20307145576849853
Electrical equipment,Paper Products Manufacturing,0,0,0,0,0,0
Other machinery and equipment,Paper Products Manufacturing,90,1.1422769386978042,61,0.7742099251174006,151,1.9164868638152048
Motor vehicles,Paper Products Manufacturing,0,0,0,0,0,0
Ships and boats,Paper Products Manufacturing,0,0,0,0,0,0
Aircraft and spacecraft products,Paper Products Manufacturing,0,0,0,0,0,0
Other Transport Equipment,Paper Products Manufacturing,0,0,0,0,0,0
Furniture,Paper Products Manufacturing,0,0,0,0,0,0
Other manufactured goods,Paper Products Manufacturing,1,0.012691965985531158,0,0,1,0.012691965985531158
Ship and boat repair and maintenance,Paper Products Manufacturing,0,0,0,0,0,0
Air and spacecraft repair and maintenance,Paper Products Manufacturing,0,0,0,0,0,0
Other repair services,Paper Products Manufacturing,2,0.025383931971062316,71,0.9011295849727122,73,0.9265135169437746
Electricity services,Paper Products Manufacturing,0,0,399,5.064094428226933,399,5.064094428226933
"Mains gas, steam and air conditioning services",Paper Products Manufacturing,0,0,212,2.690696788932606,212,2.690696788932606
Water services,Paper Products Manufacturing,0,0,42,0.5330625713923087,42,0.5330625713923087
Sewerage services,Paper Products Manufacturing,0,0,18,0.22845538773956087,18,0.22845538773956087
Waste collection and treatment services,Paper Products Manufacturing,13,0.16499555781190506,65,0.8249777890595253,78,0.9899733468714305
Remediation and waste management services,Paper Products Manufacturing,0,0,0,0,0,0
Construction services,Paper Products Manufacturing,0,0,0,0,0,0
Motor vehicle trade services,Paper Products Manufacturing,0,0,9,0.11422769386978043,9,0.11422769386978043
Wholesale trade services,Paper Products Manufacturing,0,0,1234,15.66188602614545,1234,15.66188602614545
Retail trade services,Paper Products Manufacturing,0,0,188,2.386089605279858,188,2.386089605279858
Rail transport services,Paper Products Manufacturing,0,0,0,0,0,0
Land transport services,Paper Products Manufacturing,0,0,395,5.0133265642848075,395,5.0133265642848075
Water transport services,Paper Products Manufacturing,0,0,0,0,0,0
Air transport services,Paper Products Manufacturing,0,0,1,0.012691965985531158,1,0.012691965985531158
Warehousing services,Paper Products Manufacturing,0,0,10,0.1269196598553116,10,0.1269196598553116
Postal and courier services,Paper Products Manufacturing,0,0,43,0.5457545373778399,43,0.5457545373778399
Accommodation services,Paper Products Manufacturing,0,0,0,0,0,0
Food and beverage services,Paper Products Manufacturing,0,0,11,0.13961162584084275,11,0.13961162584084275
Publishing services,Paper Products Manufacturing,6,0.076151796,0,0,6,0.076151796
Media Production services,Paper Products Manufacturing,0,0,0,0,0,0
Telecommunications services,Paper Products Manufacturing,3,0.038075897956593475,21,0.26653128569615436,24,0.30460718365274786
Computer programming services,Paper Products Manufacturing,10,0.1269196598553116,53,0.6726741972331515,63,0.7995938570884631
Information services,Paper Products Manufacturing,0,0,0,0,0,0
Financial services (excl. insurance and pensions),Paper Products Manufacturing,0,0,234,2.969920040614291,234,2.969920040614291
Insurance and pension services,Paper Products Manufacturing,1,0.012691965985531158,59,0.7488259931463384,60,0.7615179591318695
Auxiliary financial services,Paper Products Manufacturing,1,0.012691965985531158,5,0.06345983,6,0.076151796
Real estate services,Paper Products Manufacturing,0,0,0,0,0,0
Owner-occupier housing services,Paper Products Manufacturing,0,0,0,0,0,0
Other real estate services,Paper Products Manufacturing,0,0,165,2.0941743876126413,165,2.0941743876126413
Legal services,Paper Products Manufacturing,0,0,44,0.558446503,44,0.558446503
Accounting and tax services,Paper Products Manufacturing,1,0.012691965985531158,85,1.0788171087701484,86,1.0915090747556795
Management consulting services,Paper Products Manufacturing,27,0.3426830816093413,4,0.050767864,31,0.3934509455514659
Architectural and engineering services,Paper Products Manufacturing,1,0.012691965985531158,6,0.076151796,7,0.088843762
Scientific research and development services,Paper Products Manufacturing,0,0,0,0,0,0
Advertising and market research services,Paper Products Manufacturing,5,0.06345983,48,0.6092143673054956,53,0.6726741972331514
Other scientific and technical services,Paper Products Manufacturing,0,0,6,0.076151796,6,0.076151796
Veterinary services,Paper Products Manufacturing,0,0,0,0,0,0
Rental and leasing services,Paper Products Manufacturing,0,0,63,0.7995938570884631,63,0.7995938570884631
Employment services,Paper Products Manufacturing,7,0.088843762,81,1.0280492448280238,88,1.116893006726742
Travel services,Paper Products Manufacturing,0,0,0,0,0,0
Security services,Paper Products Manufacturing,0,0,0,0,0,0
Building and landscape services,Paper Products Manufacturing,0,0,0,0,0,0
Office support services,Paper Products Manufacturing,0,0,0,0,0,0
Public administration services (including defence),Paper Products Manufacturing,0,0,12,0.1523035918263739,12,0.1523035918263739
Education services,Paper Products Manufacturing,0,0,0,0,0,0
Health services,Paper Products Manufacturing,0,0,0,0,0,0
Residential and social care services,Paper Products Manufacturing,0,0,0,0,0,0
Arts and entertainment services,Paper Products Manufacturing,0,0,0,0,0,0
Libraries and other cultural services,Paper Products Manufacturing,0,0,0,0,0,0
Gambling services,Paper Products Manufacturing,0,0,0,0,0,0
Sports and recreation services,Paper Products Manufacturing,0,0,0,0,0,0
Membership services,Paper Products Manufacturing,0,0,0,0,0,0
Computer repair services,Paper Products Manufacturing,0,0,0,0,0,0
Other personal services,Paper Products Manufacturing,0,0,0,0,0,0
Agriculture products,Printing and Recorded Media Production,0,0,0,0,0,0
Forestry products,Printing and Recorded Media Production,0,0,0,0,0,0
Fishing products,Printing and Recorded Media Production,0,0,0,0,0,0
Coal and lignite,Printing and Recorded Media Production,0,0,0,0,0,0
"Petroleum, natural gas and mining of metal ores",Printing and Recorded Media Production,0,0,0,0,0,0
Other mining products,Printing and Recorded Media Production,0,0,0,0,0,0
Mining support services,Printing and Recorded Media Production,0,0,0,0,0,0
Meat and preserved meat products,Printing and Recorded Media Production,0,0,3,0.055658627,3,0.055658627
"Fish, seafood, fruit and vegetables",Printing and Recorded Media Production,0,0,1,0.018552876,1,0.018552876
Oils and fats,Printing and Recorded Media Production,0,0,0,0,0,0
Dairy products,Printing and Recorded Media Production,0,0,3,0.055658627,3,0.055658627
Grain mill and starch products,Printing and Recorded Media Production,0,0,0,0,0,0
Bakery products,Printing and Recorded Media Production,0,0,3,0.055658627,3,0.055658627
Other food products,Printing and Recorded Media Production,0,0,2,0.037105751,2,0.037105751
Animal feeds,Printing and Recorded Media Production,0,0,0,0,0,0
Alcoholic beverages and tobacco,Printing and Recorded Media Production,0,0,0,0,0,0
Soft drinks,Printing and Recorded Media Production,0,0,0,0,0,0
Textiles,Printing and Recorded Media Production,2,0.037105751,0,0,2,0.037105751
Clothing,Printing and Recorded Media Production,0,0,0,0,0,0
Leather products,Printing and Recorded Media Production,0,0,0,0,0,0
Wood products (excl. furniture),Printing and Recorded Media Production,0,0,0,0,0,0
Paper products,Printing and Recorded Media Production,1155,21.428571428571427,0,0,1155,21.428571428571427
Printing and recording services,Printing and Recorded Media Production,6,0.11131725417439704,609,11.298701298701298,615,11.410018552875695
Coke and refined petroleum products,Printing and Recorded Media Production,0,0,10,0.1855287569573284,10,0.1855287569573284
Paints and coatings,Printing and Recorded Media Production,267,4.953617810760668,0,0,267,4.953617810760668
Soap and detergents,Printing and Recorded Media Production,0,0,0,0,0,0
Other chemical products,Printing and Recorded Media Production,20,0.3710575139146568,88,1.6326530612244898,108,2.003710575139147
Industrial gases and fertilizers,Printing and Recorded Media Production,0,0,0,0,0,0
Petrochemicals,Printing and Recorded Media Production,4,0.074211503,2,0.037105751,6,0.11131725417439703
Dyestuffs and agro-chemicals,Printing and Recorded Media Production,0,0,0,0,0,0
Pharmaceutical products,Printing and Recorded Media Production,0,0,0,0,0,0
Rubber and plastic products,Printing and Recorded Media Production,200,3.710575139146568,198,3.6734693877551026,398,7.384044527
Cement and concrete products,Printing and Recorded Media Production,0,0,0,0,0,0
"Glass, ceramic and stone products",Printing and Recorded Media Production,0,0,0,0,0,0
Basic iron and steel,Printing and Recorded Media Production,0,0,0,0,0,0
Other basic metals and casting,Printing and Recorded Media Production,0,0,0,0,0,0
Weapons and ammunition,Printing and Recorded Media Production,0,0,0,0,0,0
Other fabricated metal products,Printing and Recorded Media Production,8,0.14842300556586271,71,1.3172541743970316,79,1.4656771799628943
Computer and electronic products,Printing and Recorded Media Production,42,0.7792207792207793,44,0.8163265306122449,86,1.5955473098330242
Electrical equipment,Printing and Recorded Media Production,0,0,0,0,0,0
Other machinery and equipment,Printing and Recorded Media Production,12,0.22263450834879409,240,4.452690166975881,252,4.675324675324675
Motor vehicles,Printing and Recorded Media Production,0,0,0,0,0,0
Ships and boats,Printing and Recorded Media Production,0,0,0,0,0,0
Aircraft and spacecraft products,Printing and Recorded Media Production,0,0,0,0,0,0
Other Transport Equipment,Printing and Recorded Media Production,0,0,0,0,0,0
Furniture,Printing and Recorded Media Production,0,0,0,0,0,0
Other manufactured goods,Printing and Recorded Media Production,3,0.055658627,0,0,3,0.055658627
Ship and boat repair and maintenance,Printing and Recorded Media Production,0,0,0,0,0,0
Air and spacecraft repair and maintenance,Printing and Recorded Media Production,0,0,0,0,0,0
Other repair services,Printing and Recorded Media Production,6,0.11131725417439704,120,2.2263450834879404,126,2.3376623376623376
Electricity services,Printing and Recorded Media Production,0,0,241,4.471243042671614,241,4.471243042671614
"Mains gas, steam and air conditioning services",Printing and Recorded Media Production,0,0,50,0.927643785,50,0.927643785
Water services,Printing and Recorded Media Production,0,0,17,0.31539888682745826,17,0.31539888682745826
Sewerage services,Printing and Recorded Media Production,0,0,0,0,0,0
Waste collection and treatment services,Printing and Recorded Media Production,0,0,23,0.42671614100185534,23,0.42671614100185534
Remediation and waste management services,Printing and Recorded Media Production,0,0,0,0,0,0
Construction services,Printing and Recorded Media Production,0,0,1,0.018552876,1,0.018552876
Motor vehicle trade services,Printing and Recorded Media Production,0,0,12,0.22263450834879409,12,0.22263450834879409
Wholesale trade services,Printing and Recorded Media Production,24,0.44526901669758817,765,14.192949907235622,789,14.638218923933211
Retail trade services,Printing and Recorded Media Production,0,0,128,2.3747680890538034,128,2.3747680890538034
Rail transport services,Printing and Recorded Media Production,0,0,0,0,0,0
Land transport services,Printing and Recorded Media Production,0,0,221,4.100185528756958,221,4.100185528756958
Water transport services,Printing and Recorded Media Production,0,0,0,0,0,0
Air transport services,Printing and Recorded Media Production,0,0,0,0,0,0
Warehousing services,Printing and Recorded Media Production,0,0,0,0,0,0
Postal and courier services,Printing and Recorded Media Production,0,0,66,1.2244897959183674,66,1.2244897959183674
Accommodation services,Printing and Recorded Media Production,0,0,0,0,0,0
Food and beverage services,Printing and Recorded Media Production,0,0,0,0,0,0
Publishing services,Printing and Recorded Media Production,11,0.20408163265306123,0,0,11,0.20408163265306123
Media Production services,Printing and Recorded Media Production,0,0,0,0,0,0
Telecommunications services,Printing and Recorded Media Production,1,0.018552876,50,0.927643785,51,0.9461966604823748
Computer programming services,Printing and Recorded Media Production,2,0.037105751,94,1.7439703153988868,96,1.7810760667903525
Information services,Printing and Recorded Media Production,0,0,19,0.35250463821892397,19,0.35250463821892397
Financial services (excl. insurance and pensions),Printing and Recorded Media Production,0,0,115,2.1335807050092765,115,2.1335807050092765
Insurance and pension services,Printing and Recorded Media Production,0,0,35,0.6493506493506493,35,0.6493506493506493
Auxiliary financial services,Printing and Recorded Media Production,0,0,9,0.16697588126159554,9,0.16697588126159554
Real estate services,Printing and Recorded Media Production,0,0,0,0,0,0
Owner-occupier housing services,Printing and Recorded Media Production,0,0,0,0,0,0
Other real estate services,Printing and Recorded Media Production,0,0,66,1.2244897959183674,66,1.2244897959183674
Legal services,Printing and Recorded Media Production,0,0,16,0.29684601113172543,16,0.29684601113172543
Accounting and tax services,Printing and Recorded Media Production,1,0.018552876,59,1.0946196660482375,60,1.1131725417439704
Management consulting services,Printing and Recorded Media Production,2,0.037105751,24,0.44526901669758817,26,0.48237476808905383
Architectural and engineering services,Printing and Recorded Media Production,0,0,0,0,0,0
Scientific research and development services,Printing and Recorded Media Production,0,0,0,0,0,0
Advertising and market research services,Printing and Recorded Media Production,1,0.018552876,109,2.0222634508348794,110,2.0408163265306123
Other scientific and technical services,Printing and Recorded Media Production,0,0,45,0.8348794063079777,45,0.8348794063079777
Veterinary services,Printing and Recorded Media Production,0,0,0,0,0,0
Rental and leasing services,Printing and Recorded Media Production,5,0.092764378,15,0.27829313543599254,20,0.37105751391465674
Employment services,Printing and Recorded Media Production,0,0,44,0.8163265306122449,44,0.8163265306122449
Travel services,Printing and Recorded Media Production,0,0,0,0,0,0
Security services,Printing and Recorded Media Production,0,0,0,0,0,0
Building and landscape services,Printing and Recorded Media Production,0,0,0,0,0,0
Office support services,Printing and Recorded Media Production,0,0,0,0,0,0
Public administration services (including defence),Printing and Recorded Media Production,0,0,0,0,0,0
Education services,Printing and Recorded Media Production,0,0,0,0,0,0
Health services,Printing and Recorded Media Production,0,0,0,0,0,0
Residential and social care services,Printing and Recorded Media Production,0,0,0,0,0,0
Arts and entertainment services,Printing and Recorded Media Production,0,0,0,0,0,0
Libraries and other cultural services,Printing and Recorded Media Production,0,0,0,0,0,0
Gambling services,Printing and Recorded Media Production,0,0,0,0,0,0
Sports and recreation services,Printing and Recorded Media Production,0,0,0,0,0,0
Membership services,Printing and Recorded Media Production,0,0,0,0,0,0
Computer repair services,Printing and Recorded Media Production,0,0,0,0,0,0
Other personal services,Printing and Recorded Media Production,0,0,0,0,0,0
Agriculture products,Coke and Refined Petroleum Products Manufacturing,0,0,0,0,0,0
Forestry products,Coke and Refined Petroleum Products Manufacturing,0,0,0,0,0,0
Fishing products,Coke and Refined Petroleum Products Manufacturing,0,0,0,0,0,0
Coal and lignite,Coke and Refined Petroleum Products Manufacturing,8,0.031340593904254484,0,0,8,0.031340593904254484
"Petroleum, natural gas and mining of metal ores",Coke and Refined Petroleum Products Manufacturing,21153,82.86844785708689,1,0.003917574,21154,82.87236543132492
Other mining products,Coke and Refined Petroleum Products Manufacturing,0,0,0,0,0,0
Mining support services,Coke and Refined Petroleum Products Manufacturing,0,0,0,0,0,0
Meat and preserved meat products,Coke and Refined Petroleum Products Manufacturing,0,0,6,0.023505445428190865,6,0.023505445428190865
"Fish, seafood, fruit and vegetables",Coke and Refined Petroleum Products Manufacturing,0,0,2,0.007835148,2,0.007835148
Oils and fats,Coke and Refined Petroleum Products Manufacturing,1,0.003917574,0,0,1,0.003917574
Dairy products,Coke and Refined Petroleum Products Manufacturing,0,0,5,0.019587871190159055,5,0.019587871190159055
Grain mill and starch products,Coke and Refined Petroleum Products Manufacturing,0,0,0,0,0,0
Bakery products,Coke and Refined Petroleum Products Manufacturing,0,0,3,0.011752722714095432,3,0.011752722714095432
Other food products,Coke and Refined Petroleum Products Manufacturing,0,0,3,0.011752722714095432,3,0.011752722714095432
Animal feeds,Coke and Refined Petroleum Products Manufacturing,0,0,0,0,0,0
Alcoholic beverages and tobacco,Coke and Refined Petroleum Products Manufacturing,0,0,0,0,0,0
Soft drinks,Coke and Refined Petroleum Products Manufacturing,0,0,0,0,0,0
Textiles,Coke and Refined Petroleum Products Manufacturing,0,0,0,0,0,0
Clothing,Coke and Refined Petroleum Products Manufacturing,0,0,0,0,0,0
Leather products,Coke and Refined Petroleum Products Manufacturing,0,0,0,0,0,0
Wood products (excl. furniture),Coke and Refined Petroleum Products Manufacturing,0,0,0,0,0,0
Paper products,Coke and Refined Petroleum Products Manufacturing,2,0.007835148,0,0,2,0.007835148
Printing and recording services,Coke and Refined Petroleum Products Manufacturing,0,0,0,0,0,0
Coke and refined petroleum products,Coke and Refined Petroleum Products Manufacturing,0,0,1263,4.947896262634178,1263,4.947896262634178
Paints and coatings,Coke and Refined Petroleum Products Manufacturing,0,0,0,0,0,0
Soap and detergents,Coke and Refined Petroleum Products Manufacturing,0,0,0,0,0,0
Other chemical products,Coke and Refined Petroleum Products Manufacturing,84,0.32907623599467206,0,0,84,0.32907623599467206
Industrial gases and fertilizers,Coke and Refined Petroleum Products Manufacturing,0,0,0,0,0,0
Petrochemicals,Coke and Refined Petroleum Products Manufacturing,197,0.7717621248922667,130,0.5092846509441353,327,1.2810467758364021
Dyestuffs and agro-chemicals,Coke and Refined Petroleum Products Manufacturing,0,0,0,0,0,0
Pharmaceutical products,Coke and Refined Petroleum Products Manufacturing,0,0,0,0,0,0
Rubber and plastic products,Coke and Refined Petroleum Products Manufacturing,8,0.031340593904254484,0,0,8,0.031340593904254484
Cement and concrete products,Coke and Refined Petroleum Products Manufacturing,0,0,0,0,0,0
"Glass, ceramic and stone products",Coke and Refined Petroleum Products Manufacturing,0,0,0,0,0,0
Basic iron and steel,Coke and Refined Petroleum Products Manufacturing,1,0.003917574,0,0,1,0.003917574
Other basic metals and casting,Coke and Refined Petroleum Products Manufacturing,0,0,0,0,0,0
Weapons and ammunition,Coke and Refined Petroleum Products Manufacturing,0,0,0,0,0,0
Other fabricated metal products,Coke and Refined Petroleum Products Manufacturing,3,0.011752722714095432,5,0.019587871190159055,8,0.031340594
Computer and electronic products,Coke and Refined Petroleum Products Manufacturing,2,0.007835148,5,0.019587871190159055,7,0.027423019666222674
Electrical equipment,Coke and Refined Petroleum Products Manufacturing,0,0,0,0,0,0
Other machinery and equipment,Coke and Refined Petroleum Products Manufacturing,11,0.043093317,38,0.1488678210452088,49,0.1919611376635587
Motor vehicles,Coke and Refined Petroleum Products Manufacturing,0,0,0,0,0,0
Ships and boats,Coke and Refined Petroleum Products Manufacturing,0,0,0,0,0,0
Aircraft and spacecraft products,Coke and Refined Petroleum Products Manufacturing,0,0,0,0,0,0
Other Transport Equipment,Coke and Refined Petroleum Products Manufacturing,0,0,0,0,0,0
Furniture,Coke and Refined Petroleum Products Manufacturing,0,0,0,0,0,0
Other manufactured goods,Coke and Refined Petroleum Products Manufacturing,0,0,1,0.003917574,1,0.003917574
Ship and boat repair and maintenance,Coke and Refined Petroleum Products Manufacturing,0,0,0,0,0,0
Air and spacecraft repair and maintenance,Coke and Refined Petroleum Products Manufacturing,0,0,0,0,0,0
Other repair services,Coke and Refined Petroleum Products Manufacturing,3,0.011752722714095432,88,0.34474653294679936,91,0.3564992556608948
Electricity services,Coke and Refined Petroleum Products Manufacturing,0,0,309,1.2105304395518295,309,1.2105304395518295
"Mains gas, steam and air conditioning services",Coke and Refined Petroleum Products Manufacturing,0,0,26,0.10185693018882709,26,0.10185693018882709
Water services,Coke and Refined Petroleum Products Manufacturing,0,0,27,0.10577450442685889,27,0.10577450442685889
Sewerage services,Coke and Refined Petroleum Products Manufacturing,0,0,3,0.011752722714095432,3,0.011752722714095432
Waste collection and treatment services,Coke and Refined Petroleum Products Manufacturing,0,0,49,0.1919611376635587,49,0.1919611376635587
Remediation and waste management services,Coke and Refined Petroleum Products Manufacturing,0,0,0,0,0,0
Construction services,Coke and Refined Petroleum Products Manufacturing,0,0,372,1.4573376165478336,372,1.4573376165478336
Motor vehicle trade services,Coke and Refined Petroleum Products Manufacturing,0,0,2,0.007835148,2,0.007835148
Wholesale trade services,Coke and Refined Petroleum Products Manufacturing,0,0,466,1.8255895949228238,466,1.8255895949228238
Retail trade services,Coke and Refined Petroleum Products Manufacturing,0,0,33,0.12927994985504976,33,0.12927994985504976
Rail transport services,Coke and Refined Petroleum Products Manufacturing,0,0,0,0,0,0
Land transport services,Coke and Refined Petroleum Products Manufacturing,0,0,183,0.7169160855598213,183,0.7169160855598213
Water transport services,Coke and Refined Petroleum Products Manufacturing,0,0,65,0.25464232547206767,65,0.25464232547206767
Air transport services,Coke and Refined Petroleum Products Manufacturing,0,0,0,0,0,0
Warehousing services,Coke and Refined Petroleum Products Manufacturing,0,0,0,0,0,0
Postal and courier services,Coke and Refined Petroleum Products Manufacturing,0,0,7,0.027423019666222674,7,0.027423019666222674
Accommodation services,Coke and Refined Petroleum Products Manufacturing,0,0,0,0,0,0
Food and beverage services,Coke and Refined Petroleum Products Manufacturing,0,0,3,0.011752722714095432,3,0.011752722714095432
Publishing services,Coke and Refined Petroleum Products Manufacturing,0,0,0,0,0,0
Media Production services,Coke and Refined Petroleum Products Manufacturing,0,0,0,0,0,0
Telecommunications services,Coke and Refined Petroleum Products Manufacturing,5,0.019587871190159055,2,0.007835148,7,0.027423019666222674
Computer programming services,Coke and Refined Petroleum Products Manufacturing,14,0.054846039,1,0.003917574,15,0.058763614
Information services,Coke and Refined Petroleum Products Manufacturing,0,0,0,0,0,0
Financial services (excl. insurance and pensions),Coke and Refined Petroleum Products Manufacturing,2,0.007835148,465,1.821672020684792,467,1.8295071691608558
Insurance and pension services,Coke and Refined Petroleum Products Manufacturing,1,0.003917574,188,0.7365039567499805,189,0.7404215309880123
Auxiliary financial services,Coke and Refined Petroleum Products Manufacturing,2,0.007835148,73,0.2859829193763222,75,0.29381806785238584
Real estate services,Coke and Refined Petroleum Products Manufacturing,0,0,0,0,0,0
Owner-occupier housing services,Coke and Refined Petroleum Products Manufacturing,0,0,0,0,0,0
Other real estate services,Coke and Refined Petroleum Products Manufacturing,0,0,0,0,0,0
Legal services,Coke and Refined Petroleum Products Manufacturing,2,0.007835148,7,0.027423019666222674,9,0.035258168
Accounting and tax services,Coke and Refined Petroleum Products Manufacturing,9,0.035258168,0,0,9,0.035258168
Management consulting services,Coke and Refined Petroleum Products Manufacturing,0,0,0,0,0,0
Architectural and engineering services,Coke and Refined Petroleum Products Manufacturing,15,0.058763613570477165,60,0.23505445428190866,75,0.29381806785238584
Scientific research and development services,Coke and Refined Petroleum Products Manufacturing,0,0,0,0,0,0
Advertising and market research services,Coke and Refined Petroleum Products Manufacturing,6,0.023505445428190865,10,0.039175742,16,0.062681188
Other scientific and technical services,Coke and Refined Petroleum Products Manufacturing,0,0,11,0.043093317,11,0.043093317
Veterinary services,Coke and Refined Petroleum Products Manufacturing,0,0,0,0,0,0
Rental and leasing services,Coke and Refined Petroleum Products Manufacturing,7,0.027423019666222674,12,0.047010891,19,0.074433911
Employment services,Coke and Refined Petroleum Products Manufacturing,1,0.003917574,28,0.1096920786648907,29,0.1136096529029225
Travel services,Coke and Refined Petroleum Products Manufacturing,0,0,0,0,0,0
Security services,Coke and Refined Petroleum Products Manufacturing,0,0,0,0,0,0
Building and landscape services,Coke and Refined Petroleum Products Manufacturing,0,0,0,0,0,0
Office support services,Coke and Refined Petroleum Products Manufacturing,20,0.078351485,5,0.019587871190159055,25,0.097939356
Public administration services (including defence),Coke and Refined Petroleum Products Manufacturing,0,0,12,0.047010891,12,0.047010891
Education services,Coke and Refined Petroleum Products Manufacturing,0,0,0,0,0,0
Health services,Coke and Refined Petroleum Products Manufacturing,0,0,0,0,0,0
Residential and social care services,Coke and Refined Petroleum Products Manufacturing,0,0,0,0,0,0
Arts and entertainment services,Coke and Refined Petroleum Products Manufacturing,0,0,0,0,0,0
Libraries and other cultural services,Coke and Refined Petroleum Products Manufacturing,0,0,0,0,0,0
Gambling services,Coke and Refined Petroleum Products Manufacturing,0,0,0,0,0,0
Sports and recreation services,Coke and Refined Petroleum Products Manufacturing,0,0,0,0,0,0
Membership services,Coke and Refined Petroleum Products Manufacturing,0,0,0,0,0,0
Computer repair services,Coke and Refined Petroleum Products Manufacturing,0,0,0,0,0,0
Other personal services,Coke and Refined Petroleum Products Manufacturing,0,0,0,0,0,0
Agriculture products,Paints and Coatings Manufacturing,0,0,0,0,0,0
Forestry products,Paints and Coatings Manufacturing,0,0,0,0,0,0
Fishing products,Paints and Coatings Manufacturing,0,0,0,0,0,0
Coal and lignite,Paints and Coatings Manufacturing,0,0,0,0,0,0
"Petroleum, natural gas and mining of metal ores",Paints and Coatings Manufacturing,0,0,0,0,0,0
Other mining products,Paints and Coatings Manufacturing,12,0.5256241787122208,7,0.3066141042487955,19,0.8322382829610162
Mining support services,Paints and Coatings Manufacturing,0,0,0,0,0,0
Meat and preserved meat products,Paints and Coatings Manufacturing,0,0,2,0.08760403,2,0.08760403
"Fish, seafood, fruit and vegetables",Paints and Coatings Manufacturing,0,0,1,0.043802014892685065,1,0.043802014892685065
Oils and fats,Paints and Coatings Manufacturing,1,0.043802014892685065,1,0.043802014892685065,2,0.08760403
Dairy products,Paints and Coatings Manufacturing,0,0,2,0.08760403,2,0.08760403
Grain mill and starch products,Paints and Coatings Manufacturing,0,0,0,0,0,0
Bakery products,Paints and Coatings Manufacturing,0,0,2,0.08760403,2,0.08760403
Other food products,Paints and Coatings Manufacturing,0,0,0,0,0,0
Animal feeds,Paints and Coatings Manufacturing,0,0,0,0,0,0
Alcoholic beverages and tobacco,Paints and Coatings Manufacturing,0,0,0,0,0,0
Soft drinks,Paints and Coatings Manufacturing,0,0,0,0,0,0
Textiles,Paints and Coatings Manufacturing,0,0,0,0,0,0
Clothing,Paints and Coatings Manufacturing,0,0,0,0,0,0
Leather products,Paints and Coatings Manufacturing,0,0,0,0,0,0
Wood products (excl. furniture),Paints and Coatings Manufacturing,1,0.043802014892685065,0,0,1,0.043802014892685065
Paper products,Paints and Coatings Manufacturing,10,0.4380201489268506,0,0,10,0.4380201489268506
Printing and recording services,Paints and Coatings Manufacturing,0,0,0,0,0,0
Coke and refined petroleum products,Paints and Coatings Manufacturing,1,0.043802014892685065,2,0.08760403,3,0.1314060446780552
Paints and coatings,Paints and Coatings Manufacturing,158,6.920718353,0,0,158,6.920718353
Soap and detergents,Paints and Coatings Manufacturing,0,0,0,0,0,0
Other chemical products,Paints and Coatings Manufacturing,103,4.511607533946561,0,0,103,4.511607533946561
Industrial gases and fertilizers,Paints and Coatings Manufacturing,19,0.8322382829610162,40,1.7520805957074024,59,2.5843188786684186
Petrochemicals,Paints and Coatings Manufacturing,337,14.761279018834866,222,9.724047306176084,559,24.485326325010952
Dyestuffs and agro-chemicals,Paints and Coatings Manufacturing,164,7.183530442,0,0,164,7.183530442
Pharmaceutical products,Paints and Coatings Manufacturing,0,0,0,0,0,0
Rubber and plastic products,Paints and Coatings Manufacturing,69,3.0223390275952693,12,0.5256241787122208,81,3.547963206
Cement and concrete products,Paints and Coatings Manufacturing,16,0.700832238,17,0.7446342531756461,33,1.4454664914586073
"Glass, ceramic and stone products",Paints and Coatings Manufacturing,0,0,0,0,0,0
Basic iron and steel,Paints and Coatings Manufacturing,0,0,0,0,0,0
Other basic metals and casting,Paints and Coatings Manufacturing,0,0,0,0,0,0
Weapons and ammunition,Paints and Coatings Manufacturing,0,0,0,0,0,0
Other fabricated metal products,Paints and Coatings Manufacturing,7,0.3066141042487955,0,0,7,0.3066141042487955
Computer and electronic products,Paints and Coatings Manufacturing,3,0.1314060446780552,2,0.08760403,5,0.21901007446342532
Electrical equipment,Paints and Coatings Manufacturing,0,0,0,0,0,0
Other machinery and equipment,Paints and Coatings Manufacturing,8,0.3504161191414805,12,0.5256241787122208,20,0.8760402978537013
Motor vehicles,Paints and Coatings Manufacturing,0,0,1,0.043802014892685065,1,0.043802014892685065
Ships and boats,Paints and Coatings Manufacturing,0,0,0,0,0,0
Aircraft and spacecraft products,Paints and Coatings Manufacturing,0,0,0,0,0,0
Other Transport Equipment,Paints and Coatings Manufacturing,0,0,0,0,0,0
Furniture,Paints and Coatings Manufacturing,0,0,0,0,0,0
Other manufactured goods,Paints and Coatings Manufacturing,1,0.043802014892685065,0,0,1,0.043802014892685065
Ship and boat repair and maintenance,Paints and Coatings Manufacturing,0,0,0,0,0,0
Air and spacecraft repair and maintenance,Paints and Coatings Manufacturing,0,0,0,0,0,0
Other repair services,Paints and Coatings Manufacturing,0,0,40,1.7520805957074024,40,1.7520805957074024
Electricity services,Paints and Coatings Manufacturing,0,0,27,1.1826544021024967,27,1.1826544021024967
"Mains gas, steam and air conditioning services",Paints and Coatings Manufacturing,0,0,5,0.2190100744634253,5,0.2190100744634253
Water services,Paints and Coatings Manufacturing,0,0,3,0.1314060446780552,3,0.1314060446780552
Sewerage services,Paints and Coatings Manufacturing,0,0,2,0.08760403,2,0.08760403
Waste collection and treatment services,Paints and Coatings Manufacturing,1,0.043802014892685065,11,0.4818221638195357,12,0.5256241787122208
Remediation and waste management services,Paints and Coatings Manufacturing,0,0,0,0,0,0
Construction services,Paints and Coatings Manufacturing,0,0,5,0.2190100744634253,5,0.2190100744634253
Motor vehicle trade services,Paints and Coatings Manufacturing,0,0,1,0.043802014892685065,1,0.043802014892685065
Wholesale trade services,Paints and Coatings Manufacturing,0,0,302,13.22820849759089,302,13.22820849759089
Retail trade services,Paints and Coatings Manufacturing,0,0,52,2.2777047744196235,52,2.2777047744196235
Rail transport services,Paints and Coatings Manufacturing,0,0,0,0,0,0
Land transport services,Paints and Coatings Manufacturing,14,0.613228208,123,5.387647831800263,137,6.000876040297854
Water transport services,Paints and Coatings Manufacturing,0,0,0,0,0,0
Air transport services,Paints and Coatings Manufacturing,0,0,0,0,0,0
Warehousing services,Paints and Coatings Manufacturing,0,0,9,0.39421813403416556,9,0.39421813403416556
Postal and courier services,Paints and Coatings Manufacturing,0,0,65,2.847130968024529,65,2.847130968024529
Accommodation services,Paints and Coatings Manufacturing,0,0,0,0,0,0
Food and beverage services,Paints and Coatings Manufacturing,0,0,15,0.657030223,15,0.657030223
Publishing services,Paints and Coatings Manufacturing,1,0.043802014892685065,0,0,1,0.043802014892685065
Media Production services,Paints and Coatings Manufacturing,0,0,0,0,0,0
Telecommunications services,Paints and Coatings Manufacturing,0,0,4,0.17520805957074026,4,0.17520805957074026
Computer programming services,Paints and Coatings Manufacturing,1,0.043802014892685065,36,1.5768725361366622,37,1.6206745510293472
Information services,Paints and Coatings Manufacturing,0,0,0,0,0,0
Financial services (excl. insurance and pensions),Paints and Coatings Manufacturing,0,0,84,3.679369250985545,84,3.679369250985545
Insurance and pension services,Paints and Coatings Manufacturing,0,0,16,0.700832238,16,0.700832238
Auxiliary financial services,Paints and Coatings Manufacturing,0,0,2,0.08760403,2,0.08760403
Real estate services,Paints and Coatings Manufacturing,0,0,0,0,0,0
Owner-occupier housing services,Paints and Coatings Manufacturing,0,0,0,0,0,0
Other real estate services,Paints and Coatings Manufacturing,0,0,1,0.043802014892685065,1,0.043802014892685065
Legal services,Paints and Coatings Manufacturing,1,0.043802014892685065,31,1.3578624616732369,32,1.4016644765659219
Accounting and tax services,Paints and Coatings Manufacturing,0,0,13,0.5694261936049059,13,0.5694261936049059
Management consulting services,Paints and Coatings Manufacturing,30,1.314060446780552,0,0,30,1.314060446780552
Architectural and engineering services,Paints and Coatings Manufacturing,1,0.043802014892685065,3,0.1314060446780552,4,0.17520805957074026
Scientific research and development services,Paints and Coatings Manufacturing,0,0,0,0,0,0
Advertising and market research services,Paints and Coatings Manufacturing,6,0.2628120893561104,43,1.8834866403854578,49,2.1462987297415683
Other scientific and technical services,Paints and Coatings Manufacturing,0,0,3,0.1314060446780552,3,0.1314060446780552
Veterinary services,Paints and Coatings Manufacturing,0,0,0,0,0,0
Rental and leasing services,Paints and Coatings Manufacturing,5,0.2190100744634253,26,1.1388523872098117,31,1.357862461673237
Employment services,Paints and Coatings Manufacturing,2,0.08760403,43,1.8834866403854578,45,1.971090670170828
Travel services,Paints and Coatings Manufacturing,0,0,0,0,0,0
Security services,Paints and Coatings Manufacturing,0,0,0,0,0,0
Building and landscape services,Paints and Coatings Manufacturing,0,0,0,0,0,0
Office support services,Paints and Coatings Manufacturing,1,0.043802014892685065,0,0,1,0.043802014892685065
Public administration services (including defence),Paints and Coatings Manufacturing,0,0,16,0.700832238,16,0.700832238
Education services,Paints and Coatings Manufacturing,0,0,5,0.2190100744634253,5,0.2190100744634253
Health services,Paints and Coatings Manufacturing,0,0,0,0,0,0
Residential and social care services,Paints and Coatings Manufacturing,0,0,0,0,0,0
Arts and entertainment services,Paints and Coatings Manufacturing,0,0,0,0,0,0
Libraries and other cultural services,Paints and Coatings Manufacturing,0,0,0,0,0,0
Gambling services,Paints and Coatings Manufacturing,0,0,0,0,0,0
Sports and recreation services,Paints and Coatings Manufacturing,0,0,0,0,0,0
Membership services,Paints and Coatings Manufacturing,0,0,1,0.043802014892685065,1,0.043802014892685065
Computer repair services,Paints and Coatings Manufacturing,0,0,0,0,0,0
Other personal services,Paints and Coatings Manufacturing,0,0,0,0,0,0
Agriculture products,Soap and Detergents Manufacturing,0,0,0,0,0,0
Forestry products,Soap and Detergents Manufacturing,0,0,0,0,0,0
Fishing products,Soap and Detergents Manufacturing,0,0,0,0,0,0
Coal and lignite,Soap and Detergents Manufacturing,0,0,0,0,0,0
"Petroleum, natural gas and mining of metal ores",Soap and Detergents Manufacturing,0,0,1,0.02113718,1,0.02113718
Other mining products,Soap and Detergents Manufacturing,0,0,0,0,0,0
Mining support services,Soap and Detergents Manufacturing,0,0,0,0,0,0
Meat and preserved meat products,Soap and Detergents Manufacturing,0,0,0,0,0,0
"Fish, seafood, fruit and vegetables",Soap and Detergents Manufacturing,0,0,2,0.042274361,2,0.042274361
Oils and fats,Soap and Detergents Manufacturing,36,0.7609384908053266,2,0.042274361,38,0.8032128514056225
Dairy products,Soap and Detergents Manufacturing,1,0.02113718,0,0,1,0.02113718
Grain mill and starch products,Soap and Detergents Manufacturing,0,0,0,0,0,0
Bakery products,Soap and Detergents Manufacturing,0,0,3,0.063411541,3,0.063411541
Other food products,Soap and Detergents Manufacturing,0,0,0,0,0,0
Animal feeds,Soap and Detergents Manufacturing,0,0,0,0,0,0
Alcoholic beverages and tobacco,Soap and Detergents Manufacturing,0,0,0,0,0,0
Soft drinks,Soap and Detergents Manufacturing,0,0,0,0,0,0
Textiles,Soap and Detergents Manufacturing,0,0,0,0,0,0
Clothing,Soap and Detergents Manufacturing,0,0,0,0,0,0
Leather products,Soap and Detergents Manufacturing,0,0,0,0,0,0
Wood products (excl. furniture),Soap and Detergents Manufacturing,0,0,0,0,0,0
Paper products,Soap and Detergents Manufacturing,96,2.029169308814204,162,3.4242232086239692,258,5.453392517438173
Printing and recording services,Soap and Detergents Manufacturing,0,0,0,0,0,0
Coke and refined petroleum products,Soap and Detergents Manufacturing,7,0.14796026210103572,0,0,7,0.14796026210103572
Paints and coatings,Soap and Detergents Manufacturing,0,0,0,0,0,0
Soap and detergents,Soap and Detergents Manufacturing,141,2.9803424223208625,398,8.412597759458889,539,11.392940181779752
Other chemical products,Soap and Detergents Manufacturing,535,11.30839146057916,0,0,535,11.30839146057916
Industrial gases and fertilizers,Soap and Detergents Manufacturing,34,0.7186641302050306,5,0.1056859015007398,39,0.8243500317057704
Petrochemicals,Soap and Detergents Manufacturing,83,1.7543859649122806,55,1.1625449165081378,138,2.9169308814204182
Dyestuffs and agro-chemicals,Soap and Detergents Manufacturing,10,0.2113718030014796,0,0,10,0.2113718030014796
Pharmaceutical products,Soap and Detergents Manufacturing,23,0.48615514690340306,0,0,23,0.48615514690340306
Rubber and plastic products,Soap and Detergents Manufacturing,505,10.67427605157472,63,1.3316423589093214,568,12.005918410484043
Cement and concrete products,Soap and Detergents Manufacturing,0,0,0,0,0,0
"Glass, ceramic and stone products",Soap and Detergents Manufacturing,49,1.035721835,0,0,49,1.035721835
Basic iron and steel,Soap and Detergents Manufacturing,0,0,0,0,0,0
Other basic metals and casting,Soap and Detergents Manufacturing,0,0,0,0,0,0
Weapons and ammunition,Soap and Detergents Manufacturing,0,0,0,0,0,0
Other fabricated metal products,Soap and Detergents Manufacturing,11,0.23250898330162756,135,2.8535193405199744,146,3.0860283238216017
Computer and electronic products,Soap and Detergents Manufacturing,2,0.042274361,4,0.084548721,6,0.12682308180088775
Electrical equipment,Soap and Detergents Manufacturing,0,0,0,0,0,0
Other machinery and equipment,Soap and Detergents Manufacturing,2,0.042274361,0,0,2,0.042274361
Motor vehicles,Soap and Detergents Manufacturing,0,0,0,0,0,0
Ships and boats,Soap and Detergents Manufacturing,0,0,0,0,0,0
Aircraft and spacecraft products,Soap and Detergents Manufacturing,0,0,0,0,0,0
Other Transport Equipment,Soap and Detergents Manufacturing,0,0,0,0,0,0
Furniture,Soap and Detergents Manufacturing,0,0,0,0,0,0
Other manufactured goods,Soap and Detergents Manufacturing,2,0.042274361,0,0,2,0.042274361
Ship and boat repair and maintenance,Soap and Detergents Manufacturing,0,0,0,0,0,0
Air and spacecraft repair and maintenance,Soap and Detergents Manufacturing,0,0,0,0,0,0
Other repair services,Soap and Detergents Manufacturing,0,0,49,1.035721835,49,1.035721835
Electricity services,Soap and Detergents Manufacturing,0,0,59,1.2470936377087298,59,1.2470936377087298
"Mains gas, steam and air conditioning services",Soap and Detergents Manufacturing,0,0,21,0.4438807863031071,21,0.4438807863031071
Water services,Soap and Detergents Manufacturing,0,0,14,0.29592052420207143,14,0.29592052420207143
Sewerage services,Soap and Detergents Manufacturing,0,0,0,0,0,0
Waste collection and treatment services,Soap and Detergents Manufacturing,0,0,9,0.19023462270133165,9,0.19023462270133165
Remediation and waste management services,Soap and Detergents Manufacturing,0,0,0,0,0,0
Construction services,Soap and Detergents Manufacturing,0,0,0,0,0,0
Motor vehicle trade services,Soap and Detergents Manufacturing,0,0,4,0.084548721,4,0.084548721
Wholesale trade services,Soap and Detergents Manufacturing,0,0,665,14.056224899598394,665,14.056224899598394
Retail trade services,Soap and Detergents Manufacturing,0,0,251,5.305432255337138,251,5.305432255337138
Rail transport services,Soap and Detergents Manufacturing,0,0,0,0,0,0
Land transport services,Soap and Detergents Manufacturing,18,0.3804692454026633,105,2.219403931515536,123,2.5998731769181993
Water transport services,Soap and Detergents Manufacturing,0,0,0,0,0,0
Air transport services,Soap and Detergents Manufacturing,0,0,0,0,0,0
Warehousing services,Soap and Detergents Manufacturing,0,0,8,0.16909744240118368,8,0.16909744240118368
Postal and courier services,Soap and Detergents Manufacturing,0,0,131,2.768970619319383,131,2.768970619319383
Accommodation services,Soap and Detergents Manufacturing,0,0,0,0,0,0
Food and beverage services,Soap and Detergents Manufacturing,0,0,16,0.33819488480236737,16,0.33819488480236737
Publishing services,Soap and Detergents Manufacturing,2,0.042274361,0,0,2,0.042274361
Media Production services,Soap and Detergents Manufacturing,0,0,0,0,0,0
Telecommunications services,Soap and Detergents Manufacturing,0,0,5,0.1056859015007398,5,0.1056859015007398
Computer programming services,Soap and Detergents Manufacturing,2,0.042274361,28,0.5918410484041429,30,0.6341154090044387
Information services,Soap and Detergents Manufacturing,0,0,0,0,0,0
Financial services (excl. insurance and pensions),Soap and Detergents Manufacturing,10,0.2113718030014796,84,1.7755231452124285,94,1.986894948213908
Insurance and pension services,Soap and Detergents Manufacturing,1,0.02113718,33,0.6975269499048826,34,0.7186641302050306
Auxiliary financial services,Soap and Detergents Manufacturing,7,0.14796026210103572,45,0.9511731135066582,52,1.099133375607694
Real estate services,Soap and Detergents Manufacturing,0,0,0,0,0,0
Owner-occupier housing services,Soap and Detergents Manufacturing,0,0,0,0,0,0
Other real estate services,Soap and Detergents Manufacturing,0,0,0,0,0,0
Legal services,Soap and Detergents Manufacturing,6,0.12682308180088775,76,1.6064257028112447,82,1.7332487846121325
Accounting and tax services,Soap and Detergents Manufacturing,3,0.063411541,65,1.3739167195096174,68,1.4373282604100612
Management consulting services,Soap and Detergents Manufacturing,67,1.4161910801099133,152,3.2128514056224895,219,4.629042485732403
Architectural and engineering services,Soap and Detergents Manufacturing,0,0,49,1.035721835,49,1.035721835
Scientific research and development services,Soap and Detergents Manufacturing,0,0,0,0,0,0
Advertising and market research services,Soap and Detergents Manufacturing,14,0.29592052420207143,233,4.9249630099344754,247,5.220883534136547
Other scientific and technical services,Soap and Detergents Manufacturing,0,0,45,0.9511731135066582,45,0.9511731135066582
Veterinary services,Soap and Detergents Manufacturing,0,0,0,0,0,0
Rental and leasing services,Soap and Detergents Manufacturing,1,0.02113718,19,0.4016064257028112,20,0.4227436060029591
Employment services,Soap and Detergents Manufacturing,1,0.02113718,49,1.035721835,50,1.056859015007398
Travel services,Soap and Detergents Manufacturing,0,0,0,0,0,0
Security services,Soap and Detergents Manufacturing,0,0,0,0,0,0
Building and landscape services,Soap and Detergents Manufacturing,0,0,0,0,0,0
Office support services,Soap and Detergents Manufacturing,0,0,0,0,0,0
Public administration services (including defence),Soap and Detergents Manufacturing,0,0,16,0.33819488480236737,16,0.33819488480236737
Education services,Soap and Detergents Manufacturing,0,0,1,0.02113718,1,0.02113718
Health services,Soap and Detergents Manufacturing,0,0,0,0,0,0
Residential and social care services,Soap and Detergents Manufacturing,0,0,0,0,0,0
Arts and entertainment services,Soap and Detergents Manufacturing,0,0,0,0,0,0
Libraries and other cultural services,Soap and Detergents Manufacturing,0,0,0,0,0,0
Gambling services,Soap and Detergents Manufacturing,0,0,0,0,0,0
Sports and recreation services,Soap and Detergents Manufacturing,0,0,0,0,0,0
Membership services,Soap and Detergents Manufacturing,0,0,0,0,0,0
Computer repair services,Soap and Detergents Manufacturing,0,0,0,0,0,0
Other personal services,Soap and Detergents Manufacturing,0,0,0,0,0,0
Agriculture products,Other Chemical Products Manufacturing,0,0,0,0,0,0
Forestry products,Other Chemical Products Manufacturing,0,0,0,0,0,0
Fishing products,Other Chemical Products Manufacturing,0,0,0,0,0,0
Coal and lignite,Other Chemical Products Manufacturing,0,0,0,0,0,0
"Petroleum, natural gas and mining of metal ores",Other Chemical Products Manufacturing,4,0.07183908,0,0,4,0.07183908
Other mining products,Other Chemical Products Manufacturing,0,0,0,0,0,0
Mining support services,Other Chemical Products Manufacturing,0,0,0,0,0,0
Meat and preserved meat products,Other Chemical Products Manufacturing,2,0.035919540229885055,0,0,2,0.035919540229885055
"Fish, seafood, fruit and vegetables",Other Chemical Products Manufacturing,0,0,1,0.017959770114942528,1,0.017959770114942528
Oils and fats,Other Chemical Products Manufacturing,0,0,0,0,0,0
Dairy products,Other Chemical Products Manufacturing,1,0.017959770114942528,0,0,1,0.017959770114942528
Grain mill and starch products,Other Chemical Products Manufacturing,0,0,0,0,0,0
Bakery products,Other Chemical Products Manufacturing,0,0,3,0.05387931,3,0.05387931
Other food products,Other Chemical Products Manufacturing,2,0.035919540229885055,0,0,2,0.035919540229885055
Animal feeds,Other Chemical Products Manufacturing,0,0,0,0,0,0
Alcoholic beverages and tobacco,Other Chemical Products Manufacturing,0,0,0,0,0,0
Soft drinks,Other Chemical Products Manufacturing,0,0,0,0,0,0
Textiles,Other Chemical Products Manufacturing,0,0,0,0,0,0
Clothing,Other Chemical Products Manufacturing,0,0,0,0,0,0
Leather products,Other Chemical Products Manufacturing,0,0,0,0,0,0
Wood products (excl. furniture),Other Chemical Products Manufacturing,0,0,0,0,0,0
Paper products,Other Chemical Products Manufacturing,19,0.34123563218390807,10,0.17959770114942528,29,0.5208333333333334
Printing and recording services,Other Chemical Products Manufacturing,0,0,0,0,0,0
Coke and refined petroleum products,Other Chemical Products Manufacturing,4,0.07183908,0,0,4,0.07183908
Paints and coatings,Other Chemical Products Manufacturing,7,0.1257183908045977,0,0,7,0.1257183908045977
Soap and detergents,Other Chemical Products Manufacturing,0,0,0,0,0,0
Other chemical products,Other Chemical Products Manufacturing,2553,45.85129310344828,0,0,2553,45.85129310344828
Industrial gases and fertilizers,Other Chemical Products Manufacturing,24,0.43103448275862066,0,0,24,0.43103448275862066
Petrochemicals,Other Chemical Products Manufacturing,472,8.477011494252872,314,5.639367816091954,786,14.116379310344826
Dyestuffs and agro-chemicals,Other Chemical Products Manufacturing,12,0.21551724137931033,0,0,12,0.21551724137931033
Pharmaceutical products,Other Chemical Products Manufacturing,0,0,0,0,0,0
Rubber and plastic products,Other Chemical Products Manufacturing,81,1.4547413793103448,0,0,81,1.4547413793103448
Cement and concrete products,Other Chemical Products Manufacturing,13,0.2334770114942529,0,0,13,0.2334770114942529
"Glass, ceramic and stone products",Other Chemical Products Manufacturing,0,0,0,0,0,0
Basic iron and steel,Other Chemical Products Manufacturing,0,0,0,0,0,0
Other basic metals and casting,Other Chemical Products Manufacturing,33,0.5926724137931034,0,0,33,0.5926724137931034
Weapons and ammunition,Other Chemical Products Manufacturing,0,0,0,0,0,0
Other fabricated metal products,Other Chemical Products Manufacturing,14,0.2514367816091954,58,1.0416666666666665,72,1.2931034482758619
Computer and electronic products,Other Chemical Products Manufacturing,24,0.43103448275862066,15,0.26939655172413796,39,0.7004310344827587
Electrical equipment,Other Chemical Products Manufacturing,0,0,0,0,0,0
Other machinery and equipment,Other Chemical Products Manufacturing,30,0.5387931034482759,0,0,30,0.5387931034482759
Motor vehicles,Other Chemical Products Manufacturing,0,0,0,0,0,0
Ships and boats,Other Chemical Products Manufacturing,0,0,0,0,0,0
Aircraft and spacecraft products,Other Chemical Products Manufacturing,0,0,0,0,0,0
Other Transport Equipment,Other Chemical Products Manufacturing,0,0,0,0,0,0
Furniture,Other Chemical Products Manufacturing,0,0,0,0,0,0
Other manufactured goods,Other Chemical Products Manufacturing,1,0.017959770114942528,0,0,1,0.017959770114942528
Ship and boat repair and maintenance,Other Chemical Products Manufacturing,0,0,0,0,0,0
Air and spacecraft repair and maintenance,Other Chemical Products Manufacturing,0,0,0,0,0,0
Other repair services,Other Chemical Products Manufacturing,0,0,55,0.9877873563218391,55,0.9877873563218391
Electricity services,Other Chemical Products Manufacturing,0,0,43,0.7722701149425287,43,0.7722701149425287
"Mains gas, steam and air conditioning services",Other Chemical Products Manufacturing,0,0,25,0.4489942528735632,25,0.4489942528735632
Water services,Other Chemical Products Manufacturing,0,0,14,0.2514367816091954,14,0.2514367816091954
Sewerage services,Other Chemical Products Manufacturing,0,0,11,0.19755747126436785,11,0.19755747126436785
Waste collection and treatment services,Other Chemical Products Manufacturing,17,0.305316092,0,0,17,0.305316092
Remediation and waste management services,Other Chemical Products Manufacturing,0,0,0,0,0,0
Construction services,Other Chemical Products Manufacturing,0,0,0,0,0,0
Motor vehicle trade services,Other Chemical Products Manufacturing,0,0,2,0.035919540229885055,2,0.035919540229885055
Wholesale trade services,Other Chemical Products Manufacturing,4,0.07183908,685,12.302442528735632,689,12.374281609195402
Retail trade services,Other Chemical Products Manufacturing,0,0,130,2.3347701149425286,130,2.3347701149425286
Rail transport services,Other Chemical Products Manufacturing,0,0,0,0,0,0
Land transport services,Other Chemical Products Manufacturing,12,0.21551724137931033,86,1.5445402298850575,98,1.7600574712643677
Water transport services,Other Chemical Products Manufacturing,0,0,0,0,0,0
Air transport services,Other Chemical Products Manufacturing,0,0,0,0,0,0
Warehousing services,Other Chemical Products Manufacturing,0,0,31,0.5567528735632185,31,0.5567528735632185
Postal and courier services,Other Chemical Products Manufacturing,5,0.089798851,16,0.28735632183908044,21,0.3771551724137931
Accommodation services,Other Chemical Products Manufacturing,0,0,0,0,0,0
Food and beverage services,Other Chemical Products Manufacturing,0,0,6,0.10775862068965517,6,0.10775862068965517
Publishing services,Other Chemical Products Manufacturing,0,0,3,0.05387931,3,0.05387931
Media Production services,Other Chemical Products Manufacturing,0,0,0,0,0,0
Telecommunications services,Other Chemical Products Manufacturing,0,0,9,0.16163793103448276,9,0.16163793103448276
Computer programming services,Other Chemical Products Manufacturing,3,0.05387931,47,0.8441091954022989,50,0.8979885057471265
Information services,Other Chemical Products Manufacturing,0,0,0,0,0,0
Financial services (excl. insurance and pensions),Other Chemical Products Manufacturing,0,0,261,4.6875,261,4.6875
Insurance and pension services,Other Chemical Products Manufacturing,0,0,42,0.7543103448275862,42,0.7543103448275862
Auxiliary financial services,Other Chemical Products Manufacturing,0,0,69,1.2392241379310345,69,1.2392241379310345
Real estate services,Other Chemical Products Manufacturing,0,0,0,0,0,0
Owner-occupier housing services,Other Chemical Products Manufacturing,0,0,0,0,0,0
Other real estate services,Other Chemical Products Manufacturing,0,0,10,0.17959770114942528,10,0.17959770114942528
Legal services,Other Chemical Products Manufacturing,1,0.017959770114942528,103,1.8498563218390804,104,1.867816091954023
Accounting and tax services,Other Chemical Products Manufacturing,0,0,56,1.0057471264367817,56,1.0057471264367817
Management consulting services,Other Chemical Products Manufacturing,0,0,0,0,0,0
Architectural and engineering services,Other Chemical Products Manufacturing,1,0.017959770114942528,23,0.4130747126436782,24,0.4310344827586207
Scientific research and development services,Other Chemical Products Manufacturing,0,0,0,0,0,0
Advertising and market research services,Other Chemical Products Manufacturing,0,0,23,0.4130747126436782,23,0.4130747126436782
Other scientific and technical services,Other Chemical Products Manufacturing,0,0,5,0.089798851,5,0.089798851
Veterinary services,Other Chemical Products Manufacturing,0,0,0,0,0,0
Rental and leasing services,Other Chemical Products Manufacturing,13,0.2334770114942529,5,0.089798851,18,0.3232758620689655
Employment services,Other Chemical Products Manufacturing,0,0,25,0.4489942528735632,25,0.4489942528735632
Travel services,Other Chemical Products Manufacturing,0,0,0,0,0,0
Security services,Other Chemical Products Manufacturing,0,0,0,0,0,0
Building and landscape services,Other Chemical Products Manufacturing,0,0,0,0,0,0
Office support services,Other Chemical Products Manufacturing,0,0,0,0,0,0
Public administration services (including defence),Other Chemical Products Manufacturing,0,0,29,0.5208333333333333,29,0.5208333333333333
Education services,Other Chemical Products Manufacturing,0,0,0,0,0,0
Health services,Other Chemical Products Manufacturing,0,0,0,0,0,0
Residential and social care services,Other Chemical Products Manufacturing,0,0,0,0,0,0
Arts and entertainment services,Other Chemical Products Manufacturing,0,0,0,0,0,0
Libraries and other cultural services,Other Chemical Products Manufacturing,0,0,0,0,0,0
Gambling services,Other Chemical Products Manufacturing,0,0,0,0,0,0
Sports and recreation services,Other Chemical Products Manufacturing,0,0,0,0,0,0
Membership services,Other Chemical Products Manufacturing,0,0,1,0.017959770114942528,1,0.017959770114942528
Computer repair services,Other Chemical Products Manufacturing,0,0,0,0,0,0
Other personal services,Other Chemical Products Manufacturing,0,0,0,0,0,0
Agriculture products,Industrial Gases and Fertilisers Manufacturing,20,0.5403944879762227,0,0,20,0.5403944879762227
Forestry products,Industrial Gases and Fertilisers Manufacturing,0,0,0,0,0,0
Fishing products,Industrial Gases and Fertilisers Manufacturing,0,0,0,0,0,0
Coal and lignite,Industrial Gases and Fertilisers Manufacturing,0,0,0,0,0,0
"Petroleum, natural gas and mining of metal ores",Industrial Gases and Fertilisers Manufacturing,0,0,8,0.21615779519048905,8,0.21615779519048905
Other mining products,Industrial Gases and Fertilisers Manufacturing,16,0.4323155903809781,0,0,16,0.4323155903809781
Mining support services,Industrial Gases and Fertilisers Manufacturing,0,0,0,0,0,0
Meat and preserved meat products,Industrial Gases and Fertilisers Manufacturing,0,0,0,0,0,0
"Fish, seafood, fruit and vegetables",Industrial Gases and Fertilisers Manufacturing,0,0,0,0,0,0
Oils and fats,Industrial Gases and Fertilisers Manufacturing,0,0,0,0,0,0
Dairy products,Industrial Gases and Fertilisers Manufacturing,0,0,0,0,0,0
Grain mill and starch products,Industrial Gases and Fertilisers Manufacturing,0,0,0,0,0,0
Bakery products,Industrial Gases and Fertilisers Manufacturing,0,0,2,0.054039448797622264,2,0.054039448797622264
Other food products,Industrial Gases and Fertilisers Manufacturing,0,0,0,0,0,0
Animal feeds,Industrial Gases and Fertilisers Manufacturing,0,0,0,0,0,0
Alcoholic beverages and tobacco,Industrial Gases and Fertilisers Manufacturing,0,0,0,0,0,0
Soft drinks,Industrial Gases and Fertilisers Manufacturing,0,0,0,0,0,0
Textiles,Industrial Gases and Fertilisers Manufacturing,0,0,0,0,0,0
Clothing,Industrial Gases and Fertilisers Manufacturing,0,0,0,0,0,0
Leather products,Industrial Gases and Fertilisers Manufacturing,0,0,0,0,0,0
Wood products (excl. furniture),Industrial Gases and Fertilisers Manufacturing,0,0,0,0,0,0
Paper products,Industrial Gases and Fertilisers Manufacturing,3,0.081059173,9,0.2431775195893002,12,0.3242366927857336
Printing and recording services,Industrial Gases and Fertilisers Manufacturing,0,0,0,0,0,0
Coke and refined petroleum products,Industrial Gases and Fertilisers Manufacturing,11,0.29721696838692246,15,0.405295866,26,0.7025128343690894
Paints and coatings,Industrial Gases and Fertilisers Manufacturing,0,0,0,0,0,0
Soap and detergents,Industrial Gases and Fertilisers Manufacturing,0,0,0,0,0,0
Other chemical products,Industrial Gases and Fertilisers Manufacturing,4,0.10807889759524453,0,0,4,0.10807889759524453
Industrial gases and fertilizers,Industrial Gases and Fertilisers Manufacturing,1294,34.96352337206161,0,0,1294,34.96352337206161
Petrochemicals,Industrial Gases and Fertilisers Manufacturing,80,2.1615779519048908,54,1.4590651175358011,134,3.6206430694406917
Dyestuffs and agro-chemicals,Industrial Gases and Fertilisers Manufacturing,8,0.21615779519048905,0,0,8,0.21615779519048905
Pharmaceutical products,Industrial Gases and Fertilisers Manufacturing,0,0,0,0,0,0
Rubber and plastic products,Industrial Gases and Fertilisers Manufacturing,18,0.4863550391786004,41,1.1078087003512564,59,1.594163739529857
Cement and concrete products,Industrial Gases and Fertilisers Manufacturing,0,0,0,0,0,0
"Glass, ceramic and stone products",Industrial Gases and Fertilisers Manufacturing,0,0,0,0,0,0
Basic iron and steel,Industrial Gases and Fertilisers Manufacturing,0,0,0,0,0,0
Other basic metals and casting,Industrial Gases and Fertilisers Manufacturing,0,0,0,0,0,0
Weapons and ammunition,Industrial Gases and Fertilisers Manufacturing,0,0,0,0,0,0
Other fabricated metal products,Industrial Gases and Fertilisers Manufacturing,0,0,0,0,0,0
Computer and electronic products,Industrial Gases and Fertilisers Manufacturing,0,0,5,0.13509862199405567,5,0.13509862199405567
Electrical equipment,Industrial Gases and Fertilisers Manufacturing,0,0,0,0,0,0
Other machinery and equipment,Industrial Gases and Fertilisers Manufacturing,30,0.810591732,5,0.13509862199405567,35,0.9456903539583896
Motor vehicles,Industrial Gases and Fertilisers Manufacturing,1,0.027019724398811132,3,0.081059173,4,0.10807889759524453
Ships and boats,Industrial Gases and Fertilisers Manufacturing,0,0,0,0,0,0
Aircraft and spacecraft products,Industrial Gases and Fertilisers Manufacturing,0,0,0,0,0,0
Other Transport Equipment,Industrial Gases and Fertilisers Manufacturing,0,0,0,0,0,0
Furniture,Industrial Gases and Fertilisers Manufacturing,0,0,0,0,0,0
Other manufactured goods,Industrial Gases and Fertilisers Manufacturing,1,0.027019724398811132,0,0,1,0.027019724398811132
Ship and boat repair and maintenance,Industrial Gases and Fertilisers Manufacturing,0,0,0,0,0,0
Air and spacecraft repair and maintenance,Industrial Gases and Fertilisers Manufacturing,0,0,0,0,0,0
Other repair services,Industrial Gases and Fertilisers Manufacturing,0,0,23,0.6214536611726561,23,0.6214536611726561
Electricity services,Industrial Gases and Fertilisers Manufacturing,0,0,476,12.861388813834099,476,12.861388813834099
"Mains gas, steam and air conditioning services",Industrial Gases and Fertilisers Manufacturing,0,0,245,6.619832477708727,245,6.619832477708727
Water services,Industrial Gases and Fertilisers Manufacturing,0,0,23,0.6214536611726561,23,0.6214536611726561
Sewerage services,Industrial Gases and Fertilisers Manufacturing,0,0,0,0,0,0
Waste collection and treatment services,Industrial Gases and Fertilisers Manufacturing,23,0.6214536611726561,0,0,23,0.6214536611726561
Remediation and waste management services,Industrial Gases and Fertilisers Manufacturing,0,0,0,0,0,0
Construction services,Industrial Gases and Fertilisers Manufacturing,0,0,32,0.8646311807619562,32,0.8646311807619562
Motor vehicle trade services,Industrial Gases and Fertilisers Manufacturing,0,0,5,0.13509862199405567,5,0.13509862199405567
Wholesale trade services,Industrial Gases and Fertilisers Manufacturing,0,0,521,14.07727641,521,14.07727641
Retail trade services,Industrial Gases and Fertilisers Manufacturing,0,0,101,2.728992164279924,101,2.728992164279924
Rail transport services,Industrial Gases and Fertilisers Manufacturing,0,0,0,0,0,0
Land transport services,Industrial Gases and Fertilisers Manufacturing,50,1.3509862199405567,132,3.5666036206430696,182,4.917589840583626
Water transport services,Industrial Gases and Fertilisers Manufacturing,0,0,0,0,0,0
Air transport services,Industrial Gases and Fertilisers Manufacturing,0,0,0,0,0,0
Warehousing services,Industrial Gases and Fertilisers Manufacturing,0,0,0,0,0,0
Postal and courier services,Industrial Gases and Fertilisers Manufacturing,0,0,19,0.5133747635774115,19,0.5133747635774115
Accommodation services,Industrial Gases and Fertilisers Manufacturing,0,0,0,0,0,0
Food and beverage services,Industrial Gases and Fertilisers Manufacturing,0,0,5,0.13509862199405567,5,0.13509862199405567
Publishing services,Industrial Gases and Fertilisers Manufacturing,0,0,0,0,0,0
Media Production services,Industrial Gases and Fertilisers Manufacturing,0,0,0,0,0,0
Telecommunications services,Industrial Gases and Fertilisers Manufacturing,0,0,4,0.10807889759524453,4,0.10807889759524453
Computer programming services,Industrial Gases and Fertilisers Manufacturing,6,0.1621183463928668,25,0.6754931099702783,31,0.8376114563631452
Information services,Industrial Gases and Fertilisers Manufacturing,0,0,0,0,0,0
Financial services (excl. insurance and pensions),Industrial Gases and Fertilisers Manufacturing,0,0,126,3.4044852742502028,126,3.4044852742502028
Insurance and pension services,Industrial Gases and Fertilisers Manufacturing,0,0,27,0.7295325587679006,27,0.7295325587679006
Auxiliary financial services,Industrial Gases and Fertilisers Manufacturing,0,0,28,0.7565522831667117,28,0.7565522831667117
Real estate services,Industrial Gases and Fertilisers Manufacturing,0,0,0,0,0,0
Owner-occupier housing services,Industrial Gases and Fertilisers Manufacturing,0,0,0,0,0,0
Other real estate services,Industrial Gases and Fertilisers Manufacturing,0,0,0,0,0,0
Legal services,Industrial Gases and Fertilisers Manufacturing,0,0,45,1.215887597946501,45,1.215887597946501
Accounting and tax services,Industrial Gases and Fertilisers Manufacturing,1,0.027019724398811132,7,0.18913807079167794,8,0.21615779519048905
Management consulting services,Industrial Gases and Fertilisers Manufacturing,1,0.027019724398811132,12,0.3242366927857336,13,0.3512564171845447
Architectural and engineering services,Industrial Gases and Fertilisers Manufacturing,56,1.5131045663334235,0,0,56,1.5131045663334235
Scientific research and development services,Industrial Gases and Fertilisers Manufacturing,0,0,0,0,0,0
Advertising and market research services,Industrial Gases and Fertilisers Manufacturing,0,0,11,0.29721696838692246,11,0.29721696838692246
Other scientific and technical services,Industrial Gases and Fertilisers Manufacturing,0,0,4,0.10807889759524453,4,0.10807889759524453
Veterinary services,Industrial Gases and Fertilisers Manufacturing,0,0,0,0,0,0
Rental and leasing services,Industrial Gases and Fertilisers Manufacturing,0,0,22,0.5944339367738449,22,0.5944339367738449
Employment services,Industrial Gases and Fertilisers Manufacturing,16,0.4323155903809781,21,0.5674142123750339,37,0.999729803
Travel services,Industrial Gases and Fertilisers Manufacturing,0,0,0,0,0,0
Security services,Industrial Gases and Fertilisers Manufacturing,0,0,0,0,0,0
Building and landscape services,Industrial Gases and Fertilisers Manufacturing,0,0,0,0,0,0
Office support services,Industrial Gases and Fertilisers Manufacturing,0,0,0,0,0,0
Public administration services (including defence),Industrial Gases and Fertilisers Manufacturing,0,0,6,0.1621183463928668,6,0.1621183463928668
Education services,Industrial Gases and Fertilisers Manufacturing,0,0,0,0,0,0
Health services,Industrial Gases and Fertilisers Manufacturing,0,0,0,0,0,0
Residential and social care services,Industrial Gases and Fertilisers Manufacturing,0,0,0,0,0,0
Arts and entertainment services,Industrial Gases and Fertilisers Manufacturing,0,0,0,0,0,0
Libraries and other cultural services,Industrial Gases and Fertilisers Manufacturing,0,0,0,0,0,0
Gambling services,Industrial Gases and Fertilisers Manufacturing,0,0,0,0,0,0
Sports and recreation services,Industrial Gases and Fertilisers Manufacturing,0,0,0,0,0,0
Membership services,Industrial Gases and Fertilisers Manufacturing,0,0,0,0,0,0
Computer repair services,Industrial Gases and Fertilisers Manufacturing,0,0,0,0,0,0
Other personal services,Industrial Gases and Fertilisers Manufacturing,0,0,0,0,0,0
Agriculture products,Petrochemicals Manufacturing,2,0.023518344308560677,10,0.11759172154280338,12,0.14111006585136407
Forestry products,Petrochemicals Manufacturing,0,0,0,0,0,0
Fishing products,Petrochemicals Manufacturing,0,0,0,0,0,0
Coal and lignite,Petrochemicals Manufacturing,0,0,0,0,0,0
"Petroleum, natural gas and mining of metal ores",Petrochemicals Manufacturing,405,4.7624647224835375,0,0,405,4.7624647224835375
Other mining products,Petrochemicals Manufacturing,0,0,0,0,0,0
Mining support services,Petrochemicals Manufacturing,0,0,0,0,0,0
Meat and preserved meat products,Petrochemicals Manufacturing,0,0,5,0.058795861,5,0.058795861
"Fish, seafood, fruit and vegetables",Petrochemicals Manufacturing,0,0,3,0.035277516,3,0.035277516
Oils and fats,Petrochemicals Manufacturing,0,0,0,0,0,0
Dairy products,Petrochemicals Manufacturing,0,0,3,0.035277516,3,0.035277516
Grain mill and starch products,Petrochemicals Manufacturing,0,0,0,0,0,0
Bakery products,Petrochemicals Manufacturing,0,0,5,0.058795861,5,0.058795861
Other food products,Petrochemicals Manufacturing,1,0.011759172154280339,0,0,1,0.011759172154280339
Animal feeds,Petrochemicals Manufacturing,0,0,0,0,0,0
Alcoholic beverages and tobacco,Petrochemicals Manufacturing,0,0,0,0,0,0
Soft drinks,Petrochemicals Manufacturing,0,0,0,0,0,0
Textiles,Petrochemicals Manufacturing,1,0.011759172154280339,0,0,1,0.011759172154280339
Clothing,Petrochemicals Manufacturing,0,0,0,0,0,0
Leather products,Petrochemicals Manufacturing,0,0,0,0,0,0
Wood products (excl. furniture),Petrochemicals Manufacturing,0,0,0,0,0,0
Paper products,Petrochemicals Manufacturing,13,0.15286923800564442,0,0,13,0.15286923800564442
Printing and recording services,Petrochemicals Manufacturing,0,0,0,0,0,0
Coke and refined petroleum products,Petrochemicals Manufacturing,39,0.4586077140169332,264,3.1044214487300095,303,3.563029162746943
Paints and coatings,Petrochemicals Manufacturing,0,0,0,0,0,0
Soap and detergents,Petrochemicals Manufacturing,0,0,0,0,0,0
Other chemical products,Petrochemicals Manufacturing,28,0.3292568203198495,0,0,28,0.3292568203198495
Industrial gases and fertilizers,Petrochemicals Manufacturing,582,6.843838193791157,46,0.5409219190968956,628,7.384760112888053
Petrochemicals,Petrochemicals Manufacturing,2279,26.799153339604892,1505,17.697554092191908,3784,44.49670743
Dyestuffs and agro-chemicals,Petrochemicals Manufacturing,55,0.6467544684854186,0,0,55,0.6467544684854186
Pharmaceutical products,Petrochemicals Manufacturing,0,0,0,0,0,0
Rubber and plastic products,Petrochemicals Manufacturing,6,0.070555033,0,0,6,0.070555033
Cement and concrete products,Petrochemicals Manufacturing,0,0,0,0,0,0
"Glass, ceramic and stone products",Petrochemicals Manufacturing,38,0.4468485418626529,0,0,38,0.4468485418626529
Basic iron and steel,Petrochemicals Manufacturing,0,0,0,0,0,0
Other basic metals and casting,Petrochemicals Manufacturing,20,0.23518344308560676,0,0,20,0.23518344308560676
Weapons and ammunition,Petrochemicals Manufacturing,0,0,0,0,0,0
Other fabricated metal products,Petrochemicals Manufacturing,3,0.035277516,1,0.011759172154280339,4,0.047036688617121354
Computer and electronic products,Petrochemicals Manufacturing,3,0.035277516,2,0.023518344308560677,5,0.058795861
Electrical equipment,Petrochemicals Manufacturing,0,0,0,0,0,0
Other machinery and equipment,Petrochemicals Manufacturing,13,0.15286923800564442,15,0.1763875823142051,28,0.3292568203198495
Motor vehicles,Petrochemicals Manufacturing,0,0,0,0,0,0
Ships and boats,Petrochemicals Manufacturing,0,0,0,0,0,0
Aircraft and spacecraft products,Petrochemicals Manufacturing,0,0,0,0,0,0
Other Transport Equipment,Petrochemicals Manufacturing,0,0,0,0,0,0
Furniture,Petrochemicals Manufacturing,0,0,0,0,0,0
Other manufactured goods,Petrochemicals Manufacturing,2,0.023518344308560677,0,0,2,0.023518344308560677
Ship and boat repair and maintenance,Petrochemicals Manufacturing,0,0,0,0,0,0
Air and spacecraft repair and maintenance,Petrochemicals Manufacturing,0,0,0,0,0,0
Other repair services,Petrochemicals Manufacturing,2,0.023518344308560677,42,0.49388523047977423,44,0.5174035747883349
Electricity services,Petrochemicals Manufacturing,0,0,411,4.833019755,411,4.833019755
"Mains gas, steam and air conditioning services",Petrochemicals Manufacturing,0,0,290,3.4101599247412984,290,3.4101599247412984
Water services,Petrochemicals Manufacturing,0,0,26,0.30573847601128884,26,0.30573847601128884
Sewerage services,Petrochemicals Manufacturing,0,0,12,0.14111006585136407,12,0.14111006585136407
Waste collection and treatment services,Petrochemicals Manufacturing,3,0.035277516,44,0.517403575,47,0.552681091
Remediation and waste management services,Petrochemicals Manufacturing,0,0,0,0,0,0
Construction services,Petrochemicals Manufacturing,0,0,34,0.39981185324553153,34,0.39981185324553153
Motor vehicle trade services,Petrochemicals Manufacturing,0,0,1,0.011759172154280339,1,0.011759172154280339
Wholesale trade services,Petrochemicals Manufacturing,0,0,832,9.783631232361243,832,9.783631232361243
Retail trade services,Petrochemicals Manufacturing,0,0,138,1.6227657572906868,138,1.6227657572906868
Rail transport services,Petrochemicals Manufacturing,0,0,0,0,0,0
Land transport services,Petrochemicals Manufacturing,15,0.1763875823142051,108,1.2699905926622765,123,1.4463781749764817
Water transport services,Petrochemicals Manufacturing,0,0,0,0,0,0
Air transport services,Petrochemicals Manufacturing,0,0,0,0,0,0
Warehousing services,Petrochemicals Manufacturing,0,0,34,0.39981185324553153,34,0.39981185324553153
Postal and courier services,Petrochemicals Manufacturing,0,0,58,0.6820319849482597,58,0.6820319849482597
Accommodation services,Petrochemicals Manufacturing,0,0,0,0,0,0
Food and beverage services,Petrochemicals Manufacturing,0,0,26,0.30573847601128884,26,0.30573847601128884
Publishing services,Petrochemicals Manufacturing,1,0.011759172154280339,1,0.011759172154280339,2,0.023518344308560677
Media Production services,Petrochemicals Manufacturing,0,0,0,0,0,0
Telecommunications services,Petrochemicals Manufacturing,0,0,5,0.058795861,5,0.058795861
Computer programming services,Petrochemicals Manufacturing,3,0.035277516,52,0.6114769520225777,55,0.6467544684854187
Information services,Petrochemicals Manufacturing,0,0,0,0,0,0
Financial services (excl. insurance and pensions),Petrochemicals Manufacturing,0,0,373,4.386171213546566,373,4.386171213546566
Insurance and pension services,Petrochemicals Manufacturing,0,0,48,0.5644402634054563,48,0.5644402634054563
Auxiliary financial services,Petrochemicals Manufacturing,0,0,105,1.2347130761994356,105,1.2347130761994356
Real estate services,Petrochemicals Manufacturing,0,0,0,0,0,0
Owner-occupier housing services,Petrochemicals Manufacturing,0,0,0,0,0,0
Other real estate services,Petrochemicals Manufacturing,0,0,25,0.2939793038570085,25,0.2939793038570085
Legal services,Petrochemicals Manufacturing,2,0.023518344308560677,42,0.49388523047977423,44,0.5174035747883349
Accounting and tax services,Petrochemicals Manufacturing,4,0.047036688617121354,34,0.39981185324553153,38,0.4468485418626529
Management consulting services,Petrochemicals Manufacturing,12,0.14111006585136407,15,0.1763875823142051,27,0.31749764816556914
Architectural and engineering services,Petrochemicals Manufacturing,20,0.23518344308560676,131,1.5404515522107243,151,1.775634995296331
Scientific research and development services,Petrochemicals Manufacturing,0,0,0,0,0,0
Advertising and market research services,Petrochemicals Manufacturing,7,0.082314205,6,0.070555033,13,0.1528692380056444
Other scientific and technical services,Petrochemicals Manufacturing,0,0,30,0.3527751646284102,30,0.3527751646284102
Veterinary services,Petrochemicals Manufacturing,0,0,0,0,0,0
Rental and leasing services,Petrochemicals Manufacturing,2,0.023518344308560677,45,0.5291627469426152,47,0.5526810912511759
Employment services,Petrochemicals Manufacturing,0,0,65,0.76434619,65,0.76434619
Travel services,Petrochemicals Manufacturing,0,0,0,0,0,0
Security services,Petrochemicals Manufacturing,0,0,0,0,0,0
Building and landscape services,Petrochemicals Manufacturing,0,0,0,0,0,0
Office support services,Petrochemicals Manufacturing,11,0.12935089369708375,16,0.18814675446848542,27,0.31749764816556914
Public administration services (including defence),Petrochemicals Manufacturing,0,0,0,0,0,0
Education services,Petrochemicals Manufacturing,0,0,24,0.28222013170272814,24,0.28222013170272814
Health services,Petrochemicals Manufacturing,0,0,0,0,0,0
Residential and social care services,Petrochemicals Manufacturing,0,0,0,0,0,0
Arts and entertainment services,Petrochemicals Manufacturing,0,0,0,0,0,0
Libraries and other cultural services,Petrochemicals Manufacturing,0,0,0,0,0,0
Gambling services,Petrochemicals Manufacturing,0,0,0,0,0,0
Sports and recreation services,Petrochemicals Manufacturing,0,0,0,0,0,0
Membership services,Petrochemicals Manufacturing,0,0,0,0,0,0
Computer repair services,Petrochemicals Manufacturing,0,0,0,0,0,0
Other personal services,Petrochemicals Manufacturing,0,0,0,0,0,0
Agriculture products,Dyestuffs and Agro-Chemicals Manufacturing,0,0,0,0,0,0
Forestry products,Dyestuffs and Agro-Chemicals Manufacturing,0,0,2,0.13550135501355012,2,0.13550135501355012
Fishing products,Dyestuffs and Agro-Chemicals Manufacturing,0,0,0,0,0,0
Coal and lignite,Dyestuffs and Agro-Chemicals Manufacturing,0,0,0,0,0,0
"Petroleum, natural gas and mining of metal ores",Dyestuffs and Agro-Chemicals Manufacturing,83,5.623306233062331,9,0.6097560975609756,92,6.233062330623306
Other mining products,Dyestuffs and Agro-Chemicals Manufacturing,0,0,0,0,0,0
Mining support services,Dyestuffs and Agro-Chemicals Manufacturing,0,0,0,0,0,0
Meat and preserved meat products,Dyestuffs and Agro-Chemicals Manufacturing,0,0,1,0.067750678,1,0.067750678
"Fish, seafood, fruit and vegetables",Dyestuffs and Agro-Chemicals Manufacturing,0,0,0,0,0,0
Oils and fats,Dyestuffs and Agro-Chemicals Manufacturing,0,0,0,0,0,0
Dairy products,Dyestuffs and Agro-Chemicals Manufacturing,0,0,0,0,0,0
Grain mill and starch products,Dyestuffs and Agro-Chemicals Manufacturing,0,0,0,0,0,0
Bakery products,Dyestuffs and Agro-Chemicals Manufacturing,0,0,0,0,0,0
Other food products,Dyestuffs and Agro-Chemicals Manufacturing,0,0,0,0,0,0
Animal feeds,Dyestuffs and Agro-Chemicals Manufacturing,0,0,0,0,0,0
Alcoholic beverages and tobacco,Dyestuffs and Agro-Chemicals Manufacturing,0,0,0,0,0,0
Soft drinks,Dyestuffs and Agro-Chemicals Manufacturing,0,0,0,0,0,0
Textiles,Dyestuffs and Agro-Chemicals Manufacturing,0,0,0,0,0,0
Clothing,Dyestuffs and Agro-Chemicals Manufacturing,0,0,0,0,0,0
Leather products,Dyestuffs and Agro-Chemicals Manufacturing,0,0,0,0,0,0
Wood products (excl. furniture),Dyestuffs and Agro-Chemicals Manufacturing,0,0,0,0,0,0
Paper products,Dyestuffs and Agro-Chemicals Manufacturing,1,0.067750678,2,0.13550135501355012,3,0.2032520325203252
Printing and recording services,Dyestuffs and Agro-Chemicals Manufacturing,0,0,0,0,0,0
Coke and refined petroleum products,Dyestuffs and Agro-Chemicals Manufacturing,0,0,1,0.067750678,1,0.067750678
Paints and coatings,Dyestuffs and Agro-Chemicals Manufacturing,0,0,0,0,0,0
Soap and detergents,Dyestuffs and Agro-Chemicals Manufacturing,0,0,0,0,0,0
Other chemical products,Dyestuffs and Agro-Chemicals Manufacturing,0,0,0,0,0,0
Industrial gases and fertilizers,Dyestuffs and Agro-Chemicals Manufacturing,31,2.100271002710027,0,0,31,2.100271002710027
Petrochemicals,Dyestuffs and Agro-Chemicals Manufacturing,89,6.029810298102981,57,3.861788617886179,146,9.891598916
Dyestuffs and agro-chemicals,Dyestuffs and Agro-Chemicals Manufacturing,279,18.902439024390244,0,0,279,18.902439024390244
Pharmaceutical products,Dyestuffs and Agro-Chemicals Manufacturing,0,0,0,0,0,0
Rubber and plastic products,Dyestuffs and Agro-Chemicals Manufacturing,0,0,0,0,0,0
Cement and concrete products,Dyestuffs and Agro-Chemicals Manufacturing,0,0,0,0,0,0
"Glass, ceramic and stone products",Dyestuffs and Agro-Chemicals Manufacturing,0,0,0,0,0,0
Basic iron and steel,Dyestuffs and Agro-Chemicals Manufacturing,0,0,0,0,0,0
Other basic metals and casting,Dyestuffs and Agro-Chemicals Manufacturing,0,0,0,0,0,0
Weapons and ammunition,Dyestuffs and Agro-Chemicals Manufacturing,0,0,0,0,0,0
Other fabricated metal products,Dyestuffs and Agro-Chemicals Manufacturing,0,0,0,0,0,0
Computer and electronic products,Dyestuffs and Agro-Chemicals Manufacturing,2,0.13550135501355012,1,0.067750678,3,0.2032520325203252
Electrical equipment,Dyestuffs and Agro-Chemicals Manufacturing,0,0,0,0,0,0
Other machinery and equipment,Dyestuffs and Agro-Chemicals Manufacturing,2,0.13550135501355012,2,0.13550135501355012,4,0.27100271002710025
Motor vehicles,Dyestuffs and Agro-Chemicals Manufacturing,0,0,1,0.067750678,1,0.067750678
Ships and boats,Dyestuffs and Agro-Chemicals Manufacturing,0,0,0,0,0,0
Aircraft and spacecraft products,Dyestuffs and Agro-Chemicals Manufacturing,0,0,0,0,0,0
Other Transport Equipment,Dyestuffs and Agro-Chemicals Manufacturing,0,0,0,0,0,0
Furniture,Dyestuffs and Agro-Chemicals Manufacturing,0,0,0,0,0,0
Other manufactured goods,Dyestuffs and Agro-Chemicals Manufacturing,1,0.067750678,0,0,1,0.067750678
Ship and boat repair and maintenance,Dyestuffs and Agro-Chemicals Manufacturing,0,0,0,0,0,0
Air and spacecraft repair and maintenance,Dyestuffs and Agro-Chemicals Manufacturing,0,0,0,0,0,0
Other repair services,Dyestuffs and Agro-Chemicals Manufacturing,0,0,37,2.5067750677506777,37,2.5067750677506777
Electricity services,Dyestuffs and Agro-Chemicals Manufacturing,0,0,56,3.7940379403794036,56,3.7940379403794036
"Mains gas, steam and air conditioning services",Dyestuffs and Agro-Chemicals Manufacturing,0,0,102,6.910569105691057,102,6.910569105691057
Water services,Dyestuffs and Agro-Chemicals Manufacturing,0,0,13,0.8807588075880758,13,0.8807588075880758
Sewerage services,Dyestuffs and Agro-Chemicals Manufacturing,0,0,30,2.0325203252032518,30,2.0325203252032518
Waste collection and treatment services,Dyestuffs and Agro-Chemicals Manufacturing,35,2.3712737127371275,2,0.13550135501355012,37,2.5067750677506777
Remediation and waste management services,Dyestuffs and Agro-Chemicals Manufacturing,0,0,0,0,0,0
Construction services,Dyestuffs and Agro-Chemicals Manufacturing,0,0,1,0.067750678,1,0.067750678
Motor vehicle trade services,Dyestuffs and Agro-Chemicals Manufacturing,0,0,0,0,0,0
Wholesale trade services,Dyestuffs and Agro-Chemicals Manufacturing,1,0.067750678,179,12.127371273712736,180,12.19512195121951
Retail trade services,Dyestuffs and Agro-Chemicals Manufacturing,0,0,29,1.9647696476964769,29,1.9647696476964769
Rail transport services,Dyestuffs and Agro-Chemicals Manufacturing,0,0,0,0,0,0
Land transport services,Dyestuffs and Agro-Chemicals Manufacturing,8,0.5420054200542005,28,1.8970189701897018,36,2.4390243902439024
Water transport services,Dyestuffs and Agro-Chemicals Manufacturing,0,0,0,0,0,0
Air transport services,Dyestuffs and Agro-Chemicals Manufacturing,0,0,0,0,0,0
Warehousing services,Dyestuffs and Agro-Chemicals Manufacturing,0,0,0,0,0,0
Postal and courier services,Dyestuffs and Agro-Chemicals Manufacturing,0,0,169,11.449864498644986,169,11.449864498644986
Accommodation services,Dyestuffs and Agro-Chemicals Manufacturing,0,0,0,0,0,0
Food and beverage services,Dyestuffs and Agro-Chemicals Manufacturing,0,0,3,0.20325203252032523,3,0.20325203252032523
Publishing services,Dyestuffs and Agro-Chemicals Manufacturing,0,0,0,0,0,0
Media Production services,Dyestuffs and Agro-Chemicals Manufacturing,0,0,0,0,0,0
Telecommunications services,Dyestuffs and Agro-Chemicals Manufacturing,1,0.067750678,1,0.067750678,2,0.13550135501355012
Computer programming services,Dyestuffs and Agro-Chemicals Manufacturing,0,0,5,0.33875338753387535,5,0.33875338753387535
Information services,Dyestuffs and Agro-Chemicals Manufacturing,0,0,0,0,0,0
Financial services (excl. insurance and pensions),Dyestuffs and Agro-Chemicals Manufacturing,0,0,70,4.742547425474255,70,4.742547425474255
Insurance and pension services,Dyestuffs and Agro-Chemicals Manufacturing,0,0,11,0.7452574525745257,11,0.7452574525745257
Auxiliary financial services,Dyestuffs and Agro-Chemicals Manufacturing,0,0,0,0,0,0
Real estate services,Dyestuffs and Agro-Chemicals Manufacturing,0,0,0,0,0,0
Owner-occupier housing services,Dyestuffs and Agro-Chemicals Manufacturing,0,0,0,0,0,0
Other real estate services,Dyestuffs and Agro-Chemicals Manufacturing,0,0,0,0,0,0
Legal services,Dyestuffs and Agro-Chemicals Manufacturing,0,0,51,3.4552845528455287,51,3.4552845528455287
Accounting and tax services,Dyestuffs and Agro-Chemicals Manufacturing,0,0,10,0.6775067750677507,10,0.6775067750677507
Management consulting services,Dyestuffs and Agro-Chemicals Manufacturing,3,0.20325203252032523,9,0.6097560975609756,12,0.8130081300813008
Architectural and engineering services,Dyestuffs and Agro-Chemicals Manufacturing,1,0.067750678,14,0.9485094850948509,15,1.0162601626016259
Scientific research and development services,Dyestuffs and Agro-Chemicals Manufacturing,0,0,0,0,0,0
Advertising and market research services,Dyestuffs and Agro-Chemicals Manufacturing,0,0,3,0.20325203252032523,3,0.20325203252032523
Other scientific and technical services,Dyestuffs and Agro-Chemicals Manufacturing,0,0,7,0.47425474254742545,7,0.47425474254742545
Veterinary services,Dyestuffs and Agro-Chemicals Manufacturing,0,0,0,0,0,0
Rental and leasing services,Dyestuffs and Agro-Chemicals Manufacturing,0,0,11,0.7452574525745257,11,0.7452574525745257
Employment services,Dyestuffs and Agro-Chemicals Manufacturing,1,0.067750678,12,0.8130081300813009,13,0.880758808
Travel services,Dyestuffs and Agro-Chemicals Manufacturing,0,0,0,0,0,0
Security services,Dyestuffs and Agro-Chemicals Manufacturing,0,0,0,0,0,0
Building and landscape services,Dyestuffs and Agro-Chemicals Manufacturing,0,0,0,0,0,0
Office support services,Dyestuffs and Agro-Chemicals Manufacturing,0,0,0,0,0,0
Public administration services (including defence),Dyestuffs and Agro-Chemicals Manufacturing,0,0,9,0.6097560975609756,9,0.6097560975609756
Education services,Dyestuffs and Agro-Chemicals Manufacturing,0,0,0,0,0,0
Health services,Dyestuffs and Agro-Chemicals Manufacturing,0,0,0,0,0,0
Residential and social care services,Dyestuffs and Agro-Chemicals Manufacturing,0,0,0,0,0,0
Arts and entertainment services,Dyestuffs and Agro-Chemicals Manufacturing,0,0,0,0,0,0
Libraries and other cultural services,Dyestuffs and Agro-Chemicals Manufacturing,0,0,0,0,0,0
Gambling services,Dyestuffs and Agro-Chemicals Manufacturing,0,0,0,0,0,0
Sports and recreation services,Dyestuffs and Agro-Chemicals Manufacturing,0,0,0,0,0,0
Membership services,Dyestuffs and Agro-Chemicals Manufacturing,0,0,0,0,0,0
Computer repair services,Dyestuffs and Agro-Chemicals Manufacturing,0,0,0,0,0,0
Other personal services,Dyestuffs and Agro-Chemicals Manufacturing,0,0,0,0,0,0
Agriculture products,Pharmaceutical Products Manufacturing,8,0.044750238,243,1.3592884712200033,251,1.4040387089556412
Forestry products,Pharmaceutical Products Manufacturing,0,0,0,0,0,0
Fishing products,Pharmaceutical Products Manufacturing,0,0,0,0,0,0
Coal and lignite,Pharmaceutical Products Manufacturing,0,0,0,0,0,0
"Petroleum, natural gas and mining of metal ores",Pharmaceutical Products Manufacturing,0,0,0,0,0,0
Other mining products,Pharmaceutical Products Manufacturing,0,0,0,0,0,0
Mining support services,Pharmaceutical Products Manufacturing,0,0,0,0,0,0
Meat and preserved meat products,Pharmaceutical Products Manufacturing,10,0.055937797169547464,7,0.039156458,17,0.095094255
"Fish, seafood, fruit and vegetables",Pharmaceutical Products Manufacturing,1,0.00559378,7,0.039156458,8,0.044750238
Oils and fats,Pharmaceutical Products Manufacturing,1,0.00559378,0,0,1,0.00559378
Dairy products,Pharmaceutical Products Manufacturing,4,0.022375118867818986,5,0.027968898584773732,9,0.050344017
Grain mill and starch products,Pharmaceutical Products Manufacturing,3,0.016781339,0,0,3,0.016781339
Bakery products,Pharmaceutical Products Manufacturing,0,0,13,0.072719136,13,0.072719136
Other food products,Pharmaceutical Products Manufacturing,5,0.027968898584773732,0,0,5,0.027968898584773732
Animal feeds,Pharmaceutical Products Manufacturing,0,0,0,0,0,0
Alcoholic beverages and tobacco,Pharmaceutical Products Manufacturing,0,0,0,0,0,0
Soft drinks,Pharmaceutical Products Manufacturing,0,0,0,0,0,0
Textiles,Pharmaceutical Products Manufacturing,0,0,0,0,0,0
Clothing,Pharmaceutical Products Manufacturing,0,0,0,0,0,0
Leather products,Pharmaceutical Products Manufacturing,0,0,0,0,0,0
Wood products (excl. furniture),Pharmaceutical Products Manufacturing,0,0,0,0,0,0
Paper products,Pharmaceutical Products Manufacturing,30,0.16781339150864238,34,0.19018851037646137,64,0.3580019018851037
Printing and recording services,Pharmaceutical Products Manufacturing,0,0,0,0,0,0
Coke and refined petroleum products,Pharmaceutical Products Manufacturing,0,0,1,0.00559378,1,0.00559378
Paints and coatings,Pharmaceutical Products Manufacturing,0,0,0,0,0,0
Soap and detergents,Pharmaceutical Products Manufacturing,0,0,0,0,0,0
Other chemical products,Pharmaceutical Products Manufacturing,295,1.650165017,0,0,295,1.650165017
Industrial gases and fertilizers,Pharmaceutical Products Manufacturing,35,0.1957822900934161,4,0.022375118867818986,39,0.2181574089612351
Petrochemicals,Pharmaceutical Products Manufacturing,512,2.8640152150808302,340,1.9018851037646136,852,4.765900318845444
Dyestuffs and agro-chemicals,Pharmaceutical Products Manufacturing,0,0,0,0,0,0
Pharmaceutical products,Pharmaceutical Products Manufacturing,1229,6.874755272137384,4838,27.062706270627064,6067,33.937461542764446
Rubber and plastic products,Pharmaceutical Products Manufacturing,320,1.7900095094255188,75,0.419533479,395,2.209542988197125
Cement and concrete products,Pharmaceutical Products Manufacturing,0,0,0,0,0,0
"Glass, ceramic and stone products",Pharmaceutical Products Manufacturing,17,0.095094255,0,0,17,0.095094255
Basic iron and steel,Pharmaceutical Products Manufacturing,0,0,0,0,0,0
Other basic metals and casting,Pharmaceutical Products Manufacturing,9,0.050344017,0,0,9,0.050344017
Weapons and ammunition,Pharmaceutical Products Manufacturing,0,0,0,0,0,0
Other fabricated metal products,Pharmaceutical Products Manufacturing,8,0.044750238,122,0.682441125,130,0.727191363
Computer and electronic products,Pharmaceutical Products Manufacturing,77,0.43072103820551544,0,0,77,0.43072103820551544
Electrical equipment,Pharmaceutical Products Manufacturing,0,0,0,0,0,0
Other machinery and equipment,Pharmaceutical Products Manufacturing,34,0.19018851037646137,186,1.040443027353583,220,1.2306315377300443
Motor vehicles,Pharmaceutical Products Manufacturing,0,0,0,0,0,0
Ships and boats,Pharmaceutical Products Manufacturing,0,0,0,0,0,0
Aircraft and spacecraft products,Pharmaceutical Products Manufacturing,0,0,0,0,0,0
Other Transport Equipment,Pharmaceutical Products Manufacturing,0,0,0,0,0,0
Furniture,Pharmaceutical Products Manufacturing,0,0,0,0,0,0
Other manufactured goods,Pharmaceutical Products Manufacturing,41,0.22934496839514462,0,0,41,0.22934496839514462
Ship and boat repair and maintenance,Pharmaceutical Products Manufacturing,0,0,0,0,0,0
Air and spacecraft repair and maintenance,Pharmaceutical Products Manufacturing,0,0,0,0,0,0
Other repair services,Pharmaceutical Products Manufacturing,1,0.00559378,124,0.6936286849023886,125,0.6992224646193433
Electricity services,Pharmaceutical Products Manufacturing,0,0,161,0.9005985344297143,161,0.9005985344297143
"Mains gas, steam and air conditioning services",Pharmaceutical Products Manufacturing,0,0,101,0.5649717514124294,101,0.5649717514124294
Water services,Pharmaceutical Products Manufacturing,0,0,17,0.095094255,17,0.095094255
Sewerage services,Pharmaceutical Products Manufacturing,0,0,30,0.16781339150864238,30,0.16781339150864238
Waste collection and treatment services,Pharmaceutical Products Manufacturing,38,0.21256362924428038,0,0,38,0.21256362924428038
Remediation and waste management services,Pharmaceutical Products Manufacturing,0,0,0,0,0,0
Construction services,Pharmaceutical Products Manufacturing,0,0,0,0,0,0
Motor vehicle trade services,Pharmaceutical Products Manufacturing,0,0,11,0.061531577,11,0.061531577
Wholesale trade services,Pharmaceutical Products Manufacturing,1,0.00559378,2554,14.286513397102421,2555,14.292107176819377
Retail trade services,Pharmaceutical Products Manufacturing,0,0,507,2.8360463164960565,507,2.8360463164960565
Rail transport services,Pharmaceutical Products Manufacturing,0,0,1,0.00559378,1,0.00559378
Land transport services,Pharmaceutical Products Manufacturing,0,0,107,0.5985344297141579,107,0.5985344297141579
Water transport services,Pharmaceutical Products Manufacturing,0,0,0,0,0,0
Air transport services,Pharmaceutical Products Manufacturing,0,0,24,0.13425071320691392,24,0.13425071320691392
Warehousing services,Pharmaceutical Products Manufacturing,0,0,452,2.528388432063545,452,2.528388432063545
Postal and courier services,Pharmaceutical Products Manufacturing,2,0.011187559433909493,30,0.16781339150864238,32,0.1790009509425519
Accommodation services,Pharmaceutical Products Manufacturing,0,0,0,0,0,0
Food and beverage services,Pharmaceutical Products Manufacturing,0,0,32,0.1790009509425519,32,0.1790009509425519
Publishing services,Pharmaceutical Products Manufacturing,8,0.044750238,0,0,8,0.044750238
Media Production services,Pharmaceutical Products Manufacturing,0,0,0,0,0,0
Telecommunications services,Pharmaceutical Products Manufacturing,0,0,53,0.29647032499860154,53,0.29647032499860154
Computer programming services,Pharmaceutical Products Manufacturing,2,0.011187559433909493,594,3.3227051518711193,596,3.3338927113050287
Information services,Pharmaceutical Products Manufacturing,10,0.055937797169547464,0,0,10,0.055937797169547464
Financial services (excl. insurance and pensions),Pharmaceutical Products Manufacturing,1,0.00559378,907,5.073558203277955,908,5.079151983
Insurance and pension services,Pharmaceutical Products Manufacturing,0,0,112,0.6265033282989316,112,0.6265033282989316
Auxiliary financial services,Pharmaceutical Products Manufacturing,0,0,10,0.055937797169547464,10,0.055937797169547464
Real estate services,Pharmaceutical Products Manufacturing,0,0,0,0,0,0
Owner-occupier housing services,Pharmaceutical Products Manufacturing,0,0,0,0,0,0
Other real estate services,Pharmaceutical Products Manufacturing,0,0,8,0.044750238,8,0.044750238
Legal services,Pharmaceutical Products Manufacturing,21,0.11746937405604967,940,5.2581529339374615,961,5.3756223079935115
Accounting and tax services,Pharmaceutical Products Manufacturing,1,0.00559378,919,5.1406835598814125,920,5.146277339598368
Management consulting services,Pharmaceutical Products Manufacturing,85,0.4754712759411534,0,0,85,0.4754712759411534
Architectural and engineering services,Pharmaceutical Products Manufacturing,27,0.15103205235777814,349,1.9522291212172065,376,2.1032611735749844
Scientific research and development services,Pharmaceutical Products Manufacturing,0,0,0,0,0,0
Advertising and market research services,Pharmaceutical Products Manufacturing,230,1.2865693348995917,0,0,230,1.2865693348995917
Other scientific and technical services,Pharmaceutical Products Manufacturing,0,0,109,0.6097219891480673,109,0.6097219891480673
Veterinary services,Pharmaceutical Products Manufacturing,0,0,0,0,0,0
Rental and leasing services,Pharmaceutical Products Manufacturing,39,0.2181574089612351,0,0,39,0.2181574089612351
Employment services,Pharmaceutical Products Manufacturing,29,0.16221961179168765,176,0.9845052301840354,205,1.146724841975723
Travel services,Pharmaceutical Products Manufacturing,0,0,0,0,0,0
Security services,Pharmaceutical Products Manufacturing,0,0,0,0,0,0
Building and landscape services,Pharmaceutical Products Manufacturing,0,0,0,0,0,0
Office support services,Pharmaceutical Products Manufacturing,295,1.650165017,0,0,295,1.650165017
Public administration services (including defence),Pharmaceutical Products Manufacturing,0,0,117,0.6544722268837053,117,0.6544722268837053
Education services,Pharmaceutical Products Manufacturing,1,0.00559378,76,0.42512725848856076,77,0.4307210382055155
Health services,Pharmaceutical Products Manufacturing,0,0,45,0.2517200872629636,45,0.2517200872629636
Residential and social care services,Pharmaceutical Products Manufacturing,0,0,0,0,0,0
Arts and entertainment services,Pharmaceutical Products Manufacturing,0,0,0,0,0,0
Libraries and other cultural services,Pharmaceutical Products Manufacturing,0,0,0,0,0,0
Gambling services,Pharmaceutical Products Manufacturing,0,0,0,0,0,0
Sports and recreation services,Pharmaceutical Products Manufacturing,0,0,0,0,0,0
Membership services,Pharmaceutical Products Manufacturing,0,0,5,0.027968898584773732,5,0.027968898584773732
Computer repair services,Pharmaceutical Products Manufacturing,0,0,0,0,0,0
Other personal services,Pharmaceutical Products Manufacturing,0,0,1,0.00559378,1,0.00559378
Agriculture products,Rubber and Plastic Products Manufacturing,0,0,0,0,0,0
Forestry products,Rubber and Plastic Products Manufacturing,0,0,3,0.019305019305019305,3,0.019305019305019305
Fishing products,Rubber and Plastic Products Manufacturing,0,0,0,0,0,0
Coal and lignite,Rubber and Plastic Products Manufacturing,0,0,0,0,0,0
"Petroleum, natural gas and mining of metal ores",Rubber and Plastic Products Manufacturing,0,0,0,0,0,0
Other mining products,Rubber and Plastic Products Manufacturing,0,0,0,0,0,0
Mining support services,Rubber and Plastic Products Manufacturing,0,0,0,0,0,0
Meat and preserved meat products,Rubber and Plastic Products Manufacturing,2,0.012870013,6,0.038610039,8,0.051480051
"Fish, seafood, fruit and vegetables",Rubber and Plastic Products Manufacturing,0,0,5,0.032175032175032175,5,0.032175032175032175
Oils and fats,Rubber and Plastic Products Manufacturing,0,0,0,0,0,0
Dairy products,Rubber and Plastic Products Manufacturing,0,0,5,0.032175032175032175,5,0.032175032175032175
Grain mill and starch products,Rubber and Plastic Products Manufacturing,0,0,0,0,0,0
Bakery products,Rubber and Plastic Products Manufacturing,0,0,9,0.057915058,9,0.057915058
Other food products,Rubber and Plastic Products Manufacturing,0,0,3,0.019305019305019305,3,0.019305019305019305
Animal feeds,Rubber and Plastic Products Manufacturing,0,0,0,0,0,0
Alcoholic beverages and tobacco,Rubber and Plastic Products Manufacturing,0,0,0,0,0,0
Soft drinks,Rubber and Plastic Products Manufacturing,0,0,0,0,0,0
Textiles,Rubber and Plastic Products Manufacturing,7,0.045045045,0,0,7,0.045045045
Clothing,Rubber and Plastic Products Manufacturing,0,0,0,0,0,0
Leather products,Rubber and Plastic Products Manufacturing,0,0,0,0,0,0
Wood products (excl. furniture),Rubber and Plastic Products Manufacturing,1,0.006435006,0,0,1,0.006435006
Paper products,Rubber and Plastic Products Manufacturing,192,1.2355212355212355,78,0.5019305019305019,270,1.7374517374517375
Printing and recording services,Rubber and Plastic Products Manufacturing,0,0,0,0,0,0
Coke and refined petroleum products,Rubber and Plastic Products Manufacturing,1,0.006435006,26,0.16731016731016732,27,0.17374517374517376
Paints and coatings,Rubber and Plastic Products Manufacturing,45,0.28957528957528955,0,0,45,0.28957528957528955
Soap and detergents,Rubber and Plastic Products Manufacturing,1,0.006435006,0,0,1,0.006435006
Other chemical products,Rubber and Plastic Products Manufacturing,358,2.303732303732304,0,0,358,2.303732303732304
Industrial gases and fertilizers,Rubber and Plastic Products Manufacturing,20,0.1287001287001287,0,0,20,0.1287001287001287
Petrochemicals,Rubber and Plastic Products Manufacturing,2372,15.263835263835263,1564,10.064350064350064,3936,25.328185328185327
Dyestuffs and agro-chemicals,Rubber and Plastic Products Manufacturing,32,0.2059202059202059,0,0,32,0.2059202059202059
Pharmaceutical products,Rubber and Plastic Products Manufacturing,0,0,0,0,0,0
Rubber and plastic products,Rubber and Plastic Products Manufacturing,3371,21.692406692406692,102,0.6563706563706564,3473,22.348777348777347
Cement and concrete products,Rubber and Plastic Products Manufacturing,0,0,0,0,0,0
"Glass, ceramic and stone products",Rubber and Plastic Products Manufacturing,190,1.2226512226512225,156,1.0038610038610039,346,2.2265122265122264
Basic iron and steel,Rubber and Plastic Products Manufacturing,0,0,0,0,0,0
Other basic metals and casting,Rubber and Plastic Products Manufacturing,242,1.5572715572715572,0,0,242,1.5572715572715572
Weapons and ammunition,Rubber and Plastic Products Manufacturing,0,0,0,0,0,0
Other fabricated metal products,Rubber and Plastic Products Manufacturing,354,2.277992277992278,296,1.9047619047619049,650,4.1827541827541825
Computer and electronic products,Rubber and Plastic Products Manufacturing,9,0.057915058,49,0.3153153153153153,58,0.3732303732303732
Electrical equipment,Rubber and Plastic Products Manufacturing,3,0.019305019305019305,0,0,3,0.019305019305019305
Other machinery and equipment,Rubber and Plastic Products Manufacturing,146,0.9395109395109396,0,0,146,0.9395109395109396
Motor vehicles,Rubber and Plastic Products Manufacturing,20,0.1287001287001287,0,0,20,0.1287001287001287
Ships and boats,Rubber and Plastic Products Manufacturing,0,0,0,0,0,0
Aircraft and spacecraft products,Rubber and Plastic Products Manufacturing,0,0,0,0,0,0
Other Transport Equipment,Rubber and Plastic Products Manufacturing,0,0,0,0,0,0
Furniture,Rubber and Plastic Products Manufacturing,1,0.006435006,0,0,1,0.006435006
Other manufactured goods,Rubber and Plastic Products Manufacturing,16,0.10296010296010295,0,0,16,0.10296010296010295
Ship and boat repair and maintenance,Rubber and Plastic Products Manufacturing,0,0,0,0,0,0
Air and spacecraft repair and maintenance,Rubber and Plastic Products Manufacturing,0,0,0,0,0,0
Other repair services,Rubber and Plastic Products Manufacturing,2,0.012870013,264,1.698841698841699,266,1.7117117117117118
Electricity services,Rubber and Plastic Products Manufacturing,0,0,517,3.326898326898327,517,3.326898326898327
"Mains gas, steam and air conditioning services",Rubber and Plastic Products Manufacturing,0,0,187,1.2033462033462032,187,1.2033462033462032
Water services,Rubber and Plastic Products Manufacturing,0,0,20,0.1287001287001287,20,0.1287001287001287
Sewerage services,Rubber and Plastic Products Manufacturing,0,0,11,0.070785071,11,0.070785071
Waste collection and treatment services,Rubber and Plastic Products Manufacturing,30,0.19305019305019305,25,0.16087516087516088,55,0.35392535392535396
Remediation and waste management services,Rubber and Plastic Products Manufacturing,0,0,0,0,0,0
Construction services,Rubber and Plastic Products Manufacturing,0,0,71,0.4568854568854569,71,0.4568854568854569
Motor vehicle trade services,Rubber and Plastic Products Manufacturing,0,0,38,0.24453024453024455,38,0.24453024453024455
Wholesale trade services,Rubber and Plastic Products Manufacturing,1,0.006435006,1435,9.234234234234235,1436,9.240669240669241
Retail trade services,Rubber and Plastic Products Manufacturing,0,0,264,1.698841698841699,264,1.698841698841699
Rail transport services,Rubber and Plastic Products Manufacturing,0,0,0,0,0,0
Land transport services,Rubber and Plastic Products Manufacturing,0,0,596,3.835263835263835,596,3.835263835263835
Water transport services,Rubber and Plastic Products Manufacturing,0,0,2,0.012870013,2,0.012870013
Air transport services,Rubber and Plastic Products Manufacturing,0,0,0,0,0,0
Warehousing services,Rubber and Plastic Products Manufacturing,0,0,10,0.064350064,10,0.064350064
Postal and courier services,Rubber and Plastic Products Manufacturing,0,0,95,0.6113256113256113,95,0.6113256113256113
Accommodation services,Rubber and Plastic Products Manufacturing,0,0,0,0,0,0
Food and beverage services,Rubber and Plastic Products Manufacturing,0,0,35,0.22522522522522523,35,0.22522522522522523
Publishing services,Rubber and Plastic Products Manufacturing,0,0,0,0,0,0
Media Production services,Rubber and Plastic Products Manufacturing,0,0,0,0,0,0
Telecommunications services,Rubber and Plastic Products Manufacturing,0,0,36,0.23166023166023164,36,0.23166023166023164
Computer programming services,Rubber and Plastic Products Manufacturing,2,0.012870013,100,0.6435006435006435,102,0.6563706563706564
Information services,Rubber and Plastic Products Manufacturing,0,0,0,0,0,0
Financial services (excl. insurance and pensions),Rubber and Plastic Products Manufacturing,0,0,535,3.4427284427284426,535,3.4427284427284426
Insurance and pension services,Rubber and Plastic Products Manufacturing,0,0,104,0.6692406692406693,104,0.6692406692406693
Auxiliary financial services,Rubber and Plastic Products Manufacturing,0,0,7,0.045045045,7,0.045045045
Real estate services,Rubber and Plastic Products Manufacturing,0,0,0,0,0,0
Owner-occupier housing services,Rubber and Plastic Products Manufacturing,0,0,0,0,0,0
Other real estate services,Rubber and Plastic Products Manufacturing,0,0,265,1.705276705276705,265,1.705276705276705
Legal services,Rubber and Plastic Products Manufacturing,5,0.032175032175032175,103,0.6628056628056628,108,0.6949806949806949
Accounting and tax services,Rubber and Plastic Products Manufacturing,17,0.1093951093951094,86,0.5534105534105535,103,0.6628056628056629
Management consulting services,Rubber and Plastic Products Manufacturing,61,0.3925353925353926,53,0.341055341,114,0.7335907335907337
Architectural and engineering services,Rubber and Plastic Products Manufacturing,17,0.1093951093951094,1,0.006435006,18,0.11583011583011583
Scientific research and development services,Rubber and Plastic Products Manufacturing,0,0,0,0,0,0
Advertising and market research services,Rubber and Plastic Products Manufacturing,2,0.012870013,94,0.6048906048906049,96,0.6177606177606177
Other scientific and technical services,Rubber and Plastic Products Manufacturing,0,0,43,0.2767052767052767,43,0.2767052767052767
Veterinary services,Rubber and Plastic Products Manufacturing,0,0,0,0,0,0
Rental and leasing services,Rubber and Plastic Products Manufacturing,3,0.019305019305019305,100,0.6435006435006435,103,0.6628056628056628
Employment services,Rubber and Plastic Products Manufacturing,1,0.006435006,245,1.5765765765765765,246,1.583011583011583
Travel services,Rubber and Plastic Products Manufacturing,0,0,0,0,0,0
Security services,Rubber and Plastic Products Manufacturing,0,0,0,0,0,0
Building and landscape services,Rubber and Plastic Products Manufacturing,0,0,0,0,0,0
Office support services,Rubber and Plastic Products Manufacturing,96,0.6177606177606177,263,1.6924066924066925,359,2.3101673101673104
Public administration services (including defence),Rubber and Plastic Products Manufacturing,0,0,11,0.070785071,11,0.070785071
Education services,Rubber and Plastic Products Manufacturing,0,0,0,0,0,0
Health services,Rubber and Plastic Products Manufacturing,0,0,1,0.006435006,1,0.006435006
Residential and social care services,Rubber and Plastic Products Manufacturing,1,0.006435006,0,0,1,0.006435006
Arts and entertainment services,Rubber and Plastic Products Manufacturing,0,0,0,0,0,0
Libraries and other cultural services,Rubber and Plastic Products Manufacturing,0,0,0,0,0,0
Gambling services,Rubber and Plastic Products Manufacturing,0,0,0,0,0,0
Sports and recreation services,Rubber and Plastic Products Manufacturing,0,0,0,0,0,0
Membership services,Rubber and Plastic Products Manufacturing,0,0,0,0,0,0
Computer repair services,Rubber and Plastic Products Manufacturing,0,0,0,0,0,0
Other personal services,Rubber and Plastic Products Manufacturing,0,0,0,0,0,0
Agriculture products,Cement and Concrete Products Manufacturing,0,0,0,0,0,0
Forestry products,Cement and Concrete Products Manufacturing,0,0,0,0,0,0
Fishing products,Cement and Concrete Products Manufacturing,0,0,0,0,0,0
Coal and lignite,Cement and Concrete Products Manufacturing,36,0.6816890740390077,0,0,36,0.6816890740390077
"Petroleum, natural gas and mining of metal ores",Cement and Concrete Products Manufacturing,0,0,0,0,0,0
Other mining products,Cement and Concrete Products Manufacturing,62,1.174020071956069,406,7.687937890551032,468,8.861957963
Mining support services,Cement and Concrete Products Manufacturing,0,0,0,0,0,0
Meat and preserved meat products,Cement and Concrete Products Manufacturing,0,0,4,0.07574323,4,0.07574323
"Fish, seafood, fruit and vegetables",Cement and Concrete Products Manufacturing,0,0,3,0.056807423,3,0.056807423
Oils and fats,Cement and Concrete Products Manufacturing,0,0,0,0,0,0
Dairy products,Cement and Concrete Products Manufacturing,0,0,4,0.07574323,4,0.07574323
Grain mill and starch products,Cement and Concrete Products Manufacturing,0,0,0,0,0,0
Bakery products,Cement and Concrete Products Manufacturing,0,0,5,0.094679038,5,0.094679038
Other food products,Cement and Concrete Products Manufacturing,0,0,1,0.018935808,1,0.018935808
Animal feeds,Cement and Concrete Products Manufacturing,0,0,0,0,0,0
Alcoholic beverages and tobacco,Cement and Concrete Products Manufacturing,0,0,0,0,0,0
Soft drinks,Cement and Concrete Products Manufacturing,0,0,0,0,0,0
Textiles,Cement and Concrete Products Manufacturing,0,0,0,0,0,0
Clothing,Cement and Concrete Products Manufacturing,0,0,0,0,0,0
Leather products,Cement and Concrete Products Manufacturing,0,0,0,0,0,0
Wood products (excl. furniture),Cement and Concrete Products Manufacturing,107,2.0261314145048286,0,0,107,2.0261314145048286
Paper products,Cement and Concrete Products Manufacturing,9,0.17042226850975192,63,1.1929558795682635,72,1.3633781480780154
Printing and recording services,Cement and Concrete Products Manufacturing,0,0,0,0,0,0
Coke and refined petroleum products,Cement and Concrete Products Manufacturing,3,0.056807423,97,1.836773338382882,100,1.893580761219466
Paints and coatings,Cement and Concrete Products Manufacturing,8,0.15148646089755727,0,0,8,0.15148646089755727
Soap and detergents,Cement and Concrete Products Manufacturing,0,0,0,0,0,0
Other chemical products,Cement and Concrete Products Manufacturing,57,1.0793410338950955,87,1.6474152622609355,144,2.726756296156031
Industrial gases and fertilizers,Cement and Concrete Products Manufacturing,4,0.07574323,0,0,4,0.07574323
Petrochemicals,Cement and Concrete Products Manufacturing,110,2.0829388373414126,73,1.3823139556902102,183,3.465252793031623
Dyestuffs and agro-chemicals,Cement and Concrete Products Manufacturing,20,0.3787161522438932,0,0,20,0.3787161522438932
Pharmaceutical products,Cement and Concrete Products Manufacturing,0,0,0,0,0,0
Rubber and plastic products,Cement and Concrete Products Manufacturing,22,0.4165877674682825,40,0.7574323044877864,62,1.174020071956069
Cement and concrete products,Cement and Concrete Products Manufacturing,525,9.941298996402196,0,0,525,9.941298996402196
"Glass, ceramic and stone products",Cement and Concrete Products Manufacturing,15,0.2840371141829199,0,0,15,0.2840371141829199
Basic iron and steel,Cement and Concrete Products Manufacturing,5,0.094679038,85,1.609543647036546,90,1.7042226850975193
Other basic metals and casting,Cement and Concrete Products Manufacturing,12,0.22722969134633592,0,0,12,0.22722969134633592
Weapons and ammunition,Cement and Concrete Products Manufacturing,0,0,0,0,0,0
Other fabricated metal products,Cement and Concrete Products Manufacturing,51,0.9657261882219277,32,0.6059458435902291,83,1.5716720318121569
Computer and electronic products,Cement and Concrete Products Manufacturing,3,0.056807423,7,0.1325506532853626,10,0.1893580761219466
Electrical equipment,Cement and Concrete Products Manufacturing,0,0,2,0.037871615,2,0.037871615
Other machinery and equipment,Cement and Concrete Products Manufacturing,17,0.3219087294073092,142,2.6888846809316416,159,3.010793410338951
Motor vehicles,Cement and Concrete Products Manufacturing,6,0.11361484567316796,0,0,6,0.11361484567316796
Ships and boats,Cement and Concrete Products Manufacturing,0,0,0,0,0,0
Aircraft and spacecraft products,Cement and Concrete Products Manufacturing,0,0,0,0,0,0
Other Transport Equipment,Cement and Concrete Products Manufacturing,0,0,0,0,0,0
Furniture,Cement and Concrete Products Manufacturing,0,0,0,0,0,0
Other manufactured goods,Cement and Concrete Products Manufacturing,0,0,3,0.056807423,3,0.056807423
Ship and boat repair and maintenance,Cement and Concrete Products Manufacturing,0,0,0,0,0,0
Air and spacecraft repair and maintenance,Cement and Concrete Products Manufacturing,0,0,0,0,0,0
Other repair services,Cement and Concrete Products Manufacturing,0,0,253,4.790759325885249,253,4.790759325885249
Electricity services,Cement and Concrete Products Manufacturing,0,0,209,3.9575837909486844,209,3.9575837909486844
"Mains gas, steam and air conditioning services",Cement and Concrete Products Manufacturing,0,0,86,1.6284794546487409,86,1.6284794546487409
Water services,Cement and Concrete Products Manufacturing,0,0,13,0.24616549895853057,13,0.24616549895853057
Sewerage services,Cement and Concrete Products Manufacturing,0,0,1,0.018935808,1,0.018935808
Waste collection and treatment services,Cement and Concrete Products Manufacturing,3,0.056807423,16,0.30297292179511454,19,0.3597803446316985
Remediation and waste management services,Cement and Concrete Products Manufacturing,0,0,0,0,0,0
Construction services,Cement and Concrete Products Manufacturing,0,0,112,2.120810452565802,112,2.120810452565802
Motor vehicle trade services,Cement and Concrete Products Manufacturing,0,0,9,0.17042226850975192,9,0.17042226850975192
Wholesale trade services,Cement and Concrete Products Manufacturing,0,0,665,12.592312062109448,665,12.592312062109448
Retail trade services,Cement and Concrete Products Manufacturing,0,0,114,2.158682067790191,114,2.158682067790191
Rail transport services,Cement and Concrete Products Manufacturing,0,0,1,0.018935808,1,0.018935808
Land transport services,Cement and Concrete Products Manufacturing,0,0,713,13.501230827494792,713,13.501230827494792
Water transport services,Cement and Concrete Products Manufacturing,0,0,1,0.018935808,1,0.018935808
Air transport services,Cement and Concrete Products Manufacturing,0,0,0,0,0,0
Warehousing services,Cement and Concrete Products Manufacturing,0,0,2,0.037871615,2,0.037871615
Postal and courier services,Cement and Concrete Products Manufacturing,0,0,40,0.7574323044877864,40,0.7574323044877864
Accommodation services,Cement and Concrete Products Manufacturing,0,0,0,0,0,0
Food and beverage services,Cement and Concrete Products Manufacturing,0,0,32,0.6059458435902291,32,0.6059458435902291
Publishing services,Cement and Concrete Products Manufacturing,0,0,0,0,0,0
Media Production services,Cement and Concrete Products Manufacturing,0,0,0,0,0,0
Telecommunications services,Cement and Concrete Products Manufacturing,0,0,11,0.20829388373414126,11,0.20829388373414126
Computer programming services,Cement and Concrete Products Manufacturing,0,0,32,0.6059458435902291,32,0.6059458435902291
Information services,Cement and Concrete Products Manufacturing,0,0,1,0.018935808,1,0.018935808
Financial services (excl. insurance and pensions),Cement and Concrete Products Manufacturing,0,0,248,4.696080287824276,248,4.696080287824276
Insurance and pension services,Cement and Concrete Products Manufacturing,0,0,44,0.833175535,44,0.833175535
Auxiliary financial services,Cement and Concrete Products Manufacturing,0,0,11,0.20829388373414126,11,0.20829388373414126
Real estate services,Cement and Concrete Products Manufacturing,0,0,0,0,0,0
Owner-occupier housing services,Cement and Concrete Products Manufacturing,0,0,0,0,0,0
Other real estate services,Cement and Concrete Products Manufacturing,0,0,0,0,0,0
Legal services,Cement and Concrete Products Manufacturing,0,0,45,0.8521113425487596,45,0.8521113425487596
Accounting and tax services,Cement and Concrete Products Manufacturing,0,0,104,1.9693239916682446,104,1.9693239916682446
Management consulting services,Cement and Concrete Products Manufacturing,0,0,0,0,0,0
Architectural and engineering services,Cement and Concrete Products Manufacturing,0,0,99,1.8746449536072713,99,1.8746449536072713
Scientific research and development services,Cement and Concrete Products Manufacturing,0,0,0,0,0,0
Advertising and market research services,Cement and Concrete Products Manufacturing,0,0,19,0.3597803446316985,19,0.3597803446316985
Other scientific and technical services,Cement and Concrete Products Manufacturing,0,0,85,1.609543647036546,85,1.609543647036546
Veterinary services,Cement and Concrete Products Manufacturing,0,0,0,0,0,0
Rental and leasing services,Cement and Concrete Products Manufacturing,0,0,109,2.0640030297292182,109,2.0640030297292182
Employment services,Cement and Concrete Products Manufacturing,0,0,75,1.4201855709145994,75,1.4201855709145994
Travel services,Cement and Concrete Products Manufacturing,0,0,0,0,0,0
Security services,Cement and Concrete Products Manufacturing,0,0,0,0,0,0
Building and landscape services,Cement and Concrete Products Manufacturing,0,0,0,0,0,0
Office support services,Cement and Concrete Products Manufacturing,0,0,1,0.018935808,1,0.018935808
Public administration services (including defence),Cement and Concrete Products Manufacturing,0,0,1,0.018935808,1,0.018935808
Education services,Cement and Concrete Products Manufacturing,0,0,0,0,0,0
Health services,Cement and Concrete Products Manufacturing,0,0,0,0,0,0
Residential and social care services,Cement and Concrete Products Manufacturing,0,0,0,0,0,0
Arts and entertainment services,Cement and Concrete Products Manufacturing,0,0,0,0,0,0
Libraries and other cultural services,Cement and Concrete Products Manufacturing,0,0,0,0,0,0
Gambling services,Cement and Concrete Products Manufacturing,0,0,0,0,0,0
Sports and recreation services,Cement and Concrete Products Manufacturing,0,0,0,0,0,0
Membership services,Cement and Concrete Products Manufacturing,0,0,0,0,0,0
Computer repair services,Cement and Concrete Products Manufacturing,0,0,0,0,0,0
Other personal services,Cement and Concrete Products Manufacturing,0,0,0,0,0,0
Agriculture products,Glass and Ceramic Products Manufacturing,0,0,0,0,0,0
Forestry products,Glass and Ceramic Products Manufacturing,0,0,0,0,0,0
Fishing products,Glass and Ceramic Products Manufacturing,0,0,0,0,0,0
Coal and lignite,Glass and Ceramic Products Manufacturing,3,0.076903358,0,0,3,0.076903358
"Petroleum, natural gas and mining of metal ores",Glass and Ceramic Products Manufacturing,2,0.051268905,1,0.025634453,3,0.076903358
Other mining products,Glass and Ceramic Products Manufacturing,165,4.229684696231736,450,11.535503716995642,615,15.765188413227378
Mining support services,Glass and Ceramic Products Manufacturing,0,0,0,0,0,0
Meat and preserved meat products,Glass and Ceramic Products Manufacturing,0,0,2,0.051268905,2,0.051268905
"Fish, seafood, fruit and vegetables",Glass and Ceramic Products Manufacturing,0,0,0,0,0,0
Oils and fats,Glass and Ceramic Products Manufacturing,0,0,0,0,0,0
Dairy products,Glass and Ceramic Products Manufacturing,0,0,0,0,0,0
Grain mill and starch products,Glass and Ceramic Products Manufacturing,0,0,0,0,0,0
Bakery products,Glass and Ceramic Products Manufacturing,0,0,0,0,0,0
Other food products,Glass and Ceramic Products Manufacturing,0,0,0,0,0,0
Animal feeds,Glass and Ceramic Products Manufacturing,0,0,0,0,0,0
Alcoholic beverages and tobacco,Glass and Ceramic Products Manufacturing,0,0,0,0,0,0
Soft drinks,Glass and Ceramic Products Manufacturing,0,0,0,0,0,0
Textiles,Glass and Ceramic Products Manufacturing,11,0.2819789797487824,0,0,11,0.2819789797487824
Clothing,Glass and Ceramic Products Manufacturing,0,0,0,0,0,0
Leather products,Glass and Ceramic Products Manufacturing,0,0,0,0,0,0
Wood products (excl. furniture),Glass and Ceramic Products Manufacturing,0,0,0,0,0,0
Paper products,Glass and Ceramic Products Manufacturing,5,0.12817226352217378,17,0.43578569597539096,22,0.5639579594975648
Printing and recording services,Glass and Ceramic Products Manufacturing,0,0,0,0,0,0
Coke and refined petroleum products,Glass and Ceramic Products Manufacturing,23,0.5895924122019995,81,2.0763906690592155,104,2.6659830812612153
Paints and coatings,Glass and Ceramic Products Manufacturing,4,0.10253781081773904,0,0,4,0.10253781081773904
Soap and detergents,Glass and Ceramic Products Manufacturing,0,0,0,0,0,0
Other chemical products,Glass and Ceramic Products Manufacturing,1,0.025634453,0,0,1,0.025634453
Industrial gases and fertilizers,Glass and Ceramic Products Manufacturing,30,0.7690335811330428,20,0.5126890540886951,50,1.281722635221738
Petrochemicals,Glass and Ceramic Products Manufacturing,60,1.5380671622660855,40,1.0253781081773903,100,2.563445270443476
Dyestuffs and agro-chemicals,Glass and Ceramic Products Manufacturing,0,0,0,0,0,0
Pharmaceutical products,Glass and Ceramic Products Manufacturing,0,0,0,0,0,0
Rubber and plastic products,Glass and Ceramic Products Manufacturing,70,1.7944116893104334,0,0,70,1.7944116893104334
Cement and concrete products,Glass and Ceramic Products Manufacturing,138,3.5375544732119972,2,0.051268905,140,3.5888233786208668
"Glass, ceramic and stone products",Glass and Ceramic Products Manufacturing,198,5.0756216354780825,0,0,198,5.0756216354780825
Basic iron and steel,Glass and Ceramic Products Manufacturing,4,0.10253781081773904,0,0,4,0.10253781081773904
Other basic metals and casting,Glass and Ceramic Products Manufacturing,15,0.3845167905665214,0,0,15,0.3845167905665214
Weapons and ammunition,Glass and Ceramic Products Manufacturing,0,0,0,0,0,0
Other fabricated metal products,Glass and Ceramic Products Manufacturing,64,1.6406049730838246,156,3.9989746218918225,220,5.639579594975647
Computer and electronic products,Glass and Ceramic Products Manufacturing,8,0.20507562163547807,11,0.2819789797487824,19,0.4870546013842605
Electrical equipment,Glass and Ceramic Products Manufacturing,1,0.025634453,0,0,1,0.025634453
Other machinery and equipment,Glass and Ceramic Products Manufacturing,55,1.409894898743912,22,0.5639579594975648,77,1.9738528582414767
Motor vehicles,Glass and Ceramic Products Manufacturing,14,0.3588823378620867,0,0,14,0.3588823378620867
Ships and boats,Glass and Ceramic Products Manufacturing,0,0,0,0,0,0
Aircraft and spacecraft products,Glass and Ceramic Products Manufacturing,0,0,0,0,0,0
Other Transport Equipment,Glass and Ceramic Products Manufacturing,0,0,0,0,0,0
Furniture,Glass and Ceramic Products Manufacturing,0,0,0,0,0,0
Other manufactured goods,Glass and Ceramic Products Manufacturing,5,0.12817226352217378,21,0.538323507,26,0.6664957703153038
Ship and boat repair and maintenance,Glass and Ceramic Products Manufacturing,0,0,0,0,0,0
Air and spacecraft repair and maintenance,Glass and Ceramic Products Manufacturing,0,0,0,0,0,0
Other repair services,Glass and Ceramic Products Manufacturing,0,0,168,4.306588054,168,4.306588054
Electricity services,Glass and Ceramic Products Manufacturing,0,0,194,4.9730838246603435,194,4.9730838246603435
"Mains gas, steam and air conditioning services",Glass and Ceramic Products Manufacturing,0,0,140,3.5888233786208668,140,3.5888233786208668
Water services,Glass and Ceramic Products Manufacturing,0,0,15,0.3845167905665214,15,0.3845167905665214
Sewerage services,Glass and Ceramic Products Manufacturing,0,0,0,0,0,0
Waste collection and treatment services,Glass and Ceramic Products Manufacturing,15,0.3845167905665214,5,0.12817226352217378,20,0.5126890540886951
Remediation and waste management services,Glass and Ceramic Products Manufacturing,0,0,0,0,0,0
Construction services,Glass and Ceramic Products Manufacturing,0,0,2,0.051268905,2,0.051268905
Motor vehicle trade services,Glass and Ceramic Products Manufacturing,0,0,14,0.3588823378620867,14,0.3588823378620867
Wholesale trade services,Glass and Ceramic Products Manufacturing,0,0,432,11.074083568315816,432,11.074083568315816
Retail trade services,Glass and Ceramic Products Manufacturing,0,0,100,2.563445270443476,100,2.563445270443476
Rail transport services,Glass and Ceramic Products Manufacturing,0,0,8,0.20507562163547807,8,0.20507562163547807
Land transport services,Glass and Ceramic Products Manufacturing,0,0,158,4.050243527300692,158,4.050243527300692
Water transport services,Glass and Ceramic Products Manufacturing,0,0,10,0.25634452704434757,10,0.25634452704434757
Air transport services,Glass and Ceramic Products Manufacturing,0,0,0,0,0,0
Warehousing services,Glass and Ceramic Products Manufacturing,0,0,16,0.41015124327095615,16,0.41015124327095615
Postal and courier services,Glass and Ceramic Products Manufacturing,0,0,40,1.0253781081773903,40,1.0253781081773903
Accommodation services,Glass and Ceramic Products Manufacturing,0,0,0,0,0,0
Food and beverage services,Glass and Ceramic Products Manufacturing,0,0,1,0.025634453,1,0.025634453
Publishing services,Glass and Ceramic Products Manufacturing,0,0,0,0,0,0
Media Production services,Glass and Ceramic Products Manufacturing,0,0,0,0,0,0
Telecommunications services,Glass and Ceramic Products Manufacturing,1,0.025634453,9,0.23071007433991286,10,0.2563445270443476
Computer programming services,Glass and Ceramic Products Manufacturing,2,0.051268905,54,1.384260446039477,56,1.4355293514483465
Information services,Glass and Ceramic Products Manufacturing,0,0,0,0,0,0
Financial services (excl. insurance and pensions),Glass and Ceramic Products Manufacturing,4,0.10253781081773904,326,8.356831581645732,330,8.459369392
Insurance and pension services,Glass and Ceramic Products Manufacturing,0,0,34,0.8715713919507819,34,0.8715713919507819
Auxiliary financial services,Glass and Ceramic Products Manufacturing,8,0.20507562163547807,10,0.25634452704434757,18,0.4614201486798256
Real estate services,Glass and Ceramic Products Manufacturing,0,0,0,0,0,0
Owner-occupier housing services,Glass and Ceramic Products Manufacturing,0,0,0,0,0,0
Other real estate services,Glass and Ceramic Products Manufacturing,0,0,0,0,0,0
Legal services,Glass and Ceramic Products Manufacturing,0,0,72,1.845680594719303,72,1.845680594719303
Accounting and tax services,Glass and Ceramic Products Manufacturing,2,0.051268905,48,1.2304537298128686,50,1.2817226352217381
Management consulting services,Glass and Ceramic Products Manufacturing,1,0.025634453,0,0,1,0.025634453
Architectural and engineering services,Glass and Ceramic Products Manufacturing,0,0,74,1.8969495001281724,74,1.8969495001281724
Scientific research and development services,Glass and Ceramic Products Manufacturing,0,0,0,0,0,0
Advertising and market research services,Glass and Ceramic Products Manufacturing,0,0,31,0.7946680338374775,31,0.7946680338374775
Other scientific and technical services,Glass and Ceramic Products Manufacturing,0,0,25,0.640861318,25,0.640861318
Veterinary services,Glass and Ceramic Products Manufacturing,0,0,0,0,0,0
Rental and leasing services,Glass and Ceramic Products Manufacturing,0,0,50,1.281722635221738,50,1.281722635221738
Employment services,Glass and Ceramic Products Manufacturing,0,0,27,0.6921302230197385,27,0.6921302230197385
Travel services,Glass and Ceramic Products Manufacturing,0,0,0,0,0,0
Security services,Glass and Ceramic Products Manufacturing,0,0,0,0,0,0
Building and landscape services,Glass and Ceramic Products Manufacturing,0,0,0,0,0,0
Office support services,Glass and Ceramic Products Manufacturing,7,0.17944116893104334,74,1.8969495001281724,81,2.076390669059216
Public administration services (including defence),Glass and Ceramic Products Manufacturing,0,0,8,0.20507562163547807,8,0.20507562163547807
Education services,Glass and Ceramic Products Manufacturing,0,0,7,0.17944116893104334,7,0.17944116893104334
Health services,Glass and Ceramic Products Manufacturing,0,0,7,0.17944116893104334,7,0.17944116893104334
Residential and social care services,Glass and Ceramic Products Manufacturing,0,0,0,0,0,0
Arts and entertainment services,Glass and Ceramic Products Manufacturing,0,0,0,0,0,0
Libraries and other cultural services,Glass and Ceramic Products Manufacturing,0,0,0,0,0,0
Gambling services,Glass and Ceramic Products Manufacturing,0,0,0,0,0,0
Sports and recreation services,Glass and Ceramic Products Manufacturing,0,0,0,0,0,0
Membership services,Glass and Ceramic Products Manufacturing,0,0,0,0,0,0
Computer repair services,Glass and Ceramic Products Manufacturing,0,0,0,0,0,0
Other personal services,Glass and Ceramic Products Manufacturing,0,0,3,0.076903358,3,0.076903358
Agriculture products,Iron and Steel Manufacturing,0,0,0,0,0,0
Forestry products,Iron and Steel Manufacturing,0,0,0,0,0,0
Fishing products,Iron and Steel Manufacturing,0,0,0,0,0,0
Coal and lignite,Iron and Steel Manufacturing,86,1.1069635731754408,0,0,86,1.1069635731754408
"Petroleum, natural gas and mining of metal ores",Iron and Steel Manufacturing,597,7.684386664950445,0,0,597,7.684386664950445
Other mining products,Iron and Steel Manufacturing,0,0,0,0,0,0
Mining support services,Iron and Steel Manufacturing,0,0,0,0,0,0
Meat and preserved meat products,Iron and Steel Manufacturing,0,0,0,0,0,0
"Fish, seafood, fruit and vegetables",Iron and Steel Manufacturing,0,0,0,0,0,0
Oils and fats,Iron and Steel Manufacturing,0,0,3,0.038615008,3,0.038615008
Dairy products,Iron and Steel Manufacturing,0,0,0,0,0,0
Grain mill and starch products,Iron and Steel Manufacturing,0,0,0,0,0,0
Bakery products,Iron and Steel Manufacturing,0,0,4,0.051486678,4,0.051486678
Other food products,Iron and Steel Manufacturing,0,0,1,0.012871669455528383,1,0.012871669455528383
Animal feeds,Iron and Steel Manufacturing,0,0,0,0,0,0
Alcoholic beverages and tobacco,Iron and Steel Manufacturing,0,0,0,0,0,0
Soft drinks,Iron and Steel Manufacturing,0,0,0,0,0,0
Textiles,Iron and Steel Manufacturing,0,0,0,0,0,0
Clothing,Iron and Steel Manufacturing,0,0,0,0,0,0
Leather products,Iron and Steel Manufacturing,0,0,0,0,0,0
Wood products (excl. furniture),Iron and Steel Manufacturing,0,0,0,0,0,0
Paper products,Iron and Steel Manufacturing,0,0,2,0.025743338911056766,2,0.025743338911056766
Printing and recording services,Iron and Steel Manufacturing,0,0,0,0,0,0
Coke and refined petroleum products,Iron and Steel Manufacturing,16,0.20594671128845413,0,0,16,0.20594671128845413
Paints and coatings,Iron and Steel Manufacturing,0,0,0,0,0,0
Soap and detergents,Iron and Steel Manufacturing,0,0,0,0,0,0
Other chemical products,Iron and Steel Manufacturing,0,0,0,0,0,0
Industrial gases and fertilizers,Iron and Steel Manufacturing,7,0.090101686,1,0.012871669455528383,8,0.10297335564422705
Petrochemicals,Iron and Steel Manufacturing,17,0.2188183807439825,13,0.16733170292186897,30,0.38615008366585146
Dyestuffs and agro-chemicals,Iron and Steel Manufacturing,0,0,0,0,0,0
Pharmaceutical products,Iron and Steel Manufacturing,0,0,0,0,0,0
Rubber and plastic products,Iron and Steel Manufacturing,0,0,0,0,0,0
Cement and concrete products,Iron and Steel Manufacturing,0,0,0,0,0,0
"Glass, ceramic and stone products",Iron and Steel Manufacturing,26,0.33466340584373794,115,1.480241987385764,141,1.8149053932295018
Basic iron and steel,Iron and Steel Manufacturing,2051,26.399794053288712,0,0,2051,26.399794053288712
Other basic metals and casting,Iron and Steel Manufacturing,379,4.878362723645257,0,0,379,4.878362723645257
Weapons and ammunition,Iron and Steel Manufacturing,0,0,0,0,0,0
Other fabricated metal products,Iron and Steel Manufacturing,84,1.081220234264384,540,6.950701505985327,624,8.031921740249711
Computer and electronic products,Iron and Steel Manufacturing,2,0.025743338911056766,9,0.11584502509975544,11,0.1415883640108122
Electrical equipment,Iron and Steel Manufacturing,0,0,0,0,0,0
Other machinery and equipment,Iron and Steel Manufacturing,101,1.3000386150083665,0,0,101,1.3000386150083665
Motor vehicles,Iron and Steel Manufacturing,0,0,8,0.10297335564422706,8,0.10297335564422706
Ships and boats,Iron and Steel Manufacturing,0,0,0,0,0,0
Aircraft and spacecraft products,Iron and Steel Manufacturing,0,0,0,0,0,0
Other Transport Equipment,Iron and Steel Manufacturing,0,0,0,0,0,0
Furniture,Iron and Steel Manufacturing,0,0,0,0,0,0
Other manufactured goods,Iron and Steel Manufacturing,1,0.012871669455528383,0,0,1,0.012871669455528383
Ship and boat repair and maintenance,Iron and Steel Manufacturing,0,0,0,0,0,0
Air and spacecraft repair and maintenance,Iron and Steel Manufacturing,0,0,0,0,0,0
Other repair services,Iron and Steel Manufacturing,0,0,305,3.925859183936156,305,3.925859183936156
Electricity services,Iron and Steel Manufacturing,0,0,193,2.4842322049169776,193,2.4842322049169776
"Mains gas, steam and air conditioning services",Iron and Steel Manufacturing,0,0,163,2.0980821212511263,163,2.0980821212511263
Water services,Iron and Steel Manufacturing,0,0,16,0.20594671128845413,16,0.20594671128845413
Sewerage services,Iron and Steel Manufacturing,0,0,1,0.012871669455528383,1,0.012871669455528383
Waste collection and treatment services,Iron and Steel Manufacturing,6,0.077230017,194,2.497103874372506,200,2.574333891105676
Remediation and waste management services,Iron and Steel Manufacturing,0,0,0,0,0,0
Construction services,Iron and Steel Manufacturing,0,0,0,0,0,0
Motor vehicle trade services,Iron and Steel Manufacturing,0,0,9,0.11584502509975544,9,0.11584502509975544
Wholesale trade services,Iron and Steel Manufacturing,0,0,1369,17.621315484618354,1369,17.621315484618354
Retail trade services,Iron and Steel Manufacturing,0,0,336,4.324880937057536,336,4.324880937057536
Rail transport services,Iron and Steel Manufacturing,0,0,31,0.39902175312137983,31,0.39902175312137983
Land transport services,Iron and Steel Manufacturing,0,0,182,2.342643840906166,182,2.342643840906166
Water transport services,Iron and Steel Manufacturing,0,0,10,0.1287166945552838,10,0.1287166945552838
Air transport services,Iron and Steel Manufacturing,0,0,77,0.9911185480756854,77,0.9911185480756854
Warehousing services,Iron and Steel Manufacturing,0,0,0,0,0,0
Postal and courier services,Iron and Steel Manufacturing,0,0,77,0.9911185480756854,77,0.9911185480756854
Accommodation services,Iron and Steel Manufacturing,0,0,0,0,0,0
Food and beverage services,Iron and Steel Manufacturing,0,0,14,0.18020337237739734,14,0.18020337237739734
Publishing services,Iron and Steel Manufacturing,0,0,10,0.1287166945552838,10,0.1287166945552838
Media Production services,Iron and Steel Manufacturing,0,0,0,0,0,0
Telecommunications services,Iron and Steel Manufacturing,0,0,7,0.090101686,7,0.090101686
Computer programming services,Iron and Steel Manufacturing,12,0.15446003346634057,61,0.7851718367872313,73,0.93963187
Information services,Iron and Steel Manufacturing,0,0,0,0,0,0
Financial services (excl. insurance and pensions),Iron and Steel Manufacturing,1,0.012871669455528383,132,1.6990603681297463,133,1.7119320375852747
Insurance and pension services,Iron and Steel Manufacturing,0,0,86,1.1069635731754408,86,1.1069635731754408
Auxiliary financial services,Iron and Steel Manufacturing,0,0,33,0.42476509203243656,33,0.42476509203243656
Real estate services,Iron and Steel Manufacturing,0,0,0,0,0,0
Owner-occupier housing services,Iron and Steel Manufacturing,0,0,0,0,0,0
Other real estate services,Iron and Steel Manufacturing,0,0,9,0.11584502509975544,9,0.11584502509975544
Legal services,Iron and Steel Manufacturing,0,0,80,1.0297335564422705,80,1.0297335564422705
Accounting and tax services,Iron and Steel Manufacturing,1,0.012871669455528383,27,0.3475350752992663,28,0.3604067447547947
Management consulting services,Iron and Steel Manufacturing,6,0.077230017,2,0.025743338911056766,8,0.10297335564422705
Architectural and engineering services,Iron and Steel Manufacturing,3,0.038615008,18,0.2316900501995109,21,0.27030505856609605
Scientific research and development services,Iron and Steel Manufacturing,0,0,0,0,0,0
Advertising and market research services,Iron and Steel Manufacturing,0,0,5,0.064358347,5,0.064358347
Other scientific and technical services,Iron and Steel Manufacturing,0,0,42,0.540610117,42,0.540610117
Veterinary services,Iron and Steel Manufacturing,0,0,0,0,0,0
Rental and leasing services,Iron and Steel Manufacturing,0,0,160,2.059467112884541,160,2.059467112884541
Employment services,Iron and Steel Manufacturing,4,0.051486678,14,0.18020337237739734,18,0.23169005019951086
Travel services,Iron and Steel Manufacturing,0,0,0,0,0,0
Security services,Iron and Steel Manufacturing,0,0,0,0,0,0
Building and landscape services,Iron and Steel Manufacturing,0,0,0,0,0,0
Office support services,Iron and Steel Manufacturing,1,0.012871669455528383,0,0,1,0.012871669455528383
Public administration services (including defence),Iron and Steel Manufacturing,0,0,9,0.11584502509975544,9,0.11584502509975544
Education services,Iron and Steel Manufacturing,0,0,0,0,0,0
Health services,Iron and Steel Manufacturing,0,0,0,0,0,0
Residential and social care services,Iron and Steel Manufacturing,0,0,0,0,0,0
Arts and entertainment services,Iron and Steel Manufacturing,0,0,0,0,0,0
Libraries and other cultural services,Iron and Steel Manufacturing,0,0,0,0,0,0
Gambling services,Iron and Steel Manufacturing,0,0,0,0,0,0
Sports and recreation services,Iron and Steel Manufacturing,0,0,0,0,0,0
Membership services,Iron and Steel Manufacturing,0,0,0,0,0,0
Computer repair services,Iron and Steel Manufacturing,0,0,0,0,0,0
Other personal services,Iron and Steel Manufacturing,0,0,0,0,0,0
Agriculture products,Other Basic Metals Manufacturing,0,0,0,0,0,0
Forestry products,Other Basic Metals Manufacturing,0,0,0,0,0,0
Fishing products,Other Basic Metals Manufacturing,0,0,0,0,0,0
Coal and lignite,Other Basic Metals Manufacturing,0,0,0,0,0,0
"Petroleum, natural gas and mining of metal ores",Other Basic Metals Manufacturing,480,12.198221092757306,0,0,480,12.198221092757306
Other mining products,Other Basic Metals Manufacturing,2,0.050825921,10,0.25412960609911056,12,0.30495552731893266
Mining support services,Other Basic Metals Manufacturing,0,0,0,0,0,0
Meat and preserved meat products,Other Basic Metals Manufacturing,0,0,5,0.12706480304955528,5,0.12706480304955528
"Fish, seafood, fruit and vegetables",Other Basic Metals Manufacturing,0,0,2,0.050825921,2,0.050825921
Oils and fats,Other Basic Metals Manufacturing,0,0,0,0,0,0
Dairy products,Other Basic Metals Manufacturing,0,0,2,0.050825921,2,0.050825921
Grain mill and starch products,Other Basic Metals Manufacturing,0,0,0,0,0,0
Bakery products,Other Basic Metals Manufacturing,0,0,2,0.050825921,2,0.050825921
Other food products,Other Basic Metals Manufacturing,0,0,2,0.050825921,2,0.050825921
Animal feeds,Other Basic Metals Manufacturing,0,0,0,0,0,0
Alcoholic beverages and tobacco,Other Basic Metals Manufacturing,0,0,0,0,0,0
Soft drinks,Other Basic Metals Manufacturing,0,0,0,0,0,0
Textiles,Other Basic Metals Manufacturing,0,0,0,0,0,0
Clothing,Other Basic Metals Manufacturing,0,0,0,0,0,0
Leather products,Other Basic Metals Manufacturing,0,0,0,0,0,0
Wood products (excl. furniture),Other Basic Metals Manufacturing,0,0,0,0,0,0
Paper products,Other Basic Metals Manufacturing,2,0.050825921,0,0,2,0.050825921
Printing and recording services,Other Basic Metals Manufacturing,0,0,0,0,0,0
Coke and refined petroleum products,Other Basic Metals Manufacturing,1,0.025412960609911054,3,0.076238882,4,0.10165184243964422
Paints and coatings,Other Basic Metals Manufacturing,0,0,0,0,0,0
Soap and detergents,Other Basic Metals Manufacturing,0,0,0,0,0,0
Other chemical products,Other Basic Metals Manufacturing,3,0.076238882,0,0,3,0.076238882
Industrial gases and fertilizers,Other Basic Metals Manufacturing,0,0,4,0.10165184243964422,4,0.10165184243964422
Petrochemicals,Other Basic Metals Manufacturing,3,0.076238882,1,0.025412960609911054,4,0.10165184243964422
Dyestuffs and agro-chemicals,Other Basic Metals Manufacturing,0,0,0,0,0,0
Pharmaceutical products,Other Basic Metals Manufacturing,0,0,0,0,0,0
Rubber and plastic products,Other Basic Metals Manufacturing,3,0.076238882,0,0,3,0.076238882
Cement and concrete products,Other Basic Metals Manufacturing,0,0,0,0,0,0
"Glass, ceramic and stone products",Other Basic Metals Manufacturing,3,0.076238882,0,0,3,0.076238882
Basic iron and steel,Other Basic Metals Manufacturing,61,1.5501905972045744,10,0.25412960609911056,71,1.804320203303685
Other basic metals and casting,Other Basic Metals Manufacturing,1808,45.946632782719185,0,0,1808,45.946632782719185
Weapons and ammunition,Other Basic Metals Manufacturing,0,0,0,0,0,0
Other fabricated metal products,Other Basic Metals Manufacturing,60,1.5247776365946633,41,1.0419313850063534,101,2.5667090216010164
Computer and electronic products,Other Basic Metals Manufacturing,1,0.025412960609911054,3,0.076238882,4,0.10165184243964422
Electrical equipment,Other Basic Metals Manufacturing,1,0.025412960609911054,0,0,1,0.025412960609911054
Other machinery and equipment,Other Basic Metals Manufacturing,47,1.1944091486658195,9,0.22871664548919948,56,1.423125794155019
Motor vehicles,Other Basic Metals Manufacturing,1,0.025412960609911054,0,0,1,0.025412960609911054
Ships and boats,Other Basic Metals Manufacturing,0,0,0,0,0,0
Aircraft and spacecraft products,Other Basic Metals Manufacturing,0,0,0,0,0,0
Other Transport Equipment,Other Basic Metals Manufacturing,0,0,0,0,0,0
Furniture,Other Basic Metals Manufacturing,0,0,0,0,0,0
Other manufactured goods,Other Basic Metals Manufacturing,2,0.050825921,0,0,2,0.050825921
Ship and boat repair and maintenance,Other Basic Metals Manufacturing,0,0,0,0,0,0
Air and spacecraft repair and maintenance,Other Basic Metals Manufacturing,0,0,0,0,0,0
Other repair services,Other Basic Metals Manufacturing,1,0.025412960609911054,45,1.1435832274459974,46,1.1689961880559085
Electricity services,Other Basic Metals Manufacturing,0,0,134,3.4053367217280814,134,3.4053367217280814
"Mains gas, steam and air conditioning services",Other Basic Metals Manufacturing,0,0,58,1.4739517153748412,58,1.4739517153748412
Water services,Other Basic Metals Manufacturing,0,0,5,0.12706480304955528,5,0.12706480304955528
Sewerage services,Other Basic Metals Manufacturing,0,0,4,0.10165184243964422,4,0.10165184243964422
Waste collection and treatment services,Other Basic Metals Manufacturing,34,0.8640406607369758,0,0,34,0.8640406607369758
Remediation and waste management services,Other Basic Metals Manufacturing,0,0,0,0,0,0
Construction services,Other Basic Metals Manufacturing,0,0,0,0,0,0
Motor vehicle trade services,Other Basic Metals Manufacturing,0,0,2,0.050825921,2,0.050825921
Wholesale trade services,Other Basic Metals Manufacturing,0,0,406,10.31766200762389,406,10.31766200762389
Retail trade services,Other Basic Metals Manufacturing,0,0,96,2.4396442185514613,96,2.4396442185514613
Rail transport services,Other Basic Metals Manufacturing,0,0,0,0,0,0
Land transport services,Other Basic Metals Manufacturing,0,0,78,1.9822109275730624,78,1.9822109275730624
Water transport services,Other Basic Metals Manufacturing,0,0,0,0,0,0
Air transport services,Other Basic Metals Manufacturing,0,0,0,0,0,0
Warehousing services,Other Basic Metals Manufacturing,0,0,7,0.17789072426937738,7,0.17789072426937738
Postal and courier services,Other Basic Metals Manufacturing,0,0,48,1.2198221092757306,48,1.2198221092757306
Accommodation services,Other Basic Metals Manufacturing,0,0,0,0,0,0
Food and beverage services,Other Basic Metals Manufacturing,0,0,4,0.10165184243964422,4,0.10165184243964422
Publishing services,Other Basic Metals Manufacturing,0,0,8,0.20330368487928843,8,0.20330368487928843
Media Production services,Other Basic Metals Manufacturing,0,0,0,0,0,0
Telecommunications services,Other Basic Metals Manufacturing,0,0,3,0.076238882,3,0.076238882
Computer programming services,Other Basic Metals Manufacturing,1,0.025412960609911054,31,0.7878017789072427,32,0.8132147395171537
Information services,Other Basic Metals Manufacturing,0,0,0,0,0,0
Financial services (excl. insurance and pensions),Other Basic Metals Manufacturing,0,0,168,4.269377382465057,168,4.269377382465057
Insurance and pension services,Other Basic Metals Manufacturing,0,0,27,0.6861499364675985,27,0.6861499364675985
Auxiliary financial services,Other Basic Metals Manufacturing,0,0,7,0.17789072426937738,7,0.17789072426937738
Real estate services,Other Basic Metals Manufacturing,0,0,0,0,0,0
Owner-occupier housing services,Other Basic Metals Manufacturing,0,0,0,0,0,0
Other real estate services,Other Basic Metals Manufacturing,0,0,7,0.17789072426937738,7,0.17789072426937738
Legal services,Other Basic Metals Manufacturing,0,0,7,0.17789072426937738,7,0.17789072426937738
Accounting and tax services,Other Basic Metals Manufacturing,0,0,6,0.15247776365946633,6,0.15247776365946633
Management consulting services,Other Basic Metals Manufacturing,2,0.050825921,0,0,2,0.050825921
Architectural and engineering services,Other Basic Metals Manufacturing,0,0,94,2.388818297331639,94,2.388818297331639
Scientific research and development services,Other Basic Metals Manufacturing,0,0,0,0,0,0
Advertising and market research services,Other Basic Metals Manufacturing,0,0,5,0.12706480304955528,5,0.12706480304955528
Other scientific and technical services,Other Basic Metals Manufacturing,0,0,4,0.10165184243964422,4,0.10165184243964422
Veterinary services,Other Basic Metals Manufacturing,0,0,0,0,0,0
Rental and leasing services,Other Basic Metals Manufacturing,0,0,17,0.4320203303684879,17,0.4320203303684879
Employment services,Other Basic Metals Manufacturing,0,0,22,0.5590851334180432,22,0.5590851334180432
Travel services,Other Basic Metals Manufacturing,0,0,0,0,0,0
Security services,Other Basic Metals Manufacturing,0,0,0,0,0,0
Building and landscape services,Other Basic Metals Manufacturing,0,0,0,0,0,0
Office support services,Other Basic Metals Manufacturing,2,0.050825921,0,0,2,0.050825921
Public administration services (including defence),Other Basic Metals Manufacturing,0,0,16,0.40660736975857686,16,0.40660736975857686
Education services,Other Basic Metals Manufacturing,0,0,8,0.20330368487928843,8,0.20330368487928843
Health services,Other Basic Metals Manufacturing,0,0,2,0.050825921,2,0.050825921
Residential and social care services,Other Basic Metals Manufacturing,0,0,0,0,0,0
Arts and entertainment services,Other Basic Metals Manufacturing,0,0,0,0,0,0
Libraries and other cultural services,Other Basic Metals Manufacturing,0,0,0,0,0,0
Gambling services,Other Basic Metals Manufacturing,0,0,0,0,0,0
Sports and recreation services,Other Basic Metals Manufacturing,0,0,0,0,0,0
Membership services,Other Basic Metals Manufacturing,0,0,2,0.050825921,2,0.050825921
Computer repair services,Other Basic Metals Manufacturing,0,0,0,0,0,0
Other personal services,Other Basic Metals Manufacturing,0,0,2,0.050825921,2,0.050825921
Agriculture products,Weapons and Ammunition Manufacturing,0,0,0,0,0,0
Forestry products,Weapons and Ammunition Manufacturing,0,0,0,0,0,0
Fishing products,Weapons and Ammunition Manufacturing,0,0,0,0,0,0
Coal and lignite,Weapons and Ammunition Manufacturing,0,0,0,0,0,0
"Petroleum, natural gas and mining of metal ores",Weapons and Ammunition Manufacturing,0,0,0,0,0,0
Other mining products,Weapons and Ammunition Manufacturing,0,0,0,0,0,0
Mining support services,Weapons and Ammunition Manufacturing,0,0,0,0,0,0
Meat and preserved meat products,Weapons and Ammunition Manufacturing,0,0,3,0.11303692539562923,3,0.11303692539562923
"Fish, seafood, fruit and vegetables",Weapons and Ammunition Manufacturing,0,0,4,0.15071590052750566,4,0.15071590052750566
Oils and fats,Weapons and Ammunition Manufacturing,0,0,0,0,0,0
Dairy products,Weapons and Ammunition Manufacturing,0,0,2,0.07535795,2,0.07535795
Grain mill and starch products,Weapons and Ammunition Manufacturing,0,0,0,0,0,0
Bakery products,Weapons and Ammunition Manufacturing,0,0,4,0.15071590052750566,4,0.15071590052750566
Other food products,Weapons and Ammunition Manufacturing,0,0,2,0.07535795,2,0.07535795
Animal feeds,Weapons and Ammunition Manufacturing,0,0,0,0,0,0
Alcoholic beverages and tobacco,Weapons and Ammunition Manufacturing,0,0,0,0,0,0
Soft drinks,Weapons and Ammunition Manufacturing,0,0,0,0,0,0
Textiles,Weapons and Ammunition Manufacturing,0,0,0,0,0,0
Clothing,Weapons and Ammunition Manufacturing,0,0,0,0,0,0
Leather products,Weapons and Ammunition Manufacturing,0,0,0,0,0,0
Wood products (excl. furniture),Weapons and Ammunition Manufacturing,0,0,10,0.37678975131876413,10,0.37678975131876413
Paper products,Weapons and Ammunition Manufacturing,0,0,2,0.07535795,2,0.07535795
Printing and recording services,Weapons and Ammunition Manufacturing,0,0,0,0,0,0
Coke and refined petroleum products,Weapons and Ammunition Manufacturing,0,0,1,0.037678975131876416,1,0.037678975131876416
Paints and coatings,Weapons and Ammunition Manufacturing,0,0,0,0,0,0
Soap and detergents,Weapons and Ammunition Manufacturing,0,0,0,0,0,0
Other chemical products,Weapons and Ammunition Manufacturing,25,0.9419743782969104,69,2.5998492840994722,94,3.5418236623963826
Industrial gases and fertilizers,Weapons and Ammunition Manufacturing,0,0,1,0.037678975131876416,1,0.037678975131876416
Petrochemicals,Weapons and Ammunition Manufacturing,1,0.037678975131876416,2,0.07535795,3,0.11303692539562925
Dyestuffs and agro-chemicals,Weapons and Ammunition Manufacturing,0,0,0,0,0,0
Pharmaceutical products,Weapons and Ammunition Manufacturing,0,0,0,0,0,0
Rubber and plastic products,Weapons and Ammunition Manufacturing,0,0,0,0,0,0
Cement and concrete products,Weapons and Ammunition Manufacturing,0,0,0,0,0,0
"Glass, ceramic and stone products",Weapons and Ammunition Manufacturing,0,0,0,0,0,0
Basic iron and steel,Weapons and Ammunition Manufacturing,2,0.07535795,37,1.3941220798794274,39,1.4694800301431803
Other basic metals and casting,Weapons and Ammunition Manufacturing,154,5.802562170308968,0,0,154,5.802562170308968
Weapons and ammunition,Weapons and Ammunition Manufacturing,275,10.361718161266014,0,0,275,10.361718161266014
Other fabricated metal products,Weapons and Ammunition Manufacturing,7,0.26375282592313487,376,14.167294649585532,383,14.431047475508667
Computer and electronic products,Weapons and Ammunition Manufacturing,39,1.46948003,63,2.373775433308214,102,3.843255463451394
Electrical equipment,Weapons and Ammunition Manufacturing,13,0.48982667671439334,96,3.6171816126601355,109,4.107008289374529
Other machinery and equipment,Weapons and Ammunition Manufacturing,3,0.11303692539562923,226,8.51544838,229,8.628485305
Motor vehicles,Weapons and Ammunition Manufacturing,0,0,0,0,0,0
Ships and boats,Weapons and Ammunition Manufacturing,0,0,0,0,0,0
Aircraft and spacecraft products,Weapons and Ammunition Manufacturing,3,0.11303692539562923,0,0,3,0.11303692539562923
Other Transport Equipment,Weapons and Ammunition Manufacturing,0,0,0,0,0,0
Furniture,Weapons and Ammunition Manufacturing,0,0,0,0,0,0
Other manufactured goods,Weapons and Ammunition Manufacturing,0,0,4,0.15071590052750566,4,0.15071590052750566
Ship and boat repair and maintenance,Weapons and Ammunition Manufacturing,0,0,0,0,0,0
Air and spacecraft repair and maintenance,Weapons and Ammunition Manufacturing,0,0,0,0,0,0
Other repair services,Weapons and Ammunition Manufacturing,27,1.0173323285606632,160,6.028636021100226,187,7.045968349660889
Electricity services,Weapons and Ammunition Manufacturing,0,0,36,1.3564431047475507,36,1.3564431047475507
"Mains gas, steam and air conditioning services",Weapons and Ammunition Manufacturing,0,0,17,0.640542577,17,0.640542577
Water services,Weapons and Ammunition Manufacturing,0,0,2,0.07535795,2,0.07535795
Sewerage services,Weapons and Ammunition Manufacturing,0,0,0,0,0,0
Waste collection and treatment services,Weapons and Ammunition Manufacturing,0,0,8,0.30143180105501133,8,0.30143180105501133
Remediation and waste management services,Weapons and Ammunition Manufacturing,0,0,0,0,0,0
Construction services,Weapons and Ammunition Manufacturing,0,0,0,0,0,0
Motor vehicle trade services,Weapons and Ammunition Manufacturing,1,0.037678975131876416,7,0.26375282592313487,8,0.3014318010550113
Wholesale trade services,Weapons and Ammunition Manufacturing,0,0,373,14.054257724189902,373,14.054257724189902
Retail trade services,Weapons and Ammunition Manufacturing,0,0,95,3.5795026375282593,95,3.5795026375282593
Rail transport services,Weapons and Ammunition Manufacturing,0,0,1,0.037678975131876416,1,0.037678975131876416
Land transport services,Weapons and Ammunition Manufacturing,0,0,5,0.18839487565938207,5,0.18839487565938207
Water transport services,Weapons and Ammunition Manufacturing,0,0,3,0.11303692539562923,3,0.11303692539562923
Air transport services,Weapons and Ammunition Manufacturing,0,0,2,0.07535795,2,0.07535795
Warehousing services,Weapons and Ammunition Manufacturing,0,0,1,0.037678975131876416,1,0.037678975131876416
Postal and courier services,Weapons and Ammunition Manufacturing,0,0,20,0.7535795026375283,20,0.7535795026375283
Accommodation services,Weapons and Ammunition Manufacturing,0,0,0,0,0,0
Food and beverage services,Weapons and Ammunition Manufacturing,0,0,20,0.7535795026375283,20,0.7535795026375283
Publishing services,Weapons and Ammunition Manufacturing,0,0,4,0.15071590052750566,4,0.15071590052750566
Media Production services,Weapons and Ammunition Manufacturing,0,0,0,0,0,0
Telecommunications services,Weapons and Ammunition Manufacturing,0,0,10,0.37678975131876413,10,0.37678975131876413
Computer programming services,Weapons and Ammunition Manufacturing,0,0,74,2.7882441597588548,74,2.7882441597588548
Information services,Weapons and Ammunition Manufacturing,0,0,0,0,0,0
Financial services (excl. insurance and pensions),Weapons and Ammunition Manufacturing,0,0,21,0.7912584777694046,21,0.7912584777694046
Insurance and pension services,Weapons and Ammunition Manufacturing,0,0,18,0.6782215523737753,18,0.6782215523737753
Auxiliary financial services,Weapons and Ammunition Manufacturing,0,0,2,0.07535795,2,0.07535795
Real estate services,Weapons and Ammunition Manufacturing,0,0,0,0,0,0
Owner-occupier housing services,Weapons and Ammunition Manufacturing,0,0,0,0,0,0
Other real estate services,Weapons and Ammunition Manufacturing,0,0,0,0,0,0
Legal services,Weapons and Ammunition Manufacturing,0,0,57,2.1477015825169556,57,2.1477015825169556
Accounting and tax services,Weapons and Ammunition Manufacturing,0,0,6,0.22607385079125847,6,0.22607385079125847
Management consulting services,Weapons and Ammunition Manufacturing,7,0.26375282592313487,0,0,7,0.26375282592313487
Architectural and engineering services,Weapons and Ammunition Manufacturing,0,0,0,0,0,0
Scientific research and development services,Weapons and Ammunition Manufacturing,0,0,0,0,0,0
Advertising and market research services,Weapons and Ammunition Manufacturing,0,0,23,0.8666164280331574,23,0.8666164280331574
Other scientific and technical services,Weapons and Ammunition Manufacturing,0,0,9,0.3391107761868877,9,0.3391107761868877
Veterinary services,Weapons and Ammunition Manufacturing,0,0,0,0,0,0
Rental and leasing services,Weapons and Ammunition Manufacturing,0,0,2,0.07535795,2,0.07535795
Employment services,Weapons and Ammunition Manufacturing,0,0,215,8.100979653353429,215,8.100979653353429
Travel services,Weapons and Ammunition Manufacturing,0,0,0,0,0,0
Security services,Weapons and Ammunition Manufacturing,0,0,0,0,0,0
Building and landscape services,Weapons and Ammunition Manufacturing,0,0,0,0,0,0
Office support services,Weapons and Ammunition Manufacturing,0,0,0,0,0,0
Public administration services (including defence),Weapons and Ammunition Manufacturing,0,0,1,0.037678975131876416,1,0.037678975131876416
Education services,Weapons and Ammunition Manufacturing,0,0,1,0.037678975131876416,1,0.037678975131876416
Health services,Weapons and Ammunition Manufacturing,0,0,1,0.037678975131876416,1,0.037678975131876416
Residential and social care services,Weapons and Ammunition Manufacturing,0,0,0,0,0,0
Arts and entertainment services,Weapons and Ammunition Manufacturing,0,0,0,0,0,0
Libraries and other cultural services,Weapons and Ammunition Manufacturing,0,0,0,0,0,0
Gambling services,Weapons and Ammunition Manufacturing,0,0,0,0,0,0
Sports and recreation services,Weapons and Ammunition Manufacturing,0,0,0,0,0,0
Membership services,Weapons and Ammunition Manufacturing,0,0,1,0.037678975131876416,1,0.037678975131876416
Computer repair services,Weapons and Ammunition Manufacturing,0,0,0,0,0,0
Other personal services,Weapons and Ammunition Manufacturing,0,0,0,0,0,0
Agriculture products,Other fabricated metal product manufacturing,0,0,0,0,0,0
Forestry products,Other fabricated metal product manufacturing,0,0,0,0,0,0
Fishing products,Other fabricated metal product manufacturing,0,0,0,0,0,0
Coal and lignite,Other fabricated metal product manufacturing,0,0,0,0,0,0
"Petroleum, natural gas and mining of metal ores",Other fabricated metal product manufacturing,0,0,7,0.040357452,7,0.040357452
Other mining products,Other fabricated metal product manufacturing,2,0.0115307,259,1.4932257134620928,261,1.5047564139521474
Mining support services,Other fabricated metal product manufacturing,0,0,0,0,0,0
Meat and preserved meat products,Other fabricated metal product manufacturing,0,0,0,0,0,0
"Fish, seafood, fruit and vegetables",Other fabricated metal product manufacturing,0,0,0,0,0,0
Oils and fats,Other fabricated metal product manufacturing,0,0,0,0,0,0
Dairy products,Other fabricated metal product manufacturing,0,0,0,0,0,0
Grain mill and starch products,Other fabricated metal product manufacturing,0,0,0,0,0,0
Bakery products,Other fabricated metal product manufacturing,0,0,0,0,0,0
Other food products,Other fabricated metal product manufacturing,0,0,0,0,0,0
Animal feeds,Other fabricated metal product manufacturing,0,0,0,0,0,0
Alcoholic beverages and tobacco,Other fabricated metal product manufacturing,0,0,0,0,0,0
Soft drinks,Other fabricated metal product manufacturing,0,0,0,0,0,0
Textiles,Other fabricated metal product manufacturing,4,0.023061401,0,0,4,0.023061401
Clothing,Other fabricated metal product manufacturing,0,0,0,0,0,0
Leather products,Other fabricated metal product manufacturing,0,0,0,0,0,0
Wood products (excl. furniture),Other fabricated metal product manufacturing,176,1.014701643,39,0.22484865955606803,215,1.2395503026808878
Paper products,Other fabricated metal product manufacturing,8,0.046122802,26,0.14989910637071202,34,0.1960219083309311
Printing and recording services,Other fabricated metal product manufacturing,0,0,4,0.023061401,4,0.023061401
Coke and refined petroleum products,Other fabricated metal product manufacturing,0,0,84,0.4842894205823004,84,0.4842894205823004
Paints and coatings,Other fabricated metal product manufacturing,108,0.6226578264629576,107,0.6168924762179302,215,1.2395503026808878
Soap and detergents,Other fabricated metal product manufacturing,0,0,0,0,0,0
Other chemical products,Other fabricated metal product manufacturing,109,0.6284231767079851,0,0,109,0.6284231767079851
Industrial gases and fertilizers,Other fabricated metal product manufacturing,5,0.028826751225136928,46,0.26520611127125976,51,0.2940328624963967
Petrochemicals,Other fabricated metal product manufacturing,24,0.13836840588065724,15,0.086480254,39,0.22484865955606803
Dyestuffs and agro-chemicals,Other fabricated metal product manufacturing,0,0,0,0,0,0
Pharmaceutical products,Other fabricated metal product manufacturing,0,0,0,0,0,0
Rubber and plastic products,Other fabricated metal product manufacturing,147,0.8475064860190257,241,1.3894494090515999,388,2.2369558950706256
Cement and concrete products,Other fabricated metal product manufacturing,25,0.14413375612568463,78,0.44969731911213606,103,0.5938310752378206
"Glass, ceramic and stone products",Other fabricated metal product manufacturing,119,0.6860766791582589,59,0.3401556644566157,178,1.0262323436148746
Basic iron and steel,Other fabricated metal product manufacturing,2335,13.462092822138946,0,0,2335,13.462092822138946
Other basic metals and casting,Other fabricated metal product manufacturing,1233,7.108676852118766,0,0,1233,7.108676852118766
Weapons and ammunition,Other fabricated metal product manufacturing,2,0.0115307,0,0,2,0.0115307
Other fabricated metal products,Other fabricated metal product manufacturing,2102,12.118766215047565,1195,6.8895935428077255,3297,19.00835975785529
Computer and electronic products,Other fabricated metal product manufacturing,43,0.24791006053617756,0,0,43,0.24791006053617756
Electrical equipment,Other fabricated metal product manufacturing,33,0.19025655808590372,0,0,33,0.19025655808590372
Other machinery and equipment,Other fabricated metal product manufacturing,446,2.571346209282214,13,0.074949553,459,2.646295762
Motor vehicles,Other fabricated metal product manufacturing,16,0.092245604,0,0,16,0.092245604
Ships and boats,Other fabricated metal product manufacturing,0,0,0,0,0,0
Aircraft and spacecraft products,Other fabricated metal product manufacturing,4,0.023061401,0,0,4,0.023061401
Other Transport Equipment,Other fabricated metal product manufacturing,3,0.017296050735082155,0,0,3,0.017296050735082155
Furniture,Other fabricated metal product manufacturing,0,0,5,0.028826751225136928,5,0.028826751225136928
Other manufactured goods,Other fabricated metal product manufacturing,9,0.051888152205246466,0,0,9,0.051888152205246466
Ship and boat repair and maintenance,Other fabricated metal product manufacturing,0,0,0,0,0,0
Air and spacecraft repair and maintenance,Other fabricated metal product manufacturing,0,0,0,0,0,0
Other repair services,Other fabricated metal product manufacturing,4,0.023061401,309,1.7814932257134621,313,1.8045546266935717
Electricity services,Other fabricated metal product manufacturing,0,0,510,2.940328624963967,510,2.940328624963967
"Mains gas, steam and air conditioning services",Other fabricated metal product manufacturing,0,0,171,0.9858748918996829,171,0.9858748918996829
Water services,Other fabricated metal product manufacturing,0,0,51,0.29403286249639665,51,0.29403286249639665
Sewerage services,Other fabricated metal product manufacturing,0,0,50,0.28826751225136926,50,0.28826751225136926
Waste collection and treatment services,Other fabricated metal product manufacturing,3,0.017296050735082155,69,0.3978091669068896,72,0.4151052176419718
Remediation and waste management services,Other fabricated metal product manufacturing,0,0,0,0,0,0
Construction services,Other fabricated metal product manufacturing,2,0.0115307,516,2.974920726434131,518,2.986451426924186
Motor vehicle trade services,Other fabricated metal product manufacturing,0,0,30,0.17296050735082155,30,0.17296050735082155
Wholesale trade services,Other fabricated metal product manufacturing,1,0.00576535,2593,14.94955318535601,2594,14.955318535601037
Retail trade services,Other fabricated metal product manufacturing,0,0,642,3.7013548573075816,642,3.7013548573075816
Rail transport services,Other fabricated metal product manufacturing,0,0,17,0.098010954,17,0.098010954
Land transport services,Other fabricated metal product manufacturing,0,0,462,2.663591813202652,462,2.663591813202652
Water transport services,Other fabricated metal product manufacturing,0,0,23,0.13260305563562988,23,0.13260305563562988
Air transport services,Other fabricated metal product manufacturing,0,0,5,0.028826751225136928,5,0.028826751225136928
Warehousing services,Other fabricated metal product manufacturing,0,0,35,0.2017872585759585,35,0.2017872585759585
Postal and courier services,Other fabricated metal product manufacturing,1,0.00576535,117,0.6745459786682041,118,0.6803113289132314
Accommodation services,Other fabricated metal product manufacturing,0,0,0,0,0,0
Food and beverage services,Other fabricated metal product manufacturing,0,0,9,0.051888152205246466,9,0.051888152205246466
Publishing services,Other fabricated metal product manufacturing,0,0,0,0,0,0
Media Production services,Other fabricated metal product manufacturing,0,0,0,0,0,0
Telecommunications services,Other fabricated metal product manufacturing,1,0.00576535,73,0.42087056788699917,74,0.42663591813202656
Computer programming services,Other fabricated metal product manufacturing,5,0.028826751225136928,319,1.8391467281637361,324,1.8679734793888731
Information services,Other fabricated metal product manufacturing,0,0,0,0,0,0
Financial services (excl. insurance and pensions),Other fabricated metal product manufacturing,0,0,805,4.641106947247045,805,4.641106947247045
Insurance and pension services,Other fabricated metal product manufacturing,0,0,141,0.8129143845488613,141,0.8129143845488613
Auxiliary financial services,Other fabricated metal product manufacturing,0,0,43,0.24791006053617756,43,0.24791006053617756
Real estate services,Other fabricated metal product manufacturing,0,0,0,0,0,0
Owner-occupier housing services,Other fabricated metal product manufacturing,0,0,0,0,0,0
Other real estate services,Other fabricated metal product manufacturing,0,0,274,1.5797059671375038,274,1.5797059671375038
Legal services,Other fabricated metal product manufacturing,1,0.00576535,9,0.051888152205246466,10,0.057653502
Accounting and tax services,Other fabricated metal product manufacturing,0,0,114,0.657249928,114,0.657249928
Management consulting services,Other fabricated metal product manufacturing,21,0.1210723551455751,0,0,21,0.1210723551455751
Architectural and engineering services,Other fabricated metal product manufacturing,9,0.051888152205246466,330,1.9025655808590372,339,1.9544537330642837
Scientific research and development services,Other fabricated metal product manufacturing,0,0,0,0,0,0
Advertising and market research services,Other fabricated metal product manufacturing,1,0.00576535,78,0.44969731911213606,79,0.45546266935716345
Other scientific and technical services,Other fabricated metal product manufacturing,0,0,11,0.063418853,11,0.063418853
Veterinary services,Other fabricated metal product manufacturing,0,0,0,0,0,0
Rental and leasing services,Other fabricated metal product manufacturing,15,0.086480254,171,0.9858748918996829,186,1.0723551455750937
Employment services,Other fabricated metal product manufacturing,0,0,89,0.5131161718074373,89,0.5131161718074373
Travel services,Other fabricated metal product manufacturing,0,0,0,0,0,0
Security services,Other fabricated metal product manufacturing,0,0,0,0,0,0
Building and landscape services,Other fabricated metal product manufacturing,0,0,0,0,0,0
Office support services,Other fabricated metal product manufacturing,0,0,0,0,0,0
Public administration services (including defence),Other fabricated metal product manufacturing,0,0,59,0.3401556644566157,59,0.3401556644566157
Education services,Other fabricated metal product manufacturing,0,0,8,0.046122802,8,0.046122802
Health services,Other fabricated metal product manufacturing,0,0,11,0.063418853,11,0.063418853
Residential and social care services,Other fabricated metal product manufacturing,0,0,0,0,0,0
Arts and entertainment services,Other fabricated metal product manufacturing,0,0,0,0,0,0
Libraries and other cultural services,Other fabricated metal product manufacturing,0,0,0,0,0,0
Gambling services,Other fabricated metal product manufacturing,0,0,0,0,0,0
Sports and recreation services,Other fabricated metal product manufacturing,0,0,0,0,0,0
Membership services,Other fabricated metal product manufacturing,0,0,3,0.017296050735082155,3,0.017296050735082155
Computer repair services,Other fabricated metal product manufacturing,0,0,0,0,0,0
Other personal services,Other fabricated metal product manufacturing,0,0,3,0.017296050735082155,3,0.017296050735082155
Agriculture products,Computer and Electronic Products Manufacturing,0,0,0,0,0,0
Forestry products,Computer and Electronic Products Manufacturing,0,0,0,0,0,0
Fishing products,Computer and Electronic Products Manufacturing,0,0,0,0,0,0
Coal and lignite,Computer and Electronic Products Manufacturing,0,0,0,0,0,0
"Petroleum, natural gas and mining of metal ores",Computer and Electronic Products Manufacturing,0,0,0,0,0,0
Other mining products,Computer and Electronic Products Manufacturing,0,0,0,0,0,0
Mining support services,Computer and Electronic Products Manufacturing,0,0,0,0,0,0
Meat and preserved meat products,Computer and Electronic Products Manufacturing,0,0,65,0.6429277942631058,65,0.6429277942631058
"Fish, seafood, fruit and vegetables",Computer and Electronic Products Manufacturing,0,0,39,0.3857566765578635,39,0.3857566765578635
Oils and fats,Computer and Electronic Products Manufacturing,0,0,3,0.029673590504451036,3,0.029673590504451036
Dairy products,Computer and Electronic Products Manufacturing,0,0,8,0.079129575,8,0.079129575
Grain mill and starch products,Computer and Electronic Products Manufacturing,0,0,0,0,0,0
Bakery products,Computer and Electronic Products Manufacturing,0,0,56,0.5539070227497527,56,0.5539070227497527
Other food products,Computer and Electronic Products Manufacturing,0,0,21,0.20771513353115725,21,0.20771513353115725
Animal feeds,Computer and Electronic Products Manufacturing,0,0,0,0,0,0
Alcoholic beverages and tobacco,Computer and Electronic Products Manufacturing,0,0,0,0,0,0
Soft drinks,Computer and Electronic Products Manufacturing,0,0,0,0,0,0
Textiles,Computer and Electronic Products Manufacturing,1,0.009891197,0,0,1,0.009891197
Clothing,Computer and Electronic Products Manufacturing,0,0,0,0,0,0
Leather products,Computer and Electronic Products Manufacturing,0,0,0,0,0,0
Wood products (excl. furniture),Computer and Electronic Products Manufacturing,0,0,0,0,0,0
Paper products,Computer and Electronic Products Manufacturing,8,0.079129575,55,0.5440158259149357,63,0.6231454005934718
Printing and recording services,Computer and Electronic Products Manufacturing,0,0,0,0,0,0
Coke and refined petroleum products,Computer and Electronic Products Manufacturing,1,0.009891197,9,0.089020772,10,0.098911968
Paints and coatings,Computer and Electronic Products Manufacturing,5,0.049455984,0,0,5,0.049455984
Soap and detergents,Computer and Electronic Products Manufacturing,0,0,0,0,0,0
Other chemical products,Computer and Electronic Products Manufacturing,203,2.0079129574678536,0,0,203,2.0079129574678536
Industrial gases and fertilizers,Computer and Electronic Products Manufacturing,27,0.26706231454005935,0,0,27,0.26706231454005935
Petrochemicals,Computer and Electronic Products Manufacturing,103,1.0187932739861523,67,0.662710188,170,1.6815034619188922
Dyestuffs and agro-chemicals,Computer and Electronic Products Manufacturing,0,0,0,0,0,0
Pharmaceutical products,Computer and Electronic Products Manufacturing,0,0,0,0,0,0
Rubber and plastic products,Computer and Electronic Products Manufacturing,71,0.7022749752720079,302,2.9871414441147377,373,3.6894164193867454
Cement and concrete products,Computer and Electronic Products Manufacturing,0,0,0,0,0,0
"Glass, ceramic and stone products",Computer and Electronic Products Manufacturing,52,0.5143422354104847,8,0.079129575,60,0.5934718100890208
Basic iron and steel,Computer and Electronic Products Manufacturing,26,0.25717111770524237,129,1.2759643916913948,155,1.533135509396637
Other basic metals and casting,Computer and Electronic Products Manufacturing,243,2.4035608308605343,0,0,243,2.4035608308605343
Weapons and ammunition,Computer and Electronic Products Manufacturing,2,0.019782393669634024,0,0,2,0.019782393669634024
Other fabricated metal products,Computer and Electronic Products Manufacturing,150,1.483679525222552,308,3.046488625,458,4.530168150346192
Computer and electronic products,Computer and Electronic Products Manufacturing,1491,14.747774480712167,788,7.794263105835807,2279,22.542037586547973
Electrical equipment,Computer and Electronic Products Manufacturing,11,0.10880316518298715,890,8.803165182987142,901,8.911968348170129
Other machinery and equipment,Computer and Electronic Products Manufacturing,151,1.4935707220573688,0,0,151,1.4935707220573688
Motor vehicles,Computer and Electronic Products Manufacturing,14,0.13847675568743817,0,0,14,0.13847675568743817
Ships and boats,Computer and Electronic Products Manufacturing,0,0,8,0.079129575,8,0.079129575
Aircraft and spacecraft products,Computer and Electronic Products Manufacturing,8,0.079129575,0,0,8,0.079129575
Other Transport Equipment,Computer and Electronic Products Manufacturing,0,0,437,4.322453016815034,437,4.322453016815034
Furniture,Computer and Electronic Products Manufacturing,0,0,0,0,0,0
Other manufactured goods,Computer and Electronic Products Manufacturing,16,0.1582591493570722,0,0,16,0.1582591493570722
Ship and boat repair and maintenance,Computer and Electronic Products Manufacturing,0,0,0,0,0,0
Air and spacecraft repair and maintenance,Computer and Electronic Products Manufacturing,0,0,0,0,0,0
Other repair services,Computer and Electronic Products Manufacturing,3,0.029673590504451036,115,1.1374876360039565,118,1.1671612265084075
Electricity services,Computer and Electronic Products Manufacturing,0,0,151,1.4935707220573688,151,1.4935707220573688
"Mains gas, steam and air conditioning services",Computer and Electronic Products Manufacturing,0,0,29,0.2868447082096934,29,0.2868447082096934
Water services,Computer and Electronic Products Manufacturing,0,0,14,0.13847675568743817,14,0.13847675568743817
Sewerage services,Computer and Electronic Products Manufacturing,0,0,2,0.019782393669634024,2,0.019782393669634024
Waste collection and treatment services,Computer and Electronic Products Manufacturing,3,0.029673590504451036,8,0.079129575,11,0.10880316518298713
Remediation and waste management services,Computer and Electronic Products Manufacturing,0,0,0,0,0,0
Construction services,Computer and Electronic Products Manufacturing,0,0,0,0,0,0
Motor vehicle trade services,Computer and Electronic Products Manufacturing,0,0,102,1.0089020771513353,102,1.0089020771513353
Wholesale trade services,Computer and Electronic Products Manufacturing,2,0.019782393669634024,1439,14.23343224530168,1441,14.253214638971315
Retail trade services,Computer and Electronic Products Manufacturing,0,0,360,3.5608308605341246,360,3.5608308605341246
Rail transport services,Computer and Electronic Products Manufacturing,0,0,19,0.18793273986152326,19,0.18793273986152326
Land transport services,Computer and Electronic Products Manufacturing,0,0,127,1.2561819980217608,127,1.2561819980217608
Water transport services,Computer and Electronic Products Manufacturing,0,0,8,0.079129575,8,0.079129575
Air transport services,Computer and Electronic Products Manufacturing,0,0,5,0.049455984,5,0.049455984
Warehousing services,Computer and Electronic Products Manufacturing,0,0,130,1.2858555885262115,130,1.2858555885262115
Postal and courier services,Computer and Electronic Products Manufacturing,0,0,200,1.9782393669634024,200,1.9782393669634024
Accommodation services,Computer and Electronic Products Manufacturing,0,0,0,0,0,0
Food and beverage services,Computer and Electronic Products Manufacturing,0,0,187,1.8496538081107814,187,1.8496538081107814
Publishing services,Computer and Electronic Products Manufacturing,0,0,0,0,0,0
Media Production services,Computer and Electronic Products Manufacturing,0,0,0,0,0,0
Telecommunications services,Computer and Electronic Products Manufacturing,3,0.029673590504451036,38,0.3758654797230465,41,0.4055390702274976
Computer programming services,Computer and Electronic Products Manufacturing,4,0.039564787,245,2.4233432245301683,249,2.462908011869436
Information services,Computer and Electronic Products Manufacturing,1,0.009891197,0,0,1,0.009891197
Financial services (excl. insurance and pensions),Computer and Electronic Products Manufacturing,1,0.009891197,135,1.3353115727002967,136,1.3452027695351136
Insurance and pension services,Computer and Electronic Products Manufacturing,1,0.009891197,78,0.771513353,79,0.78140455
Auxiliary financial services,Computer and Electronic Products Manufacturing,0,0,28,0.27695351137487634,28,0.27695351137487634
Real estate services,Computer and Electronic Products Manufacturing,0,0,0,0,0,0
Owner-occupier housing services,Computer and Electronic Products Manufacturing,0,0,0,0,0,0
Other real estate services,Computer and Electronic Products Manufacturing,0,0,0,0,0,0
Legal services,Computer and Electronic Products Manufacturing,6,0.059347181,162,1.6023738872403561,168,1.6617210682492582
Accounting and tax services,Computer and Electronic Products Manufacturing,0,0,23,0.2274975272007913,23,0.2274975272007913
Management consulting services,Computer and Electronic Products Manufacturing,57,0.5637982195845697,14,0.13847675568743817,71,0.7022749752720079
Architectural and engineering services,Computer and Electronic Products Manufacturing,6,0.059347181,47,0.4648862512363996,53,0.5242334322453017
Scientific research and development services,Computer and Electronic Products Manufacturing,0,0,0,0,0,0
Advertising and market research services,Computer and Electronic Products Manufacturing,3,0.029673590504451036,76,0.751730959,79,0.7814045499505441
Other scientific and technical services,Computer and Electronic Products Manufacturing,1,0.009891197,235,2.324431256181998,236,2.334322453016815
Veterinary services,Computer and Electronic Products Manufacturing,0,0,0,0,0,0
Rental and leasing services,Computer and Electronic Products Manufacturing,3,0.029673590504451036,38,0.3758654797230465,41,0.4055390702274976
Employment services,Computer and Electronic Products Manufacturing,2,0.019782393669634024,100,0.9891196834817012,102,1.0089020771513353
Travel services,Computer and Electronic Products Manufacturing,0,0,0,0,0,0
Security services,Computer and Electronic Products Manufacturing,0,0,0,0,0,0
Building and landscape services,Computer and Electronic Products Manufacturing,0,0,0,0,0,0
Office support services,Computer and Electronic Products Manufacturing,18,0.17804154302670622,0,0,18,0.17804154302670622
Public administration services (including defence),Computer and Electronic Products Manufacturing,0,0,9,0.089020772,9,0.089020772
Education services,Computer and Electronic Products Manufacturing,0,0,11,0.10880316518298715,11,0.10880316518298715
Health services,Computer and Electronic Products Manufacturing,0,0,69,0.6824925816023739,69,0.6824925816023739
Residential and social care services,Computer and Electronic Products Manufacturing,0,0,0,0,0,0
Arts and entertainment services,Computer and Electronic Products Manufacturing,0,0,0,0,0,0
Libraries and other cultural services,Computer and Electronic Products Manufacturing,0,0,0,0,0,0
Gambling services,Computer and Electronic Products Manufacturing,0,0,0,0,0,0
Sports and recreation services,Computer and Electronic Products Manufacturing,0,0,0,0,0,0
Membership services,Computer and Electronic Products Manufacturing,0,0,6,0.059347181,6,0.059347181
Computer repair services,Computer and Electronic Products Manufacturing,0,0,0,0,0,0
Other personal services,Computer and Electronic Products Manufacturing,0,0,10,0.098911968,10,0.098911968
Agriculture products,Electrical Equipment Manufacturing,0,0,0,0,0,0
Forestry products,Electrical Equipment Manufacturing,0,0,2,0.024061597690086624,2,0.024061597690086624
Fishing products,Electrical Equipment Manufacturing,0,0,0,0,0,0
Coal and lignite,Electrical Equipment Manufacturing,0,0,0,0,0,0
"Petroleum, natural gas and mining of metal ores",Electrical Equipment Manufacturing,0,0,0,0,0,0
Other mining products,Electrical Equipment Manufacturing,0,0,0,0,0,0
Mining support services,Electrical Equipment Manufacturing,0,0,0,0,0,0
Meat and preserved meat products,Electrical Equipment Manufacturing,0,0,46,0.5534167468719923,46,0.5534167468719923
"Fish, seafood, fruit and vegetables",Electrical Equipment Manufacturing,0,0,26,0.31280076997112605,26,0.31280076997112605
Oils and fats,Electrical Equipment Manufacturing,1,0.012030798845043312,3,0.036092397,4,0.048123195
Dairy products,Electrical Equipment Manufacturing,0,0,7,0.084215592,7,0.084215592
Grain mill and starch products,Electrical Equipment Manufacturing,0,0,0,0,0,0
Bakery products,Electrical Equipment Manufacturing,0,0,42,0.505293551,42,0.505293551
Other food products,Electrical Equipment Manufacturing,0,0,15,0.18046198267564964,15,0.18046198267564964
Animal feeds,Electrical Equipment Manufacturing,0,0,0,0,0,0
Alcoholic beverages and tobacco,Electrical Equipment Manufacturing,0,0,0,0,0,0
Soft drinks,Electrical Equipment Manufacturing,0,0,0,0,0,0
Textiles,Electrical Equipment Manufacturing,0,0,0,0,0,0
Clothing,Electrical Equipment Manufacturing,0,0,0,0,0,0
Leather products,Electrical Equipment Manufacturing,0,0,0,0,0,0
Wood products (excl. furniture),Electrical Equipment Manufacturing,14,0.16843118383060635,0,0,14,0.16843118383060635
Paper products,Electrical Equipment Manufacturing,6,0.072184793,45,0.541385948,51,0.6135707410972088
Printing and recording services,Electrical Equipment Manufacturing,0,0,0,0,0,0
Coke and refined petroleum products,Electrical Equipment Manufacturing,0,0,15,0.18046198267564964,15,0.18046198267564964
Paints and coatings,Electrical Equipment Manufacturing,18,0.21655437921077958,62,0.7459095283926853,80,0.9624639076034649
Soap and detergents,Electrical Equipment Manufacturing,1,0.012030798845043312,0,0,1,0.012030798845043312
Other chemical products,Electrical Equipment Manufacturing,3,0.036092397,0,0,3,0.036092397
Industrial gases and fertilizers,Electrical Equipment Manufacturing,6,0.072184793,0,0,6,0.072184793
Petrochemicals,Electrical Equipment Manufacturing,113,1.3594802694898942,73,0.8782483156881618,186,2.237728585178056
Dyestuffs and agro-chemicals,Electrical Equipment Manufacturing,2,0.024061597690086624,0,0,2,0.024061597690086624
Pharmaceutical products,Electrical Equipment Manufacturing,0,0,0,0,0,0
Rubber and plastic products,Electrical Equipment Manufacturing,119,1.431665062560154,272,3.2723772858517806,391,4.704042348411934
Cement and concrete products,Electrical Equipment Manufacturing,0,0,0,0,0,0
"Glass, ceramic and stone products",Electrical Equipment Manufacturing,118,1.4196342637151107,0,0,118,1.4196342637151107
Basic iron and steel,Electrical Equipment Manufacturing,209,2.514436958614052,100,1.2030798845043311,309,3.717516843118383
Other basic metals and casting,Electrical Equipment Manufacturing,645,7.759865255052935,0,0,645,7.759865255052935
Weapons and ammunition,Electrical Equipment Manufacturing,0,0,0,0,0,0
Other fabricated metal products,Electrical Equipment Manufacturing,276,3.3205004812319543,330,3.9701636188642926,606,7.290664100096247
Computer and electronic products,Electrical Equipment Manufacturing,249,2.9956689124157845,174,2.093358999037536,423,5.089027911453321
Electrical equipment,Electrical Equipment Manufacturing,902,10.851780558229066,1,0.012030798845043312,903,10.863811357074109
Other machinery and equipment,Electrical Equipment Manufacturing,387,4.655919153031761,596,7.170356111645813,983,11.826275264677575
Motor vehicles,Electrical Equipment Manufacturing,5,0.060153994,0,0,5,0.060153994
Ships and boats,Electrical Equipment Manufacturing,0,0,0,0,0,0
Aircraft and spacecraft products,Electrical Equipment Manufacturing,0,0,0,0,0,0
Other Transport Equipment,Electrical Equipment Manufacturing,0,0,0,0,0,0
Furniture,Electrical Equipment Manufacturing,0,0,0,0,0,0
Other manufactured goods,Electrical Equipment Manufacturing,3,0.036092397,0,0,3,0.036092397
Ship and boat repair and maintenance,Electrical Equipment Manufacturing,0,0,0,0,0,0
Air and spacecraft repair and maintenance,Electrical Equipment Manufacturing,0,0,0,0,0,0
Other repair services,Electrical Equipment Manufacturing,1,0.012030798845043312,96,1.1549566891241578,97,1.166987487969201
Electricity services,Electrical Equipment Manufacturing,0,0,73,0.8782483156881618,73,0.8782483156881618
"Mains gas, steam and air conditioning services",Electrical Equipment Manufacturing,0,0,33,0.3970163618864293,33,0.3970163618864293
Water services,Electrical Equipment Manufacturing,0,0,6,0.072184793,6,0.072184793
Sewerage services,Electrical Equipment Manufacturing,0,0,1,0.012030798845043312,1,0.012030798845043312
Waste collection and treatment services,Electrical Equipment Manufacturing,8,0.096246391,0,0,8,0.096246391
Remediation and waste management services,Electrical Equipment Manufacturing,0,0,0,0,0,0
Construction services,Electrical Equipment Manufacturing,0,0,0,0,0,0
Motor vehicle trade services,Electrical Equipment Manufacturing,0,0,41,0.49326275264677577,41,0.49326275264677577
Wholesale trade services,Electrical Equipment Manufacturing,2,0.024061597690086624,1193,14.352743022136668,1195,14.376804619826755
Retail trade services,Electrical Equipment Manufacturing,0,0,295,3.549085659287777,295,3.549085659287777
Rail transport services,Electrical Equipment Manufacturing,0,0,4,0.048123195,4,0.048123195
Land transport services,Electrical Equipment Manufacturing,0,0,188,2.2617901828681424,188,2.2617901828681424
Water transport services,Electrical Equipment Manufacturing,0,0,1,0.012030798845043312,1,0.012030798845043312
Air transport services,Electrical Equipment Manufacturing,0,0,4,0.048123195,4,0.048123195
Warehousing services,Electrical Equipment Manufacturing,0,0,30,0.3609239653512993,30,0.3609239653512993
Postal and courier services,Electrical Equipment Manufacturing,1,0.012030798845043312,65,0.7820019249278153,66,0.7940327237728586
Accommodation services,Electrical Equipment Manufacturing,0,0,0,0,0,0
Food and beverage services,Electrical Equipment Manufacturing,0,0,18,0.21655437921077958,18,0.21655437921077958
Publishing services,Electrical Equipment Manufacturing,5,0.060153994,22,0.2646775745909528,27,0.32483156881616937
Media Production services,Electrical Equipment Manufacturing,0,0,0,0,0,0
Telecommunications services,Electrical Equipment Manufacturing,0,0,19,0.2285851780558229,19,0.2285851780558229
Computer programming services,Electrical Equipment Manufacturing,15,0.18046198267564964,54,0.6496631376323387,69,0.8301251203079884
Information services,Electrical Equipment Manufacturing,1,0.012030798845043312,1,0.012030798845043312,2,0.024061597690086624
Financial services (excl. insurance and pensions),Electrical Equipment Manufacturing,0,0,322,3.873917228103946,322,3.873917228103946
Insurance and pension services,Electrical Equipment Manufacturing,0,0,64,0.769971126,64,0.769971126
Auxiliary financial services,Electrical Equipment Manufacturing,0,0,38,0.4571703561116458,38,0.4571703561116458
Real estate services,Electrical Equipment Manufacturing,0,0,0,0,0,0
Owner-occupier housing services,Electrical Equipment Manufacturing,0,0,0,0,0,0
Other real estate services,Electrical Equipment Manufacturing,0,0,30,0.3609239653512993,30,0.3609239653512993
Legal services,Electrical Equipment Manufacturing,0,0,70,0.8421559191530318,70,0.8421559191530318
Accounting and tax services,Electrical Equipment Manufacturing,2,0.024061597690086624,54,0.6496631376323387,56,0.6737247353224254
Management consulting services,Electrical Equipment Manufacturing,4,0.048123195,0,0,4,0.048123195
Architectural and engineering services,Electrical Equipment Manufacturing,5,0.060153994,136,1.6361886429258903,141,1.6963426371511068
Scientific research and development services,Electrical Equipment Manufacturing,0,0,0,0,0,0
Advertising and market research services,Electrical Equipment Manufacturing,0,0,46,0.5534167468719923,46,0.5534167468719923
Other scientific and technical services,Electrical Equipment Manufacturing,0,0,170,2.045235803657363,170,2.045235803657363
Veterinary services,Electrical Equipment Manufacturing,0,0,0,0,0,0
Rental and leasing services,Electrical Equipment Manufacturing,7,0.084215592,36,0.43310875842155916,43,0.5173243503368623
Employment services,Electrical Equipment Manufacturing,0,0,111,1.3354186717998076,111,1.3354186717998076
Travel services,Electrical Equipment Manufacturing,0,0,0,0,0,0
Security services,Electrical Equipment Manufacturing,0,0,0,0,0,0
Building and landscape services,Electrical Equipment Manufacturing,0,0,0,0,0,0
Office support services,Electrical Equipment Manufacturing,24,0.28873917228103946,105,1.2632338787295476,129,1.5519730510105871
Public administration services (including defence),Electrical Equipment Manufacturing,0,0,11,0.1323387872954764,11,0.1323387872954764
Education services,Electrical Equipment Manufacturing,0,0,6,0.072184793,6,0.072184793
Health services,Electrical Equipment Manufacturing,0,0,7,0.084215592,7,0.084215592
Residential and social care services,Electrical Equipment Manufacturing,0,0,0,0,0,0
Arts and entertainment services,Electrical Equipment Manufacturing,0,0,0,0,0,0
Libraries and other cultural services,Electrical Equipment Manufacturing,0,0,0,0,0,0
Gambling services,Electrical Equipment Manufacturing,0,0,0,0,0,0
Sports and recreation services,Electrical Equipment Manufacturing,0,0,0,0,0,0
Membership services,Electrical Equipment Manufacturing,0,0,1,0.012030798845043312,1,0.012030798845043312
Computer repair services,Electrical Equipment Manufacturing,0,0,0,0,0,0
Other personal services,Electrical Equipment Manufacturing,0,0,0,0,0,0
Agriculture products,Other Machinery and Equipment Manufacturing,0,0,0,0,0,0
Forestry products,Other Machinery and Equipment Manufacturing,0,0,1,0.004687793,1,0.004687793
Fishing products,Other Machinery and Equipment Manufacturing,0,0,0,0,0,0
Coal and lignite,Other Machinery and Equipment Manufacturing,0,0,0,0,0,0
"Petroleum, natural gas and mining of metal ores",Other Machinery and Equipment Manufacturing,0,0,0,0,0,0
Other mining products,Other Machinery and Equipment Manufacturing,0,0,0,0,0,0
Mining support services,Other Machinery and Equipment Manufacturing,0,0,0,0,0,0
Meat and preserved meat products,Other Machinery and Equipment Manufacturing,0,0,133,0.623476467,133,0.623476467
"Fish, seafood, fruit and vegetables",Other Machinery and Equipment Manufacturing,1,0.004687793,76,0.35627226701668857,77,0.36096006000375025
Oils and fats,Other Machinery and Equipment Manufacturing,0,0,8,0.037502344,8,0.037502344
Dairy products,Other Machinery and Equipment Manufacturing,0,0,7,0.032814551,7,0.032814551
Grain mill and starch products,Other Machinery and Equipment Manufacturing,0,0,0,0,0,0
Bakery products,Other Machinery and Equipment Manufacturing,0,0,120,0.562535158,120,0.562535158
Other food products,Other Machinery and Equipment Manufacturing,5,0.023438964935308455,40,0.18751171948246764,45,0.2109506844177761
Animal feeds,Other Machinery and Equipment Manufacturing,0,0,0,0,0,0
Alcoholic beverages and tobacco,Other Machinery and Equipment Manufacturing,0,0,0,0,0,0
Soft drinks,Other Machinery and Equipment Manufacturing,0,0,0,0,0,0
Textiles,Other Machinery and Equipment Manufacturing,1,0.004687793,0,0,1,0.004687793
Clothing,Other Machinery and Equipment Manufacturing,0,0,0,0,0,0
Leather products,Other Machinery and Equipment Manufacturing,0,0,0,0,0,0
Wood products (excl. furniture),Other Machinery and Equipment Manufacturing,1,0.004687793,0,0,1,0.004687793
Paper products,Other Machinery and Equipment Manufacturing,18,0.084380274,27,0.12657041065066565,45,0.2109506844177761
Printing and recording services,Other Machinery and Equipment Manufacturing,0,0,0,0,0,0
Coke and refined petroleum products,Other Machinery and Equipment Manufacturing,5,0.023438964935308455,25,0.11719482467654228,30,0.14063378961185075
Paints and coatings,Other Machinery and Equipment Manufacturing,49,0.2297018563660229,31,0.14532158259891245,80,0.37502343896493534
Soap and detergents,Other Machinery and Equipment Manufacturing,0,0,0,0,0,0
Other chemical products,Other Machinery and Equipment Manufacturing,432,2.0251265704106505,0,0,432,2.0251265704106505
Industrial gases and fertilizers,Other Machinery and Equipment Manufacturing,0,0,0,0,0,0
Petrochemicals,Other Machinery and Equipment Manufacturing,0,0,0,0,0,0
Dyestuffs and agro-chemicals,Other Machinery and Equipment Manufacturing,0,0,0,0,0,0
Pharmaceutical products,Other Machinery and Equipment Manufacturing,22,0.1031314457153572,66,0.3093943371460716,88,0.4125257828614288
Rubber and plastic products,Other Machinery and Equipment Manufacturing,294,1.3782111381961373,143,0.6703543971498219,437,2.048565535345959
Cement and concrete products,Other Machinery and Equipment Manufacturing,1,0.004687793,0,0,1,0.004687793
"Glass, ceramic and stone products",Other Machinery and Equipment Manufacturing,1,0.004687793,0,0,1,0.004687793
Basic iron and steel,Other Machinery and Equipment Manufacturing,1305,6.117569848115507,352,1.6501031314457153,1657,7.7676729795612225
Other basic metals and casting,Other Machinery and Equipment Manufacturing,1655,7.758297394,0,0,1655,7.758297394
Weapons and ammunition,Other Machinery and Equipment Manufacturing,17,0.079692481,0,0,17,0.079692481
Other fabricated metal products,Other Machinery and Equipment Manufacturing,1012,4.744046502906431,2281,10.692855803487717,3293,15.436902306394149
Computer and electronic products,Other Machinery and Equipment Manufacturing,424,1.987624226514157,39,0.18282392649540596,463,2.170448153009563
Electrical equipment,Other Machinery and Equipment Manufacturing,237,1.111006937933621,0,0,237,1.111006937933621
Other machinery and equipment,Other Machinery and Equipment Manufacturing,2639,12.371085692855804,469,2.1985749109319332,3108,14.569660603787737
Motor vehicles,Other Machinery and Equipment Manufacturing,252,1.181323832739546,0,0,252,1.181323832739546
Ships and boats,Other Machinery and Equipment Manufacturing,0,0,0,0,0,0
Aircraft and spacecraft products,Other Machinery and Equipment Manufacturing,1,0.004687793,0,0,1,0.004687793
Other Transport Equipment,Other Machinery and Equipment Manufacturing,3,0.014063378961185074,0,0,3,0.014063378961185074
Furniture,Other Machinery and Equipment Manufacturing,0,0,0,0,0,0
Other manufactured goods,Other Machinery and Equipment Manufacturing,16,0.075004688,15,0.070316895,31,0.14532158259891242
Ship and boat repair and maintenance,Other Machinery and Equipment Manufacturing,0,0,0,0,0,0
Air and spacecraft repair and maintenance,Other Machinery and Equipment Manufacturing,0,0,0,0,0,0
Other repair services,Other Machinery and Equipment Manufacturing,3,0.014063378961185074,197,0.9234952184511532,200,0.9375585974123383
Electricity services,Other Machinery and Equipment Manufacturing,0,0,243,1.139133695855991,243,1.139133695855991
"Mains gas, steam and air conditioning services",Other Machinery and Equipment Manufacturing,0,0,66,0.3093943371460716,66,0.3093943371460716
Water services,Other Machinery and Equipment Manufacturing,0,0,16,0.075004688,16,0.075004688
Sewerage services,Other Machinery and Equipment Manufacturing,0,0,7,0.032814551,7,0.032814551
Waste collection and treatment services,Other Machinery and Equipment Manufacturing,27,0.12657041065066565,0,0,27,0.12657041065066565
Remediation and waste management services,Other Machinery and Equipment Manufacturing,0,0,0,0,0,0
Construction services,Other Machinery and Equipment Manufacturing,2,0.009375586,38,0.17813613350834429,40,0.18751171948246767
Motor vehicle trade services,Other Machinery and Equipment Manufacturing,0,0,271,1.2703918994937182,271,1.2703918994937182
Wholesale trade services,Other Machinery and Equipment Manufacturing,2,0.009375586,3113,14.593099568723044,3115,14.602475154697167
Retail trade services,Other Machinery and Equipment Manufacturing,0,0,795,3.7267954247140445,795,3.7267954247140445
Rail transport services,Other Machinery and Equipment Manufacturing,0,0,0,0,0,0
Land transport services,Other Machinery and Equipment Manufacturing,0,0,451,2.1141946371648226,451,2.1141946371648226
Water transport services,Other Machinery and Equipment Manufacturing,0,0,0,0,0,0
Air transport services,Other Machinery and Equipment Manufacturing,0,0,0,0,0,0
Warehousing services,Other Machinery and Equipment Manufacturing,0,0,859,4.026814175885993,859,4.026814175885993
Postal and courier services,Other Machinery and Equipment Manufacturing,1,0.004687793,111,0.5203450215638478,112,0.5250328145509094
Accommodation services,Other Machinery and Equipment Manufacturing,0,0,0,0,0,0
Food and beverage services,Other Machinery and Equipment Manufacturing,0,0,35,0.1640727545471592,35,0.1640727545471592
Publishing services,Other Machinery and Equipment Manufacturing,0,0,0,0,0,0
Media Production services,Other Machinery and Equipment Manufacturing,0,0,0,0,0,0
Telecommunications services,Other Machinery and Equipment Manufacturing,5,0.023438964935308455,52,0.24376523532720792,57,0.2672042002625164
Computer programming services,Other Machinery and Equipment Manufacturing,16,0.075004688,203,0.9516219763735234,219,1.0266266641665105
Information services,Other Machinery and Equipment Manufacturing,2,0.009375586,0,0,2,0.009375586
Financial services (excl. insurance and pensions),Other Machinery and Equipment Manufacturing,2,0.009375586,452,2.1188824301518845,454,2.128258016126008
Insurance and pension services,Other Machinery and Equipment Manufacturing,0,0,166,0.7781736358522408,166,0.7781736358522408
Auxiliary financial services,Other Machinery and Equipment Manufacturing,2,0.009375586,22,0.1031314457153572,24,0.11250703168948059
Real estate services,Other Machinery and Equipment Manufacturing,0,0,0,0,0,0
Owner-occupier housing services,Other Machinery and Equipment Manufacturing,0,0,0,0,0,0
Other real estate services,Other Machinery and Equipment Manufacturing,0,0,0,0,0,0
Legal services,Other Machinery and Equipment Manufacturing,16,0.075004688,153,0.7172323270204388,169,0.7922370148134259
Accounting and tax services,Other Machinery and Equipment Manufacturing,6,0.028126757922370148,187,0.8766172885805362,193,0.9047440465029064
Management consulting services,Other Machinery and Equipment Manufacturing,72,0.3375210950684418,0,0,72,0.3375210950684418
Architectural and engineering services,Other Machinery and Equipment Manufacturing,21,0.098443653,142,0.6656666041627601,163,0.7641102568910556
Scientific research and development services,Other Machinery and Equipment Manufacturing,0,0,0,0,0,0
Advertising and market research services,Other Machinery and Equipment Manufacturing,9,0.042190136883555225,325,1.5235327207950498,334,1.565722857678605
Other scientific and technical services,Other Machinery and Equipment Manufacturing,0,0,6,0.028126757922370148,6,0.028126757922370148
Veterinary services,Other Machinery and Equipment Manufacturing,0,0,0,0,0,0
Rental and leasing services,Other Machinery and Equipment Manufacturing,23,0.10781923870241888,85,0.39846240390024373,108,0.5062816426026626
Employment services,Other Machinery and Equipment Manufacturing,11,0.051565723,320,1.5000937558597411,331,1.5516594787174198
Travel services,Other Machinery and Equipment Manufacturing,0,0,0,0,0,0
Security services,Other Machinery and Equipment Manufacturing,0,0,0,0,0,0
Building and landscape services,Other Machinery and Equipment Manufacturing,0,0,0,0,0,0
Office support services,Other Machinery and Equipment Manufacturing,483,2.2642040127507967,53,0.24845302831426963,536,2.5126570410650664
Public administration services (including defence),Other Machinery and Equipment Manufacturing,0,0,37,0.17344834052128258,37,0.17344834052128258
Education services,Other Machinery and Equipment Manufacturing,0,0,0,0,0,0
Health services,Other Machinery and Equipment Manufacturing,0,0,0,0,0,0
Residential and social care services,Other Machinery and Equipment Manufacturing,0,0,0,0,0,0
Arts and entertainment services,Other Machinery and Equipment Manufacturing,0,0,0,0,0,0
Libraries and other cultural services,Other Machinery and Equipment Manufacturing,0,0,0,0,0,0
Gambling services,Other Machinery and Equipment Manufacturing,0,0,0,0,0,0
Sports and recreation services,Other Machinery and Equipment Manufacturing,0,0,0,0,0,0
Membership services,Other Machinery and Equipment Manufacturing,0,0,0,0,0,0
Computer repair services,Other Machinery and Equipment Manufacturing,0,0,0,0,0,0
Other personal services,Other Machinery and Equipment Manufacturing,0,0,0,0,0,0
Agriculture products,Motor Vehicles Manufacturing,0,0,0,0,0,0
Forestry products,Motor Vehicles Manufacturing,0,0,0,0,0,0
Fishing products,Motor Vehicles Manufacturing,0,0,0,0,0,0
Coal and lignite,Motor Vehicles Manufacturing,0,0,0,0,0,0
"Petroleum, natural gas and mining of metal ores",Motor Vehicles Manufacturing,0,0,0,0,0,0
Other mining products,Motor Vehicles Manufacturing,0,0,0,0,0,0
Mining support services,Motor Vehicles Manufacturing,0,0,0,0,0,0
Meat and preserved meat products,Motor Vehicles Manufacturing,0,0,28,0.074203636,28,0.074203636
"Fish, seafood, fruit and vegetables",Motor Vehicles Manufacturing,0,0,16,0.042402078,16,0.042402078
Oils and fats,Motor Vehicles Manufacturing,0,0,3,0.00795039,3,0.00795039
Dairy products,Motor Vehicles Manufacturing,0,0,1,0.00265013,1,0.00265013
Grain mill and starch products,Motor Vehicles Manufacturing,0,0,0,0,0,0
Bakery products,Motor Vehicles Manufacturing,0,0,22,0.058302857,22,0.058302857
Other food products,Motor Vehicles Manufacturing,0,0,10,0.026501298563629618,10,0.026501298563629618
Animal feeds,Motor Vehicles Manufacturing,0,0,0,0,0,0
Alcoholic beverages and tobacco,Motor Vehicles Manufacturing,0,0,1,0.00265013,1,0.00265013
Soft drinks,Motor Vehicles Manufacturing,0,0,0,0,0,0
Textiles,Motor Vehicles Manufacturing,51,0.13515662267451106,127,0.3365664917580961,178,0.47172311443260717
Clothing,Motor Vehicles Manufacturing,0,0,0,0,0,0
Leather products,Motor Vehicles Manufacturing,46,0.12190597339269624,0,0,46,0.12190597339269624
Wood products (excl. furniture),Motor Vehicles Manufacturing,32,0.084804155,132,0.34981714103991096,164,0.43462129644352576
Paper products,Motor Vehicles Manufacturing,10,0.026501298563629618,21,0.055652727,31,0.082154026
Printing and recording services,Motor Vehicles Manufacturing,0,0,0,0,0,0
Coke and refined petroleum products,Motor Vehicles Manufacturing,30,0.079503896,0,0,30,0.079503896
Paints and coatings,Motor Vehicles Manufacturing,140,0.37101817989081465,396,1.049451423119733,536,1.4204696030105475
Soap and detergents,Motor Vehicles Manufacturing,0,0,0,0,0,0
Other chemical products,Motor Vehicles Manufacturing,0,0,0,0,0,0
Industrial gases and fertilizers,Motor Vehicles Manufacturing,2,0.00530026,12,0.031801558,14,0.037101817989081465
Petrochemicals,Motor Vehicles Manufacturing,371,0.9831981767106588,244,0.6466316849525626,615,1.6298298616632214
Dyestuffs and agro-chemicals,Motor Vehicles Manufacturing,0,0,0,0,0,0
Pharmaceutical products,Motor Vehicles Manufacturing,0,0,0,0,0,0
Rubber and plastic products,Motor Vehicles Manufacturing,1163,3.0821010229501247,840,2.226109079344888,2003,5.308210102295012
Cement and concrete products,Motor Vehicles Manufacturing,0,0,0,0,0,0
"Glass, ceramic and stone products",Motor Vehicles Manufacturing,489,1.2959134997614883,2,0.00530026,491,1.3012137594742141
Basic iron and steel,Motor Vehicles Manufacturing,246,0.6519319446652886,2213,5.864737372131234,2459,6.516669316796523
Other basic metals and casting,Motor Vehicles Manufacturing,968,2.565325700959347,0,0,968,2.565325700959347
Weapons and ammunition,Motor Vehicles Manufacturing,0,0,0,0,0,0
Other fabricated metal products,Motor Vehicles Manufacturing,818,2.1678062225049026,1184,3.1377537499337462,2002,5.305559972438649
Computer and electronic products,Motor Vehicles Manufacturing,866,2.295012455610325,69,0.18285896008904434,935,2.477871415699369
Electrical equipment,Motor Vehicles Manufacturing,282,0.7473366194943553,0,0,282,0.7473366194943553
Other machinery and equipment,Motor Vehicles Manufacturing,1643,4.3541633540043465,117,0.3100651931944665,1760,4.664228547198813
Motor vehicles,Motor Vehicles Manufacturing,7498,19.870673663009487,1,0.00265013,7499,19.87332379286585
Ships and boats,Motor Vehicles Manufacturing,0,0,15,0.039751948,15,0.039751948
Aircraft and spacecraft products,Motor Vehicles Manufacturing,3,0.00795039,11,0.029151428,14,0.037101817989081465
Other Transport Equipment,Motor Vehicles Manufacturing,0,0,0,0,0,0
Furniture,Motor Vehicles Manufacturing,2,0.00530026,1,0.00265013,3,0.00795039
Other manufactured goods,Motor Vehicles Manufacturing,3,0.00795039,0,0,3,0.00795039
Ship and boat repair and maintenance,Motor Vehicles Manufacturing,0,0,0,0,0,0
Air and spacecraft repair and maintenance,Motor Vehicles Manufacturing,0,0,0,0,0,0
Other repair services,Motor Vehicles Manufacturing,0,0,810,2.1466051836539988,810,2.1466051836539988
Electricity services,Motor Vehicles Manufacturing,0,0,432,1.1448560979487994,432,1.1448560979487994
"Mains gas, steam and air conditioning services",Motor Vehicles Manufacturing,0,0,102,0.2703132453490221,102,0.2703132453490221
Water services,Motor Vehicles Manufacturing,0,0,21,0.055652727,21,0.055652727
Sewerage services,Motor Vehicles Manufacturing,0,0,13,0.034451688132718504,13,0.034451688132718504
Waste collection and treatment services,Motor Vehicles Manufacturing,5,0.013250649281814809,35,0.092754545,40,0.10600519425451847
Remediation and waste management services,Motor Vehicles Manufacturing,0,0,0,0,0,0
Construction services,Motor Vehicles Manufacturing,0,0,170,0.4505220755817035,170,0.4505220755817035
Motor vehicle trade services,Motor Vehicles Manufacturing,0,0,4605,12.20384798855144,4605,12.20384798855144
Wholesale trade services,Motor Vehicles Manufacturing,0,0,3651,9.675624105581173,3651,9.675624105581173
Retail trade services,Motor Vehicles Manufacturing,0,0,1457,3.8612392007208354,1457,3.8612392007208354
Rail transport services,Motor Vehicles Manufacturing,0,0,8,0.021201038850903697,8,0.021201038850903697
Land transport services,Motor Vehicles Manufacturing,132,0.34981714103991096,184,0.48762389357078495,316,0.837441035
Water transport services,Motor Vehicles Manufacturing,0,0,20,0.053002597127259236,20,0.053002597127259236
Air transport services,Motor Vehicles Manufacturing,0,0,2,0.00530026,2,0.00530026
Warehousing services,Motor Vehicles Manufacturing,0,0,1074,2.846239465733821,1074,2.846239465733821
Postal and courier services,Motor Vehicles Manufacturing,0,0,66,0.17490857051995548,66,0.17490857051995548
Accommodation services,Motor Vehicles Manufacturing,0,0,0,0,0,0
Food and beverage services,Motor Vehicles Manufacturing,0,0,31,0.082154026,31,0.082154026
Publishing services,Motor Vehicles Manufacturing,0,0,0,0,0,0
Media Production services,Motor Vehicles Manufacturing,0,0,0,0,0,0
Telecommunications services,Motor Vehicles Manufacturing,1,0.00265013,54,0.14310701224359992,55,0.14575714209996288
Computer programming services,Motor Vehicles Manufacturing,19,0.050352467270896276,581,1.5397254465468808,600,1.5900779138177772
Information services,Motor Vehicles Manufacturing,5,0.013250649281814809,47,0.1245561032490592,52,0.13780675253087402
Financial services (excl. insurance and pensions),Motor Vehicles Manufacturing,197,0.5220755817035034,1336,3.5405734881009168,1533,4.06264907
Insurance and pension services,Motor Vehicles Manufacturing,0,0,279,0.7393862299252664,279,0.7393862299252664
Auxiliary financial services,Motor Vehicles Manufacturing,0,0,96,0.25441246621084435,96,0.25441246621084435
Real estate services,Motor Vehicles Manufacturing,0,0,0,0,0,0
Owner-occupier housing services,Motor Vehicles Manufacturing,0,0,0,0,0,0
Other real estate services,Motor Vehicles Manufacturing,0,0,0,0,0,0
Legal services,Motor Vehicles Manufacturing,0,0,103,0.27296337520538505,103,0.27296337520538505
Accounting and tax services,Motor Vehicles Manufacturing,1,0.00265013,87,0.23056129750357768,88,0.23321142735994063
Management consulting services,Motor Vehicles Manufacturing,283,0.7499867493507182,108,0.28621402448719985,391,1.036200773837918
Architectural and engineering services,Motor Vehicles Manufacturing,69,0.18285896008904434,0,0,69,0.18285896008904434
Scientific research and development services,Motor Vehicles Manufacturing,0,0,0,0,0,0
Advertising and market research services,Motor Vehicles Manufacturing,2,0.00530026,651,1.7252345364922883,653,1.7305347962050142
Other scientific and technical services,Motor Vehicles Manufacturing,0,0,80,0.21201038850903695,80,0.21201038850903695
Veterinary services,Motor Vehicles Manufacturing,0,0,0,0,0,0
Rental and leasing services,Motor Vehicles Manufacturing,10,0.026501298563629618,84,0.2226109079344888,94,0.2491122064981184
Employment services,Motor Vehicles Manufacturing,3,0.00795039,435,1.1528064875178883,438,1.1607568770869772
Travel services,Motor Vehicles Manufacturing,0,0,23,0.060952987,23,0.060952987
Security services,Motor Vehicles Manufacturing,0,0,0,0,0,0
Building and landscape services,Motor Vehicles Manufacturing,0,0,0,0,0,0
Office support services,Motor Vehicles Manufacturing,133,0.35246727089627394,40,0.10600519425451847,173,0.45847246515079243
Public administration services (including defence),Motor Vehicles Manufacturing,0,0,60,0.15900779138177773,60,0.15900779138177773
Education services,Motor Vehicles Manufacturing,0,0,0,0,0,0
Health services,Motor Vehicles Manufacturing,0,0,0,0,0,0
Residential and social care services,Motor Vehicles Manufacturing,0,0,0,0,0,0
Arts and entertainment services,Motor Vehicles Manufacturing,0,0,0,0,0,0
Libraries and other cultural services,Motor Vehicles Manufacturing,0,0,0,0,0,0
Gambling services,Motor Vehicles Manufacturing,0,0,0,0,0,0
Sports and recreation services,Motor Vehicles Manufacturing,0,0,0,0,0,0
Membership services,Motor Vehicles Manufacturing,0,0,0,0,0,0
Computer repair services,Motor Vehicles Manufacturing,0,0,0,0,0,0
Other personal services,Motor Vehicles Manufacturing,0,0,0,0,0,0
Agriculture products,Ship and Boat Building,0,0,0,0,0,0
Forestry products,Ship and Boat Building,0,0,0,0,0,0
Fishing products,Ship and Boat Building,0,0,0,0,0,0
Coal and lignite,Ship and Boat Building,0,0,0,0,0,0
"Petroleum, natural gas and mining of metal ores",Ship and Boat Building,0,0,0,0,0,0
Other mining products,Ship and Boat Building,0,0,0,0,0,0
Mining support services,Ship and Boat Building,0,0,0,0,0,0
Meat and preserved meat products,Ship and Boat Building,0,0,1,0.035435861,1,0.035435861
"Fish, seafood, fruit and vegetables",Ship and Boat Building,0,0,2,0.070871722,2,0.070871722
Oils and fats,Ship and Boat Building,0,0,0,0,0,0
Dairy products,Ship and Boat Building,0,0,0,0,0,0
Grain mill and starch products,Ship and Boat Building,0,0,0,0,0,0
Bakery products,Ship and Boat Building,0,0,1,0.035435861,1,0.035435861
Other food products,Ship and Boat Building,0,0,0,0,0,0
Animal feeds,Ship and Boat Building,0,0,0,0,0,0
Alcoholic beverages and tobacco,Ship and Boat Building,0,0,0,0,0,0
Soft drinks,Ship and Boat Building,0,0,0,0,0,0
Textiles,Ship and Boat Building,0,0,0,0,0,0
Clothing,Ship and Boat Building,0,0,0,0,0,0
Leather products,Ship and Boat Building,0,0,0,0,0,0
Wood products (excl. furniture),Ship and Boat Building,18,0.6378454996456413,94,3.330970942593905,112,3.968816442239546
Paper products,Ship and Boat Building,0,0,1,0.035435861,1,0.035435861
Printing and recording services,Ship and Boat Building,0,0,0,0,0,0
Coke and refined petroleum products,Ship and Boat Building,0,0,4,0.14174344436569808,4,0.14174344436569808
Paints and coatings,Ship and Boat Building,0,0,20,0.7087172218284904,20,0.7087172218284904
Soap and detergents,Ship and Boat Building,0,0,0,0,0,0
Other chemical products,Ship and Boat Building,0,0,0,0,0,0
Industrial gases and fertilizers,Ship and Boat Building,0,0,0,0,0,0
Petrochemicals,Ship and Boat Building,13,0.4606661941885188,9,0.31892274982282065,22,0.7795889440113395
Dyestuffs and agro-chemicals,Ship and Boat Building,0,0,0,0,0,0
Pharmaceutical products,Ship and Boat Building,0,0,0,0,0,0
Rubber and plastic products,Ship and Boat Building,4,0.14174344436569808,7,0.24805102763997164,11,0.38979447200566975
Cement and concrete products,Ship and Boat Building,0,0,0,0,0,0
"Glass, ceramic and stone products",Ship and Boat Building,11,0.38979447200566975,52,1.8426647767540751,63,2.2324592487597448
Basic iron and steel,Ship and Boat Building,3,0.10630758327427356,66,2.3387668320340187,69,2.445074415308292
Other basic metals and casting,Ship and Boat Building,9,0.31892274982282065,0,0,9,0.31892274982282065
Weapons and ammunition,Ship and Boat Building,0,0,0,0,0,0
Other fabricated metal products,Ship and Boat Building,21,0.744153083,51,1.8072289156626504,72,2.551381998582565
Computer and electronic products,Ship and Boat Building,5,0.1771793054571226,0,0,5,0.1771793054571226
Electrical equipment,Ship and Boat Building,9,0.31892274982282065,0,0,9,0.31892274982282065
Other machinery and equipment,Ship and Boat Building,82,2.9057406094968106,0,0,82,2.9057406094968106
Motor vehicles,Ship and Boat Building,0,0,0,0,0,0
Ships and boats,Ship and Boat Building,0,0,829,29.376328844790926,829,29.376328844790926
Aircraft and spacecraft products,Ship and Boat Building,0,0,0,0,0,0
Other Transport Equipment,Ship and Boat Building,0,0,0,0,0,0
Furniture,Ship and Boat Building,0,0,9,0.31892274982282065,9,0.31892274982282065
Other manufactured goods,Ship and Boat Building,0,0,7,0.24805102763997164,7,0.24805102763997164
Ship and boat repair and maintenance,Ship and Boat Building,0,0,17,0.6024096385542169,17,0.6024096385542169
Air and spacecraft repair and maintenance,Ship and Boat Building,0,0,0,0,0,0
Other repair services,Ship and Boat Building,0,0,0,0,0,0
Electricity services,Ship and Boat Building,0,0,39,1.3819985825655563,39,1.3819985825655563
"Mains gas, steam and air conditioning services",Ship and Boat Building,0,0,5,0.1771793054571226,5,0.1771793054571226
Water services,Ship and Boat Building,0,0,3,0.10630758327427356,3,0.10630758327427356
Sewerage services,Ship and Boat Building,0,0,6,0.21261516654854712,6,0.21261516654854712
Waste collection and treatment services,Ship and Boat Building,0,0,20,0.7087172218284904,20,0.7087172218284904
Remediation and waste management services,Ship and Boat Building,0,0,0,0,0,0
Construction services,Ship and Boat Building,0,0,296,10.489014883061659,296,10.489014883061659
Motor vehicle trade services,Ship and Boat Building,0,0,3,0.10630758327427356,3,0.10630758327427356
Wholesale trade services,Ship and Boat Building,0,0,327,11.587526576895819,327,11.587526576895819
Retail trade services,Ship and Boat Building,0,0,74,2.6222537207654146,74,2.6222537207654146
Rail transport services,Ship and Boat Building,0,0,0,0,0,0
Land transport services,Ship and Boat Building,0,0,7,0.24805102763997164,7,0.24805102763997164
Water transport services,Ship and Boat Building,0,0,0,0,0,0
Air transport services,Ship and Boat Building,0,0,0,0,0,0
Warehousing services,Ship and Boat Building,0,0,0,0,0,0
Postal and courier services,Ship and Boat Building,1,0.035435861,37,1.3111268603827073,38,1.3465627214741318
Accommodation services,Ship and Boat Building,0,0,0,0,0,0
Food and beverage services,Ship and Boat Building,0,0,8,0.28348688873139616,8,0.28348688873139616
Publishing services,Ship and Boat Building,0,0,0,0,0,0
Media Production services,Ship and Boat Building,0,0,0,0,0,0
Telecommunications services,Ship and Boat Building,0,0,4,0.14174344436569808,4,0.14174344436569808
Computer programming services,Ship and Boat Building,0,0,124,4.394046775336641,124,4.394046775336641
Information services,Ship and Boat Building,0,0,1,0.035435861,1,0.035435861
Financial services (excl. insurance and pensions),Ship and Boat Building,0,0,80,2.8348688873139616,80,2.8348688873139616
Insurance and pension services,Ship and Boat Building,0,0,21,0.744153083,21,0.744153083
Auxiliary financial services,Ship and Boat Building,0,0,0,0,0,0
Real estate services,Ship and Boat Building,0,0,0,0,0,0
Owner-occupier housing services,Ship and Boat Building,0,0,0,0,0,0
Other real estate services,Ship and Boat Building,0,0,0,0,0,0
Legal services,Ship and Boat Building,0,0,67,2.374202693125443,67,2.374202693125443
Accounting and tax services,Ship and Boat Building,0,0,81,2.870304748405386,81,2.870304748405386
Management consulting services,Ship and Boat Building,0,0,0,0,0,0
Architectural and engineering services,Ship and Boat Building,5,0.1771793054571226,0,0,5,0.1771793054571226
Scientific research and development services,Ship and Boat Building,0,0,0,0,0,0
Advertising and market research services,Ship and Boat Building,1,0.035435861,7,0.24805102763997164,8,0.28348688873139616
Other scientific and technical services,Ship and Boat Building,0,0,26,0.9213323883770376,26,0.9213323883770376
Veterinary services,Ship and Boat Building,0,0,0,0,0,0
Rental and leasing services,Ship and Boat Building,0,0,34,1.2048192771084338,34,1.2048192771084338
Employment services,Ship and Boat Building,0,0,197,6.980864635010631,197,6.980864635010631
Travel services,Ship and Boat Building,0,0,0,0,0,0
Security services,Ship and Boat Building,0,0,0,0,0,0
Building and landscape services,Ship and Boat Building,0,0,0,0,0,0
Office support services,Ship and Boat Building,0,0,0,0,0,0
Public administration services (including defence),Ship and Boat Building,0,0,3,0.10630758327427356,3,0.10630758327427356
Education services,Ship and Boat Building,0,0,0,0,0,0
Health services,Ship and Boat Building,0,0,0,0,0,0
Residential and social care services,Ship and Boat Building,0,0,0,0,0,0
Arts and entertainment services,Ship and Boat Building,0,0,0,0,0,0
Libraries and other cultural services,Ship and Boat Building,0,0,0,0,0,0
Gambling services,Ship and Boat Building,0,0,0,0,0,0
Sports and recreation services,Ship and Boat Building,0,0,0,0,0,0
Membership services,Ship and Boat Building,0,0,0,0,0,0
Computer repair services,Ship and Boat Building,0,0,0,0,0,0
Other personal services,Ship and Boat Building,0,0,0,0,0,0
Agriculture products,Aircraft and Spacecraft Manufacturing,0,0,0,0,0,0
Forestry products,Aircraft and Spacecraft Manufacturing,0,0,0,0,0,0
Fishing products,Aircraft and Spacecraft Manufacturing,0,0,0,0,0,0
Coal and lignite,Aircraft and Spacecraft Manufacturing,0,0,0,0,0,0
"Petroleum, natural gas and mining of metal ores",Aircraft and Spacecraft Manufacturing,0,0,1,0.007524454,1,0.007524454
Other mining products,Aircraft and Spacecraft Manufacturing,0,0,0,0,0,0
Mining support services,Aircraft and Spacecraft Manufacturing,0,0,0,0,0,0
Meat and preserved meat products,Aircraft and Spacecraft Manufacturing,0,0,2,0.015048908954100828,2,0.015048908954100828
"Fish, seafood, fruit and vegetables",Aircraft and Spacecraft Manufacturing,0,0,2,0.015048908954100828,2,0.015048908954100828
Oils and fats,Aircraft and Spacecraft Manufacturing,0,0,0,0,0,0
Dairy products,Aircraft and Spacecraft Manufacturing,0,0,2,0.015048908954100828,2,0.015048908954100828
Grain mill and starch products,Aircraft and Spacecraft Manufacturing,0,0,0,0,0,0
Bakery products,Aircraft and Spacecraft Manufacturing,0,0,3,0.022573363,3,0.022573363
Other food products,Aircraft and Spacecraft Manufacturing,0,0,1,0.007524454,1,0.007524454
Animal feeds,Aircraft and Spacecraft Manufacturing,0,0,0,0,0,0
Alcoholic beverages and tobacco,Aircraft and Spacecraft Manufacturing,0,0,0,0,0,0
Soft drinks,Aircraft and Spacecraft Manufacturing,0,0,0,0,0,0
Textiles,Aircraft and Spacecraft Manufacturing,1,0.007524454,0,0,1,0.007524454
Clothing,Aircraft and Spacecraft Manufacturing,0,0,0,0,0,0
Leather products,Aircraft and Spacecraft Manufacturing,2,0.015048908954100828,0,0,2,0.015048908954100828
Wood products (excl. furniture),Aircraft and Spacecraft Manufacturing,3,0.022573363,4,0.030097817908201655,7,0.052671181
Paper products,Aircraft and Spacecraft Manufacturing,1,0.007524454,5,0.037622272385252065,6,0.045146727
Printing and recording services,Aircraft and Spacecraft Manufacturing,0,0,0,0,0,0
Coke and refined petroleum products,Aircraft and Spacecraft Manufacturing,0,0,5,0.037622272385252065,5,0.037622272385252065
Paints and coatings,Aircraft and Spacecraft Manufacturing,0,0,0,0,0,0
Soap and detergents,Aircraft and Spacecraft Manufacturing,0,0,0,0,0,0
Other chemical products,Aircraft and Spacecraft Manufacturing,4,0.030097817908201655,0,0,4,0.030097817908201655
Industrial gases and fertilizers,Aircraft and Spacecraft Manufacturing,0,0,6,0.045146727,6,0.045146727
Petrochemicals,Aircraft and Spacecraft Manufacturing,53,0.39879608728367194,35,0.26335590669676445,88,0.6621519939804363
Dyestuffs and agro-chemicals,Aircraft and Spacecraft Manufacturing,0,0,0,0,0,0
Pharmaceutical products,Aircraft and Spacecraft Manufacturing,0,0,0,0,0,0
Rubber and plastic products,Aircraft and Spacecraft Manufacturing,56,0.4213694507148232,94,0.7072987208427389,150,1.1286681715575622
Cement and concrete products,Aircraft and Spacecraft Manufacturing,0,0,0,0,0,0
"Glass, ceramic and stone products",Aircraft and Spacecraft Manufacturing,3,0.022573363,0,0,3,0.022573363
Basic iron and steel,Aircraft and Spacecraft Manufacturing,29,0.21820917983446203,1413,10.632054176072234,1442,10.850263355906696
Other basic metals and casting,Aircraft and Spacecraft Manufacturing,776,5.838976674191121,0,0,776,5.838976674191121
Weapons and ammunition,Aircraft and Spacecraft Manufacturing,4,0.030097817908201655,0,0,4,0.030097817908201655
Other fabricated metal products,Aircraft and Spacecraft Manufacturing,303,2.2799097065462752,632,4.755455229495861,935,7.035364936042136
Computer and electronic products,Aircraft and Spacecraft Manufacturing,93,0.6997742663656885,20,0.15048908954100826,113,0.8502633559066968
Electrical equipment,Aircraft and Spacecraft Manufacturing,531,3.995485327,611,4.597441685477803,1142,8.592927012791574
Other machinery and equipment,Aircraft and Spacecraft Manufacturing,200,1.5048908954100828,0,0,200,1.5048908954100828
Motor vehicles,Aircraft and Spacecraft Manufacturing,1,0.007524454,0,0,1,0.007524454
Ships and boats,Aircraft and Spacecraft Manufacturing,0,0,0,0,0,0
Aircraft and spacecraft products,Aircraft and Spacecraft Manufacturing,835,6.282919488337095,1142,8.592927012791572,1977,14.875846501128667
Other Transport Equipment,Aircraft and Spacecraft Manufacturing,0,0,0,0,0,0
Furniture,Aircraft and Spacecraft Manufacturing,0,0,0,0,0,0
Other manufactured goods,Aircraft and Spacecraft Manufacturing,6,0.045146727,0,0,6,0.045146727
Ship and boat repair and maintenance,Aircraft and Spacecraft Manufacturing,0,0,0,0,0,0
Air and spacecraft repair and maintenance,Aircraft and Spacecraft Manufacturing,36,0.27088036117381487,558,4.1986455981941315,594,4.469525959367946
Other repair services,Aircraft and Spacecraft Manufacturing,17,0.12791572610985705,251,1.8886380737396538,268,2.0165537998495107
Electricity services,Aircraft and Spacecraft Manufacturing,0,0,142,1.0684725357411586,142,1.0684725357411586
"Mains gas, steam and air conditioning services",Aircraft and Spacecraft Manufacturing,0,0,53,0.39879608728367194,53,0.39879608728367194
Water services,Aircraft and Spacecraft Manufacturing,0,0,9,0.06772009,9,0.06772009
Sewerage services,Aircraft and Spacecraft Manufacturing,0,0,10,0.075244545,10,0.075244545
Waste collection and treatment services,Aircraft and Spacecraft Manufacturing,5,0.037622272385252065,14,0.1053423626787058,19,0.14296463506395785
Remediation and waste management services,Aircraft and Spacecraft Manufacturing,0,0,0,0,0,0
Construction services,Aircraft and Spacecraft Manufacturing,0,0,38,0.28592927012791575,38,0.28592927012791575
Motor vehicle trade services,Aircraft and Spacecraft Manufacturing,1,0.007524454,7,0.052671181,8,0.060195636
Wholesale trade services,Aircraft and Spacecraft Manufacturing,1,0.007524454,1534,11.542513167795335,1535,11.550037622272384
Retail trade services,Aircraft and Spacecraft Manufacturing,0,0,403,3.0323551542513165,403,3.0323551542513165
Rail transport services,Aircraft and Spacecraft Manufacturing,0,0,2,0.015048908954100828,2,0.015048908954100828
Land transport services,Aircraft and Spacecraft Manufacturing,0,0,178,1.3393528969149737,178,1.3393528969149737
Water transport services,Aircraft and Spacecraft Manufacturing,0,0,1,0.007524454,1,0.007524454
Air transport services,Aircraft and Spacecraft Manufacturing,0,0,59,0.4439428141459745,59,0.4439428141459745
Warehousing services,Aircraft and Spacecraft Manufacturing,0,0,120,0.9029345372460496,120,0.9029345372460496
Postal and courier services,Aircraft and Spacecraft Manufacturing,0,0,29,0.21820917983446203,29,0.21820917983446203
Accommodation services,Aircraft and Spacecraft Manufacturing,0,0,0,0,0,0
Food and beverage services,Aircraft and Spacecraft Manufacturing,0,0,8,0.060195636,8,0.060195636
Publishing services,Aircraft and Spacecraft Manufacturing,1,0.007524454,50,0.3762227238525207,51,0.3837471783295711
Media Production services,Aircraft and Spacecraft Manufacturing,0,0,0,0,0,0
Telecommunications services,Aircraft and Spacecraft Manufacturing,5,0.037622272385252065,62,0.46651617757712566,67,0.5041384499623778
Computer programming services,Aircraft and Spacecraft Manufacturing,6,0.045146727,556,4.183596689,562,4.228743416102333
Information services,Aircraft and Spacecraft Manufacturing,0,0,11,0.082768999,11,0.082768999
Financial services (excl. insurance and pensions),Aircraft and Spacecraft Manufacturing,0,0,999,7.516930022573363,999,7.516930022573363
Insurance and pension services,Aircraft and Spacecraft Manufacturing,1,0.007524454,152,1.143717080511663,153,1.1512415349887135
Auxiliary financial services,Aircraft and Spacecraft Manufacturing,0,0,43,0.3235515425131678,43,0.3235515425131678
Real estate services,Aircraft and Spacecraft Manufacturing,0,0,0,0,0,0
Owner-occupier housing services,Aircraft and Spacecraft Manufacturing,0,0,0,0,0,0
Other real estate services,Aircraft and Spacecraft Manufacturing,0,0,0,0,0,0
Legal services,Aircraft and Spacecraft Manufacturing,0,0,22,0.16553799849510908,22,0.16553799849510908
Accounting and tax services,Aircraft and Spacecraft Manufacturing,6,0.045146727,37,0.27840481565086533,43,0.3235515425131678
Management consulting services,Aircraft and Spacecraft Manufacturing,21,0.1580135440180587,59,0.4439428141459745,80,0.6019563581640331
Architectural and engineering services,Aircraft and Spacecraft Manufacturing,168,1.2641083521444696,508,3.8224228743416107,676,5.0865312264860805
Scientific research and development services,Aircraft and Spacecraft Manufacturing,0,0,0,0,0,0
Advertising and market research services,Aircraft and Spacecraft Manufacturing,0,0,8,0.060195636,8,0.060195636
Other scientific and technical services,Aircraft and Spacecraft Manufacturing,0,0,32,0.24078254326561324,32,0.24078254326561324
Veterinary services,Aircraft and Spacecraft Manufacturing,0,0,0,0,0,0
Rental and leasing services,Aircraft and Spacecraft Manufacturing,8,0.060195636,17,0.12791572610985705,25,0.18811136192626035
Employment services,Aircraft and Spacecraft Manufacturing,3,0.022573363,85,0.6395786305492852,88,0.6621519939804364
Travel services,Aircraft and Spacecraft Manufacturing,0,0,30,0.2257336343115124,30,0.2257336343115124
Security services,Aircraft and Spacecraft Manufacturing,0,0,0,0,0,0
Building and landscape services,Aircraft and Spacecraft Manufacturing,0,0,0,0,0,0
Office support services,Aircraft and Spacecraft Manufacturing,0,0,0,0,0,0
Public administration services (including defence),Aircraft and Spacecraft Manufacturing,0,0,30,0.2257336343115124,30,0.2257336343115124
Education services,Aircraft and Spacecraft Manufacturing,5,0.037622272385252065,10,0.075244545,15,0.1128668171557562
Health services,Aircraft and Spacecraft Manufacturing,0,0,0,0,0,0
Residential and social care services,Aircraft and Spacecraft Manufacturing,0,0,0,0,0,0
Arts and entertainment services,Aircraft and Spacecraft Manufacturing,0,0,0,0,0,0
Libraries and other cultural services,Aircraft and Spacecraft Manufacturing,0,0,0,0,0,0
Gambling services,Aircraft and Spacecraft Manufacturing,0,0,0,0,0,0
Sports and recreation services,Aircraft and Spacecraft Manufacturing,0,0,0,0,0,0
Membership services,Aircraft and Spacecraft Manufacturing,0,0,0,0,0,0
Computer repair services,Aircraft and Spacecraft Manufacturing,0,0,0,0,0,0
Other personal services,Aircraft and Spacecraft Manufacturing,0,0,0,0,0,0
Agriculture products,Other Transport Equipment Manufacturing,0,0,0,0,0,0
Forestry products,Other Transport Equipment Manufacturing,0,0,0,0,0,0
Fishing products,Other Transport Equipment Manufacturing,0,0,0,0,0,0
Coal and lignite,Other Transport Equipment Manufacturing,0,0,0,0,0,0
"Petroleum, natural gas and mining of metal ores",Other Transport Equipment Manufacturing,0,0,0,0,0,0
Other mining products,Other Transport Equipment Manufacturing,0,0,0,0,0,0
Mining support services,Other Transport Equipment Manufacturing,0,0,0,0,0,0
Meat and preserved meat products,Other Transport Equipment Manufacturing,0,0,0,0,0,0
"Fish, seafood, fruit and vegetables",Other Transport Equipment Manufacturing,0,0,0,0,0,0
Oils and fats,Other Transport Equipment Manufacturing,0,0,0,0,0,0
Dairy products,Other Transport Equipment Manufacturing,0,0,0,0,0,0
Grain mill and starch products,Other Transport Equipment Manufacturing,0,0,0,0,0,0
Bakery products,Other Transport Equipment Manufacturing,0,0,0,0,0,0
Other food products,Other Transport Equipment Manufacturing,0,0,0,0,0,0
Animal feeds,Other Transport Equipment Manufacturing,0,0,0,0,0,0
Alcoholic beverages and tobacco,Other Transport Equipment Manufacturing,0,0,0,0,0,0
Soft drinks,Other Transport Equipment Manufacturing,0,0,0,0,0,0
Textiles,Other Transport Equipment Manufacturing,0,0,0,0,0,0
Clothing,Other Transport Equipment Manufacturing,0,0,0,0,0,0
Leather products,Other Transport Equipment Manufacturing,0,0,0,0,0,0
Wood products (excl. furniture),Other Transport Equipment Manufacturing,0,0,0,0,0,0
Paper products,Other Transport Equipment Manufacturing,0,0,3,0.17462165308498254,3,0.17462165308498254
Printing and recording services,Other Transport Equipment Manufacturing,0,0,0,0,0,0
Coke and refined petroleum products,Other Transport Equipment Manufacturing,0,0,3,0.17462165308498254,3,0.17462165308498254
Paints and coatings,Other Transport Equipment Manufacturing,0,0,1,0.058207218,1,0.058207218
Soap and detergents,Other Transport Equipment Manufacturing,0,0,0,0,0,0
Other chemical products,Other Transport Equipment Manufacturing,0,0,3,0.17462165308498254,3,0.17462165308498254
Industrial gases and fertilizers,Other Transport Equipment Manufacturing,0,0,0,0,0,0
Petrochemicals,Other Transport Equipment Manufacturing,0,0,0,0,0,0
Dyestuffs and agro-chemicals,Other Transport Equipment Manufacturing,0,0,0,0,0,0
Pharmaceutical products,Other Transport Equipment Manufacturing,0,0,0,0,0,0
Rubber and plastic products,Other Transport Equipment Manufacturing,5,0.2910360884749709,1,0.058207218,6,0.34924330616996513
Cement and concrete products,Other Transport Equipment Manufacturing,0,0,0,0,0,0
"Glass, ceramic and stone products",Other Transport Equipment Manufacturing,0,0,0,0,0,0
Basic iron and steel,Other Transport Equipment Manufacturing,2,0.11641443538998836,52,3.026775320139697,54,3.1431897555296855
Other basic metals and casting,Other Transport Equipment Manufacturing,20,1.1641443538998837,0,0,20,1.1641443538998837
Weapons and ammunition,Other Transport Equipment Manufacturing,0,0,0,0,0,0
Other fabricated metal products,Other Transport Equipment Manufacturing,26,1.5133876600698486,0,0,26,1.5133876600698486
Computer and electronic products,Other Transport Equipment Manufacturing,2,0.11641443538998836,1,0.058207218,3,0.17462165308498254
Electrical equipment,Other Transport Equipment Manufacturing,7,0.4074505238649592,0,0,7,0.4074505238649592
Other machinery and equipment,Other Transport Equipment Manufacturing,5,0.2910360884749709,0,0,5,0.2910360884749709
Motor vehicles,Other Transport Equipment Manufacturing,0,0,0,0,0,0
Ships and boats,Other Transport Equipment Manufacturing,0,0,0,0,0,0
Aircraft and spacecraft products,Other Transport Equipment Manufacturing,0,0,0,0,0,0
Other Transport Equipment,Other Transport Equipment Manufacturing,572,33.29452852153667,59,3.434225844004657,631,36.72875436554133
Furniture,Other Transport Equipment Manufacturing,1,0.058207218,0,0,1,0.058207218
Other manufactured goods,Other Transport Equipment Manufacturing,0,0,0,0,0,0
Ship and boat repair and maintenance,Other Transport Equipment Manufacturing,0,0,0,0,0,0
Air and spacecraft repair and maintenance,Other Transport Equipment Manufacturing,0,0,0,0,0,0
Other repair services,Other Transport Equipment Manufacturing,0,0,85,4.947613504074505,85,4.947613504074505
Electricity services,Other Transport Equipment Manufacturing,0,0,9,0.5238649592549476,9,0.5238649592549476
"Mains gas, steam and air conditioning services",Other Transport Equipment Manufacturing,0,0,9,0.5238649592549476,9,0.5238649592549476
Water services,Other Transport Equipment Manufacturing,0,0,2,0.11641443538998836,2,0.11641443538998836
Sewerage services,Other Transport Equipment Manufacturing,0,0,0,0,0,0
Waste collection and treatment services,Other Transport Equipment Manufacturing,0,0,3,0.17462165308498254,3,0.17462165308498254
Remediation and waste management services,Other Transport Equipment Manufacturing,0,0,0,0,0,0
Construction services,Other Transport Equipment Manufacturing,0,0,17,0.989522701,17,0.989522701
Motor vehicle trade services,Other Transport Equipment Manufacturing,0,0,123,7.159487776484284,123,7.159487776484284
Wholesale trade services,Other Transport Equipment Manufacturing,0,0,174,10.128055878928988,174,10.128055878928988
Retail trade services,Other Transport Equipment Manufacturing,0,0,45,2.619324796274738,45,2.619324796274738
Rail transport services,Other Transport Equipment Manufacturing,0,0,4,0.23282887077997672,4,0.23282887077997672
Land transport services,Other Transport Equipment Manufacturing,0,0,38,2.211874272409779,38,2.211874272409779
Water transport services,Other Transport Equipment Manufacturing,0,0,5,0.2910360884749709,5,0.2910360884749709
Air transport services,Other Transport Equipment Manufacturing,0,0,4,0.23282887077997672,4,0.23282887077997672
Warehousing services,Other Transport Equipment Manufacturing,0,0,2,0.11641443538998836,2,0.11641443538998836
Postal and courier services,Other Transport Equipment Manufacturing,0,0,1,0.058207218,1,0.058207218
Accommodation services,Other Transport Equipment Manufacturing,0,0,0,0,0,0
Food and beverage services,Other Transport Equipment Manufacturing,0,0,1,0.058207218,1,0.058207218
Publishing services,Other Transport Equipment Manufacturing,0,0,0,0,0,0
Media Production services,Other Transport Equipment Manufacturing,0,0,0,0,0,0
Telecommunications services,Other Transport Equipment Manufacturing,0,0,4,0.23282887077997672,4,0.23282887077997672
Computer programming services,Other Transport Equipment Manufacturing,0,0,31,1.8044237485448196,31,1.8044237485448196
Information services,Other Transport Equipment Manufacturing,0,0,0,0,0,0
Financial services (excl. insurance and pensions),Other Transport Equipment Manufacturing,0,0,192,11.175785797438882,192,11.175785797438882
Insurance and pension services,Other Transport Equipment Manufacturing,0,0,16,0.9313154831199069,16,0.9313154831199069
Auxiliary financial services,Other Transport Equipment Manufacturing,0,0,17,0.989522701,17,0.989522701
Real estate services,Other Transport Equipment Manufacturing,0,0,0,0,0,0
Owner-occupier housing services,Other Transport Equipment Manufacturing,0,0,0,0,0,0
Other real estate services,Other Transport Equipment Manufacturing,0,0,5,0.2910360884749709,5,0.2910360884749709
Legal services,Other Transport Equipment Manufacturing,1,0.058207218,2,0.11641443538998836,3,0.17462165308498254
Accounting and tax services,Other Transport Equipment Manufacturing,0,0,3,0.17462165308498254,3,0.17462165308498254
Management consulting services,Other Transport Equipment Manufacturing,6,0.3492433061699651,4,0.23282887077997672,10,0.5820721769499417
Architectural and engineering services,Other Transport Equipment Manufacturing,3,0.17462165308498254,2,0.11641443538998836,5,0.29103608847497087
Scientific research and development services,Other Transport Equipment Manufacturing,0,0,0,0,0,0
Advertising and market research services,Other Transport Equipment Manufacturing,1,0.058207218,13,0.7566938300349243,14,0.8149010477299184
Other scientific and technical services,Other Transport Equipment Manufacturing,0,0,60,3.4924330616996504,60,3.4924330616996504
Veterinary services,Other Transport Equipment Manufacturing,0,0,0,0,0,0
Rental and leasing services,Other Transport Equipment Manufacturing,0,0,10,0.5820721769499418,10,0.5820721769499418
Employment services,Other Transport Equipment Manufacturing,4,0.23282887077997672,45,2.619324796274738,49,2.8521536670547145
Travel services,Other Transport Equipment Manufacturing,0,0,0,0,0,0
Security services,Other Transport Equipment Manufacturing,0,0,0,0,0,0
Building and landscape services,Other Transport Equipment Manufacturing,0,0,0,0,0,0
Office support services,Other Transport Equipment Manufacturing,8,0.46565774155995343,0,0,8,0.46565774155995343
Public administration services (including defence),Other Transport Equipment Manufacturing,0,0,6,0.3492433061699651,6,0.3492433061699651
Education services,Other Transport Equipment Manufacturing,0,0,0,0,0,0
Health services,Other Transport Equipment Manufacturing,0,0,0,0,0,0
Residential and social care services,Other Transport Equipment Manufacturing,0,0,0,0,0,0
Arts and entertainment services,Other Transport Equipment Manufacturing,0,0,0,0,0,0
Libraries and other cultural services,Other Transport Equipment Manufacturing,0,0,0,0,0,0
Gambling services,Other Transport Equipment Manufacturing,0,0,0,0,0,0
Sports and recreation services,Other Transport Equipment Manufacturing,0,0,0,0,0,0
Membership services,Other Transport Equipment Manufacturing,0,0,0,0,0,0
Computer repair services,Other Transport Equipment Manufacturing,0,0,0,0,0,0
Other personal services,Other Transport Equipment Manufacturing,0,0,0,0,0,0
Agriculture products,Furniture Manufacturing,0,0,4,0.080628905,4,0.080628905
Forestry products,Furniture Manufacturing,10,0.20157226365652087,15,0.30235839548478133,25,0.5039306591413022
Fishing products,Furniture Manufacturing,0,0,0,0,0,0
Coal and lignite,Furniture Manufacturing,0,0,0,0,0,0
"Petroleum, natural gas and mining of metal ores",Furniture Manufacturing,0,0,0,0,0,0
Other mining products,Furniture Manufacturing,0,0,0,0,0,0
Mining support services,Furniture Manufacturing,0,0,0,0,0,0
Meat and preserved meat products,Furniture Manufacturing,1,0.020157226365652085,4,0.080628905,5,0.10078613182826043
"Fish, seafood, fruit and vegetables",Furniture Manufacturing,0,0,5,0.10078613182826043,5,0.10078613182826043
Oils and fats,Furniture Manufacturing,0,0,0,0,0,0
Dairy products,Furniture Manufacturing,0,0,2,0.040314453,2,0.040314453
Grain mill and starch products,Furniture Manufacturing,0,0,0,0,0,0
Bakery products,Furniture Manufacturing,0,0,7,0.14110058455956462,7,0.14110058455956462
Other food products,Furniture Manufacturing,0,0,2,0.040314453,2,0.040314453
Animal feeds,Furniture Manufacturing,0,0,0,0,0,0
Alcoholic beverages and tobacco,Furniture Manufacturing,0,0,0,0,0,0
Soft drinks,Furniture Manufacturing,0,0,0,0,0,0
Textiles,Furniture Manufacturing,102,2.0560370892965127,33,0.6651884700665188,135,2.7212255593630315
Clothing,Furniture Manufacturing,0,0,0,0,0,0
Leather products,Furniture Manufacturing,3,0.060471679096956256,0,0,3,0.060471679096956256
Wood products (excl. furniture),Furniture Manufacturing,907,18.28260431364644,675,13.606127796815159,1582,31.88873211
Paper products,Furniture Manufacturing,2,0.040314453,20,0.40314452731304173,22,0.4434589800443459
Printing and recording services,Furniture Manufacturing,0,0,0,0,0,0
Coke and refined petroleum products,Furniture Manufacturing,0,0,23,0.46361620640999796,23,0.46361620640999796
Paints and coatings,Furniture Manufacturing,3,0.060471679096956256,10,0.20157226365652087,13,0.26204394275347714
Soap and detergents,Furniture Manufacturing,0,0,0,0,0,0
Other chemical products,Furniture Manufacturing,3,0.060471679096956256,12,0.24188671638782502,15,0.3023583954847813
Industrial gases and fertilizers,Furniture Manufacturing,0,0,0,0,0,0
Petrochemicals,Furniture Manufacturing,166,3.346099576698246,109,2.1971376738560773,275,5.5432372505543235
Dyestuffs and agro-chemicals,Furniture Manufacturing,0,0,0,0,0,0
Pharmaceutical products,Furniture Manufacturing,0,0,0,0,0,0
Rubber and plastic products,Furniture Manufacturing,52,1.0481757710139084,67,1.3505341664986898,119,2.3987099375125984
Cement and concrete products,Furniture Manufacturing,1,0.020157226365652085,0,0,1,0.020157226365652085
"Glass, ceramic and stone products",Furniture Manufacturing,0,0,0,0,0,0
Basic iron and steel,Furniture Manufacturing,8,0.16125781092521668,77,1.5521064301552108,85,1.7133642410804275
Other basic metals and casting,Furniture Manufacturing,61,1.2295908083047773,0,0,61,1.2295908083047773
Weapons and ammunition,Furniture Manufacturing,0,0,0,0,0,0
Other fabricated metal products,Furniture Manufacturing,107,2.156823221124773,0,0,107,2.156823221124773
Computer and electronic products,Furniture Manufacturing,8,0.16125781092521668,16,0.32251562185043336,24,0.48377343277565005
Electrical equipment,Furniture Manufacturing,0,0,0,0,0,0
Other machinery and equipment,Furniture Manufacturing,15,0.30235839548478133,16,0.32251562185043336,31,0.6248740173352147
Motor vehicles,Furniture Manufacturing,1,0.020157226365652085,29,0.5845595646039106,30,0.6047167909695627
Ships and boats,Furniture Manufacturing,0,0,0,0,0,0
Aircraft and spacecraft products,Furniture Manufacturing,0,0,0,0,0,0
Other Transport Equipment,Furniture Manufacturing,0,0,0,0,0,0
Furniture,Furniture Manufacturing,94,1.894779278371296,122,2.4591816166095546,216,4.353960894980851
Other manufactured goods,Furniture Manufacturing,1,0.020157226365652085,0,0,1,0.020157226365652085
Ship and boat repair and maintenance,Furniture Manufacturing,0,0,0,0,0,0
Air and spacecraft repair and maintenance,Furniture Manufacturing,0,0,0,0,0,0
Other repair services,Furniture Manufacturing,0,0,96,1.9350937311026002,96,1.9350937311026002
Electricity services,Furniture Manufacturing,0,0,109,2.1971376738560773,109,2.1971376738560773
"Mains gas, steam and air conditioning services",Furniture Manufacturing,0,0,27,0.5442451118726063,27,0.5442451118726063
Water services,Furniture Manufacturing,0,0,8,0.16125781092521668,8,0.16125781092521668
Sewerage services,Furniture Manufacturing,0,0,7,0.14110058455956462,7,0.14110058455956462
Waste collection and treatment services,Furniture Manufacturing,0,0,11,0.22172949002217296,11,0.22172949002217296
Remediation and waste management services,Furniture Manufacturing,0,0,0,0,0,0
Construction services,Furniture Manufacturing,1,0.020157226365652085,1,0.020157226365652085,2,0.040314453
Motor vehicle trade services,Furniture Manufacturing,0,0,20,0.40314452731304173,20,0.40314452731304173
Wholesale trade services,Furniture Manufacturing,0,0,590,11.892763555734732,590,11.892763555734732
Retail trade services,Furniture Manufacturing,0,0,191,3.8500302358395486,191,3.8500302358395486
Rail transport services,Furniture Manufacturing,0,0,1,0.020157226365652085,1,0.020157226365652085
Land transport services,Furniture Manufacturing,0,0,185,3.7290868776456363,185,3.7290868776456363
Water transport services,Furniture Manufacturing,0,0,0,0,0,0
Air transport services,Furniture Manufacturing,0,0,11,0.22172949002217296,11,0.22172949002217296
Warehousing services,Furniture Manufacturing,0,0,0,0,0,0
Postal and courier services,Furniture Manufacturing,0,0,236,4.757105422293892,236,4.757105422293892
Accommodation services,Furniture Manufacturing,0,0,0,0,0,0
Food and beverage services,Furniture Manufacturing,0,0,16,0.32251562185043336,16,0.32251562185043336
Publishing services,Furniture Manufacturing,0,0,0,0,0,0
Media Production services,Furniture Manufacturing,0,0,0,0,0,0
Telecommunications services,Furniture Manufacturing,0,0,36,0.7256601491634751,36,0.7256601491634751
Computer programming services,Furniture Manufacturing,4,0.080628905,38,0.7659746018947793,42,0.8466035073573877
Information services,Furniture Manufacturing,0,0,0,0,0,0
Financial services (excl. insurance and pensions),Furniture Manufacturing,0,0,176,3.5476718403547673,176,3.5476718403547673
Insurance and pension services,Furniture Manufacturing,0,0,36,0.7256601491634751,36,0.7256601491634751
Auxiliary financial services,Furniture Manufacturing,0,0,2,0.040314453,2,0.040314453
Real estate services,Furniture Manufacturing,0,0,0,0,0,0
Owner-occupier housing services,Furniture Manufacturing,0,0,0,0,0,0
Other real estate services,Furniture Manufacturing,0,0,80,1.612578109252167,80,1.612578109252167
Legal services,Furniture Manufacturing,2,0.040314453,7,0.14110058455956462,9,0.18141503729086877
Accounting and tax services,Furniture Manufacturing,0,0,44,0.8869179600886918,44,0.8869179600886918
Management consulting services,Furniture Manufacturing,1,0.020157226365652085,2,0.040314453,3,0.060471679096956256
Architectural and engineering services,Furniture Manufacturing,0,0,2,0.040314453,2,0.040314453
Scientific research and development services,Furniture Manufacturing,0,0,0,0,0,0
Advertising and market research services,Furniture Manufacturing,3,0.060471679096956256,78,1.5722636565208628,81,1.632735335617819
Other scientific and technical services,Furniture Manufacturing,0,0,10,0.20157226365652087,10,0.20157226365652087
Veterinary services,Furniture Manufacturing,0,0,0,0,0,0
Rental and leasing services,Furniture Manufacturing,0,0,35,0.705502923,35,0.705502923
Employment services,Furniture Manufacturing,0,0,86,1.7335214674460795,86,1.7335214674460795
Travel services,Furniture Manufacturing,0,0,0,0,0,0
Security services,Furniture Manufacturing,0,0,0,0,0,0
Building and landscape services,Furniture Manufacturing,0,0,0,0,0,0
Office support services,Furniture Manufacturing,2,0.040314453,0,0,2,0.040314453
Public administration services (including defence),Furniture Manufacturing,0,0,14,0.28220116911912924,14,0.28220116911912924
Education services,Furniture Manufacturing,0,0,0,0,0,0
Health services,Furniture Manufacturing,0,0,0,0,0,0
Residential and social care services,Furniture Manufacturing,0,0,0,0,0,0
Arts and entertainment services,Furniture Manufacturing,0,0,0,0,0,0
Libraries and other cultural services,Furniture Manufacturing,0,0,0,0,0,0
Gambling services,Furniture Manufacturing,0,0,0,0,0,0
Sports and recreation services,Furniture Manufacturing,0,0,0,0,0,0
Membership services,Furniture Manufacturing,0,0,0,0,0,0
Computer repair services,Furniture Manufacturing,0,0,0,0,0,0
Other personal services,Furniture Manufacturing,0,0,0,0,0,0
Agriculture products,Other Manufacturing,0,0,0,0,0,0
Forestry products,Other Manufacturing,0,0,0,0,0,0
Fishing products,Other Manufacturing,0,0,0,0,0,0
Coal and lignite,Other Manufacturing,0,0,0,0,0,0
"Petroleum, natural gas and mining of metal ores",Other Manufacturing,0,0,0,0,0,0
Other mining products,Other Manufacturing,2,0.026034887,0,0,2,0.026034887
Mining support services,Other Manufacturing,0,0,0,0,0,0
Meat and preserved meat products,Other Manufacturing,0,0,2,0.026034887,2,0.026034887
"Fish, seafood, fruit and vegetables",Other Manufacturing,0,0,3,0.03905233,3,0.03905233
Oils and fats,Other Manufacturing,0,0,0,0,0,0
Dairy products,Other Manufacturing,0,0,2,0.026034887,2,0.026034887
Grain mill and starch products,Other Manufacturing,0,0,0,0,0,0
Bakery products,Other Manufacturing,0,0,2,0.026034887,2,0.026034887
Other food products,Other Manufacturing,0,0,2,0.026034887,2,0.026034887
Animal feeds,Other Manufacturing,0,0,0,0,0,0
Alcoholic beverages and tobacco,Other Manufacturing,0,0,0,0,0,0
Soft drinks,Other Manufacturing,0,0,1,0.013017443374121324,1,0.013017443374121324
Textiles,Other Manufacturing,70,0.9112210361884926,0,0,70,0.9112210361884926
Clothing,Other Manufacturing,1,0.013017443374121324,0,0,1,0.013017443374121324
Leather products,Other Manufacturing,0,0,0,0,0,0
Wood products (excl. furniture),Other Manufacturing,54,0.7029419422025514,70,0.9112210361884926,124,1.614162978391044
Paper products,Other Manufacturing,32,0.4165581879718824,96,1.249674563915647,128,1.6662327518875295
Printing and recording services,Other Manufacturing,0,0,0,0,0,0
Coke and refined petroleum products,Other Manufacturing,2,0.026034887,24,0.31241864097891175,26,0.3384535277271544
Paints and coatings,Other Manufacturing,2,0.026034887,0,0,2,0.026034887
Soap and detergents,Other Manufacturing,1,0.013017443374121324,0,0,1,0.013017443374121324
Other chemical products,Other Manufacturing,7,0.091122104,0,0,7,0.091122104
Industrial gases and fertilizers,Other Manufacturing,4,0.052069773,0,0,4,0.052069773
Petrochemicals,Other Manufacturing,205,2.668575891694871,136,1.7703722988804997,341,4.4389481905753705
Dyestuffs and agro-chemicals,Other Manufacturing,5,0.065087217,0,0,5,0.065087217
Pharmaceutical products,Other Manufacturing,147,1.9135641759958344,0,0,147,1.9135641759958344
Rubber and plastic products,Other Manufacturing,398,5.180942462900286,273,3.553762041135121,671,8.734704504035406
Cement and concrete products,Other Manufacturing,0,0,0,0,0,0
"Glass, ceramic and stone products",Other Manufacturing,1,0.013017443374121324,0,0,1,0.013017443374121324
Basic iron and steel,Other Manufacturing,29,0.37750585784951834,287,3.736006248,316,4.1135121062223385
Other basic metals and casting,Other Manufacturing,583,7.589169487112731,0,0,583,7.589169487112731
Weapons and ammunition,Other Manufacturing,0,0,0,0,0,0
Other fabricated metal products,Other Manufacturing,67,0.8721687060661285,283,3.6839364748763344,350,4.556105180942463
Computer and electronic products,Other Manufacturing,0,0,53,0.6899244988284301,53,0.6899244988284301
Electrical equipment,Other Manufacturing,45,0.5857849518354595,305,3.9703202291070037,350,4.556105180942463
Other machinery and equipment,Other Manufacturing,75,0.9763082530590992,310,4.035407445977611,385,5.011715699
Motor vehicles,Other Manufacturing,19,0.24733142410830514,6,0.07810466,25,0.32543608435303306
Ships and boats,Other Manufacturing,0,0,0,0,0,0
Aircraft and spacecraft products,Other Manufacturing,0,0,0,0,0,0
Other Transport Equipment,Other Manufacturing,0,0,0,0,0,0
Furniture,Other Manufacturing,0,0,0,0,0,0
Other manufactured goods,Other Manufacturing,1,0.013017443374121324,416,5.415256443634471,417,5.428273887008592
Ship and boat repair and maintenance,Other Manufacturing,0,0,0,0,0,0
Air and spacecraft repair and maintenance,Other Manufacturing,0,0,0,0,0,0
Other repair services,Other Manufacturing,0,0,95,1.2366571205415255,95,1.2366571205415255
Electricity services,Other Manufacturing,0,0,93,1.210622233793283,93,1.210622233793283
"Mains gas, steam and air conditioning services",Other Manufacturing,0,0,13,0.1692267638635772,13,0.1692267638635772
Water services,Other Manufacturing,0,0,16,0.2082790939859412,16,0.2082790939859412
Sewerage services,Other Manufacturing,0,0,6,0.07810466,6,0.07810466
Waste collection and treatment services,Other Manufacturing,26,0.3384535277271544,0,0,26,0.3384535277271544
Remediation and waste management services,Other Manufacturing,0,0,0,0,0,0
Construction services,Other Manufacturing,0,0,17,0.22129653736006247,17,0.22129653736006247
Motor vehicle trade services,Other Manufacturing,0,0,32,0.4165581879718824,32,0.4165581879718824
Wholesale trade services,Other Manufacturing,0,0,1020,13.27779224160375,1020,13.27779224160375
Retail trade services,Other Manufacturing,0,0,396,5.154907576152044,396,5.154907576152044
Rail transport services,Other Manufacturing,0,0,2,0.026034887,2,0.026034887
Land transport services,Other Manufacturing,0,0,277,3.6058318146316064,277,3.6058318146316064
Water transport services,Other Manufacturing,0,0,0,0,0,0
Air transport services,Other Manufacturing,0,0,5,0.065087217,5,0.065087217
Warehousing services,Other Manufacturing,0,0,8,0.1041395469929706,8,0.1041395469929706
Postal and courier services,Other Manufacturing,0,0,111,1.4449362145274667,111,1.4449362145274667
Accommodation services,Other Manufacturing,0,0,0,0,0,0
Food and beverage services,Other Manufacturing,0,0,10,0.1301744337412132,10,0.1301744337412132
Publishing services,Other Manufacturing,1,0.013017443374121324,7,0.091122104,8,0.10413954699297058
Media Production services,Other Manufacturing,0,0,0,0,0,0
Telecommunications services,Other Manufacturing,3,0.03905233,34,0.44259307472012493,37,0.4816454048424889
Computer programming services,Other Manufacturing,3,0.03905233,124,1.614162978391044,127,1.653215308513408
Information services,Other Manufacturing,0,0,4,0.052069773,4,0.052069773
Financial services (excl. insurance and pensions),Other Manufacturing,0,0,273,3.553762041135121,273,3.553762041135121
Insurance and pension services,Other Manufacturing,0,0,56,0.7289768289507941,56,0.7289768289507941
Auxiliary financial services,Other Manufacturing,0,0,15,0.19526165061181985,15,0.19526165061181985
Real estate services,Other Manufacturing,0,0,1,0.013017443374121324,1,0.013017443374121324
Owner-occupier housing services,Other Manufacturing,0,0,0,0,0,0
Other real estate services,Other Manufacturing,0,0,1,0.013017443374121324,1,0.013017443374121324
Legal services,Other Manufacturing,0,0,68,0.8851861494402499,68,0.8851861494402499
Accounting and tax services,Other Manufacturing,2,0.026034887,99,1.288726894038011,101,1.3147617807862537
Management consulting services,Other Manufacturing,4,0.052069773,231,3.0070294194220257,235,3.059099192918511
Architectural and engineering services,Other Manufacturing,0,0,13,0.1692267638635772,13,0.1692267638635772
Scientific research and development services,Other Manufacturing,0,0,0,0,0,0
Advertising and market research services,Other Manufacturing,1,0.013017443374121324,109,1.4189013277792242,110,1.4319187711533454
Other scientific and technical services,Other Manufacturing,0,0,253,3.293413173652695,253,3.293413173652695
Veterinary services,Other Manufacturing,0,0,0,0,0,0
Rental and leasing services,Other Manufacturing,1,0.013017443374121324,40,0.5206977349648528,41,0.5337151783389742
Employment services,Other Manufacturing,0,0,167,2.1739130434782608,167,2.1739130434782608
Travel services,Other Manufacturing,0,0,0,0,0,0
Security services,Other Manufacturing,0,0,0,0,0,0
Building and landscape services,Other Manufacturing,0,0,0,0,0,0
Office support services,Other Manufacturing,1,0.013017443374121324,0,0,1,0.013017443374121324
Public administration services (including defence),Other Manufacturing,0,0,21,0.2733663108565478,21,0.2733663108565478
Education services,Other Manufacturing,0,0,2,0.026034887,2,0.026034887
Health services,Other Manufacturing,0,0,0,0,0,0
Residential and social care services,Other Manufacturing,0,0,0,0,0,0
Arts and entertainment services,Other Manufacturing,0,0,0,0,0,0
Libraries and other cultural services,Other Manufacturing,0,0,0,0,0,0
Gambling services,Other Manufacturing,0,0,0,0,0,0
Sports and recreation services,Other Manufacturing,0,0,0,0,0,0
Membership services,Other Manufacturing,0,0,0,0,0,0
Computer repair services,Other Manufacturing,0,0,0,0,0,0
Other personal services,Other Manufacturing,0,0,0,0,0,0
Agriculture products,Ship Repair and Maintenance,0,0,0,0,0,0
Forestry products,Ship Repair and Maintenance,0,0,0,0,0,0
Fishing products,Ship Repair and Maintenance,0,0,0,0,0,0
Coal and lignite,Ship Repair and Maintenance,0,0,0,0,0,0
"Petroleum, natural gas and mining of metal ores",Ship Repair and Maintenance,0,0,0,0,0,0
Other mining products,Ship Repair and Maintenance,0,0,0,0,0,0
Mining support services,Ship Repair and Maintenance,0,0,0,0,0,0
Meat and preserved meat products,Ship Repair and Maintenance,0,0,0,0,0,0
"Fish, seafood, fruit and vegetables",Ship Repair and Maintenance,0,0,0,0,0,0
Oils and fats,Ship Repair and Maintenance,0,0,0,0,0,0
Dairy products,Ship Repair and Maintenance,0,0,0,0,0,0
Grain mill and starch products,Ship Repair and Maintenance,0,0,0,0,0,0
Bakery products,Ship Repair and Maintenance,0,0,0,0,0,0
Other food products,Ship Repair and Maintenance,0,0,0,0,0,0
Animal feeds,Ship Repair and Maintenance,0,0,0,0,0,0
Alcoholic beverages and tobacco,Ship Repair and Maintenance,0,0,0,0,0,0
Soft drinks,Ship Repair and Maintenance,0,0,0,0,0,0
Textiles,Ship Repair and Maintenance,0,0,0,0,0,0
Clothing,Ship Repair and Maintenance,0,0,0,0,0,0
Leather products,Ship Repair and Maintenance,0,0,0,0,0,0
Wood products (excl. furniture),Ship Repair and Maintenance,0,0,1,0.2145922746781116,1,0.2145922746781116
Paper products,Ship Repair and Maintenance,0,0,4,0.8583690987124464,4,0.8583690987124464
Printing and recording services,Ship Repair and Maintenance,0,0,0,0,0,0
Coke and refined petroleum products,Ship Repair and Maintenance,0,0,3,0.6437768240343348,3,0.6437768240343348
Paints and coatings,Ship Repair and Maintenance,0,0,17,3.648068669527897,17,3.648068669527897
Soap and detergents,Ship Repair and Maintenance,0,0,0,0,0,0
Other chemical products,Ship Repair and Maintenance,0,0,0,0,0,0
Industrial gases and fertilizers,Ship Repair and Maintenance,0,0,0,0,0,0
Petrochemicals,Ship Repair and Maintenance,2,0.4291845493562232,2,0.4291845493562232,4,0.8583690987124464
Dyestuffs and agro-chemicals,Ship Repair and Maintenance,0,0,0,0,0,0
Pharmaceutical products,Ship Repair and Maintenance,0,0,0,0,0,0
Rubber and plastic products,Ship Repair and Maintenance,0,0,1,0.2145922746781116,1,0.2145922746781116
Cement and concrete products,Ship Repair and Maintenance,0,0,0,0,0,0
"Glass, ceramic and stone products",Ship Repair and Maintenance,0,0,0,0,0,0
Basic iron and steel,Ship Repair and Maintenance,1,0.2145922746781116,76,16.30901287553648,77,16.523605150214593
Other basic metals and casting,Ship Repair and Maintenance,7,1.502145922746781,0,0,7,1.502145922746781
Weapons and ammunition,Ship Repair and Maintenance,2,0.4291845493562232,0,0,2,0.4291845493562232
Other fabricated metal products,Ship Repair and Maintenance,7,1.502145922746781,1,0.2145922746781116,8,1.7167381974248928
Computer and electronic products,Ship Repair and Maintenance,1,0.2145922746781116,0,0,1,0.2145922746781116
Electrical equipment,Ship Repair and Maintenance,8,1.7167381974248928,0,0,8,1.7167381974248928
Other machinery and equipment,Ship Repair and Maintenance,15,3.2188841201716736,0,0,15,3.2188841201716736
Motor vehicles,Ship Repair and Maintenance,0,0,0,0,0,0
Ships and boats,Ship Repair and Maintenance,0,0,34,7.296137339055794,34,7.296137339055794
Aircraft and spacecraft products,Ship Repair and Maintenance,0,0,0,0,0,0
Other Transport Equipment,Ship Repair and Maintenance,0,0,0,0,0,0
Furniture,Ship Repair and Maintenance,0,0,0,0,0,0
Other manufactured goods,Ship Repair and Maintenance,0,0,23,4.935622317596566,23,4.935622317596566
Ship and boat repair and maintenance,Ship Repair and Maintenance,0,0,52,11.158798283261802,52,11.158798283261802
Air and spacecraft repair and maintenance,Ship Repair and Maintenance,0,0,0,0,0,0
Other repair services,Ship Repair and Maintenance,1,0.2145922746781116,10,2.1459227467811157,11,2.360515021459227
Electricity services,Ship Repair and Maintenance,0,0,4,0.8583690987124464,4,0.8583690987124464
"Mains gas, steam and air conditioning services",Ship Repair and Maintenance,0,0,0,0,0,0
Water services,Ship Repair and Maintenance,0,0,0,0,0,0
Sewerage services,Ship Repair and Maintenance,0,0,1,0.2145922746781116,1,0.2145922746781116
Waste collection and treatment services,Ship Repair and Maintenance,0,0,0,0,0,0
Remediation and waste management services,Ship Repair and Maintenance,0,0,0,0,0,0
Construction services,Ship Repair and Maintenance,0,0,0,0,0,0
Motor vehicle trade services,Ship Repair and Maintenance,0,0,1,0.2145922746781116,1,0.2145922746781116
Wholesale trade services,Ship Repair and Maintenance,0,0,77,16.523605150214593,77,16.523605150214593
Retail trade services,Ship Repair and Maintenance,0,0,24,5.150214592274678,24,5.150214592274678
Rail transport services,Ship Repair and Maintenance,0,0,0,0,0,0
Land transport services,Ship Repair and Maintenance,0,0,0,0,0,0
Water transport services,Ship Repair and Maintenance,0,0,0,0,0,0
Air transport services,Ship Repair and Maintenance,0,0,0,0,0,0
Warehousing services,Ship Repair and Maintenance,0,0,0,0,0,0
Postal and courier services,Ship Repair and Maintenance,0,0,3,0.6437768240343348,3,0.6437768240343348
Accommodation services,Ship Repair and Maintenance,0,0,0,0,0,0
Food and beverage services,Ship Repair and Maintenance,0,0,0,0,0,0
Publishing services,Ship Repair and Maintenance,0,0,0,0,0,0
Media Production services,Ship Repair and Maintenance,0,0,0,0,0,0
Telecommunications services,Ship Repair and Maintenance,0,0,3,0.6437768240343348,3,0.6437768240343348
Computer programming services,Ship Repair and Maintenance,0,0,7,1.502145922746781,7,1.502145922746781
Information services,Ship Repair and Maintenance,0,0,0,0,0,0
Financial services (excl. insurance and pensions),Ship Repair and Maintenance,0,0,24,5.150214592274678,24,5.150214592274678
Insurance and pension services,Ship Repair and Maintenance,0,0,7,1.502145922746781,7,1.502145922746781
Auxiliary financial services,Ship Repair and Maintenance,0,0,0,0,0,0
Real estate services,Ship Repair and Maintenance,0,0,0,0,0,0
Owner-occupier housing services,Ship Repair and Maintenance,0,0,0,0,0,0
Other real estate services,Ship Repair and Maintenance,0,0,0,0,0,0
Legal services,Ship Repair and Maintenance,0,0,6,1.2875536480686696,6,1.2875536480686696
Accounting and tax services,Ship Repair and Maintenance,0,0,19,4.077253219,19,4.077253219
Management consulting services,Ship Repair and Maintenance,0,0,0,0,0,0
Architectural and engineering services,Ship Repair and Maintenance,0,0,0,0,0,0
Scientific research and development services,Ship Repair and Maintenance,0,0,0,0,0,0
Advertising and market research services,Ship Repair and Maintenance,0,0,6,1.2875536480686696,6,1.2875536480686696
Other scientific and technical services,Ship Repair and Maintenance,0,0,0,0,0,0
Veterinary services,Ship Repair and Maintenance,0,0,0,0,0,0
Rental and leasing services,Ship Repair and Maintenance,1,0.2145922746781116,4,0.8583690987124464,5,1.0729613733905579
Employment services,Ship Repair and Maintenance,0,0,10,2.1459227467811157,10,2.1459227467811157
Travel services,Ship Repair and Maintenance,0,0,0,0,0,0
Security services,Ship Repair and Maintenance,0,0,0,0,0,0
Building and landscape services,Ship Repair and Maintenance,0,0,0,0,0,0
Office support services,Ship Repair and Maintenance,0,0,0,0,0,0
Public administration services (including defence),Ship Repair and Maintenance,0,0,1,0.2145922746781116,1,0.2145922746781116
Education services,Ship Repair and Maintenance,0,0,0,0,0,0
Health services,Ship Repair and Maintenance,0,0,0,0,0,0
Residential and social care services,Ship Repair and Maintenance,0,0,0,0,0,0
Arts and entertainment services,Ship Repair and Maintenance,0,0,0,0,0,0
Libraries and other cultural services,Ship Repair and Maintenance,0,0,0,0,0,0
Gambling services,Ship Repair and Maintenance,0,0,0,0,0,0
Sports and recreation services,Ship Repair and Maintenance,0,0,0,0,0,0
Membership services,Ship Repair and Maintenance,0,0,0,0,0,0
Computer repair services,Ship Repair and Maintenance,0,0,0,0,0,0
Other personal services,Ship Repair and Maintenance,0,0,0,0,0,0
Agriculture products,Air and spacecraft repair and maintenance,0,0,4,0.1773049645390071,4,0.1773049645390071
Forestry products,Air and spacecraft repair and maintenance,0,0,5,0.22163120567375888,5,0.22163120567375888
Fishing products,Air and spacecraft repair and maintenance,0,0,0,0,0,0
Coal and lignite,Air and spacecraft repair and maintenance,0,0,0,0,0,0
"Petroleum, natural gas and mining of metal ores",Air and spacecraft repair and maintenance,0,0,0,0,0,0
Other mining products,Air and spacecraft repair and maintenance,0,0,0,0,0,0
Mining support services,Air and spacecraft repair and maintenance,0,0,0,0,0,0
Meat and preserved meat products,Air and spacecraft repair and maintenance,0,0,1,0.044326241134751775,1,0.044326241134751775
"Fish, seafood, fruit and vegetables",Air and spacecraft repair and maintenance,0,0,0,0,0,0
Oils and fats,Air and spacecraft repair and maintenance,0,0,0,0,0,0
Dairy products,Air and spacecraft repair and maintenance,0,0,0,0,0,0
Grain mill and starch products,Air and spacecraft repair and maintenance,0,0,0,0,0,0
Bakery products,Air and spacecraft repair and maintenance,0,0,0,0,0,0
Other food products,Air and spacecraft repair and maintenance,0,0,0,0,0,0
Animal feeds,Air and spacecraft repair and maintenance,0,0,0,0,0,0
Alcoholic beverages and tobacco,Air and spacecraft repair and maintenance,0,0,0,0,0,0
Soft drinks,Air and spacecraft repair and maintenance,0,0,0,0,0,0
Textiles,Air and spacecraft repair and maintenance,1,0.044326241134751775,0,0,1,0.044326241134751775
Clothing,Air and spacecraft repair and maintenance,0,0,0,0,0,0
Leather products,Air and spacecraft repair and maintenance,0,0,0,0,0,0
Wood products (excl. furniture),Air and spacecraft repair and maintenance,0,0,0,0,0,0
Paper products,Air and spacecraft repair and maintenance,0,0,2,0.088652482,2,0.088652482
Printing and recording services,Air and spacecraft repair and maintenance,0,0,0,0,0,0
Coke and refined petroleum products,Air and spacecraft repair and maintenance,0,0,4,0.1773049645390071,4,0.1773049645390071
Paints and coatings,Air and spacecraft repair and maintenance,0,0,1,0.044326241134751775,1,0.044326241134751775
Soap and detergents,Air and spacecraft repair and maintenance,0,0,0,0,0,0
Other chemical products,Air and spacecraft repair and maintenance,0,0,0,0,0,0
Industrial gases and fertilizers,Air and spacecraft repair and maintenance,0,0,0,0,0,0
Petrochemicals,Air and spacecraft repair and maintenance,0,0,0,0,0,0
Dyestuffs and agro-chemicals,Air and spacecraft repair and maintenance,0,0,0,0,0,0
Pharmaceutical products,Air and spacecraft repair and maintenance,0,0,0,0,0,0
Rubber and plastic products,Air and spacecraft repair and maintenance,1,0.044326241134751775,0,0,1,0.044326241134751775
Cement and concrete products,Air and spacecraft repair and maintenance,0,0,0,0,0,0
"Glass, ceramic and stone products",Air and spacecraft repair and maintenance,0,0,0,0,0,0
Basic iron and steel,Air and spacecraft repair and maintenance,0,0,0,0,0,0
Other basic metals and casting,Air and spacecraft repair and maintenance,31,1.374113475177305,0,0,31,1.374113475177305
Weapons and ammunition,Air and spacecraft repair and maintenance,0,0,0,0,0,0
Other fabricated metal products,Air and spacecraft repair and maintenance,53,2.349290780141844,0,0,53,2.349290780141844
Computer and electronic products,Air and spacecraft repair and maintenance,2,0.088652482,0,0,2,0.088652482
Electrical equipment,Air and spacecraft repair and maintenance,8,0.3546099290780142,0,0,8,0.3546099290780142
Other machinery and equipment,Air and spacecraft repair and maintenance,4,0.1773049645390071,0,0,4,0.1773049645390071
Motor vehicles,Air and spacecraft repair and maintenance,0,0,0,0,0,0
Ships and boats,Air and spacecraft repair and maintenance,0,0,0,0,0,0
Aircraft and spacecraft products,Air and spacecraft repair and maintenance,1382,61.25886524822695,0,0,1382,61.25886524822695
Other Transport Equipment,Air and spacecraft repair and maintenance,0,0,0,0,0,0
Furniture,Air and spacecraft repair and maintenance,0,0,0,0,0,0
Other manufactured goods,Air and spacecraft repair and maintenance,0,0,0,0,0,0
Ship and boat repair and maintenance,Air and spacecraft repair and maintenance,0,0,0,0,0,0
Air and spacecraft repair and maintenance,Air and spacecraft repair and maintenance,203,8.99822695,77,3.4131205673758864,280,12.411347517730496
Other repair services,Air and spacecraft repair and maintenance,66,2.925531914893617,67,2.969858156028369,133,5.8953900709219855
Electricity services,Air and spacecraft repair and maintenance,0,0,12,0.5319148936170213,12,0.5319148936170213
"Mains gas, steam and air conditioning services",Air and spacecraft repair and maintenance,0,0,6,0.26595744680851063,6,0.26595744680851063
Water services,Air and spacecraft repair and maintenance,0,0,2,0.088652482,2,0.088652482
Sewerage services,Air and spacecraft repair and maintenance,0,0,0,0,0,0
Waste collection and treatment services,Air and spacecraft repair and maintenance,0,0,2,0.088652482,2,0.088652482
Remediation and waste management services,Air and spacecraft repair and maintenance,0,0,0,0,0,0
Construction services,Air and spacecraft repair and maintenance,0,0,0,0,0,0
Motor vehicle trade services,Air and spacecraft repair and maintenance,0,0,0,0,0,0
Wholesale trade services,Air and spacecraft repair and maintenance,0,0,113,5.008865248,113,5.008865248
Retail trade services,Air and spacecraft repair and maintenance,0,0,18,0.7978723404255319,18,0.7978723404255319
Rail transport services,Air and spacecraft repair and maintenance,0,0,0,0,0,0
Land transport services,Air and spacecraft repair and maintenance,0,0,15,0.6648936170212766,15,0.6648936170212766
Water transport services,Air and spacecraft repair and maintenance,0,0,1,0.044326241134751775,1,0.044326241134751775
Air transport services,Air and spacecraft repair and maintenance,0,0,1,0.044326241134751775,1,0.044326241134751775
Warehousing services,Air and spacecraft repair and maintenance,0,0,6,0.26595744680851063,6,0.26595744680851063
Postal and courier services,Air and spacecraft repair and maintenance,0,0,2,0.088652482,2,0.088652482
Accommodation services,Air and spacecraft repair and maintenance,0,0,0,0,0,0
Food and beverage services,Air and spacecraft repair and maintenance,0,0,1,0.044326241134751775,1,0.044326241134751775
Publishing services,Air and spacecraft repair and maintenance,1,0.044326241134751775,2,0.088652482,3,0.13297872340425532
Media Production services,Air and spacecraft repair and maintenance,0,0,0,0,0,0
Telecommunications services,Air and spacecraft repair and maintenance,0,0,4,0.1773049645390071,4,0.1773049645390071
Computer programming services,Air and spacecraft repair and maintenance,0,0,19,0.8421985815602837,19,0.8421985815602837
Information services,Air and spacecraft repair and maintenance,0,0,0,0,0,0
Financial services (excl. insurance and pensions),Air and spacecraft repair and maintenance,0,0,76,3.368794326241135,76,3.368794326241135
Insurance and pension services,Air and spacecraft repair and maintenance,1,0.044326241134751775,15,0.6648936170212766,16,0.7092198581560284
Auxiliary financial services,Air and spacecraft repair and maintenance,0,0,2,0.088652482,2,0.088652482
Real estate services,Air and spacecraft repair and maintenance,0,0,0,0,0,0
Owner-occupier housing services,Air and spacecraft repair and maintenance,0,0,0,0,0,0
Other real estate services,Air and spacecraft repair and maintenance,0,0,0,0,0,0
Legal services,Air and spacecraft repair and maintenance,0,0,4,0.1773049645390071,4,0.1773049645390071
Accounting and tax services,Air and spacecraft repair and maintenance,0,0,5,0.22163120567375888,5,0.22163120567375888
Management consulting services,Air and spacecraft repair and maintenance,1,0.044326241134751775,0,0,1,0.044326241134751775
Architectural and engineering services,Air and spacecraft repair and maintenance,8,0.3546099290780142,0,0,8,0.3546099290780142
Scientific research and development services,Air and spacecraft repair and maintenance,0,0,0,0,0,0
Advertising and market research services,Air and spacecraft repair and maintenance,0,0,0,0,0,0
Other scientific and technical services,Air and spacecraft repair and maintenance,0,0,1,0.044326241134751775,1,0.044326241134751775
Veterinary services,Air and spacecraft repair and maintenance,0,0,0,0,0,0
Rental and leasing services,Air and spacecraft repair and maintenance,0,0,13,0.576241135,13,0.576241135
Employment services,Air and spacecraft repair and maintenance,0,0,11,0.4875886524822695,11,0.4875886524822695
Travel services,Air and spacecraft repair and maintenance,0,0,0,0,0,0
Security services,Air and spacecraft repair and maintenance,0,0,0,0,0,0
Building and landscape services,Air and spacecraft repair and maintenance,0,0,0,0,0,0
Office support services,Air and spacecraft repair and maintenance,0,0,0,0,0,0
Public administration services (including defence),Air and spacecraft repair and maintenance,0,0,2,0.088652482,2,0.088652482
Education services,Air and spacecraft repair and maintenance,0,0,0,0,0,0
Health services,Air and spacecraft repair and maintenance,0,0,0,0,0,0
Residential and social care services,Air and spacecraft repair and maintenance,0,0,0,0,0,0
Arts and entertainment services,Air and spacecraft repair and maintenance,0,0,0,0,0,0
Libraries and other cultural services,Air and spacecraft repair and maintenance,0,0,0,0,0,0
Gambling services,Air and spacecraft repair and maintenance,0,0,0,0,0,0
Sports and recreation services,Air and spacecraft repair and maintenance,0,0,0,0,0,0
Membership services,Air and spacecraft repair and maintenance,0,0,0,0,0,0
Computer repair services,Air and spacecraft repair and maintenance,0,0,0,0,0,0
Other personal services,Air and spacecraft repair and maintenance,0,0,0,0,0,0
Agriculture products,Other Repair and Installation,0,0,0,0,0,0
Forestry products,Other Repair and Installation,0,0,3,0.047370914258645196,3,0.047370914258645196
Fishing products,Other Repair and Installation,0,0,0,0,0,0
Coal and lignite,Other Repair and Installation,0,0,0,0,0,0
"Petroleum, natural gas and mining of metal ores",Other Repair and Installation,0,0,0,0,0,0
Other mining products,Other Repair and Installation,0,0,0,0,0,0
Mining support services,Other Repair and Installation,0,0,0,0,0,0
Meat and preserved meat products,Other Repair and Installation,0,0,0,0,0,0
"Fish, seafood, fruit and vegetables",Other Repair and Installation,0,0,0,0,0,0
Oils and fats,Other Repair and Installation,0,0,0,0,0,0
Dairy products,Other Repair and Installation,0,0,0,0,0,0
Grain mill and starch products,Other Repair and Installation,0,0,0,0,0,0
Bakery products,Other Repair and Installation,0,0,0,0,0,0
Other food products,Other Repair and Installation,0,0,0,0,0,0
Animal feeds,Other Repair and Installation,0,0,0,0,0,0
Alcoholic beverages and tobacco,Other Repair and Installation,0,0,0,0,0,0
Soft drinks,Other Repair and Installation,0,0,0,0,0,0
Textiles,Other Repair and Installation,2,0.03158061,0,0,2,0.03158061
Clothing,Other Repair and Installation,0,0,0,0,0,0
Leather products,Other Repair and Installation,0,0,0,0,0,0
Wood products (excl. furniture),Other Repair and Installation,10,0.15790304752881731,8,0.12632243802305385,18,0.28422548555187116
Paper products,Other Repair and Installation,15,0.23685457129322599,11,0.17369335228169905,26,0.41054792357492503
Printing and recording services,Other Repair and Installation,0,0,0,0,0,0
Coke and refined petroleum products,Other Repair and Installation,0,0,196,3.0948997315648192,196,3.0948997315648192
Paints and coatings,Other Repair and Installation,1,0.015790305,46,0.7263540186325597,47,0.7421443233854413
Soap and detergents,Other Repair and Installation,0,0,0,0,0,0
Other chemical products,Other Repair and Installation,0,0,0,0,0,0
Industrial gases and fertilizers,Other Repair and Installation,0,0,5,0.078951524,5,0.078951524
Petrochemicals,Other Repair and Installation,0,0,0,0,0,0
Dyestuffs and agro-chemicals,Other Repair and Installation,0,0,0,0,0,0
Pharmaceutical products,Other Repair and Installation,0,0,0,0,0,0
Rubber and plastic products,Other Repair and Installation,23,0.36317700931627983,60,0.9474182851729039,83,1.3105952944891839
Cement and concrete products,Other Repair and Installation,0,0,0,0,0,0
"Glass, ceramic and stone products",Other Repair and Installation,0,0,0,0,0,0
Basic iron and steel,Other Repair and Installation,125,1.9737880941102164,2,0.03158061,127,2.005368704
Other basic metals and casting,Other Repair and Installation,138,2.179062055897679,0,0,138,2.179062055897679
Weapons and ammunition,Other Repair and Installation,0,0,0,0,0,0
Other fabricated metal products,Other Repair and Installation,96,1.5158692562766463,264,4.1686404547607765,360,5.684509711037423
Computer and electronic products,Other Repair and Installation,49,0.7737249328912048,14,0.22106426654034425,63,0.9947891994315491
Electrical equipment,Other Repair and Installation,242,3.8212537501973785,69,1.0895310279488395,311,4.910784778146218
Other machinery and equipment,Other Repair and Installation,489,7.7214590241591665,0,0,489,7.7214590241591665
Motor vehicles,Other Repair and Installation,11,0.17369335228169905,40,0.6316121901152693,51,0.8053055423969683
Ships and boats,Other Repair and Installation,0,0,0,0,0,0
Aircraft and spacecraft products,Other Repair and Installation,0,0,0,0,0,0
Other Transport Equipment,Other Repair and Installation,195,3.0791094268119377,206,3.2528027790936367,401,6.331912205905574
Furniture,Other Repair and Installation,0,0,0,0,0,0
Other manufactured goods,Other Repair and Installation,12,0.18948365703458078,34,0.5368703615979789,46,0.7263540186325597
Ship and boat repair and maintenance,Other Repair and Installation,0,0,5,0.078951524,5,0.078951524
Air and spacecraft repair and maintenance,Other Repair and Installation,2,0.03158061,0,0,2,0.03158061
Other repair services,Other Repair and Installation,16,0.2526448760461077,953,15.04816042949629,969,15.300805305542397
Electricity services,Other Repair and Installation,0,0,87,1.3737565135007106,87,1.3737565135007106
"Mains gas, steam and air conditioning services",Other Repair and Installation,0,0,96,1.5158692562766463,96,1.5158692562766463
Water services,Other Repair and Installation,0,0,4,0.063161219,4,0.063161219
Sewerage services,Other Repair and Installation,0,0,1,0.015790305,1,0.015790305
Waste collection and treatment services,Other Repair and Installation,1,0.015790305,16,0.2526448760461077,17,0.2684351807989894
Remediation and waste management services,Other Repair and Installation,0,0,0,0,0,0
Construction services,Other Repair and Installation,6,0.094741829,301,4.752881730617401,307,4.847623559134691
Motor vehicle trade services,Other Repair and Installation,1,0.015790305,128,2.0211590083688615,129,2.036949313121743
Wholesale trade services,Other Repair and Installation,1,0.015790305,569,8.984683404389706,570,9.000473709142588
Retail trade services,Other Repair and Installation,0,0,162,2.55802937,162,2.55802937
Rail transport services,Other Repair and Installation,0,0,4,0.063161219,4,0.063161219
Land transport services,Other Repair and Installation,0,0,112,1.768514132322754,112,1.768514132322754
Water transport services,Other Repair and Installation,0,0,4,0.063161219,4,0.063161219
Air transport services,Other Repair and Installation,0,0,0,0,0,0
Warehousing services,Other Repair and Installation,0,0,20,0.31580609505763463,20,0.31580609505763463
Postal and courier services,Other Repair and Installation,0,0,255,4.0265277119848415,255,4.0265277119848415
Accommodation services,Other Repair and Installation,0,0,0,0,0,0
Food and beverage services,Other Repair and Installation,0,0,3,0.047370914258645196,3,0.047370914258645196
Publishing services,Other Repair and Installation,0,0,13,0.2052739617874625,13,0.2052739617874625
Media Production services,Other Repair and Installation,0,0,0,0,0,0
Telecommunications services,Other Repair and Installation,20,0.31580609505763463,44,0.6947734091267962,64,1.0105795041844308
Computer programming services,Other Repair and Installation,2,0.03158061,139,2.1948523606505606,141,2.226432970156324
Information services,Other Repair and Installation,2,0.03158061,0,0,2,0.03158061
Financial services (excl. insurance and pensions),Other Repair and Installation,0,0,193,3.047528817306174,193,3.047528817306174
Insurance and pension services,Other Repair and Installation,0,0,42,0.6631927996210327,42,0.6631927996210327
Auxiliary financial services,Other Repair and Installation,0,0,3,0.047370914258645196,3,0.047370914258645196
Real estate services,Other Repair and Installation,0,0,0,0,0,0
Owner-occupier housing services,Other Repair and Installation,0,0,0,0,0,0
Other real estate services,Other Repair and Installation,0,0,9,0.14211274277593558,9,0.14211274277593558
Legal services,Other Repair and Installation,6,0.094741829,45,0.7105637138796779,51,0.8053055423969683
Accounting and tax services,Other Repair and Installation,1,0.015790305,78,1.231643770724775,79,1.2474340754776567
Management consulting services,Other Repair and Installation,31,0.48949944733933365,41,0.6474024948681509,72,1.1369019422074846
Architectural and engineering services,Other Repair and Installation,34,0.5368703615979789,158,2.4948681509553134,192,3.031738512553292
Scientific research and development services,Other Repair and Installation,0,0,0,0,0,0
Advertising and market research services,Other Repair and Installation,0,0,30,0.47370914258645197,30,0.47370914258645197
Other scientific and technical services,Other Repair and Installation,0,0,2,0.03158061,2,0.03158061
Veterinary services,Other Repair and Installation,0,0,0,0,0,0
Rental and leasing services,Other Repair and Installation,2,0.03158061,114,1.8000947418285174,116,1.8316753513342807
Employment services,Other Repair and Installation,5,0.078951524,99,1.5632401705352912,104,1.642191694
Travel services,Other Repair and Installation,0,0,2,0.03158061,2,0.03158061
Security services,Other Repair and Installation,0,0,0,0,0,0
Building and landscape services,Other Repair and Installation,0,0,34,0.5368703615979789,34,0.5368703615979789
Office support services,Other Repair and Installation,67,1.057950418443076,0,0,67,1.057950418443076
Public administration services (including defence),Other Repair and Installation,0,0,1,0.015790305,1,0.015790305
Education services,Other Repair and Installation,0,0,0,0,0,0
Health services,Other Repair and Installation,0,0,0,0,0,0
Residential and social care services,Other Repair and Installation,0,0,0,0,0,0
Arts and entertainment services,Other Repair and Installation,0,0,0,0,0,0
Libraries and other cultural services,Other Repair and Installation,0,0,0,0,0,0
Gambling services,Other Repair and Installation,0,0,0,0,0,0
Sports and recreation services,Other Repair and Installation,0,0,0,0,0,0
Membership services,Other Repair and Installation,0,0,2,0.03158061,2,0.03158061
Computer repair services,Other Repair and Installation,0,0,0,0,0,0
Other personal services,Other Repair and Installation,0,0,1,0.015790305,1,0.015790305
Agriculture products,Electric Power Generation and Distribution,30,0.033311495797199615,20,0.022207664,50,0.05551916
Forestry products,Electric Power Generation and Distribution,0,0,836,0.9282803495486291,836,0.9282803495486291
Fishing products,Electric Power Generation and Distribution,0,0,0,0,0,0
Coal and lignite,Electric Power Generation and Distribution,262,0.29092039662887664,0,0,262,0.29092039662887664
"Petroleum, natural gas and mining of metal ores",Electric Power Generation and Distribution,6554,7.277451448494876,7165,7.955895579564507,13719,15.233347028059384
Other mining products,Electric Power Generation and Distribution,0,0,0,0,0,0
Mining support services,Electric Power Generation and Distribution,0,0,0,0,0,0
Meat and preserved meat products,Electric Power Generation and Distribution,0,0,26,0.028869963024239664,26,0.028869963024239664
"Fish, seafood, fruit and vegetables",Electric Power Generation and Distribution,0,0,12,0.013324598318879846,12,0.013324598318879846
Oils and fats,Electric Power Generation and Distribution,1,0.001110383,1,0.001110383,2,0.002220766
Dairy products,Electric Power Generation and Distribution,0,0,15,0.016655747898599808,15,0.016655747898599808
Grain mill and starch products,Electric Power Generation and Distribution,0,0,0,0,0,0
Bakery products,Electric Power Generation and Distribution,0,0,20,0.022207664,20,0.022207664
Other food products,Electric Power Generation and Distribution,8,0.008883066,0,0,8,0.008883066
Animal feeds,Electric Power Generation and Distribution,0,0,0,0,0,0
Alcoholic beverages and tobacco,Electric Power Generation and Distribution,0,0,0,0,0,0
Soft drinks,Electric Power Generation and Distribution,0,0,0,0,0,0
Textiles,Electric Power Generation and Distribution,0,0,0,0,0,0
Clothing,Electric Power Generation and Distribution,0,0,0,0,0,0
Leather products,Electric Power Generation and Distribution,0,0,0,0,0,0
Wood products (excl. furniture),Electric Power Generation and Distribution,0,0,0,0,0,0
Paper products,Electric Power Generation and Distribution,0,0,33,0.036642645,33,0.036642645
Printing and recording services,Electric Power Generation and Distribution,0,0,0,0,0,0
Coke and refined petroleum products,Electric Power Generation and Distribution,42,0.046636094,0,0,42,0.046636094
Paints and coatings,Electric Power Generation and Distribution,0,0,0,0,0,0
Soap and detergents,Electric Power Generation and Distribution,0,0,0,0,0,0
Other chemical products,Electric Power Generation and Distribution,0,0,0,0,0,0
Industrial gases and fertilizers,Electric Power Generation and Distribution,0,0,307,0.34088764032467606,307,0.34088764032467606
Petrochemicals,Electric Power Generation and Distribution,0,0,0,0,0,0
Dyestuffs and agro-chemicals,Electric Power Generation and Distribution,0,0,0,0,0,0
Pharmaceutical products,Electric Power Generation and Distribution,0,0,18,0.019986897478319766,18,0.019986897478319766
Rubber and plastic products,Electric Power Generation and Distribution,0,0,0,0,0,0
Cement and concrete products,Electric Power Generation and Distribution,0,0,0,0,0,0
"Glass, ceramic and stone products",Electric Power Generation and Distribution,0,0,0,0,0,0
Basic iron and steel,Electric Power Generation and Distribution,0,0,0,0,0,0
Other basic metals and casting,Electric Power Generation and Distribution,17,0.018876514,0,0,17,0.018876514
Weapons and ammunition,Electric Power Generation and Distribution,0,0,0,0,0,0
Other fabricated metal products,Electric Power Generation and Distribution,319,0.3542122386435559,121,0.13435636638203843,440,0.4885686050255943
Computer and electronic products,Electric Power Generation and Distribution,0,0,573,0.6362495697265126,573,0.6362495697265126
Electrical equipment,Electric Power Generation and Distribution,113,0.12547330083611855,500,0.5551915966199935,613,0.680664897
Other machinery and equipment,Electric Power Generation and Distribution,16,0.017766131091839794,1902,2.1119488335424554,1918,2.1297149646342954
Motor vehicles,Electric Power Generation and Distribution,0,0,0,0,0,0
Ships and boats,Electric Power Generation and Distribution,0,0,0,0,0,0
Aircraft and spacecraft products,Electric Power Generation and Distribution,0,0,0,0,0,0
Other Transport Equipment,Electric Power Generation and Distribution,0,0,0,0,0,0
Furniture,Electric Power Generation and Distribution,0,0,0,0,0,0
Other manufactured goods,Electric Power Generation and Distribution,0,0,39,0.043304944536359496,39,0.043304944536359496
Ship and boat repair and maintenance,Electric Power Generation and Distribution,0,0,0,0,0,0
Air and spacecraft repair and maintenance,Electric Power Generation and Distribution,0,0,0,0,0,0
Other repair services,Electric Power Generation and Distribution,5,0.005551916,2094,2.325142406644533,2099,2.330694322610733
Electricity services,Electric Power Generation and Distribution,2738,3.040229183091085,39946,44.35536703716453,42684,47.39559622025561
"Mains gas, steam and air conditioning services",Electric Power Generation and Distribution,0,0,13886,15.41878102133046,13886,15.41878102133046
Water services,Electric Power Generation and Distribution,0,0,83,0.092161805,83,0.092161805
Sewerage services,Electric Power Generation and Distribution,0,0,4,0.004441533,4,0.004441533
Waste collection and treatment services,Electric Power Generation and Distribution,441,0.4896789882188344,0,0,441,0.4896789882188344
Remediation and waste management services,Electric Power Generation and Distribution,0,0,0,0,0,0
Construction services,Electric Power Generation and Distribution,266,0.2953619294018366,2508,2.784841048645888,2774,3.0802029780477245
Motor vehicle trade services,Electric Power Generation and Distribution,0,0,71,0.078837207,71,0.078837207
Wholesale trade services,Electric Power Generation and Distribution,0,0,1492,1.6566917243140609,1492,1.6566917243140609
Retail trade services,Electric Power Generation and Distribution,0,0,316,0.3508810890638359,316,0.3508810890638359
Rail transport services,Electric Power Generation and Distribution,0,0,0,0,0,0
Land transport services,Electric Power Generation and Distribution,21,0.023318047,0,0,21,0.023318047
Water transport services,Electric Power Generation and Distribution,0,0,1,0.001110383,1,0.001110383
Air transport services,Electric Power Generation and Distribution,0,0,1,0.001110383,1,0.001110383
Warehousing services,Electric Power Generation and Distribution,0,0,0,0,0,0
Postal and courier services,Electric Power Generation and Distribution,0,0,162,0.1798820773048779,162,0.1798820773048779
Accommodation services,Electric Power Generation and Distribution,0,0,0,0,0,0
Food and beverage services,Electric Power Generation and Distribution,0,0,15,0.016655747898599808,15,0.016655747898599808
Publishing services,Electric Power Generation and Distribution,0,0,0,0,0,0
Media Production services,Electric Power Generation and Distribution,0,0,0,0,0,0
Telecommunications services,Electric Power Generation and Distribution,7,0.007772682,127,0.14101866554147835,134,0.14879134789415827
Computer programming services,Electric Power Generation and Distribution,31,0.034421879,791,0.8783131058528298,822,0.9127349848432694
Information services,Electric Power Generation and Distribution,1,0.001110383,0,0,1,0.001110383
Financial services (excl. insurance and pensions),Electric Power Generation and Distribution,207,0.22984932100067731,1067,1.1847788671870663,1274,1.4146281881877436
Insurance and pension services,Electric Power Generation and Distribution,14,0.015545365,254,0.2820373310829567,268,0.29758269578831653
Auxiliary financial services,Electric Power Generation and Distribution,2,0.002220766,0,0,2,0.002220766
Real estate services,Electric Power Generation and Distribution,0,0,0,0,0,0
Owner-occupier housing services,Electric Power Generation and Distribution,0,0,0,0,0,0
Other real estate services,Electric Power Generation and Distribution,6,0.006662299,173,0.1920962924305178,179,0.1987585915899577
Legal services,Electric Power Generation and Distribution,9,0.009993449,542,0.601827691,551,0.6118211394752329
Accounting and tax services,Electric Power Generation and Distribution,8,0.008883066,584,0.6484637848521524,592,0.6573468503980723
Management consulting services,Electric Power Generation and Distribution,103,0.11436946890371867,1198,1.3302390655015046,1301,1.4446085344052233
Architectural and engineering services,Electric Power Generation and Distribution,395,0.43860136132979494,71,0.078837207,466,0.517438568
Scientific research and development services,Electric Power Generation and Distribution,0,0,0,0,0,0
Advertising and market research services,Electric Power Generation and Distribution,1,0.001110383,146,0.1621159462130381,147,0.1632263294062781
Other scientific and technical services,Electric Power Generation and Distribution,0,0,120,0.13324598318879846,120,0.13324598318879846
Veterinary services,Electric Power Generation and Distribution,0,0,0,0,0,0
Rental and leasing services,Electric Power Generation and Distribution,3,0.00333115,158,0.17544054453191796,161,0.17877169411163793
Employment services,Electric Power Generation and Distribution,7,0.007772682,348,0.3864133512475155,355,0.39418603360019544
Travel services,Electric Power Generation and Distribution,0,0,2,0.002220766,2,0.002220766
Security services,Electric Power Generation and Distribution,0,0,0,0,0,0
Building and landscape services,Electric Power Generation and Distribution,0,0,222,0.24650506889927715,222,0.24650506889927715
Office support services,Electric Power Generation and Distribution,344,0.3819718184745556,94,0.1043760201645588,438,0.48634783863911435
Public administration services (including defence),Electric Power Generation and Distribution,0,0,24,0.026649196637759692,24,0.026649196637759692
Education services,Electric Power Generation and Distribution,0,0,0,0,0,0
Health services,Electric Power Generation and Distribution,0,0,0,0,0,0
Residential and social care services,Electric Power Generation and Distribution,0,0,0,0,0,0
Arts and entertainment services,Electric Power Generation and Distribution,0,0,0,0,0,0
Libraries and other cultural services,Electric Power Generation and Distribution,0,0,0,0,0,0
Gambling services,Electric Power Generation and Distribution,0,0,0,0,0,0
Sports and recreation services,Electric Power Generation and Distribution,0,0,0,0,0,0
Membership services,Electric Power Generation and Distribution,0,0,0,0,0,0
Computer repair services,Electric Power Generation and Distribution,0,0,0,0,0,0
Other personal services,Electric Power Generation and Distribution,0,0,0,0,0,0
Agriculture products,Mains Gas Supply,0,0,1,0.003015863,1,0.003015863
Forestry products,Mains Gas Supply,0,0,0,0,0,0
Fishing products,Mains Gas Supply,0,0,0,0,0,0
Coal and lignite,Mains Gas Supply,0,0,0,0,0,0
"Petroleum, natural gas and mining of metal ores",Mains Gas Supply,8339,25.149285240364318,671,2.0236443693829544,9010,27.17292960974727
Other mining products,Mains Gas Supply,0,0,0,0,0,0
Mining support services,Mains Gas Supply,0,0,0,0,0,0
Meat and preserved meat products,Mains Gas Supply,0,0,3,0.00904759,3,0.00904759
"Fish, seafood, fruit and vegetables",Mains Gas Supply,0,0,2,0.006031727,2,0.006031727
Oils and fats,Mains Gas Supply,0,0,0,0,0,0
Dairy products,Mains Gas Supply,0,0,0,0,0,0
Grain mill and starch products,Mains Gas Supply,0,0,0,0,0,0
Bakery products,Mains Gas Supply,0,0,3,0.00904759,3,0.00904759
Other food products,Mains Gas Supply,0,0,0,0,0,0
Animal feeds,Mains Gas Supply,0,0,0,0,0,0
Alcoholic beverages and tobacco,Mains Gas Supply,0,0,0,0,0,0
Soft drinks,Mains Gas Supply,0,0,0,0,0,0
Textiles,Mains Gas Supply,0,0,0,0,0,0
Clothing,Mains Gas Supply,0,0,0,0,0,0
Leather products,Mains Gas Supply,0,0,0,0,0,0
Wood products (excl. furniture),Mains Gas Supply,0,0,0,0,0,0
Paper products,Mains Gas Supply,0,0,8,0.024126908,8,0.024126908
Printing and recording services,Mains Gas Supply,0,0,0,0,0,0
Coke and refined petroleum products,Mains Gas Supply,0,0,0,0,0,0
Paints and coatings,Mains Gas Supply,0,0,0,0,0,0
Soap and detergents,Mains Gas Supply,0,0,0,0,0,0
Other chemical products,Mains Gas Supply,0,0,0,0,0,0
Industrial gases and fertilizers,Mains Gas Supply,0,0,0,0,0,0
Petrochemicals,Mains Gas Supply,0,0,0,0,0,0
Dyestuffs and agro-chemicals,Mains Gas Supply,0,0,0,0,0,0
Pharmaceutical products,Mains Gas Supply,0,0,0,0,0,0
Rubber and plastic products,Mains Gas Supply,0,0,0,0,0,0
Cement and concrete products,Mains Gas Supply,0,0,0,0,0,0
"Glass, ceramic and stone products",Mains Gas Supply,0,0,0,0,0,0
Basic iron and steel,Mains Gas Supply,0,0,0,0,0,0
Other basic metals and casting,Mains Gas Supply,0,0,0,0,0,0
Weapons and ammunition,Mains Gas Supply,0,0,0,0,0,0
Other fabricated metal products,Mains Gas Supply,2,0.006031727,0,0,2,0.006031727
Computer and electronic products,Mains Gas Supply,8,0.024126908,0,0,8,0.024126908
Electrical equipment,Mains Gas Supply,10,0.030158634417033595,1,0.003015863,11,0.033174497858736954
Other machinery and equipment,Mains Gas Supply,4,0.012063454,32,0.09650763,36,0.10857108390132095
Motor vehicles,Mains Gas Supply,0,0,0,0,0,0
Ships and boats,Mains Gas Supply,0,0,0,0,0,0
Aircraft and spacecraft products,Mains Gas Supply,0,0,0,0,0,0
Other Transport Equipment,Mains Gas Supply,0,0,0,0,0,0
Furniture,Mains Gas Supply,0,0,0,0,0,0
Other manufactured goods,Mains Gas Supply,0,0,2,0.006031727,2,0.006031727
Ship and boat repair and maintenance,Mains Gas Supply,0,0,0,0,0,0
Air and spacecraft repair and maintenance,Mains Gas Supply,0,0,0,0,0,0
Other repair services,Mains Gas Supply,0,0,1192,3.5949092225104047,1192,3.5949092225104047
Electricity services,Mains Gas Supply,17,0.051269679,3760,11.339646540804631,3777,11.390916219313588
"Mains gas, steam and air conditioning services",Mains Gas Supply,0,0,15307,46.16382170215333,15307,46.16382170215333
Water services,Mains Gas Supply,0,0,4,0.012063454,4,0.012063454
Sewerage services,Mains Gas Supply,0,0,0,0,0,0
Waste collection and treatment services,Mains Gas Supply,0,0,1,0.003015863,1,0.003015863
Remediation and waste management services,Mains Gas Supply,0,0,0,0,0,0
Construction services,Mains Gas Supply,0,0,591,1.7823752940466855,591,1.7823752940466855
Motor vehicle trade services,Mains Gas Supply,0,0,1,0.003015863,1,0.003015863
Wholesale trade services,Mains Gas Supply,0,0,117,0.35285602267929306,117,0.35285602267929306
Retail trade services,Mains Gas Supply,0,0,5,0.015079317208516798,5,0.015079317208516798
Rail transport services,Mains Gas Supply,0,0,0,0,0,0
Land transport services,Mains Gas Supply,6,0.018095180650220158,0,0,6,0.018095180650220158
Water transport services,Mains Gas Supply,0,0,0,0,0,0
Air transport services,Mains Gas Supply,0,0,0,0,0,0
Warehousing services,Mains Gas Supply,0,0,0,0,0,0
Postal and courier services,Mains Gas Supply,0,0,12,0.036190361300440316,12,0.036190361300440316
Accommodation services,Mains Gas Supply,0,0,0,0,0,0
Food and beverage services,Mains Gas Supply,0,0,78,0.23523734845286204,78,0.23523734845286204
Publishing services,Mains Gas Supply,0,0,0,0,0,0
Media Production services,Mains Gas Supply,0,0,0,0,0,0
Telecommunications services,Mains Gas Supply,0,0,53,0.15984076241027806,53,0.15984076241027806
Computer programming services,Mains Gas Supply,0,0,355,1.0706315218046927,355,1.0706315218046927
Information services,Mains Gas Supply,1,0.003015863,213,0.6423789130828157,214,0.645394777
Financial services (excl. insurance and pensions),Mains Gas Supply,0,0,292,0.880632125,292,0.880632125
Insurance and pension services,Mains Gas Supply,0,0,51,0.15380903552687136,51,0.15380903552687136
Auxiliary financial services,Mains Gas Supply,0,0,11,0.033174498,11,0.033174498
Real estate services,Mains Gas Supply,0,0,0,0,0,0
Owner-occupier housing services,Mains Gas Supply,0,0,0,0,0,0
Other real estate services,Mains Gas Supply,0,0,76,0.22920562156945531,76,0.22920562156945531
Legal services,Mains Gas Supply,0,0,166,0.5006333313227577,166,0.5006333313227577
Accounting and tax services,Mains Gas Supply,0,0,124,0.3739670667712166,124,0.3739670667712166
Management consulting services,Mains Gas Supply,0,0,1283,3.869352795705411,1283,3.869352795705411
Architectural and engineering services,Mains Gas Supply,1,0.003015863,27,0.081428313,28,0.084444176
Scientific research and development services,Mains Gas Supply,0,0,0,0,0,0
Advertising and market research services,Mains Gas Supply,0,0,33,0.099523494,33,0.099523494
Other scientific and technical services,Mains Gas Supply,0,0,0,0,0,0
Veterinary services,Mains Gas Supply,0,0,0,0,0,0
Rental and leasing services,Mains Gas Supply,0,0,76,0.22920562156945531,76,0.22920562156945531
Employment services,Mains Gas Supply,7,0.021111044,52,0.15682489896857468,59,0.1779359430604982
Travel services,Mains Gas Supply,0,0,0,0,0,0
Security services,Mains Gas Supply,0,0,0,0,0,0
Building and landscape services,Mains Gas Supply,0,0,39,0.11761867422643102,39,0.11761867422643102
Office support services,Mains Gas Supply,0,0,118,0.3558718861209964,118,0.3558718861209964
Public administration services (including defence),Mains Gas Supply,0,0,3,0.00904759,3,0.00904759
Education services,Mains Gas Supply,0,0,0,0,0,0
Health services,Mains Gas Supply,0,0,0,0,0,0
Residential and social care services,Mains Gas Supply,0,0,0,0,0,0
Arts and entertainment services,Mains Gas Supply,0,0,0,0,0,0
Libraries and other cultural services,Mains Gas Supply,0,0,0,0,0,0
Gambling services,Mains Gas Supply,0,0,0,0,0,0
Sports and recreation services,Mains Gas Supply,0,0,0,0,0,0
Membership services,Mains Gas Supply,0,0,0,0,0,0
Computer repair services,Mains Gas Supply,0,0,0,0,0,0
Other personal services,Mains Gas Supply,0,0,0,0,0,0
Agriculture products,Water Collection and Supply,0,0,0,0,0,0
Forestry products,Water Collection and Supply,0,0,0,0,0,0
Fishing products,Water Collection and Supply,0,0,0,0,0,0
Coal and lignite,Water Collection and Supply,0,0,0,0,0,0
"Petroleum, natural gas and mining of metal ores",Water Collection and Supply,0,0,0,0,0,0
Other mining products,Water Collection and Supply,0,0,0,0,0,0
Mining support services,Water Collection and Supply,0,0,0,0,0,0
Meat and preserved meat products,Water Collection and Supply,0,0,6,0.18165304268846502,6,0.18165304268846502
"Fish, seafood, fruit and vegetables",Water Collection and Supply,0,0,1,0.030275507114744173,1,0.030275507114744173
Oils and fats,Water Collection and Supply,0,0,0,0,0,0
Dairy products,Water Collection and Supply,0,0,4,0.12110202845897669,4,0.12110202845897669
Grain mill and starch products,Water Collection and Supply,0,0,0,0,0,0
Bakery products,Water Collection and Supply,0,0,4,0.12110202845897669,4,0.12110202845897669
Other food products,Water Collection and Supply,0,0,1,0.030275507114744173,1,0.030275507114744173
Animal feeds,Water Collection and Supply,0,0,0,0,0,0
Alcoholic beverages and tobacco,Water Collection and Supply,0,0,0,0,0,0
Soft drinks,Water Collection and Supply,0,0,0,0,0,0
Textiles,Water Collection and Supply,0,0,0,0,0,0
Clothing,Water Collection and Supply,0,0,0,0,0,0
Leather products,Water Collection and Supply,0,0,0,0,0,0
Wood products (excl. furniture),Water Collection and Supply,0,0,0,0,0,0
Paper products,Water Collection and Supply,0,0,2,0.060551014229488345,2,0.060551014229488345
Printing and recording services,Water Collection and Supply,0,0,0,0,0,0
Coke and refined petroleum products,Water Collection and Supply,0,0,29,0.877989706,29,0.877989706
Paints and coatings,Water Collection and Supply,0,0,0,0,0,0
Soap and detergents,Water Collection and Supply,0,0,0,0,0,0
Other chemical products,Water Collection and Supply,0,0,0,0,0,0
Industrial gases and fertilizers,Water Collection and Supply,1,0.030275507114744173,59,1.786254919769906,60,1.8165304268846503
Petrochemicals,Water Collection and Supply,58,1.755979412655162,39,1.1807447774750226,97,2.9367241901301844
Dyestuffs and agro-chemicals,Water Collection and Supply,0,0,3,0.090826521,3,0.090826521
Pharmaceutical products,Water Collection and Supply,0,0,0,0,0,0
Rubber and plastic products,Water Collection and Supply,0,0,0,0,0,0
Cement and concrete products,Water Collection and Supply,0,0,2,0.060551014229488345,2,0.060551014229488345
"Glass, ceramic and stone products",Water Collection and Supply,0,0,0,0,0,0
Basic iron and steel,Water Collection and Supply,0,0,0,0,0,0
Other basic metals and casting,Water Collection and Supply,0,0,0,0,0,0
Weapons and ammunition,Water Collection and Supply,0,0,0,0,0,0
Other fabricated metal products,Water Collection and Supply,0,0,2,0.060551014229488345,2,0.060551014229488345
Computer and electronic products,Water Collection and Supply,17,0.5146836209506509,0,0,17,0.5146836209506509
Electrical equipment,Water Collection and Supply,0,0,0,0,0,0
Other machinery and equipment,Water Collection and Supply,2,0.060551014229488345,105,3.178928247048138,107,3.2394792612776264
Motor vehicles,Water Collection and Supply,0,0,4,0.12110202845897669,4,0.12110202845897669
Ships and boats,Water Collection and Supply,0,0,0,0,0,0
Aircraft and spacecraft products,Water Collection and Supply,0,0,0,0,0,0
Other Transport Equipment,Water Collection and Supply,0,0,0,0,0,0
Furniture,Water Collection and Supply,0,0,0,0,0,0
Other manufactured goods,Water Collection and Supply,0,0,3,0.090826521,3,0.090826521
Ship and boat repair and maintenance,Water Collection and Supply,0,0,0,0,0,0
Air and spacecraft repair and maintenance,Water Collection and Supply,0,0,0,0,0,0
Other repair services,Water Collection and Supply,1,0.030275507114744173,177,5.358764759309718,178,5.3890402664244625
Electricity services,Water Collection and Supply,0,0,564,17.07538601271571,564,17.07538601271571
"Mains gas, steam and air conditioning services",Water Collection and Supply,0,0,9,0.2724795640326975,9,0.2724795640326975
Water services,Water Collection and Supply,0,0,863,26.127762640024223,863,26.127762640024223
Sewerage services,Water Collection and Supply,0,0,87,2.633969118982743,87,2.633969118982743
Waste collection and treatment services,Water Collection and Supply,7,0.2119285498032092,55,1.6651528913109295,62,1.8770814411141385
Remediation and waste management services,Water Collection and Supply,0,0,0,0,0,0
Construction services,Water Collection and Supply,0,0,197,5.964274901604602,197,5.964274901604602
Motor vehicle trade services,Water Collection and Supply,0,0,29,0.877989706,29,0.877989706
Wholesale trade services,Water Collection and Supply,0,0,81,2.452316076294278,81,2.452316076294278
Retail trade services,Water Collection and Supply,0,0,19,0.5752346351801393,19,0.5752346351801393
Rail transport services,Water Collection and Supply,0,0,0,0,0,0
Land transport services,Water Collection and Supply,0,0,20,0.6055101422948834,20,0.6055101422948834
Water transport services,Water Collection and Supply,0,0,0,0,0,0
Air transport services,Water Collection and Supply,0,0,0,0,0,0
Warehousing services,Water Collection and Supply,0,0,31,0.9385407205570693,31,0.9385407205570693
Postal and courier services,Water Collection and Supply,0,0,13,0.39358159249167424,13,0.39358159249167424
Accommodation services,Water Collection and Supply,0,0,0,0,0,0
Food and beverage services,Water Collection and Supply,0,0,3,0.090826521,3,0.090826521
Publishing services,Water Collection and Supply,1,0.030275507114744173,4,0.12110202845897669,5,0.15137753557372086
Media Production services,Water Collection and Supply,0,0,0,0,0,0
Telecommunications services,Water Collection and Supply,0,0,38,1.1504692703602786,38,1.1504692703602786
Computer programming services,Water Collection and Supply,21,0.6357856494096277,81,2.452316076294278,102,3.088101725703906
Information services,Water Collection and Supply,1,0.030275507114744173,5,0.15137753557372086,6,0.18165304268846502
Financial services (excl. insurance and pensions),Water Collection and Supply,0,0,222,6.721162579473205,222,6.721162579473205
Insurance and pension services,Water Collection and Supply,0,0,31,0.9385407205570693,31,0.9385407205570693
Auxiliary financial services,Water Collection and Supply,0,0,10,0.3027550711474417,10,0.3027550711474417
Real estate services,Water Collection and Supply,0,0,0,0,0,0
Owner-occupier housing services,Water Collection and Supply,0,0,0,0,0,0
Other real estate services,Water Collection and Supply,0,0,11,0.3330305782621859,11,0.3330305782621859
Legal services,Water Collection and Supply,0,0,25,0.7568876778686043,25,0.7568876778686043
Accounting and tax services,Water Collection and Supply,0,0,22,0.6660611565243718,22,0.6660611565243718
Management consulting services,Water Collection and Supply,1,0.030275507114744173,3,0.090826521,4,0.12110202845897669
Architectural and engineering services,Water Collection and Supply,0,0,122,3.693611867998789,122,3.693611867998789
Scientific research and development services,Water Collection and Supply,0,0,0,0,0,0
Advertising and market research services,Water Collection and Supply,0,0,10,0.3027550711474417,10,0.3027550711474417
Other scientific and technical services,Water Collection and Supply,0,0,1,0.030275507114744173,1,0.030275507114744173
Veterinary services,Water Collection and Supply,0,0,0,0,0,0
Rental and leasing services,Water Collection and Supply,1,0.030275507114744173,52,1.574326369966697,53,1.6046018770814412
Employment services,Water Collection and Supply,0,0,107,3.2394792612776264,107,3.2394792612776264
Travel services,Water Collection and Supply,0,0,0,0,0,0
Security services,Water Collection and Supply,0,0,0,0,0,0
Building and landscape services,Water Collection and Supply,0,0,0,0,0,0
Office support services,Water Collection and Supply,0,0,0,0,0,0
Public administration services (including defence),Water Collection and Supply,0,0,25,0.7568876778686043,25,0.7568876778686043
Education services,Water Collection and Supply,0,0,1,0.030275507114744173,1,0.030275507114744173
Health services,Water Collection and Supply,0,0,5,0.15137753557372086,5,0.15137753557372086
Residential and social care services,Water Collection and Supply,1,0.030275507114744173,0,0,1,0.030275507114744173
Arts and entertainment services,Water Collection and Supply,0,0,0,0,0,0
Libraries and other cultural services,Water Collection and Supply,0,0,0,0,0,0
Gambling services,Water Collection and Supply,0,0,0,0,0,0
Sports and recreation services,Water Collection and Supply,0,0,2,0.060551014229488345,2,0.060551014229488345
Membership services,Water Collection and Supply,0,0,2,0.060551014229488345,2,0.060551014229488345
Computer repair services,Water Collection and Supply,0,0,0,0,0,0
Other personal services,Water Collection and Supply,0,0,0,0,0,0
Agriculture products,Sewerage,0,0,5,0.2407318247472316,5,0.2407318247472316
Forestry products,Sewerage,0,0,0,0,0,0
Fishing products,Sewerage,0,0,0,0,0,0
Coal and lignite,Sewerage,0,0,0,0,0,0
"Petroleum, natural gas and mining of metal ores",Sewerage,0,0,0,0,0,0
Other mining products,Sewerage,0,0,0,0,0,0
Mining support services,Sewerage,0,0,0,0,0,0
Meat and preserved meat products,Sewerage,0,0,0,0,0,0
"Fish, seafood, fruit and vegetables",Sewerage,0,0,0,0,0,0
Oils and fats,Sewerage,0,0,0,0,0,0
Dairy products,Sewerage,0,0,0,0,0,0
Grain mill and starch products,Sewerage,0,0,0,0,0,0
Bakery products,Sewerage,0,0,0,0,0,0
Other food products,Sewerage,0,0,0,0,0,0
Animal feeds,Sewerage,0,0,0,0,0,0
Alcoholic beverages and tobacco,Sewerage,0,0,0,0,0,0
Soft drinks,Sewerage,0,0,0,0,0,0
Textiles,Sewerage,0,0,0,0,0,0
Clothing,Sewerage,0,0,0,0,0,0
Leather products,Sewerage,0,0,0,0,0,0
Wood products (excl. furniture),Sewerage,0,0,0,0,0,0
Paper products,Sewerage,0,0,1,0.048146365,1,0.048146365
Printing and recording services,Sewerage,0,0,0,0,0,0
Coke and refined petroleum products,Sewerage,0,0,36,1.7332691381800676,36,1.7332691381800676
Paints and coatings,Sewerage,0,0,0,0,0,0
Soap and detergents,Sewerage,0,0,1,0.048146365,1,0.048146365
Other chemical products,Sewerage,0,0,8,0.38517091959557054,8,0.38517091959557054
Industrial gases and fertilizers,Sewerage,0,0,0,0,0,0
Petrochemicals,Sewerage,11,0.5296100144439095,6,0.2888781896966779,17,0.8184882041405874
Dyestuffs and agro-chemicals,Sewerage,0,0,0,0,0,0
Pharmaceutical products,Sewerage,0,0,0,0,0,0
Rubber and plastic products,Sewerage,0,0,11,0.5296100144439095,11,0.5296100144439095
Cement and concrete products,Sewerage,0,0,1,0.048146365,1,0.048146365
"Glass, ceramic and stone products",Sewerage,0,0,0,0,0,0
Basic iron and steel,Sewerage,0,0,0,0,0,0
Other basic metals and casting,Sewerage,0,0,0,0,0,0
Weapons and ammunition,Sewerage,0,0,0,0,0,0
Other fabricated metal products,Sewerage,0,0,0,0,0,0
Computer and electronic products,Sewerage,7,0.33702455464612424,0,0,7,0.33702455464612424
Electrical equipment,Sewerage,0,0,0,0,0,0
Other machinery and equipment,Sewerage,0,0,0,0,0,0
Motor vehicles,Sewerage,0,0,28,1.348098218584497,28,1.348098218584497
Ships and boats,Sewerage,0,0,0,0,0,0
Aircraft and spacecraft products,Sewerage,0,0,0,0,0,0
Other Transport Equipment,Sewerage,0,0,0,0,0,0
Furniture,Sewerage,0,0,0,0,0,0
Other manufactured goods,Sewerage,0,0,3,0.14443909484833894,3,0.14443909484833894
Ship and boat repair and maintenance,Sewerage,0,0,0,0,0,0
Air and spacecraft repair and maintenance,Sewerage,0,0,0,0,0,0
Other repair services,Sewerage,0,0,4,0.19258545979778527,4,0.19258545979778527
Electricity services,Sewerage,0,0,230,11.073663938372654,230,11.073663938372654
"Mains gas, steam and air conditioning services",Sewerage,0,0,3,0.14443909484833894,3,0.14443909484833894
Water services,Sewerage,0,0,295,14.203177660086663,295,14.203177660086663
Sewerage services,Sewerage,0,0,464,22.33991333654309,464,22.33991333654309
Waste collection and treatment services,Sewerage,0,0,147,7.077515647568608,147,7.077515647568608
Remediation and waste management services,Sewerage,0,0,0,0,0,0
Construction services,Sewerage,0,0,364,17.52527684159846,364,17.52527684159846
Motor vehicle trade services,Sewerage,0,0,60,2.888781896966779,60,2.888781896966779
Wholesale trade services,Sewerage,0,0,15,0.7221954742416947,15,0.7221954742416947
Retail trade services,Sewerage,0,0,6,0.2888781896966779,6,0.2888781896966779
Rail transport services,Sewerage,0,0,0,0,0,0
Land transport services,Sewerage,0,0,2,0.09629273,2,0.09629273
Water transport services,Sewerage,0,0,0,0,0,0
Air transport services,Sewerage,0,0,0,0,0,0
Warehousing services,Sewerage,0,0,4,0.19258545979778527,4,0.19258545979778527
Postal and courier services,Sewerage,0,0,4,0.19258545979778527,4,0.19258545979778527
Accommodation services,Sewerage,0,0,0,0,0,0
Food and beverage services,Sewerage,0,0,0,0,0,0
Publishing services,Sewerage,0,0,0,0,0,0
Media Production services,Sewerage,0,0,0,0,0,0
Telecommunications services,Sewerage,0,0,12,0.5777563793933558,12,0.5777563793933558
Computer programming services,Sewerage,0,0,91,4.381319210399615,91,4.381319210399615
Information services,Sewerage,0,0,0,0,0,0
Financial services (excl. insurance and pensions),Sewerage,0,0,60,2.888781896966779,60,2.888781896966779
Insurance and pension services,Sewerage,0,0,13,0.6259027443428021,13,0.6259027443428021
Auxiliary financial services,Sewerage,0,0,19,0.914780934,19,0.914780934
Real estate services,Sewerage,0,0,0,0,0,0
Owner-occupier housing services,Sewerage,0,0,0,0,0,0
Other real estate services,Sewerage,0,0,6,0.2888781896966779,6,0.2888781896966779
Legal services,Sewerage,0,0,30,1.4443909484833894,30,1.4443909484833894
Accounting and tax services,Sewerage,0,0,12,0.5777563793933558,12,0.5777563793933558
Management consulting services,Sewerage,0,0,15,0.7221954742416947,15,0.7221954742416947
Architectural and engineering services,Sewerage,0,0,14,0.6740491092922485,14,0.6740491092922485
Scientific research and development services,Sewerage,0,0,0,0,0,0
Advertising and market research services,Sewerage,0,0,6,0.2888781896966779,6,0.2888781896966779
Other scientific and technical services,Sewerage,0,0,4,0.19258545979778527,4,0.19258545979778527
Veterinary services,Sewerage,0,0,0,0,0,0
Rental and leasing services,Sewerage,0,0,44,2.118440057775638,44,2.118440057775638
Employment services,Sewerage,0,0,18,0.8666345690900338,18,0.8666345690900338
Travel services,Sewerage,0,0,0,0,0,0
Security services,Sewerage,0,0,4,0.19258545979778527,4,0.19258545979778527
Building and landscape services,Sewerage,0,0,0,0,0,0
Office support services,Sewerage,0,0,0,0,0,0
Public administration services (including defence),Sewerage,0,0,0,0,0,0
Education services,Sewerage,0,0,13,0.6259027443428021,13,0.6259027443428021
Health services,Sewerage,0,0,0,0,0,0
Residential and social care services,Sewerage,0,0,0,0,0,0
Arts and entertainment services,Sewerage,0,0,0,0,0,0
Libraries and other cultural services,Sewerage,0,0,0,0,0,0
Gambling services,Sewerage,0,0,0,0,0,0
Sports and recreation services,Sewerage,0,0,0,0,0,0
Membership services,Sewerage,0,0,0,0,0,0
Computer repair services,Sewerage,0,0,0,0,0,0
Other personal services,Sewerage,0,0,0,0,0,0
Agriculture products,Waste Collection and Treatment,0,0,0,0,0,0
Forestry products,Waste Collection and Treatment,0,0,0,0,0,0
Fishing products,Waste Collection and Treatment,0,0,0,0,0,0
Coal and lignite,Waste Collection and Treatment,0,0,0,0,0,0
"Petroleum, natural gas and mining of metal ores",Waste Collection and Treatment,0,0,1,0.006675122,1,0.006675122
Other mining products,Waste Collection and Treatment,0,0,0,0,0,0
Mining support services,Waste Collection and Treatment,0,0,0,0,0,0
Meat and preserved meat products,Waste Collection and Treatment,0,0,4,0.026700487283892932,4,0.026700487283892932
"Fish, seafood, fruit and vegetables",Waste Collection and Treatment,0,0,4,0.026700487283892932,4,0.026700487283892932
Oils and fats,Waste Collection and Treatment,0,0,0,0,0,0
Dairy products,Waste Collection and Treatment,0,0,4,0.026700487283892932,4,0.026700487283892932
Grain mill and starch products,Waste Collection and Treatment,0,0,0,0,0,0
Bakery products,Waste Collection and Treatment,0,0,4,0.026700487283892932,4,0.026700487283892932
Other food products,Waste Collection and Treatment,0,0,3,0.020025365,3,0.020025365
Animal feeds,Waste Collection and Treatment,0,0,0,0,0,0
Alcoholic beverages and tobacco,Waste Collection and Treatment,0,0,0,0,0,0
Soft drinks,Waste Collection and Treatment,0,0,0,0,0,0
Textiles,Waste Collection and Treatment,0,0,0,0,0,0
Clothing,Waste Collection and Treatment,3,0.020025365,0,0,3,0.020025365
Leather products,Waste Collection and Treatment,0,0,0,0,0,0
Wood products (excl. furniture),Waste Collection and Treatment,2,0.013350243641946466,1,0.006675122,3,0.020025365
Paper products,Waste Collection and Treatment,3,0.020025365,206,1.375075095120486,209,1.3951004605834056
Printing and recording services,Waste Collection and Treatment,0,0,25,0.16687804552433083,25,0.16687804552433083
Coke and refined petroleum products,Waste Collection and Treatment,1,0.006675122,67,0.4472331620052066,68,0.4539082838261798
Paints and coatings,Waste Collection and Treatment,0,0,10,0.066751218,10,0.066751218
Soap and detergents,Waste Collection and Treatment,0,0,25,0.16687804552433083,25,0.16687804552433083
Other chemical products,Waste Collection and Treatment,0,0,0,0,0,0
Industrial gases and fertilizers,Waste Collection and Treatment,1,0.006675122,1,0.006675122,2,0.013350243641946466
Petrochemicals,Waste Collection and Treatment,4,0.026700487283892932,2,0.013350243641946466,6,0.040050731
Dyestuffs and agro-chemicals,Waste Collection and Treatment,0,0,0,0,0,0
Pharmaceutical products,Waste Collection and Treatment,0,0,0,0,0,0
Rubber and plastic products,Waste Collection and Treatment,11,0.07342634,366,2.443094586476203,377,2.5165209265069084
Cement and concrete products,Waste Collection and Treatment,0,0,18,0.12015219277751818,18,0.12015219277751818
"Glass, ceramic and stone products",Waste Collection and Treatment,4,0.026700487283892932,30,0.20025365462919698,34,0.2269541419130899
Basic iron and steel,Waste Collection and Treatment,15,0.10012682731459849,799,5.333422334957613,814,5.433549162272212
Other basic metals and casting,Waste Collection and Treatment,0,0,0,0,0,0
Weapons and ammunition,Waste Collection and Treatment,0,0,0,0,0,0
Other fabricated metal products,Waste Collection and Treatment,7,0.046725852746812624,514,3.431012615980242,521,3.4777384687270545
Computer and electronic products,Waste Collection and Treatment,53,0.3537814565115813,10,0.066751218,63,0.42053267472131367
Electrical equipment,Waste Collection and Treatment,2,0.013350243641946466,7,0.046725852746812624,9,0.060076096
Other machinery and equipment,Waste Collection and Treatment,21,0.1401775582404379,246,1.6420799679594151,267,1.782257526199853
Motor vehicles,Waste Collection and Treatment,0,0,32,0.21360389827114346,32,0.21360389827114346
Ships and boats,Waste Collection and Treatment,0,0,0,0,0,0
Aircraft and spacecraft products,Waste Collection and Treatment,0,0,0,0,0,0
Other Transport Equipment,Waste Collection and Treatment,0,0,0,0,0,0
Furniture,Waste Collection and Treatment,0,0,0,0,0,0
Other manufactured goods,Waste Collection and Treatment,1,0.006675122,63,0.42053267472131367,64,0.4272077965422869
Ship and boat repair and maintenance,Waste Collection and Treatment,0,0,0,0,0,0
Air and spacecraft repair and maintenance,Waste Collection and Treatment,0,0,0,0,0,0
Other repair services,Waste Collection and Treatment,0,0,173,1.1547960750283692,173,1.1547960750283692
Electricity services,Waste Collection and Treatment,0,0,131,0.8744409585474936,131,0.8744409585474936
"Mains gas, steam and air conditioning services",Waste Collection and Treatment,0,0,51,0.3404312128696349,51,0.3404312128696349
Water services,Waste Collection and Treatment,0,0,171,1.1414458313864229,171,1.1414458313864229
Sewerage services,Waste Collection and Treatment,0,0,1818,12.135371470529337,1818,12.135371470529337
Waste collection and treatment services,Waste Collection and Treatment,3767,25.145183899606167,221,1.4752019224350845,3988,26.62038582204125
Remediation and waste management services,Waste Collection and Treatment,0,0,371,2.4764701955810695,371,2.4764701955810695
Construction services,Waste Collection and Treatment,0,0,229,1.5286028970028704,229,1.5286028970028704
Motor vehicle trade services,Waste Collection and Treatment,0,0,212,1.4151258260463253,212,1.4151258260463253
Wholesale trade services,Waste Collection and Treatment,0,0,822,5.486950136839997,822,5.486950136839997
Retail trade services,Waste Collection and Treatment,0,0,230,1.5352780188238435,230,1.5352780188238435
Rail transport services,Waste Collection and Treatment,0,0,3,0.020025365,3,0.020025365
Land transport services,Waste Collection and Treatment,0,0,368,2.4564448301181496,368,2.4564448301181496
Water transport services,Waste Collection and Treatment,0,0,0,0,0,0
Air transport services,Waste Collection and Treatment,0,0,16,0.10680194913557173,16,0.10680194913557173
Warehousing services,Waste Collection and Treatment,0,0,241,1.6087043588545493,241,1.6087043588545493
Postal and courier services,Waste Collection and Treatment,0,0,9,0.060076096,9,0.060076096
Accommodation services,Waste Collection and Treatment,0,0,0,0,0,0
Food and beverage services,Waste Collection and Treatment,0,0,2,0.013350243641946466,2,0.013350243641946466
Publishing services,Waste Collection and Treatment,0,0,5,0.033375609104866165,5,0.033375609104866165
Media Production services,Waste Collection and Treatment,0,0,27,0.18022828916627728,27,0.18022828916627728
Telecommunications services,Waste Collection and Treatment,1,0.006675122,34,0.2269541419130899,35,0.23362926373406315
Computer programming services,Waste Collection and Treatment,0,0,146,0.974567786,146,0.974567786
Information services,Waste Collection and Treatment,0,0,0,0,0,0
Financial services (excl. insurance and pensions),Waste Collection and Treatment,0,0,488,3.2574594486349375,488,3.2574594486349375
Insurance and pension services,Waste Collection and Treatment,1,0.006675122,138,0.921166811,139,0.9278419331152792
Auxiliary financial services,Waste Collection and Treatment,0,0,285,1.9024097189773714,285,1.9024097189773714
Real estate services,Waste Collection and Treatment,0,0,2,0.013350243641946466,2,0.013350243641946466
Owner-occupier housing services,Waste Collection and Treatment,0,0,0,0,0,0
Other real estate services,Waste Collection and Treatment,0,0,237,1.5820038715706561,237,1.5820038715706561
Legal services,Waste Collection and Treatment,0,0,90,0.6007609638875909,90,0.6007609638875909
Accounting and tax services,Waste Collection and Treatment,0,0,69,0.460583406,69,0.460583406
Management consulting services,Waste Collection and Treatment,13,0.086776584,63,0.42053267472131367,76,0.5073092583939657
Architectural and engineering services,Waste Collection and Treatment,0,0,256,1.7088311861691476,256,1.7088311861691476
Scientific research and development services,Waste Collection and Treatment,0,0,0,0,0,0
Advertising and market research services,Waste Collection and Treatment,0,0,48,0.3204058474067152,48,0.3204058474067152
Other scientific and technical services,Waste Collection and Treatment,0,0,124,0.827715106,124,0.827715106
Veterinary services,Waste Collection and Treatment,0,0,0,0,0,0
Rental and leasing services,Waste Collection and Treatment,179,1.1948468059542088,374,2.496495561043989,553,3.6913423669981977
Employment services,Waste Collection and Treatment,1,0.006675122,251,1.6754555770642814,252,1.6821306988852547
Travel services,Waste Collection and Treatment,0,0,0,0,0,0
Security services,Waste Collection and Treatment,0,0,122,0.8143648621587344,122,0.8143648621587344
Building and landscape services,Waste Collection and Treatment,0,0,175,1.1681463186703158,175,1.1681463186703158
Office support services,Waste Collection and Treatment,20,0.13350243641946466,222,1.4818770442560576,242,1.6153794806755222
Public administration services (including defence),Waste Collection and Treatment,0,0,96,0.6408116948134304,96,0.6408116948134304
Education services,Waste Collection and Treatment,0,0,16,0.10680194913557173,16,0.10680194913557173
Health services,Waste Collection and Treatment,0,0,15,0.10012682731459849,15,0.10012682731459849
Residential and social care services,Waste Collection and Treatment,0,0,0,0,0,0
Arts and entertainment services,Waste Collection and Treatment,0,0,22,0.1468526800614111,22,0.1468526800614111
Libraries and other cultural services,Waste Collection and Treatment,0,0,15,0.10012682731459849,15,0.10012682731459849
Gambling services,Waste Collection and Treatment,0,0,0,0,0,0
Sports and recreation services,Waste Collection and Treatment,0,0,18,0.12015219277751818,18,0.12015219277751818
Membership services,Waste Collection and Treatment,0,0,3,0.020025365,3,0.020025365
Computer repair services,Waste Collection and Treatment,0,0,18,0.12015219277751818,18,0.12015219277751818
Other personal services,Waste Collection and Treatment,0,0,2,0.013350243641946466,2,0.013350243641946466
Agriculture products,Remediation and Waste Management,0,0,0,0,0,0
Forestry products,Remediation and Waste Management,0,0,0,0,0,0
Fishing products,Remediation and Waste Management,0,0,0,0,0,0
Coal and lignite,Remediation and Waste Management,0,0,0,0,0,0
"Petroleum, natural gas and mining of metal ores",Remediation and Waste Management,0,0,0,0,0,0
Other mining products,Remediation and Waste Management,0,0,0,0,0,0
Mining support services,Remediation and Waste Management,0,0,0,0,0,0
Meat and preserved meat products,Remediation and Waste Management,0,0,0,0,0,0
"Fish, seafood, fruit and vegetables",Remediation and Waste Management,0,0,0,0,0,0
Oils and fats,Remediation and Waste Management,0,0,0,0,0,0
Dairy products,Remediation and Waste Management,0,0,0,0,0,0
Grain mill and starch products,Remediation and Waste Management,0,0,0,0,0,0
Bakery products,Remediation and Waste Management,0,0,0,0,0,0
Other food products,Remediation and Waste Management,0,0,0,0,0,0
Animal feeds,Remediation and Waste Management,0,0,0,0,0,0
Alcoholic beverages and tobacco,Remediation and Waste Management,0,0,0,0,0,0
Soft drinks,Remediation and Waste Management,0,0,0,0,0,0
Textiles,Remediation and Waste Management,0,0,0,0,0,0
Clothing,Remediation and Waste Management,0,0,0,0,0,0
Leather products,Remediation and Waste Management,0,0,0,0,0,0
Wood products (excl. furniture),Remediation and Waste Management,0,0,0,0,0,0
Paper products,Remediation and Waste Management,0,0,3,0.46439628482972134,3,0.46439628482972134
Printing and recording services,Remediation and Waste Management,0,0,0,0,0,0
Coke and refined petroleum products,Remediation and Waste Management,0,0,15,2.321981424148607,15,2.321981424148607
Paints and coatings,Remediation and Waste Management,0,0,0,0,0,0
Soap and detergents,Remediation and Waste Management,0,0,1,0.15479876160990713,1,0.15479876160990713
Other chemical products,Remediation and Waste Management,0,0,4,0.6191950464396285,4,0.6191950464396285
Industrial gases and fertilizers,Remediation and Waste Management,0,0,0,0,0,0
Petrochemicals,Remediation and Waste Management,0,0,0,0,0,0
Dyestuffs and agro-chemicals,Remediation and Waste Management,0,0,0,0,0,0
Pharmaceutical products,Remediation and Waste Management,0,0,0,0,0,0
Rubber and plastic products,Remediation and Waste Management,0,0,11,1.7027863777089782,11,1.7027863777089782
Cement and concrete products,Remediation and Waste Management,0,0,0,0,0,0
"Glass, ceramic and stone products",Remediation and Waste Management,0,0,0,0,0,0
Basic iron and steel,Remediation and Waste Management,0,0,0,0,0,0
Other basic metals and casting,Remediation and Waste Management,0,0,0,0,0,0
Weapons and ammunition,Remediation and Waste Management,0,0,0,0,0,0
Other fabricated metal products,Remediation and Waste Management,0,0,0,0,0,0
Computer and electronic products,Remediation and Waste Management,6,0.9287925696594427,11,1.7027863777089782,17,2.631578947368421
Electrical equipment,Remediation and Waste Management,0,0,0,0,0,0
Other machinery and equipment,Remediation and Waste Management,0,0,0,0,0,0
Motor vehicles,Remediation and Waste Management,0,0,0,0,0,0
Ships and boats,Remediation and Waste Management,0,0,0,0,0,0
Aircraft and spacecraft products,Remediation and Waste Management,0,0,0,0,0,0
Other Transport Equipment,Remediation and Waste Management,0,0,0,0,0,0
Furniture,Remediation and Waste Management,0,0,0,0,0,0
Other manufactured goods,Remediation and Waste Management,0,0,6,0.9287925696594427,6,0.9287925696594427
Ship and boat repair and maintenance,Remediation and Waste Management,0,0,0,0,0,0
Air and spacecraft repair and maintenance,Remediation and Waste Management,0,0,0,0,0,0
Other repair services,Remediation and Waste Management,0,0,3,0.46439628482972134,3,0.46439628482972134
Electricity services,Remediation and Waste Management,0,0,1,0.15479876160990713,1,0.15479876160990713
"Mains gas, steam and air conditioning services",Remediation and Waste Management,0,0,2,0.30959752321981426,2,0.30959752321981426
Water services,Remediation and Waste Management,0,0,1,0.15479876160990713,1,0.15479876160990713
Sewerage services,Remediation and Waste Management,0,0,0,0,0,0
Waste collection and treatment services,Remediation and Waste Management,0,0,16,2.476780185758514,16,2.476780185758514
Remediation and waste management services,Remediation and Waste Management,0,0,251,38.85448916408669,251,38.85448916408669
Construction services,Remediation and Waste Management,0,0,0,0,0,0
Motor vehicle trade services,Remediation and Waste Management,0,0,0,0,0,0
Wholesale trade services,Remediation and Waste Management,0,0,15,2.321981424148607,15,2.321981424148607
Retail trade services,Remediation and Waste Management,0,0,4,0.6191950464396285,4,0.6191950464396285
Rail transport services,Remediation and Waste Management,0,0,0,0,0,0
Land transport services,Remediation and Waste Management,0,0,3,0.46439628482972134,3,0.46439628482972134
Water transport services,Remediation and Waste Management,0,0,0,0,0,0
Air transport services,Remediation and Waste Management,0,0,0,0,0,0
Warehousing services,Remediation and Waste Management,0,0,2,0.30959752321981426,2,0.30959752321981426
Postal and courier services,Remediation and Waste Management,0,0,11,1.7027863777089782,11,1.7027863777089782
Accommodation services,Remediation and Waste Management,0,0,0,0,0,0
Food and beverage services,Remediation and Waste Management,0,0,0,0,0,0
Publishing services,Remediation and Waste Management,0,0,0,0,0,0
Media Production services,Remediation and Waste Management,0,0,0,0,0,0
Telecommunications services,Remediation and Waste Management,0,0,3,0.46439628482972134,3,0.46439628482972134
Computer programming services,Remediation and Waste Management,0,0,7,1.083591331,7,1.083591331
Information services,Remediation and Waste Management,0,0,0,0,0,0
Financial services (excl. insurance and pensions),Remediation and Waste Management,0,0,7,1.083591331,7,1.083591331
Insurance and pension services,Remediation and Waste Management,0,0,4,0.6191950464396285,4,0.6191950464396285
Auxiliary financial services,Remediation and Waste Management,0,0,0,0,0,0
Real estate services,Remediation and Waste Management,0,0,0,0,0,0
Owner-occupier housing services,Remediation and Waste Management,0,0,0,0,0,0
Other real estate services,Remediation and Waste Management,0,0,25,3.8699690402476783,25,3.8699690402476783
Legal services,Remediation and Waste Management,0,0,15,2.321981424148607,15,2.321981424148607
Accounting and tax services,Remediation and Waste Management,0,0,39,6.037151702786378,39,6.037151702786378
Management consulting services,Remediation and Waste Management,0,0,0,0,0,0
Architectural and engineering services,Remediation and Waste Management,0,0,7,1.083591331,7,1.083591331
Scientific research and development services,Remediation and Waste Management,0,0,0,0,0,0
Advertising and market research services,Remediation and Waste Management,0,0,6,0.9287925696594427,6,0.9287925696594427
Other scientific and technical services,Remediation and Waste Management,0,0,0,0,0,0
Veterinary services,Remediation and Waste Management,0,0,0,0,0,0
Rental and leasing services,Remediation and Waste Management,0,0,138,21.36222910216718,138,21.36222910216718
Employment services,Remediation and Waste Management,0,0,19,2.941176470588235,19,2.941176470588235
Travel services,Remediation and Waste Management,0,0,0,0,0,0
Security services,Remediation and Waste Management,0,0,0,0,0,0
Building and landscape services,Remediation and Waste Management,0,0,6,0.9287925696594427,6,0.9287925696594427
Office support services,Remediation and Waste Management,0,0,4,0.6191950464396285,4,0.6191950464396285
Public administration services (including defence),Remediation and Waste Management,0,0,0,0,0,0
Education services,Remediation and Waste Management,0,0,0,0,0,0
Health services,Remediation and Waste Management,0,0,0,0,0,0
Residential and social care services,Remediation and Waste Management,0,0,0,0,0,0
Arts and entertainment services,Remediation and Waste Management,0,0,0,0,0,0
Libraries and other cultural services,Remediation and Waste Management,0,0,0,0,0,0
Gambling services,Remediation and Waste Management,0,0,0,0,0,0
Sports and recreation services,Remediation and Waste Management,0,0,0,0,0,0
Membership services,Remediation and Waste Management,0,0,0,0,0,0
Computer repair services,Remediation and Waste Management,0,0,0,0,0,0
Other personal services,Remediation and Waste Management,0,0,0,0,0,0
Agriculture products,Construction,0,0,0,0,0,0
Forestry products,Construction,0,0,0,0,0,0
Fishing products,Construction,0,0,0,0,0,0
Coal and lignite,Construction,0,0,0,0,0,0
"Petroleum, natural gas and mining of metal ores",Construction,3,0.001469004,0,0,3,0.001469004
Other mining products,Construction,109,0.053373813,2434,1.191851924,2543,1.2452257369503477
Mining support services,Construction,0,0,0,0,0,0
Meat and preserved meat products,Construction,0,0,8,0.003917344,8,0.003917344
"Fish, seafood, fruit and vegetables",Construction,0,0,8,0.003917344,8,0.003917344
Oils and fats,Construction,0,0,0,0,0,0
Dairy products,Construction,0,0,5,0.00244834,5,0.00244834
Grain mill and starch products,Construction,0,0,0,0,0,0
Bakery products,Construction,0,0,6,0.002938008,6,0.002938008
Other food products,Construction,0,0,3,0.001469004,3,0.001469004
Animal feeds,Construction,0,0,0,0,0,0
Alcoholic beverages and tobacco,Construction,0,0,0,0,0,0
Soft drinks,Construction,0,0,0,0,0,0
Textiles,Construction,16,0.007834688,293,0.14347272549211634,309,0.1513074135735971
Clothing,Construction,0,0,1,0.000489668,1,0.000489668
Leather products,Construction,0,0,6,0.002938008,6,0.002938008
Wood products (excl. furniture),Construction,781,0.3824307119772794,5806,2.8430124375673294,6587,3.225443149544609
Paper products,Construction,3,0.001469004,145,0.071001861,148,0.072470865
Printing and recording services,Construction,0,0,0,0,0,0
Coke and refined petroleum products,Construction,60,0.029380080305552836,1775,0.8691607090392713,1835,0.8985407893448242
Paints and coatings,Construction,26,0.012731368,926,0.4534325727156988,952,0.46616394084810503
Soap and detergents,Construction,0,0,1,0.000489668,1,0.000489668
Other chemical products,Construction,57,0.027911076290275193,33,0.016159044168054058,90,0.044070120458329254
Industrial gases and fertilizers,Construction,0,0,1,0.000489668,1,0.000489668
Petrochemicals,Construction,1,0.000489668,1,0.000489668,2,0.000979336
Dyestuffs and agro-chemicals,Construction,0,0,1,0.000489668,1,0.000489668
Pharmaceutical products,Construction,0,0,0,0,0,0
Rubber and plastic products,Construction,84,0.041132112427773974,2931,1.435216922926256,3015,1.4763490353540298
Cement and concrete products,Construction,171,0.083733229,7592,3.7175594946626185,7763,3.801292723533444
"Glass, ceramic and stone products",Construction,276,0.13514836940554303,2884,1.4122025266869063,3160,1.5473508960924494
Basic iron and steel,Construction,92,0.045049456,694,0.3398295955342278,786,0.38487905200274214
Other basic metals and casting,Construction,1208,0.5915189501517971,276,0.13514836940554303,1484,0.7266673195573401
Weapons and ammunition,Construction,0,0,0,0,0,0
Other fabricated metal products,Construction,1548,0.7580060718832632,5403,2.645676231515033,6951,3.403682303398296
Computer and electronic products,Construction,729,0.35696797571246697,475,0.23259230241895992,1204,0.5895602781314269
Electrical equipment,Construction,404,0.1978258740573891,4399,2.1540495544021154,4803,2.3518754284595045
Other machinery and equipment,Construction,990,0.4847713250416218,2037,0.9974537263735187,3027,1.4822250514151405
Motor vehicles,Construction,4,0.001958672,312,0.15277641758887475,316,0.15473508960924495
Ships and boats,Construction,0,0,0,0,0,0
Aircraft and spacecraft products,Construction,0,0,0,0,0,0
Other Transport Equipment,Construction,0,0,0,0,0,0
Furniture,Construction,0,0,238,0.11654098521202624,238,0.11654098521202624
Other manufactured goods,Construction,46,0.022524728234257173,300,0.14690040152776418,346,0.16942512976202134
Ship and boat repair and maintenance,Construction,0,0,0,0,0,0
Air and spacecraft repair and maintenance,Construction,0,0,0,0,0,0
Other repair services,Construction,29,0.014200372,131,0.064146509,160,0.078346881
Electricity services,Construction,0,0,817,0.4000587601606111,817,0.4000587601606111
"Mains gas, steam and air conditioning services",Construction,0,0,563,0.2756830868671041,563,0.2756830868671041
Water services,Construction,0,0,246,0.12045832925276663,246,0.12045832925276663
Sewerage services,Construction,0,0,261,0.12780334932915483,261,0.12780334932915483
Waste collection and treatment services,Construction,9,0.004407012,556,0.27225541083145627,565,0.2766624228772892
Remediation and waste management services,Construction,0,0,0,0,0,0
Construction services,Construction,696,0.3408089315444129,107371,52.57614337,108067,52.91695230633631
Motor vehicle trade services,Construction,1,0.000489668,572,0.280090099,573,0.28057976691802955
Wholesale trade services,Construction,0,0,13854,6.7838605425521505,13854,6.7838605425521505
Retail trade services,Construction,0,0,2737,1.340221329938302,2737,1.340221329938302
Rail transport services,Construction,0,0,11,0.005386348,11,0.005386348
Land transport services,Construction,0,0,961,0.4705709528939379,961,0.4705709528939379
Water transport services,Construction,0,0,7,0.003427676,7,0.003427676
Air transport services,Construction,0,0,35,0.017138380178239154,35,0.017138380178239154
Warehousing services,Construction,0,0,0,0,0,0
Postal and courier services,Construction,0,0,45,0.022035060229164627,45,0.022035060229164627
Accommodation services,Construction,0,0,37,0.018117716188424247,37,0.018117716188424247
Food and beverage services,Construction,0,0,37,0.018117716188424247,37,0.018117716188424247
Publishing services,Construction,0,0,0,0,0,0
Media Production services,Construction,0,0,0,0,0,0
Telecommunications services,Construction,2,0.000979336,927,0.4539222407207913,929,0.45490157673097636
Computer programming services,Construction,8,0.003917344,2402,1.1761825482322985,2410,1.1800998922730388
Information services,Construction,0,0,28,0.013710704142591323,28,0.013710704142591323
Financial services (excl. insurance and pensions),Construction,364,0.1782391538536872,3015,1.476349035,3379,1.6545881892077172
Insurance and pension services,Construction,2,0.000979336,1575,0.7712271080207619,1577,0.772206444
Auxiliary financial services,Construction,8,0.003917344,934,0.4573499167564391,942,0.4612672607971795
Real estate services,Construction,0,0,92,0.045049456,92,0.045049456
Owner-occupier housing services,Construction,0,0,0,0,0,0
Other real estate services,Construction,0,0,378,0.18509450592498286,378,0.18509450592498286
Legal services,Construction,5,0.00244834,1091,0.534227794,1096,0.5366761335814318
Accounting and tax services,Construction,0,0,256,0.1253550093036921,256,0.1253550093036921
Management consulting services,Construction,80,0.03917344,75,0.036725100381941045,155,0.075898541
Architectural and engineering services,Construction,3,0.001469004,6427,3.1470962687298014,6430,3.148565272745079
Scientific research and development services,Construction,0,0,0,0,0,0
Advertising and market research services,Construction,3,0.001469004,715,0.3501126236411713,718,0.35158162765644896
Other scientific and technical services,Construction,0,0,113,0.055332484575457835,113,0.055332484575457835
Veterinary services,Construction,0,0,0,0,0,0
Rental and leasing services,Construction,996,0.4877093330721771,3998,1.9576926843600038,4994,2.4454020174321807
Employment services,Construction,4,0.001958672,2419,1.1845069043188718,2423,1.186465576339242
Travel services,Construction,0,0,0,0,0,0
Security services,Construction,0,0,1134,0.5552835177749486,1134,0.5552835177749486
Building and landscape services,Construction,0,0,729,0.35696797571246697,729,0.35696797571246697
Office support services,Construction,38,0.018607384193516797,158,0.077367545,196,0.095974929
Public administration services (including defence),Construction,82,0.040152776417588874,1581,0.7741651160513172,1663,0.8143178924689061
Education services,Construction,0,0,0,0,0,0
Health services,Construction,0,0,0,0,0,0
Residential and social care services,Construction,0,0,0,0,0,0
Arts and entertainment services,Construction,0,0,0,0,0,0
Libraries and other cultural services,Construction,0,0,0,0,0,0
Gambling services,Construction,0,0,0,0,0,0
Sports and recreation services,Construction,0,0,0,0,0,0
Membership services,Construction,0,0,0,0,0,0
Computer repair services,Construction,0,0,0,0,0,0
Other personal services,Construction,0,0,0,0,0,0
Agriculture products,Motor Vehicles Trade and Repair,0,0,0,0,0,0
Forestry products,Motor Vehicles Trade and Repair,0,0,0,0,0,0
Fishing products,Motor Vehicles Trade and Repair,0,0,0,0,0,0
Coal and lignite,Motor Vehicles Trade and Repair,0,0,0,0,0,0
"Petroleum, natural gas and mining of metal ores",Motor Vehicles Trade and Repair,0,0,0,0,0,0
Other mining products,Motor Vehicles Trade and Repair,0,0,0,0,0,0
Mining support services,Motor Vehicles Trade and Repair,0,0,0,0,0,0
Meat and preserved meat products,Motor Vehicles Trade and Repair,0,0,136,0.5430876128104783,136,0.5430876128104783
"Fish, seafood, fruit and vegetables",Motor Vehicles Trade and Repair,0,0,79,0.3154700103825573,79,0.3154700103825573
Oils and fats,Motor Vehicles Trade and Repair,0,0,7,0.027953038894656976,7,0.027953038894656976
Dairy products,Motor Vehicles Trade and Repair,0,0,94,0.37536937944253657,94,0.37536937944253657
Grain mill and starch products,Motor Vehicles Trade and Repair,0,0,0,0,0,0
Bakery products,Motor Vehicles Trade and Repair,0,0,110,0.43926203977318107,110,0.43926203977318107
Other food products,Motor Vehicles Trade and Repair,0,0,44,0.17570481590927242,44,0.17570481590927242
Animal feeds,Motor Vehicles Trade and Repair,0,0,0,0,0,0
Alcoholic beverages and tobacco,Motor Vehicles Trade and Repair,0,0,0,0,0,0
Soft drinks,Motor Vehicles Trade and Repair,0,0,0,0,0,0
Textiles,Motor Vehicles Trade and Repair,1,0.003993291,0,0,1,0.003993291
Clothing,Motor Vehicles Trade and Repair,0,0,0,0,0,0
Leather products,Motor Vehicles Trade and Repair,6,0.023959747623991695,0,0,6,0.023959747623991695
Wood products (excl. furniture),Motor Vehicles Trade and Repair,0,0,0,0,0,0
Paper products,Motor Vehicles Trade and Repair,2,0.007986583,54,0.21563772861592526,56,0.2236243111572558
Printing and recording services,Motor Vehicles Trade and Repair,0,0,52,0.20765114607459467,52,0.20765114607459467
Coke and refined petroleum products,Motor Vehicles Trade and Repair,15,0.059899369,451,1.8009743630700423,466,1.8608737321300215
Paints and coatings,Motor Vehicles Trade and Repair,0,0,0,0,0,0
Soap and detergents,Motor Vehicles Trade and Repair,0,0,0,0,0,0
Other chemical products,Motor Vehicles Trade and Repair,0,0,0,0,0,0
Industrial gases and fertilizers,Motor Vehicles Trade and Repair,0,0,0,0,0,0
Petrochemicals,Motor Vehicles Trade and Repair,0,0,0,0,0,0
Dyestuffs and agro-chemicals,Motor Vehicles Trade and Repair,0,0,0,0,0,0
Pharmaceutical products,Motor Vehicles Trade and Repair,0,0,0,0,0,0
Rubber and plastic products,Motor Vehicles Trade and Repair,360,1.4375848574395016,0,0,360,1.4375848574395016
Cement and concrete products,Motor Vehicles Trade and Repair,0,0,0,0,0,0
"Glass, ceramic and stone products",Motor Vehicles Trade and Repair,16,0.06389266,0,0,16,0.06389266
Basic iron and steel,Motor Vehicles Trade and Repair,0,0,0,0,0,0
Other basic metals and casting,Motor Vehicles Trade and Repair,0,0,0,0,0,0
Weapons and ammunition,Motor Vehicles Trade and Repair,0,0,0,0,0,0
Other fabricated metal products,Motor Vehicles Trade and Repair,38,0.15174506828528073,0,0,38,0.15174506828528073
Computer and electronic products,Motor Vehicles Trade and Repair,58,0.23161089369858637,0,0,58,0.23161089369858637
Electrical equipment,Motor Vehicles Trade and Repair,24,0.09583899,0,0,24,0.09583899
Other machinery and equipment,Motor Vehicles Trade and Repair,216,0.862550914,0,0,216,0.862550914
Motor vehicles,Motor Vehicles Trade and Repair,2480,9.903362351,4391,17.534541969491254,6871,27.437904320741154
Ships and boats,Motor Vehicles Trade and Repair,0,0,0,0,0,0
Aircraft and spacecraft products,Motor Vehicles Trade and Repair,0,0,0,0,0,0
Other Transport Equipment,Motor Vehicles Trade and Repair,0,0,0,0,0,0
Furniture,Motor Vehicles Trade and Repair,0,0,0,0,0,0
Other manufactured goods,Motor Vehicles Trade and Repair,12,0.047919495,1,0.003993291,13,0.051912786518648675
Ship and boat repair and maintenance,Motor Vehicles Trade and Repair,0,0,0,0,0,0
Air and spacecraft repair and maintenance,Motor Vehicles Trade and Repair,0,0,0,0,0,0
Other repair services,Motor Vehicles Trade and Repair,7,0.027953038894656976,193,0.7707052152383995,200,0.7986582541330565
Electricity services,Motor Vehicles Trade and Repair,0,0,380,1.5174506828528074,380,1.5174506828528074
"Mains gas, steam and air conditioning services",Motor Vehicles Trade and Repair,0,0,131,0.523121156,131,0.523121156
Water services,Motor Vehicles Trade and Repair,0,0,88,0.35140963181854484,88,0.35140963181854484
Sewerage services,Motor Vehicles Trade and Repair,0,0,13,0.051912787,13,0.051912787
Waste collection and treatment services,Motor Vehicles Trade and Repair,0,0,87,0.34741634054787957,87,0.34741634054787957
Remediation and waste management services,Motor Vehicles Trade and Repair,0,0,0,0,0,0
Construction services,Motor Vehicles Trade and Repair,0,0,81,0.32345659292388784,81,0.32345659292388784
Motor vehicle trade services,Motor Vehicles Trade and Repair,0,0,5747,22.949444932513376,5747,22.949444932513376
Wholesale trade services,Motor Vehicles Trade and Repair,1,0.003993291,455,1.8169475281527034,456,1.8209408194233687
Retail trade services,Motor Vehicles Trade and Repair,0,0,618,2.4678540052711444,618,2.4678540052711444
Rail transport services,Motor Vehicles Trade and Repair,0,0,0,0,0,0
Land transport services,Motor Vehicles Trade and Repair,0,0,754,3.010941618081623,754,3.010941618081623
Water transport services,Motor Vehicles Trade and Repair,0,0,0,0,0,0
Air transport services,Motor Vehicles Trade and Repair,0,0,101,0.4033224183371935,101,0.4033224183371935
Warehousing services,Motor Vehicles Trade and Repair,0,0,510,2.036578548039294,510,2.036578548039294
Postal and courier services,Motor Vehicles Trade and Repair,2,0.007986583,306,1.2219471288235764,308,1.229933711364907
Accommodation services,Motor Vehicles Trade and Repair,0,0,0,0,0,0
Food and beverage services,Motor Vehicles Trade and Repair,0,0,21,0.083859117,21,0.083859117
Publishing services,Motor Vehicles Trade and Repair,0,0,0,0,0,0
Media Production services,Motor Vehicles Trade and Repair,0,0,0,0,0,0
Telecommunications services,Motor Vehicles Trade and Repair,2,0.007986583,241,0.962383196,243,0.9703697787716635
Computer programming services,Motor Vehicles Trade and Repair,50,0.19966456353326412,855,3.414264036418816,905,3.6139285999520805
Information services,Motor Vehicles Trade and Repair,5,0.019966456,317,1.2658733328008944,322,1.2858397891542208
Financial services (excl. insurance and pensions),Motor Vehicles Trade and Repair,1,0.003993291,796,3.1786598514495648,797,3.182653143
Insurance and pension services,Motor Vehicles Trade and Repair,28,0.1118121555786279,186,0.7427521763437426,214,0.8545643319223705
Auxiliary financial services,Motor Vehicles Trade and Repair,1,0.003993291,107,0.4272821659611852,108,0.43127545723185046
Real estate services,Motor Vehicles Trade and Repair,0,0,0,0,0,0
Owner-occupier housing services,Motor Vehicles Trade and Repair,0,0,0,0,0,0
Other real estate services,Motor Vehicles Trade and Repair,0,0,944,3.7696669595080263,944,3.7696669595080263
Legal services,Motor Vehicles Trade and Repair,3,0.011979873811995848,112,0.4472486223145116,115,0.45922849612650746
Accounting and tax services,Motor Vehicles Trade and Repair,0,0,306,1.2219471288235764,306,1.2219471288235764
Management consulting services,Motor Vehicles Trade and Repair,16,0.06389266,172,0.6868460985544286,188,0.7507387588850731
Architectural and engineering services,Motor Vehicles Trade and Repair,0,0,162,0.6469131858477757,162,0.6469131858477757
Scientific research and development services,Motor Vehicles Trade and Repair,0,0,0,0,0,0
Advertising and market research services,Motor Vehicles Trade and Repair,22,0.087852408,1461,5.834198546441978,1483,5.922050954396614
Other scientific and technical services,Motor Vehicles Trade and Repair,0,0,302,1.2059739637409153,302,1.2059739637409153
Veterinary services,Motor Vehicles Trade and Repair,0,0,0,0,0,0
Rental and leasing services,Motor Vehicles Trade and Repair,1,0.003993291,260,1.0382557303729734,261,1.0422490216436386
Employment services,Motor Vehicles Trade and Repair,2,0.007986583,174,0.6948326810957591,176,0.7028192636370897
Travel services,Motor Vehicles Trade and Repair,0,0,3,0.011979873811995848,3,0.011979873811995848
Security services,Motor Vehicles Trade and Repair,0,0,0,0,0,0
Building and landscape services,Motor Vehicles Trade and Repair,0,0,0,0,0,0
Office support services,Motor Vehicles Trade and Repair,109,0.4352687485025158,231,0.9224502835236802,340,1.357719032026196
Public administration services (including defence),Motor Vehicles Trade and Repair,0,0,31,0.12379202939062374,31,0.12379202939062374
Education services,Motor Vehicles Trade and Repair,0,0,0,0,0,0
Health services,Motor Vehicles Trade and Repair,0,0,0,0,0,0
Residential and social care services,Motor Vehicles Trade and Repair,0,0,0,0,0,0
Arts and entertainment services,Motor Vehicles Trade and Repair,0,0,0,0,0,0
Libraries and other cultural services,Motor Vehicles Trade and Repair,0,0,0,0,0,0
Gambling services,Motor Vehicles Trade and Repair,0,0,0,0,0,0
Sports and recreation services,Motor Vehicles Trade and Repair,0,0,0,0,0,0
Membership services,Motor Vehicles Trade and Repair,0,0,0,0,0,0
Computer repair services,Motor Vehicles Trade and Repair,0,0,0,0,0,0
Other personal services,Motor Vehicles Trade and Repair,0,0,0,0,0,0
Agriculture products,Wholesale Trade,249,0.34616507486341075,0,0,249,0.34616507486341075
Forestry products,Wholesale Trade,0,0,0,0,0,0
Fishing products,Wholesale Trade,0,0,0,0,0,0
Coal and lignite,Wholesale Trade,0,0,0,0,0,0
"Petroleum, natural gas and mining of metal ores",Wholesale Trade,7,0.009731548,0,0,7,0.009731548
Other mining products,Wholesale Trade,0,0,0,0,0,0
Mining support services,Wholesale Trade,0,0,0,0,0,0
Meat and preserved meat products,Wholesale Trade,13,0.018072875,760,1.0565680999847076,773,1.0746409753791828
"Fish, seafood, fruit and vegetables",Wholesale Trade,0,0,0,0,0,0
Oils and fats,Wholesale Trade,0,0,0,0,0,0
Dairy products,Wholesale Trade,0,0,0,0,0,0
Grain mill and starch products,Wholesale Trade,0,0,0,0,0,0
Bakery products,Wholesale Trade,0,0,0,0,0,0
Other food products,Wholesale Trade,0,0,0,0,0,0
Animal feeds,Wholesale Trade,0,0,0,0,0,0
Alcoholic beverages and tobacco,Wholesale Trade,0,0,0,0,0,0
Soft drinks,Wholesale Trade,0,0,0,0,0,0
Textiles,Wholesale Trade,226,0.3141899876270315,208,0.28916600631160416,434,0.6033559939386357
Clothing,Wholesale Trade,107,0.1487536667083733,0,0,107,0.1487536667083733
Leather products,Wholesale Trade,96,0.13346123368227883,0,0,96,0.13346123368227883
Wood products (excl. furniture),Wholesale Trade,108,0.1501438878925637,0,0,108,0.1501438878925637
Paper products,Wholesale Trade,521,0.7243052369632009,453,0.6297701964382533,974,1.3540754334014542
Printing and recording services,Wholesale Trade,0,0,480,0.6673061684113942,480,0.6673061684113942
Coke and refined petroleum products,Wholesale Trade,181,0.2516300343384632,2076,2.886099178,2257,3.137729212717743
Paints and coatings,Wholesale Trade,22,0.030584866052188905,0,0,22,0.030584866052188905
Soap and detergents,Wholesale Trade,42,0.058389289735996996,22,0.030584866052188905,64,0.088974156
Other chemical products,Wholesale Trade,88,0.12233946420875562,0,0,88,0.12233946420875562
Industrial gases and fertilizers,Wholesale Trade,0,0,0,0,0,0
Petrochemicals,Wholesale Trade,49,0.068120838,33,0.045877299078283355,82,0.1139981371036132
Dyestuffs and agro-chemicals,Wholesale Trade,0,0,0,0,0,0
Pharmaceutical products,Wholesale Trade,0,0,0,0,0,0
Rubber and plastic products,Wholesale Trade,1220,1.6960698447122935,867,1.2053217666930809,2087,2.9013916114053746
Cement and concrete products,Wholesale Trade,90,0.12511990657713642,0,0,90,0.12511990657713642
"Glass, ceramic and stone products",Wholesale Trade,367,0.5102111745978786,31,0.043096857,398,0.5533080313077812
Basic iron and steel,Wholesale Trade,123,0.1709972056554198,0,0,123,0.1709972056554198
Other basic metals and casting,Wholesale Trade,102,0.1418025607874213,0,0,102,0.1418025607874213
Weapons and ammunition,Wholesale Trade,0,0,0,0,0,0
Other fabricated metal products,Wholesale Trade,462,0.642282187,0,0,462,0.642282187
Computer and electronic products,Wholesale Trade,351,0.48796763565083207,392,0.5449667042026387,743,1.0329343398534707
Electrical equipment,Wholesale Trade,419,0.5825026761757796,48,0.066730617,467,0.649233293
Other machinery and equipment,Wholesale Trade,855,1.188639112482796,132,0.18350919631313342,987,1.3721483087959294
Motor vehicles,Wholesale Trade,75,0.10426658881428036,248,0.34477485367922034,323,0.4490414424935007
Ships and boats,Wholesale Trade,0,0,0,0,0,0
Aircraft and spacecraft products,Wholesale Trade,0,0,0,0,0,0
Other Transport Equipment,Wholesale Trade,0,0,0,0,0,0
Furniture,Wholesale Trade,0,0,0,0,0,0
Other manufactured goods,Wholesale Trade,8,0.011121769473523236,0,0,8,0.011121769473523236
Ship and boat repair and maintenance,Wholesale Trade,0,0,0,0,0,0
Air and spacecraft repair and maintenance,Wholesale Trade,0,0,0,0,0,0
Other repair services,Wholesale Trade,37,0.051438183815044974,710,0.9870570407751873,747,1.0384952245902324
Electricity services,Wholesale Trade,0,0,1296,1.8017266547107644,1296,1.8017266547107644
"Mains gas, steam and air conditioning services",Wholesale Trade,0,0,144,0.20019185052341826,144,0.20019185052341826
Water services,Wholesale Trade,0,0,123,0.1709972056554198,123,0.1709972056554198
Sewerage services,Wholesale Trade,0,0,97,0.13485145486646927,97,0.13485145486646927
Waste collection and treatment services,Wholesale Trade,217,0.3016779969693178,137,0.19046030223408544,354,0.49213829920340324
Remediation and waste management services,Wholesale Trade,0,0,0,0,0,0
Construction services,Wholesale Trade,75,0.10426658881428036,2591,3.6020630882373386,2666,3.706329677051619
Motor vehicle trade services,Wholesale Trade,2,0.002780442,1469,2.0422349195757046,1471,2.045015361944085
Wholesale trade services,Wholesale Trade,95,0.13207101249808845,2482,3.4505289791605844,2577,3.582599991658673
Retail trade services,Wholesale Trade,0,0,787,1.0941040719578485,787,1.0941040719578485
Rail transport services,Wholesale Trade,0,0,0,0,0,0
Land transport services,Wholesale Trade,456,0.6339408599908245,8420,11.705662370883207,8876,12.339603230874031
Water transport services,Wholesale Trade,0,0,0,0,0,0
Air transport services,Wholesale Trade,0,0,0,0,0,0
Warehousing services,Wholesale Trade,9,0.012511990657713641,8813,12.252019296270037,8822,12.26453128692775
Postal and courier services,Wholesale Trade,68,0.094535041,1995,2.7734912624598573,2063,2.8680263029848048
Accommodation services,Wholesale Trade,0,0,0,0,0,0
Food and beverage services,Wholesale Trade,0,0,268,0.3725792773630285,268,0.3725792773630285
Publishing services,Wholesale Trade,0,0,0,0,0,0
Media Production services,Wholesale Trade,0,0,0,0,0,0
Telecommunications services,Wholesale Trade,25,0.03475553,960,1.3346123368227885,985,1.3693678664275486
Computer programming services,Wholesale Trade,352,0.4893578568350225,2545,3.5381129137645804,2897,4.027470770599603
Information services,Wholesale Trade,94,0.13068079131389804,600,0.8341327105142429,694,0.964813502
Financial services (excl. insurance and pensions),Wholesale Trade,128,0.17794831157637178,1637,2.2757920785196926,1765,2.453740390096064
Insurance and pension services,Wholesale Trade,83,0.11538835828780358,534,0.742378112,617,0.8577664706454796
Auxiliary financial services,Wholesale Trade,5,0.006951106,2701,3.754987418498283,2706,3.761938524419235
Real estate services,Wholesale Trade,0,0,0,0,0,0
Owner-occupier housing services,Wholesale Trade,0,0,0,0,0,0
Other real estate services,Wholesale Trade,0,0,3501,4.867164365850607,3501,4.867164365850607
Legal services,Wholesale Trade,22,0.030584866052188905,663,0.9217166451182384,685,0.9523015111704273
Accounting and tax services,Wholesale Trade,43,0.059779510920187406,1287,1.7892146640530509,1330,1.8489941749732384
Management consulting services,Wholesale Trade,1214,1.6877285176071515,474,0.6589648413062519,1688,2.346693358913403
Architectural and engineering services,Wholesale Trade,95,0.13207101249808845,0,0,95,0.13207101249808845
Scientific research and development services,Wholesale Trade,0,0,0,0,0,0
Advertising and market research services,Wholesale Trade,494,0.686769265,3978,5.530299871,4472,6.217069136
Other scientific and technical services,Wholesale Trade,0,0,1162,1.6154370160292504,1162,1.6154370160292504
Veterinary services,Wholesale Trade,0,0,0,0,0,0
Rental and leasing services,Wholesale Trade,197,0.2738735732855097,1266,1.7600200191850526,1463,2.0338935924705623
Employment services,Wholesale Trade,53,0.073681723,1853,2.576079854,1906,2.6497615770669114
Travel services,Wholesale Trade,0,0,0,0,0,0
Security services,Wholesale Trade,0,0,0,0,0,0
Building and landscape services,Wholesale Trade,0,0,1013,1.4082940595848799,1013,1.4082940595848799
Office support services,Wholesale Trade,3039,4.2248821787546404,0,0,3039,4.2248821787546404
Public administration services (including defence),Wholesale Trade,0,0,89,0.12372968539294603,89,0.12372968539294603
Education services,Wholesale Trade,0,0,0,0,0,0
Health services,Wholesale Trade,0,0,0,0,0,0
Residential and social care services,Wholesale Trade,0,0,0,0,0,0
Arts and entertainment services,Wholesale Trade,0,0,0,0,0,0
Libraries and other cultural services,Wholesale Trade,0,0,0,0,0,0
Gambling services,Wholesale Trade,0,0,0,0,0,0
Sports and recreation services,Wholesale Trade,0,0,0,0,0,0
Membership services,Wholesale Trade,2,0.002780442,0,0,2,0.002780442
Computer repair services,Wholesale Trade,0,0,0,0,0,0
Other personal services,Wholesale Trade,0,0,0,0,0,0
Agriculture products,Retail Trade,0,0,0,0,0,0
Forestry products,Retail Trade,0,0,0,0,0,0
Fishing products,Retail Trade,0,0,0,0,0,0
Coal and lignite,Retail Trade,0,0,0,0,0,0
"Petroleum, natural gas and mining of metal ores",Retail Trade,0,0,0,0,0,0
Other mining products,Retail Trade,0,0,0,0,0,0
Mining support services,Retail Trade,0,0,0,0,0,0
Meat and preserved meat products,Retail Trade,5,0.007338265,164,0.24069508042738053,169,0.24803334507455677
"Fish, seafood, fruit and vegetables",Retail Trade,2,0.002935306,98,0.14382998708465422,100,0.14676529294352472
Oils and fats,Retail Trade,3,0.004402959,9,0.013208876364917223,12,0.017611835153222965
Dairy products,Retail Trade,0,0,111,0.16290947516731244,111,0.16290947516731244
Grain mill and starch products,Retail Trade,4,0.005870612,6,0.008805918,10,0.014676529
Bakery products,Retail Trade,0,0,151,0.22161559234472233,151,0.22161559234472233
Other food products,Retail Trade,7,0.010273571,53,0.077785605,60,0.088059176
Animal feeds,Retail Trade,0,0,0,0,0,0
Alcoholic beverages and tobacco,Retail Trade,0,0,3,0.004402959,3,0.004402959
Soft drinks,Retail Trade,0,0,3,0.004402959,3,0.004402959
Textiles,Retail Trade,0,0,0,0,0,0
Clothing,Retail Trade,183,0.2685804860866502,0,0,183,0.2685804860866502
Leather products,Retail Trade,23,0.033756017377010686,0,0,23,0.033756017377010686
Wood products (excl. furniture),Retail Trade,7,0.010273571,0,0,7,0.010273571
Paper products,Retail Trade,90,0.13208876364917224,455,0.6677820828930375,545,0.7998708465422097
Printing and recording services,Retail Trade,0,0,855,1.2548432546671362,855,1.2548432546671362
Coke and refined petroleum products,Retail Trade,17,0.024950099800399198,768,1.1271574498062698,785,1.152107549606669
Paints and coatings,Retail Trade,0,0,0,0,0,0
Soap and detergents,Retail Trade,4,0.005870612,229,0.3360925208406716,233,0.3419631325584126
Other chemical products,Retail Trade,0,0,0,0,0,0
Industrial gases and fertilizers,Retail Trade,0,0,0,0,0,0
Petrochemicals,Retail Trade,0,0,0,0,0,0
Dyestuffs and agro-chemicals,Retail Trade,0,0,0,0,0,0
Pharmaceutical products,Retail Trade,0,0,0,0,0,0
Rubber and plastic products,Retail Trade,154,0.22601855113302807,950,1.3942702829634848,1104,1.620288834096513
Cement and concrete products,Retail Trade,0,0,0,0,0,0
"Glass, ceramic and stone products",Retail Trade,145,0.21280967476811083,24,0.03522367,169,0.24803334507455677
Basic iron and steel,Retail Trade,0,0,0,0,0,0
Other basic metals and casting,Retail Trade,0,0,0,0,0,0
Weapons and ammunition,Retail Trade,0,0,0,0,0,0
Other fabricated metal products,Retail Trade,154,0.22601855113302807,56,0.082188564,210,0.3082071151814019
Computer and electronic products,Retail Trade,175,0.25683926265116824,275,0.40360455559469294,450,0.6604438182458612
Electrical equipment,Retail Trade,238,0.34930139720558884,133,0.19519783961488787,371,0.5444992368204767
Other machinery and equipment,Retail Trade,73,0.10713866384877305,374,0.5489021956087825,447,0.6560408594575555
Motor vehicles,Retail Trade,10,0.014676529294352472,252,0.36984853821768227,262,0.38452506751203475
Ships and boats,Retail Trade,0,0,0,0,0,0
Aircraft and spacecraft products,Retail Trade,0,0,0,0,0,0
Other Transport Equipment,Retail Trade,0,0,0,0,0,0
Furniture,Retail Trade,0,0,0,0,0,0
Other manufactured goods,Retail Trade,12,0.017611835153222965,0,0,12,0.017611835153222965
Ship and boat repair and maintenance,Retail Trade,0,0,0,0,0,0
Air and spacecraft repair and maintenance,Retail Trade,0,0,0,0,0,0
Other repair services,Retail Trade,0,0,1235,1.8125513678525302,1235,1.8125513678525302
Electricity services,Retail Trade,0,0,3242,4.758130797229071,3242,4.758130797229071
"Mains gas, steam and air conditioning services",Retail Trade,0,0,452,0.6633791241047318,452,0.6633791241047318
Water services,Retail Trade,0,0,324,0.4755195491370201,324,0.4755195491370201
Sewerage services,Retail Trade,0,0,126,0.18492426910884113,126,0.18492426910884113
Waste collection and treatment services,Retail Trade,5,0.007338265,474,0.6956674885523072,479,0.7030057531994834
Remediation and waste management services,Retail Trade,0,0,0,0,0,0
Construction services,Retail Trade,0,0,1934,2.838440765527768,1934,2.838440765527768
Motor vehicle trade services,Retail Trade,0,0,1091,1.6012093460138548,1091,1.6012093460138548
Wholesale trade services,Retail Trade,14,0.020547141,1366,2.0048139016085478,1380,2.0253610426206414
Retail trade services,Retail Trade,0,0,525,0.7705177879535048,525,0.7705177879535048
Rail transport services,Retail Trade,0,0,0,0,0,0
Land transport services,Retail Trade,369,0.5415639309616062,5846,8.579899025478454,6215,9.121462956
Water transport services,Retail Trade,0,0,0,0,0,0
Air transport services,Retail Trade,0,0,0,0,0,0
Warehousing services,Retail Trade,6,0.008805918,6328,9.287307737466243,6334,9.296113655042854
Postal and courier services,Retail Trade,26,0.038158976165316424,2893,4.245919925,2919,4.284078901021487
Accommodation services,Retail Trade,0,0,174,0.25537161,174,0.25537161
Food and beverage services,Retail Trade,0,0,337,0.4945990372196783,337,0.4945990372196783
Publishing services,Retail Trade,22,0.032288364447575435,0,0,22,0.032288364447575435
Media Production services,Retail Trade,0,0,0,0,0,0
Telecommunications services,Retail Trade,5,0.007338265,652,0.9569097099917813,657,0.9642479746389575
Computer programming services,Retail Trade,180,0.2641775272983445,3146,4.617236116003288,3326,4.881413643301633
Information services,Retail Trade,39,0.057238464,1431,2.1002113420218387,1470,2.1574498062698133
Financial services (excl. insurance and pensions),Retail Trade,665,0.9759891980744393,1672,2.4539156980157335,2337,3.429904896090173
Insurance and pension services,Retail Trade,70,0.10273570506046731,479,0.7030057531994833,549,0.8057414582599507
Auxiliary financial services,Retail Trade,1,0.001467653,702,1.0302923564635433,703,1.0317600093929786
Real estate services,Retail Trade,0,0,0,0,0,0
Owner-occupier housing services,Retail Trade,0,0,0,0,0,0
Other real estate services,Retail Trade,0,0,6680,9.803921568627452,6680,9.803921568627452
Legal services,Retail Trade,6,0.008805918,625,0.9172830808970295,631,0.926088998
Accounting and tax services,Retail Trade,44,0.064576729,1080,1.585065163790067,1124,1.6496418926852179
Management consulting services,Retail Trade,205,0.30086885053422563,2669,3.917165668662675,2874,4.218034519
Architectural and engineering services,Retail Trade,2,0.002935306,474,0.6956674885523072,476,0.6986027944111777
Scientific research and development services,Retail Trade,0,0,0,0,0,0
Advertising and market research services,Retail Trade,694,1.0185511330280614,7613,11.173241751790536,8307,12.191792884818598
Other scientific and technical services,Retail Trade,0,0,879,1.2900669249735823,879,1.2900669249735823
Veterinary services,Retail Trade,0,0,0,0,0,0
Rental and leasing services,Retail Trade,5,0.007338265,1104,1.620288834096513,1109,1.6276270987436892
Employment services,Retail Trade,16,0.023482446870963954,2120,3.1114242104027237,2136,3.1349066572736874
Travel services,Retail Trade,0,0,19,0.027885406,19,0.027885406
Security services,Retail Trade,0,0,0,0,0,0
Building and landscape services,Retail Trade,0,0,0,0,0,0
Office support services,Retail Trade,1286,1.887401667253728,0,0,1286,1.887401667253728
Public administration services (including defence),Retail Trade,0,0,505,0.7411647293647998,505,0.7411647293647998
Education services,Retail Trade,0,0,0,0,0,0
Health services,Retail Trade,0,0,0,0,0,0
Residential and social care services,Retail Trade,0,0,0,0,0,0
Arts and entertainment services,Retail Trade,0,0,0,0,0,0
Libraries and other cultural services,Retail Trade,0,0,0,0,0,0
Gambling services,Retail Trade,0,0,0,0,0,0
Sports and recreation services,Retail Trade,0,0,0,0,0,0
Membership services,Retail Trade,0,0,4,0.005870612,4,0.005870612
Computer repair services,Retail Trade,0,0,0,0,0,0
Other personal services,Retail Trade,0,0,0,0,0,0
Agriculture products,Rail Transport,0,0,0,0,0,0
Forestry products,Rail Transport,0,0,0,0,0,0
Fishing products,Rail Transport,0,0,0,0,0,0
Coal and lignite,Rail Transport,0,0,0,0,0,0
"Petroleum, natural gas and mining of metal ores",Rail Transport,0,0,0,0,0,0
Other mining products,Rail Transport,0,0,0,0,0,0
Mining support services,Rail Transport,0,0,0,0,0,0
Meat and preserved meat products,Rail Transport,0,0,3,0.028174305033809164,3,0.028174305033809164
"Fish, seafood, fruit and vegetables",Rail Transport,0,0,15,0.14087152516904583,15,0.14087152516904583
Oils and fats,Rail Transport,0,0,0,0,0,0
Dairy products,Rail Transport,0,0,1,0.009391435,1,0.009391435
Grain mill and starch products,Rail Transport,0,0,0,0,0,0
Bakery products,Rail Transport,0,0,2,0.018782870022539446,2,0.018782870022539446
Other food products,Rail Transport,0,0,2,0.018782870022539446,2,0.018782870022539446
Animal feeds,Rail Transport,0,0,0,0,0,0
Alcoholic beverages and tobacco,Rail Transport,0,0,0,0,0,0
Soft drinks,Rail Transport,0,0,0,0,0,0
Textiles,Rail Transport,0,0,0,0,0,0
Clothing,Rail Transport,0,0,1,0.009391435,1,0.009391435
Leather products,Rail Transport,0,0,0,0,0,0
Wood products (excl. furniture),Rail Transport,0,0,0,0,0,0
Paper products,Rail Transport,0,0,3,0.028174305033809164,3,0.028174305033809164
Printing and recording services,Rail Transport,0,0,0,0,0,0
Coke and refined petroleum products,Rail Transport,0,0,419,3.9350112697220134,419,3.9350112697220134
Paints and coatings,Rail Transport,0,0,0,0,0,0
Soap and detergents,Rail Transport,0,0,0,0,0,0
Other chemical products,Rail Transport,0,0,0,0,0,0
Industrial gases and fertilizers,Rail Transport,0,0,0,0,0,0
Petrochemicals,Rail Transport,0,0,0,0,0,0
Dyestuffs and agro-chemicals,Rail Transport,0,0,0,0,0,0
Pharmaceutical products,Rail Transport,0,0,0,0,0,0
Rubber and plastic products,Rail Transport,0,0,11,0.10330578512396695,11,0.10330578512396695
Cement and concrete products,Rail Transport,0,0,1,0.009391435,1,0.009391435
"Glass, ceramic and stone products",Rail Transport,0,0,4,0.03756574,4,0.03756574
Basic iron and steel,Rail Transport,0,0,0,0,0,0
Other basic metals and casting,Rail Transport,0,0,0,0,0,0
Weapons and ammunition,Rail Transport,0,0,0,0,0,0
Other fabricated metal products,Rail Transport,0,0,4,0.03756574,4,0.03756574
Computer and electronic products,Rail Transport,5,0.046957175,0,0,5,0.046957175
Electrical equipment,Rail Transport,0,0,0,0,0,0
Other machinery and equipment,Rail Transport,0,0,22,0.2066115702479339,22,0.2066115702479339
Motor vehicles,Rail Transport,0,0,0,0,0,0
Ships and boats,Rail Transport,0,0,0,0,0,0
Aircraft and spacecraft products,Rail Transport,0,0,0,0,0,0
Other Transport Equipment,Rail Transport,5,0.046957175,277,2.601427498121713,282,2.6483846731780614
Furniture,Rail Transport,0,0,0,0,0,0
Other manufactured goods,Rail Transport,0,0,6,0.05634861,6,0.05634861
Ship and boat repair and maintenance,Rail Transport,0,0,0,0,0,0
Air and spacecraft repair and maintenance,Rail Transport,0,0,0,0,0,0
Other repair services,Rail Transport,0,0,747,7.015401953418482,747,7.015401953418482
Electricity services,Rail Transport,0,0,207,1.9440270473328323,207,1.9440270473328323
"Mains gas, steam and air conditioning services",Rail Transport,0,0,5,0.046957175,5,0.046957175
Water services,Rail Transport,0,0,11,0.10330578512396695,11,0.10330578512396695
Sewerage services,Rail Transport,0,0,1,0.009391435,1,0.009391435
Waste collection and treatment services,Rail Transport,0,0,7,0.065740045,7,0.065740045
Remediation and waste management services,Rail Transport,0,0,0,0,0,0
Construction services,Rail Transport,0,0,7,0.065740045,7,0.065740045
Motor vehicle trade services,Rail Transport,0,0,126,1.1833208114199851,126,1.1833208114199851
Wholesale trade services,Rail Transport,0,0,130,1.220886551465064,130,1.220886551465064
Retail trade services,Rail Transport,0,0,26,0.2441773102930128,26,0.2441773102930128
Rail transport services,Rail Transport,3,0.028174305033809164,2693,25.29113448534936,2696,25.319308790383168
Land transport services,Rail Transport,0,0,196,1.8407212622088653,196,1.8407212622088653
Water transport services,Rail Transport,0,0,0,0,0,0
Air transport services,Rail Transport,0,0,0,0,0,0
Warehousing services,Rail Transport,0,0,1491,14.002629601803154,1491,14.002629601803154
Postal and courier services,Rail Transport,0,0,13,0.1220886551465064,13,0.1220886551465064
Accommodation services,Rail Transport,0,0,4,0.03756574,4,0.03756574
Food and beverage services,Rail Transport,0,0,192,1.8031555221637865,192,1.8031555221637865
Publishing services,Rail Transport,0,0,0,0,0,0
Media Production services,Rail Transport,0,0,0,0,0,0
Telecommunications services,Rail Transport,0,0,41,0.3850488354620586,41,0.3850488354620586
Computer programming services,Rail Transport,0,0,190,1.7843726521412473,190,1.7843726521412473
Information services,Rail Transport,0,0,10,0.09391435,10,0.09391435
Financial services (excl. insurance and pensions),Rail Transport,0,0,130,1.220886551465064,130,1.220886551465064
Insurance and pension services,Rail Transport,0,0,79,0.741923366,79,0.741923366
Auxiliary financial services,Rail Transport,0,0,7,0.065740045,7,0.065740045
Real estate services,Rail Transport,0,0,1,0.009391435,1,0.009391435
Owner-occupier housing services,Rail Transport,0,0,0,0,0,0
Other real estate services,Rail Transport,0,0,0,0,0,0
Legal services,Rail Transport,0,0,16,0.15026296018031557,16,0.15026296018031557
Accounting and tax services,Rail Transport,0,0,88,0.8264462809917356,88,0.8264462809917356
Management consulting services,Rail Transport,0,0,191,1.793764087152517,191,1.793764087152517
Architectural and engineering services,Rail Transport,0,0,596,5.597295266716754,596,5.597295266716754
Scientific research and development services,Rail Transport,0,0,0,0,0,0
Advertising and market research services,Rail Transport,0,0,177,1.6622839969947407,177,1.6622839969947407
Other scientific and technical services,Rail Transport,0,0,7,0.065740045,7,0.065740045
Veterinary services,Rail Transport,0,0,0,0,0,0
Rental and leasing services,Rail Transport,167,1.5683696468820434,1989,18.679564237415477,2156,20.24793388429752
Employment services,Rail Transport,0,0,76,0.7137490608564989,76,0.7137490608564989
Travel services,Rail Transport,0,0,6,0.05634861,6,0.05634861
Security services,Rail Transport,0,0,1,0.009391435,1,0.009391435
Building and landscape services,Rail Transport,0,0,0,0,0,0
Office support services,Rail Transport,0,0,34,0.31930879038317056,34,0.31930879038317056
Public administration services (including defence),Rail Transport,0,0,200,1.8782870022539442,200,1.8782870022539442
Education services,Rail Transport,0,0,2,0.018782870022539446,2,0.018782870022539446
Health services,Rail Transport,0,0,0,0,0,0
Residential and social care services,Rail Transport,0,0,0,0,0,0
Arts and entertainment services,Rail Transport,0,0,0,0,0,0
Libraries and other cultural services,Rail Transport,0,0,0,0,0,0
Gambling services,Rail Transport,0,0,0,0,0,0
Sports and recreation services,Rail Transport,0,0,0,0,0,0
Membership services,Rail Transport,0,0,0,0,0,0
Computer repair services,Rail Transport,0,0,0,0,0,0
Other personal services,Rail Transport,0,0,0,0,0,0
Agriculture products,Land Transport,0,0,0,0,0,0
Forestry products,Land Transport,0,0,0,0,0,0
Fishing products,Land Transport,0,0,0,0,0,0
Coal and lignite,Land Transport,0,0,0,0,0,0
"Petroleum, natural gas and mining of metal ores",Land Transport,7,0.029848200579907898,0,0,7,0.029848200579907898
Other mining products,Land Transport,0,0,0,0,0,0
Mining support services,Land Transport,0,0,0,0,0,0
Meat and preserved meat products,Land Transport,0,0,187,0.797373358,187,0.797373358
"Fish, seafood, fruit and vegetables",Land Transport,1,0.004264029,148,0.6310762408323384,149,0.6353402694866109
Oils and fats,Land Transport,0,0,18,0.076752516,18,0.076752516
Dairy products,Land Transport,3,0.012792085962817671,92,0.3922906361930752,95,0.40508272215589286
Grain mill and starch products,Land Transport,0,0,0,0,0,0
Bakery products,Land Transport,0,0,244,1.0404229916425038,244,1.0404229916425038
Other food products,Land Transport,1,0.004264029,81,0.34538632099607713,82,0.3496503496503497
Animal feeds,Land Transport,0,0,0,0,0,0
Alcoholic beverages and tobacco,Land Transport,0,0,0,0,0,0
Soft drinks,Land Transport,0,0,0,0,0,0
Textiles,Land Transport,0,0,0,0,0,0
Clothing,Land Transport,0,0,0,0,0,0
Leather products,Land Transport,0,0,0,0,0,0
Wood products (excl. furniture),Land Transport,0,0,0,0,0,0
Paper products,Land Transport,2,0.008528057,122,0.5202114958212519,124,0.528739553
Printing and recording services,Land Transport,0,0,0,0,0,0
Coke and refined petroleum products,Land Transport,2304,9.824322019,757,3.2278696912843254,3061,13.052191710728296
Paints and coatings,Land Transport,0,0,0,0,0,0
Soap and detergents,Land Transport,0,0,0,0,0,0
Other chemical products,Land Transport,0,0,0,0,0,0
Industrial gases and fertilizers,Land Transport,0,0,0,0,0,0
Petrochemicals,Land Transport,0,0,0,0,0,0
Dyestuffs and agro-chemicals,Land Transport,0,0,0,0,0,0
Pharmaceutical products,Land Transport,0,0,0,0,0,0
Rubber and plastic products,Land Transport,17,0.072488487,414,1.7653078628688386,431,1.837796349991472
Cement and concrete products,Land Transport,0,0,0,0,0,0
"Glass, ceramic and stone products",Land Transport,0,0,0,0,0,0
Basic iron and steel,Land Transport,0,0,0,0,0,0
Other basic metals and casting,Land Transport,0,0,0,0,0,0
Weapons and ammunition,Land Transport,0,0,0,0,0,0
Other fabricated metal products,Land Transport,0,0,0,0,0,0
Computer and electronic products,Land Transport,35,0.14924100289953948,65,0.2771618625277162,100,0.4264028654272557
Electrical equipment,Land Transport,10,0.042640286542725565,13,0.055432373,23,0.098072659
Other machinery and equipment,Land Transport,0,0,0,0,0,0
Motor vehicles,Land Transport,4,0.017056114617090227,1026,4.374893399283644,1030,4.391949513900734
Ships and boats,Land Transport,0,0,0,0,0,0
Aircraft and spacecraft products,Land Transport,0,0,0,0,0,0
Other Transport Equipment,Land Transport,0,0,0,0,0,0
Furniture,Land Transport,0,0,0,0,0,0
Other manufactured goods,Land Transport,0,0,55,0.23452157598499063,55,0.23452157598499063
Ship and boat repair and maintenance,Land Transport,0,0,0,0,0,0
Air and spacecraft repair and maintenance,Land Transport,0,0,0,0,0,0
Other repair services,Land Transport,0,0,144,0.6140201262152482,144,0.6140201262152482
Electricity services,Land Transport,0,0,137,0.5841719256353403,137,0.5841719256353403
"Mains gas, steam and air conditioning services",Land Transport,0,0,19,0.081016544,19,0.081016544
Water services,Land Transport,0,0,32,0.13644891693672181,32,0.13644891693672181
Sewerage services,Land Transport,0,0,35,0.14924100289953948,35,0.14924100289953948
Waste collection and treatment services,Land Transport,2,0.008528057,303,1.2920006822445846,305,1.3005287395531298
Remediation and waste management services,Land Transport,0,0,0,0,0,0
Construction services,Land Transport,0,0,26,0.11086474501108648,26,0.11086474501108648
Motor vehicle trade services,Land Transport,0,0,1663,7.091079652055261,1663,7.091079652055261
Wholesale trade services,Land Transport,0,0,709,3.0231963158792428,709,3.0231963158792428
Retail trade services,Land Transport,0,0,229,0.9764625618284155,229,0.9764625618284155
Rail transport services,Land Transport,0,0,0,0,0,0
Land transport services,Land Transport,448,1.9102848371141055,4621,19.704076411393483,5069,21.61436124850759
Water transport services,Land Transport,0,0,0,0,0,0
Air transport services,Land Transport,0,0,0,0,0,0
Warehousing services,Land Transport,5,0.021320143271362783,803,3.424015009380863,808,3.445335152652226
Postal and courier services,Land Transport,0,0,398,1.6970834044004777,398,1.6970834044004777
Accommodation services,Land Transport,0,0,11,0.046904315,11,0.046904315
Food and beverage services,Land Transport,0,0,21,0.089544602,21,0.089544602
Publishing services,Land Transport,0,0,0,0,0,0
Media Production services,Land Transport,0,0,0,0,0,0
Telecommunications services,Land Transport,0,0,154,0.6566604127579738,154,0.6566604127579738
Computer programming services,Land Transport,0,0,278,1.1853999658877707,278,1.1853999658877707
Information services,Land Transport,0,0,10,0.042640286542725565,10,0.042640286542725565
Financial services (excl. insurance and pensions),Land Transport,0,0,720,3.0701006310762406,720,3.0701006310762406
Insurance and pension services,Land Transport,72,0.3070100631076241,154,0.6566604127579738,226,0.9636704758655978
Auxiliary financial services,Land Transport,0,0,22,0.09380863,22,0.09380863
Real estate services,Land Transport,0,0,0,0,0,0
Owner-occupier housing services,Land Transport,0,0,0,0,0,0
Other real estate services,Land Transport,0,0,392,1.6714992324748423,392,1.6714992324748423
Legal services,Land Transport,0,0,52,0.22172949002217296,52,0.22172949002217296
Accounting and tax services,Land Transport,0,0,119,0.5074194098584343,119,0.5074194098584343
Management consulting services,Land Transport,0,0,268,1.1427596793450452,268,1.1427596793450452
Architectural and engineering services,Land Transport,0,0,31,0.13218488828244926,31,0.13218488828244926
Scientific research and development services,Land Transport,0,0,0,0,0,0
Advertising and market research services,Land Transport,0,0,66,0.28142589118198874,66,0.28142589118198874
Other scientific and technical services,Land Transport,0,0,193,0.8229575302746034,193,0.8229575302746034
Veterinary services,Land Transport,0,0,0,0,0,0
Rental and leasing services,Land Transport,342,1.4582977997612145,620,2.643697765648985,962,4.101995565410199
Employment services,Land Transport,0,0,1435,6.118881118881119,1435,6.118881118881119
Travel services,Land Transport,0,0,13,0.055432373,13,0.055432373
Security services,Land Transport,0,0,0,0,0,0
Building and landscape services,Land Transport,0,0,86,0.36670646426743986,86,0.36670646426743986
Office support services,Land Transport,13,0.055432373,268,1.1427596793450452,281,1.1981920518505884
Public administration services (including defence),Land Transport,126,0.5372676104383421,2795,11.917960088691796,2921,12.455227699130138
Education services,Land Transport,0,0,11,0.046904315,11,0.046904315
Health services,Land Transport,0,0,0,0,0,0
Residential and social care services,Land Transport,0,0,0,0,0,0
Arts and entertainment services,Land Transport,0,0,0,0,0,0
Libraries and other cultural services,Land Transport,0,0,0,0,0,0
Gambling services,Land Transport,0,0,0,0,0,0
Sports and recreation services,Land Transport,0,0,0,0,0,0
Membership services,Land Transport,0,0,0,0,0,0
Computer repair services,Land Transport,0,0,0,0,0,0
Other personal services,Land Transport,0,0,0,0,0,0
Agriculture products,Water Transport,0,0,0,0,0,0
Forestry products,Water Transport,0,0,0,0,0,0
Fishing products,Water Transport,0,0,0,0,0,0
Coal and lignite,Water Transport,0,0,0,0,0,0
"Petroleum, natural gas and mining of metal ores",Water Transport,0,0,1,0.014990256333383302,1,0.014990256333383302
Other mining products,Water Transport,0,0,0,0,0,0
Mining support services,Water Transport,0,0,0,0,0,0
Meat and preserved meat products,Water Transport,0,0,10,0.149902563,10,0.149902563
"Fish, seafood, fruit and vegetables",Water Transport,5,0.074951282,0,0,5,0.074951282
Oils and fats,Water Transport,0,0,2,0.029980512666766605,2,0.029980512666766605
Dairy products,Water Transport,0,0,9,0.1349123070004497,9,0.1349123070004497
Grain mill and starch products,Water Transport,0,0,0,0,0,0
Bakery products,Water Transport,0,0,9,0.1349123070004497,9,0.1349123070004497
Other food products,Water Transport,3,0.044970769,0,0,3,0.044970769
Animal feeds,Water Transport,0,0,0,0,0,0
Alcoholic beverages and tobacco,Water Transport,0,0,3,0.044970769,3,0.044970769
Soft drinks,Water Transport,0,0,3,0.044970769,3,0.044970769
Textiles,Water Transport,0,0,0,0,0,0
Clothing,Water Transport,0,0,0,0,0,0
Leather products,Water Transport,0,0,0,0,0,0
Wood products (excl. furniture),Water Transport,0,0,0,0,0,0
Paper products,Water Transport,0,0,3,0.044970769,3,0.044970769
Printing and recording services,Water Transport,0,0,0,0,0,0
Coke and refined petroleum products,Water Transport,0,0,348,5.216609204017389,348,5.216609204017389
Paints and coatings,Water Transport,0,0,0,0,0,0
Soap and detergents,Water Transport,0,0,0,0,0,0
Other chemical products,Water Transport,0,0,0,0,0,0
Industrial gases and fertilizers,Water Transport,0,0,0,0,0,0
Petrochemicals,Water Transport,0,0,0,0,0,0
Dyestuffs and agro-chemicals,Water Transport,0,0,0,0,0,0
Pharmaceutical products,Water Transport,0,0,0,0,0,0
Rubber and plastic products,Water Transport,0,0,0,0,0,0
Cement and concrete products,Water Transport,0,0,0,0,0,0
"Glass, ceramic and stone products",Water Transport,0,0,0,0,0,0
Basic iron and steel,Water Transport,0,0,0,0,0,0
Other basic metals and casting,Water Transport,0,0,0,0,0,0
Weapons and ammunition,Water Transport,0,0,0,0,0,0
Other fabricated metal products,Water Transport,0,0,0,0,0,0
Computer and electronic products,Water Transport,3,0.044970769,8,0.11992205066706642,11,0.1648928196672163
Electrical equipment,Water Transport,0,0,0,0,0,0
Other machinery and equipment,Water Transport,2,0.029980512666766605,0,0,2,0.029980512666766605
Motor vehicles,Water Transport,0,0,0,0,0,0
Ships and boats,Water Transport,0,0,172,2.578324089341928,172,2.578324089341928
Aircraft and spacecraft products,Water Transport,0,0,0,0,0,0
Other Transport Equipment,Water Transport,0,0,0,0,0,0
Furniture,Water Transport,0,0,0,0,0,0
Other manufactured goods,Water Transport,0,0,47,0.7045420476690151,47,0.7045420476690151
Ship and boat repair and maintenance,Water Transport,74,1.1092789686703641,152,2.2785189626742617,226,3.387797931344626
Air and spacecraft repair and maintenance,Water Transport,0,0,0,0,0,0
Other repair services,Water Transport,0,0,15,0.22485384500074954,15,0.22485384500074954
Electricity services,Water Transport,0,0,7,0.1049317943336831,7,0.1049317943336831
"Mains gas, steam and air conditioning services",Water Transport,0,0,5,0.074951282,5,0.074951282
Water services,Water Transport,0,0,13,0.1948733323339829,13,0.1948733323339829
Sewerage services,Water Transport,0,0,0,0,0,0
Waste collection and treatment services,Water Transport,0,0,14,0.2098635886673662,14,0.2098635886673662
Remediation and waste management services,Water Transport,0,0,0,0,0,0
Construction services,Water Transport,0,0,2,0.029980512666766605,2,0.029980512666766605
Motor vehicle trade services,Water Transport,0,0,3,0.044970769,3,0.044970769
Wholesale trade services,Water Transport,0,0,123,1.843801529006146,123,1.843801529006146
Retail trade services,Water Transport,0,0,37,0.5546394843351821,37,0.5546394843351821
Rail transport services,Water Transport,0,0,0,0,0,0
Land transport services,Water Transport,0,0,5,0.074951282,5,0.074951282
Water transport services,Water Transport,397,5.951131764,661,9.908559436366362,1058,15.859691200719531
Air transport services,Water Transport,0,0,10,0.149902563,10,0.149902563
Warehousing services,Water Transport,385,5.771248688352571,1184,17.748463498725826,1569,23.519712187078397
Postal and courier services,Water Transport,0,0,4,0.059961025,4,0.059961025
Accommodation services,Water Transport,0,0,0,0,0,0
Food and beverage services,Water Transport,20,0.299805127,9,0.1349123070004497,29,0.4347174336681157
Publishing services,Water Transport,0,0,0,0,0,0
Media Production services,Water Transport,0,0,0,0,0,0
Telecommunications services,Water Transport,0,0,83,1.244191275670814,83,1.244191275670814
Computer programming services,Water Transport,0,0,138,2.0686553740068954,138,2.0686553740068954
Information services,Water Transport,0,0,0,0,0,0
Financial services (excl. insurance and pensions),Water Transport,0,0,205,3.073002548343577,205,3.073002548343577
Insurance and pension services,Water Transport,24,0.3597661520011992,27,0.4047369210013491,51,0.7645030730025484
Auxiliary financial services,Water Transport,0,0,616,9.233997901364113,616,9.233997901364113
Real estate services,Water Transport,0,0,0,0,0,0
Owner-occupier housing services,Water Transport,0,0,0,0,0,0
Other real estate services,Water Transport,0,0,29,0.43471743366811577,29,0.43471743366811577
Legal services,Water Transport,0,0,15,0.22485384500074954,15,0.22485384500074954
Accounting and tax services,Water Transport,0,0,18,0.2698246140008994,18,0.2698246140008994
Management consulting services,Water Transport,0,0,36,0.5396492280017988,36,0.5396492280017988
Architectural and engineering services,Water Transport,0,0,14,0.2098635886673662,14,0.2098635886673662
Scientific research and development services,Water Transport,0,0,0,0,0,0
Advertising and market research services,Water Transport,0,0,46,0.6895517913356318,46,0.6895517913356318
Other scientific and technical services,Water Transport,0,0,31,0.4646979463348824,31,0.4646979463348824
Veterinary services,Water Transport,0,0,0,0,0,0
Rental and leasing services,Water Transport,0,0,569,8.529455853695097,569,8.529455853695097
Employment services,Water Transport,0,0,276,4.137310748013791,276,4.137310748013791
Travel services,Water Transport,0,0,767,11.497526607704991,767,11.497526607704991
Security services,Water Transport,0,0,2,0.029980512666766605,2,0.029980512666766605
Building and landscape services,Water Transport,0,0,0,0,0,0
Office support services,Water Transport,0,0,0,0,0,0
Public administration services (including defence),Water Transport,0,0,22,0.3297856393344326,22,0.3297856393344326
Education services,Water Transport,0,0,5,0.074951282,5,0.074951282
Health services,Water Transport,0,0,0,0,0,0
Residential and social care services,Water Transport,0,0,0,0,0,0
Arts and entertainment services,Water Transport,0,0,0,0,0,0
Libraries and other cultural services,Water Transport,0,0,0,0,0,0
Gambling services,Water Transport,0,0,0,0,0,0
Sports and recreation services,Water Transport,0,0,0,0,0,0
Membership services,Water Transport,0,0,0,0,0,0
Computer repair services,Water Transport,0,0,0,0,0,0
Other personal services,Water Transport,0,0,0,0,0,0
Agriculture products,Air Transport,0,0,0,0,0,0
Forestry products,Air Transport,0,0,0,0,0,0
Fishing products,Air Transport,0,0,0,0,0,0
Coal and lignite,Air Transport,0,0,0,0,0,0
"Petroleum, natural gas and mining of metal ores",Air Transport,0,0,0,0,0,0
Other mining products,Air Transport,0,0,0,0,0,0
Mining support services,Air Transport,0,0,0,0,0,0
Meat and preserved meat products,Air Transport,0,0,1,0.016672224,1,0.016672224
"Fish, seafood, fruit and vegetables",Air Transport,0,0,0,0,0,0
Oils and fats,Air Transport,0,0,0,0,0,0
Dairy products,Air Transport,0,0,1,0.016672224,1,0.016672224
Grain mill and starch products,Air Transport,0,0,0,0,0,0
Bakery products,Air Transport,0,0,3,0.050016672224074694,3,0.050016672224074694
Other food products,Air Transport,0,0,1,0.016672224,1,0.016672224
Animal feeds,Air Transport,0,0,0,0,0,0
Alcoholic beverages and tobacco,Air Transport,0,0,0,0,0,0
Soft drinks,Air Transport,0,0,0,0,0,0
Textiles,Air Transport,0,0,0,0,0,0
Clothing,Air Transport,0,0,0,0,0,0
Leather products,Air Transport,0,0,0,0,0,0
Wood products (excl. furniture),Air Transport,0,0,0,0,0,0
Paper products,Air Transport,1,0.016672224,7,0.11670556852284096,8,0.13337779259753252
Printing and recording services,Air Transport,0,0,0,0,0,0
Coke and refined petroleum products,Air Transport,1288,21.473824608202737,0,0,1288,21.473824608202737
Paints and coatings,Air Transport,0,0,0,0,0,0
Soap and detergents,Air Transport,0,0,0,0,0,0
Other chemical products,Air Transport,0,0,0,0,0,0
Industrial gases and fertilizers,Air Transport,0,0,0,0,0,0
Petrochemicals,Air Transport,0,0,0,0,0,0
Dyestuffs and agro-chemicals,Air Transport,0,0,0,0,0,0
Pharmaceutical products,Air Transport,0,0,0,0,0,0
Rubber and plastic products,Air Transport,0,0,0,0,0,0
Cement and concrete products,Air Transport,0,0,0,0,0,0
"Glass, ceramic and stone products",Air Transport,0,0,0,0,0,0
Basic iron and steel,Air Transport,0,0,0,0,0,0
Other basic metals and casting,Air Transport,0,0,0,0,0,0
Weapons and ammunition,Air Transport,0,0,0,0,0,0
Other fabricated metal products,Air Transport,0,0,0,0,0,0
Computer and electronic products,Air Transport,0,0,2,0.033344448,2,0.033344448
Electrical equipment,Air Transport,0,0,0,0,0,0
Other machinery and equipment,Air Transport,0,0,0,0,0,0
Motor vehicles,Air Transport,0,0,0,0,0,0
Ships and boats,Air Transport,0,0,0,0,0,0
Aircraft and spacecraft products,Air Transport,127,2.117372457485829,0,0,127,2.117372457485829
Other Transport Equipment,Air Transport,0,0,0,0,0,0
Furniture,Air Transport,0,0,0,0,0,0
Other manufactured goods,Air Transport,0,0,1,0.016672224,1,0.016672224
Ship and boat repair and maintenance,Air Transport,0,0,0,0,0,0
Air and spacecraft repair and maintenance,Air Transport,660,11.003667889296432,417,6.952317439146382,1077,17.955985328442814
Other repair services,Air Transport,0,0,2,0.033344448,2,0.033344448
Electricity services,Air Transport,0,0,7,0.11670556852284096,7,0.11670556852284096
"Mains gas, steam and air conditioning services",Air Transport,0,0,9,0.15005001667222406,9,0.15005001667222406
Water services,Air Transport,0,0,2,0.033344448,2,0.033344448
Sewerage services,Air Transport,0,0,1,0.016672224,1,0.016672224
Waste collection and treatment services,Air Transport,0,0,2,0.033344448,2,0.033344448
Remediation and waste management services,Air Transport,0,0,0,0,0,0
Construction services,Air Transport,0,0,0,0,0,0
Motor vehicle trade services,Air Transport,0,0,1,0.016672224,1,0.016672224
Wholesale trade services,Air Transport,0,0,170,2.834278092697566,170,2.834278092697566
Retail trade services,Air Transport,0,0,20,0.33344448149383127,20,0.33344448149383127
Rail transport services,Air Transport,1,0.016672224,18,0.3001000333444481,19,0.31677225741913967
Land transport services,Air Transport,23,0.383461154,1,0.016672224,24,0.40013337779259756
Water transport services,Air Transport,0,0,0,0,0,0
Air transport services,Air Transport,371,6.185395132,614,10.236745581860621,985,16.422140713571192
Warehousing services,Air Transport,71,1.183727909303101,0,0,71,1.183727909303101
Postal and courier services,Air Transport,1,0.016672224,0,0,1,0.016672224
Accommodation services,Air Transport,66,1.1003667889296431,101,1.6838946315438479,167,2.784261420473491
Food and beverage services,Air Transport,48,0.8002667555851951,50,0.8336112037345782,98,1.6338779593197734
Publishing services,Air Transport,0,0,0,0,0,0
Media Production services,Air Transport,2,0.033344448,0,0,2,0.033344448
Telecommunications services,Air Transport,7,0.11670556852284096,6,0.10003334444814939,13,0.21673891297099035
Computer programming services,Air Transport,0,0,35,0.5835278426142048,35,0.5835278426142048
Information services,Air Transport,0,0,5,0.08336112,5,0.08336112
Financial services (excl. insurance and pensions),Air Transport,0,0,296,4.934978326108703,296,4.934978326108703
Insurance and pension services,Air Transport,102,1.7005668556185394,13,0.21673891297099035,115,1.9173057685895296
Auxiliary financial services,Air Transport,0,0,432,7.202400800266756,432,7.202400800266756
Real estate services,Air Transport,0,0,0,0,0,0
Owner-occupier housing services,Air Transport,0,0,0,0,0,0
Other real estate services,Air Transport,0,0,173,2.884294764921641,173,2.884294764921641
Legal services,Air Transport,0,0,16,0.266755585,16,0.266755585
Accounting and tax services,Air Transport,0,0,13,0.21673891297099035,13,0.21673891297099035
Management consulting services,Air Transport,0,0,33,0.5501833944648216,33,0.5501833944648216
Architectural and engineering services,Air Transport,0,0,5,0.08336112,5,0.08336112
Scientific research and development services,Air Transport,0,0,0,0,0,0
Advertising and market research services,Air Transport,27,0.45015005001667224,29,0.4834944981660554,56,0.9336445481827276
Other scientific and technical services,Air Transport,0,0,1,0.016672224,1,0.016672224
Veterinary services,Air Transport,0,0,0,0,0,0
Rental and leasing services,Air Transport,281,4.684894964988329,231,3.8512837612537516,512,8.536178726242081
Employment services,Air Transport,0,0,6,0.10003334444814939,6,0.10003334444814939
Travel services,Air Transport,0,0,27,0.45015005001667224,27,0.45015005001667224
Security services,Air Transport,0,0,5,0.08336112,5,0.08336112
Building and landscape services,Air Transport,0,0,95,1.5838612870956985,95,1.5838612870956985
Office support services,Air Transport,0,0,18,0.3001000333444481,18,0.3001000333444481
Public administration services (including defence),Air Transport,0,0,47,0.7835945315105034,47,0.7835945315105034
Education services,Air Transport,4,0.066688896,0,0,4,0.066688896
Health services,Air Transport,0,0,0,0,0,0
Residential and social care services,Air Transport,0,0,0,0,0,0
Arts and entertainment services,Air Transport,0,0,0,0,0,0
Libraries and other cultural services,Air Transport,0,0,0,0,0,0
Gambling services,Air Transport,0,0,0,0,0,0
Sports and recreation services,Air Transport,0,0,0,0,0,0
Membership services,Air Transport,0,0,1,0.016672224,1,0.016672224
Computer repair services,Air Transport,0,0,0,0,0,0
Other personal services,Air Transport,0,0,0,0,0,0
Agriculture products,Warehousing and Support Activities,0,0,0,0,0,0
Forestry products,Warehousing and Support Activities,0,0,0,0,0,0
Fishing products,Warehousing and Support Activities,0,0,0,0,0,0
Coal and lignite,Warehousing and Support Activities,0,0,0,0,0,0
"Petroleum, natural gas and mining of metal ores",Warehousing and Support Activities,5,0.016528926,0,0,5,0.016528926
Other mining products,Warehousing and Support Activities,3,0.009917355,3,0.009917355,6,0.019834711
Mining support services,Warehousing and Support Activities,0,0,0,0,0,0
Meat and preserved meat products,Warehousing and Support Activities,1,0.003305785,227,0.7504132231404959,228,0.7537190082644628
"Fish, seafood, fruit and vegetables",Warehousing and Support Activities,1,0.003305785,201,0.6644628099173554,202,0.6677685950413224
Oils and fats,Warehousing and Support Activities,22,0.072727273,0,0,22,0.072727273
Dairy products,Warehousing and Support Activities,3,0.009917355,109,0.3603305785123967,112,0.3702479338842975
Grain mill and starch products,Warehousing and Support Activities,0,0,0,0,0,0
Bakery products,Warehousing and Support Activities,0,0,280,0.9256198347107438,280,0.9256198347107438
Other food products,Warehousing and Support Activities,10,0.033057851,109,0.3603305785123967,119,0.3933884297520661
Animal feeds,Warehousing and Support Activities,0,0,0,0,0,0
Alcoholic beverages and tobacco,Warehousing and Support Activities,1,0.003305785,1,0.003305785,2,0.00661157
Soft drinks,Warehousing and Support Activities,0,0,3,0.009917355,3,0.009917355
Textiles,Warehousing and Support Activities,0,0,0,0,0,0
Clothing,Warehousing and Support Activities,0,0,0,0,0,0
Leather products,Warehousing and Support Activities,0,0,0,0,0,0
Wood products (excl. furniture),Warehousing and Support Activities,2,0.00661157,0,0,2,0.00661157
Paper products,Warehousing and Support Activities,19,0.062809917,204,0.6743801652892562,223,0.737190083
Printing and recording services,Warehousing and Support Activities,0,0,10,0.033057851,10,0.033057851
Coke and refined petroleum products,Warehousing and Support Activities,150,0.49586776859504134,492,1.6264462809917355,642,2.1223140495867767
Paints and coatings,Warehousing and Support Activities,0,0,0,0,0,0
Soap and detergents,Warehousing and Support Activities,0,0,0,0,0,0
Other chemical products,Warehousing and Support Activities,4,0.013223140495867768,0,0,4,0.013223140495867768
Industrial gases and fertilizers,Warehousing and Support Activities,0,0,0,0,0,0
Petrochemicals,Warehousing and Support Activities,1,0.003305785,2,0.00661157,3,0.009917355
Dyestuffs and agro-chemicals,Warehousing and Support Activities,0,0,0,0,0,0
Pharmaceutical products,Warehousing and Support Activities,0,0,0,0,0,0
Rubber and plastic products,Warehousing and Support Activities,116,0.3834710743801653,123,0.4066115702479339,239,0.7900826446280992
Cement and concrete products,Warehousing and Support Activities,0,0,0,0,0,0
"Glass, ceramic and stone products",Warehousing and Support Activities,3,0.009917355,0,0,3,0.009917355
Basic iron and steel,Warehousing and Support Activities,0,0,0,0,0,0
Other basic metals and casting,Warehousing and Support Activities,0,0,0,0,0,0
Weapons and ammunition,Warehousing and Support Activities,0,0,0,0,0,0
Other fabricated metal products,Warehousing and Support Activities,4,0.013223140495867768,0,0,4,0.013223140495867768
Computer and electronic products,Warehousing and Support Activities,177,0.5851239669421487,210,0.6942148760330579,387,1.2793388429752066
Electrical equipment,Warehousing and Support Activities,4,0.013223140495867768,0,0,4,0.013223140495867768
Other machinery and equipment,Warehousing and Support Activities,57,0.1884297520661157,0,0,57,0.1884297520661157
Motor vehicles,Warehousing and Support Activities,140,0.4628099173553719,258,0.8528925619834711,398,1.315702479338843
Ships and boats,Warehousing and Support Activities,0,0,0,0,0,0
Aircraft and spacecraft products,Warehousing and Support Activities,0,0,0,0,0,0
Other Transport Equipment,Warehousing and Support Activities,0,0,0,0,0,0
Furniture,Warehousing and Support Activities,0,0,0,0,0,0
Other manufactured goods,Warehousing and Support Activities,10,0.033057851,52,0.171900826,62,0.2049586776859504
Ship and boat repair and maintenance,Warehousing and Support Activities,4,0.013223140495867768,0,0,4,0.013223140495867768
Air and spacecraft repair and maintenance,Warehousing and Support Activities,5,0.016528926,0,0,5,0.016528926
Other repair services,Warehousing and Support Activities,0,0,653,2.1586776859504133,653,2.1586776859504133
Electricity services,Warehousing and Support Activities,0,0,501,1.656198347107438,501,1.656198347107438
"Mains gas, steam and air conditioning services",Warehousing and Support Activities,0,0,68,0.22479338842975208,68,0.22479338842975208
Water services,Warehousing and Support Activities,0,0,54,0.17851239669421487,54,0.17851239669421487
Sewerage services,Warehousing and Support Activities,0,0,14,0.046280992,14,0.046280992
Waste collection and treatment services,Warehousing and Support Activities,1,0.003305785,134,0.44297520661157025,135,0.4462809917355372
Remediation and waste management services,Warehousing and Support Activities,0,0,0,0,0,0
Construction services,Warehousing and Support Activities,0,0,353,1.1669421487603306,353,1.1669421487603306
Motor vehicle trade services,Warehousing and Support Activities,0,0,268,0.8859504132231405,268,0.8859504132231405
Wholesale trade services,Warehousing and Support Activities,0,0,583,1.927272727272727,583,1.927272727272727
Retail trade services,Warehousing and Support Activities,0,0,195,0.6446280991735537,195,0.6446280991735537
Rail transport services,Warehousing and Support Activities,0,0,5,0.016528926,5,0.016528926
Land transport services,Warehousing and Support Activities,592,1.957024793,1217,4.023140495867769,1809,5.980165289256199
Water transport services,Warehousing and Support Activities,1947,6.436363636363636,151,0.4991735537190083,2098,6.935537190082644
Air transport services,Warehousing and Support Activities,635,2.099173553719008,1166,3.854545454545454,1801,5.953719008264462
Warehousing services,Warehousing and Support Activities,683,2.2578512396694213,8110,26.809917355371898,8793,29.06776859504132
Postal and courier services,Warehousing and Support Activities,4,0.013223140495867768,145,0.4793388429752066,149,0.4925619834710744
Accommodation services,Warehousing and Support Activities,40,0.1322314049586777,0,0,40,0.1322314049586777
Food and beverage services,Warehousing and Support Activities,60,0.19834710743801653,6,0.019834711,66,0.2181818181818182
Publishing services,Warehousing and Support Activities,5,0.016528926,0,0,5,0.016528926
Media Production services,Warehousing and Support Activities,0,0,0,0,0,0
Telecommunications services,Warehousing and Support Activities,5,0.016528926,260,0.859504132,265,0.8760330578512396
Computer programming services,Warehousing and Support Activities,0,0,741,2.4495867768595043,741,2.4495867768595043
Information services,Warehousing and Support Activities,0,0,111,0.3669421487603306,111,0.3669421487603306
Financial services (excl. insurance and pensions),Warehousing and Support Activities,0,0,1136,3.7553719008264466,1136,3.7553719008264466
Insurance and pension services,Warehousing and Support Activities,0,0,234,0.7735537190082644,234,0.7735537190082644
Auxiliary financial services,Warehousing and Support Activities,0,0,156,0.5157024793388431,156,0.5157024793388431
Real estate services,Warehousing and Support Activities,0,0,0,0,0,0
Owner-occupier housing services,Warehousing and Support Activities,0,0,0,0,0,0
Other real estate services,Warehousing and Support Activities,0,0,1325,4.380165289256198,1325,4.380165289256198
Legal services,Warehousing and Support Activities,0,0,152,0.5024793388429752,152,0.5024793388429752
Accounting and tax services,Warehousing and Support Activities,0,0,192,0.6347107438016528,192,0.6347107438016528
Management consulting services,Warehousing and Support Activities,0,0,299,0.9884297520661157,299,0.9884297520661157
Architectural and engineering services,Warehousing and Support Activities,0,0,165,0.5454545454545455,165,0.5454545454545455
Scientific research and development services,Warehousing and Support Activities,0,0,0,0,0,0
Advertising and market research services,Warehousing and Support Activities,23,0.076033058,281,0.9289256198347107,304,1.0049586776859503
Other scientific and technical services,Warehousing and Support Activities,0,0,95,0.3140495867768595,95,0.3140495867768595
Veterinary services,Warehousing and Support Activities,0,0,0,0,0,0
Rental and leasing services,Warehousing and Support Activities,259,0.8561983471074379,960,3.1735537190082646,1219,4.0297520661157025
Employment services,Warehousing and Support Activities,0,0,1783,5.8942148760330575,1783,5.8942148760330575
Travel services,Warehousing and Support Activities,0,0,80,0.2644628099173554,80,0.2644628099173554
Security services,Warehousing and Support Activities,0,0,9,0.029752066,9,0.029752066
Building and landscape services,Warehousing and Support Activities,0,0,268,0.8859504132231405,268,0.8859504132231405
Office support services,Warehousing and Support Activities,0,0,971,3.209917355371901,971,3.209917355371901
Public administration services (including defence),Warehousing and Support Activities,0,0,41,0.13553719008264464,41,0.13553719008264464
Education services,Warehousing and Support Activities,6,0.019834711,63,0.20826446280991737,69,0.228099174
Health services,Warehousing and Support Activities,0,0,0,0,0,0
Residential and social care services,Warehousing and Support Activities,0,0,0,0,0,0
Arts and entertainment services,Warehousing and Support Activities,0,0,0,0,0,0
Libraries and other cultural services,Warehousing and Support Activities,0,0,0,0,0,0
Gambling services,Warehousing and Support Activities,0,0,0,0,0,0
Sports and recreation services,Warehousing and Support Activities,0,0,0,0,0,0
Membership services,Warehousing and Support Activities,0,0,14,0.046280992,14,0.046280992
Computer repair services,Warehousing and Support Activities,0,0,1,0.003305785,1,0.003305785
Other personal services,Warehousing and Support Activities,3,0.009917355,1,0.003305785,4,0.013223140495867768
Agriculture products,Postal and Courier Activities,0,0,0,0,0,0
Forestry products,Postal and Courier Activities,0,0,0,0,0,0
Fishing products,Postal and Courier Activities,0,0,0,0,0,0
Coal and lignite,Postal and Courier Activities,0,0,0,0,0,0
"Petroleum, natural gas and mining of metal ores",Postal and Courier Activities,0,0,0,0,0,0
Other mining products,Postal and Courier Activities,0,0,0,0,0,0
Mining support services,Postal and Courier Activities,0,0,0,0,0,0
Meat and preserved meat products,Postal and Courier Activities,0,0,26,0.22020835097823324,26,0.22020835097823324
"Fish, seafood, fruit and vegetables",Postal and Courier Activities,0,0,14,0.11857372744981791,14,0.11857372744981791
Oils and fats,Postal and Courier Activities,0,0,3,0.025408655882103837,3,0.025408655882103837
Dairy products,Postal and Courier Activities,0,0,15,0.12704327941051918,15,0.12704327941051918
Grain mill and starch products,Postal and Courier Activities,0,0,0,0,0,0
Bakery products,Postal and Courier Activities,0,0,22,0.18633014313542814,22,0.18633014313542814
Other food products,Postal and Courier Activities,0,0,8,0.067756416,8,0.067756416
Animal feeds,Postal and Courier Activities,0,0,0,0,0,0
Alcoholic beverages and tobacco,Postal and Courier Activities,0,0,1,0.008469552,1,0.008469552
Soft drinks,Postal and Courier Activities,0,0,1,0.008469552,1,0.008469552
Textiles,Postal and Courier Activities,0,0,0,0,0,0
Clothing,Postal and Courier Activities,0,0,1,0.008469552,1,0.008469552
Leather products,Postal and Courier Activities,0,0,0,0,0,0
Wood products (excl. furniture),Postal and Courier Activities,0,0,0,0,0,0
Paper products,Postal and Courier Activities,3,0.025408655882103837,162,1.3720674176336072,165,1.397476073515711
Printing and recording services,Postal and Courier Activities,0,0,4,0.033878208,4,0.033878208
Coke and refined petroleum products,Postal and Courier Activities,0,0,381,3.2268992970271873,381,3.2268992970271873
Paints and coatings,Postal and Courier Activities,0,0,0,0,0,0
Soap and detergents,Postal and Courier Activities,0,0,0,0,0,0
Other chemical products,Postal and Courier Activities,0,0,0,0,0,0
Industrial gases and fertilizers,Postal and Courier Activities,0,0,0,0,0,0
Petrochemicals,Postal and Courier Activities,0,0,0,0,0,0
Dyestuffs and agro-chemicals,Postal and Courier Activities,0,0,0,0,0,0
Pharmaceutical products,Postal and Courier Activities,0,0,0,0,0,0
Rubber and plastic products,Postal and Courier Activities,0,0,0,0,0,0
Cement and concrete products,Postal and Courier Activities,0,0,0,0,0,0
"Glass, ceramic and stone products",Postal and Courier Activities,0,0,0,0,0,0
Basic iron and steel,Postal and Courier Activities,0,0,0,0,0,0
Other basic metals and casting,Postal and Courier Activities,0,0,0,0,0,0
Weapons and ammunition,Postal and Courier Activities,0,0,0,0,0,0
Other fabricated metal products,Postal and Courier Activities,0,0,0,0,0,0
Computer and electronic products,Postal and Courier Activities,10,0.08469552,53,0.44888625391716774,63,0.5335817735241806
Electrical equipment,Postal and Courier Activities,1,0.008469552,0,0,1,0.008469552
Other machinery and equipment,Postal and Courier Activities,2,0.016939104,0,0,2,0.016939104
Motor vehicles,Postal and Courier Activities,1,0.008469552,46,0.3895993901922588,47,0.39806894215296007
Ships and boats,Postal and Courier Activities,0,0,0,0,0,0
Aircraft and spacecraft products,Postal and Courier Activities,0,0,0,0,0,0
Other Transport Equipment,Postal and Courier Activities,0,0,0,0,0,0
Furniture,Postal and Courier Activities,0,0,0,0,0,0
Other manufactured goods,Postal and Courier Activities,1,0.008469552,34,0.2879647666638435,35,0.2964343186245448
Ship and boat repair and maintenance,Postal and Courier Activities,0,0,0,0,0,0
Air and spacecraft repair and maintenance,Postal and Courier Activities,0,0,0,0,0,0
Other repair services,Postal and Courier Activities,0,0,67,0.5674599813669857,67,0.5674599813669857
Electricity services,Postal and Courier Activities,0,0,48,0.4065384941136614,48,0.4065384941136614
"Mains gas, steam and air conditioning services",Postal and Courier Activities,0,0,40,0.33878207842805114,40,0.33878207842805114
Water services,Postal and Courier Activities,0,0,13,0.11010417548911662,13,0.11010417548911662
Sewerage services,Postal and Courier Activities,0,0,7,0.059286863724908954,7,0.059286863724908954
Waste collection and treatment services,Postal and Courier Activities,0,0,33,0.2794952147031422,33,0.2794952147031422
Remediation and waste management services,Postal and Courier Activities,0,0,0,0,0,0
Construction services,Postal and Courier Activities,3,0.025408655882103837,26,0.22020835097823324,29,0.24561700686033708
Motor vehicle trade services,Postal and Courier Activities,0,0,575,4.869992377403235,575,4.869992377403235
Wholesale trade services,Postal and Courier Activities,0,0,174,1.4737020411620225,174,1.4737020411620225
Retail trade services,Postal and Courier Activities,0,0,45,0.38112983823155755,45,0.38112983823155755
Rail transport services,Postal and Courier Activities,0,0,1,0.008469552,1,0.008469552
Land transport services,Postal and Courier Activities,0,0,470,3.9806894215296014,470,3.9806894215296014
Water transport services,Postal and Courier Activities,0,0,1,0.008469552,1,0.008469552
Air transport services,Postal and Courier Activities,85,0.7199119166596087,123,1.0417548911662573,208,1.7616668078258662
Warehousing services,Postal and Courier Activities,0,0,238,2.0157533666469045,238,2.0157533666469045
Postal and courier services,Postal and Courier Activities,362,3.065977809773863,6261,53.02786482595071,6623,56.09384263572457
Accommodation services,Postal and Courier Activities,0,0,4,0.033878208,4,0.033878208
Food and beverage services,Postal and Courier Activities,0,0,29,0.2456170068603371,29,0.2456170068603371
Publishing services,Postal and Courier Activities,0,0,0,0,0,0
Media Production services,Postal and Courier Activities,0,0,0,0,0,0
Telecommunications services,Postal and Courier Activities,3,0.025408655882103837,79,0.6690946048954011,82,0.6945032607775049
Computer programming services,Postal and Courier Activities,3,0.025408655882103837,265,2.244431269585839,268,2.269839925467943
Information services,Postal and Courier Activities,3,0.025408655882103837,99,0.8384856441094266,102,0.8638942999915304
Financial services (excl. insurance and pensions),Postal and Courier Activities,0,0,458,3.879054798001186,458,3.879054798001186
Insurance and pension services,Postal and Courier Activities,0,0,101,0.8554247480308292,101,0.8554247480308292
Auxiliary financial services,Postal and Courier Activities,0,0,69,0.5843990852883882,69,0.5843990852883882
Real estate services,Postal and Courier Activities,0,0,0,0,0,0
Owner-occupier housing services,Postal and Courier Activities,0,0,0,0,0,0
Other real estate services,Postal and Courier Activities,0,0,39,0.3303125264673499,39,0.3303125264673499
Legal services,Postal and Courier Activities,0,0,12,0.10163462352841535,12,0.10163462352841535
Accounting and tax services,Postal and Courier Activities,0,0,35,0.2964343186245448,35,0.2964343186245448
Management consulting services,Postal and Courier Activities,22,0.18633014313542814,44,0.3726602862708563,66,0.5589904294062844
Architectural and engineering services,Postal and Courier Activities,0,0,0,0,0,0
Scientific research and development services,Postal and Courier Activities,0,0,0,0,0,0
Advertising and market research services,Postal and Courier Activities,1,0.008469552,49,0.4150080460743627,50,0.42347759803506396
Other scientific and technical services,Postal and Courier Activities,0,0,0,0,0,0
Veterinary services,Postal and Courier Activities,0,0,0,0,0,0
Rental and leasing services,Postal and Courier Activities,2,0.016939104,344,2.913525874,346,2.930464978402642
Employment services,Postal and Courier Activities,1,0.008469552,653,5.5306174303379345,654,5.5390869822986355
Travel services,Postal and Courier Activities,0,0,0,0,0,0
Security services,Postal and Courier Activities,0,0,12,0.10163462352841535,12,0.10163462352841535
Building and landscape services,Postal and Courier Activities,0,0,20,0.16939103921402557,20,0.16939103921402557
Office support services,Postal and Courier Activities,12,0.10163462352841535,0,0,12,0.10163462352841535
Public administration services (including defence),Postal and Courier Activities,0,0,74,0.6267468450918946,74,0.6267468450918946
Education services,Postal and Courier Activities,0,0,13,0.11010417548911662,13,0.11010417548911662
Health services,Postal and Courier Activities,0,0,0,0,0,0
Residential and social care services,Postal and Courier Activities,0,0,0,0,0,0
Arts and entertainment services,Postal and Courier Activities,0,0,0,0,0,0
Libraries and other cultural services,Postal and Courier Activities,0,0,0,0,0,0
Gambling services,Postal and Courier Activities,0,0,0,0,0,0
Sports and recreation services,Postal and Courier Activities,0,0,0,0,0,0
Membership services,Postal and Courier Activities,0,0,0,0,0,0
Computer repair services,Postal and Courier Activities,0,0,0,0,0,0
Other personal services,Postal and Courier Activities,0,0,0,0,0,0
Agriculture products,Accommodation,1,0.009485866,45,0.42686397268070575,46,0.436349839
Forestry products,Accommodation,0,0,0,0,0,0
Fishing products,Accommodation,6,0.056915196357427436,20,0.18971732119142476,26,0.24663251754885218
Coal and lignite,Accommodation,0,0,0,0,0,0
"Petroleum, natural gas and mining of metal ores",Accommodation,0,0,0,0,0,0
Other mining products,Accommodation,0,0,0,0,0,0
Mining support services,Accommodation,0,0,0,0,0,0
Meat and preserved meat products,Accommodation,0,0,398,3.775374691709353,398,3.775374691709353
"Fish, seafood, fruit and vegetables",Accommodation,0,0,489,4.638588503130336,489,4.638588503130336
Oils and fats,Accommodation,0,0,41,0.38892050844242076,41,0.38892050844242076
Dairy products,Accommodation,0,0,189,1.7928286852589643,189,1.7928286852589643
Grain mill and starch products,Accommodation,0,0,0,0,0,0
Bakery products,Accommodation,0,0,197,1.8687156137355339,197,1.8687156137355339
Other food products,Accommodation,0,0,204,1.935116676152533,204,1.935116676152533
Animal feeds,Accommodation,0,0,0,0,0,0
Alcoholic beverages and tobacco,Accommodation,220,2.0868905331056724,301,2.8552456839309426,521,4.942136217036615
Soft drinks,Accommodation,0,0,160,1.517738569531398,160,1.517738569531398
Textiles,Accommodation,0,0,0,0,0,0
Clothing,Accommodation,0,0,0,0,0,0
Leather products,Accommodation,0,0,0,0,0,0
Wood products (excl. furniture),Accommodation,0,0,0,0,0,0
Paper products,Accommodation,1,0.009485866,56,0.5312084993359893,57,0.5406943653955606
Printing and recording services,Accommodation,0,0,0,0,0,0
Coke and refined petroleum products,Accommodation,0,0,56,0.5312084993359893,56,0.5312084993359893
Paints and coatings,Accommodation,0,0,0,0,0,0
Soap and detergents,Accommodation,0,0,0,0,0,0
Other chemical products,Accommodation,0,0,0,0,0,0
Industrial gases and fertilizers,Accommodation,0,0,0,0,0,0
Petrochemicals,Accommodation,0,0,0,0,0,0
Dyestuffs and agro-chemicals,Accommodation,0,0,0,0,0,0
Pharmaceutical products,Accommodation,0,0,0,0,0,0
Rubber and plastic products,Accommodation,0,0,0,0,0,0
Cement and concrete products,Accommodation,0,0,0,0,0,0
"Glass, ceramic and stone products",Accommodation,1,0.009485866,38,0.3604629102637071,39,0.3699487763232783
Basic iron and steel,Accommodation,0,0,0,0,0,0
Other basic metals and casting,Accommodation,0,0,0,0,0,0
Weapons and ammunition,Accommodation,0,0,0,0,0,0
Other fabricated metal products,Accommodation,0,0,0,0,0,0
Computer and electronic products,Accommodation,19,0.18023145513185354,27,0.2561183836084235,46,0.436349839
Electrical equipment,Accommodation,0,0,0,0,0,0
Other machinery and equipment,Accommodation,0,0,0,0,0,0
Motor vehicles,Accommodation,0,0,0,0,0,0
Ships and boats,Accommodation,0,0,0,0,0,0
Aircraft and spacecraft products,Accommodation,0,0,0,0,0,0
Other Transport Equipment,Accommodation,0,0,0,0,0,0
Furniture,Accommodation,0,0,0,0,0,0
Other manufactured goods,Accommodation,0,0,22,0.20868905331056725,22,0.20868905331056725
Ship and boat repair and maintenance,Accommodation,0,0,0,0,0,0
Air and spacecraft repair and maintenance,Accommodation,0,0,0,0,0,0
Other repair services,Accommodation,0,0,178,1.6884841586036803,178,1.6884841586036803
Electricity services,Accommodation,0,0,713,6.763422500474293,713,6.763422500474293
"Mains gas, steam and air conditioning services",Accommodation,0,0,215,2.0394612028078165,215,2.0394612028078165
Water services,Accommodation,0,0,203,1.9256308100929616,203,1.9256308100929616
Sewerage services,Accommodation,0,0,45,0.42686397268070575,45,0.42686397268070575
Waste collection and treatment services,Accommodation,0,0,83,0.7873268829444129,83,0.7873268829444129
Remediation and waste management services,Accommodation,0,0,0,0,0,0
Construction services,Accommodation,1,0.009485866,20,0.18971732119142476,21,0.199203187
Motor vehicle trade services,Accommodation,0,0,35,0.33200531208499334,35,0.33200531208499334
Wholesale trade services,Accommodation,1,0.009485866,944,8.95465756,945,8.964143426
Retail trade services,Accommodation,0,0,231,2.1912350597609564,231,2.1912350597609564
Rail transport services,Accommodation,0,0,0,0,0,0
Land transport services,Accommodation,0,0,41,0.38892050844242076,41,0.38892050844242076
Water transport services,Accommodation,0,0,0,0,0,0
Air transport services,Accommodation,0,0,2,0.018971732,2,0.018971732
Warehousing services,Accommodation,0,0,0,0,0,0
Postal and courier services,Accommodation,0,0,59,0.5596660975147031,59,0.5596660975147031
Accommodation services,Accommodation,0,0,666,6.317586795674444,666,6.317586795674444
Food and beverage services,Accommodation,0,0,426,4.040978941377348,426,4.040978941377348
Publishing services,Accommodation,0,0,0,0,0,0
Media Production services,Accommodation,5,0.04742933,31,0.2940618478467084,36,0.3414911781445646
Telecommunications services,Accommodation,0,0,144,1.3659647125782584,144,1.3659647125782584
Computer programming services,Accommodation,2,0.018971732,266,2.5232403718459495,268,2.542212103965092
Information services,Accommodation,1,0.009485866,0,0,1,0.009485866
Financial services (excl. insurance and pensions),Accommodation,1,0.009485866,421,3.9935496110794917,422,4.003035477139063
Insurance and pension services,Accommodation,1,0.009485866,76,0.7209258205274142,77,0.7304116865869854
Auxiliary financial services,Accommodation,0,0,29,0.2750901157275659,29,0.2750901157275659
Real estate services,Accommodation,0,0,0,0,0,0
Owner-occupier housing services,Accommodation,0,0,0,0,0,0
Other real estate services,Accommodation,0,0,1171,11.10794915575792,1171,11.10794915575792
Legal services,Accommodation,0,0,58,0.5501802314551318,58,0.5501802314551318
Accounting and tax services,Accommodation,0,0,112,1.0624169986719787,112,1.0624169986719787
Management consulting services,Accommodation,77,0.7304116865869853,0,0,77,0.7304116865869853
Architectural and engineering services,Accommodation,0,0,54,0.512236767,54,0.512236767
Scientific research and development services,Accommodation,0,0,0,0,0,0
Advertising and market research services,Accommodation,260,2.4663251754885223,230,2.181749193701385,490,4.648074369189907
Other scientific and technical services,Accommodation,0,0,34,0.32251944602542215,34,0.32251944602542215
Veterinary services,Accommodation,0,0,0,0,0,0
Rental and leasing services,Accommodation,0,0,88,0.834756213,88,0.834756213
Employment services,Accommodation,1,0.009485866,174,1.6505406943653957,175,1.6600265604249669
Travel services,Accommodation,0,0,374,3.5477139062796432,374,3.5477139062796432
Security services,Accommodation,0,0,0,0,0,0
Building and landscape services,Accommodation,0,0,375,3.5571997723392146,375,3.5571997723392146
Office support services,Accommodation,27,0.2561183836084235,146,1.3849364446974008,173,1.6410548283058244
Public administration services (including defence),Accommodation,0,0,23,0.2181749193701385,23,0.2181749193701385
Education services,Accommodation,0,0,0,0,0,0
Health services,Accommodation,0,0,0,0,0,0
Residential and social care services,Accommodation,0,0,0,0,0,0
Arts and entertainment services,Accommodation,0,0,0,0,0,0
Libraries and other cultural services,Accommodation,0,0,0,0,0,0
Gambling services,Accommodation,0,0,7,0.066401062,7,0.066401062
Sports and recreation services,Accommodation,0,0,0,0,0,0
Membership services,Accommodation,0,0,0,0,0,0
Computer repair services,Accommodation,0,0,0,0,0,0
Other personal services,Accommodation,0,0,0,0,0,0
Agriculture products,Food and Beverage Services,22,0.074054127,4,0.013464386697185943,26,0.087518514
Forestry products,Food and Beverage Services,0,0,0,0,0,0
Fishing products,Food and Beverage Services,7,0.023562677,302,1.0165611956375387,309,1.040123872357614
Coal and lignite,Food and Beverage Services,0,0,0,0,0,0
"Petroleum, natural gas and mining of metal ores",Food and Beverage Services,0,0,0,0,0,0
Other mining products,Food and Beverage Services,0,0,0,0,0,0
Mining support services,Food and Beverage Services,0,0,0,0,0,0
Meat and preserved meat products,Food and Beverage Services,0,0,2037,6.856738925541942,2037,6.856738925541942
"Fish, seafood, fruit and vegetables",Food and Beverage Services,0,0,603,2.029756294600781,603,2.029756294600781
Oils and fats,Food and Beverage Services,0,0,408,1.3733674431129663,408,1.3733674431129663
Dairy products,Food and Beverage Services,1,0.003366097,585,1.9691665544634442,586,1.9725326511377408
Grain mill and starch products,Food and Beverage Services,2,0.006732193,332,1.117544095866433,334,1.124276289215026
Bakery products,Food and Beverage Services,0,0,1304,4.389390063282617,1304,4.389390063282617
Other food products,Food and Beverage Services,5,0.016830483,1846,6.213814460751313,1851,6.230644944122795
Animal feeds,Food and Beverage Services,0,0,0,0,0,0
Alcoholic beverages and tobacco,Food and Beverage Services,822,2.7669314662717115,1723,5.799784569812845,2545,8.566716036084557
Soft drinks,Food and Beverage Services,0,0,944,3.177595260535883,944,3.177595260535883
Textiles,Food and Beverage Services,0,0,7,0.023562677,7,0.023562677
Clothing,Food and Beverage Services,7,0.023562677,0,0,7,0.023562677
Leather products,Food and Beverage Services,0,0,0,0,0,0
Wood products (excl. furniture),Food and Beverage Services,0,0,0,0,0,0
Paper products,Food and Beverage Services,15,0.05049145,245,0.824693685,260,0.8751851353170863
Printing and recording services,Food and Beverage Services,0,0,0,0,0,0
Coke and refined petroleum products,Food and Beverage Services,12,0.04039316,51,0.1716709303891208,63,0.21206409048067862
Paints and coatings,Food and Beverage Services,0,0,0,0,0,0
Soap and detergents,Food and Beverage Services,0,0,96,0.3231452807324626,96,0.3231452807324626
Other chemical products,Food and Beverage Services,0,0,0,0,0,0
Industrial gases and fertilizers,Food and Beverage Services,0,0,0,0,0,0
Petrochemicals,Food and Beverage Services,2,0.006732193,2,0.006732193,4,0.013464386697185943
Dyestuffs and agro-chemicals,Food and Beverage Services,0,0,0,0,0,0
Pharmaceutical products,Food and Beverage Services,0,0,0,0,0,0
Rubber and plastic products,Food and Beverage Services,5,0.016830483,32,0.10771509357748754,37,0.12454557694896998
Cement and concrete products,Food and Beverage Services,0,0,0,0,0,0
"Glass, ceramic and stone products",Food and Beverage Services,3,0.010098290022889457,76,0.2558233472465329,79,0.26592163726942236
Basic iron and steel,Food and Beverage Services,0,0,0,0,0,0
Other basic metals and casting,Food and Beverage Services,0,0,0,0,0,0
Weapons and ammunition,Food and Beverage Services,0,0,0,0,0,0
Other fabricated metal products,Food and Beverage Services,0,0,0,0,0,0
Computer and electronic products,Food and Beverage Services,24,0.08078632,181,0.609263498,205,0.6900498182307797
Electrical equipment,Food and Beverage Services,0,0,0,0,0,0
Other machinery and equipment,Food and Beverage Services,0,0,0,0,0,0
Motor vehicles,Food and Beverage Services,0,0,0,0,0,0
Ships and boats,Food and Beverage Services,0,0,0,0,0,0
Aircraft and spacecraft products,Food and Beverage Services,0,0,0,0,0,0
Other Transport Equipment,Food and Beverage Services,0,0,0,0,0,0
Furniture,Food and Beverage Services,0,0,0,0,0,0
Other manufactured goods,Food and Beverage Services,18,0.06058974,0,0,18,0.06058974
Ship and boat repair and maintenance,Food and Beverage Services,0,0,0,0,0,0
Air and spacecraft repair and maintenance,Food and Beverage Services,0,0,0,0,0,0
Other repair services,Food and Beverage Services,0,0,462,1.5551366635249764,462,1.5551366635249764
Electricity services,Food and Beverage Services,0,0,1004,3.3795610609936717,1004,3.3795610609936717
"Mains gas, steam and air conditioning services",Food and Beverage Services,0,0,596,2.0061936178807054,596,2.0061936178807054
Water services,Food and Beverage Services,0,0,347,1.1680355459808807,347,1.1680355459808807
Sewerage services,Food and Beverage Services,0,0,52,0.17503702706341726,52,0.17503702706341726
Waste collection and treatment services,Food and Beverage Services,0,0,331,1.1141779991921368,331,1.1141779991921368
Remediation and waste management services,Food and Beverage Services,0,0,0,0,0,0
Construction services,Food and Beverage Services,0,0,186,0.6260939814191463,186,0.6260939814191463
Motor vehicle trade services,Food and Beverage Services,0,0,93,0.31304699070957315,93,0.31304699070957315
Wholesale trade services,Food and Beverage Services,1,0.003366097,4361,14.679547596606973,4362,14.68291369328127
Retail trade services,Food and Beverage Services,0,0,1201,4.042682106,1201,4.042682106
Rail transport services,Food and Beverage Services,0,0,0,0,0,0
Land transport services,Food and Beverage Services,0,0,282,0.9492392621516089,282,0.9492392621516089
Water transport services,Food and Beverage Services,0,0,0,0,0,0
Air transport services,Food and Beverage Services,0,0,104,0.3500740541268345,104,0.3500740541268345
Warehousing services,Food and Beverage Services,0,0,120,0.40393160091557834,120,0.40393160091557834
Postal and courier services,Food and Beverage Services,0,0,52,0.17503702706341726,52,0.17503702706341726
Accommodation services,Food and Beverage Services,0,0,6,0.020196580045778914,6,0.020196580045778914
Food and beverage services,Food and Beverage Services,0,0,1784,6.005116466944931,1784,6.005116466944931
Publishing services,Food and Beverage Services,0,0,0,0,0,0
Media Production services,Food and Beverage Services,0,0,0,0,0,0
Telecommunications services,Food and Beverage Services,1,0.003366097,272,0.9155782954086441,273,0.9189443920829405
Computer programming services,Food and Beverage Services,2,0.006732193,442,1.4878147300390467,444,1.4945469233876396
Information services,Food and Beverage Services,0,0,11,0.037027063,11,0.037027063
Financial services (excl. insurance and pensions),Food and Beverage Services,0,0,1011,3.4031237377137473,1011,3.4031237377137473
Insurance and pension services,Food and Beverage Services,0,0,276,0.9290426821058301,276,0.9290426821058301
Auxiliary financial services,Food and Beverage Services,0,0,136,0.45778914770432205,136,0.45778914770432205
Real estate services,Food and Beverage Services,0,0,0,0,0,0
Owner-occupier housing services,Food and Beverage Services,0,0,0,0,0,0
Other real estate services,Food and Beverage Services,0,0,2090,7.0351420492796555,2090,7.0351420492796555
Legal services,Food and Beverage Services,0,0,88,0.29621650733809074,88,0.29621650733809074
Accounting and tax services,Food and Beverage Services,0,0,521,1.7537363673084692,521,1.7537363673084692
Management consulting services,Food and Beverage Services,114,0.3837350208697994,0,0,114,0.3837350208697994
Architectural and engineering services,Food and Beverage Services,0,0,3,0.010098290022889457,3,0.010098290022889457
Scientific research and development services,Food and Beverage Services,0,0,0,0,0,0
Advertising and market research services,Food and Beverage Services,0,0,614,2.066783358018042,614,2.066783358018042
Other scientific and technical services,Food and Beverage Services,0,0,72,0.242358961,72,0.242358961
Veterinary services,Food and Beverage Services,0,0,0,0,0,0
Rental and leasing services,Food and Beverage Services,11,0.037027063,313,1.053588259,324,1.0906153224720614
Employment services,Food and Beverage Services,0,0,192,0.6462905614649253,192,0.6462905614649253
Travel services,Food and Beverage Services,0,0,12,0.04039316,12,0.04039316
Security services,Food and Beverage Services,0,0,0,0,0,0
Building and landscape services,Food and Beverage Services,0,0,384,1.2925811229298505,384,1.2925811229298505
Office support services,Food and Beverage Services,31,0.10434899690319106,124,0.41739598761276425,155,0.5217449845159553
Public administration services (including defence),Food and Beverage Services,0,0,72,0.242358961,72,0.242358961
Education services,Food and Beverage Services,0,0,81,0.27265383061801535,81,0.27265383061801535
Health services,Food and Beverage Services,0,0,0,0,0,0
Residential and social care services,Food and Beverage Services,0,0,0,0,0,0
Arts and entertainment services,Food and Beverage Services,0,0,0,0,0,0
Libraries and other cultural services,Food and Beverage Services,0,0,0,0,0,0
Gambling services,Food and Beverage Services,0,0,0,0,0,0
Sports and recreation services,Food and Beverage Services,0,0,0,0,0,0
Membership services,Food and Beverage Services,0,0,0,0,0,0
Computer repair services,Food and Beverage Services,0,0,2,0.006732193,2,0.006732193
Other personal services,Food and Beverage Services,0,0,128,0.43086037430995017,128,0.43086037430995017
Agriculture products,Publishing Activities,0,0,0,0,0,0
Forestry products,Publishing Activities,0,0,0,0,0,0
Fishing products,Publishing Activities,0,0,0,0,0,0
Coal and lignite,Publishing Activities,0,0,0,0,0,0
"Petroleum, natural gas and mining of metal ores",Publishing Activities,0,0,0,0,0,0
Other mining products,Publishing Activities,0,0,0,0,0,0
Mining support services,Publishing Activities,0,0,0,0,0,0
Meat and preserved meat products,Publishing Activities,0,0,13,0.13491075134910752,13,0.13491075134910752
"Fish, seafood, fruit and vegetables",Publishing Activities,0,0,50,0.518887505,50,0.518887505
Oils and fats,Publishing Activities,0,0,4,0.041511,4,0.041511
Dairy products,Publishing Activities,0,0,54,0.5603985056039851,54,0.5603985056039851
Grain mill and starch products,Publishing Activities,0,0,0,0,0,0
Bakery products,Publishing Activities,0,0,67,0.6953092569530926,67,0.6953092569530926
Other food products,Publishing Activities,0,0,28,0.29057700290577004,28,0.29057700290577004
Animal feeds,Publishing Activities,0,0,0,0,0,0
Alcoholic beverages and tobacco,Publishing Activities,0,0,0,0,0,0
Soft drinks,Publishing Activities,0,0,0,0,0,0
Textiles,Publishing Activities,0,0,0,0,0,0
Clothing,Publishing Activities,0,0,0,0,0,0
Leather products,Publishing Activities,0,0,0,0,0,0
Wood products (excl. furniture),Publishing Activities,0,0,0,0,0,0
Paper products,Publishing Activities,28,0.29057700290577004,575,5.967206309672063,603,6.257783312577833
Printing and recording services,Publishing Activities,0,0,679,7.046492320464923,679,7.046492320464923
Coke and refined petroleum products,Publishing Activities,0,0,18,0.18679950186799502,18,0.18679950186799502
Paints and coatings,Publishing Activities,0,0,185,1.9198837691988375,185,1.9198837691988375
Soap and detergents,Publishing Activities,0,0,0,0,0,0
Other chemical products,Publishing Activities,5,0.051888750518887514,17,0.1764217517642175,22,0.228310502
Industrial gases and fertilizers,Publishing Activities,0,0,0,0,0,0
Petrochemicals,Publishing Activities,0,0,0,0,0,0
Dyestuffs and agro-chemicals,Publishing Activities,0,0,0,0,0,0
Pharmaceutical products,Publishing Activities,0,0,0,0,0,0
Rubber and plastic products,Publishing Activities,0,0,0,0,0,0
Cement and concrete products,Publishing Activities,0,0,0,0,0,0
"Glass, ceramic and stone products",Publishing Activities,0,0,0,0,0,0
Basic iron and steel,Publishing Activities,0,0,0,0,0,0
Other basic metals and casting,Publishing Activities,0,0,0,0,0,0
Weapons and ammunition,Publishing Activities,0,0,0,0,0,0
Other fabricated metal products,Publishing Activities,0,0,0,0,0,0
Computer and electronic products,Publishing Activities,177,1.8368617683686177,426,4.420921544209215,603,6.257783312577833
Electrical equipment,Publishing Activities,0,0,0,0,0,0
Other machinery and equipment,Publishing Activities,0,0,0,0,0,0
Motor vehicles,Publishing Activities,0,0,0,0,0,0
Ships and boats,Publishing Activities,0,0,0,0,0,0
Aircraft and spacecraft products,Publishing Activities,0,0,0,0,0,0
Other Transport Equipment,Publishing Activities,0,0,0,0,0,0
Furniture,Publishing Activities,0,0,0,0,0,0
Other manufactured goods,Publishing Activities,4,0.041511,0,0,4,0.041511
Ship and boat repair and maintenance,Publishing Activities,0,0,0,0,0,0
Air and spacecraft repair and maintenance,Publishing Activities,0,0,0,0,0,0
Other repair services,Publishing Activities,0,0,36,0.37359900373599003,36,0.37359900373599003
Electricity services,Publishing Activities,0,0,26,0.26982150269821503,26,0.26982150269821503
"Mains gas, steam and air conditioning services",Publishing Activities,0,0,7,0.072644251,7,0.072644251
Water services,Publishing Activities,0,0,6,0.062266500622665005,6,0.062266500622665005
Sewerage services,Publishing Activities,0,0,1,0.01037775,1,0.01037775
Waste collection and treatment services,Publishing Activities,0,0,9,0.093399751,9,0.093399751
Remediation and waste management services,Publishing Activities,0,0,0,0,0,0
Construction services,Publishing Activities,0,0,13,0.13491075134910752,13,0.13491075134910752
Motor vehicle trade services,Publishing Activities,0,0,18,0.18679950186799502,18,0.18679950186799502
Wholesale trade services,Publishing Activities,1,0.01037775,1354,14.051473640514736,1355,14.061851390618514
Retail trade services,Publishing Activities,0,0,728,7.555002075550021,728,7.555002075550021
Rail transport services,Publishing Activities,0,0,0,0,0,0
Land transport services,Publishing Activities,0,0,117,1.2141967621419676,117,1.2141967621419676
Water transport services,Publishing Activities,0,0,0,0,0,0
Air transport services,Publishing Activities,0,0,0,0,0,0
Warehousing services,Publishing Activities,0,0,0,0,0,0
Postal and courier services,Publishing Activities,2,0.0207555,249,2.584059775840598,251,2.6048152760481527
Accommodation services,Publishing Activities,0,0,0,0,0,0
Food and beverage services,Publishing Activities,0,0,36,0.37359900373599003,36,0.37359900373599003
Publishing services,Publishing Activities,830,8.613532586135326,576,5.9775840597758405,1406,14.591116645911168
Media Production services,Publishing Activities,0,0,0,0,0,0
Telecommunications services,Publishing Activities,7,0.072644251,92,0.9547530095475302,99,1.0273972602739727
Computer programming services,Publishing Activities,91,0.9443752594437527,401,4.161477791614778,492,5.1058530510585305
Information services,Publishing Activities,77,0.7990867579908676,55,0.5707762557077625,132,1.369863014
Financial services (excl. insurance and pensions),Publishing Activities,2,0.0207555,122,1.266085512660855,124,1.286841013
Insurance and pension services,Publishing Activities,0,0,60,0.622665006,60,0.622665006
Auxiliary financial services,Publishing Activities,1,0.01037775,81,0.8405977584059776,82,0.8509755085097551
Real estate services,Publishing Activities,0,0,0,0,0,0
Owner-occupier housing services,Publishing Activities,0,0,0,0,0,0
Other real estate services,Publishing Activities,0,0,218,2.262349522623495,218,2.262349522623495
Legal services,Publishing Activities,7,0.072644251,137,1.4217517642175177,144,1.4943960149439601
Accounting and tax services,Publishing Activities,3,0.031133250311332503,113,1.1726857617268576,116,1.203819012
Management consulting services,Publishing Activities,141,1.4632627646326275,401,4.161477791614778,542,5.6247405562474055
Architectural and engineering services,Publishing Activities,8,0.083022001,0,0,8,0.083022001
Scientific research and development services,Publishing Activities,0,0,0,0,0,0
Advertising and market research services,Publishing Activities,42,0.43586550435865506,616,6.392694063926941,658,6.828559568285596
Other scientific and technical services,Publishing Activities,0,0,217,2.2519717725197177,217,2.2519717725197177
Veterinary services,Publishing Activities,0,0,0,0,0,0
Rental and leasing services,Publishing Activities,34,0.352843504,2,0.0207555,36,0.37359900373599003
Employment services,Publishing Activities,4,0.041511,172,1.784973018,176,1.826484018
Travel services,Publishing Activities,0,0,0,0,0,0
Security services,Publishing Activities,0,0,0,0,0,0
Building and landscape services,Publishing Activities,0,0,0,0,0,0
Office support services,Publishing Activities,6,0.062266500622665005,0,0,6,0.062266500622665005
Public administration services (including defence),Publishing Activities,0,0,7,0.072644251,7,0.072644251
Education services,Publishing Activities,0,0,0,0,0,0
Health services,Publishing Activities,0,0,0,0,0,0
Residential and social care services,Publishing Activities,1,0.01037775,1,0.01037775,2,0.0207555
Arts and entertainment services,Publishing Activities,10,0.10377750103777503,143,1.4840182648401825,153,1.5877957658779576
Libraries and other cultural services,Publishing Activities,0,0,0,0,0,0
Gambling services,Publishing Activities,0,0,0,0,0,0
Sports and recreation services,Publishing Activities,0,0,0,0,0,0
Membership services,Publishing Activities,0,0,14,0.14528850145288502,14,0.14528850145288502
Computer repair services,Publishing Activities,0,0,0,0,0,0
Other personal services,Publishing Activities,0,0,11,0.1141552511415525,11,0.1141552511415525
Agriculture products,Motion Picture and Broadcasting Activities,0,0,0,0,0,0
Forestry products,Motion Picture and Broadcasting Activities,0,0,0,0,0,0
Fishing products,Motion Picture and Broadcasting Activities,0,0,0,0,0,0
Coal and lignite,Motion Picture and Broadcasting Activities,0,0,0,0,0,0
"Petroleum, natural gas and mining of metal ores",Motion Picture and Broadcasting Activities,0,0,0,0,0,0
Other mining products,Motion Picture and Broadcasting Activities,0,0,0,0,0,0
Mining support services,Motion Picture and Broadcasting Activities,0,0,0,0,0,0
Meat and preserved meat products,Motion Picture and Broadcasting Activities,0,0,21,0.067543662,21,0.067543662
"Fish, seafood, fruit and vegetables",Motion Picture and Broadcasting Activities,0,0,14,0.045029108,14,0.045029108
Oils and fats,Motion Picture and Broadcasting Activities,0,0,3,0.009649095,3,0.009649095
Dairy products,Motion Picture and Broadcasting Activities,0,0,14,0.045029108,14,0.045029108
Grain mill and starch products,Motion Picture and Broadcasting Activities,0,0,0,0,0,0
Bakery products,Motion Picture and Broadcasting Activities,0,0,23,0.073976392,23,0.073976392
Other food products,Motion Picture and Broadcasting Activities,0,0,15,0.048245473,15,0.048245473
Animal feeds,Motion Picture and Broadcasting Activities,0,0,26,0.083625486,26,0.083625486
Alcoholic beverages and tobacco,Motion Picture and Broadcasting Activities,0,0,0,0,0,0
Soft drinks,Motion Picture and Broadcasting Activities,0,0,209,0.6722202566659161,209,0.6722202566659161
Textiles,Motion Picture and Broadcasting Activities,0,0,0,0,0,0
Clothing,Motion Picture and Broadcasting Activities,0,0,0,0,0,0
Leather products,Motion Picture and Broadcasting Activities,0,0,0,0,0,0
Wood products (excl. furniture),Motion Picture and Broadcasting Activities,0,0,0,0,0,0
Paper products,Motion Picture and Broadcasting Activities,0,0,66,0.2122800810523946,66,0.2122800810523946
Printing and recording services,Motion Picture and Broadcasting Activities,0,0,12,0.038596378,12,0.038596378
Coke and refined petroleum products,Motion Picture and Broadcasting Activities,0,0,41,0.13187095944163907,41,0.13187095944163907
Paints and coatings,Motion Picture and Broadcasting Activities,0,0,0,0,0,0
Soap and detergents,Motion Picture and Broadcasting Activities,0,0,0,0,0,0
Other chemical products,Motion Picture and Broadcasting Activities,0,0,35,0.11257277025505774,35,0.11257277025505774
Industrial gases and fertilizers,Motion Picture and Broadcasting Activities,0,0,0,0,0,0
Petrochemicals,Motion Picture and Broadcasting Activities,0,0,0,0,0,0
Dyestuffs and agro-chemicals,Motion Picture and Broadcasting Activities,0,0,4,0.012865459457720883,4,0.012865459457720883
Pharmaceutical products,Motion Picture and Broadcasting Activities,0,0,0,0,0,0
Rubber and plastic products,Motion Picture and Broadcasting Activities,0,0,0,0,0,0
Cement and concrete products,Motion Picture and Broadcasting Activities,0,0,0,0,0,0
"Glass, ceramic and stone products",Motion Picture and Broadcasting Activities,0,0,0,0,0,0
Basic iron and steel,Motion Picture and Broadcasting Activities,0,0,0,0,0,0
Other basic metals and casting,Motion Picture and Broadcasting Activities,0,0,0,0,0,0
Weapons and ammunition,Motion Picture and Broadcasting Activities,0,0,0,0,0,0
Other fabricated metal products,Motion Picture and Broadcasting Activities,0,0,0,0,0,0
Computer and electronic products,Motion Picture and Broadcasting Activities,1423,4.576887202084205,318,1.0228040268888103,1741,5.599691228973015
Electrical equipment,Motion Picture and Broadcasting Activities,0,0,147,0.47280563507124246,147,0.47280563507124246
Other machinery and equipment,Motion Picture and Broadcasting Activities,0,0,7,0.022514554,7,0.022514554
Motor vehicles,Motion Picture and Broadcasting Activities,0,0,7,0.022514554,7,0.022514554
Ships and boats,Motion Picture and Broadcasting Activities,0,0,0,0,0,0
Aircraft and spacecraft products,Motion Picture and Broadcasting Activities,0,0,0,0,0,0
Other Transport Equipment,Motion Picture and Broadcasting Activities,0,0,0,0,0,0
Furniture,Motion Picture and Broadcasting Activities,0,0,0,0,0,0
Other manufactured goods,Motion Picture and Broadcasting Activities,0,0,128,0.41169470264706826,128,0.41169470264706826
Ship and boat repair and maintenance,Motion Picture and Broadcasting Activities,0,0,0,0,0,0
Air and spacecraft repair and maintenance,Motion Picture and Broadcasting Activities,0,0,0,0,0,0
Other repair services,Motion Picture and Broadcasting Activities,1,0.003216365,123,0.3956128783249172,124,0.3988292431893474
Electricity services,Motion Picture and Broadcasting Activities,0,0,161,0.5178347431732655,161,0.5178347431732655
"Mains gas, steam and air conditioning services",Motion Picture and Broadcasting Activities,0,0,31,0.099707311,31,0.099707311
Water services,Motion Picture and Broadcasting Activities,0,0,9,0.028947283779871987,9,0.028947283779871987
Sewerage services,Motion Picture and Broadcasting Activities,0,0,4,0.012865459457720883,4,0.012865459457720883
Waste collection and treatment services,Motion Picture and Broadcasting Activities,0,0,16,0.051461838,16,0.051461838
Remediation and waste management services,Motion Picture and Broadcasting Activities,0,0,4,0.012865459457720883,4,0.012865459457720883
Construction services,Motion Picture and Broadcasting Activities,0,0,11,0.035380013508732426,11,0.035380013508732426
Motor vehicle trade services,Motion Picture and Broadcasting Activities,0,0,17,0.054678203,17,0.054678203
Wholesale trade services,Motion Picture and Broadcasting Activities,0,0,876,2.8175356212408733,876,2.8175356212408733
Retail trade services,Motion Picture and Broadcasting Activities,0,0,1398,4.496478080473449,1398,4.496478080473449
Rail transport services,Motion Picture and Broadcasting Activities,0,0,0,0,0,0
Land transport services,Motion Picture and Broadcasting Activities,0,0,133,0.4277765269692194,133,0.4277765269692194
Water transport services,Motion Picture and Broadcasting Activities,0,0,0,0,0,0
Air transport services,Motion Picture and Broadcasting Activities,0,0,21,0.067543662,21,0.067543662
Warehousing services,Motion Picture and Broadcasting Activities,0,0,28,0.090058216,28,0.090058216
Postal and courier services,Motion Picture and Broadcasting Activities,0,0,121,0.3891801485960567,121,0.3891801485960567
Accommodation services,Motion Picture and Broadcasting Activities,0,0,83,0.26695828374770836,83,0.26695828374770836
Food and beverage services,Motion Picture and Broadcasting Activities,0,0,207,0.6657875269370558,207,0.6657875269370558
Publishing services,Motion Picture and Broadcasting Activities,0,0,0,0,0,0
Media Production services,Motion Picture and Broadcasting Activities,4602,14.801711106107875,8812,28.34260718535911,13414,43.14431829146699
Telecommunications services,Motion Picture and Broadcasting Activities,42,0.13508732430606926,305,0.9809912836512175,347,1.1160786079572866
Computer programming services,Motion Picture and Broadcasting Activities,99,0.3184201215785919,347,1.1160786079572866,446,1.4344987295358784
Information services,Motion Picture and Broadcasting Activities,10,0.032163648644302205,70,0.22514554051011548,80,0.2573091891544177
Financial services (excl. insurance and pensions),Motion Picture and Broadcasting Activities,0,0,261,0.8394712296162877,261,0.8394712296162877
Insurance and pension services,Motion Picture and Broadcasting Activities,1,0.003216365,254,0.8169566755652761,255,0.8201730404297063
Auxiliary financial services,Motion Picture and Broadcasting Activities,0,0,26,0.083625486,26,0.083625486
Real estate services,Motion Picture and Broadcasting Activities,0,0,4,0.012865459457720883,4,0.012865459457720883
Owner-occupier housing services,Motion Picture and Broadcasting Activities,0,0,0,0,0,0
Other real estate services,Motion Picture and Broadcasting Activities,0,0,803,2.5827409861374675,803,2.5827409861374675
Legal services,Motion Picture and Broadcasting Activities,21,0.067543662,395,1.2704641214499373,416,1.3380077836029718
Accounting and tax services,Motion Picture and Broadcasting Activities,9,0.028947283779871987,361,1.1611077160593097,370,1.1900549998391816
Management consulting services,Motion Picture and Broadcasting Activities,304,0.9777749187867871,512,1.646778810588273,816,2.624553729
Architectural and engineering services,Motion Picture and Broadcasting Activities,0,0,142,0.4567238107490914,142,0.4567238107490914
Scientific research and development services,Motion Picture and Broadcasting Activities,0,0,0,0,0,0
Advertising and market research services,Motion Picture and Broadcasting Activities,95,0.305554662,3146,10.118683863497475,3241,10.424238525618346
Other scientific and technical services,Motion Picture and Broadcasting Activities,828,2.663150107748223,470,1.5116914862822037,1298,4.174841594030427
Veterinary services,Motion Picture and Broadcasting Activities,0,0,4,0.012865459457720883,4,0.012865459457720883
Rental and leasing services,Motion Picture and Broadcasting Activities,38,0.12222186484834839,317,1.019587662,355,1.1418095268727284
Employment services,Motion Picture and Broadcasting Activities,26,0.083625486,163,0.524267473,189,0.6078929593773118
Travel services,Motion Picture and Broadcasting Activities,0,0,11,0.035380013508732426,11,0.035380013508732426
Security services,Motion Picture and Broadcasting Activities,0,0,61,0.19619825673024346,61,0.19619825673024346
Building and landscape services,Motion Picture and Broadcasting Activities,0,0,115,0.36988195940947544,115,0.36988195940947544
Office support services,Motion Picture and Broadcasting Activities,495,1.5921006078929594,0,0,495,1.5921006078929594
Public administration services (including defence),Motion Picture and Broadcasting Activities,0,0,13,0.041812743237592875,13,0.041812743237592875
Education services,Motion Picture and Broadcasting Activities,1,0.003216365,27,0.086841851,28,0.090058216
Health services,Motion Picture and Broadcasting Activities,0,0,5,0.016081824322151102,5,0.016081824322151102
Residential and social care services,Motion Picture and Broadcasting Activities,0,0,0,0,0,0
Arts and entertainment services,Motion Picture and Broadcasting Activities,1,0.003216365,1091,3.5090540670933708,1092,3.512270431957801
Libraries and other cultural services,Motion Picture and Broadcasting Activities,0,0,3,0.009649095,3,0.009649095
Gambling services,Motion Picture and Broadcasting Activities,0,0,0,0,0,0
Sports and recreation services,Motion Picture and Broadcasting Activities,0,0,186,0.598243865,186,0.598243865
Membership services,Motion Picture and Broadcasting Activities,2,0.00643273,237,0.7622784728699624,239,0.7687112025988229
Computer repair services,Motion Picture and Broadcasting Activities,3,0.009649095,3,0.009649095,6,0.019298189186581324
Other personal services,Motion Picture and Broadcasting Activities,0,0,613,1.9716316618957255,613,1.9716316618957255
Agriculture products,Telecommunications,0,0,0,0,0,0
Forestry products,Telecommunications,0,0,0,0,0,0
Fishing products,Telecommunications,0,0,0,0,0,0
Coal and lignite,Telecommunications,0,0,0,0,0,0
"Petroleum, natural gas and mining of metal ores",Telecommunications,0,0,0,0,0,0
Other mining products,Telecommunications,0,0,0,0,0,0
Mining support services,Telecommunications,0,0,0,0,0,0
Meat and preserved meat products,Telecommunications,0,0,13,0.056440758911127514,13,0.056440758911127514
"Fish, seafood, fruit and vegetables",Telecommunications,0,0,7,0.030391177875222504,7,0.030391177875222504
Oils and fats,Telecommunications,0,0,1,0.004341597,1,0.004341597
Dairy products,Telecommunications,0,0,9,0.039074372,9,0.039074372
Grain mill and starch products,Telecommunications,0,0,0,0,0,0
Bakery products,Telecommunications,0,0,9,0.039074372,9,0.039074372
Other food products,Telecommunications,0,0,5,0.021707984196587503,5,0.021707984196587503
Animal feeds,Telecommunications,0,0,0,0,0,0
Alcoholic beverages and tobacco,Telecommunications,0,0,0,0,0,0
Soft drinks,Telecommunications,0,0,0,0,0,0
Textiles,Telecommunications,0,0,0,0,0,0
Clothing,Telecommunications,0,0,0,0,0,0
Leather products,Telecommunications,0,0,0,0,0,0
Wood products (excl. furniture),Telecommunications,0,0,0,0,0,0
Paper products,Telecommunications,3,0.013024790517952503,59,0.25615421351973255,62,0.2691790040376851
Printing and recording services,Telecommunications,0,0,24,0.10419832414362003,24,0.10419832414362003
Coke and refined petroleum products,Telecommunications,0,0,79,0.3429861503060826,79,0.3429861503060826
Paints and coatings,Telecommunications,0,0,0,0,0,0
Soap and detergents,Telecommunications,0,0,0,0,0,0
Other chemical products,Telecommunications,0,0,0,0,0,0
Industrial gases and fertilizers,Telecommunications,0,0,0,0,0,0
Petrochemicals,Telecommunications,0,0,0,0,0,0
Dyestuffs and agro-chemicals,Telecommunications,0,0,0,0,0,0
Pharmaceutical products,Telecommunications,0,0,0,0,0,0
Rubber and plastic products,Telecommunications,9,0.039074372,33,0.14327269569747753,42,0.18234706725133504
Cement and concrete products,Telecommunications,0,0,0,0,0,0
"Glass, ceramic and stone products",Telecommunications,0,0,0,0,0,0
Basic iron and steel,Telecommunications,0,0,0,0,0,0
Other basic metals and casting,Telecommunications,0,0,0,0,0,0
Weapons and ammunition,Telecommunications,0,0,0,0,0,0
Other fabricated metal products,Telecommunications,0,0,0,0,0,0
Computer and electronic products,Telecommunications,605,2.626666087787088,1475,6.403855337993313,2080,9.030521425780401
Electrical equipment,Telecommunications,123,0.5340164112360526,175,0.7597794468805626,298,1.2937958581166153
Other machinery and equipment,Telecommunications,1,0.004341597,304,1.3198454391525203,305,1.3241870359918377
Motor vehicles,Telecommunications,0,0,31,0.13458950201884254,31,0.13458950201884254
Ships and boats,Telecommunications,0,0,0,0,0,0
Aircraft and spacecraft products,Telecommunications,0,0,0,0,0,0
Other Transport Equipment,Telecommunications,0,0,0,0,0,0
Furniture,Telecommunications,0,0,0,0,0,0
Other manufactured goods,Telecommunications,6,0.026049581035905007,33,0.14327269569747753,39,0.16932227673338254
Ship and boat repair and maintenance,Telecommunications,0,0,0,0,0,0
Air and spacecraft repair and maintenance,Telecommunications,0,0,0,0,0,0
Other repair services,Telecommunications,12,0.052099162071810014,1084,4.706290974,1096,4.758390135891981
Electricity services,Telecommunications,0,0,579,2.513784569964833,579,2.513784569964833
"Mains gas, steam and air conditioning services",Telecommunications,0,0,21,0.091173534,21,0.091173534
Water services,Telecommunications,0,0,12,0.052099162071810014,12,0.052099162071810014
Sewerage services,Telecommunications,0,0,2,0.008683194,2,0.008683194
Waste collection and treatment services,Telecommunications,0,0,4,0.017366387357270006,4,0.017366387357270006
Remediation and waste management services,Telecommunications,0,0,0,0,0,0
Construction services,Telecommunications,0,0,124,0.5383580080753702,124,0.5383580080753702
Motor vehicle trade services,Telecommunications,0,0,29,0.12590630834020752,29,0.12590630834020752
Wholesale trade services,Telecommunications,0,0,850,3.690357313419876,850,3.690357313419876
Retail trade services,Telecommunications,0,0,216,0.9377849172925803,216,0.9377849172925803
Rail transport services,Telecommunications,0,0,0,0,0,0
Land transport services,Telecommunications,0,0,48,0.20839664828724005,48,0.20839664828724005
Water transport services,Telecommunications,0,0,0,0,0,0
Air transport services,Telecommunications,0,0,5,0.021707984196587503,5,0.021707984196587503
Warehousing services,Telecommunications,0,0,350,1.5195588937611253,350,1.5195588937611253
Postal and courier services,Telecommunications,1,0.004341597,112,0.48625884600356006,113,0.49060044284287757
Accommodation services,Telecommunications,0,0,0,0,0,0
Food and beverage services,Telecommunications,0,0,22,0.09551513,22,0.09551513
Publishing services,Telecommunications,0,0,0,0,0,0
Media Production services,Telecommunications,0,0,0,0,0,0
Telecommunications services,Telecommunications,2088,9.065254200494941,2605,11.30985976642209,4693,20.37511396691703
Computer programming services,Telecommunications,155,0.6729475100942126,1336,5.800373377328182,1491,6.473320887422394
Information services,Telecommunications,18,0.078148743,1852,8.040637346,1870,8.118786089523725
Financial services (excl. insurance and pensions),Telecommunications,10,0.043415968393175006,645,2.800329961359788,655,2.843745929752963
Insurance and pension services,Telecommunications,0,0,153,0.6642643164155777,153,0.6642643164155777
Auxiliary financial services,Telecommunications,7,0.030391177875222504,309,1.3415534233491078,316,1.3719446012243304
Real estate services,Telecommunications,9,0.039074372,516,2.2402639690878305,525,2.2793383406416883
Owner-occupier housing services,Telecommunications,0,0,0,0,0,0
Other real estate services,Telecommunications,0,0,1048,4.549993488,1048,4.549993488
Legal services,Telecommunications,21,0.091173534,317,1.3762861980636478,338,1.4674597316893154
Accounting and tax services,Telecommunications,4,0.017366387357270006,213,0.9247601267746277,217,0.9421265141318977
Management consulting services,Telecommunications,168,0.7293882690053402,1748,7.589111275126992,1916,8.318499544132333
Architectural and engineering services,Telecommunications,72,0.3125949724308601,0,0,72,0.3125949724308601
Scientific research and development services,Telecommunications,0,0,0,0,0,0
Advertising and market research services,Telecommunications,30,0.13024790517952503,886,3.846654799635306,916,3.976902704814831
Other scientific and technical services,Telecommunications,0,0,52,0.22576303564451006,52,0.22576303564451006
Veterinary services,Telecommunications,0,0,0,0,0,0
Rental and leasing services,Telecommunications,8,0.034732775,248,1.0767160161507403,256,1.1114487908652804
Employment services,Telecommunications,9,0.039074372,294,1.2764294707593453,303,1.3155038423132028
Travel services,Telecommunications,0,0,9,0.039074372,9,0.039074372
Security services,Telecommunications,0,0,0,0,0,0
Building and landscape services,Telecommunications,0,0,0,0,0,0
Office support services,Telecommunications,1189,5.162158641948509,387,1.680197976815873,1576,6.8423566187643825
Public administration services (including defence),Telecommunications,0,0,20,0.086831937,20,0.086831937
Education services,Telecommunications,2,0.008683194,130,0.5644075891112752,132,0.5730907827899102
Health services,Telecommunications,0,0,0,0,0,0
Residential and social care services,Telecommunications,0,0,0,0,0,0
Arts and entertainment services,Telecommunications,0,0,0,0,0,0
Libraries and other cultural services,Telecommunications,0,0,0,0,0,0
Gambling services,Telecommunications,0,0,0,0,0,0
Sports and recreation services,Telecommunications,0,0,0,0,0,0
Membership services,Telecommunications,0,0,0,0,0,0
Computer repair services,Telecommunications,0,0,0,0,0,0
Other personal services,Telecommunications,0,0,0,0,0,0
Agriculture products,Computer Programming and Consultancy,0,0,0,0,0,0
Forestry products,Computer Programming and Consultancy,0,0,0,0,0,0
Fishing products,Computer Programming and Consultancy,0,0,0,0,0,0
Coal and lignite,Computer Programming and Consultancy,0,0,0,0,0,0
"Petroleum, natural gas and mining of metal ores",Computer Programming and Consultancy,0,0,0,0,0,0
Other mining products,Computer Programming and Consultancy,0,0,0,0,0,0
Mining support services,Computer Programming and Consultancy,0,0,0,0,0,0
Meat and preserved meat products,Computer Programming and Consultancy,1,0.001993819,76,0.15153025620576213,77,0.15352407536636425
"Fish, seafood, fruit and vegetables",Computer Programming and Consultancy,0,0,47,0.093709501,47,0.093709501
Oils and fats,Computer Programming and Consultancy,1,0.001993819,5,0.009969096,6,0.011962914963612799
Dairy products,Computer Programming and Consultancy,1,0.001993819,50,0.099690958,51,0.10168477719070881
Grain mill and starch products,Computer Programming and Consultancy,0,0,0,0,0,0
Bakery products,Computer Programming and Consultancy,0,0,65,0.12959824543913867,65,0.12959824543913867
Other food products,Computer Programming and Consultancy,19,0.037882564,9,0.017944372,28,0.055826936496859735
Animal feeds,Computer Programming and Consultancy,0,0,0,0,0,0
Alcoholic beverages and tobacco,Computer Programming and Consultancy,0,0,0,0,0,0
Soft drinks,Computer Programming and Consultancy,0,0,0,0,0,0
Textiles,Computer Programming and Consultancy,0,0,0,0,0,0
Clothing,Computer Programming and Consultancy,0,0,0,0,0,0
Leather products,Computer Programming and Consultancy,0,0,0,0,0,0
Wood products (excl. furniture),Computer Programming and Consultancy,0,0,0,0,0,0
Paper products,Computer Programming and Consultancy,10,0.019938192,143,0.2851161399661051,153,0.3050543315721264
Printing and recording services,Computer Programming and Consultancy,0,0,0,0,0,0
Coke and refined petroleum products,Computer Programming and Consultancy,0,0,62,0.12361678795733226,62,0.12361678795733226
Paints and coatings,Computer Programming and Consultancy,4,0.007975277,0,0,4,0.007975277
Soap and detergents,Computer Programming and Consultancy,0,0,0,0,0,0
Other chemical products,Computer Programming and Consultancy,0,0,0,0,0,0
Industrial gases and fertilizers,Computer Programming and Consultancy,0,0,0,0,0,0
Petrochemicals,Computer Programming and Consultancy,4,0.007975277,2,0.003987638,6,0.011962914963612802
Dyestuffs and agro-chemicals,Computer Programming and Consultancy,3,0.005981457,0,0,3,0.005981457
Pharmaceutical products,Computer Programming and Consultancy,0,0,0,0,0,0
Rubber and plastic products,Computer Programming and Consultancy,30,0.059814575,26,0.051839298,56,0.11165387299371947
Cement and concrete products,Computer Programming and Consultancy,0,0,0,0,0,0
"Glass, ceramic and stone products",Computer Programming and Consultancy,0,0,0,0,0,0
Basic iron and steel,Computer Programming and Consultancy,0,0,0,0,0,0
Other basic metals and casting,Computer Programming and Consultancy,0,0,0,0,0,0
Weapons and ammunition,Computer Programming and Consultancy,0,0,0,0,0,0
Other fabricated metal products,Computer Programming and Consultancy,0,0,0,0,0,0
Computer and electronic products,Computer Programming and Consultancy,216,0.4306649386900608,869,1.7326288505632539,1085,2.1632937892533146
Electrical equipment,Computer Programming and Consultancy,22,0.043864022,0,0,22,0.043864022
Other machinery and equipment,Computer Programming and Consultancy,0,0,0,0,0,0
Motor vehicles,Computer Programming and Consultancy,53,0.10567241551191306,0,0,53,0.10567241551191306
Ships and boats,Computer Programming and Consultancy,0,0,0,0,0,0
Aircraft and spacecraft products,Computer Programming and Consultancy,0,0,0,0,0,0
Other Transport Equipment,Computer Programming and Consultancy,0,0,0,0,0,0
Furniture,Computer Programming and Consultancy,0,0,0,0,0,0
Other manufactured goods,Computer Programming and Consultancy,11,0.021932010766623464,54,0.1076662346725152,65,0.12959824543913867
Ship and boat repair and maintenance,Computer Programming and Consultancy,0,0,0,0,0,0
Air and spacecraft repair and maintenance,Computer Programming and Consultancy,0,0,0,0,0,0
Other repair services,Computer Programming and Consultancy,20,0.039876383,159,0.3170172465357392,179,0.3568936297477819
Electricity services,Computer Programming and Consultancy,0,0,593,1.182334762237065,593,1.182334762237065
"Mains gas, steam and air conditioning services",Computer Programming and Consultancy,0,0,32,0.063802213,32,0.063802213
Water services,Computer Programming and Consultancy,0,0,9,0.017944372,9,0.017944372
Sewerage services,Computer Programming and Consultancy,0,0,8,0.015950553,8,0.015950553
Waste collection and treatment services,Computer Programming and Consultancy,18,0.035888745,0,0,18,0.035888745
Remediation and waste management services,Computer Programming and Consultancy,0,0,0,0,0,0
Construction services,Computer Programming and Consultancy,0,0,30,0.059814575,30,0.059814575
Motor vehicle trade services,Computer Programming and Consultancy,1,0.001993819,116,0.23128302262984748,117,0.2332768417904496
Wholesale trade services,Computer Programming and Consultancy,63,0.1256106071179344,538,1.0726747084039476,601,1.198285315521882
Retail trade services,Computer Programming and Consultancy,0,0,220,0.43864021533246933,220,0.43864021533246933
Rail transport services,Computer Programming and Consultancy,0,0,0,0,0,0
Land transport services,Computer Programming and Consultancy,0,0,156,0.3110357890539328,156,0.3110357890539328
Water transport services,Computer Programming and Consultancy,0,0,0,0,0,0
Air transport services,Computer Programming and Consultancy,0,0,0,0,0,0
Warehousing services,Computer Programming and Consultancy,0,0,889,1.7725052337752967,889,1.7725052337752967
Postal and courier services,Computer Programming and Consultancy,0,0,204,0.40673910876283514,204,0.40673910876283514
Accommodation services,Computer Programming and Consultancy,0,0,283,0.5642508224504038,283,0.5642508224504038
Food and beverage services,Computer Programming and Consultancy,0,0,361,0.7197687169773701,361,0.7197687169773701
Publishing services,Computer Programming and Consultancy,176,0.35091217226597543,0,0,176,0.35091217226597543
Media Production services,Computer Programming and Consultancy,0,0,0,0,0,0
Telecommunications services,Computer Programming and Consultancy,511,1.018841591,158,0.31502342737513706,669,1.3338650184428271
Computer programming services,Computer Programming and Consultancy,2051,4.089323098394976,17049,33.99262286910577,19100,38.08194596750075
Information services,Computer Programming and Consultancy,428,0.8533546007377132,582,1.1604027514704416,1010,2.0137573522081547
Financial services (excl. insurance and pensions),Computer Programming and Consultancy,80,0.15950553284817065,643,1.2820257202671719,723,1.4415312531153426
Insurance and pension services,Computer Programming and Consultancy,1,0.001993819,357,0.7117934403349616,358,0.7137872594955638
Auxiliary financial services,Computer Programming and Consultancy,62,0.12361678795733226,1545,3.0804506031302963,1607,3.2040673910876287
Real estate services,Computer Programming and Consultancy,0,0,0,0,0,0
Owner-occupier housing services,Computer Programming and Consultancy,0,0,0,0,0,0
Other real estate services,Computer Programming and Consultancy,0,0,2339,4.663543017,2339,4.663543017
Legal services,Computer Programming and Consultancy,64,0.12760442627853655,2199,4.384408334164092,2263,4.512012760442628
Accounting and tax services,Computer Programming and Consultancy,25,0.049845479,3916,7.807795832917955,3941,7.857641311933008
Management consulting services,Computer Programming and Consultancy,3017,6.0153524075366365,625,1.2461369753763334,3642,7.261489383
Architectural and engineering services,Computer Programming and Consultancy,16,0.031901107,0,0,16,0.031901107
Scientific research and development services,Computer Programming and Consultancy,0,0,0,0,0,0
Advertising and market research services,Computer Programming and Consultancy,356,0.7097996211743595,904,1.8024125211843285,1260,2.512212142358688
Other scientific and technical services,Computer Programming and Consultancy,0,0,272,0.5423188116837803,272,0.5423188116837803
Veterinary services,Computer Programming and Consultancy,0,0,0,0,0,0
Rental and leasing services,Computer Programming and Consultancy,189,0.3768318213538032,0,0,189,0.3768318213538032
Employment services,Computer Programming and Consultancy,369,0.7357192702621872,539,1.0746685275645498,908,1.810387797826737
Travel services,Computer Programming and Consultancy,0,0,0,0,0,0
Security services,Computer Programming and Consultancy,0,0,12,0.02392583,12,0.02392583
Building and landscape services,Computer Programming and Consultancy,0,0,1158,2.3088425879772707,1158,2.3088425879772707
Office support services,Computer Programming and Consultancy,4252,8.477719070880271,0,0,4252,8.477719070880271
Public administration services (including defence),Computer Programming and Consultancy,0,0,19,0.037882564,19,0.037882564
Education services,Computer Programming and Consultancy,73,0.14554879872395574,685,1.3657661250124613,758,1.511314923736417
Health services,Computer Programming and Consultancy,0,0,0,0,0,0
Residential and social care services,Computer Programming and Consultancy,0,0,0,0,0,0
Arts and entertainment services,Computer Programming and Consultancy,0,0,0,0,0,0
Libraries and other cultural services,Computer Programming and Consultancy,0,0,0,0,0,0
Gambling services,Computer Programming and Consultancy,0,0,0,0,0,0
Sports and recreation services,Computer Programming and Consultancy,0,0,0,0,0,0
Membership services,Computer Programming and Consultancy,0,0,0,0,0,0
Computer repair services,Computer Programming and Consultancy,0,0,0,0,0,0
Other personal services,Computer Programming and Consultancy,0,0,0,0,0,0
Agriculture products,Information Service Activities,0,0,0,0,0,0
Forestry products,Information Service Activities,0,0,0,0,0,0
Fishing products,Information Service Activities,0,0,0,0,0,0
Coal and lignite,Information Service Activities,0,0,0,0,0,0
"Petroleum, natural gas and mining of metal ores",Information Service Activities,0,0,0,0,0,0
Other mining products,Information Service Activities,0,0,0,0,0,0
Mining support services,Information Service Activities,0,0,0,0,0,0
Meat and preserved meat products,Information Service Activities,0,0,9,0.12320328542094457,9,0.12320328542094457
"Fish, seafood, fruit and vegetables",Information Service Activities,0,0,7,0.095824778,7,0.095824778
Oils and fats,Information Service Activities,0,0,0,0,0,0
Dairy products,Information Service Activities,0,0,7,0.095824778,7,0.095824778
Grain mill and starch products,Information Service Activities,0,0,0,0,0,0
Bakery products,Information Service Activities,0,0,7,0.095824778,7,0.095824778
Other food products,Information Service Activities,0,0,4,0.054757016,4,0.054757016
Animal feeds,Information Service Activities,0,0,0,0,0,0
Alcoholic beverages and tobacco,Information Service Activities,0,0,0,0,0,0
Soft drinks,Information Service Activities,0,0,0,0,0,0
Textiles,Information Service Activities,0,0,0,0,0,0
Clothing,Information Service Activities,0,0,0,0,0,0
Leather products,Information Service Activities,0,0,0,0,0,0
Wood products (excl. furniture),Information Service Activities,0,0,0,0,0,0
Paper products,Information Service Activities,3,0.041067762,266,3.6413415468856942,269,3.6824093086926757
Printing and recording services,Information Service Activities,0,0,0,0,0,0
Coke and refined petroleum products,Information Service Activities,0,0,4,0.054757016,4,0.054757016
Paints and coatings,Information Service Activities,0,0,0,0,0,0
Soap and detergents,Information Service Activities,0,0,0,0,0,0
Other chemical products,Information Service Activities,0,0,0,0,0,0
Industrial gases and fertilizers,Information Service Activities,0,0,0,0,0,0
Petrochemicals,Information Service Activities,0,0,0,0,0,0
Dyestuffs and agro-chemicals,Information Service Activities,0,0,0,0,0,0
Pharmaceutical products,Information Service Activities,0,0,0,0,0,0
Rubber and plastic products,Information Service Activities,0,0,0,0,0,0
Cement and concrete products,Information Service Activities,0,0,0,0,0,0
"Glass, ceramic and stone products",Information Service Activities,0,0,0,0,0,0
Basic iron and steel,Information Service Activities,0,0,0,0,0,0
Other basic metals and casting,Information Service Activities,0,0,0,0,0,0
Weapons and ammunition,Information Service Activities,0,0,0,0,0,0
Other fabricated metal products,Information Service Activities,0,0,0,0,0,0
Computer and electronic products,Information Service Activities,234,3.2032854209445585,19,0.2600958247775496,253,3.463381245722108
Electrical equipment,Information Service Activities,20,0.2737850787132101,30,0.41067761806981523,50,0.6844626967830254
Other machinery and equipment,Information Service Activities,0,0,0,0,0,0
Motor vehicles,Information Service Activities,0,0,26,0.3559206023271732,26,0.3559206023271732
Ships and boats,Information Service Activities,0,0,0,0,0,0
Aircraft and spacecraft products,Information Service Activities,0,0,0,0,0,0
Other Transport Equipment,Information Service Activities,0,0,0,0,0,0
Furniture,Information Service Activities,0,0,0,0,0,0
Other manufactured goods,Information Service Activities,0,0,6,0.082135524,6,0.082135524
Ship and boat repair and maintenance,Information Service Activities,0,0,0,0,0,0
Air and spacecraft repair and maintenance,Information Service Activities,0,0,0,0,0,0
Other repair services,Information Service Activities,1,0.013689253935660506,110,1.5058179329226558,111,1.5195071868583163
Electricity services,Information Service Activities,0,0,330,4.517453798767967,330,4.517453798767967
"Mains gas, steam and air conditioning services",Information Service Activities,0,0,24,0.32854209445585214,24,0.32854209445585214
Water services,Information Service Activities,0,0,5,0.06844627,5,0.06844627
Sewerage services,Information Service Activities,0,0,2,0.027378508,2,0.027378508
Waste collection and treatment services,Information Service Activities,0,0,6,0.082135524,6,0.082135524
Remediation and waste management services,Information Service Activities,0,0,0,0,0,0
Construction services,Information Service Activities,0,0,35,0.4791238877481177,35,0.4791238877481177
Motor vehicle trade services,Information Service Activities,0,0,35,0.4791238877481177,35,0.4791238877481177
Wholesale trade services,Information Service Activities,4,0.054757016,208,2.8473648186173857,212,2.9021218343600275
Retail trade services,Information Service Activities,0,0,42,0.5749486652977412,42,0.5749486652977412
Rail transport services,Information Service Activities,0,0,0,0,0,0
Land transport services,Information Service Activities,0,0,13,0.1779603011635866,13,0.1779603011635866
Water transport services,Information Service Activities,0,0,0,0,0,0
Air transport services,Information Service Activities,0,0,2,0.027378508,2,0.027378508
Warehousing services,Information Service Activities,0,0,0,0,0,0
Postal and courier services,Information Service Activities,0,0,279,3.8193018480492813,279,3.8193018480492813
Accommodation services,Information Service Activities,0,0,0,0,0,0
Food and beverage services,Information Service Activities,0,0,34,0.4654346338124572,34,0.4654346338124572
Publishing services,Information Service Activities,0,0,0,0,0,0
Media Production services,Information Service Activities,0,0,0,0,0,0
Telecommunications services,Information Service Activities,43,0.5886379192334017,217,2.970568104,260,3.5592060232717317
Computer programming services,Information Service Activities,90,1.2320328542094456,763,10.444900752908968,853,11.676933607118414
Information services,Information Service Activities,108,1.4784394250513346,278,3.8056125941136205,386,5.284052019164955
Financial services (excl. insurance and pensions),Information Service Activities,0,0,102,1.3963039014373715,102,1.3963039014373715
Insurance and pension services,Information Service Activities,0,0,64,0.8761122518822724,64,0.8761122518822724
Auxiliary financial services,Information Service Activities,0,0,12,0.16427104722792607,12,0.16427104722792607
Real estate services,Information Service Activities,0,0,0,0,0,0
Owner-occupier housing services,Information Service Activities,0,0,0,0,0,0
Other real estate services,Information Service Activities,0,0,0,0,0,0
Legal services,Information Service Activities,1,0.013689253935660506,638,8.733744010951403,639,8.747433264887064
Accounting and tax services,Information Service Activities,17,0.2327173169062286,79,1.0814510609171801,96,1.3141683778234088
Management consulting services,Information Service Activities,26,0.3559206023271732,1665,22.79260780287474,1691,23.148528405201915
Architectural and engineering services,Information Service Activities,0,0,0,0,0,0
Scientific research and development services,Information Service Activities,0,0,0,0,0,0
Advertising and market research services,Information Service Activities,106,1.4510609171800137,399,5.462012320328542,505,6.913073237508556
Other scientific and technical services,Information Service Activities,0,0,107,1.464750171115674,107,1.464750171115674
Veterinary services,Information Service Activities,0,0,0,0,0,0
Rental and leasing services,Information Service Activities,0,0,67,0.917180014,67,0.917180014
Employment services,Information Service Activities,8,0.10951403148528405,275,3.764544832306639,283,3.874058863791923
Travel services,Information Service Activities,0,0,0,0,0,0
Security services,Information Service Activities,0,0,62,0.8487337440109514,62,0.8487337440109514
Building and landscape services,Information Service Activities,0,0,243,3.3264887063655033,243,3.3264887063655033
Office support services,Information Service Activities,141,1.9301848049281316,18,0.24640657084188913,159,2.1765913757700206
Public administration services (including defence),Information Service Activities,0,0,3,0.041067762,3,0.041067762
Education services,Information Service Activities,0,0,0,0,0,0
Health services,Information Service Activities,0,0,0,0,0,0
Residential and social care services,Information Service Activities,0,0,0,0,0,0
Arts and entertainment services,Information Service Activities,0,0,0,0,0,0
Libraries and other cultural services,Information Service Activities,0,0,0,0,0,0
Gambling services,Information Service Activities,0,0,0,0,0,0
Sports and recreation services,Information Service Activities,0,0,0,0,0,0
Membership services,Information Service Activities,1,0.013689253935660506,0,0,1,0.013689253935660506
Computer repair services,Information Service Activities,0,0,0,0,0,0
Other personal services,Information Service Activities,0,0,0,0,0,0
Agriculture products,Financial Services Activities (excl. insurance and pensions),0,0,0,0,0,0
Forestry products,Financial Services Activities (excl. insurance and pensions),0,0,0,0,0,0
Fishing products,Financial Services Activities (excl. insurance and pensions),0,0,0,0,0,0
Coal and lignite,Financial Services Activities (excl. insurance and pensions),0,0,0,0,0,0
"Petroleum, natural gas and mining of metal ores",Financial Services Activities (excl. insurance and pensions),0,0,0,0,0,0
Other mining products,Financial Services Activities (excl. insurance and pensions),0,0,0,0,0,0
Mining support services,Financial Services Activities (excl. insurance and pensions),0,0,0,0,0,0
Meat and preserved meat products,Financial Services Activities (excl. insurance and pensions),9,0.011391539883046857,2,0.002531453,11,0.013922993190390604
"Fish, seafood, fruit and vegetables",Financial Services Activities (excl. insurance and pensions),1,0.001265727,46,0.058223426,47,0.059489153
Oils and fats,Financial Services Activities (excl. insurance and pensions),0,0,12,0.015188719844062476,12,0.015188719844062476
Dairy products,Financial Services Activities (excl. insurance and pensions),0,0,29,0.036706072956484315,29,0.036706072956484315
Grain mill and starch products,Financial Services Activities (excl. insurance and pensions),0,0,0,0,0,0
Bakery products,Financial Services Activities (excl. insurance and pensions),0,0,31,0.039237526263828065,31,0.039237526263828065
Other food products,Financial Services Activities (excl. insurance and pensions),1,0.001265727,62,0.078475053,63,0.079740779
Animal feeds,Financial Services Activities (excl. insurance and pensions),0,0,0,0,0,0
Alcoholic beverages and tobacco,Financial Services Activities (excl. insurance and pensions),0,0,15,0.018985899805078095,15,0.018985899805078095
Soft drinks,Financial Services Activities (excl. insurance and pensions),0,0,29,0.036706072956484315,29,0.036706072956484315
Textiles,Financial Services Activities (excl. insurance and pensions),15,0.018985899805078095,1,0.001265727,16,0.020251626458749967
Clothing,Financial Services Activities (excl. insurance and pensions),0,0,8,0.010125813229374985,8,0.010125813229374985
Leather products,Financial Services Activities (excl. insurance and pensions),5,0.006328633,3,0.00379718,8,0.010125813229374985
Wood products (excl. furniture),Financial Services Activities (excl. insurance and pensions),1,0.001265727,5,0.006328633,6,0.00759436
Paper products,Financial Services Activities (excl. insurance and pensions),4,0.005062907,186,0.23542515758296836,190,0.24048806419765587
Printing and recording services,Financial Services Activities (excl. insurance and pensions),0,0,316,0.39996962256031193,316,0.39996962256031193
Coke and refined petroleum products,Financial Services Activities (excl. insurance and pensions),14,0.017720173151406223,284,0.3594663696428119,298,0.37718654279421815
Paints and coatings,Financial Services Activities (excl. insurance and pensions),3,0.00379718,0,0,3,0.00379718
Soap and detergents,Financial Services Activities (excl. insurance and pensions),0,0,6,0.00759436,6,0.00759436
Other chemical products,Financial Services Activities (excl. insurance and pensions),2,0.002531453,1,0.001265727,3,0.00379718
Industrial gases and fertilizers,Financial Services Activities (excl. insurance and pensions),3,0.00379718,1,0.001265727,4,0.005062907
Petrochemicals,Financial Services Activities (excl. insurance and pensions),5,0.006328633,1,0.001265727,6,0.00759436
Dyestuffs and agro-chemicals,Financial Services Activities (excl. insurance and pensions),0,0,3,0.00379718,3,0.00379718
Pharmaceutical products,Financial Services Activities (excl. insurance and pensions),0,0,0,0,0,0
Rubber and plastic products,Financial Services Activities (excl. insurance and pensions),29,0.036706072956484315,104,0.1316355719818748,133,0.16834164493835913
Cement and concrete products,Financial Services Activities (excl. insurance and pensions),0,0,0,0,0,0
"Glass, ceramic and stone products",Financial Services Activities (excl. insurance and pensions),0,0,0,0,0,0
Basic iron and steel,Financial Services Activities (excl. insurance and pensions),0,0,0,0,0,0
Other basic metals and casting,Financial Services Activities (excl. insurance and pensions),1,0.001265727,0,0,1,0.001265727
Weapons and ammunition,Financial Services Activities (excl. insurance and pensions),0,0,0,0,0,0
Other fabricated metal products,Financial Services Activities (excl. insurance and pensions),21,0.026580259727109336,0,0,21,0.026580259727109336
Computer and electronic products,Financial Services Activities (excl. insurance and pensions),23,0.029111713034453084,48,0.060754879376249904,71,0.089866592
Electrical equipment,Financial Services Activities (excl. insurance and pensions),1,0.001265727,53,0.067083513,54,0.068349239
Other machinery and equipment,Financial Services Activities (excl. insurance and pensions),3,0.00379718,28,0.035440346302812446,31,0.039237526263828065
Motor vehicles,Financial Services Activities (excl. insurance and pensions),0,0,74,0.093663772,74,0.093663772
Ships and boats,Financial Services Activities (excl. insurance and pensions),0,0,0,0,0,0
Aircraft and spacecraft products,Financial Services Activities (excl. insurance and pensions),0,0,1,0.001265727,1,0.001265727
Other Transport Equipment,Financial Services Activities (excl. insurance and pensions),1,0.001265727,1,0.001265727,2,0.002531453
Furniture,Financial Services Activities (excl. insurance and pensions),1,0.001265727,12,0.015188719844062476,13,0.016454446497734348
Other manufactured goods,Financial Services Activities (excl. insurance and pensions),0,0,94,0.11897830544515607,94,0.11897830544515607
Ship and boat repair and maintenance,Financial Services Activities (excl. insurance and pensions),0,0,0,0,0,0
Air and spacecraft repair and maintenance,Financial Services Activities (excl. insurance and pensions),0,0,0,0,0,0
Other repair services,Financial Services Activities (excl. insurance and pensions),0,0,18,0.022783079766093714,18,0.022783079766093714
Electricity services,Financial Services Activities (excl. insurance and pensions),0,0,412,0.5214793813128117,412,0.5214793813128117
"Mains gas, steam and air conditioning services",Financial Services Activities (excl. insurance and pensions),0,0,84,0.10632103890843735,84,0.10632103890843735
Water services,Financial Services Activities (excl. insurance and pensions),0,0,5,0.006328633,5,0.006328633
Sewerage services,Financial Services Activities (excl. insurance and pensions),0,0,8,0.010125813229374985,8,0.010125813229374985
Waste collection and treatment services,Financial Services Activities (excl. insurance and pensions),55,0.069614966,0,0,55,0.069614966
Remediation and waste management services,Financial Services Activities (excl. insurance and pensions),0,0,0,0,0,0
Construction services,Financial Services Activities (excl. insurance and pensions),0,0,1233,1.5606409639774195,1233,1.5606409639774195
Motor vehicle trade services,Financial Services Activities (excl. insurance and pensions),0,0,423,0.5354023745032023,423,0.5354023745032023
Wholesale trade services,Financial Services Activities (excl. insurance and pensions),0,0,360,0.4556615953218743,360,0.4556615953218743
Retail trade services,Financial Services Activities (excl. insurance and pensions),0,0,144,0.1822646381287497,144,0.1822646381287497
Rail transport services,Financial Services Activities (excl. insurance and pensions),0,0,26,0.032908893,26,0.032908893
Land transport services,Financial Services Activities (excl. insurance and pensions),0,0,546,0.6910867529048427,546,0.6910867529048427
Water transport services,Financial Services Activities (excl. insurance and pensions),0,0,49,0.062020606,49,0.062020606
Air transport services,Financial Services Activities (excl. insurance and pensions),0,0,1285,1.626458749968357,1285,1.626458749968357
Warehousing services,Financial Services Activities (excl. insurance and pensions),0,0,1088,1.377110599194998,1088,1.377110599194998
Postal and courier services,Financial Services Activities (excl. insurance and pensions),0,0,3378,4.275624636103587,3378,4.275624636103587
Accommodation services,Financial Services Activities (excl. insurance and pensions),0,0,722,0.9138546439510923,722,0.9138546439510923
Food and beverage services,Financial Services Activities (excl. insurance and pensions),0,0,502,0.6353947801432802,502,0.6353947801432802
Publishing services,Financial Services Activities (excl. insurance and pensions),15,0.018985899805078095,41,0.051894793,56,0.070880693
Media Production services,Financial Services Activities (excl. insurance and pensions),1,0.001265727,0,0,1,0.001265727
Telecommunications services,Financial Services Activities (excl. insurance and pensions),4,0.005062907,2632,3.331392552,2636,3.3364554590790574
Computer programming services,Financial Services Activities (excl. insurance and pensions),1217,1.5403893375186695,3133,3.9655216059539784,4350,5.505910943472648
Information services,Financial Services Activities (excl. insurance and pensions),385,0.48730476166367115,483,0.6113459737235147,868,1.098650735387186
Financial services (excl. insurance and pensions),Financial Services Activities (excl. insurance and pensions),8285,10.486545325671468,6184,7.827253626306863,14469,18.31379895197833
Insurance and pension services,Financial Services Activities (excl. insurance and pensions),0,0,187,0.23669088423664023,187,0.23669088423664023
Auxiliary financial services,Financial Services Activities (excl. insurance and pensions),1476,1.8682125408196846,9807,12.412981292560058,11283,14.281193833379742
Real estate services,Financial Services Activities (excl. insurance and pensions),0,0,57,0.072146419,57,0.072146419
Owner-occupier housing services,Financial Services Activities (excl. insurance and pensions),0,0,0,0,0,0
Other real estate services,Financial Services Activities (excl. insurance and pensions),0,0,1966,2.4884186011189025,1966,2.4884186011189025
Legal services,Financial Services Activities (excl. insurance and pensions),315,0.398703896,1973,2.4972786876946054,2288,2.8959825836012456
Accounting and tax services,Financial Services Activities (excl. insurance and pensions),236,0.29871149,1851,2.342860035946637,2087,2.641571526213199
Management consulting services,Financial Services Activities (excl. insurance and pensions),5782,7.318431511530769,4839,6.124851277118194,10621,13.443282788648963
Architectural and engineering services,Financial Services Activities (excl. insurance and pensions),5,0.006328633,1363,1.725185428954763,1368,1.7315140622231224
Scientific research and development services,Financial Services Activities (excl. insurance and pensions),0,0,0,0,0,0
Advertising and market research services,Financial Services Activities (excl. insurance and pensions),1,0.001265727,2052,2.597271093334683,2053,2.598536819988355
Other scientific and technical services,Financial Services Activities (excl. insurance and pensions),0,0,622,0.7872819785839049,622,0.7872819785839049
Veterinary services,Financial Services Activities (excl. insurance and pensions),0,0,0,0,0,0
Rental and leasing services,Financial Services Activities (excl. insurance and pensions),0,0,113,0.14302711186492165,113,0.14302711186492165
Employment services,Financial Services Activities (excl. insurance and pensions),892,1.1290281750753108,1013,1.2821811001696075,1905,2.4112092752449183
Travel services,Financial Services Activities (excl. insurance and pensions),0,0,591,0.7480444523200769,591,0.7480444523200769
Security services,Financial Services Activities (excl. insurance and pensions),0,0,1197,1.515074804445232,1197,1.515074804445232
Building and landscape services,Financial Services Activities (excl. insurance and pensions),2,0.002531453,609,0.7708275320861707,611,0.7733589853935144
Office support services,Financial Services Activities (excl. insurance and pensions),5344,6.764043237222489,0,0,5344,6.764043237222489
Public administration services (including defence),Financial Services Activities (excl. insurance and pensions),0,0,110,0.13922993190390603,110,0.13922993190390603
Education services,Financial Services Activities (excl. insurance and pensions),0,0,1101,1.3935650456927322,1101,1.3935650456927322
Health services,Financial Services Activities (excl. insurance and pensions),0,0,46,0.058223426,46,0.058223426
Residential and social care services,Financial Services Activities (excl. insurance and pensions),5,0.006328633,3,0.00379718,8,0.010125813229374985
Arts and entertainment services,Financial Services Activities (excl. insurance and pensions),0,0,29,0.036706072956484315,29,0.036706072956484315
Libraries and other cultural services,Financial Services Activities (excl. insurance and pensions),0,0,0,0,0,0
Gambling services,Financial Services Activities (excl. insurance and pensions),0,0,375,0.47464749512695237,375,0.47464749512695237
Sports and recreation services,Financial Services Activities (excl. insurance and pensions),0,0,53,0.067083513,53,0.067083513
Membership services,Financial Services Activities (excl. insurance and pensions),0,0,304,0.3847809027162494,304,0.3847809027162494
Computer repair services,Financial Services Activities (excl. insurance and pensions),1,0.001265727,100,0.12657266536718728,101,0.12783839202085914
Other personal services,Financial Services Activities (excl. insurance and pensions),0,0,269,0.34048046983773383,269,0.34048046983773383
Agriculture products,Insurance and Pension Funding,0,0,1,0.003295001,1,0.003295001
Forestry products,Insurance and Pension Funding,0,0,0,0,0,0
Fishing products,Insurance and Pension Funding,0,0,0,0,0,0
Coal and lignite,Insurance and Pension Funding,0,0,0,0,0,0
"Petroleum, natural gas and mining of metal ores",Insurance and Pension Funding,0,0,0,0,0,0
Other mining products,Insurance and Pension Funding,0,0,0,0,0,0
Mining support services,Insurance and Pension Funding,0,0,0,0,0,0
Meat and preserved meat products,Insurance and Pension Funding,0,0,2,0.006590003,2,0.006590003
"Fish, seafood, fruit and vegetables",Insurance and Pension Funding,0,0,6,0.019770008896504005,6,0.019770008896504005
Oils and fats,Insurance and Pension Funding,0,0,0,0,0,0
Dairy products,Insurance and Pension Funding,0,0,3,0.009885004,3,0.009885004
Grain mill and starch products,Insurance and Pension Funding,0,0,0,0,0,0
Bakery products,Insurance and Pension Funding,0,0,6,0.019770008896504005,6,0.019770008896504005
Other food products,Insurance and Pension Funding,0,0,9,0.029655013344756006,9,0.029655013344756006
Animal feeds,Insurance and Pension Funding,0,0,0,0,0,0
Alcoholic beverages and tobacco,Insurance and Pension Funding,0,0,1,0.003295001,1,0.003295001
Soft drinks,Insurance and Pension Funding,0,0,1,0.003295001,1,0.003295001
Textiles,Insurance and Pension Funding,0,0,2,0.006590003,2,0.006590003
Clothing,Insurance and Pension Funding,0,0,1,0.003295001,1,0.003295001
Leather products,Insurance and Pension Funding,0,0,2,0.006590003,2,0.006590003
Wood products (excl. furniture),Insurance and Pension Funding,0,0,6,0.019770008896504005,6,0.019770008896504005
Paper products,Insurance and Pension Funding,0,0,24,0.079080036,24,0.079080036
Printing and recording services,Insurance and Pension Funding,0,0,422,1.3904906257207816,422,1.3904906257207816
Coke and refined petroleum products,Insurance and Pension Funding,0,0,51,0.16804507562028403,51,0.16804507562028403
Paints and coatings,Insurance and Pension Funding,0,0,2,0.006590003,2,0.006590003
Soap and detergents,Insurance and Pension Funding,0,0,0,0,0,0
Other chemical products,Insurance and Pension Funding,0,0,2,0.006590003,2,0.006590003
Industrial gases and fertilizers,Insurance and Pension Funding,0,0,2,0.006590003,2,0.006590003
Petrochemicals,Insurance and Pension Funding,1,0.003295001,0,0,1,0.003295001
Dyestuffs and agro-chemicals,Insurance and Pension Funding,0,0,1,0.003295001,1,0.003295001
Pharmaceutical products,Insurance and Pension Funding,0,0,0,0,0,0
Rubber and plastic products,Insurance and Pension Funding,0,0,15,0.049425022241260004,15,0.049425022241260004
Cement and concrete products,Insurance and Pension Funding,0,0,0,0,0,0
"Glass, ceramic and stone products",Insurance and Pension Funding,0,0,1,0.003295001,1,0.003295001
Basic iron and steel,Insurance and Pension Funding,0,0,4,0.013180005931002667,4,0.013180005931002667
Other basic metals and casting,Insurance and Pension Funding,1,0.003295001,0,0,1,0.003295001
Weapons and ammunition,Insurance and Pension Funding,0,0,0,0,0,0
Other fabricated metal products,Insurance and Pension Funding,0,0,7,0.02306501,7,0.02306501
Computer and electronic products,Insurance and Pension Funding,19,0.062605028,0,0,19,0.062605028
Electrical equipment,Insurance and Pension Funding,0,0,8,0.026360011862005334,8,0.026360011862005334
Other machinery and equipment,Insurance and Pension Funding,0,0,3,0.009885004,3,0.009885004
Motor vehicles,Insurance and Pension Funding,0,0,25,0.082375037,25,0.082375037
Ships and boats,Insurance and Pension Funding,0,0,2,0.006590003,2,0.006590003
Aircraft and spacecraft products,Insurance and Pension Funding,0,0,10,0.032950014827506674,10,0.032950014827506674
Other Transport Equipment,Insurance and Pension Funding,0,0,0,0,0,0
Furniture,Insurance and Pension Funding,0,0,0,0,0,0
Other manufactured goods,Insurance and Pension Funding,0,0,21,0.069195031,21,0.069195031
Ship and boat repair and maintenance,Insurance and Pension Funding,0,0,0,0,0,0
Air and spacecraft repair and maintenance,Insurance and Pension Funding,0,0,0,0,0,0
Other repair services,Insurance and Pension Funding,0,0,2,0.006590003,2,0.006590003
Electricity services,Insurance and Pension Funding,0,0,25,0.082375037,25,0.082375037
"Mains gas, steam and air conditioning services",Insurance and Pension Funding,0,0,6,0.019770008896504005,6,0.019770008896504005
Water services,Insurance and Pension Funding,0,0,118,0.38881017496457876,118,0.38881017496457876
Sewerage services,Insurance and Pension Funding,0,0,7,0.02306501,7,0.02306501
Waste collection and treatment services,Insurance and Pension Funding,0,0,7,0.02306501,7,0.02306501
Remediation and waste management services,Insurance and Pension Funding,0,0,0,0,0,0
Construction services,Insurance and Pension Funding,336,1.1071204982042242,701,2.3097960394082175,1037,3.4169165376124417
Motor vehicle trade services,Insurance and Pension Funding,0,0,230,0.7578503410326535,230,0.7578503410326535
Wholesale trade services,Insurance and Pension Funding,0,0,76,0.2504201126890507,76,0.2504201126890507
Retail trade services,Insurance and Pension Funding,0,0,30,0.098850044,30,0.098850044
Rail transport services,Insurance and Pension Funding,0,0,13,0.042835019275758675,13,0.042835019275758675
Land transport services,Insurance and Pension Funding,0,0,152,0.5008402253781014,152,0.5008402253781014
Water transport services,Insurance and Pension Funding,0,0,11,0.036245016,11,0.036245016
Air transport services,Insurance and Pension Funding,0,0,165,0.5436752446538601,165,0.5436752446538601
Warehousing services,Insurance and Pension Funding,0,0,19,0.062605028,19,0.062605028
Postal and courier services,Insurance and Pension Funding,238,0.7842103528946588,581,1.9143958614781378,819,2.6986062143727967
Accommodation services,Insurance and Pension Funding,181,0.5963952683778708,450,1.4827506672378004,631,2.079145935615671
Food and beverage services,Insurance and Pension Funding,0,0,148,0.48766021944709875,148,0.48766021944709875
Publishing services,Insurance and Pension Funding,0,0,25,0.082375037,25,0.082375037
Media Production services,Insurance and Pension Funding,0,0,0,0,0,0
Telecommunications services,Insurance and Pension Funding,232,0.7644403439981547,334,1.100530495238723,566,1.8649708392368778
Computer programming services,Insurance and Pension Funding,425,1.4003756301690335,700,2.306501037925467,1125,3.706876668094501
Information services,Insurance and Pension Funding,0,0,254,0.8369303766186695,254,0.8369303766186695
Financial services (excl. insurance and pensions),Insurance and Pension Funding,179,0.5898052654123694,1559,5.136907312,1738,5.726712577
Insurance and pension services,Insurance and Pension Funding,4798,15.80941711,2647,8.721868924841015,7445,24.531286039078715
Auxiliary financial services,Insurance and Pension Funding,336,1.1071204982042242,9296,30.630333783650205,9632,31.73745428185443
Real estate services,Insurance and Pension Funding,0,0,27,0.08896504,27,0.08896504
Owner-occupier housing services,Insurance and Pension Funding,0,0,0,0,0,0
Other real estate services,Insurance and Pension Funding,146,0.4810702164815974,405,1.3344756005140201,551,1.8155458169956176
Legal services,Insurance and Pension Funding,181,0.5963952683778708,277,0.9127154107219349,458,1.5091106790998057
Accounting and tax services,Insurance and Pension Funding,135,0.4448252001713401,115,0.37892517051632674,250,0.8237503706876668
Management consulting services,Insurance and Pension Funding,235,0.7743253484464068,354,1.166430524893736,589,1.9407558733401429
Architectural and engineering services,Insurance and Pension Funding,140,0.4613002075850934,170,0.5601502520676135,310,1.0214504596527068
Scientific research and development services,Insurance and Pension Funding,0,0,63,0.20758509341329204,63,0.20758509341329204
Advertising and market research services,Insurance and Pension Funding,250,0.8237503706876669,803,2.6458861906487856,1053,3.4696365613364524
Other scientific and technical services,Insurance and Pension Funding,0,0,663,2.1845859830636924,663,2.1845859830636924
Veterinary services,Insurance and Pension Funding,0,0,0,0,0,0
Rental and leasing services,Insurance and Pension Funding,0,0,61,0.2009950904477907,61,0.2009950904477907
Employment services,Insurance and Pension Funding,155,0.5107252298263534,307,1.0115654552044548,462,1.5222906850308082
Travel services,Insurance and Pension Funding,0,0,0,0,0,0
Security services,Insurance and Pension Funding,0,0,6,0.019770008896504005,6,0.019770008896504005
Building and landscape services,Insurance and Pension Funding,0,0,170,0.5601502520676135,170,0.5601502520676135
Office support services,Insurance and Pension Funding,294,0.9687304359286962,34,0.1120300504135227,328,1.0807604863422189
Public administration services (including defence),Insurance and Pension Funding,0,0,15,0.049425022241260004,15,0.049425022241260004
Education services,Insurance and Pension Funding,0,0,212,0.6985403143431415,212,0.6985403143431415
Health services,Insurance and Pension Funding,0,0,121,0.3986951794128307,121,0.3986951794128307
Residential and social care services,Insurance and Pension Funding,1,0.003295001,2,0.006590003,3,0.009885004
Arts and entertainment services,Insurance and Pension Funding,0,0,0,0,0,0
Libraries and other cultural services,Insurance and Pension Funding,0,0,4,0.013180005931002667,4,0.013180005931002667
Gambling services,Insurance and Pension Funding,0,0,0,0,0,0
Sports and recreation services,Insurance and Pension Funding,0,0,29,0.095555043,29,0.095555043
Membership services,Insurance and Pension Funding,0,0,23,0.075785034,23,0.075785034
Computer repair services,Insurance and Pension Funding,0,0,0,0,0,0
Other personal services,Insurance and Pension Funding,0,0,9,0.029655013344756006,9,0.029655013344756006
Agriculture products,Financial and Insurance Support Activities,3,0.008919811,0,0,3,0.008919811
Forestry products,Financial and Insurance Support Activities,0,0,0,0,0,0
Fishing products,Financial and Insurance Support Activities,0,0,0,0,0,0
Coal and lignite,Financial and Insurance Support Activities,0,0,0,0,0,0
"Petroleum, natural gas and mining of metal ores",Financial and Insurance Support Activities,3,0.008919811,0,0,3,0.008919811
Other mining products,Financial and Insurance Support Activities,0,0,1,0.00297327,1,0.00297327
Mining support services,Financial and Insurance Support Activities,0,0,0,0,0,0
Meat and preserved meat products,Financial and Insurance Support Activities,0,0,2,0.005946541,2,0.005946541
"Fish, seafood, fruit and vegetables",Financial and Insurance Support Activities,0,0,1,0.00297327,1,0.00297327
Oils and fats,Financial and Insurance Support Activities,0,0,0,0,0,0
Dairy products,Financial and Insurance Support Activities,0,0,26,0.077305028,26,0.077305028
Grain mill and starch products,Financial and Insurance Support Activities,1,0.00297327,0,0,1,0.00297327
Bakery products,Financial and Insurance Support Activities,0,0,13,0.038652513900038654,13,0.038652513900038654
Other food products,Financial and Insurance Support Activities,2,0.005946541,30,0.089198109,32,0.09514465
Animal feeds,Financial and Insurance Support Activities,0,0,0,0,0,0
Alcoholic beverages and tobacco,Financial and Insurance Support Activities,0,0,4,0.011893081200011894,4,0.011893081200011894
Soft drinks,Financial and Insurance Support Activities,0,0,10,0.029732703000029732,10,0.029732703000029732
Textiles,Financial and Insurance Support Activities,0,0,0,0,0,0
Clothing,Financial and Insurance Support Activities,0,0,5,0.014866351500014866,5,0.014866351500014866
Leather products,Financial and Insurance Support Activities,0,0,8,0.023786162400023788,8,0.023786162400023788
Wood products (excl. furniture),Financial and Insurance Support Activities,6,0.017839622,10,0.029732703000029732,16,0.047572325
Paper products,Financial and Insurance Support Activities,0,0,146,0.4340974638004341,146,0.4340974638004341
Printing and recording services,Financial and Insurance Support Activities,0,0,194,0.5768144382005769,194,0.5768144382005769
Coke and refined petroleum products,Financial and Insurance Support Activities,4,0.011893081200011894,176,0.5232955728005233,180,0.5351886540005352
Paints and coatings,Financial and Insurance Support Activities,0,0,12,0.035679244,12,0.035679244
Soap and detergents,Financial and Insurance Support Activities,0,0,12,0.035679244,12,0.035679244
Other chemical products,Financial and Insurance Support Activities,3,0.008919811,0,0,3,0.008919811
Industrial gases and fertilizers,Financial and Insurance Support Activities,1,0.00297327,0,0,1,0.00297327
Petrochemicals,Financial and Insurance Support Activities,1,0.00297327,1,0.00297327,2,0.005946541
Dyestuffs and agro-chemicals,Financial and Insurance Support Activities,0,0,0,0,0,0
Pharmaceutical products,Financial and Insurance Support Activities,1,0.00297327,0,0,1,0.00297327
Rubber and plastic products,Financial and Insurance Support Activities,1,0.00297327,58,0.17244967740017245,59,0.1754229477001754
Cement and concrete products,Financial and Insurance Support Activities,0,0,1,0.00297327,1,0.00297327
"Glass, ceramic and stone products",Financial and Insurance Support Activities,0,0,1,0.00297327,1,0.00297327
Basic iron and steel,Financial and Insurance Support Activities,3,0.008919811,0,0,3,0.008919811
Other basic metals and casting,Financial and Insurance Support Activities,1,0.00297327,0,0,1,0.00297327
Weapons and ammunition,Financial and Insurance Support Activities,0,0,0,0,0,0
Other fabricated metal products,Financial and Insurance Support Activities,7,0.020812892,28,0.083251568,35,0.10406446050010405
Computer and electronic products,Financial and Insurance Support Activities,35,0.10406446050010407,33,0.09811792,68,0.2021823804002022
Electrical equipment,Financial and Insurance Support Activities,21,0.062438676,5,0.014866351500014866,26,0.077305028
Other machinery and equipment,Financial and Insurance Support Activities,13,0.038652513900038654,2,0.005946541,15,0.044599055
Motor vehicles,Financial and Insurance Support Activities,0,0,60,0.17839621800017838,60,0.17839621800017838
Ships and boats,Financial and Insurance Support Activities,0,0,0,0,0,0
Aircraft and spacecraft products,Financial and Insurance Support Activities,4,0.011893081200011894,0,0,4,0.011893081200011894
Other Transport Equipment,Financial and Insurance Support Activities,0,0,0,0,0,0
Furniture,Financial and Insurance Support Activities,0,0,4,0.011893081200011894,4,0.011893081200011894
Other manufactured goods,Financial and Insurance Support Activities,0,0,112,0.33300627360033297,112,0.33300627360033297
Ship and boat repair and maintenance,Financial and Insurance Support Activities,0,0,16,0.047572324800047576,16,0.047572324800047576
Air and spacecraft repair and maintenance,Financial and Insurance Support Activities,0,0,0,0,0,0
Other repair services,Financial and Insurance Support Activities,14,0.041625784,7,0.020812892,21,0.062438676
Electricity services,Financial and Insurance Support Activities,0,0,411,1.222014093301222,411,1.222014093301222
"Mains gas, steam and air conditioning services",Financial and Insurance Support Activities,0,0,37,0.110011001,37,0.110011001
Water services,Financial and Insurance Support Activities,0,0,0,0,0,0
Sewerage services,Financial and Insurance Support Activities,0,0,14,0.041625784,14,0.041625784
Waste collection and treatment services,Financial and Insurance Support Activities,0,0,84,0.24975470520024975,84,0.24975470520024975
Remediation and waste management services,Financial and Insurance Support Activities,0,0,0,0,0,0
Construction services,Financial and Insurance Support Activities,0,0,128,0.3805785984003806,128,0.3805785984003806
Motor vehicle trade services,Financial and Insurance Support Activities,1,0.00297327,94,0.2794874082002795,95,0.2824606785002825
Wholesale trade services,Financial and Insurance Support Activities,7,0.020812892,238,0.7076383314007076,245,0.7284512235007284
Retail trade services,Financial and Insurance Support Activities,0,0,107,0.31813992210031816,107,0.31813992210031816
Rail transport services,Financial and Insurance Support Activities,0,0,12,0.035679244,12,0.035679244
Land transport services,Financial and Insurance Support Activities,0,0,139,0.4132845717004133,139,0.4132845717004133
Water transport services,Financial and Insurance Support Activities,0,0,40,0.11893081200011893,40,0.11893081200011893
Air transport services,Financial and Insurance Support Activities,0,0,113,0.33597954390033596,113,0.33597954390033596
Warehousing services,Financial and Insurance Support Activities,0,0,249,0.7403443047007403,249,0.7403443047007403
Postal and courier services,Financial and Insurance Support Activities,1,0.00297327,2527,7.513454048107514,2528,7.5164273184075165
Accommodation services,Financial and Insurance Support Activities,0,0,270,0.8027829810008028,270,0.8027829810008028
Food and beverage services,Financial and Insurance Support Activities,0,0,64,0.1902892992001903,64,0.1902892992001903
Publishing services,Financial and Insurance Support Activities,18,0.053518865,0,0,18,0.053518865
Media Production services,Financial and Insurance Support Activities,2,0.005946541,0,0,2,0.005946541
Telecommunications services,Financial and Insurance Support Activities,40,0.11893081200011893,3259,9.689887907709691,3299,9.80881872
Computer programming services,Financial and Insurance Support Activities,234,0.6957452502006957,4257,12.657211667112659,4491,13.352956917313355
Information services,Financial and Insurance Support Activities,283,0.8414354949008415,0,0,283,0.8414354949008415
Financial services (excl. insurance and pensions),Financial and Insurance Support Activities,1426,4.239883448,0,0,1426,4.239883448
Insurance and pension services,Financial and Insurance Support Activities,12,0.035679244,0,0,12,0.035679244
Auxiliary financial services,Financial and Insurance Support Activities,4323,12.853447506912854,10963,32.5959623,15286,45.44940980584545
Real estate services,Financial and Insurance Support Activities,4,0.011893081200011894,0,0,4,0.011893081200011894
Owner-occupier housing services,Financial and Insurance Support Activities,0,0,0,0,0,0
Other real estate services,Financial and Insurance Support Activities,1,0.00297327,100,0.2973270300002973,101,0.3003003003003003
Legal services,Financial and Insurance Support Activities,81,0.24083489430024083,375,1.114976362501115,456,1.3558112568013558
Accounting and tax services,Financial and Insurance Support Activities,43,0.12785062290012783,105,0.3121933815003122,148,0.440044004
Management consulting services,Financial and Insurance Support Activities,171,0.5084292213005084,0,0,171,0.5084292213005084
Architectural and engineering services,Financial and Insurance Support Activities,1,0.00297327,145,0.43112419350043113,146,0.4340974638004341
Scientific research and development services,Financial and Insurance Support Activities,0,0,0,0,0,0
Advertising and market research services,Financial and Insurance Support Activities,85,0.2527279755002527,161,0.4786965183004787,246,0.7314244938007315
Other scientific and technical services,Financial and Insurance Support Activities,0,0,122,0.36273897660036275,122,0.36273897660036275
Veterinary services,Financial and Insurance Support Activities,0,0,0,0,0,0
Rental and leasing services,Financial and Insurance Support Activities,15,0.044599054500044595,115,0.3419260845003419,130,0.3865251390003865
Employment services,Financial and Insurance Support Activities,127,0.3776053281003776,289,0.8592751167008592,416,1.236880444801237
Travel services,Financial and Insurance Support Activities,0,0,415,1.2339071745012338,415,1.2339071745012338
Security services,Financial and Insurance Support Activities,0,0,22,0.065411947,22,0.065411947
Building and landscape services,Financial and Insurance Support Activities,0,0,136,0.4043647608004044,136,0.4043647608004044
Office support services,Financial and Insurance Support Activities,406,1.207147741801207,0,0,406,1.207147741801207
Public administration services (including defence),Financial and Insurance Support Activities,0,0,22,0.065411947,22,0.065411947
Education services,Financial and Insurance Support Activities,10,0.029732703000029732,152,0.45193708560045187,162,0.4816697886004816
Health services,Financial and Insurance Support Activities,0,0,5,0.014866351500014866,5,0.014866351500014866
Residential and social care services,Financial and Insurance Support Activities,0,0,0,0,0,0
Arts and entertainment services,Financial and Insurance Support Activities,1,0.00297327,4,0.011893081200011894,5,0.014866351500014868
Libraries and other cultural services,Financial and Insurance Support Activities,0,0,0,0,0,0
Gambling services,Financial and Insurance Support Activities,0,0,0,0,0,0
Sports and recreation services,Financial and Insurance Support Activities,0,0,7,0.020812892,7,0.020812892
Membership services,Financial and Insurance Support Activities,11,0.032705973300032706,19,0.056492135700056484,30,0.089198109
Computer repair services,Financial and Insurance Support Activities,11,0.032705973300032706,2,0.005946541,13,0.038652513900038654
Other personal services,Financial and Insurance Support Activities,1,0.00297327,14,0.041625784,15,0.044599054500044595
Agriculture products,Real Estate Services,0,0,0,0,0,0
Forestry products,Real Estate Services,0,0,0,0,0,0
Fishing products,Real Estate Services,0,0,0,0,0,0
Coal and lignite,Real Estate Services,0,0,0,0,0,0
"Petroleum, natural gas and mining of metal ores",Real Estate Services,0,0,0,0,0,0
Other mining products,Real Estate Services,0,0,0,0,0,0
Mining support services,Real Estate Services,0,0,0,0,0,0
Meat and preserved meat products,Real Estate Services,0,0,0,0,0,0
"Fish, seafood, fruit and vegetables",Real Estate Services,0,0,0,0,0,0
Oils and fats,Real Estate Services,0,0,0,0,0,0
Dairy products,Real Estate Services,0,0,0,0,0,0
Grain mill and starch products,Real Estate Services,0,0,0,0,0,0
Bakery products,Real Estate Services,0,0,0,0,0,0
Other food products,Real Estate Services,0,0,0,0,0,0
Animal feeds,Real Estate Services,0,0,0,0,0,0
Alcoholic beverages and tobacco,Real Estate Services,0,0,0,0,0,0
Soft drinks,Real Estate Services,0,0,0,0,0,0
Textiles,Real Estate Services,0,0,0,0,0,0
Clothing,Real Estate Services,0,0,0,0,0,0
Leather products,Real Estate Services,0,0,0,0,0,0
Wood products (excl. furniture),Real Estate Services,0,0,0,0,0,0
Paper products,Real Estate Services,0,0,22,0.4308656482569526,22,0.4308656482569526
Printing and recording services,Real Estate Services,0,0,0,0,0,0
Coke and refined petroleum products,Real Estate Services,0,0,32,0.62671367,32,0.62671367
Paints and coatings,Real Estate Services,0,0,0,0,0,0
Soap and detergents,Real Estate Services,0,0,0,0,0,0
Other chemical products,Real Estate Services,0,0,0,0,0,0
Industrial gases and fertilizers,Real Estate Services,0,0,0,0,0,0
Petrochemicals,Real Estate Services,0,0,0,0,0,0
Dyestuffs and agro-chemicals,Real Estate Services,0,0,0,0,0,0
Pharmaceutical products,Real Estate Services,0,0,0,0,0,0
Rubber and plastic products,Real Estate Services,0,0,0,0,0,0
Cement and concrete products,Real Estate Services,0,0,0,0,0,0
"Glass, ceramic and stone products",Real Estate Services,0,0,0,0,0,0
Basic iron and steel,Real Estate Services,0,0,0,0,0,0
Other basic metals and casting,Real Estate Services,0,0,0,0,0,0
Weapons and ammunition,Real Estate Services,0,0,0,0,0,0
Other fabricated metal products,Real Estate Services,0,0,0,0,0,0
Computer and electronic products,Real Estate Services,53,1.0379945162553859,0,0,53,1.0379945162553859
Electrical equipment,Real Estate Services,0,0,0,0,0,0
Other machinery and equipment,Real Estate Services,0,0,0,0,0,0
Motor vehicles,Real Estate Services,0,0,0,0,0,0
Ships and boats,Real Estate Services,0,0,0,0,0,0
Aircraft and spacecraft products,Real Estate Services,0,0,0,0,0,0
Other Transport Equipment,Real Estate Services,0,0,0,0,0,0
Furniture,Real Estate Services,0,0,0,0,0,0
Other manufactured goods,Real Estate Services,0,0,3,0.058754407,3,0.058754407
Ship and boat repair and maintenance,Real Estate Services,0,0,0,0,0,0
Air and spacecraft repair and maintenance,Real Estate Services,0,0,0,0,0,0
Other repair services,Real Estate Services,0,0,29,0.5679592636114376,29,0.5679592636114376
Electricity services,Real Estate Services,0,0,124,2.428515471993733,124,2.428515471993733
"Mains gas, steam and air conditioning services",Real Estate Services,0,0,33,0.6462984723854289,33,0.6462984723854289
Water services,Real Estate Services,0,0,23,0.45045045045045046,23,0.45045045045045046
Sewerage services,Real Estate Services,0,0,4,0.078339209,4,0.078339209
Waste collection and treatment services,Real Estate Services,0,0,30,0.5875440658049353,30,0.5875440658049353
Remediation and waste management services,Real Estate Services,0,0,0,0,0,0
Construction services,Real Estate Services,0,0,305,5.973364669016843,305,5.973364669016843
Motor vehicle trade services,Real Estate Services,0,0,0,0,0,0
Wholesale trade services,Real Estate Services,0,0,30,0.5875440658049353,30,0.5875440658049353
Retail trade services,Real Estate Services,0,0,6,0.11750881316098707,6,0.11750881316098707
Rail transport services,Real Estate Services,0,0,0,0,0,0
Land transport services,Real Estate Services,0,0,7,0.13709361535448492,7,0.13709361535448492
Water transport services,Real Estate Services,0,0,0,0,0,0
Air transport services,Real Estate Services,0,0,0,0,0,0
Warehousing services,Real Estate Services,0,0,7,0.13709361535448492,7,0.13709361535448492
Postal and courier services,Real Estate Services,0,0,58,1.1359185272228751,58,1.1359185272228751
Accommodation services,Real Estate Services,0,0,0,0,0,0
Food and beverage services,Real Estate Services,0,0,54,1.0575793184488838,54,1.0575793184488838
Publishing services,Real Estate Services,0,0,0,0,0,0
Media Production services,Real Estate Services,0,0,0,0,0,0
Telecommunications services,Real Estate Services,0,0,120,2.3501762632197414,120,2.3501762632197414
Computer programming services,Real Estate Services,2,0.039169604,401,7.853505679592636,403,7.8926752839796315
Information services,Real Estate Services,0,0,130,2.546024285,130,2.546024285
Financial services (excl. insurance and pensions),Real Estate Services,0,0,1136,22.248335291813554,1136,22.248335291813554
Insurance and pension services,Real Estate Services,1,0.019584802193497845,65,1.273012143,66,1.2925969447708578
Auxiliary financial services,Real Estate Services,0,0,276,5.405405405405405,276,5.405405405405405
Real estate services,Real Estate Services,3,0.058754407,303,5.934195064629847,306,5.992949471
Owner-occupier housing services,Real Estate Services,0,0,0,0,0,0
Other real estate services,Real Estate Services,0,0,344,6.737171954563259,344,6.737171954563259
Legal services,Real Estate Services,0,0,131,2.565609087348218,131,2.565609087348218
Accounting and tax services,Real Estate Services,2,0.039169604,226,4.426165295730513,228,4.465334900117509
Management consulting services,Real Estate Services,23,0.45045045045045046,10,0.19584802193497847,33,0.6462984723854289
Architectural and engineering services,Real Estate Services,0,0,23,0.45045045045045046,23,0.45045045045045046
Scientific research and development services,Real Estate Services,0,0,0,0,0,0
Advertising and market research services,Real Estate Services,6,0.11750881316098707,296,5.797101449275362,302,5.914610262
Other scientific and technical services,Real Estate Services,0,0,72,1.410105757931845,72,1.410105757931845
Veterinary services,Real Estate Services,0,0,0,0,0,0
Rental and leasing services,Real Estate Services,0,0,82,1.6059537798668235,82,1.6059537798668235
Employment services,Real Estate Services,0,0,257,5.033294163728947,257,5.033294163728947
Travel services,Real Estate Services,0,0,1,0.019584802193497845,1,0.019584802193497845
Security services,Real Estate Services,0,0,0,0,0,0
Building and landscape services,Real Estate Services,0,0,288,5.640423032,288,5.640423032
Office support services,Real Estate Services,1,0.019584802193497845,87,1.7038777908343123,88,1.7234625930278102
Public administration services (including defence),Real Estate Services,0,0,0,0,0,0
Education services,Real Estate Services,0,0,0,0,0,0
Health services,Real Estate Services,0,0,0,0,0,0
Residential and social care services,Real Estate Services,0,0,0,0,0,0
Arts and entertainment services,Real Estate Services,0,0,0,0,0,0
Libraries and other cultural services,Real Estate Services,0,0,0,0,0,0
Gambling services,Real Estate Services,0,0,0,0,0,0
Sports and recreation services,Real Estate Services,0,0,0,0,0,0
Membership services,Real Estate Services,0,0,0,0,0,0
Computer repair services,Real Estate Services,0,0,0,0,0,0
Other personal services,Real Estate Services,0,0,0,0,0,0
Agriculture products,Owner-Occupiers' Housing,0,0,0,0,0,0
Forestry products,Owner-Occupiers' Housing,0,0,0,0,0,0
Fishing products,Owner-Occupiers' Housing,0,0,0,0,0,0
Coal and lignite,Owner-Occupiers' Housing,0,0,0,0,0,0
"Petroleum, natural gas and mining of metal ores",Owner-Occupiers' Housing,0,0,0,0,0,0
Other mining products,Owner-Occupiers' Housing,0,0,0,0,0,0
Mining support services,Owner-Occupiers' Housing,0,0,0,0,0,0
Meat and preserved meat products,Owner-Occupiers' Housing,0,0,0,0,0,0
"Fish, seafood, fruit and vegetables",Owner-Occupiers' Housing,0,0,0,0,0,0
Oils and fats,Owner-Occupiers' Housing,0,0,0,0,0,0
Dairy products,Owner-Occupiers' Housing,0,0,0,0,0,0
Grain mill and starch products,Owner-Occupiers' Housing,0,0,0,0,0,0
Bakery products,Owner-Occupiers' Housing,0,0,0,0,0,0
Other food products,Owner-Occupiers' Housing,0,0,0,0,0,0
Animal feeds,Owner-Occupiers' Housing,0,0,0,0,0,0
Alcoholic beverages and tobacco,Owner-Occupiers' Housing,0,0,0,0,0,0
Soft drinks,Owner-Occupiers' Housing,0,0,0,0,0,0
Textiles,Owner-Occupiers' Housing,0,0,7,0.019020188571583836,7,0.019020188571583836
Clothing,Owner-Occupiers' Housing,0,0,1,0.00271717,1,0.00271717
Leather products,Owner-Occupiers' Housing,0,0,0,0,0,0
Wood products (excl. furniture),Owner-Occupiers' Housing,0,0,377,1.0243730130695867,377,1.0243730130695867
Paper products,Owner-Occupiers' Housing,0,0,24,0.065212075,24,0.065212075
Printing and recording services,Owner-Occupiers' Housing,0,0,29,0.078797924,29,0.078797924
Coke and refined petroleum products,Owner-Occupiers' Housing,0,0,5,0.013585848979702742,5,0.013585848979702742
Paints and coatings,Owner-Occupiers' Housing,0,0,7,0.019020188571583836,7,0.019020188571583836
Soap and detergents,Owner-Occupiers' Housing,0,0,0,0,0,0
Other chemical products,Owner-Occupiers' Housing,0,0,0,0,0,0
Industrial gases and fertilizers,Owner-Occupiers' Housing,0,0,0,0,0,0
Petrochemicals,Owner-Occupiers' Housing,0,0,0,0,0,0
Dyestuffs and agro-chemicals,Owner-Occupiers' Housing,0,0,0,0,0,0
Pharmaceutical products,Owner-Occupiers' Housing,0,0,0,0,0,0
Rubber and plastic products,Owner-Occupiers' Housing,0,0,10,0.027171697959405484,10,0.027171697959405484
Cement and concrete products,Owner-Occupiers' Housing,0,0,118,0.3206260359209847,118,0.3206260359209847
"Glass, ceramic and stone products",Owner-Occupiers' Housing,0,0,196,0.5325652800043474,196,0.5325652800043474
Basic iron and steel,Owner-Occupiers' Housing,0,0,0,0,0,0
Other basic metals and casting,Owner-Occupiers' Housing,0,0,0,0,0,0
Weapons and ammunition,Owner-Occupiers' Housing,0,0,0,0,0,0
Other fabricated metal products,Owner-Occupiers' Housing,0,0,179,0.4863733934733582,179,0.4863733934733582
Computer and electronic products,Owner-Occupiers' Housing,13,0.035323207347227124,8,0.021737358367524384,21,0.057060566
Electrical equipment,Owner-Occupiers' Housing,0,0,14,0.038040377,14,0.038040377
Other machinery and equipment,Owner-Occupiers' Housing,0,0,0,0,0,0
Motor vehicles,Owner-Occupiers' Housing,0,0,13,0.035323207347227124,13,0.035323207347227124
Ships and boats,Owner-Occupiers' Housing,0,0,0,0,0,0
Aircraft and spacecraft products,Owner-Occupiers' Housing,0,0,0,0,0,0
Other Transport Equipment,Owner-Occupiers' Housing,0,0,0,0,0,0
Furniture,Owner-Occupiers' Housing,0,0,4,0.010868679183762192,4,0.010868679183762192
Other manufactured goods,Owner-Occupiers' Housing,0,0,3,0.008151509,3,0.008151509
Ship and boat repair and maintenance,Owner-Occupiers' Housing,0,0,0,0,0,0
Air and spacecraft repair and maintenance,Owner-Occupiers' Housing,0,0,0,0,0,0
Other repair services,Owner-Occupiers' Housing,0,0,0,0,0,0
Electricity services,Owner-Occupiers' Housing,0,0,1448,3.934461864521914,1448,3.934461864521914
"Mains gas, steam and air conditioning services",Owner-Occupiers' Housing,0,0,0,0,0,0
Water services,Owner-Occupiers' Housing,0,0,0,0,0,0
Sewerage services,Owner-Occupiers' Housing,0,0,5,0.013585848979702742,5,0.013585848979702742
Waste collection and treatment services,Owner-Occupiers' Housing,0,0,53,0.14400999918484905,53,0.14400999918484905
Remediation and waste management services,Owner-Occupiers' Housing,0,0,0,0,0,0
Construction services,Owner-Occupiers' Housing,0,0,8289,22.522620438551204,8289,22.522620438551204
Motor vehicle trade services,Owner-Occupiers' Housing,0,0,8,0.021737358367524384,8,0.021737358367524384
Wholesale trade services,Owner-Occupiers' Housing,0,0,303,0.8233024481699861,303,0.8233024481699861
Retail trade services,Owner-Occupiers' Housing,0,0,51,0.13857565959296797,51,0.13857565959296797
Rail transport services,Owner-Occupiers' Housing,0,0,0,0,0,0
Land transport services,Owner-Occupiers' Housing,0,0,0,0,0,0
Water transport services,Owner-Occupiers' Housing,0,0,0,0,0,0
Air transport services,Owner-Occupiers' Housing,0,0,0,0,0,0
Warehousing services,Owner-Occupiers' Housing,0,0,0,0,0,0
Postal and courier services,Owner-Occupiers' Housing,0,0,0,0,0,0
Accommodation services,Owner-Occupiers' Housing,0,0,0,0,0,0
Food and beverage services,Owner-Occupiers' Housing,0,0,0,0,0,0
Publishing services,Owner-Occupiers' Housing,0,0,0,0,0,0
Media Production services,Owner-Occupiers' Housing,0,0,0,0,0,0
Telecommunications services,Owner-Occupiers' Housing,0,0,482,1.3096758416433443,482,1.3096758416433443
Computer programming services,Owner-Occupiers' Housing,0,0,0,0,0,0
Information services,Owner-Occupiers' Housing,0,0,0,0,0,0
Financial services (excl. insurance and pensions),Owner-Occupiers' Housing,0,0,17763,48.26508708529196,17763,48.26508708529196
Insurance and pension services,Owner-Occupiers' Housing,0,0,1964,5.336521479227237,1964,5.336521479227237
Auxiliary financial services,Owner-Occupiers' Housing,0,0,0,0,0,0
Real estate services,Owner-Occupiers' Housing,0,0,34,0.092383773,34,0.092383773
Owner-occupier housing services,Owner-Occupiers' Housing,0,0,0,0,0,0
Other real estate services,Owner-Occupiers' Housing,0,0,76,0.20650490449148168,76,0.20650490449148168
Legal services,Owner-Occupiers' Housing,0,0,528,1.4346656522566095,528,1.4346656522566095
Accounting and tax services,Owner-Occupiers' Housing,0,0,0,0,0,0
Management consulting services,Owner-Occupiers' Housing,0,0,0,0,0,0
Architectural and engineering services,Owner-Occupiers' Housing,0,0,1720,4.673532049017743,1720,4.673532049017743
Scientific research and development services,Owner-Occupiers' Housing,0,0,0,0,0,0
Advertising and market research services,Owner-Occupiers' Housing,0,0,286,0.7771105616389968,286,0.7771105616389968
Other scientific and technical services,Owner-Occupiers' Housing,0,0,0,0,0,0
Veterinary services,Owner-Occupiers' Housing,0,0,0,0,0,0
Rental and leasing services,Owner-Occupiers' Housing,0,0,730,1.9835339510366004,730,1.9835339510366004
Employment services,Owner-Occupiers' Housing,0,0,0,0,0,0
Travel services,Owner-Occupiers' Housing,0,0,0,0,0,0
Security services,Owner-Occupiers' Housing,0,0,12,0.032606037551286576,12,0.032606037551286576
Building and landscape services,Owner-Occupiers' Housing,0,0,2022,5.4941173273917885,2022,5.4941173273917885
Office support services,Owner-Occupiers' Housing,0,0,0,0,0,0
Public administration services (including defence),Owner-Occupiers' Housing,0,0,10,0.027171697959405484,10,0.027171697959405484
Education services,Owner-Occupiers' Housing,0,0,0,0,0,0
Health services,Owner-Occupiers' Housing,0,0,0,0,0,0
Residential and social care services,Owner-Occupiers' Housing,0,0,0,0,0,0
Arts and entertainment services,Owner-Occupiers' Housing,0,0,0,0,0,0
Libraries and other cultural services,Owner-Occupiers' Housing,0,0,0,0,0,0
Gambling services,Owner-Occupiers' Housing,0,0,0,0,0,0
Sports and recreation services,Owner-Occupiers' Housing,0,0,0,0,0,0
Membership services,Owner-Occupiers' Housing,0,0,0,0,0,0
Computer repair services,Owner-Occupiers' Housing,0,0,11,0.029888867755346032,11,0.029888867755346032
Other personal services,Owner-Occupiers' Housing,0,0,0,0,0,0
Agriculture products,Other Real Estate Activities,1,0.002599428,6,0.015596568754873929,7,0.018195997
Forestry products,Other Real Estate Activities,0,0,7,0.018195997,7,0.018195997
Fishing products,Other Real Estate Activities,6,0.015596568754873929,0,0,6,0.015596568754873929
Coal and lignite,Other Real Estate Activities,19,0.049389134,0,0,19,0.049389134
"Petroleum, natural gas and mining of metal ores",Other Real Estate Activities,7,0.018195997,34,0.088380556,41,0.10657655315830518
Other mining products,Other Real Estate Activities,0,0,6,0.015596568754873929,6,0.015596568754873929
Mining support services,Other Real Estate Activities,0,0,0,0,0,0
Meat and preserved meat products,Other Real Estate Activities,0,0,30,0.077982844,30,0.077982844
"Fish, seafood, fruit and vegetables",Other Real Estate Activities,0,0,27,0.070184559,27,0.070184559
Oils and fats,Other Real Estate Activities,0,0,30,0.077982844,30,0.077982844
Dairy products,Other Real Estate Activities,0,0,24,0.062386275019495716,24,0.062386275019495716
Grain mill and starch products,Other Real Estate Activities,0,0,6,0.015596568754873929,6,0.015596568754873929
Bakery products,Other Real Estate Activities,0,0,32,0.0831817,32,0.0831817
Other food products,Other Real Estate Activities,0,0,32,0.0831817,32,0.0831817
Animal feeds,Other Real Estate Activities,0,0,33,0.085781128,33,0.085781128
Alcoholic beverages and tobacco,Other Real Estate Activities,0,0,14,0.036391994,14,0.036391994
Soft drinks,Other Real Estate Activities,0,0,21,0.054587991,21,0.054587991
Textiles,Other Real Estate Activities,2,0.005198856,15,0.038991421887184824,17,0.044190278
Clothing,Other Real Estate Activities,0,0,10,0.025994281,10,0.025994281
Leather products,Other Real Estate Activities,0,0,28,0.072783988,28,0.072783988
Wood products (excl. furniture),Other Real Estate Activities,13,0.033792566,24,0.062386275019495716,37,0.096178841
Paper products,Other Real Estate Activities,4,0.010397712503249284,58,0.15076683129711463,62,0.1611645438003639
Printing and recording services,Other Real Estate Activities,0,0,0,0,0,0
Coke and refined petroleum products,Other Real Estate Activities,27,0.070184559,21,0.054587991,48,0.12477255003899142
Paints and coatings,Other Real Estate Activities,0,0,27,0.070184559,27,0.070184559
Soap and detergents,Other Real Estate Activities,0,0,22,0.057187419,22,0.057187419
Other chemical products,Other Real Estate Activities,22,0.057187419,5,0.012997140629061606,27,0.070184559
Industrial gases and fertilizers,Other Real Estate Activities,0,0,31,0.080582272,31,0.080582272
Petrochemicals,Other Real Estate Activities,23,0.059786847,14,0.036391994,37,0.096178841
Dyestuffs and agro-chemicals,Other Real Estate Activities,0,0,30,0.077982844,30,0.077982844
Pharmaceutical products,Other Real Estate Activities,4,0.010397712503249284,20,0.051988563,24,0.062386275
Rubber and plastic products,Other Real Estate Activities,20,0.051988563,15,0.038991421887184824,35,0.090979984
Cement and concrete products,Other Real Estate Activities,2,0.005198856,17,0.044190278,19,0.049389134
"Glass, ceramic and stone products",Other Real Estate Activities,6,0.015596568754873929,19,0.049389134,25,0.064985703
Basic iron and steel,Other Real Estate Activities,11,0.028593709383935535,18,0.046789706,29,0.075383416
Other basic metals and casting,Other Real Estate Activities,38,0.098778269,0,0,38,0.098778269
Weapons and ammunition,Other Real Estate Activities,0,0,0,0,0,0
Other fabricated metal products,Other Real Estate Activities,40,0.10397712503249285,0,0,40,0.10397712503249285
Computer and electronic products,Other Real Estate Activities,27,0.070184559,123,0.31972965947491555,150,0.38991421887184824
Electrical equipment,Other Real Estate Activities,6,0.015596568754873929,29,0.075383416,35,0.090979984
Other machinery and equipment,Other Real Estate Activities,5,0.012997140629061606,22,0.057187419,27,0.070184559
Motor vehicles,Other Real Estate Activities,3,0.007798284,19,0.049389134,22,0.057187418767871076
Ships and boats,Other Real Estate Activities,0,0,32,0.0831817,32,0.0831817
Aircraft and spacecraft products,Other Real Estate Activities,1,0.002599428,31,0.080582272,32,0.0831817
Other Transport Equipment,Other Real Estate Activities,7,0.018195997,20,0.051988563,27,0.070184559
Furniture,Other Real Estate Activities,0,0,17,0.044190278,17,0.044190278
Other manufactured goods,Other Real Estate Activities,1,0.002599428,33,0.085781128,34,0.088380556
Ship and boat repair and maintenance,Other Real Estate Activities,0,0,0,0,0,0
Air and spacecraft repair and maintenance,Other Real Estate Activities,0,0,0,0,0,0
Other repair services,Other Real Estate Activities,0,0,33,0.085781128,33,0.085781128
Electricity services,Other Real Estate Activities,0,0,243,0.6316610345723941,243,0.6316610345723941
"Mains gas, steam and air conditioning services",Other Real Estate Activities,0,0,187,0.48609305952690407,187,0.48609305952690407
Water services,Other Real Estate Activities,0,0,73,0.18975825318429945,73,0.18975825318429945
Sewerage services,Other Real Estate Activities,0,0,16,0.04159085,16,0.04159085
Waste collection and treatment services,Other Real Estate Activities,0,0,60,0.1559656875487393,60,0.1559656875487393
Remediation and waste management services,Other Real Estate Activities,0,0,10,0.025994281,10,0.025994281
Construction services,Other Real Estate Activities,0,0,10807,28.09201975565376,10807,28.09201975565376
Motor vehicle trade services,Other Real Estate Activities,0,0,21,0.054587991,21,0.054587991
Wholesale trade services,Other Real Estate Activities,0,0,387,1.0059786846893684,387,1.0059786846893684
Retail trade services,Other Real Estate Activities,0,0,124,0.3223290876007278,124,0.3223290876007278
Rail transport services,Other Real Estate Activities,0,0,11,0.028593709383935535,11,0.028593709383935535
Land transport services,Other Real Estate Activities,0,0,135,0.3509227969846634,135,0.3509227969846634
Water transport services,Other Real Estate Activities,0,0,0,0,0,0
Air transport services,Other Real Estate Activities,0,0,7,0.018195997,7,0.018195997
Warehousing services,Other Real Estate Activities,0,0,1,0.002599428,1,0.002599428
Postal and courier services,Other Real Estate Activities,0,0,67,0.17416168442942553,67,0.17416168442942553
Accommodation services,Other Real Estate Activities,0,0,53,0.13776969066805303,53,0.13776969066805303
Food and beverage services,Other Real Estate Activities,0,0,86,0.2235508188198596,86,0.2235508188198596
Publishing services,Other Real Estate Activities,0,0,0,0,0,0
Media Production services,Other Real Estate Activities,0,0,0,0,0,0
Telecommunications services,Other Real Estate Activities,0,0,386,1.003379256563556,386,1.003379256563556
Computer programming services,Other Real Estate Activities,67,0.17416168442942553,1216,3.160904600987783,1283,3.3350662854172084
Information services,Other Real Estate Activities,5,0.012997140629061606,0,0,5,0.012997140629061606
Financial services (excl. insurance and pensions),Other Real Estate Activities,629,1.635040291,5675,14.751754613984925,6304,16.386794905120876
Insurance and pension services,Other Real Estate Activities,0,0,111,0.28853652196516766,111,0.28853652196516766
Auxiliary financial services,Other Real Estate Activities,0,0,128,0.3327268001039771,128,0.3327268001039771
Real estate services,Other Real Estate Activities,0,0,147,0.3821159344944112,147,0.3821159344944112
Owner-occupier housing services,Other Real Estate Activities,0,0,0,0,0,0
Other real estate services,Other Real Estate Activities,0,0,5416,14.078502729399531,5416,14.078502729399531
Legal services,Other Real Estate Activities,0,0,858,2.230309331946972,858,2.230309331946972
Accounting and tax services,Other Real Estate Activities,0,0,272,0.7070444502209514,272,0.7070444502209514
Management consulting services,Other Real Estate Activities,24,0.062386275019495716,971,2.5240447101637637,995,2.5864309851832594
Architectural and engineering services,Other Real Estate Activities,0,0,35,0.090979984,35,0.090979984
Scientific research and development services,Other Real Estate Activities,0,0,0,0,0,0
Advertising and market research services,Other Real Estate Activities,300,0.7798284377436964,0,0,300,0.7798284377436964
Other scientific and technical services,Other Real Estate Activities,0,0,43,0.1117754094099298,43,0.1117754094099298
Veterinary services,Other Real Estate Activities,0,0,5,0.012997140629061606,5,0.012997140629061606
Rental and leasing services,Other Real Estate Activities,1,0.002599428,290,0.7538341564855732,291,0.7564335846113855
Employment services,Other Real Estate Activities,0,0,342,0.8890044190278138,342,0.8890044190278138
Travel services,Other Real Estate Activities,0,0,1,0.002599428,1,0.002599428
Security services,Other Real Estate Activities,0,0,116,0.30153366259422926,116,0.30153366259422926
Building and landscape services,Other Real Estate Activities,0,0,1671,4.343644398232389,1671,4.343644398232389
Office support services,Other Real Estate Activities,0,0,516,1.3413049129191577,516,1.3413049129191577
Public administration services (including defence),Other Real Estate Activities,187,0.48609305952690407,5315,13.815960488692488,5502,14.302053548219392
Education services,Other Real Estate Activities,1,0.002599428,108,0.2807382375877307,109,0.283337666
Health services,Other Real Estate Activities,0,0,0,0,0,0
Residential and social care services,Other Real Estate Activities,0,0,0,0,0,0
Arts and entertainment services,Other Real Estate Activities,0,0,0,0,0,0
Libraries and other cultural services,Other Real Estate Activities,0,0,9,0.023394853,9,0.023394853
Gambling services,Other Real Estate Activities,0,0,7,0.018195997,7,0.018195997
Sports and recreation services,Other Real Estate Activities,0,0,0,0,0,0
Membership services,Other Real Estate Activities,0,0,0,0,0,0
Computer repair services,Other Real Estate Activities,0,0,0,0,0,0
Other personal services,Other Real Estate Activities,0,0,0,0,0,0
Agriculture products,Legal Activities,0,0,0,0,0,0
Forestry products,Legal Activities,0,0,0,0,0,0
Fishing products,Legal Activities,0,0,0,0,0,0
Coal and lignite,Legal Activities,0,0,0,0,0,0
"Petroleum, natural gas and mining of metal ores",Legal Activities,0,0,0,0,0,0
Other mining products,Legal Activities,0,0,0,0,0,0
Mining support services,Legal Activities,0,0,0,0,0,0
Meat and preserved meat products,Legal Activities,0,0,0,0,0,0
"Fish, seafood, fruit and vegetables",Legal Activities,0,0,0,0,0,0
Oils and fats,Legal Activities,0,0,0,0,0,0
Dairy products,Legal Activities,0,0,0,0,0,0
Grain mill and starch products,Legal Activities,0,0,0,0,0,0
Bakery products,Legal Activities,0,0,0,0,0,0
Other food products,Legal Activities,0,0,0,0,0,0
Animal feeds,Legal Activities,0,0,0,0,0,0
Alcoholic beverages and tobacco,Legal Activities,0,0,0,0,0,0
Soft drinks,Legal Activities,0,0,0,0,0,0
Textiles,Legal Activities,0,0,0,0,0,0
Clothing,Legal Activities,0,0,0,0,0,0
Leather products,Legal Activities,0,0,0,0,0,0
Wood products (excl. furniture),Legal Activities,0,0,0,0,0,0
Paper products,Legal Activities,0,0,78,0.8752244165170557,78,0.8752244165170557
Printing and recording services,Legal Activities,0,0,89,0.9986535008976661,89,0.9986535008976661
Coke and refined petroleum products,Legal Activities,0,0,8,0.089766607,8,0.089766607
Paints and coatings,Legal Activities,0,0,0,0,0,0
Soap and detergents,Legal Activities,0,0,0,0,0,0
Other chemical products,Legal Activities,0,0,0,0,0,0
Industrial gases and fertilizers,Legal Activities,0,0,0,0,0,0
Petrochemicals,Legal Activities,0,0,0,0,0,0
Dyestuffs and agro-chemicals,Legal Activities,0,0,0,0,0,0
Pharmaceutical products,Legal Activities,0,0,0,0,0,0
Rubber and plastic products,Legal Activities,0,0,0,0,0,0
Cement and concrete products,Legal Activities,0,0,0,0,0,0
"Glass, ceramic and stone products",Legal Activities,0,0,0,0,0,0
Basic iron and steel,Legal Activities,0,0,0,0,0,0
Other basic metals and casting,Legal Activities,0,0,0,0,0,0
Weapons and ammunition,Legal Activities,0,0,0,0,0,0
Other fabricated metal products,Legal Activities,0,0,0,0,0,0
Computer and electronic products,Legal Activities,17,0.190754039,42,0.4712746858168761,59,0.6620287253141831
Electrical equipment,Legal Activities,0,0,0,0,0,0
Other machinery and equipment,Legal Activities,0,0,0,0,0,0
Motor vehicles,Legal Activities,0,0,0,0,0,0
Ships and boats,Legal Activities,0,0,0,0,0,0
Aircraft and spacecraft products,Legal Activities,0,0,0,0,0,0
Other Transport Equipment,Legal Activities,0,0,0,0,0,0
Furniture,Legal Activities,0,0,0,0,0,0
Other manufactured goods,Legal Activities,0,0,7,0.078545781,7,0.078545781
Ship and boat repair and maintenance,Legal Activities,0,0,0,0,0,0
Air and spacecraft repair and maintenance,Legal Activities,0,0,0,0,0,0
Other repair services,Legal Activities,0,0,75,0.8415619389587073,75,0.8415619389587073
Electricity services,Legal Activities,0,0,137,1.5372531418312387,137,1.5372531418312387
"Mains gas, steam and air conditioning services",Legal Activities,0,0,72,0.807899461,72,0.807899461
Water services,Legal Activities,0,0,46,0.5161579892280073,46,0.5161579892280073
Sewerage services,Legal Activities,0,0,6,0.067324955,6,0.067324955
Waste collection and treatment services,Legal Activities,0,0,20,0.2244165170556553,20,0.2244165170556553
Remediation and waste management services,Legal Activities,0,0,0,0,0,0
Construction services,Legal Activities,0,0,3,0.033662477558348294,3,0.033662477558348294
Motor vehicle trade services,Legal Activities,0,0,12,0.13464991023339318,12,0.13464991023339318
Wholesale trade services,Legal Activities,0,0,55,0.6171454219030521,55,0.6171454219030521
Retail trade services,Legal Activities,0,0,11,0.12342908438061041,11,0.12342908438061041
Rail transport services,Legal Activities,0,0,0,0,0,0
Land transport services,Legal Activities,0,0,86,0.9649910233393177,86,0.9649910233393177
Water transport services,Legal Activities,0,0,0,0,0,0
Air transport services,Legal Activities,0,0,0,0,0,0
Warehousing services,Legal Activities,0,0,0,0,0,0
Postal and courier services,Legal Activities,0,0,175,1.9636445242369838,175,1.9636445242369838
Accommodation services,Legal Activities,0,0,21,0.23563734290843805,21,0.23563734290843805
Food and beverage services,Legal Activities,0,0,84,0.9425493716337522,84,0.9425493716337522
Publishing services,Legal Activities,0,0,0,0,0,0
Media Production services,Legal Activities,0,0,0,0,0,0
Telecommunications services,Legal Activities,0,0,362,4.061938958707361,362,4.061938958707361
Computer programming services,Legal Activities,2,0.022441652,1265,14.194344703770199,1267,14.216786355475763
Information services,Legal Activities,1,0.011220825852782765,10,0.11220825852782765,11,0.12342908438061041
Financial services (excl. insurance and pensions),Legal Activities,1,0.011220825852782765,509,5.7114003590664275,510,5.722621185
Insurance and pension services,Legal Activities,4,0.044883303,70,0.7854578096947935,74,0.8303411131059246
Auxiliary financial services,Legal Activities,1,0.011220825852782765,626,7.024236983842011,627,7.035457809694793
Real estate services,Legal Activities,0,0,5,0.056104129263913824,5,0.056104129263913824
Owner-occupier housing services,Legal Activities,0,0,0,0,0,0
Other real estate services,Legal Activities,0,0,1552,17.41472172351885,1552,17.41472172351885
Legal services,Legal Activities,362,4.061938958707361,897,10.06508078994614,1259,14.127019748653503
Accounting and tax services,Legal Activities,2,0.022441652,253,2.8388689407540397,255,2.8613105924596054
Management consulting services,Legal Activities,15,0.16831238779174146,102,1.144524236983842,117,1.3128366247755834
Architectural and engineering services,Legal Activities,0,0,120,1.3464991023339317,120,1.3464991023339317
Scientific research and development services,Legal Activities,0,0,0,0,0,0
Advertising and market research services,Legal Activities,2,0.022441652,326,3.6579892280071817,328,3.6804308797127474
Other scientific and technical services,Legal Activities,0,0,7,0.078545781,7,0.078545781
Veterinary services,Legal Activities,0,0,0,0,0,0
Rental and leasing services,Legal Activities,1,0.011220825852782765,206,2.3114901256732496,207,2.3227109515260325
Employment services,Legal Activities,2,0.022441652,382,4.286355475763016,384,4.308797127468582
Travel services,Legal Activities,0,0,0,0,0,0
Security services,Legal Activities,0,0,0,0,0,0
Building and landscape services,Legal Activities,0,0,339,3.803859964093357,339,3.803859964093357
Office support services,Legal Activities,21,0.23563734290843805,224,2.5134649910233393,245,2.7491023339317775
Public administration services (including defence),Legal Activities,0,0,4,0.044883303,4,0.044883303
Education services,Legal Activities,0,0,192,2.154398563734291,192,2.154398563734291
Health services,Legal Activities,0,0,0,0,0,0
Residential and social care services,Legal Activities,0,0,0,0,0,0
Arts and entertainment services,Legal Activities,0,0,0,0,0,0
Libraries and other cultural services,Legal Activities,0,0,0,0,0,0
Gambling services,Legal Activities,0,0,0,0,0,0
Sports and recreation services,Legal Activities,0,0,2,0.022441652,2,0.022441652
Membership services,Legal Activities,0,0,1,0.011220825852782765,1,0.011220825852782765
Computer repair services,Legal Activities,0,0,0,0,0,0
Other personal services,Legal Activities,0,0,0,0,0,0
Agriculture products,Accounting and Tax Consultancy,0,0,0,0,0,0
Forestry products,Accounting and Tax Consultancy,0,0,0,0,0,0
Fishing products,Accounting and Tax Consultancy,0,0,0,0,0,0
Coal and lignite,Accounting and Tax Consultancy,0,0,0,0,0,0
"Petroleum, natural gas and mining of metal ores",Accounting and Tax Consultancy,0,0,0,0,0,0
Other mining products,Accounting and Tax Consultancy,0,0,0,0,0,0
Mining support services,Accounting and Tax Consultancy,0,0,0,0,0,0
Meat and preserved meat products,Accounting and Tax Consultancy,0,0,2,0.030238887,2,0.030238887
"Fish, seafood, fruit and vegetables",Accounting and Tax Consultancy,0,0,2,0.030238887,2,0.030238887
Oils and fats,Accounting and Tax Consultancy,0,0,0,0,0,0
Dairy products,Accounting and Tax Consultancy,0,0,1,0.015119443604475355,1,0.015119443604475355
Grain mill and starch products,Accounting and Tax Consultancy,0,0,3,0.045358330813426065,3,0.045358330813426065
Bakery products,Accounting and Tax Consultancy,0,0,3,0.045358330813426065,3,0.045358330813426065
Other food products,Accounting and Tax Consultancy,0,0,3,0.045358330813426065,3,0.045358330813426065
Animal feeds,Accounting and Tax Consultancy,0,0,0,0,0,0
Alcoholic beverages and tobacco,Accounting and Tax Consultancy,0,0,2,0.030238887,2,0.030238887
Soft drinks,Accounting and Tax Consultancy,0,0,2,0.030238887,2,0.030238887
Textiles,Accounting and Tax Consultancy,0,0,0,0,0,0
Clothing,Accounting and Tax Consultancy,0,0,0,0,0,0
Leather products,Accounting and Tax Consultancy,0,0,0,0,0,0
Wood products (excl. furniture),Accounting and Tax Consultancy,0,0,0,0,0,0
Paper products,Accounting and Tax Consultancy,1,0.015119443604475355,29,0.4384638645297853,30,0.4535833081342607
Printing and recording services,Accounting and Tax Consultancy,0,0,0,0,0,0
Coke and refined petroleum products,Accounting and Tax Consultancy,0,0,51,0.7710916238282431,51,0.7710916238282431
Paints and coatings,Accounting and Tax Consultancy,0,0,0,0,0,0
Soap and detergents,Accounting and Tax Consultancy,0,0,0,0,0,0
Other chemical products,Accounting and Tax Consultancy,0,0,0,0,0,0
Industrial gases and fertilizers,Accounting and Tax Consultancy,0,0,0,0,0,0
Petrochemicals,Accounting and Tax Consultancy,0,0,0,0,0,0
Dyestuffs and agro-chemicals,Accounting and Tax Consultancy,0,0,0,0,0,0
Pharmaceutical products,Accounting and Tax Consultancy,0,0,0,0,0,0
Rubber and plastic products,Accounting and Tax Consultancy,0,0,0,0,0,0
Cement and concrete products,Accounting and Tax Consultancy,0,0,0,0,0,0
"Glass, ceramic and stone products",Accounting and Tax Consultancy,0,0,0,0,0,0
Basic iron and steel,Accounting and Tax Consultancy,0,0,0,0,0,0
Other basic metals and casting,Accounting and Tax Consultancy,0,0,0,0,0,0
Weapons and ammunition,Accounting and Tax Consultancy,0,0,0,0,0,0
Other fabricated metal products,Accounting and Tax Consultancy,0,0,0,0,0,0
Computer and electronic products,Accounting and Tax Consultancy,12,0.18143332325370426,14,0.21167221046265497,26,0.39310553371635926
Electrical equipment,Accounting and Tax Consultancy,0,0,0,0,0,0
Other machinery and equipment,Accounting and Tax Consultancy,0,0,0,0,0,0
Motor vehicles,Accounting and Tax Consultancy,0,0,0,0,0,0
Ships and boats,Accounting and Tax Consultancy,0,0,0,0,0,0
Aircraft and spacecraft products,Accounting and Tax Consultancy,0,0,0,0,0,0
Other Transport Equipment,Accounting and Tax Consultancy,0,0,0,0,0,0
Furniture,Accounting and Tax Consultancy,0,0,0,0,0,0
Other manufactured goods,Accounting and Tax Consultancy,0,0,0,0,0,0
Ship and boat repair and maintenance,Accounting and Tax Consultancy,0,0,0,0,0,0
Air and spacecraft repair and maintenance,Accounting and Tax Consultancy,0,0,0,0,0,0
Other repair services,Accounting and Tax Consultancy,0,0,57,0.8618082854550951,57,0.8618082854550951
Electricity services,Accounting and Tax Consultancy,0,0,93,1.406108255216208,93,1.406108255216208
"Mains gas, steam and air conditioning services",Accounting and Tax Consultancy,0,0,18,0.2721499848805564,18,0.2721499848805564
Water services,Accounting and Tax Consultancy,0,0,17,0.25703054127608105,17,0.25703054127608105
Sewerage services,Accounting and Tax Consultancy,0,0,2,0.030238887,2,0.030238887
Waste collection and treatment services,Accounting and Tax Consultancy,0,0,7,0.10583610523132748,7,0.10583610523132748
Remediation and waste management services,Accounting and Tax Consultancy,0,0,0,0,0,0
Construction services,Accounting and Tax Consultancy,0,0,0,0,0,0
Motor vehicle trade services,Accounting and Tax Consultancy,0,0,66,0.9978832778953735,66,0.9978832778953735
Wholesale trade services,Accounting and Tax Consultancy,0,0,30,0.4535833081342607,30,0.4535833081342607
Retail trade services,Accounting and Tax Consultancy,0,0,5,0.075597218,5,0.075597218
Rail transport services,Accounting and Tax Consultancy,0,0,0,0,0,0
Land transport services,Accounting and Tax Consultancy,0,0,20,0.3023888720895071,20,0.3023888720895071
Water transport services,Accounting and Tax Consultancy,0,0,0,0,0,0
Air transport services,Accounting and Tax Consultancy,0,0,142,2.1469609918355004,142,2.1469609918355004
Warehousing services,Accounting and Tax Consultancy,0,0,0,0,0,0
Postal and courier services,Accounting and Tax Consultancy,0,0,132,1.995766555790747,132,1.995766555790747
Accommodation services,Accounting and Tax Consultancy,0,0,46,0.6954944058058663,46,0.6954944058058663
Food and beverage services,Accounting and Tax Consultancy,0,0,59,0.8920471726640459,59,0.8920471726640459
Publishing services,Accounting and Tax Consultancy,0,0,0,0,0,0
Media Production services,Accounting and Tax Consultancy,0,0,0,0,0,0
Telecommunications services,Accounting and Tax Consultancy,0,0,108,1.6328999092833383,108,1.6328999092833383
Computer programming services,Accounting and Tax Consultancy,0,0,916,13.849410341699425,916,13.849410341699425
Information services,Accounting and Tax Consultancy,1,0.015119443604475355,219,3.3111581493801028,220,3.326277592984578
Financial services (excl. insurance and pensions),Accounting and Tax Consultancy,39,0.5896583005745389,431,6.516480193528879,470,7.106138494103417
Insurance and pension services,Accounting and Tax Consultancy,0,0,53,0.8013305110371939,53,0.8013305110371939
Auxiliary financial services,Accounting and Tax Consultancy,29,0.4384638645297853,77,1.1641971575446024,106,1.6026610220743878
Real estate services,Accounting and Tax Consultancy,0,0,0,0,0,0
Owner-occupier housing services,Accounting and Tax Consultancy,0,0,0,0,0,0
Other real estate services,Accounting and Tax Consultancy,0,0,302,4.566071968551557,302,4.566071968551557
Legal services,Accounting and Tax Consultancy,409,6.183852434,167,2.524947081947384,576,8.708799516177805
Accounting and tax services,Accounting and Tax Consultancy,961,14.529785303900816,789,11.929241003931056,1750,26.45902630783187
Management consulting services,Accounting and Tax Consultancy,11,0.1663138796492289,89,1.3456304807983066,100,1.5119443604475356
Architectural and engineering services,Accounting and Tax Consultancy,0,0,1,0.015119443604475355,1,0.015119443604475355
Scientific research and development services,Accounting and Tax Consultancy,0,0,0,0,0,0
Advertising and market research services,Accounting and Tax Consultancy,0,0,134,2.0260054429996974,134,2.0260054429996974
Other scientific and technical services,Accounting and Tax Consultancy,0,0,74,1.1188388267311764,74,1.1188388267311764
Veterinary services,Accounting and Tax Consultancy,0,0,0,0,0,0
Rental and leasing services,Accounting and Tax Consultancy,1,0.015119443604475355,164,2.4795887511339583,165,2.4947081947384335
Employment services,Accounting and Tax Consultancy,1,0.015119443604475355,337,5.095252494708195,338,5.110371938
Travel services,Accounting and Tax Consultancy,0,0,4,0.060477774,4,0.060477774
Security services,Accounting and Tax Consultancy,0,0,0,0,0,0
Building and landscape services,Accounting and Tax Consultancy,0,0,0,0,0,0
Office support services,Accounting and Tax Consultancy,7,0.10583610523132748,239,3.6135470214696097,246,3.7193831267009374
Public administration services (including defence),Accounting and Tax Consultancy,0,0,4,0.060477774,4,0.060477774
Education services,Accounting and Tax Consultancy,0,0,227,3.4321136982159057,227,3.4321136982159057
Health services,Accounting and Tax Consultancy,0,0,0,0,0,0
Residential and social care services,Accounting and Tax Consultancy,0,0,0,0,0,0
Arts and entertainment services,Accounting and Tax Consultancy,0,0,0,0,0,0
Libraries and other cultural services,Accounting and Tax Consultancy,0,0,0,0,0,0
Gambling services,Accounting and Tax Consultancy,0,0,0,0,0,0
Sports and recreation services,Accounting and Tax Consultancy,0,0,0,0,0,0
Membership services,Accounting and Tax Consultancy,0,0,1,0.015119443604475355,1,0.015119443604475355
Computer repair services,Accounting and Tax Consultancy,0,0,0,0,0,0
Other personal services,Accounting and Tax Consultancy,0,0,0,0,0,0
Agriculture products,Management Consultancy,0,0,0,0,0,0
Forestry products,Management Consultancy,0,0,0,0,0,0
Fishing products,Management Consultancy,0,0,0,0,0,0
Coal and lignite,Management Consultancy,0,0,0,0,0,0
"Petroleum, natural gas and mining of metal ores",Management Consultancy,0,0,0,0,0,0
Other mining products,Management Consultancy,0,0,0,0,0,0
Mining support services,Management Consultancy,0,0,0,0,0,0
Meat and preserved meat products,Management Consultancy,0,0,0,0,0,0
"Fish, seafood, fruit and vegetables",Management Consultancy,0,0,0,0,0,0
Oils and fats,Management Consultancy,0,0,0,0,0,0
Dairy products,Management Consultancy,0,0,0,0,0,0
Grain mill and starch products,Management Consultancy,0,0,0,0,0,0
Bakery products,Management Consultancy,0,0,0,0,0,0
Other food products,Management Consultancy,0,0,0,0,0,0
Animal feeds,Management Consultancy,0,0,0,0,0,0
Alcoholic beverages and tobacco,Management Consultancy,0,0,0,0,0,0
Soft drinks,Management Consultancy,0,0,0,0,0,0
Textiles,Management Consultancy,0,0,0,0,0,0
Clothing,Management Consultancy,0,0,0,0,0,0
Leather products,Management Consultancy,0,0,0,0,0,0
Wood products (excl. furniture),Management Consultancy,0,0,0,0,0,0
Paper products,Management Consultancy,148,0.4645323289391086,144,0.4519774011299435,292,0.9165097300690521
Printing and recording services,Management Consultancy,0,0,0,0,0,0
Coke and refined petroleum products,Management Consultancy,12,0.037664783,103,0.32328939108600124,115,0.36095417451349654
Paints and coatings,Management Consultancy,0,0,0,0,0,0
Soap and detergents,Management Consultancy,0,0,0,0,0,0
Other chemical products,Management Consultancy,0,0,0,0,0,0
Industrial gases and fertilizers,Management Consultancy,0,0,0,0,0,0
Petrochemicals,Management Consultancy,0,0,0,0,0,0
Dyestuffs and agro-chemicals,Management Consultancy,0,0,0,0,0,0
Pharmaceutical products,Management Consultancy,0,0,0,0,0,0
Rubber and plastic products,Management Consultancy,1,0.003138732,0,0,1,0.003138732
Cement and concrete products,Management Consultancy,0,0,0,0,0,0
"Glass, ceramic and stone products",Management Consultancy,0,0,0,0,0,0
Basic iron and steel,Management Consultancy,0,0,0,0,0,0
Other basic metals and casting,Management Consultancy,0,0,0,0,0,0
Weapons and ammunition,Management Consultancy,0,0,0,0,0,0
Other fabricated metal products,Management Consultancy,0,0,0,0,0,0
Computer and electronic products,Management Consultancy,14,0.043942247,63,0.19774011299435026,77,0.2416823603264281
Electrical equipment,Management Consultancy,72,0.22598870056497175,0,0,72,0.22598870056497175
Other machinery and equipment,Management Consultancy,1,0.003138732,3,0.009416196,4,0.012554927809165096
Motor vehicles,Management Consultancy,43,0.13496547394852482,57,0.17890772128060262,100,0.31387319522912743
Ships and boats,Management Consultancy,0,0,1,0.003138732,1,0.003138732
Aircraft and spacecraft products,Management Consultancy,0,0,0,0,0,0
Other Transport Equipment,Management Consultancy,0,0,0,0,0,0
Furniture,Management Consultancy,0,0,0,0,0,0
Other manufactured goods,Management Consultancy,13,0.040803515,0,0,13,0.040803515
Ship and boat repair and maintenance,Management Consultancy,0,0,0,0,0,0
Air and spacecraft repair and maintenance,Management Consultancy,0,0,0,0,0,0
Other repair services,Management Consultancy,7,0.021971124,156,0.4896421845574388,163,0.5116133082234777
Electricity services,Management Consultancy,0,0,192,0.6026365348399246,192,0.6026365348399246
"Mains gas, steam and air conditioning services",Management Consultancy,0,0,58,0.18204645323289392,58,0.18204645323289392
Water services,Management Consultancy,0,0,30,0.094161959,30,0.094161959
Sewerage services,Management Consultancy,0,0,8,0.025109855618330193,8,0.025109855618330193
Waste collection and treatment services,Management Consultancy,7,0.021971124,7,0.021971124,14,0.043942247
Remediation and waste management services,Management Consultancy,0,0,0,0,0,0
Construction services,Management Consultancy,3,0.009416196,1351,4.240426867545512,1354,4.249843063402386
Motor vehicle trade services,Management Consultancy,0,0,60,0.18832391713747645,60,0.18832391713747645
Wholesale trade services,Management Consultancy,2,0.006277464,186,0.583804143,188,0.5900816070307595
Retail trade services,Management Consultancy,0,0,44,0.13810420590081607,44,0.13810420590081607
Rail transport services,Management Consultancy,0,0,0,0,0,0
Land transport services,Management Consultancy,0,0,113,0.354676711,113,0.354676711
Water transport services,Management Consultancy,0,0,0,0,0,0
Air transport services,Management Consultancy,252,0.7909604519774011,160,0.5021971123666039,412,1.293157564344005
Warehousing services,Management Consultancy,0,0,4,0.012554927809165096,4,0.012554927809165096
Postal and courier services,Management Consultancy,153,0.480225989,60,0.18832391713747645,213,0.6685499058380414
Accommodation services,Management Consultancy,0,0,403,1.2649089767733834,403,1.2649089767733834
Food and beverage services,Management Consultancy,0,0,258,0.8097928436911487,258,0.8097928436911487
Publishing services,Management Consultancy,3,0.009416196,0,0,3,0.009416196
Media Production services,Management Consultancy,0,0,0,0,0,0
Telecommunications services,Management Consultancy,17,0.053358443,666,2.0903954802259888,683,2.1437539234149403
Computer programming services,Management Consultancy,452,1.418706842435656,1839,5.772128060263654,2291,7.190834903
Information services,Management Consultancy,135,0.423728814,198,0.6214689265536724,333,1.0451977401129944
Financial services (excl. insurance and pensions),Management Consultancy,355,1.1142498430634025,419,1.315128688010044,774,2.4293785310734464
Insurance and pension services,Management Consultancy,4,0.012554927809165096,242,0.7595731324544883,246,0.7721280602636534
Auxiliary financial services,Management Consultancy,180,0.5649717514124294,3779,11.861268047708725,3959,12.426239799121154
Real estate services,Management Consultancy,5,0.015693659761456372,0,0,5,0.015693659761456372
Owner-occupier housing services,Management Consultancy,0,0,0,0,0,0
Other real estate services,Management Consultancy,1,0.003138732,474,1.487758945386064,475,1.4908976773383553
Legal services,Management Consultancy,70,0.2197112366603892,2363,7.416823603264282,2433,7.636534839924671
Accounting and tax services,Management Consultancy,85,0.2667922159447583,1273,3.9956057752667924,1358,4.262397991211551
Management consulting services,Management Consultancy,3620,11.362209667294414,5432,17.049591964846204,9052,28.411801632140616
Architectural and engineering services,Management Consultancy,101,0.3170119271814187,416,1.3057124921531702,517,1.6227244193345889
Scientific research and development services,Management Consultancy,0,0,0,0,0,0
Advertising and market research services,Management Consultancy,113,0.354676711,297,0.9322033898305085,410,1.2868801004394226
Other scientific and technical services,Management Consultancy,0,0,252,0.7909604519774011,252,0.7909604519774011
Veterinary services,Management Consultancy,0,0,0,0,0,0
Rental and leasing services,Management Consultancy,94,0.29504080351537976,256,0.8035153797865662,350,1.098556183301946
Employment services,Management Consultancy,324,1.0169491525423728,216,0.6779661016949152,540,1.694915254237288
Travel services,Management Consultancy,0,0,149,0.46767106089139987,149,0.46767106089139987
Security services,Management Consultancy,0,0,0,0,0,0
Building and landscape services,Management Consultancy,0,0,747,2.344632768361582,747,2.344632768361582
Office support services,Management Consultancy,2653,8.327055869,0,0,2653,8.327055869
Public administration services (including defence),Management Consultancy,0,0,83,0.26051475204017577,83,0.26051475204017577
Education services,Management Consultancy,31,0.097300691,326,1.0232266164469555,357,1.1205273069679849
Health services,Management Consultancy,0,0,0,0,0,0
Residential and social care services,Management Consultancy,0,0,0,0,0,0
Arts and entertainment services,Management Consultancy,0,0,0,0,0,0
Libraries and other cultural services,Management Consultancy,0,0,0,0,0,0
Gambling services,Management Consultancy,0,0,0,0,0,0
Sports and recreation services,Management Consultancy,0,0,0,0,0,0
Membership services,Management Consultancy,1,0.003138732,0,0,1,0.003138732
Computer repair services,Management Consultancy,0,0,0,0,0,0
Other personal services,Management Consultancy,0,0,0,0,0,0
Agriculture products,Architectural and Engineering Activities,0,0,0,0,0,0
Forestry products,Architectural and Engineering Activities,0,0,0,0,0,0
Fishing products,Architectural and Engineering Activities,0,0,0,0,0,0
Coal and lignite,Architectural and Engineering Activities,0,0,0,0,0,0
"Petroleum, natural gas and mining of metal ores",Architectural and Engineering Activities,330,1.0611956137247964,0,0,330,1.0611956137247964
Other mining products,Architectural and Engineering Activities,0,0,0,0,0,0
Mining support services,Architectural and Engineering Activities,0,0,0,0,0,0
Meat and preserved meat products,Architectural and Engineering Activities,0,0,1,0.003215744,1,0.003215744
"Fish, seafood, fruit and vegetables",Architectural and Engineering Activities,0,0,0,0,0,0
Oils and fats,Architectural and Engineering Activities,0,0,0,0,0,0
Dairy products,Architectural and Engineering Activities,0,0,0,0,0,0
Grain mill and starch products,Architectural and Engineering Activities,0,0,0,0,0,0
Bakery products,Architectural and Engineering Activities,0,0,3,0.009647233,3,0.009647233
Other food products,Architectural and Engineering Activities,3,0.009647233,3,0.009647233,6,0.019294465704087212
Animal feeds,Architectural and Engineering Activities,0,0,0,0,0,0
Alcoholic beverages and tobacco,Architectural and Engineering Activities,0,0,0,0,0,0
Soft drinks,Architectural and Engineering Activities,0,0,0,0,0,0
Textiles,Architectural and Engineering Activities,0,0,0,0,0,0
Clothing,Architectural and Engineering Activities,0,0,0,0,0,0
Leather products,Architectural and Engineering Activities,0,0,0,0,0,0
Wood products (excl. furniture),Architectural and Engineering Activities,0,0,0,0,0,0
Paper products,Architectural and Engineering Activities,2,0.006431489,33,0.10611956137247967,35,0.11255104994050874
Printing and recording services,Architectural and Engineering Activities,0,0,0,0,0,0
Coke and refined petroleum products,Architectural and Engineering Activities,3,0.009647233,97,0.3119271955494099,100,0.3215744284014535
Paints and coatings,Architectural and Engineering Activities,0,0,0,0,0,0
Soap and detergents,Architectural and Engineering Activities,0,0,0,0,0,0
Other chemical products,Architectural and Engineering Activities,409,1.3152394121619448,0,0,409,1.3152394121619448
Industrial gases and fertilizers,Architectural and Engineering Activities,0,0,0,0,0,0
Petrochemicals,Architectural and Engineering Activities,386,1.2412772936296106,252,0.8103675595716628,638,2.0516448532012737
Dyestuffs and agro-chemicals,Architectural and Engineering Activities,0,0,0,0,0,0
Pharmaceutical products,Architectural and Engineering Activities,0,0,0,0,0,0
Rubber and plastic products,Architectural and Engineering Activities,0,0,0,0,0,0
Cement and concrete products,Architectural and Engineering Activities,0,0,0,0,0,0
"Glass, ceramic and stone products",Architectural and Engineering Activities,0,0,0,0,0,0
Basic iron and steel,Architectural and Engineering Activities,55,0.17686593562079944,182,0.5852654596906454,237,0.7621313953114448
Other basic metals and casting,Architectural and Engineering Activities,0,0,0,0,0,0
Weapons and ammunition,Architectural and Engineering Activities,0,0,0,0,0,0
Other fabricated metal products,Architectural and Engineering Activities,112,0.36016335980962794,0,0,112,0.36016335980962794
Computer and electronic products,Architectural and Engineering Activities,486,1.562851722031064,615,1.9776827346689392,1101,3.540534456700003
Electrical equipment,Architectural and Engineering Activities,275,0.8843296781039971,124,0.39875229121780237,399,1.2830819693217994
Other machinery and equipment,Architectural and Engineering Activities,345,1.1094317779850145,0,0,345,1.1094317779850145
Motor vehicles,Architectural and Engineering Activities,0,0,0,0,0,0
Ships and boats,Architectural and Engineering Activities,0,0,0,0,0,0
Aircraft and spacecraft products,Architectural and Engineering Activities,0,0,0,0,0,0
Other Transport Equipment,Architectural and Engineering Activities,0,0,0,0,0,0
Furniture,Architectural and Engineering Activities,0,0,0,0,0,0
Other manufactured goods,Architectural and Engineering Activities,6,0.019294465704087212,0,0,6,0.019294465704087212
Ship and boat repair and maintenance,Architectural and Engineering Activities,0,0,0,0,0,0
Air and spacecraft repair and maintenance,Architectural and Engineering Activities,0,0,0,0,0,0
Other repair services,Architectural and Engineering Activities,2,0.006431489,135,0.43412547834196225,137,0.4405569669099913
Electricity services,Architectural and Engineering Activities,0,0,156,0.5016561083062675,156,0.5016561083062675
"Mains gas, steam and air conditioning services",Architectural and Engineering Activities,0,0,53,0.17043444705277036,53,0.17043444705277036
Water services,Architectural and Engineering Activities,0,0,35,0.11255104994050873,35,0.11255104994050873
Sewerage services,Architectural and Engineering Activities,0,0,25,0.080393607,25,0.080393607
Waste collection and treatment services,Architectural and Engineering Activities,8,0.025725954,10,0.032157443,18,0.057883397112261634
Remediation and waste management services,Architectural and Engineering Activities,0,0,0,0,0,0
Construction services,Architectural and Engineering Activities,146,0.4694986654661221,397,1.2766504807537704,543,1.7461491462198926
Motor vehicle trade services,Architectural and Engineering Activities,0,0,13,0.041804676,13,0.041804676
Wholesale trade services,Architectural and Engineering Activities,14,0.04502042,868,2.791266038524616,882,2.836286459
Retail trade services,Architectural and Engineering Activities,0,0,195,0.6270701353828343,195,0.6270701353828343
Rail transport services,Architectural and Engineering Activities,0,0,0,0,0,0
Land transport services,Architectural and Engineering Activities,0,0,304,0.9775862623404188,304,0.9775862623404188
Water transport services,Architectural and Engineering Activities,0,0,0,0,0,0
Air transport services,Architectural and Engineering Activities,0,0,0,0,0,0
Warehousing services,Architectural and Engineering Activities,0,0,31,0.099688073,31,0.099688073
Postal and courier services,Architectural and Engineering Activities,1,0.003215744,70,0.22510209988101745,71,0.22831784416503198
Accommodation services,Architectural and Engineering Activities,0,0,0,0,0,0
Food and beverage services,Architectural and Engineering Activities,0,0,37,0.1189825385085378,37,0.1189825385085378
Publishing services,Architectural and Engineering Activities,0,0,0,0,0,0
Media Production services,Architectural and Engineering Activities,0,0,0,0,0,0
Telecommunications services,Architectural and Engineering Activities,264,0.8489564909798374,69,0.22188635559700293,333,1.0708428465768403
Computer programming services,Architectural and Engineering Activities,31,0.099688073,884,2.842717947068849,915,2.9424060198732995
Information services,Architectural and Engineering Activities,40,0.1286297713605814,27,0.086825096,67,0.21545486702897385
Financial services (excl. insurance and pensions),Architectural and Engineering Activities,0,0,933,3.0002894169855616,933,3.0002894169855616
Insurance and pension services,Architectural and Engineering Activities,1,0.003215744,212,0.6817377882110814,213,0.6849535324950959
Auxiliary financial services,Architectural and Engineering Activities,0,0,1610,5.177348297263402,1610,5.177348297263402
Real estate services,Architectural and Engineering Activities,18,0.057883397112261634,12,0.038588931408174425,30,0.096472329
Owner-occupier housing services,Architectural and Engineering Activities,0,0,0,0,0,0
Other real estate services,Architectural and Engineering Activities,0,0,523,1.6818342605396017,523,1.6818342605396017
Legal services,Architectural and Engineering Activities,7,0.022510209988101746,304,0.9775862623404188,311,1.0000964723285206
Accounting and tax services,Architectural and Engineering Activities,3,0.009647233,310,0.9968807280445059,313,1.0065279608965494
Management consulting services,Architectural and Engineering Activities,134,0.43090973405794775,154,0.49522461973823845,288,0.9261343537961861
Architectural and engineering services,Architectural and Engineering Activities,2652,8.528153841206548,10529,33.85857156638904,13181,42.386725407595584
Scientific research and development services,Architectural and Engineering Activities,0,0,0,0,0,0
Advertising and market research services,Architectural and Engineering Activities,153,0.4920088754542239,225,0.7235424639032704,378,1.2155513393574942
Other scientific and technical services,Architectural and Engineering Activities,0,0,22,0.070746374,22,0.070746374
Veterinary services,Architectural and Engineering Activities,0,0,0,0,0,0
Rental and leasing services,Architectural and Engineering Activities,14,0.04502042,662,2.128822716017622,676,2.1738431359938257
Employment services,Architectural and Engineering Activities,25,0.080393607,495,1.5917934205871949,520,1.6721870276875583
Travel services,Architectural and Engineering Activities,0,0,0,0,0,0
Security services,Architectural and Engineering Activities,0,0,0,0,0,0
Building and landscape services,Architectural and Engineering Activities,0,0,162,0.5209505740103547,162,0.5209505740103547
Office support services,Architectural and Engineering Activities,58,0.18651316847284302,0,0,58,0.18651316847284302
Public administration services (including defence),Architectural and Engineering Activities,181,0.5820497154066309,4112,13.223140495867769,4293,13.80519021
Education services,Architectural and Engineering Activities,2,0.006431489,47,0.15113998134868314,49,0.15757146991671223
Health services,Architectural and Engineering Activities,0,0,0,0,0,0
Residential and social care services,Architectural and Engineering Activities,0,0,0,0,0,0
Arts and entertainment services,Architectural and Engineering Activities,0,0,0,0,0,0
Libraries and other cultural services,Architectural and Engineering Activities,0,0,0,0,0,0
Gambling services,Architectural and Engineering Activities,0,0,0,0,0,0
Sports and recreation services,Architectural and Engineering Activities,0,0,0,0,0,0
Membership services,Architectural and Engineering Activities,0,0,0,0,0,0
Computer repair services,Architectural and Engineering Activities,0,0,0,0,0,0
Other personal services,Architectural and Engineering Activities,0,0,0,0,0,0
Agriculture products,Scientific Research and Development,0,0,0,0,0,0
Forestry products,Scientific Research and Development,0,0,0,0,0,0
Fishing products,Scientific Research and Development,0,0,0,0,0,0
Coal and lignite,Scientific Research and Development,0,0,0,0,0,0
"Petroleum, natural gas and mining of metal ores",Scientific Research and Development,0,0,0,0,0,0
Other mining products,Scientific Research and Development,0,0,0,0,0,0
Mining support services,Scientific Research and Development,0,0,0,0,0,0
Meat and preserved meat products,Scientific Research and Development,0,0,0,0,0,0
"Fish, seafood, fruit and vegetables",Scientific Research and Development,0,0,0,0,0,0
Oils and fats,Scientific Research and Development,0,0,0,0,0,0
Dairy products,Scientific Research and Development,0,0,0,0,0,0
Grain mill and starch products,Scientific Research and Development,0,0,0,0,0,0
Bakery products,Scientific Research and Development,0,0,0,0,0,0
Other food products,Scientific Research and Development,0,0,0,0,0,0
Animal feeds,Scientific Research and Development,0,0,0,0,0,0
Alcoholic beverages and tobacco,Scientific Research and Development,0,0,0,0,0,0
Soft drinks,Scientific Research and Development,0,0,0,0,0,0
Textiles,Scientific Research and Development,0,0,0,0,0,0
Clothing,Scientific Research and Development,0,0,0,0,0,0
Leather products,Scientific Research and Development,0,0,0,0,0,0
Wood products (excl. furniture),Scientific Research and Development,0,0,0,0,0,0
Paper products,Scientific Research and Development,9,0.037953864968582635,255,1.0753595074431748,264,1.1133133724117574
Printing and recording services,Scientific Research and Development,0,0,0,0,0,0
Coke and refined petroleum products,Scientific Research and Development,2,0.008434192,25,0.10542740269050732,27,0.1138615949057479
Paints and coatings,Scientific Research and Development,0,0,0,0,0,0
Soap and detergents,Scientific Research and Development,0,0,0,0,0,0
Other chemical products,Scientific Research and Development,375,1.5814110403576098,0,0,375,1.5814110403576098
Industrial gases and fertilizers,Scientific Research and Development,20,0.084341922,0,0,20,0.084341922
Petrochemicals,Scientific Research and Development,320,1.3494707544384936,212,0.8940243748155021,532,2.2434951292539957
Dyestuffs and agro-chemicals,Scientific Research and Development,4,0.016868384,0,0,4,0.016868384
Pharmaceutical products,Scientific Research and Development,609,2.568211529540758,0,0,609,2.568211529540758
Rubber and plastic products,Scientific Research and Development,5,0.021085480538101463,0,0,5,0.021085480538101463
Cement and concrete products,Scientific Research and Development,0,0,0,0,0,0
"Glass, ceramic and stone products",Scientific Research and Development,0,0,0,0,0,0
Basic iron and steel,Scientific Research and Development,0,0,0,0,0,0
Other basic metals and casting,Scientific Research and Development,0,0,0,0,0,0
Weapons and ammunition,Scientific Research and Development,0,0,0,0,0,0
Other fabricated metal products,Scientific Research and Development,0,0,0,0,0,0
Computer and electronic products,Scientific Research and Development,43,0.1813351326276726,4,0.016868384,47,0.19820351705815376
Electrical equipment,Scientific Research and Development,15,0.063256442,0,0,15,0.063256442
Other machinery and equipment,Scientific Research and Development,0,0,0,0,0,0
Motor vehicles,Scientific Research and Development,0,0,0,0,0,0
Ships and boats,Scientific Research and Development,0,0,0,0,0,0
Aircraft and spacecraft products,Scientific Research and Development,0,0,0,0,0,0
Other Transport Equipment,Scientific Research and Development,0,0,0,0,0,0
Furniture,Scientific Research and Development,0,0,0,0,0,0
Other manufactured goods,Scientific Research and Development,21,0.088559018,29,0.12229578712098849,50,0.21085480538101464
Ship and boat repair and maintenance,Scientific Research and Development,0,0,0,0,0,0
Air and spacecraft repair and maintenance,Scientific Research and Development,0,0,0,0,0,0
Other repair services,Scientific Research and Development,14,0.059039345506684104,64,0.26989415088769875,78,0.32893349639438285
Electricity services,Scientific Research and Development,0,0,148,0.6241302239278033,148,0.6241302239278033
"Mains gas, steam and air conditioning services",Scientific Research and Development,0,0,42,0.17711803652005229,42,0.17711803652005229
Water services,Scientific Research and Development,0,0,9,0.037953864968582635,9,0.037953864968582635
Sewerage services,Scientific Research and Development,0,0,1,0.004217096,1,0.004217096
Waste collection and treatment services,Scientific Research and Development,12,0.050605153,0,0,12,0.050605153
Remediation and waste management services,Scientific Research and Development,0,0,0,0,0,0
Construction services,Scientific Research and Development,0,0,0,0,0,0
Motor vehicle trade services,Scientific Research and Development,1,0.004217096,6,0.025302576645721754,7,0.029519672753342045
Wholesale trade services,Scientific Research and Development,0,0,519,2.188672879854932,519,2.188672879854932
Retail trade services,Scientific Research and Development,0,0,108,0.4554463796229916,108,0.4554463796229916
Rail transport services,Scientific Research and Development,0,0,1,0.004217096,1,0.004217096
Land transport services,Scientific Research and Development,0,0,108,0.4554463796229916,108,0.4554463796229916
Water transport services,Scientific Research and Development,0,0,0,0,0,0
Air transport services,Scientific Research and Development,0,0,0,0,0,0
Warehousing services,Scientific Research and Development,0,0,0,0,0,0
Postal and courier services,Scientific Research and Development,0,0,23,0.09699321,23,0.09699321
Accommodation services,Scientific Research and Development,0,0,0,0,0,0
Food and beverage services,Scientific Research and Development,0,0,15,0.063256442,15,0.063256442
Publishing services,Scientific Research and Development,0,0,0,0,0,0
Media Production services,Scientific Research and Development,0,0,0,0,0,0
Telecommunications services,Scientific Research and Development,5,0.021085480538101463,71,0.29941382364104074,76,0.3204993041791422
Computer programming services,Scientific Research and Development,38,0.16024965208957112,570,2.403744781343567,608,2.563994433433138
Information services,Scientific Research and Development,29,0.12229578712098849,35,0.14759836376671023,64,0.26989415088769875
Financial services (excl. insurance and pensions),Scientific Research and Development,1,0.004217096,262,1.1048791801965168,263,1.109096276304137
Insurance and pension services,Scientific Research and Development,0,0,132,0.5566566862058786,132,0.5566566862058786
Auxiliary financial services,Scientific Research and Development,0,0,146,0.6156960317125627,146,0.6156960317125627
Real estate services,Scientific Research and Development,0,0,0,0,0,0
Owner-occupier housing services,Scientific Research and Development,0,0,0,0,0,0
Other real estate services,Scientific Research and Development,0,0,104,0.4385779951925104,104,0.4385779951925104
Legal services,Scientific Research and Development,31,0.13072997933622907,201,0.8476363176316788,232,0.9783662969679079
Accounting and tax services,Scientific Research and Development,63,0.26567705478007847,48,0.20242061316577403,111,0.4680976679458525
Management consulting services,Scientific Research and Development,109,0.45966347573061195,969,4.086366128284063,1078,4.5460296040146755
Architectural and engineering services,Scientific Research and Development,37,0.15603255598195082,0,0,37,0.15603255598195082
Scientific research and development services,Scientific Research and Development,0,0,15937,67.20786067,15937,67.20786067
Advertising and market research services,Scientific Research and Development,6,0.025302576645721754,529,2.2308438409311346,535,2.2561464175768564
Other scientific and technical services,Scientific Research and Development,0,0,565,2.3826593008054653,565,2.3826593008054653
Veterinary services,Scientific Research and Development,0,0,0,0,0,0
Rental and leasing services,Scientific Research and Development,97,0.4090583224391684,0,0,97,0.4090583224391684
Employment services,Scientific Research and Development,65,0.274111247,383,1.615147809218572,448,1.8892590562138911
Travel services,Scientific Research and Development,0,0,0,0,0,0
Security services,Scientific Research and Development,0,0,11,0.046388057183823224,11,0.046388057183823224
Building and landscape services,Scientific Research and Development,0,0,81,0.3415847847172437,81,0.3415847847172437
Office support services,Scientific Research and Development,68,0.2867625353181799,0,0,68,0.2867625353181799
Public administration services (including defence),Scientific Research and Development,0,0,1,0.004217096,1,0.004217096
Education services,Scientific Research and Development,8,0.033736769,90,0.37953864968582635,98,0.4132754185467887
Health services,Scientific Research and Development,0,0,0,0,0,0
Residential and social care services,Scientific Research and Development,0,0,0,0,0,0
Arts and entertainment services,Scientific Research and Development,0,0,0,0,0,0
Libraries and other cultural services,Scientific Research and Development,0,0,0,0,0,0
Gambling services,Scientific Research and Development,0,0,0,0,0,0
Sports and recreation services,Scientific Research and Development,0,0,0,0,0,0
Membership services,Scientific Research and Development,0,0,0,0,0,0
Computer repair services,Scientific Research and Development,2,0.008434192,0,0,2,0.008434192
Other personal services,Scientific Research and Development,0,0,0,0,0,0
Agriculture products,Advertising and Market Research,0,0,0,0,0,0
Forestry products,Advertising and Market Research,0,0,0,0,0,0
Fishing products,Advertising and Market Research,0,0,0,0,0,0
Coal and lignite,Advertising and Market Research,0,0,0,0,0,0
"Petroleum, natural gas and mining of metal ores",Advertising and Market Research,0,0,0,0,0,0
Other mining products,Advertising and Market Research,0,0,0,0,0,0
Mining support services,Advertising and Market Research,0,0,0,0,0,0
Meat and preserved meat products,Advertising and Market Research,0,0,12,0.089739755,12,0.089739755
"Fish, seafood, fruit and vegetables",Advertising and Market Research,0,0,6,0.044869877,6,0.044869877
Oils and fats,Advertising and Market Research,0,0,0,0,0,0
Dairy products,Advertising and Market Research,0,0,6,0.044869877,6,0.044869877
Grain mill and starch products,Advertising and Market Research,0,0,0,0,0,0
Bakery products,Advertising and Market Research,0,0,9,0.067304816,9,0.067304816
Other food products,Advertising and Market Research,2,0.014956625785222853,0,0,2,0.014956625785222853
Animal feeds,Advertising and Market Research,0,0,0,0,0,0
Alcoholic beverages and tobacco,Advertising and Market Research,0,0,0,0,0,0
Soft drinks,Advertising and Market Research,0,0,0,0,0,0
Textiles,Advertising and Market Research,0,0,0,0,0,0
Clothing,Advertising and Market Research,0,0,0,0,0,0
Leather products,Advertising and Market Research,0,0,0,0,0,0
Wood products (excl. furniture),Advertising and Market Research,0,0,0,0,0,0
Paper products,Advertising and Market Research,3,0.022434939,184,1.3760095722405024,187,1.3984445109183365
Printing and recording services,Advertising and Market Research,0,0,0,0,0,0
Coke and refined petroleum products,Advertising and Market Research,0,0,17,0.12713131917439427,17,0.12713131917439427
Paints and coatings,Advertising and Market Research,11,0.082261442,29,0.21687107388573137,40,0.2991325157044571
Soap and detergents,Advertising and Market Research,5,0.037391564463057136,0,0,5,0.037391564463057136
Other chemical products,Advertising and Market Research,0,0,0,0,0,0
Industrial gases and fertilizers,Advertising and Market Research,0,0,0,0,0,0
Petrochemicals,Advertising and Market Research,0,0,0,0,0,0
Dyestuffs and agro-chemicals,Advertising and Market Research,0,0,0,0,0,0
Pharmaceutical products,Advertising and Market Research,0,0,0,0,0,0
Rubber and plastic products,Advertising and Market Research,0,0,0,0,0,0
Cement and concrete products,Advertising and Market Research,0,0,0,0,0,0
"Glass, ceramic and stone products",Advertising and Market Research,0,0,0,0,0,0
Basic iron and steel,Advertising and Market Research,0,0,0,0,0,0
Other basic metals and casting,Advertising and Market Research,0,0,0,0,0,0
Weapons and ammunition,Advertising and Market Research,0,0,0,0,0,0
Other fabricated metal products,Advertising and Market Research,0,0,0,0,0,0
Computer and electronic products,Advertising and Market Research,23,0.1720011965300628,53,0.39635058330840567,76,0.5683517798384685
Electrical equipment,Advertising and Market Research,0,0,0,0,0,0
Other machinery and equipment,Advertising and Market Research,14,0.10469638049655998,10,0.074783129,24,0.17947950942267427
Motor vehicles,Advertising and Market Research,1,0.007478313,0,0,1,0.007478313
Ships and boats,Advertising and Market Research,0,0,0,0,0,0
Aircraft and spacecraft products,Advertising and Market Research,0,0,0,0,0,0
Other Transport Equipment,Advertising and Market Research,0,0,0,0,0,0
Furniture,Advertising and Market Research,0,0,0,0,0,0
Other manufactured goods,Advertising and Market Research,25,0.18695782231528565,36,0.26921926413401137,61,0.456177086
Ship and boat repair and maintenance,Advertising and Market Research,0,0,0,0,0,0
Air and spacecraft repair and maintenance,Advertising and Market Research,0,0,0,0,0,0
Other repair services,Advertising and Market Research,0,0,80,0.5982650314089142,80,0.5982650314089142
Electricity services,Advertising and Market Research,0,0,24,0.17947950942267424,24,0.17947950942267424
"Mains gas, steam and air conditioning services",Advertising and Market Research,0,0,15,0.11217469338917141,15,0.11217469338917141
Water services,Advertising and Market Research,0,0,36,0.26921926413401137,36,0.26921926413401137
Sewerage services,Advertising and Market Research,0,0,1,0.007478313,1,0.007478313
Waste collection and treatment services,Advertising and Market Research,0,0,5,0.037391564463057136,5,0.037391564463057136
Remediation and waste management services,Advertising and Market Research,0,0,0,0,0,0
Construction services,Advertising and Market Research,0,0,0,0,0,0
Motor vehicle trade services,Advertising and Market Research,0,0,2,0.014956625785222853,2,0.014956625785222853
Wholesale trade services,Advertising and Market Research,1,0.007478313,177,1.3236613819922225,178,1.331139694884834
Retail trade services,Advertising and Market Research,0,0,130,0.9721806760394854,130,0.9721806760394854
Rail transport services,Advertising and Market Research,0,0,0,0,0,0
Land transport services,Advertising and Market Research,0,0,36,0.26921926413401137,36,0.26921926413401137
Water transport services,Advertising and Market Research,0,0,0,0,0,0
Air transport services,Advertising and Market Research,0,0,220,1.645228836374514,220,1.645228836374514
Warehousing services,Advertising and Market Research,0,0,0,0,0,0
Postal and courier services,Advertising and Market Research,0,0,82,0.613221657,82,0.613221657
Accommodation services,Advertising and Market Research,0,0,117,0.874962608,117,0.874962608
Food and beverage services,Advertising and Market Research,0,0,132,0.9871373018247084,132,0.9871373018247084
Publishing services,Advertising and Market Research,0,0,0,0,0,0
Media Production services,Advertising and Market Research,275,2.056536045468142,2,0.014956625785222853,277,2.071492671253365
Telecommunications services,Advertising and Market Research,36,0.26921926413401137,209,1.5629673945557883,245,1.8321866586897997
Computer programming services,Advertising and Market Research,55,0.4113072090936285,200,1.4956625785222852,255,1.9069697876159137
Information services,Advertising and Market Research,99,0.7403529763685313,59,0.4412204606640742,158,1.1815734370326054
Financial services (excl. insurance and pensions),Advertising and Market Research,21,0.15704457074483996,528,3.9485492072988335,549,4.105593778043674
Insurance and pension services,Advertising and Market Research,0,0,104,0.7777445408315884,104,0.7777445408315884
Auxiliary financial services,Advertising and Market Research,15,0.11217469338917141,54,0.40382889620101703,69,0.5160035895901884
Real estate services,Advertising and Market Research,0,0,0,0,0,0
Owner-occupier housing services,Advertising and Market Research,0,0,0,0,0,0
Other real estate services,Advertising and Market Research,0,0,994,7.433443015255758,994,7.433443015255758
Legal services,Advertising and Market Research,3,0.022434939,438,3.275501046963805,441,3.2979359856416393
Accounting and tax services,Advertising and Market Research,7,0.05234819,659,4.928208196,666,4.9805563864792095
Management consulting services,Advertising and Market Research,282,2.1088842357164226,0,0,282,2.1088842357164226
Architectural and engineering services,Advertising and Market Research,0,0,1,0.007478313,1,0.007478313
Scientific research and development services,Advertising and Market Research,0,0,0,0,0,0
Advertising and market research services,Advertising and Market Research,3076,23.003290457672747,1110,8.300927310798684,4186,31.304217768471432
Other scientific and technical services,Advertising and Market Research,0,0,2419,18.090038887227042,2419,18.090038887227042
Veterinary services,Advertising and Market Research,0,0,0,0,0,0
Rental and leasing services,Advertising and Market Research,0,0,28,0.20939276099311996,28,0.20939276099311996
Employment services,Advertising and Market Research,8,0.059826503,717,5.361950344002393,725,5.421776847143285
Travel services,Advertising and Market Research,0,0,0,0,0,0
Security services,Advertising and Market Research,0,0,0,0,0,0
Building and landscape services,Advertising and Market Research,0,0,0,0,0,0
Office support services,Advertising and Market Research,166,1.2413999401734968,32,0.23930601256356565,198,1.4807059527370625
Public administration services (including defence),Advertising and Market Research,0,0,1,0.007478313,1,0.007478313
Education services,Advertising and Market Research,5,0.037391564463057136,168,1.2563565659587197,173,1.2937481304217768
Health services,Advertising and Market Research,0,0,0,0,0,0
Residential and social care services,Advertising and Market Research,0,0,0,0,0,0
Arts and entertainment services,Advertising and Market Research,0,0,0,0,0,0
Libraries and other cultural services,Advertising and Market Research,0,0,0,0,0,0
Gambling services,Advertising and Market Research,0,0,0,0,0,0
Sports and recreation services,Advertising and Market Research,0,0,0,0,0,0
Membership services,Advertising and Market Research,1,0.007478313,91,0.6805264732276398,92,0.6880047861202513
Computer repair services,Advertising and Market Research,2,0.014956625785222853,0,0,2,0.014956625785222853
Other personal services,Advertising and Market Research,0,0,3,0.022434939,3,0.022434939
Agriculture products,Other Scientific and Technical Activities,0,0,0,0,0,0
Forestry products,Other Scientific and Technical Activities,0,0,0,0,0,0
Fishing products,Other Scientific and Technical Activities,0,0,0,0,0,0
Coal and lignite,Other Scientific and Technical Activities,0,0,0,0,0,0
"Petroleum, natural gas and mining of metal ores",Other Scientific and Technical Activities,0,0,0,0,0,0
Other mining products,Other Scientific and Technical Activities,0,0,0,0,0,0
Mining support services,Other Scientific and Technical Activities,0,0,0,0,0,0
Meat and preserved meat products,Other Scientific and Technical Activities,1,0.007649939,12,0.091799266,13,0.099449204
"Fish, seafood, fruit and vegetables",Other Scientific and Technical Activities,0,0,6,0.045899633,6,0.045899633
Oils and fats,Other Scientific and Technical Activities,0,0,3,0.022949816,3,0.022949816
Dairy products,Other Scientific and Technical Activities,0,0,7,0.053549572,7,0.053549572
Grain mill and starch products,Other Scientific and Technical Activities,0,0,0,0,0,0
Bakery products,Other Scientific and Technical Activities,0,0,8,0.06119951,8,0.06119951
Other food products,Other Scientific and Technical Activities,2,0.015299878,2,0.015299878,4,0.030599755
Animal feeds,Other Scientific and Technical Activities,0,0,0,0,0,0
Alcoholic beverages and tobacco,Other Scientific and Technical Activities,0,0,0,0,0,0
Soft drinks,Other Scientific and Technical Activities,0,0,0,0,0,0
Textiles,Other Scientific and Technical Activities,23,0.1759485924112607,108,0.8261933904528763,131,1.0021419828641371
Clothing,Other Scientific and Technical Activities,0,0,0,0,0,0
Leather products,Other Scientific and Technical Activities,0,0,0,0,0,0
Wood products (excl. furniture),Other Scientific and Technical Activities,0,0,0,0,0,0
Paper products,Other Scientific and Technical Activities,45,0.3442472460220318,107,0.8185434516523867,152,1.1627906976744184
Printing and recording services,Other Scientific and Technical Activities,0,0,0,0,0,0
Coke and refined petroleum products,Other Scientific and Technical Activities,0,0,89,0.6808445532435741,89,0.6808445532435741
Paints and coatings,Other Scientific and Technical Activities,0,0,0,0,0,0
Soap and detergents,Other Scientific and Technical Activities,0,0,0,0,0,0
Other chemical products,Other Scientific and Technical Activities,0,0,0,0,0,0
Industrial gases and fertilizers,Other Scientific and Technical Activities,0,0,0,0,0,0
Petrochemicals,Other Scientific and Technical Activities,0,0,0,0,0,0
Dyestuffs and agro-chemicals,Other Scientific and Technical Activities,0,0,0,0,0,0
Pharmaceutical products,Other Scientific and Technical Activities,0,0,0,0,0,0
Rubber and plastic products,Other Scientific and Technical Activities,0,0,0,0,0,0
Cement and concrete products,Other Scientific and Technical Activities,0,0,0,0,0,0
"Glass, ceramic and stone products",Other Scientific and Technical Activities,0,0,0,0,0,0
Basic iron and steel,Other Scientific and Technical Activities,0,0,0,0,0,0
Other basic metals and casting,Other Scientific and Technical Activities,0,0,0,0,0,0
Weapons and ammunition,Other Scientific and Technical Activities,0,0,0,0,0,0
Other fabricated metal products,Other Scientific and Technical Activities,0,0,0,0,0,0
Computer and electronic products,Other Scientific and Technical Activities,168,1.285189718482252,155,1.1857405140758874,323,2.4709302325581395
Electrical equipment,Other Scientific and Technical Activities,0,0,0,0,0,0
Other machinery and equipment,Other Scientific and Technical Activities,0,0,0,0,0,0
Motor vehicles,Other Scientific and Technical Activities,0,0,0,0,0,0
Ships and boats,Other Scientific and Technical Activities,0,0,0,0,0,0
Aircraft and spacecraft products,Other Scientific and Technical Activities,0,0,0,0,0,0
Other Transport Equipment,Other Scientific and Technical Activities,0,0,0,0,0,0
Furniture,Other Scientific and Technical Activities,0,0,0,0,0,0
Other manufactured goods,Other Scientific and Technical Activities,24,0.18359853121175032,0,0,24,0.18359853121175032
Ship and boat repair and maintenance,Other Scientific and Technical Activities,0,0,0,0,0,0
Air and spacecraft repair and maintenance,Other Scientific and Technical Activities,0,0,0,0,0,0
Other repair services,Other Scientific and Technical Activities,1,0.007649939,39,0.29834761321909425,40,0.30599755201958384
Electricity services,Other Scientific and Technical Activities,0,0,88,0.6731946144430845,88,0.6731946144430845
"Mains gas, steam and air conditioning services",Other Scientific and Technical Activities,0,0,41,0.3136474908200734,41,0.3136474908200734
Water services,Other Scientific and Technical Activities,0,0,10,0.076499388,10,0.076499388
Sewerage services,Other Scientific and Technical Activities,0,0,19,0.14534883720930233,19,0.14534883720930233
Waste collection and treatment services,Other Scientific and Technical Activities,0,0,18,0.13769889840881275,18,0.13769889840881275
Remediation and waste management services,Other Scientific and Technical Activities,0,0,0,0,0,0
Construction services,Other Scientific and Technical Activities,1,0.007649939,66,0.5048959608323134,67,0.5125459
Motor vehicle trade services,Other Scientific and Technical Activities,0,0,0,0,0,0
Wholesale trade services,Other Scientific and Technical Activities,0,0,267,2.042533659730722,267,2.042533659730722
Retail trade services,Other Scientific and Technical Activities,0,0,110,0.8414932680538556,110,0.8414932680538556
Rail transport services,Other Scientific and Technical Activities,0,0,0,0,0,0
Land transport services,Other Scientific and Technical Activities,0,0,191,1.4611383108935128,191,1.4611383108935128
Water transport services,Other Scientific and Technical Activities,0,0,0,0,0,0
Air transport services,Other Scientific and Technical Activities,0,0,58,0.4436964504283966,58,0.4436964504283966
Warehousing services,Other Scientific and Technical Activities,0,0,0,0,0,0
Postal and courier services,Other Scientific and Technical Activities,2,0.015299878,157,1.2010403916768666,159,1.2163402692778458
Accommodation services,Other Scientific and Technical Activities,0,0,183,1.399938800489596,183,1.399938800489596
Food and beverage services,Other Scientific and Technical Activities,0,0,251,1.9201346389228886,251,1.9201346389228886
Publishing services,Other Scientific and Technical Activities,0,0,0,0,0,0
Media Production services,Other Scientific and Technical Activities,0,0,0,0,0,0
Telecommunications services,Other Scientific and Technical Activities,2,0.015299878,203,1.552937576499388,205,1.5682374541003672
Computer programming services,Other Scientific and Technical Activities,6,0.045899633,332,2.539779681762546,338,2.5856793145654837
Information services,Other Scientific and Technical Activities,1,0.007649939,184,1.4075887392900857,185,1.4152386780905752
Financial services (excl. insurance and pensions),Other Scientific and Technical Activities,7,0.053549572,415,3.174724602203182,422,3.228274173806609
Insurance and pension services,Other Scientific and Technical Activities,0,0,88,0.6731946144430845,88,0.6731946144430845
Auxiliary financial services,Other Scientific and Technical Activities,5,0.038249694,238,1.8206854345165238,243,1.8589351285189717
Real estate services,Other Scientific and Technical Activities,0,0,0,0,0,0
Owner-occupier housing services,Other Scientific and Technical Activities,0,0,0,0,0,0
Other real estate services,Other Scientific and Technical Activities,0,0,432,3.3047735618115053,432,3.3047735618115053
Legal services,Other Scientific and Technical Activities,1,0.007649939,253,1.935434516523868,254,1.9430844553243576
Accounting and tax services,Other Scientific and Technical Activities,0,0,381,2.914626682986536,381,2.914626682986536
Management consulting services,Other Scientific and Technical Activities,53,0.40544675642594863,197,1.5070379436964505,250,1.9124847001223992
Architectural and engineering services,Other Scientific and Technical Activities,47,0.359547124,27,0.20654834761321908,74,0.566095471
Scientific research and development services,Other Scientific and Technical Activities,0,0,0,0,0,0
Advertising and market research services,Other Scientific and Technical Activities,42,0.32129743,647,4.9495104039167686,689,5.270807833537331
Other scientific and technical services,Other Scientific and Technical Activities,171,1.308139534883721,6456,49.38800489596083,6627,50.696144430844555
Veterinary services,Other Scientific and Technical Activities,0,0,0,0,0,0
Rental and leasing services,Other Scientific and Technical Activities,2,0.015299878,109,0.833843329,111,0.8491432068543452
Employment services,Other Scientific and Technical Activities,5,0.038249694,220,1.6829865361077112,225,1.7212362301101591
Travel services,Other Scientific and Technical Activities,0,0,0,0,0,0
Security services,Other Scientific and Technical Activities,0,0,11,0.084149327,11,0.084149327
Building and landscape services,Other Scientific and Technical Activities,0,0,58,0.4436964504283966,58,0.4436964504283966
Office support services,Other Scientific and Technical Activities,51,0.3901468788249694,0,0,51,0.3901468788249694
Public administration services (including defence),Other Scientific and Technical Activities,0,0,13,0.099449204,13,0.099449204
Education services,Other Scientific and Technical Activities,0,0,81,0.6196450428396573,81,0.6196450428396573
Health services,Other Scientific and Technical Activities,0,0,0,0,0,0
Residential and social care services,Other Scientific and Technical Activities,0,0,0,0,0,0
Arts and entertainment services,Other Scientific and Technical Activities,0,0,0,0,0,0
Libraries and other cultural services,Other Scientific and Technical Activities,0,0,0,0,0,0
Gambling services,Other Scientific and Technical Activities,0,0,0,0,0,0
Sports and recreation services,Other Scientific and Technical Activities,0,0,0,0,0,0
Membership services,Other Scientific and Technical Activities,0,0,72,0.550795594,72,0.550795594
Computer repair services,Other Scientific and Technical Activities,0,0,0,0,0,0
Other personal services,Other Scientific and Technical Activities,0,0,0,0,0,0
Agriculture products,Veterinary Activities,2,0.13568521031207598,0,0,2,0.13568521031207598
Forestry products,Veterinary Activities,0,0,0,0,0,0
Fishing products,Veterinary Activities,0,0,0,0,0,0
Coal and lignite,Veterinary Activities,0,0,0,0,0,0
"Petroleum, natural gas and mining of metal ores",Veterinary Activities,0,0,0,0,0,0
Other mining products,Veterinary Activities,0,0,0,0,0,0
Mining support services,Veterinary Activities,0,0,0,0,0,0
Meat and preserved meat products,Veterinary Activities,1,0.067842605,1,0.067842605,2,0.13568521031207598
"Fish, seafood, fruit and vegetables",Veterinary Activities,0,0,0,0,0,0
Oils and fats,Veterinary Activities,0,0,0,0,0,0
Dairy products,Veterinary Activities,0,0,1,0.067842605,1,0.067842605
Grain mill and starch products,Veterinary Activities,0,0,0,0,0,0
Bakery products,Veterinary Activities,0,0,0,0,0,0
Other food products,Veterinary Activities,0,0,0,0,0,0
Animal feeds,Veterinary Activities,1,0.067842605,14,0.9497964721845319,15,1.017639077
Alcoholic beverages and tobacco,Veterinary Activities,0,0,0,0,0,0
Soft drinks,Veterinary Activities,0,0,0,0,0,0
Textiles,Veterinary Activities,0,0,0,0,0,0
Clothing,Veterinary Activities,0,0,0,0,0,0
Leather products,Veterinary Activities,0,0,0,0,0,0
Wood products (excl. furniture),Veterinary Activities,0,0,0,0,0,0
Paper products,Veterinary Activities,2,0.13568521031207598,30,2.035278155,32,2.1709633649932156
Printing and recording services,Veterinary Activities,0,0,0,0,0,0
Coke and refined petroleum products,Veterinary Activities,0,0,4,0.27137042062415195,4,0.27137042062415195
Paints and coatings,Veterinary Activities,0,0,0,0,0,0
Soap and detergents,Veterinary Activities,0,0,2,0.13568521031207598,2,0.13568521031207598
Other chemical products,Veterinary Activities,0,0,0,0,0,0
Industrial gases and fertilizers,Veterinary Activities,0,0,0,0,0,0
Petrochemicals,Veterinary Activities,0,0,0,0,0,0
Dyestuffs and agro-chemicals,Veterinary Activities,0,0,0,0,0,0
Pharmaceutical products,Veterinary Activities,35,2.37449118,294,19.94572591587517,329,22.3202171
Rubber and plastic products,Veterinary Activities,0,0,0,0,0,0
Cement and concrete products,Veterinary Activities,0,0,0,0,0,0
"Glass, ceramic and stone products",Veterinary Activities,0,0,0,0,0,0
Basic iron and steel,Veterinary Activities,0,0,0,0,0,0
Other basic metals and casting,Veterinary Activities,0,0,0,0,0,0
Weapons and ammunition,Veterinary Activities,0,0,0,0,0,0
Other fabricated metal products,Veterinary Activities,0,0,0,0,0,0
Computer and electronic products,Veterinary Activities,22,1.4925373134328357,1,0.067842605,23,1.5603799185888736
Electrical equipment,Veterinary Activities,0,0,0,0,0,0
Other machinery and equipment,Veterinary Activities,0,0,0,0,0,0
Motor vehicles,Veterinary Activities,0,0,0,0,0,0
Ships and boats,Veterinary Activities,0,0,0,0,0,0
Aircraft and spacecraft products,Veterinary Activities,0,0,0,0,0,0
Other Transport Equipment,Veterinary Activities,0,0,0,0,0,0
Furniture,Veterinary Activities,0,0,0,0,0,0
Other manufactured goods,Veterinary Activities,1,0.067842605,103,6.987788331071913,104,7.055630936227951
Ship and boat repair and maintenance,Veterinary Activities,0,0,0,0,0,0
Air and spacecraft repair and maintenance,Veterinary Activities,0,0,0,0,0,0
Other repair services,Veterinary Activities,0,0,16,1.0854816824966078,16,1.0854816824966078
Electricity services,Veterinary Activities,0,0,23,1.5603799185888738,23,1.5603799185888738
"Mains gas, steam and air conditioning services",Veterinary Activities,0,0,7,0.47489823609226595,7,0.47489823609226595
Water services,Veterinary Activities,0,0,15,1.017639077,15,1.017639077
Sewerage services,Veterinary Activities,0,0,0,0,0,0
Waste collection and treatment services,Veterinary Activities,1,0.067842605,17,1.1533242876526457,18,1.2211668928086836
Remediation and waste management services,Veterinary Activities,0,0,0,0,0,0
Construction services,Veterinary Activities,0,0,0,0,0,0
Motor vehicle trade services,Veterinary Activities,0,0,0,0,0,0
Wholesale trade services,Veterinary Activities,0,0,198,13.432835820895523,198,13.432835820895523
Retail trade services,Veterinary Activities,0,0,75,5.088195386702849,75,5.088195386702849
Rail transport services,Veterinary Activities,0,0,0,0,0,0
Land transport services,Veterinary Activities,0,0,10,0.6784260515603799,10,0.6784260515603799
Water transport services,Veterinary Activities,0,0,0,0,0,0
Air transport services,Veterinary Activities,0,0,0,0,0,0
Warehousing services,Veterinary Activities,0,0,0,0,0,0
Postal and courier services,Veterinary Activities,0,0,24,1.6282225237449117,24,1.6282225237449117
Accommodation services,Veterinary Activities,0,0,0,0,0,0
Food and beverage services,Veterinary Activities,0,0,0,0,0,0
Publishing services,Veterinary Activities,0,0,0,0,0,0
Media Production services,Veterinary Activities,0,0,0,0,0,0
Telecommunications services,Veterinary Activities,0,0,30,2.035278155,30,2.035278155
Computer programming services,Veterinary Activities,0,0,54,3.6635006784260513,54,3.6635006784260513
Information services,Veterinary Activities,0,0,0,0,0,0
Financial services (excl. insurance and pensions),Veterinary Activities,0,0,74,5.020352781546811,74,5.020352781546811
Insurance and pension services,Veterinary Activities,0,0,12,0.8141112618724559,12,0.8141112618724559
Auxiliary financial services,Veterinary Activities,0,0,0,0,0,0
Real estate services,Veterinary Activities,0,0,0,0,0,0
Owner-occupier housing services,Veterinary Activities,0,0,0,0,0,0
Other real estate services,Veterinary Activities,0,0,52,3.5278154681139755,52,3.5278154681139755
Legal services,Veterinary Activities,0,0,17,1.1533242876526457,17,1.1533242876526457
Accounting and tax services,Veterinary Activities,0,0,14,0.9497964721845319,14,0.9497964721845319
Management consulting services,Veterinary Activities,0,0,0,0,0,0
Architectural and engineering services,Veterinary Activities,0,0,0,0,0,0
Scientific research and development services,Veterinary Activities,0,0,0,0,0,0
Advertising and market research services,Veterinary Activities,0,0,49,3.324287652645862,49,3.324287652645862
Other scientific and technical services,Veterinary Activities,0,0,3,0.20352781546811397,3,0.20352781546811397
Veterinary services,Veterinary Activities,5,0.33921302578018997,119,8.073270014,124,8.412483039
Rental and leasing services,Veterinary Activities,0,0,52,3.5278154681139755,52,3.5278154681139755
Employment services,Veterinary Activities,0,0,20,1.3568521031207599,20,1.3568521031207599
Travel services,Veterinary Activities,0,0,0,0,0,0
Security services,Veterinary Activities,0,0,0,0,0,0
Building and landscape services,Veterinary Activities,0,0,10,0.6784260515603799,10,0.6784260515603799
Office support services,Veterinary Activities,0,0,39,2.645861601085482,39,2.645861601085482
Public administration services (including defence),Veterinary Activities,0,0,3,0.20352781546811397,3,0.20352781546811397
Education services,Veterinary Activities,0,0,21,1.4246947082767978,21,1.4246947082767978
Health services,Veterinary Activities,0,0,0,0,0,0
Residential and social care services,Veterinary Activities,0,0,0,0,0,0
Arts and entertainment services,Veterinary Activities,0,0,0,0,0,0
Libraries and other cultural services,Veterinary Activities,0,0,0,0,0,0
Gambling services,Veterinary Activities,0,0,0,0,0,0
Sports and recreation services,Veterinary Activities,0,0,0,0,0,0
Membership services,Veterinary Activities,0,0,0,0,0,0
Computer repair services,Veterinary Activities,0,0,0,0,0,0
Other personal services,Veterinary Activities,0,0,0,0,0,0
Agriculture products,Rental and Leasing Activities,0,0,0,0,0,0
Forestry products,Rental and Leasing Activities,0,0,0,0,0,0
Fishing products,Rental and Leasing Activities,0,0,0,0,0,0
Coal and lignite,Rental and Leasing Activities,0,0,0,0,0,0
"Petroleum, natural gas and mining of metal ores",Rental and Leasing Activities,0,0,0,0,0,0
Other mining products,Rental and Leasing Activities,0,0,0,0,0,0
Mining support services,Rental and Leasing Activities,0,0,0,0,0,0
Meat and preserved meat products,Rental and Leasing Activities,0,0,0,0,0,0
"Fish, seafood, fruit and vegetables",Rental and Leasing Activities,0,0,0,0,0,0
Oils and fats,Rental and Leasing Activities,0,0,0,0,0,0
Dairy products,Rental and Leasing Activities,0,0,0,0,0,0
Grain mill and starch products,Rental and Leasing Activities,0,0,0,0,0,0
Bakery products,Rental and Leasing Activities,0,0,0,0,0,0
Other food products,Rental and Leasing Activities,0,0,0,0,0,0
Animal feeds,Rental and Leasing Activities,0,0,0,0,0,0
Alcoholic beverages and tobacco,Rental and Leasing Activities,0,0,0,0,0,0
Soft drinks,Rental and Leasing Activities,0,0,0,0,0,0
Textiles,Rental and Leasing Activities,0,0,0,0,0,0
Clothing,Rental and Leasing Activities,0,0,0,0,0,0
Leather products,Rental and Leasing Activities,0,0,0,0,0,0
Wood products (excl. furniture),Rental and Leasing Activities,0,0,0,0,0,0
Paper products,Rental and Leasing Activities,1,0.007864108,66,0.5190311418685121,67,0.52689525
Printing and recording services,Rental and Leasing Activities,0,0,0,0,0,0
Coke and refined petroleum products,Rental and Leasing Activities,0,0,226,1.7772884554891475,226,1.7772884554891475
Paints and coatings,Rental and Leasing Activities,0,0,0,0,0,0
Soap and detergents,Rental and Leasing Activities,0,0,0,0,0,0
Other chemical products,Rental and Leasing Activities,0,0,0,0,0,0
Industrial gases and fertilizers,Rental and Leasing Activities,0,0,0,0,0,0
Petrochemicals,Rental and Leasing Activities,0,0,0,0,0,0
Dyestuffs and agro-chemicals,Rental and Leasing Activities,0,0,0,0,0,0
Pharmaceutical products,Rental and Leasing Activities,0,0,0,0,0,0
Rubber and plastic products,Rental and Leasing Activities,0,0,0,0,0,0
Cement and concrete products,Rental and Leasing Activities,0,0,0,0,0,0
"Glass, ceramic and stone products",Rental and Leasing Activities,0,0,0,0,0,0
Basic iron and steel,Rental and Leasing Activities,0,0,0,0,0,0
Other basic metals and casting,Rental and Leasing Activities,0,0,0,0,0,0
Weapons and ammunition,Rental and Leasing Activities,0,0,0,0,0,0
Other fabricated metal products,Rental and Leasing Activities,0,0,0,0,0,0
Computer and electronic products,Rental and Leasing Activities,103,0.810003146,0,0,103,0.810003146
Electrical equipment,Rental and Leasing Activities,172,1.352626612142183,64,0.5033029254482542,236,1.8559295375904372
Other machinery and equipment,Rental and Leasing Activities,194,1.5256369927650204,141,1.108839257628185,335,2.634476250393205
Motor vehicles,Rental and Leasing Activities,384,3.019817552689525,533,4.191569675998742,917,7.211387228688267
Ships and boats,Rental and Leasing Activities,0,0,0,0,0,0
Aircraft and spacecraft products,Rental and Leasing Activities,0,0,0,0,0,0
Other Transport Equipment,Rental and Leasing Activities,0,0,0,0,0,0
Furniture,Rental and Leasing Activities,0,0,0,0,0,0
Other manufactured goods,Rental and Leasing Activities,5,0.039320541,11,0.08650519,16,0.12582573136206354
Ship and boat repair and maintenance,Rental and Leasing Activities,0,0,0,0,0,0
Air and spacecraft repair and maintenance,Rental and Leasing Activities,0,0,0,0,0,0
Other repair services,Rental and Leasing Activities,0,0,785,6.173324944951243,785,6.173324944951243
Electricity services,Rental and Leasing Activities,0,0,78,0.6134004403900598,78,0.6134004403900598
"Mains gas, steam and air conditioning services",Rental and Leasing Activities,0,0,48,0.3774771940861906,48,0.3774771940861906
Water services,Rental and Leasing Activities,0,0,25,0.1966027052532243,25,0.1966027052532243
Sewerage services,Rental and Leasing Activities,0,0,20,0.15728216420257943,20,0.15728216420257943
Waste collection and treatment services,Rental and Leasing Activities,0,0,13,0.10223340673167662,13,0.10223340673167662
Remediation and waste management services,Rental and Leasing Activities,0,0,0,0,0,0
Construction services,Rental and Leasing Activities,2,0.015728216420257943,23,0.18087448883296633,25,0.19660270525322426
Motor vehicle trade services,Rental and Leasing Activities,0,0,2276,17.89871028625354,2276,17.89871028625354
Wholesale trade services,Rental and Leasing Activities,1,0.007864108,257,2.0210758100031456,258,2.0289399182132746
Retail trade services,Rental and Leasing Activities,0,0,127,0.9987417426863795,127,0.9987417426863795
Rail transport services,Rental and Leasing Activities,0,0,1,0.007864108,1,0.007864108
Land transport services,Rental and Leasing Activities,0,0,443,3.4837999370871344,443,3.4837999370871344
Water transport services,Rental and Leasing Activities,0,0,0,0,0,0
Air transport services,Rental and Leasing Activities,0,0,0,0,0,0
Warehousing services,Rental and Leasing Activities,0,0,541,4.254482541679773,541,4.254482541679773
Postal and courier services,Rental and Leasing Activities,0,0,101,0.7942749292230261,101,0.7942749292230261
Accommodation services,Rental and Leasing Activities,0,0,0,0,0,0
Food and beverage services,Rental and Leasing Activities,0,0,15,0.11796162315193456,15,0.11796162315193456
Publishing services,Rental and Leasing Activities,0,0,0,0,0,0
Media Production services,Rental and Leasing Activities,0,0,0,0,0,0
Telecommunications services,Rental and Leasing Activities,1,0.007864108,128,1.0066058508965083,129,1.0144699591066373
Computer programming services,Rental and Leasing Activities,13,0.10223340673167662,326,2.5636992765020445,339,2.6659326832337213
Information services,Rental and Leasing Activities,1,0.007864108,131,1.0301981755268954,132,1.0380622837370244
Financial services (excl. insurance and pensions),Rental and Leasing Activities,1,0.007864108,610,4.797106008178672,611,4.804970116388802
Insurance and pension services,Rental and Leasing Activities,3,0.023592324630386914,111,0.8729160113243157,114,0.8965083359547027
Auxiliary financial services,Rental and Leasing Activities,0,0,345,2.713117332494495,345,2.713117332494495
Real estate services,Rental and Leasing Activities,0,0,0,0,0,0
Owner-occupier housing services,Rental and Leasing Activities,0,0,0,0,0,0
Other real estate services,Rental and Leasing Activities,0,0,365,2.8703994966970745,365,2.8703994966970745
Legal services,Rental and Leasing Activities,5,0.039320541,490,3.853413022963196,495,3.8927335640138407
Accounting and tax services,Rental and Leasing Activities,2,0.015728216420257943,248,1.9502988361119848,250,1.9660270525322427
Management consulting services,Rental and Leasing Activities,39,0.3067002201950299,236,1.8559295375904374,275,2.162629757785467
Architectural and engineering services,Rental and Leasing Activities,0,0,10,0.078641082,10,0.078641082
Scientific research and development services,Rental and Leasing Activities,0,0,0,0,0,0
Advertising and market research services,Rental and Leasing Activities,4,0.031456432840515886,328,2.579427492922303,332,2.6108839257628187
Other scientific and technical services,Rental and Leasing Activities,0,0,294,2.3120478137779177,294,2.3120478137779177
Veterinary services,Rental and Leasing Activities,0,0,0,0,0,0
Rental and leasing services,Rental and Leasing Activities,197,1.5492293173954075,1646,12.944322113872285,1843,14.493551431267694
Employment services,Rental and Leasing Activities,10,0.078641082,226,1.7772884554891475,236,1.8559295375904372
Travel services,Rental and Leasing Activities,0,0,0,0,0,0
Security services,Rental and Leasing Activities,0,0,0,0,0,0
Building and landscape services,Rental and Leasing Activities,0,0,182,1.4312676942434728,182,1.4312676942434728
Office support services,Rental and Leasing Activities,74,0.5819440075495439,14,0.1100975149418056,88,0.6920415224913495
Public administration services (including defence),Rental and Leasing Activities,0,0,4,0.031456432840515886,4,0.031456432840515886
Education services,Rental and Leasing Activities,0,0,0,0,0,0
Health services,Rental and Leasing Activities,0,0,0,0,0,0
Residential and social care services,Rental and Leasing Activities,0,0,0,0,0,0
Arts and entertainment services,Rental and Leasing Activities,0,0,0,0,0,0
Libraries and other cultural services,Rental and Leasing Activities,0,0,0,0,0,0
Gambling services,Rental and Leasing Activities,0,0,0,0,0,0
Sports and recreation services,Rental and Leasing Activities,0,0,0,0,0,0
Membership services,Rental and Leasing Activities,0,0,0,0,0,0
Computer repair services,Rental and Leasing Activities,0,0,5,0.039320541,5,0.039320541
Other personal services,Rental and Leasing Activities,0,0,11,0.08650519,11,0.08650519
Agriculture products,Employment Activities,0,0,0,0,0,0
Forestry products,Employment Activities,0,0,0,0,0,0
Fishing products,Employment Activities,0,0,0,0,0,0
Coal and lignite,Employment Activities,0,0,0,0,0,0
"Petroleum, natural gas and mining of metal ores",Employment Activities,0,0,0,0,0,0
Other mining products,Employment Activities,0,0,0,0,0,0
Mining support services,Employment Activities,0,0,0,0,0,0
Meat and preserved meat products,Employment Activities,0,0,14,0.069485805,14,0.069485805
"Fish, seafood, fruit and vegetables",Employment Activities,0,0,9,0.044669446,9,0.044669446
Oils and fats,Employment Activities,0,0,1,0.004963272,1,0.004963272
Dairy products,Employment Activities,0,0,8,0.039706174310105216,8,0.039706174310105216
Grain mill and starch products,Employment Activities,0,0,0,0,0,0
Bakery products,Employment Activities,0,0,11,0.05459599,11,0.05459599
Other food products,Employment Activities,0,0,4,0.019853087155052608,4,0.019853087155052608
Animal feeds,Employment Activities,0,0,0,0,0,0
Alcoholic beverages and tobacco,Employment Activities,0,0,0,0,0,0
Soft drinks,Employment Activities,0,0,0,0,0,0
Textiles,Employment Activities,0,0,0,0,0,0
Clothing,Employment Activities,0,0,0,0,0,0
Leather products,Employment Activities,0,0,0,0,0,0
Wood products (excl. furniture),Employment Activities,0,0,0,0,0,0
Paper products,Employment Activities,1,0.004963272,5,0.024816358943815765,6,0.029779630732578916
Printing and recording services,Employment Activities,0,0,0,0,0,0
Coke and refined petroleum products,Employment Activities,0,0,34,0.1687512408179472,34,0.1687512408179472
Paints and coatings,Employment Activities,0,0,0,0,0,0
Soap and detergents,Employment Activities,0,0,0,0,0,0
Other chemical products,Employment Activities,0,0,0,0,0,0
Industrial gases and fertilizers,Employment Activities,0,0,0,0,0,0
Petrochemicals,Employment Activities,0,0,0,0,0,0
Dyestuffs and agro-chemicals,Employment Activities,0,0,0,0,0,0
Pharmaceutical products,Employment Activities,0,0,0,0,0,0
Rubber and plastic products,Employment Activities,0,0,0,0,0,0
Cement and concrete products,Employment Activities,0,0,0,0,0,0
"Glass, ceramic and stone products",Employment Activities,0,0,0,0,0,0
Basic iron and steel,Employment Activities,0,0,0,0,0,0
Other basic metals and casting,Employment Activities,0,0,0,0,0,0
Weapons and ammunition,Employment Activities,0,0,0,0,0,0
Other fabricated metal products,Employment Activities,0,0,0,0,0,0
Computer and electronic products,Employment Activities,45,0.22334723049434188,0,0,45,0.22334723049434188
Electrical equipment,Employment Activities,0,0,0,0,0,0
Other machinery and equipment,Employment Activities,0,0,0,0,0,0
Motor vehicles,Employment Activities,0,0,22,0.10919197935278936,22,0.10919197935278936
Ships and boats,Employment Activities,0,0,0,0,0,0
Aircraft and spacecraft products,Employment Activities,0,0,0,0,0,0
Other Transport Equipment,Employment Activities,0,0,0,0,0,0
Furniture,Employment Activities,0,0,0,0,0,0
Other manufactured goods,Employment Activities,1,0.004963272,0,0,1,0.004963272
Ship and boat repair and maintenance,Employment Activities,0,0,0,0,0,0
Air and spacecraft repair and maintenance,Employment Activities,0,0,0,0,0,0
Other repair services,Employment Activities,0,0,30,0.14889815366289458,30,0.14889815366289458
Electricity services,Employment Activities,0,0,91,0.4516577327774469,91,0.4516577327774469
"Mains gas, steam and air conditioning services",Employment Activities,0,0,24,0.11911852293031568,24,0.11911852293031568
Water services,Employment Activities,0,0,10,0.049632718,10,0.049632718
Sewerage services,Employment Activities,0,0,0,0,0,0
Waste collection and treatment services,Employment Activities,0,0,10,0.049632718,10,0.049632718
Remediation and waste management services,Employment Activities,0,0,0,0,0,0
Construction services,Employment Activities,0,0,26,0.12904506650784198,26,0.12904506650784198
Motor vehicle trade services,Employment Activities,0,0,81,0.40202501488981535,81,0.40202501488981535
Wholesale trade services,Employment Activities,0,0,30,0.14889815366289458,30,0.14889815366289458
Retail trade services,Employment Activities,0,0,11,0.05459599,11,0.05459599
Rail transport services,Employment Activities,0,0,0,0,0,0
Land transport services,Employment Activities,0,0,31,0.15386142545165774,31,0.15386142545165774
Water transport services,Employment Activities,0,0,0,0,0,0
Air transport services,Employment Activities,0,0,62,0.30772285090331547,62,0.30772285090331547
Warehousing services,Employment Activities,0,0,27,0.1340083382966051,27,0.1340083382966051
Postal and courier services,Employment Activities,0,0,52,0.25809013301568395,52,0.25809013301568395
Accommodation services,Employment Activities,0,0,134,0.6650784196942624,134,0.6650784196942624
Food and beverage services,Employment Activities,0,0,60,0.29779630732578916,60,0.29779630732578916
Publishing services,Employment Activities,0,0,0,0,0,0
Media Production services,Employment Activities,0,0,0,0,0,0
Telecommunications services,Employment Activities,0,0,235,1.166368870359341,235,1.166368870359341
Computer programming services,Employment Activities,208,1.0323605320627358,459,2.278141751042287,667,3.310502283105023
Information services,Employment Activities,8,0.039706174310105216,0,0,8,0.039706174310105216
Financial services (excl. insurance and pensions),Employment Activities,1,0.004963272,960,4.7647409172126265,961,4.769704189
Insurance and pension services,Employment Activities,0,0,184,0.913242009,184,0.913242009
Auxiliary financial services,Employment Activities,0,0,801,3.9755807027992853,801,3.9755807027992853
Real estate services,Employment Activities,0,0,0,0,0,0
Owner-occupier housing services,Employment Activities,0,0,0,0,0,0
Other real estate services,Employment Activities,0,0,512,2.541195155846734,512,2.541195155846734
Legal services,Employment Activities,2,0.009926544,408,2.0250148898153664,410,2.0349414333928926
Accounting and tax services,Employment Activities,2,0.009926544,874,4.337899543378995,876,4.3478260869565215
Management consulting services,Employment Activities,105,0.521143538,493,2.4468929918602345,598,2.9680365296803655
Architectural and engineering services,Employment Activities,12,0.059559261,65,0.32261266626960494,77,0.3821719277347628
Scientific research and development services,Employment Activities,0,0,0,0,0,0
Advertising and market research services,Employment Activities,9,0.044669446,532,2.640460591621997,541,2.6851300377208656
Other scientific and technical services,Employment Activities,0,0,29,0.14393488187413145,29,0.14393488187413145
Veterinary services,Employment Activities,0,0,0,0,0,0
Rental and leasing services,Employment Activities,4,0.019853087155052608,159,0.7891602144133413,163,0.8090133015683939
Employment services,Employment Activities,471,2.337701012507445,12149,60.29878896168355,12620,62.636489974190994
Travel services,Employment Activities,0,0,11,0.05459599,11,0.05459599
Security services,Employment Activities,0,0,0,0,0,0
Building and landscape services,Employment Activities,0,0,0,0,0,0
Office support services,Employment Activities,15,0.074449077,147,0.7296009529481834,162,0.8040500297796307
Public administration services (including defence),Employment Activities,0,0,63,0.3126861226920786,63,0.3126861226920786
Education services,Employment Activities,3,0.014889815,178,0.8834623783998411,181,0.8983521937661305
Health services,Employment Activities,0,0,31,0.15386142545165774,31,0.15386142545165774
Residential and social care services,Employment Activities,0,0,0,0,0,0
Arts and entertainment services,Employment Activities,0,0,0,0,0,0
Libraries and other cultural services,Employment Activities,0,0,0,0,0,0
Gambling services,Employment Activities,0,0,0,0,0,0
Sports and recreation services,Employment Activities,0,0,0,0,0,0
Membership services,Employment Activities,0,0,153,0.7593805836807623,153,0.7593805836807623
Computer repair services,Employment Activities,4,0.019853087155052608,0,0,4,0.019853087155052608
Other personal services,Employment Activities,0,0,27,0.1340083382966051,27,0.1340083382966051
Agriculture products,Travel Services,0,0,0,0,0,0
Forestry products,Travel Services,0,0,0,0,0,0
Fishing products,Travel Services,0,0,0,0,0,0
Coal and lignite,Travel Services,0,0,0,0,0,0
"Petroleum, natural gas and mining of metal ores",Travel Services,0,0,0,0,0,0
Other mining products,Travel Services,0,0,0,0,0,0
Mining support services,Travel Services,0,0,0,0,0,0
Meat and preserved meat products,Travel Services,0,0,5,0.1013993104846887,5,0.1013993104846887
"Fish, seafood, fruit and vegetables",Travel Services,0,0,3,0.060839586290813215,3,0.060839586290813215
Oils and fats,Travel Services,0,0,2,0.040559724193875484,2,0.040559724193875484
Dairy products,Travel Services,0,0,3,0.060839586290813215,3,0.060839586290813215
Grain mill and starch products,Travel Services,0,0,0,0,0,0
Bakery products,Travel Services,0,0,2,0.040559724193875484,2,0.040559724193875484
Other food products,Travel Services,0,0,2,0.040559724193875484,2,0.040559724193875484
Animal feeds,Travel Services,0,0,0,0,0,0
Alcoholic beverages and tobacco,Travel Services,0,0,0,0,0,0
Soft drinks,Travel Services,0,0,0,0,0,0
Textiles,Travel Services,0,0,0,0,0,0
Clothing,Travel Services,0,0,0,0,0,0
Leather products,Travel Services,0,0,0,0,0,0
Wood products (excl. furniture),Travel Services,0,0,0,0,0,0
Paper products,Travel Services,0,0,27,0.547556277,27,0.547556277
Printing and recording services,Travel Services,0,0,121,2.4538633137294665,121,2.4538633137294665
Coke and refined petroleum products,Travel Services,0,0,234,4.745487730683432,234,4.745487730683432
Paints and coatings,Travel Services,0,0,0,0,0,0
Soap and detergents,Travel Services,0,0,0,0,0,0
Other chemical products,Travel Services,0,0,0,0,0,0
Industrial gases and fertilizers,Travel Services,0,0,0,0,0,0
Petrochemicals,Travel Services,0,0,0,0,0,0
Dyestuffs and agro-chemicals,Travel Services,0,0,0,0,0,0
Pharmaceutical products,Travel Services,0,0,0,0,0,0
Rubber and plastic products,Travel Services,0,0,0,0,0,0
Cement and concrete products,Travel Services,0,0,0,0,0,0
"Glass, ceramic and stone products",Travel Services,0,0,0,0,0,0
Basic iron and steel,Travel Services,0,0,0,0,0,0
Other basic metals and casting,Travel Services,0,0,0,0,0,0
Weapons and ammunition,Travel Services,0,0,0,0,0,0
Other fabricated metal products,Travel Services,0,0,0,0,0,0
Computer and electronic products,Travel Services,20,0.4055972419387548,0,0,20,0.4055972419387548
Electrical equipment,Travel Services,0,0,0,0,0,0
Other machinery and equipment,Travel Services,0,0,0,0,0,0
Motor vehicles,Travel Services,0,0,0,0,0,0
Ships and boats,Travel Services,0,0,0,0,0,0
Aircraft and spacecraft products,Travel Services,0,0,0,0,0,0
Other Transport Equipment,Travel Services,0,0,0,0,0,0
Furniture,Travel Services,0,0,0,0,0,0
Other manufactured goods,Travel Services,0,0,0,0,0,0
Ship and boat repair and maintenance,Travel Services,0,0,0,0,0,0
Air and spacecraft repair and maintenance,Travel Services,0,0,0,0,0,0
Other repair services,Travel Services,0,0,15,0.3041979314540661,15,0.3041979314540661
Electricity services,Travel Services,0,0,91,1.8454674508213345,91,1.8454674508213345
"Mains gas, steam and air conditioning services",Travel Services,0,0,23,0.466436828,23,0.466436828
Water services,Travel Services,0,0,5,0.1013993104846887,5,0.1013993104846887
Sewerage services,Travel Services,0,0,2,0.040559724193875484,2,0.040559724193875484
Waste collection and treatment services,Travel Services,0,0,6,0.12167917258162643,6,0.12167917258162643
Remediation and waste management services,Travel Services,0,0,0,0,0,0
Construction services,Travel Services,0,0,16,0.32447779355100387,16,0.32447779355100387
Motor vehicle trade services,Travel Services,0,0,0,0,0,0
Wholesale trade services,Travel Services,0,0,48,0.9734333806530114,48,0.9734333806530114
Retail trade services,Travel Services,0,0,5,0.1013993104846887,5,0.1013993104846887
Rail transport services,Travel Services,0,0,14,0.2839180693571284,14,0.2839180693571284
Land transport services,Travel Services,9,0.18251875887243968,10,0.2027986209693774,19,0.3853173798418171
Water transport services,Travel Services,0,0,163,3.305617521800851,163,3.305617521800851
Air transport services,Travel Services,42,0.8517542080713851,99,2.0077063475968364,141,2.8594605556682215
Warehousing services,Travel Services,0,0,0,0,0,0
Postal and courier services,Travel Services,2,0.040559724193875484,82,1.662948691948895,84,1.7035084161427705
Accommodation services,Travel Services,28,0.5678361387142568,771,15.635773676738998,799,16.203609815453255
Food and beverage services,Travel Services,23,0.466436828,47,0.9531535185560738,70,1.4195903467856419
Publishing services,Travel Services,0,0,0,0,0,0
Media Production services,Travel Services,0,0,0,0,0,0
Telecommunications services,Travel Services,3,0.060839586290813215,176,3.5692557290610423,179,3.6300953153518556
Computer programming services,Travel Services,0,0,190,3.8531737984181706,190,3.8531737984181706
Information services,Travel Services,0,0,18,0.36503751774487936,18,0.36503751774487936
Financial services (excl. insurance and pensions),Travel Services,0,0,348,7.057392009734334,348,7.057392009734334
Insurance and pension services,Travel Services,0,0,38,0.7706347596836342,38,0.7706347596836342
Auxiliary financial services,Travel Services,0,0,8,0.16223889677550193,8,0.16223889677550193
Real estate services,Travel Services,0,0,0,0,0,0
Owner-occupier housing services,Travel Services,0,0,0,0,0,0
Other real estate services,Travel Services,0,0,378,7.665787872642466,378,7.665787872642466
Legal services,Travel Services,0,0,73,1.4804299330764552,73,1.4804299330764552
Accounting and tax services,Travel Services,0,0,123,2.494423037923342,123,2.494423037923342
Management consulting services,Travel Services,0,0,177,3.589535591,177,3.589535591
Architectural and engineering services,Travel Services,0,0,100,2.027986209693774,100,2.027986209693774
Scientific research and development services,Travel Services,0,0,0,0,0,0
Advertising and market research services,Travel Services,11,0.22307848306631514,349,7.077671871831272,360,7.300750354897587
Other scientific and technical services,Travel Services,0,0,49,0.9937132427499493,49,0.9937132427499493
Veterinary services,Travel Services,0,0,0,0,0,0
Rental and leasing services,Travel Services,0,0,94,1.9063070371121476,94,1.9063070371121476
Employment services,Travel Services,0,0,116,2.352464003244778,116,2.352464003244778
Travel services,Travel Services,0,0,515,10.444128979922937,515,10.444128979922937
Security services,Travel Services,0,0,0,0,0,0
Building and landscape services,Travel Services,0,0,0,0,0,0
Office support services,Travel Services,0,0,127,2.575542486311093,127,2.575542486311093
Public administration services (including defence),Travel Services,0,0,2,0.040559724193875484,2,0.040559724193875484
Education services,Travel Services,3,0.060839586290813215,9,0.18251875887243968,12,0.2433583451632529
Health services,Travel Services,0,0,0,0,0,0
Residential and social care services,Travel Services,0,0,0,0,0,0
Arts and entertainment services,Travel Services,0,0,0,0,0,0
Libraries and other cultural services,Travel Services,0,0,0,0,0,0
Gambling services,Travel Services,0,0,0,0,0,0
Sports and recreation services,Travel Services,3,0.060839586290813215,101,2.048266071790712,104,2.1091056580815253
Membership services,Travel Services,0,0,0,0,0,0
Computer repair services,Travel Services,0,0,0,0,0,0
Other personal services,Travel Services,0,0,0,0,0,0
Agriculture products,Security Activities,0,0,0,0,0,0
Forestry products,Security Activities,0,0,0,0,0,0
Fishing products,Security Activities,0,0,0,0,0,0
Coal and lignite,Security Activities,0,0,0,0,0,0
"Petroleum, natural gas and mining of metal ores",Security Activities,0,0,0,0,0,0
Other mining products,Security Activities,0,0,0,0,0,0
Mining support services,Security Activities,0,0,0,0,0,0
Meat and preserved meat products,Security Activities,0,0,3,0.098135427,3,0.098135427
"Fish, seafood, fruit and vegetables",Security Activities,0,0,2,0.065423618,2,0.065423618
Oils and fats,Security Activities,0,0,0,0,0,0
Dairy products,Security Activities,0,0,2,0.065423618,2,0.065423618
Grain mill and starch products,Security Activities,0,0,0,0,0,0
Bakery products,Security Activities,0,0,3,0.098135427,3,0.098135427
Other food products,Security Activities,0,0,0,0,0,0
Animal feeds,Security Activities,0,0,0,0,0,0
Alcoholic beverages and tobacco,Security Activities,0,0,0,0,0,0
Soft drinks,Security Activities,0,0,0,0,0,0
Textiles,Security Activities,0,0,0,0,0,0
Clothing,Security Activities,0,0,0,0,0,0
Leather products,Security Activities,0,0,0,0,0,0
Wood products (excl. furniture),Security Activities,0,0,0,0,0,0
Paper products,Security Activities,0,0,13,0.42525351651946347,13,0.42525351651946347
Printing and recording services,Security Activities,0,0,0,0,0,0
Coke and refined petroleum products,Security Activities,0,0,25,0.8177952240758913,25,0.8177952240758913
Paints and coatings,Security Activities,0,0,0,0,0,0
Soap and detergents,Security Activities,0,0,0,0,0,0
Other chemical products,Security Activities,0,0,0,0,0,0
Industrial gases and fertilizers,Security Activities,0,0,0,0,0,0
Petrochemicals,Security Activities,0,0,0,0,0,0
Dyestuffs and agro-chemicals,Security Activities,0,0,0,0,0,0
Pharmaceutical products,Security Activities,0,0,0,0,0,0
Rubber and plastic products,Security Activities,0,0,0,0,0,0
Cement and concrete products,Security Activities,0,0,0,0,0,0
"Glass, ceramic and stone products",Security Activities,0,0,0,0,0,0
Basic iron and steel,Security Activities,0,0,0,0,0,0
Other basic metals and casting,Security Activities,0,0,0,0,0,0
Weapons and ammunition,Security Activities,0,0,0,0,0,0
Other fabricated metal products,Security Activities,0,0,0,0,0,0
Computer and electronic products,Security Activities,29,0.9486424599280341,0,0,29,0.9486424599280341
Electrical equipment,Security Activities,63,2.060843964671246,65,2.126267582597318,128,4.1871115472685645
Other machinery and equipment,Security Activities,1,0.032711809,26,0.8505070330389269,27,0.8832188420019627
Motor vehicles,Security Activities,2,0.065423618,18,0.5888125613346418,20,0.6542361792607131
Ships and boats,Security Activities,0,0,0,0,0,0
Aircraft and spacecraft products,Security Activities,0,0,0,0,0,0
Other Transport Equipment,Security Activities,0,0,0,0,0,0
Furniture,Security Activities,0,0,0,0,0,0
Other manufactured goods,Security Activities,0,0,6,0.19627085377821393,6,0.19627085377821393
Ship and boat repair and maintenance,Security Activities,0,0,0,0,0,0
Air and spacecraft repair and maintenance,Security Activities,0,0,0,0,0,0
Other repair services,Security Activities,0,0,31,1.0140660778541053,31,1.0140660778541053
Electricity services,Security Activities,0,0,16,0.5233889434085706,16,0.5233889434085706
"Mains gas, steam and air conditioning services",Security Activities,0,0,3,0.098135427,3,0.098135427
Water services,Security Activities,0,0,10,0.32711808963035655,10,0.32711808963035655
Sewerage services,Security Activities,0,0,2,0.065423618,2,0.065423618
Waste collection and treatment services,Security Activities,0,0,5,0.16355904481517827,5,0.16355904481517827
Remediation and waste management services,Security Activities,0,0,0,0,0,0
Construction services,Security Activities,0,0,0,0,0,0
Motor vehicle trade services,Security Activities,0,0,13,0.42525351651946347,13,0.42525351651946347
Wholesale trade services,Security Activities,0,0,59,1.9299967288191038,59,1.9299967288191038
Retail trade services,Security Activities,0,0,18,0.5888125613346418,18,0.5888125613346418
Rail transport services,Security Activities,0,0,3,0.098135427,3,0.098135427
Land transport services,Security Activities,0,0,99,3.238469087,99,3.238469087
Water transport services,Security Activities,0,0,0,0,0,0
Air transport services,Security Activities,0,0,2,0.065423618,2,0.065423618
Warehousing services,Security Activities,0,0,2,0.065423618,2,0.065423618
Postal and courier services,Security Activities,0,0,6,0.19627085377821393,6,0.19627085377821393
Accommodation services,Security Activities,0,0,0,0,0,0
Food and beverage services,Security Activities,0,0,5,0.16355904481517827,5,0.16355904481517827
Publishing services,Security Activities,0,0,0,0,0,0
Media Production services,Security Activities,0,0,0,0,0,0
Telecommunications services,Security Activities,0,0,90,2.9440628066732093,90,2.9440628066732093
Computer programming services,Security Activities,2,0.065423618,24,0.7850834151128557,26,0.850507033
Information services,Security Activities,3,0.098135427,28,0.9159306509649985,31,1.0140660778541055
Financial services (excl. insurance and pensions),Security Activities,0,0,61,1.9954203467451752,61,1.9954203467451752
Insurance and pension services,Security Activities,0,0,25,0.8177952240758913,25,0.8177952240758913
Auxiliary financial services,Security Activities,0,0,37,1.2103369316323191,37,1.2103369316323191
Real estate services,Security Activities,0,0,0,0,0,0
Owner-occupier housing services,Security Activities,0,0,0,0,0,0
Other real estate services,Security Activities,0,0,0,0,0,0
Legal services,Security Activities,0,0,10,0.32711808963035655,10,0.32711808963035655
Accounting and tax services,Security Activities,0,0,12,0.39254170755642787,12,0.39254170755642787
Management consulting services,Security Activities,6,0.19627085377821393,0,0,6,0.19627085377821393
Architectural and engineering services,Security Activities,0,0,1,0.032711809,1,0.032711809
Scientific research and development services,Security Activities,0,0,0,0,0,0
Advertising and market research services,Security Activities,1,0.032711809,50,1.6355904481517827,51,1.6683022571148183
Other scientific and technical services,Security Activities,0,0,1,0.032711809,1,0.032711809
Veterinary services,Security Activities,0,0,0,0,0,0
Rental and leasing services,Security Activities,0,0,79,2.5842329080798168,79,2.5842329080798168
Employment services,Security Activities,0,0,74,2.4206738632646383,74,2.4206738632646383
Travel services,Security Activities,0,0,0,0,0,0
Security services,Security Activities,0,0,1933,63.23192672554793,1933,63.23192672554793
Building and landscape services,Security Activities,0,0,64,2.0935557736342822,64,2.0935557736342822
Office support services,Security Activities,0,0,2,0.065423618,2,0.065423618
Public administration services (including defence),Security Activities,0,0,2,0.065423618,2,0.065423618
Education services,Security Activities,0,0,8,0.2616944717042853,8,0.2616944717042853
Health services,Security Activities,0,0,0,0,0,0
Residential and social care services,Security Activities,0,0,0,0,0,0
Arts and entertainment services,Security Activities,0,0,0,0,0,0
Libraries and other cultural services,Security Activities,0,0,0,0,0,0
Gambling services,Security Activities,0,0,0,0,0,0
Sports and recreation services,Security Activities,0,0,0,0,0,0
Membership services,Security Activities,0,0,12,0.39254170755642787,12,0.39254170755642787
Computer repair services,Security Activities,0,0,0,0,0,0
Other personal services,Security Activities,0,0,0,0,0,0
Agriculture products,Building and Landscape Services,0,0,0,0,0,0
Forestry products,Building and Landscape Services,0,0,0,0,0,0
Fishing products,Building and Landscape Services,0,0,0,0,0,0
Coal and lignite,Building and Landscape Services,0,0,0,0,0,0
"Petroleum, natural gas and mining of metal ores",Building and Landscape Services,0,0,0,0,0,0
Other mining products,Building and Landscape Services,11,0.07307028,90,0.5978477481068154,101,0.6709180284309817
Mining support services,Building and Landscape Services,0,0,0,0,0,0
Meat and preserved meat products,Building and Landscape Services,0,0,21,0.13949780789159028,21,0.13949780789159028
"Fish, seafood, fruit and vegetables",Building and Landscape Services,0,0,13,0.086355786,13,0.086355786
Oils and fats,Building and Landscape Services,0,0,3,0.019928258,3,0.019928258
Dairy products,Building and Landscape Services,0,0,12,0.079713033,12,0.079713033
Grain mill and starch products,Building and Landscape Services,0,0,0,0,0,0
Bakery products,Building and Landscape Services,0,0,19,0.1262123023781055,19,0.1262123023781055
Other food products,Building and Landscape Services,0,0,7,0.046499269297196756,7,0.046499269297196756
Animal feeds,Building and Landscape Services,0,0,0,0,0,0
Alcoholic beverages and tobacco,Building and Landscape Services,0,0,0,0,0,0
Soft drinks,Building and Landscape Services,0,0,0,0,0,0
Textiles,Building and Landscape Services,0,0,0,0,0,0
Clothing,Building and Landscape Services,0,0,0,0,0,0
Leather products,Building and Landscape Services,0,0,0,0,0,0
Wood products (excl. furniture),Building and Landscape Services,2,0.013285505513484789,362,2.4046764979407467,364,2.4179620034542313
Paper products,Building and Landscape Services,7,0.046499269297196756,175,1.1624817324299188,182,1.2089810017271156
Printing and recording services,Building and Landscape Services,0,0,12,0.079713033,12,0.079713033
Coke and refined petroleum products,Building and Landscape Services,0,0,170,1.129267968646207,170,1.129267968646207
Paints and coatings,Building and Landscape Services,0,0,0,0,0,0
Soap and detergents,Building and Landscape Services,7,0.046499269297196756,379,2.5176032948053675,386,2.5641025641025643
Other chemical products,Building and Landscape Services,42,0.27899561578318055,26,0.17271157167530224,68,0.4517071874584828
Industrial gases and fertilizers,Building and Landscape Services,0,0,0,0,0,0
Petrochemicals,Building and Landscape Services,0,0,0,0,0,0
Dyestuffs and agro-chemicals,Building and Landscape Services,0,0,0,0,0,0
Pharmaceutical products,Building and Landscape Services,0,0,0,0,0,0
Rubber and plastic products,Building and Landscape Services,13,0.086355786,265,1.7603294805367344,278,1.8466852663743856
Cement and concrete products,Building and Landscape Services,0,0,0,0,0,0
"Glass, ceramic and stone products",Building and Landscape Services,38,0.252424605,8,0.053142022053939156,46,0.3055666268101501
Basic iron and steel,Building and Landscape Services,0,0,0,0,0,0
Other basic metals and casting,Building and Landscape Services,10,0.066427528,0,0,10,0.066427528
Weapons and ammunition,Building and Landscape Services,0,0,0,0,0,0
Other fabricated metal products,Building and Landscape Services,17,0.1129267968646207,295,1.9596120632390062,312,2.0725388601036268
Computer and electronic products,Building and Landscape Services,66,0.438421682,83,0.5513484788096187,149,0.9897701607546167
Electrical equipment,Building and Landscape Services,0,0,0,0,0,0
Other machinery and equipment,Building and Landscape Services,10,0.066427528,372,2.4711040255081707,382,2.5375315530755946
Motor vehicles,Building and Landscape Services,7,0.046499269297196756,0,0,7,0.046499269297196756
Ships and boats,Building and Landscape Services,0,0,0,0,0,0
Aircraft and spacecraft products,Building and Landscape Services,0,0,0,0,0,0
Other Transport Equipment,Building and Landscape Services,0,0,0,0,0,0
Furniture,Building and Landscape Services,0,0,0,0,0,0
Other manufactured goods,Building and Landscape Services,3,0.019928258,155,1.029626677295071,158,1.0495549355652982
Ship and boat repair and maintenance,Building and Landscape Services,0,0,0,0,0,0
Air and spacecraft repair and maintenance,Building and Landscape Services,0,0,0,0,0,0
Other repair services,Building and Landscape Services,0,0,98,0.6509897701607547,98,0.6509897701607547
Electricity services,Building and Landscape Services,0,0,112,0.7439883087551481,112,0.7439883087551481
"Mains gas, steam and air conditioning services",Building and Landscape Services,0,0,80,0.5314202205393915,80,0.5314202205393915
Water services,Building and Landscape Services,0,0,55,0.3653514016208317,55,0.3653514016208317
Sewerage services,Building and Landscape Services,0,0,92,0.6111332536203002,92,0.6111332536203002
Waste collection and treatment services,Building and Landscape Services,0,0,132,0.876843364,132,0.876843364
Remediation and waste management services,Building and Landscape Services,0,0,0,0,0,0
Construction services,Building and Landscape Services,2,0.013285505513484789,565,3.7531553075594526,567,3.766440813072937
Motor vehicle trade services,Building and Landscape Services,0,0,20,0.13285505513484788,20,0.13285505513484788
Wholesale trade services,Building and Landscape Services,0,0,755,5.015278331340507,755,5.015278331340507
Retail trade services,Building and Landscape Services,0,0,297,1.9728975687524912,297,1.9728975687524912
Rail transport services,Building and Landscape Services,0,0,0,0,0,0
Land transport services,Building and Landscape Services,0,0,158,1.0495549355652982,158,1.0495549355652982
Water transport services,Building and Landscape Services,0,0,0,0,0,0
Air transport services,Building and Landscape Services,0,0,0,0,0,0
Warehousing services,Building and Landscape Services,0,0,8,0.053142022053939156,8,0.053142022053939156
Postal and courier services,Building and Landscape Services,0,0,15,0.099641291,15,0.099641291
Accommodation services,Building and Landscape Services,0,0,0,0,0,0
Food and beverage services,Building and Landscape Services,0,0,119,0.7904875780523448,119,0.7904875780523448
Publishing services,Building and Landscape Services,0,0,0,0,0,0
Media Production services,Building and Landscape Services,0,0,0,0,0,0
Telecommunications services,Building and Landscape Services,0,0,109,0.72406005,109,0.72406005
Computer programming services,Building and Landscape Services,0,0,207,1.3750498206456756,207,1.3750498206456756
Information services,Building and Landscape Services,0,0,0,0,0,0
Financial services (excl. insurance and pensions),Building and Landscape Services,3,0.019928258,356,2.3648199814002924,359,2.3847482396705195
Insurance and pension services,Building and Landscape Services,0,0,103,0.6842035339444665,103,0.6842035339444665
Auxiliary financial services,Building and Landscape Services,2,0.013285505513484789,205,1.3617643151321908,207,1.3750498206456756
Real estate services,Building and Landscape Services,11,0.07307028,0,0,11,0.07307028
Owner-occupier housing services,Building and Landscape Services,0,0,0,0,0,0
Other real estate services,Building and Landscape Services,1,0.006642753,60,0.3985651654045437,61,0.4052079181612861
Legal services,Building and Landscape Services,0,0,40,0.26571011026969577,40,0.26571011026969577
Accounting and tax services,Building and Landscape Services,0,0,16,0.10628404410787831,16,0.10628404410787831
Management consulting services,Building and Landscape Services,4,0.026571011026969578,0,0,4,0.026571011026969578
Architectural and engineering services,Building and Landscape Services,0,0,8,0.053142022053939156,8,0.053142022053939156
Scientific research and development services,Building and Landscape Services,0,0,0,0,0,0
Advertising and market research services,Building and Landscape Services,1,0.006642753,170,1.129267968646207,171,1.1359107214029494
Other scientific and technical services,Building and Landscape Services,0,0,9,0.059784775,9,0.059784775
Veterinary services,Building and Landscape Services,0,0,0,0,0,0
Rental and leasing services,Building and Landscape Services,1,0.006642753,433,2.8763119436694566,434,2.882954696426199
Employment services,Building and Landscape Services,4,0.026571011026969578,352,2.3382489703733227,356,2.3648199814002924
Travel services,Building and Landscape Services,0,0,0,0,0,0
Security services,Building and Landscape Services,0,0,0,0,0,0
Building and landscape services,Building and Landscape Services,0,0,7697,51.12926796864621,7697,51.12926796864621
Office support services,Building and Landscape Services,17,0.1129267968646207,0,0,17,0.1129267968646207
Public administration services (including defence),Building and Landscape Services,0,0,29,0.19263982994552942,29,0.19263982994552942
Education services,Building and Landscape Services,0,0,0,0,0,0
Health services,Building and Landscape Services,0,0,0,0,0,0
Residential and social care services,Building and Landscape Services,0,0,0,0,0,0
Arts and entertainment services,Building and Landscape Services,0,0,0,0,0,0
Libraries and other cultural services,Building and Landscape Services,0,0,0,0,0,0
Gambling services,Building and Landscape Services,0,0,0,0,0,0
Sports and recreation services,Building and Landscape Services,0,0,0,0,0,0
Membership services,Building and Landscape Services,0,0,8,0.053142022053939156,8,0.053142022053939156
Computer repair services,Building and Landscape Services,0,0,0,0,0,0
Other personal services,Building and Landscape Services,0,0,0,0,0,0
Agriculture products,Office Support Services,0,0,0,0,0,0
Forestry products,Office Support Services,0,0,0,0,0,0
Fishing products,Office Support Services,0,0,0,0,0,0
Coal and lignite,Office Support Services,0,0,0,0,0,0
"Petroleum, natural gas and mining of metal ores",Office Support Services,0,0,0,0,0,0
Other mining products,Office Support Services,0,0,0,0,0,0
Mining support services,Office Support Services,0,0,0,0,0,0
Meat and preserved meat products,Office Support Services,2,0.009076469,7,0.031767642,9,0.040844112
"Fish, seafood, fruit and vegetables",Office Support Services,1,0.004538235,159,0.7215793056501021,160,0.7261175402768323
Oils and fats,Office Support Services,9,0.040844112,93,0.4220558202859088,102,0.46289993192648066
Dairy products,Office Support Services,3,0.013614703880190607,10,0.045382346,13,0.058997050147492625
Grain mill and starch products,Office Support Services,0,0,0,0,0,0
Bakery products,Office Support Services,0,0,58,0.2632176083503517,58,0.2632176083503517
Other food products,Office Support Services,9,0.040844112,10,0.045382346,19,0.086226458
Animal feeds,Office Support Services,0,0,0,0,0,0
Alcoholic beverages and tobacco,Office Support Services,0,0,0,0,0,0
Soft drinks,Office Support Services,0,0,0,0,0,0
Textiles,Office Support Services,0,0,0,0,0,0
Clothing,Office Support Services,0,0,0,0,0,0
Leather products,Office Support Services,0,0,0,0,0,0
Wood products (excl. furniture),Office Support Services,0,0,0,0,0,0
Paper products,Office Support Services,155,0.7034263671431813,0,0,155,0.7034263671431813
Printing and recording services,Office Support Services,0,0,0,0,0,0
Coke and refined petroleum products,Office Support Services,0,0,77,0.34944406625822555,77,0.34944406625822555
Paints and coatings,Office Support Services,0,0,0,0,0,0
Soap and detergents,Office Support Services,0,0,0,0,0,0
Other chemical products,Office Support Services,0,0,0,0,0,0
Industrial gases and fertilizers,Office Support Services,0,0,0,0,0,0
Petrochemicals,Office Support Services,0,0,0,0,0,0
Dyestuffs and agro-chemicals,Office Support Services,0,0,0,0,0,0
Pharmaceutical products,Office Support Services,0,0,0,0,0,0
Rubber and plastic products,Office Support Services,405,1.8379850238257316,30,0.13614703880190604,435,1.9741320626276377
Cement and concrete products,Office Support Services,0,0,0,0,0,0
"Glass, ceramic and stone products",Office Support Services,0,0,0,0,0,0
Basic iron and steel,Office Support Services,0,0,0,0,0,0
Other basic metals and casting,Office Support Services,0,0,0,0,0,0
Weapons and ammunition,Office Support Services,0,0,0,0,0,0
Other fabricated metal products,Office Support Services,190,0.8622645790787383,17,0.077149989,207,0.9394145677331518
Computer and electronic products,Office Support Services,7,0.031767642,202,0.9167233945995008,209,0.9484910369866122
Electrical equipment,Office Support Services,0,0,0,0,0,0
Other machinery and equipment,Office Support Services,0,0,0,0,0,0
Motor vehicles,Office Support Services,0,0,0,0,0,0
Ships and boats,Office Support Services,0,0,0,0,0,0
Aircraft and spacecraft products,Office Support Services,0,0,0,0,0,0
Other Transport Equipment,Office Support Services,0,0,0,0,0,0
Furniture,Office Support Services,0,0,0,0,0,0
Other manufactured goods,Office Support Services,22,0.099841162,3,0.013614703880190607,25,0.11345586566825505
Ship and boat repair and maintenance,Office Support Services,0,0,0,0,0,0
Air and spacecraft repair and maintenance,Office Support Services,0,0,0,0,0,0
Other repair services,Office Support Services,1,0.004538235,308,1.3977762650329022,309,1.4023144996596324
Electricity services,Office Support Services,0,0,385,1.7472203312911279,385,1.7472203312911279
"Mains gas, steam and air conditioning services",Office Support Services,0,0,42,0.19060585432266847,42,0.19060585432266847
Water services,Office Support Services,0,0,45,0.2042205582028591,45,0.2042205582028591
Sewerage services,Office Support Services,0,0,29,0.13160880417517584,29,0.13160880417517584
Waste collection and treatment services,Office Support Services,5,0.022691173,15,0.068073519,20,0.090764693
Remediation and waste management services,Office Support Services,0,0,0,0,0,0
Construction services,Office Support Services,0,0,73,0.3312911277513047,73,0.3312911277513047
Motor vehicle trade services,Office Support Services,0,0,3,0.013614703880190607,3,0.013614703880190607
Wholesale trade services,Office Support Services,8,0.036305877013841616,318,1.4431586113002042,326,1.4794644883140458
Retail trade services,Office Support Services,0,0,80,0.36305877013841614,80,0.36305877013841614
Rail transport services,Office Support Services,0,0,0,0,0,0
Land transport services,Office Support Services,0,0,381,1.729067392784207,381,1.729067392784207
Water transport services,Office Support Services,0,0,0,0,0,0
Air transport services,Office Support Services,0,0,137,0.6217381438620376,137,0.6217381438620376
Warehousing services,Office Support Services,0,0,844,3.8302700249602903,844,3.8302700249602903
Postal and courier services,Office Support Services,106,0.48105287043340145,416,1.887905604719764,522,2.3689584751531654
Accommodation services,Office Support Services,0,0,162,0.7351940095302928,162,0.7351940095302928
Food and beverage services,Office Support Services,0,0,142,0.6444293169956886,142,0.6444293169956886
Publishing services,Office Support Services,0,0,0,0,0,0
Media Production services,Office Support Services,0,0,0,0,0,0
Telecommunications services,Office Support Services,149,0.6761969593828001,192,0.8713410483321988,341,1.547538007714999
Computer programming services,Office Support Services,76,0.34490583163149535,1205,5.468572725209894,1281,5.813478556841389
Information services,Office Support Services,53,0.24052643521670072,568,2.5777172679827545,621,2.8182437031994554
Financial services (excl. insurance and pensions),Office Support Services,120,0.5445881552076242,368,1.6700703426367143,488,2.214658497844338
Insurance and pension services,Office Support Services,1,0.004538235,169,0.7669616519174041,170,0.7714998865441343
Auxiliary financial services,Office Support Services,40,0.18152938506920807,1812,8.223281143635127,1852,8.404810528704335
Real estate services,Office Support Services,0,0,0,0,0,0
Owner-occupier housing services,Office Support Services,0,0,0,0,0,0
Other real estate services,Office Support Services,0,0,648,2.940776038121171,648,2.940776038121171
Legal services,Office Support Services,28,0.12707056954844564,577,2.6185613796233267,605,2.7456319491717722
Accounting and tax services,Office Support Services,14,0.063535285,536,2.432493759927388,550,2.496029044701611
Management consulting services,Office Support Services,389,1.7653732697980484,26,0.11799410029498525,415,1.8833673700930338
Architectural and engineering services,Office Support Services,32,0.14522350805536646,56,0.2541411390968913,88,0.3993646471522577
Scientific research and development services,Office Support Services,0,0,0,0,0,0
Advertising and market research services,Office Support Services,171,0.7760381211708646,155,0.7034263671431813,326,1.4794644883140458
Other scientific and technical services,Office Support Services,0,0,696,3.1586113002042207,696,3.1586113002042207
Veterinary services,Office Support Services,0,0,0,0,0,0
Rental and leasing services,Office Support Services,26,0.11799410029498525,190,0.8622645790787383,216,0.9802586793737236
Employment services,Office Support Services,30,0.13614703880190604,441,2.001361470388019,471,2.137508509189925
Travel services,Office Support Services,0,0,0,0,0,0
Security services,Office Support Services,0,0,19,0.086226458,19,0.086226458
Building and landscape services,Office Support Services,0,0,30,0.13614703880190604,30,0.13614703880190604
Office support services,Office Support Services,4626,20.993873383253913,3124,14.177444973905152,7750,35.171318357159066
Public administration services (including defence),Office Support Services,0,0,110,0.49920580894032224,110,0.49920580894032224
Education services,Office Support Services,4,0.018152938506920808,151,0.6852734286362605,155,0.7034263671431813
Health services,Office Support Services,0,0,0,0,0,0
Residential and social care services,Office Support Services,0,0,0,0,0,0
Arts and entertainment services,Office Support Services,0,0,117,0.5309734513274336,117,0.5309734513274336
Libraries and other cultural services,Office Support Services,0,0,0,0,0,0
Gambling services,Office Support Services,0,0,0,0,0,0
Sports and recreation services,Office Support Services,0,0,0,0,0,0
Membership services,Office Support Services,6,0.027229407760381213,111,0.5037440435670524,117,0.5309734513274336
Computer repair services,Office Support Services,0,0,0,0,0,0
Other personal services,Office Support Services,0,0,0,0,0,0
Agriculture products,Public Administration and Defence,0,0,0,0,0,0
Forestry products,Public Administration and Defence,0,0,0,0,0,0
Fishing products,Public Administration and Defence,0,0,0,0,0,0
Coal and lignite,Public Administration and Defence,1,0.001361341,0,0,1,0.001361341
"Petroleum, natural gas and mining of metal ores",Public Administration and Defence,0,0,0,0,0,0
Other mining products,Public Administration and Defence,0,0,3,0.004084022,3,0.004084022
Mining support services,Public Administration and Defence,0,0,0,0,0,0
Meat and preserved meat products,Public Administration and Defence,0,0,75,0.10210054862028126,75,0.10210054862028126
"Fish, seafood, fruit and vegetables",Public Administration and Defence,0,0,36,0.049008263,36,0.049008263
Oils and fats,Public Administration and Defence,0,0,0,0,0,0
Dairy products,Public Administration and Defence,0,0,1,0.001361341,1,0.001361341
Grain mill and starch products,Public Administration and Defence,0,0,4,0.005445363,4,0.005445363
Bakery products,Public Administration and Defence,0,0,0,0,0,0
Other food products,Public Administration and Defence,0,0,4,0.005445363,4,0.005445363
Animal feeds,Public Administration and Defence,0,0,0,0,0,0
Alcoholic beverages and tobacco,Public Administration and Defence,0,0,0,0,0,0
Soft drinks,Public Administration and Defence,0,0,4,0.005445363,4,0.005445363
Textiles,Public Administration and Defence,0,0,16,0.021781450372326667,16,0.021781450372326667
Clothing,Public Administration and Defence,0,0,135,0.18378098751650626,135,0.18378098751650626
Leather products,Public Administration and Defence,0,0,140,0.19058769075785834,140,0.19058769075785834
Wood products (excl. furniture),Public Administration and Defence,0,0,10,0.013613406482704168,10,0.013613406482704168
Paper products,Public Administration and Defence,0,0,661,0.8998461685067455,661,0.8998461685067455
Printing and recording services,Public Administration and Defence,0,0,845,1.1503328477885022,845,1.1503328477885022
Coke and refined petroleum products,Public Administration and Defence,405,0.5513429625495188,378,0.5145867650462175,783,1.0659297275957362
Paints and coatings,Public Administration and Defence,0,0,65,0.088487142,65,0.088487142
Soap and detergents,Public Administration and Defence,0,0,74,0.10073920797201083,74,0.10073920797201083
Other chemical products,Public Administration and Defence,0,0,20,0.027226812965408336,20,0.027226812965408336
Industrial gases and fertilizers,Public Administration and Defence,0,0,11,0.014974747130974584,11,0.014974747130974584
Petrochemicals,Public Administration and Defence,20,0.027226812965408336,8,0.010890725186163333,28,0.038117538
Dyestuffs and agro-chemicals,Public Administration and Defence,0,0,25,0.034033516206760414,25,0.034033516206760414
Pharmaceutical products,Public Administration and Defence,0,0,170,0.23142791020597087,170,0.23142791020597087
Rubber and plastic products,Public Administration and Defence,0,0,145,0.19739439399921044,145,0.19739439399921044
Cement and concrete products,Public Administration and Defence,0,0,102,0.1388567461235825,102,0.1388567461235825
"Glass, ceramic and stone products",Public Administration and Defence,0,0,67,0.091209823,67,0.091209823
Basic iron and steel,Public Administration and Defence,0,0,0,0,0,0
Other basic metals and casting,Public Administration and Defence,0,0,0,0,0,0
Weapons and ammunition,Public Administration and Defence,131,0.17833562492342458,1767,2.4054889254938265,1898,2.5838245504172512
Other fabricated metal products,Public Administration and Defence,0,0,25,0.034033516206760414,25,0.034033516206760414
Computer and electronic products,Public Administration and Defence,4520,6.153259730182283,2387,3.2495201274214844,6907,9.402779857603768
Electrical equipment,Public Administration and Defence,0,0,472,0.6425527859836366,472,0.6425527859836366
Other machinery and equipment,Public Administration and Defence,0,0,191,0.2600160638196496,191,0.2600160638196496
Motor vehicles,Public Administration and Defence,209,0.2845201954885171,66,0.089848483,275,0.3743686782743646
Ships and boats,Public Administration and Defence,0,0,350,0.4764692268946458,350,0.4764692268946458
Aircraft and spacecraft products,Public Administration and Defence,785,1.068652408892277,3122,4.250105503900241,3907,5.318757912792519
Other Transport Equipment,Public Administration and Defence,0,0,6,0.008168044,6,0.008168044
Furniture,Public Administration and Defence,0,0,415,0.564956369,415,0.564956369
Other manufactured goods,Public Administration and Defence,0,0,36,0.049008263,36,0.049008263
Ship and boat repair and maintenance,Public Administration and Defence,0,0,0,0,0,0
Air and spacecraft repair and maintenance,Public Administration and Defence,0,0,0,0,0,0
Other repair services,Public Administration and Defence,0,0,0,0,0,0
Electricity services,Public Administration and Defence,19,0.025865472317137914,729,0.9924173325891338,748,1.0182828049062718
"Mains gas, steam and air conditioning services",Public Administration and Defence,24,0.032672176,363,0.49416665532216125,387,0.5268388308806513
Water services,Public Administration and Defence,8,0.010890725186163333,357,0.4859986114325388,365,0.49688933661870216
Sewerage services,Public Administration and Defence,0,0,792,1.078181793,792,1.078181793
Waste collection and treatment services,Public Administration and Defence,569,0.7746028288658671,475,0.6466368079284479,1044,1.421239636794315
Remediation and waste management services,Public Administration and Defence,0,0,423,0.5758470942183863,423,0.5758470942183863
Construction services,Public Administration and Defence,0,0,5717,7.782784486161972,5717,7.782784486161972
Motor vehicle trade services,Public Administration and Defence,0,0,445,0.6057965884803354,445,0.6057965884803354
Wholesale trade services,Public Administration and Defence,0,0,4479,6.097444763603196,4479,6.097444763603196
Retail trade services,Public Administration and Defence,0,0,1314,1.7888016118273276,1314,1.7888016118273276
Rail transport services,Public Administration and Defence,0,0,636,0.865812652,636,0.865812652
Land transport services,Public Administration and Defence,85,0.11571395510298543,661,0.8998461685067455,746,1.015560123609731
Water transport services,Public Administration and Defence,0,0,29,0.039478879,29,0.039478879
Air transport services,Public Administration and Defence,0,0,256,0.34850320595722667,256,0.34850320595722667
Warehousing services,Public Administration and Defence,106,0.14430210871666418,109,0.1483861306614754,215,0.2926882393781396
Postal and courier services,Public Administration and Defence,16,0.021781450372326667,1630,2.2189852566807793,1646,2.240766707053106
Accommodation services,Public Administration and Defence,0,0,828,1.1271900567679052,828,1.1271900567679052
Food and beverage services,Public Administration and Defence,0,0,869,1.183005023346992,869,1.183005023346992
Publishing services,Public Administration and Defence,0,0,200,0.2722681296540833,200,0.2722681296540833
Media Production services,Public Administration and Defence,68,0.092571164,164,0.22325986631634834,232,0.31583103039873667
Telecommunications services,Public Administration and Defence,20,0.027226812965408336,2152,2.9296050750779368,2172,2.9568318880433453
Computer programming services,Public Administration and Defence,121,0.1647222184407204,2319,3.1569489633390964,2440,3.321671181779817
Information services,Public Administration and Defence,0,0,0,0,0,0
Financial services (excl. insurance and pensions),Public Administration and Defence,575,0.7827708727554896,3968,5.401799692337014,4543,6.184570565092503
Insurance and pension services,Public Administration and Defence,0,0,53,0.072151054,53,0.072151054
Auxiliary financial services,Public Administration and Defence,30,0.040840219,0,0,30,0.040840219
Real estate services,Public Administration and Defence,0,0,4,0.005445363,4,0.005445363
Owner-occupier housing services,Public Administration and Defence,0,0,0,0,0,0
Other real estate services,Public Administration and Defence,0,0,3651,4.970254706835291,3651,4.970254706835291
Legal services,Public Administration and Defence,0,0,3290,4.478810732809671,3290,4.478810732809671
Accounting and tax services,Public Administration and Defence,0,0,405,0.5513429625495188,405,0.5513429625495188
Management consulting services,Public Administration and Defence,0,0,1542,2.0991872796329827,1542,2.0991872796329827
Architectural and engineering services,Public Administration and Defence,333,0.45332643587404875,781,1.0632070462991954,1114,1.5165334821732441
Scientific research and development services,Public Administration and Defence,0,0,0,0,0,0
Advertising and market research services,Public Administration and Defence,0,0,1457,1.9834733245299971,1457,1.9834733245299971
Other scientific and technical services,Public Administration and Defence,0,0,660,0.898484828,660,0.898484828
Veterinary services,Public Administration and Defence,0,0,4,0.005445363,4,0.005445363
Rental and leasing services,Public Administration and Defence,200,0.2722681296540833,0,0,200,0.2722681296540833
Employment services,Public Administration and Defence,4,0.005445363,966,1.3150550662292224,970,1.3205004288223041
Travel services,Public Administration and Defence,0,0,222,0.30221762391603246,222,0.30221762391603246
Security services,Public Administration and Defence,5,0.006806703,538,0.7324012687694842,543,0.7392079720108363
Building and landscape services,Public Administration and Defence,5,0.006806703,631,0.8590059490586329,636,0.865812652
Office support services,Public Administration and Defence,9,0.012252066,1272,1.731625305,1281,1.743877370434404
Public administration services (including defence),Public Administration and Defence,325,0.4424357106878854,0,0,325,0.4424357106878854
Education services,Public Administration and Defence,317,0.4315449855017221,5563,7.573138026328328,5880,8.004683012
Health services,Public Administration and Defence,0,0,217,0.2954109206746804,217,0.2954109206746804
Residential and social care services,Public Administration and Defence,5,0.006806703,11,0.014974747130974584,16,0.021781450372326667
Arts and entertainment services,Public Administration and Defence,39,0.053092285,251,0.3416965027158746,290,0.3947887879984209
Libraries and other cultural services,Public Administration and Defence,52,0.070789714,224,0.3049403052125733,276,0.37573001892263497
Gambling services,Public Administration and Defence,0,0,0,0,0,0
Sports and recreation services,Public Administration and Defence,61,0.08304178,109,0.1483861306614754,170,0.2314279102059708
Membership services,Public Administration and Defence,0,0,202,0.27499081095062416,202,0.27499081095062416
Computer repair services,Public Administration and Defence,422,0.5744857535701159,727,0.9896946512925929,1149,1.5641804048627088
Other personal services,Public Administration and Defence,10,0.013613406482704168,427,0.5812924568114679,437,0.594905863
Agriculture products,Education,0,0,0,0,0,0
Forestry products,Education,0,0,0,0,0,0
Fishing products,Education,0,0,0,0,0,0
Coal and lignite,Education,4,0.009310337,0,0,4,0.009310337
"Petroleum, natural gas and mining of metal ores",Education,0,0,0,0,0,0
Other mining products,Education,0,0,0,0,0,0
Mining support services,Education,0,0,0,0,0,0
Meat and preserved meat products,Education,1,0.002327584,243,0.5656029606871028,244,0.5679305448874613
"Fish, seafood, fruit and vegetables",Education,0,0,209,0.48646509787491565,209,0.48646509787491565
Oils and fats,Education,0,0,31,0.07215511,31,0.07215511
Dairy products,Education,0,0,114,0.26534459884086303,114,0.26534459884086303
Grain mill and starch products,Education,0,0,48,0.11172404161720549,48,0.11172404161720549
Bakery products,Education,0,0,147,0.34215487745269185,147,0.34215487745269185
Other food products,Education,0,0,179,0.41663757186416217,179,0.41663757186416217
Animal feeds,Education,0,0,0,0,0,0
Alcoholic beverages and tobacco,Education,0,0,0,0,0,0
Soft drinks,Education,0,0,41,0.095430952,41,0.095430952
Textiles,Education,0,0,35,0.081465447,35,0.081465447
Clothing,Education,0,0,15,0.034913763,15,0.034913763
Leather products,Education,0,0,0,0,0,0
Wood products (excl. furniture),Education,0,0,71,0.1652584782254498,71,0.1652584782254498
Paper products,Education,0,0,443,1.0311198007587925,443,1.0311198007587925
Printing and recording services,Education,0,0,1177,2.7395666038218933,1177,2.7395666038218933
Coke and refined petroleum products,Education,0,0,375,0.872844075,375,0.872844075
Paints and coatings,Education,0,0,47,0.10939645741684706,47,0.10939645741684706
Soap and detergents,Education,0,0,154,0.358447967,154,0.358447967
Other chemical products,Education,15,0.034913763,0,0,15,0.034913763
Industrial gases and fertilizers,Education,0,0,0,0,0,0
Petrochemicals,Education,4,0.009310337,2,0.004655168,6,0.013965505202150688
Dyestuffs and agro-chemicals,Education,0,0,2,0.004655168,2,0.004655168
Pharmaceutical products,Education,14,0.032586178805018275,16,0.037241347205735166,30,0.069827526
Rubber and plastic products,Education,1,0.002327584,183,0.42594790866559595,184,0.4282754928659544
Cement and concrete products,Education,0,0,109,0.25370667783907086,109,0.25370667783907086
"Glass, ceramic and stone products",Education,2,0.004655168,74,0.17224123082652515,76,0.17689639922724204
Basic iron and steel,Education,0,0,0,0,0,0
Other basic metals and casting,Education,0,0,0,0,0,0
Weapons and ammunition,Education,0,0,0,0,0,0
Other fabricated metal products,Education,1,0.002327584,54,0.12568954681935618,55,0.12801713101971463
Computer and electronic products,Education,933,2.171636058934432,774,1.8015501710774386,1707,3.9731862300118705
Electrical equipment,Education,4,0.009310337,58,0.134999884,62,0.14431022042222377
Other machinery and equipment,Education,0,0,0,0,0,0
Motor vehicles,Education,0,0,231,0.5376719502828015,231,0.5376719502828015
Ships and boats,Education,0,0,0,0,0,0
Aircraft and spacecraft products,Education,0,0,0,0,0,0
Other Transport Equipment,Education,0,0,0,0,0,0
Furniture,Education,0,0,144,0.3351721248516165,144,0.3351721248516165
Other manufactured goods,Education,0,0,197,0.4585340874706143,197,0.4585340874706143
Ship and boat repair and maintenance,Education,0,0,0,0,0,0
Air and spacecraft repair and maintenance,Education,0,0,0,0,0,0
Other repair services,Education,0,0,192,0.44689616646882196,192,0.44689616646882196
Electricity services,Education,0,0,692,1.610688266648046,692,1.610688266648046
"Mains gas, steam and air conditioning services",Education,0,0,479,1.1149128319716965,479,1.1149128319716965
Water services,Education,0,0,226,0.5260340292810093,226,0.5260340292810093
Sewerage services,Education,0,0,85,0.19784465703046808,85,0.19784465703046808
Waste collection and treatment services,Education,0,0,119,0.2769825198426553,119,0.2769825198426553
Remediation and waste management services,Education,0,0,35,0.081465447,35,0.081465447
Construction services,Education,0,0,606,1.4105160254172193,606,1.4105160254172193
Motor vehicle trade services,Education,0,0,445,1.0357749691595093,445,1.0357749691595093
Wholesale trade services,Education,0,0,1669,3.88473803,1669,3.88473803
Retail trade services,Education,0,0,680,1.5827572562437446,680,1.5827572562437446
Rail transport services,Education,0,0,183,0.42594790866559595,183,0.42594790866559595
Land transport services,Education,0,0,1131,2.6324977306054045,1131,2.6324977306054045
Water transport services,Education,0,0,0,0,0,0
Air transport services,Education,0,0,0,0,0,0
Warehousing services,Education,0,0,10,0.023275842003584478,10,0.023275842003584478
Postal and courier services,Education,0,0,248,0.5772408816888951,248,0.5772408816888951
Accommodation services,Education,0,0,77,0.1792239834276005,77,0.1792239834276005
Food and beverage services,Education,0,0,954,2.2205153271419595,954,2.2205153271419595
Publishing services,Education,0,0,357,0.83094756,357,0.83094756
Media Production services,Education,0,0,121,0.2816376882433722,121,0.2816376882433722
Telecommunications services,Education,0,0,299,0.695947676,299,0.695947676
Computer programming services,Education,0,0,1214,2.8256872192351556,1214,2.8256872192351556
Information services,Education,0,0,8,0.018620673602867583,8,0.018620673602867583
Financial services (excl. insurance and pensions),Education,197,0.4585340874706143,1477,3.4378418639294277,1674,3.8963759514000422
Insurance and pension services,Education,0,0,195,0.45387891906989736,195,0.45387891906989736
Auxiliary financial services,Education,0,0,42,0.097758536,42,0.097758536
Real estate services,Education,0,0,11,0.025603426203942924,11,0.025603426203942924
Owner-occupier housing services,Education,0,0,0,0,0,0
Other real estate services,Education,0,0,2456,5.716546796080348,2456,5.716546796080348
Legal services,Education,0,0,502,1.1684472685799407,502,1.1684472685799407
Accounting and tax services,Education,0,0,662,1.5408607406372927,662,1.5408607406372927
Management consulting services,Education,0,0,1105,2.5719805413960852,1105,2.5719805413960852
Architectural and engineering services,Education,0,0,215,0.5004306030770663,215,0.5004306030770663
Scientific research and development services,Education,0,0,0,0,0,0
Advertising and market research services,Education,0,0,705,1.6409468612527056,705,1.6409468612527056
Other scientific and technical services,Education,0,0,641,1.491981472429765,641,1.491981472429765
Veterinary services,Education,0,0,0,0,0,0
Rental and leasing services,Education,167,0.3887065614598608,1040,2.4206875683727858,1207,2.8093941298326466
Employment services,Education,0,0,1315,3.060773223471359,1315,3.060773223471359
Travel services,Education,0,0,76,0.17689639922724204,76,0.17689639922724204
Security services,Education,0,0,341,0.7937062123222307,341,0.7937062123222307
Building and landscape services,Education,0,0,1221,2.841980308637665,1221,2.841980308637665
Office support services,Education,0,0,944,2.1972394851383745,944,2.1972394851383745
Public administration services (including defence),Education,0,0,3,0.006982753,3,0.006982753
Education services,Education,0,0,13165,30.64264599771897,13165,30.64264599771897
Health services,Education,0,0,0,0,0,0
Residential and social care services,Education,0,0,0,0,0,0
Arts and entertainment services,Education,0,0,63,0.14663780462258222,63,0.14663780462258222
Libraries and other cultural services,Education,0,0,50,0.1163792100179224,50,0.1163792100179224
Gambling services,Education,0,0,0,0,0,0
Sports and recreation services,Education,0,0,59,0.1373274678211484,59,0.1373274678211484
Membership services,Education,0,0,278,0.6470684076996486,278,0.6470684076996486
Computer repair services,Education,0,0,51,0.11870679421828086,51,0.11870679421828086
Other personal services,Education,0,0,0,0,0,0
Agriculture products,Human Health Activities,0,0,30,0.032963772813677766,30,0.032963772813677766
Forestry products,Human Health Activities,0,0,0,0,0,0
Fishing products,Human Health Activities,0,0,0,0,0,0
Coal and lignite,Human Health Activities,0,0,0,0,0,0
"Petroleum, natural gas and mining of metal ores",Human Health Activities,0,0,0,0,0,0
Other mining products,Human Health Activities,0,0,0,0,0,0
Mining support services,Human Health Activities,0,0,0,0,0,0
Meat and preserved meat products,Human Health Activities,0,0,383,0.4208374995879528,383,0.4208374995879528
"Fish, seafood, fruit and vegetables",Human Health Activities,0,0,169,0.18569592018371808,169,0.18569592018371808
Oils and fats,Human Health Activities,0,0,31,0.034062565,31,0.034062565
Dairy products,Human Health Activities,0,0,68,0.074717885,68,0.074717885
Grain mill and starch products,Human Health Activities,0,0,43,0.047248074,43,0.047248074
Bakery products,Human Health Activities,0,0,140,0.15383093979716292,140,0.15383093979716292
Other food products,Human Health Activities,0,0,293,0.32194618114691953,293,0.32194618114691953
Animal feeds,Human Health Activities,0,0,0,0,0,0
Alcoholic beverages and tobacco,Human Health Activities,0,0,0,0,0,0
Soft drinks,Human Health Activities,0,0,0,0,0,0
Textiles,Human Health Activities,0,0,123,0.13515146853607884,123,0.13515146853607884
Clothing,Human Health Activities,0,0,128,0.1406454306716918,128,0.1406454306716918
Leather products,Human Health Activities,0,0,0,0,0,0
Wood products (excl. furniture),Human Health Activities,0,0,0,0,0,0
Paper products,Human Health Activities,2,0.002197585,825,0.9065037523761387,827,0.9087013372303838
Printing and recording services,Human Health Activities,0,0,1284,1.4108494764254085,1284,1.4108494764254085
Coke and refined petroleum products,Human Health Activities,0,0,359,0.3944664813370106,359,0.3944664813370106
Paints and coatings,Human Health Activities,0,0,0,0,0,0
Soap and detergents,Human Health Activities,0,0,71,0.078014262,71,0.078014262
Other chemical products,Human Health Activities,3447,3.7875374962915758,1007,1.1064839741124504,4454,4.894021470404026
Industrial gases and fertilizers,Human Health Activities,2,0.002197585,349,0.3834785570657847,351,0.3856761419200299
Petrochemicals,Human Health Activities,0,0,0,0,0,0
Dyestuffs and agro-chemicals,Human Health Activities,0,0,0,0,0,0
Pharmaceutical products,Human Health Activities,6009,6.602643694579657,5791,6.363106945466932,11800,12.96575064004659
Rubber and plastic products,Human Health Activities,4,0.00439517,568,0.6241140986056324,572,0.6285092683141228
Cement and concrete products,Human Health Activities,7,0.007691547,34,0.037358943,41,0.04505049
"Glass, ceramic and stone products",Human Health Activities,1,0.001098792,39,0.042852905,40,0.043951697
Basic iron and steel,Human Health Activities,0,0,0,0,0,0
Other basic metals and casting,Human Health Activities,0,0,0,0,0,0
Weapons and ammunition,Human Health Activities,0,0,0,0,0,0
Other fabricated metal products,Human Health Activities,3,0.003296377,112,0.12306475183773034,115,0.1263611291190981
Computer and electronic products,Human Health Activities,5612,6.166423101011988,3874,4.256721862672923,9486,10.423144963684912
Electrical equipment,Human Health Activities,1,0.001098792,26,0.028568603105187395,27,0.029667395532309987
Other machinery and equipment,Human Health Activities,0,0,0,0,0,0
Motor vehicles,Human Health Activities,0,0,125,0.13734905339032405,125,0.13734905339032405
Ships and boats,Human Health Activities,0,0,0,0,0,0
Aircraft and spacecraft products,Human Health Activities,0,0,0,0,0,0
Other Transport Equipment,Human Health Activities,0,0,280,0.30766187959432584,280,0.30766187959432584
Furniture,Human Health Activities,0,0,149,0.16372007164126623,149,0.16372007164126623
Other manufactured goods,Human Health Activities,1145,1.2581173290553682,1019,1.1196694832379217,2164,2.377786812
Ship and boat repair and maintenance,Human Health Activities,0,0,0,0,0,0
Air and spacecraft repair and maintenance,Human Health Activities,0,0,0,0,0,0
Other repair services,Human Health Activities,0,0,443,0.48676504521530833,443,0.48676504521530833
Electricity services,Human Health Activities,0,0,1112,1.2218571789603225,1112,1.2218571789603225
"Mains gas, steam and air conditioning services",Human Health Activities,0,0,999,1.0976936346954698,999,1.0976936346954698
Water services,Human Health Activities,0,0,253,0.2779944840620158,253,0.2779944840620158
Sewerage services,Human Health Activities,0,0,654,0.7186102473381754,654,0.7186102473381754
Waste collection and treatment services,Human Health Activities,0,0,1169,1.2844883473063105,1169,1.2844883473063105
Remediation and waste management services,Human Health Activities,0,0,0,0,0,0
Construction services,Human Health Activities,0,0,1145,1.2581173290553682,1145,1.2581173290553682
Motor vehicle trade services,Human Health Activities,0,0,372,0.40875078288960437,372,0.40875078288960437
Wholesale trade services,Human Health Activities,0,0,10325,11.345031810040766,10325,11.345031810040766
Retail trade services,Human Health Activities,0,0,3095,3.4007625619444233,3095,3.4007625619444233
Rail transport services,Human Health Activities,0,0,396,0.43512180114054655,396,0.43512180114054655
Land transport services,Human Health Activities,0,0,2186,2.4019602456899865,2186,2.4019602456899865
Water transport services,Human Health Activities,0,0,28,0.030766187959432586,28,0.030766187959432586
Air transport services,Human Health Activities,0,0,70,0.07691547,70,0.07691547
Warehousing services,Human Health Activities,0,0,0,0,0,0
Postal and courier services,Human Health Activities,0,0,593,0.6515839092836972,593,0.6515839092836972
Accommodation services,Human Health Activities,0,0,278,0.30546429474008063,278,0.30546429474008063
Food and beverage services,Human Health Activities,0,0,1593,1.7503763364062896,1593,1.7503763364062896
Publishing services,Human Health Activities,0,0,0,0,0,0
Media Production services,Human Health Activities,0,0,48,0.052742037,48,0.052742037
Telecommunications services,Human Health Activities,0,0,1491,1.6382995088397851,1491,1.6382995088397851
Computer programming services,Human Health Activities,0,0,1945,2.1371512707534417,1945,2.1371512707534417
Information services,Human Health Activities,0,0,0,0,0,0
Financial services (excl. insurance and pensions),Human Health Activities,0,0,728,0.7999208869452472,728,0.7999208869452472
Insurance and pension services,Human Health Activities,0,0,93,0.10218769572240109,93,0.10218769572240109
Auxiliary financial services,Human Health Activities,0,0,3,0.003296377,3,0.003296377
Real estate services,Human Health Activities,0,0,0,0,0,0
Owner-occupier housing services,Human Health Activities,0,0,0,0,0,0
Other real estate services,Human Health Activities,0,0,3297,3.6227186322231866,3297,3.6227186322231866
Legal services,Human Health Activities,0,0,2579,2.8337856695491657,2579,2.8337856695491657
Accounting and tax services,Human Health Activities,0,0,953,1.0471491830478303,953,1.0471491830478303
Management consulting services,Human Health Activities,0,0,67,0.073619093,67,0.073619093
Architectural and engineering services,Human Health Activities,0,0,2905,3.1919920007911307,2905,3.1919920007911307
Scientific research and development services,Human Health Activities,0,0,0,0,0,0
Advertising and market research services,Human Health Activities,0,0,408,0.4483073102660176,408,0.4483073102660176
Other scientific and technical services,Human Health Activities,0,0,760,0.8350822446131702,760,0.8350822446131702
Veterinary services,Human Health Activities,0,0,0,0,0,0
Rental and leasing services,Human Health Activities,167,0.1834983353294729,1459,1.6031381511718619,1626,1.7866364865013349
Employment services,Human Health Activities,0,0,5197,5.710424243756112,5197,5.710424243756112
Travel services,Human Health Activities,0,0,88,0.096693734,88,0.096693734
Security services,Human Health Activities,0,0,545,0.5988418727818128,545,0.5988418727818128
Building and landscape services,Human Health Activities,0,0,1420,1.560285246514081,1420,1.560285246514081
Office support services,Human Health Activities,0,0,1227,1.3482183080794206,1227,1.3482183080794206
Public administration services (including defence),Human Health Activities,0,0,209,0.22964761726862176,209,0.22964761726862176
Education services,Human Health Activities,0,0,177,0.19448625960069882,177,0.19448625960069882
Health services,Human Health Activities,0,0,3305,3.6315089716401676,3305,3.6315089716401676
Residential and social care services,Human Health Activities,6,0.006592755,2135,2.3459218319067348,2141,2.352514586
Arts and entertainment services,Human Health Activities,0,0,32,0.035161358,32,0.035161358
Libraries and other cultural services,Human Health Activities,0,0,101,0.11097803513938183,101,0.11097803513938183
Gambling services,Human Health Activities,0,0,0,0,0,0
Sports and recreation services,Human Health Activities,0,0,0,0,0,0
Membership services,Human Health Activities,0,0,0,0,0,0
Computer repair services,Human Health Activities,0,0,739,0.8120076036435957,739,0.8120076036435957
Other personal services,Human Health Activities,0,0,661,0.7263017943280335,661,0.7263017943280335
Agriculture products,Residential Care and Social Work,0,0,40,0.13433186687711993,40,0.13433186687711993
Forestry products,Residential Care and Social Work,0,0,0,0,0,0
Fishing products,Residential Care and Social Work,0,0,0,0,0,0
Coal and lignite,Residential Care and Social Work,0,0,0,0,0,0
"Petroleum, natural gas and mining of metal ores",Residential Care and Social Work,0,0,0,0,0,0
Other mining products,Residential Care and Social Work,0,0,0,0,0,0
Mining support services,Residential Care and Social Work,0,0,0,0,0,0
Meat and preserved meat products,Residential Care and Social Work,0,0,377,1.2660778453168553,377,1.2660778453168553
"Fish, seafood, fruit and vegetables",Residential Care and Social Work,0,0,210,0.7052423011048796,210,0.7052423011048796
Oils and fats,Residential Care and Social Work,0,0,57,0.1914229102998959,57,0.1914229102998959
Dairy products,Residential Care and Social Work,0,0,47,0.1578399435806159,47,0.1578399435806159
Grain mill and starch products,Residential Care and Social Work,0,0,94,0.3156798871612318,94,0.3156798871612318
Bakery products,Residential Care and Social Work,0,0,138,0.46344494072606374,138,0.46344494072606374
Other food products,Residential Care and Social Work,0,0,411,1.3802599321624072,411,1.3802599321624072
Animal feeds,Residential Care and Social Work,0,0,0,0,0,0
Alcoholic beverages and tobacco,Residential Care and Social Work,0,0,3,0.010074890015783993,3,0.010074890015783993
Soft drinks,Residential Care and Social Work,0,0,39,0.13097357020519193,39,0.13097357020519193
Textiles,Residential Care and Social Work,0,0,0,0,0,0
Clothing,Residential Care and Social Work,0,0,26,0.087315713,26,0.087315713
Leather products,Residential Care and Social Work,0,0,0,0,0,0
Wood products (excl. furniture),Residential Care and Social Work,0,0,0,0,0,0
Paper products,Residential Care and Social Work,0,0,145,0.48695301742955976,145,0.48695301742955976
Printing and recording services,Residential Care and Social Work,0,0,90,0.3022467004735198,90,0.3022467004735198
Coke and refined petroleum products,Residential Care and Social Work,0,0,141,0.4735198307418477,141,0.4735198307418477
Paints and coatings,Residential Care and Social Work,0,0,9,0.030224670047351986,9,0.030224670047351986
Soap and detergents,Residential Care and Social Work,0,0,142,0.4768781274137757,142,0.4768781274137757
Other chemical products,Residential Care and Social Work,0,0,11,0.036941263,11,0.036941263
Industrial gases and fertilizers,Residential Care and Social Work,0,0,0,0,0,0
Petrochemicals,Residential Care and Social Work,0,0,0,0,0,0
Dyestuffs and agro-chemicals,Residential Care and Social Work,0,0,0,0,0,0
Pharmaceutical products,Residential Care and Social Work,0,0,37,0.12425697686133594,37,0.12425697686133594
Rubber and plastic products,Residential Care and Social Work,1,0.003358297,53,0.1779897236121839,54,0.1813480202841119
Cement and concrete products,Residential Care and Social Work,0,0,0,0,0,0
"Glass, ceramic and stone products",Residential Care and Social Work,0,0,0,0,0,0
Basic iron and steel,Residential Care and Social Work,0,0,0,0,0,0
Other basic metals and casting,Residential Care and Social Work,0,0,0,0,0,0
Weapons and ammunition,Residential Care and Social Work,0,0,0,0,0,0
Other fabricated metal products,Residential Care and Social Work,2,0.006716593,0,0,2,0.006716593
Computer and electronic products,Residential Care and Social Work,294,0.9873392215468315,279,0.9369647714679115,573,1.924303993014743
Electrical equipment,Residential Care and Social Work,1,0.003358297,47,0.1578399435806159,48,0.1611982402525439
Other machinery and equipment,Residential Care and Social Work,0,0,0,0,0,0
Motor vehicles,Residential Care and Social Work,0,0,184,0.6179265876347517,184,0.6179265876347517
Ships and boats,Residential Care and Social Work,0,0,0,0,0,0
Aircraft and spacecraft products,Residential Care and Social Work,0,0,0,0,0,0
Other Transport Equipment,Residential Care and Social Work,0,0,0,0,0,0
Furniture,Residential Care and Social Work,0,0,61,0.20485609698760787,61,0.20485609698760787
Other manufactured goods,Residential Care and Social Work,0,0,85,0.28545521711387983,85,0.28545521711387983
Ship and boat repair and maintenance,Residential Care and Social Work,0,0,0,0,0,0
Air and spacecraft repair and maintenance,Residential Care and Social Work,0,0,0,0,0,0
Other repair services,Residential Care and Social Work,0,0,429,1.4407092722571113,429,1.4407092722571113
Electricity services,Residential Care and Social Work,0,0,412,1.3836182288343353,412,1.3836182288343353
"Mains gas, steam and air conditioning services",Residential Care and Social Work,0,0,282,0.9470396614836954,282,0.9470396614836954
Water services,Residential Care and Social Work,0,0,239,0.8026329045907915,239,0.8026329045907915
Sewerage services,Residential Care and Social Work,0,0,57,0.1914229102998959,57,0.1914229102998959
Waste collection and treatment services,Residential Care and Social Work,0,0,150,0.5037445007891997,150,0.5037445007891997
Remediation and waste management services,Residential Care and Social Work,0,0,0,0,0,0
Construction services,Residential Care and Social Work,0,0,327,1.0981630117204555,327,1.0981630117204555
Motor vehicle trade services,Residential Care and Social Work,0,0,272,0.9134566947644154,272,0.9134566947644154
Wholesale trade services,Residential Care and Social Work,0,0,826,2.7739530510125263,826,2.7739530510125263
Retail trade services,Residential Care and Social Work,0,0,392,1.3164522953957754,392,1.3164522953957754
Rail transport services,Residential Care and Social Work,0,0,1,0.003358297,1,0.003358297
Land transport services,Residential Care and Social Work,0,0,758,2.5455888773214226,758,2.5455888773214226
Water transport services,Residential Care and Social Work,0,0,0,0,0,0
Air transport services,Residential Care and Social Work,0,0,0,0,0,0
Warehousing services,Residential Care and Social Work,0,0,13,0.043657857,13,0.043657857
Postal and courier services,Residential Care and Social Work,1,0.003358297,279,0.9369647714679115,280,0.9403230681398395
Accommodation services,Residential Care and Social Work,0,0,283,0.9503979581556234,283,0.9503979581556234
Food and beverage services,Residential Care and Social Work,0,0,698,2.344091077005743,698,2.344091077005743
Publishing services,Residential Care and Social Work,0,0,119,0.39963730395943176,119,0.39963730395943176
Media Production services,Residential Care and Social Work,0,0,64,0.2149309870033919,64,0.2149309870033919
Telecommunications services,Residential Care and Social Work,5,0.016791483,540,1.8134802028411188,545,1.8302716862007589
Computer programming services,Residential Care and Social Work,2,0.006716593,828,2.7806696443563825,830,2.7873862377002387
Information services,Residential Care and Social Work,0,0,1,0.003358297,1,0.003358297
Financial services (excl. insurance and pensions),Residential Care and Social Work,0,0,614,2.0619941565637907,614,2.0619941565637907
Insurance and pension services,Residential Care and Social Work,0,0,115,0.38620411727171977,115,0.38620411727171977
Auxiliary financial services,Residential Care and Social Work,0,0,0,0,0,0
Real estate services,Residential Care and Social Work,0,0,0,0,0,0
Owner-occupier housing services,Residential Care and Social Work,0,0,0,0,0,0
Other real estate services,Residential Care and Social Work,0,0,1192,4.003089632938174,1192,4.003089632938174
Legal services,Residential Care and Social Work,0,0,408,1.370185042146623,408,1.370185042146623
Accounting and tax services,Residential Care and Social Work,0,0,949,3.1870235416596704,949,3.1870235416596704
Management consulting services,Residential Care and Social Work,1,0.003358297,114,0.3828458205997918,115,0.38620411727171977
Architectural and engineering services,Residential Care and Social Work,0,0,57,0.1914229102998959,57,0.1914229102998959
Scientific research and development services,Residential Care and Social Work,0,0,0,0,0,0
Advertising and market research services,Residential Care and Social Work,0,0,518,1.739597676058703,518,1.739597676058703
Other scientific and technical services,Residential Care and Social Work,0,0,117,0.39292071061557576,117,0.39292071061557576
Veterinary services,Residential Care and Social Work,0,0,0,0,0,0
Rental and leasing services,Residential Care and Social Work,0,0,319,1.0712966383450313,319,1.0712966383450313
Employment services,Residential Care and Social Work,11,0.036941263,1758,5.903885549249421,1769,5.940826812640629
Travel services,Residential Care and Social Work,0,0,0,0,0,0
Security services,Residential Care and Social Work,0,0,213,0.7153171911206636,213,0.7153171911206636
Building and landscape services,Residential Care and Social Work,0,0,613,2.058635859891863,613,2.058635859891863
Office support services,Residential Care and Social Work,37,0.12425697686133594,293,0.9839809248749035,330,1.1082379017362394
Public administration services (including defence),Residential Care and Social Work,0,0,0,0,0,0
Education services,Residential Care and Social Work,0,0,668,2.2433421768479027,668,2.2433421768479027
Health services,Residential Care and Social Work,0,0,0,0,0,0
Residential and social care services,Residential Care and Social Work,11,0.036941263,11313,37.99241024952144,11324,38.02935151291265
Arts and entertainment services,Residential Care and Social Work,0,0,94,0.3156798871612318,94,0.3156798871612318
Libraries and other cultural services,Residential Care and Social Work,0,0,29,0.097390603,29,0.097390603
Gambling services,Residential Care and Social Work,0,0,0,0,0,0
Sports and recreation services,Residential Care and Social Work,0,0,36,0.12089868018940794,36,0.12089868018940794
Membership services,Residential Care and Social Work,0,0,95,0.3190381838331598,95,0.3190381838331598
Computer repair services,Residential Care and Social Work,0,0,135,0.4533700507102797,135,0.4533700507102797
Other personal services,Residential Care and Social Work,0,0,65,0.21828928367531988,65,0.21828928367531988
Agriculture products,Creative and Entertainment Activities,0,0,0,0,0,0
Forestry products,Creative and Entertainment Activities,0,0,0,0,0,0
Fishing products,Creative and Entertainment Activities,0,0,0,0,0,0
Coal and lignite,Creative and Entertainment Activities,0,0,0,0,0,0
"Petroleum, natural gas and mining of metal ores",Creative and Entertainment Activities,0,0,0,0,0,0
Other mining products,Creative and Entertainment Activities,0,0,0,0,0,0
Mining support services,Creative and Entertainment Activities,0,0,0,0,0,0
Meat and preserved meat products,Creative and Entertainment Activities,0,0,6,0.14111006585136407,6,0.14111006585136407
"Fish, seafood, fruit and vegetables",Creative and Entertainment Activities,0,0,3,0.070555033,3,0.070555033
Oils and fats,Creative and Entertainment Activities,0,0,1,0.023518344308560677,1,0.023518344308560677
Dairy products,Creative and Entertainment Activities,0,0,3,0.070555033,3,0.070555033
Grain mill and starch products,Creative and Entertainment Activities,0,0,0,0,0,0
Bakery products,Creative and Entertainment Activities,0,0,7,0.16462841015992474,7,0.16462841015992474
Other food products,Creative and Entertainment Activities,0,0,14,0.3292568203198495,14,0.3292568203198495
Animal feeds,Creative and Entertainment Activities,0,0,7,0.16462841015992474,7,0.16462841015992474
Alcoholic beverages and tobacco,Creative and Entertainment Activities,0,0,3,0.070555033,3,0.070555033
Soft drinks,Creative and Entertainment Activities,0,0,0,0,0,0
Textiles,Creative and Entertainment Activities,0,0,0,0,0,0
Clothing,Creative and Entertainment Activities,0,0,1,0.023518344308560677,1,0.023518344308560677
Leather products,Creative and Entertainment Activities,0,0,0,0,0,0
Wood products (excl. furniture),Creative and Entertainment Activities,0,0,8,0.18814675446848542,8,0.18814675446848542
Paper products,Creative and Entertainment Activities,1,0.023518344308560677,29,0.6820319849482597,30,0.7055503292568204
Printing and recording services,Creative and Entertainment Activities,0,0,14,0.3292568203198495,14,0.3292568203198495
Coke and refined petroleum products,Creative and Entertainment Activities,0,0,12,0.28222013170272814,12,0.28222013170272814
Paints and coatings,Creative and Entertainment Activities,0,0,0,0,0,0
Soap and detergents,Creative and Entertainment Activities,0,0,3,0.070555033,3,0.070555033
Other chemical products,Creative and Entertainment Activities,0,0,0,0,0,0
Industrial gases and fertilizers,Creative and Entertainment Activities,0,0,4,0.094073377,4,0.094073377
Petrochemicals,Creative and Entertainment Activities,0,0,0,0,0,0
Dyestuffs and agro-chemicals,Creative and Entertainment Activities,0,0,0,0,0,0
Pharmaceutical products,Creative and Entertainment Activities,0,0,0,0,0,0
Rubber and plastic products,Creative and Entertainment Activities,1,0.023518344308560677,106,2.4929444967074317,107,2.516462841015992
Cement and concrete products,Creative and Entertainment Activities,0,0,9,0.2116650987770461,9,0.2116650987770461
"Glass, ceramic and stone products",Creative and Entertainment Activities,2,0.047036688617121354,16,0.37629350893697083,18,0.4233301975540922
Basic iron and steel,Creative and Entertainment Activities,0,0,3,0.070555033,3,0.070555033
Other basic metals and casting,Creative and Entertainment Activities,0,0,0,0,0,0
Weapons and ammunition,Creative and Entertainment Activities,0,0,0,0,0,0
Other fabricated metal products,Creative and Entertainment Activities,0,0,0,0,0,0
Computer and electronic products,Creative and Entertainment Activities,0,0,74,1.7403574788334901,74,1.7403574788334901
Electrical equipment,Creative and Entertainment Activities,0,0,0,0,0,0
Other machinery and equipment,Creative and Entertainment Activities,0,0,0,0,0,0
Motor vehicles,Creative and Entertainment Activities,0,0,0,0,0,0
Ships and boats,Creative and Entertainment Activities,0,0,2,0.047036688617121354,2,0.047036688617121354
Aircraft and spacecraft products,Creative and Entertainment Activities,0,0,4,0.094073377,4,0.094073377
Other Transport Equipment,Creative and Entertainment Activities,0,0,0,0,0,0
Furniture,Creative and Entertainment Activities,0,0,2,0.047036688617121354,2,0.047036688617121354
Other manufactured goods,Creative and Entertainment Activities,0,0,46,1.0818438381937912,46,1.0818438381937912
Ship and boat repair and maintenance,Creative and Entertainment Activities,0,0,0,0,0,0
Air and spacecraft repair and maintenance,Creative and Entertainment Activities,0,0,0,0,0,0
Other repair services,Creative and Entertainment Activities,0,0,35,0.8231420507996237,35,0.8231420507996237
Electricity services,Creative and Entertainment Activities,0,0,100,2.351834430856068,100,2.351834430856068
"Mains gas, steam and air conditioning services",Creative and Entertainment Activities,0,0,21,0.49388523047977423,21,0.49388523047977423
Water services,Creative and Entertainment Activities,0,0,27,0.6349952963311383,27,0.6349952963311383
Sewerage services,Creative and Entertainment Activities,0,0,2,0.047036688617121354,2,0.047036688617121354
Waste collection and treatment services,Creative and Entertainment Activities,0,0,4,0.094073377,4,0.094073377
Remediation and waste management services,Creative and Entertainment Activities,0,0,0,0,0,0
Construction services,Creative and Entertainment Activities,0,0,27,0.6349952963311383,27,0.6349952963311383
Motor vehicle trade services,Creative and Entertainment Activities,0,0,1,0.023518344308560677,1,0.023518344308560677
Wholesale trade services,Creative and Entertainment Activities,0,0,107,2.5164628410159926,107,2.5164628410159926
Retail trade services,Creative and Entertainment Activities,0,0,86,2.022577610536218,86,2.022577610536218
Rail transport services,Creative and Entertainment Activities,0,0,0,0,0,0
Land transport services,Creative and Entertainment Activities,0,0,9,0.2116650987770461,9,0.2116650987770461
Water transport services,Creative and Entertainment Activities,0,0,0,0,0,0
Air transport services,Creative and Entertainment Activities,0,0,15,0.3527751646284102,15,0.3527751646284102
Warehousing services,Creative and Entertainment Activities,0,0,0,0,0,0
Postal and courier services,Creative and Entertainment Activities,0,0,98,2.3047977422389465,98,2.3047977422389465
Accommodation services,Creative and Entertainment Activities,0,0,19,0.4468485418626529,19,0.4468485418626529
Food and beverage services,Creative and Entertainment Activities,0,0,64,1.5051740357478833,64,1.5051740357478833
Publishing services,Creative and Entertainment Activities,2,0.047036688617121354,0,0,2,0.047036688617121354
Media Production services,Creative and Entertainment Activities,96,2.257761053621825,71,1.669802445907808,167,3.927563499529633
Telecommunications services,Creative and Entertainment Activities,0,0,84,1.975540921919097,84,1.975540921919097
Computer programming services,Creative and Entertainment Activities,4,0.094073377,66,1.5522107243650047,70,1.6462841015992475
Information services,Creative and Entertainment Activities,1,0.023518344308560677,38,0.8936970837253058,39,0.9172154280338665
Financial services (excl. insurance and pensions),Creative and Entertainment Activities,0,0,246,5.785512699905927,246,5.785512699905927
Insurance and pension services,Creative and Entertainment Activities,0,0,32,0.7525870178739417,32,0.7525870178739417
Auxiliary financial services,Creative and Entertainment Activities,0,0,15,0.3527751646284102,15,0.3527751646284102
Real estate services,Creative and Entertainment Activities,0,0,0,0,0,0
Owner-occupier housing services,Creative and Entertainment Activities,0,0,0,0,0,0
Other real estate services,Creative and Entertainment Activities,0,0,12,0.28222013170272814,12,0.28222013170272814
Legal services,Creative and Entertainment Activities,0,0,63,1.4816556914393226,63,1.4816556914393226
Accounting and tax services,Creative and Entertainment Activities,0,0,227,5.338664158043273,227,5.338664158043273
Management consulting services,Creative and Entertainment Activities,16,0.37629350893697083,17,0.39981185324553153,33,0.7761053621825024
Architectural and engineering services,Creative and Entertainment Activities,0,0,28,0.658513641,28,0.658513641
Scientific research and development services,Creative and Entertainment Activities,0,0,0,0,0,0
Advertising and market research services,Creative and Entertainment Activities,3,0.070555033,221,5.1975540921919094,224,5.268109125117592
Other scientific and technical services,Creative and Entertainment Activities,0,0,205,4.821260583254939,205,4.821260583254939
Veterinary services,Creative and Entertainment Activities,0,0,0,0,0,0
Rental and leasing services,Creative and Entertainment Activities,0,0,34,0.7996237064910631,34,0.7996237064910631
Employment services,Creative and Entertainment Activities,0,0,22,0.517403575,22,0.517403575
Travel services,Creative and Entertainment Activities,0,0,0,0,0,0
Security services,Creative and Entertainment Activities,0,0,39,0.9172154280338664,39,0.9172154280338664
Building and landscape services,Creative and Entertainment Activities,0,0,95,2.234242709313264,95,2.234242709313264
Office support services,Creative and Entertainment Activities,2,0.047036688617121354,79,1.8579492003762934,81,1.9049858889934148
Public administration services (including defence),Creative and Entertainment Activities,0,0,8,0.18814675446848542,8,0.18814675446848542
Education services,Creative and Entertainment Activities,0,0,0,0,0,0
Health services,Creative and Entertainment Activities,0,0,0,0,0,0
Residential and social care services,Creative and Entertainment Activities,0,0,0,0,0,0
Arts and entertainment services,Creative and Entertainment Activities,132,3.1044214487300095,1272,29.915333960489182,1404,33.019755409219194
Libraries and other cultural services,Creative and Entertainment Activities,3,0.070555033,18,0.4233301975540922,21,0.49388523047977423
Gambling services,Creative and Entertainment Activities,0,0,0,0,0,0
Sports and recreation services,Creative and Entertainment Activities,3,0.070555033,8,0.18814675446848542,11,0.25870178739416744
Membership services,Creative and Entertainment Activities,0,0,94,2.2107243650047037,94,2.2107243650047037
Computer repair services,Creative and Entertainment Activities,0,0,0,0,0,0
Other personal services,Creative and Entertainment Activities,0,0,0,0,0,0
Agriculture products,Libraries and Other Cultural Activities,0,0,0,0,0,0
Forestry products,Libraries and Other Cultural Activities,0,0,0,0,0,0
Fishing products,Libraries and Other Cultural Activities,0,0,0,0,0,0
Coal and lignite,Libraries and Other Cultural Activities,0,0,0,0,0,0
"Petroleum, natural gas and mining of metal ores",Libraries and Other Cultural Activities,0,0,0,0,0,0
Other mining products,Libraries and Other Cultural Activities,0,0,0,0,0,0
Mining support services,Libraries and Other Cultural Activities,0,0,0,0,0,0
Meat and preserved meat products,Libraries and Other Cultural Activities,0,0,2,0.11547344110854503,2,0.11547344110854503
"Fish, seafood, fruit and vegetables",Libraries and Other Cultural Activities,0,0,0,0,0,0
Oils and fats,Libraries and Other Cultural Activities,0,0,0,0,0,0
Dairy products,Libraries and Other Cultural Activities,0,0,0,0,0,0
Grain mill and starch products,Libraries and Other Cultural Activities,0,0,0,0,0,0
Bakery products,Libraries and Other Cultural Activities,0,0,2,0.11547344110854503,2,0.11547344110854503
Other food products,Libraries and Other Cultural Activities,0,0,0,0,0,0
Animal feeds,Libraries and Other Cultural Activities,0,0,3,0.17321016166281755,3,0.17321016166281755
Alcoholic beverages and tobacco,Libraries and Other Cultural Activities,0,0,3,0.17321016166281755,3,0.17321016166281755
Soft drinks,Libraries and Other Cultural Activities,0,0,9,0.5196304849884527,9,0.5196304849884527
Textiles,Libraries and Other Cultural Activities,0,0,1,0.057736720554272515,1,0.057736720554272515
Clothing,Libraries and Other Cultural Activities,0,0,0,0,0,0
Leather products,Libraries and Other Cultural Activities,0,0,1,0.057736720554272515,1,0.057736720554272515
Wood products (excl. furniture),Libraries and Other Cultural Activities,0,0,0,0,0,0
Paper products,Libraries and Other Cultural Activities,0,0,12,0.6928406466512702,12,0.6928406466512702
Printing and recording services,Libraries and Other Cultural Activities,0,0,63,3.6374133949191685,63,3.6374133949191685
Coke and refined petroleum products,Libraries and Other Cultural Activities,0,0,19,1.0969976905311778,19,1.0969976905311778
Paints and coatings,Libraries and Other Cultural Activities,0,0,0,0,0,0
Soap and detergents,Libraries and Other Cultural Activities,0,0,4,0.23094688221709006,4,0.23094688221709006
Other chemical products,Libraries and Other Cultural Activities,0,0,0,0,0,0
Industrial gases and fertilizers,Libraries and Other Cultural Activities,0,0,0,0,0,0
Petrochemicals,Libraries and Other Cultural Activities,0,0,0,0,0,0
Dyestuffs and agro-chemicals,Libraries and Other Cultural Activities,0,0,1,0.057736720554272515,1,0.057736720554272515
Pharmaceutical products,Libraries and Other Cultural Activities,0,0,0,0,0,0
Rubber and plastic products,Libraries and Other Cultural Activities,0,0,0,0,0,0
Cement and concrete products,Libraries and Other Cultural Activities,0,0,18,1.0392609699769053,18,1.0392609699769053
"Glass, ceramic and stone products",Libraries and Other Cultural Activities,0,0,7,0.40415704387990764,7,0.40415704387990764
Basic iron and steel,Libraries and Other Cultural Activities,0,0,10,0.5773672055427251,10,0.5773672055427251
Other basic metals and casting,Libraries and Other Cultural Activities,4,0.23094688221709006,0,0,4,0.23094688221709006
Weapons and ammunition,Libraries and Other Cultural Activities,0,0,0,0,0,0
Other fabricated metal products,Libraries and Other Cultural Activities,0,0,0,0,0,0
Computer and electronic products,Libraries and Other Cultural Activities,21,1.212471131639723,12,0.6928406466512702,33,1.9053117782909932
Electrical equipment,Libraries and Other Cultural Activities,0,0,7,0.40415704387990764,7,0.40415704387990764
Other machinery and equipment,Libraries and Other Cultural Activities,0,0,0,0,0,0
Motor vehicles,Libraries and Other Cultural Activities,0,0,5,0.28868360277136257,5,0.28868360277136257
Ships and boats,Libraries and Other Cultural Activities,0,0,0,0,0,0
Aircraft and spacecraft products,Libraries and Other Cultural Activities,0,0,4,0.23094688221709006,4,0.23094688221709006
Other Transport Equipment,Libraries and Other Cultural Activities,0,0,0,0,0,0
Furniture,Libraries and Other Cultural Activities,0,0,2,0.11547344110854503,2,0.11547344110854503
Other manufactured goods,Libraries and Other Cultural Activities,0,0,6,0.3464203233256351,6,0.3464203233256351
Ship and boat repair and maintenance,Libraries and Other Cultural Activities,0,0,0,0,0,0
Air and spacecraft repair and maintenance,Libraries and Other Cultural Activities,0,0,0,0,0,0
Other repair services,Libraries and Other Cultural Activities,0,0,27,1.558891454965358,27,1.558891454965358
Electricity services,Libraries and Other Cultural Activities,0,0,66,3.810623556581986,66,3.810623556581986
"Mains gas, steam and air conditioning services",Libraries and Other Cultural Activities,0,0,32,1.8475750577367205,32,1.8475750577367205
Water services,Libraries and Other Cultural Activities,0,0,21,1.212471131639723,21,1.212471131639723
Sewerage services,Libraries and Other Cultural Activities,0,0,3,0.17321016166281755,3,0.17321016166281755
Waste collection and treatment services,Libraries and Other Cultural Activities,0,0,22,1.2702078521939952,22,1.2702078521939952
Remediation and waste management services,Libraries and Other Cultural Activities,0,0,0,0,0,0
Construction services,Libraries and Other Cultural Activities,0,0,50,2.886836027713626,50,2.886836027713626
Motor vehicle trade services,Libraries and Other Cultural Activities,0,0,3,0.17321016166281755,3,0.17321016166281755
Wholesale trade services,Libraries and Other Cultural Activities,0,0,63,3.6374133949191685,63,3.6374133949191685
Retail trade services,Libraries and Other Cultural Activities,0,0,25,1.443418013856813,25,1.443418013856813
Rail transport services,Libraries and Other Cultural Activities,0,0,19,1.0969976905311778,19,1.0969976905311778
Land transport services,Libraries and Other Cultural Activities,0,0,7,0.40415704387990764,7,0.40415704387990764
Water transport services,Libraries and Other Cultural Activities,0,0,0,0,0,0
Air transport services,Libraries and Other Cultural Activities,0,0,0,0,0,0
Warehousing services,Libraries and Other Cultural Activities,0,0,0,0,0,0
Postal and courier services,Libraries and Other Cultural Activities,0,0,9,0.5196304849884527,9,0.5196304849884527
Accommodation services,Libraries and Other Cultural Activities,0,0,0,0,0,0
Food and beverage services,Libraries and Other Cultural Activities,0,0,126,7.274826789838337,126,7.274826789838337
Publishing services,Libraries and Other Cultural Activities,0,0,12,0.6928406466512702,12,0.6928406466512702
Media Production services,Libraries and Other Cultural Activities,1,0.057736720554272515,56,3.233256351039261,57,3.2909930715935336
Telecommunications services,Libraries and Other Cultural Activities,0,0,23,1.327944572748268,23,1.327944572748268
Computer programming services,Libraries and Other Cultural Activities,0,0,59,3.4064665127020786,59,3.4064665127020786
Information services,Libraries and Other Cultural Activities,0,0,0,0,0,0
Financial services (excl. insurance and pensions),Libraries and Other Cultural Activities,0,0,7,0.40415704387990764,7,0.40415704387990764
Insurance and pension services,Libraries and Other Cultural Activities,0,0,7,0.40415704387990764,7,0.40415704387990764
Auxiliary financial services,Libraries and Other Cultural Activities,0,0,0,0,0,0
Real estate services,Libraries and Other Cultural Activities,0,0,0,0,0,0
Owner-occupier housing services,Libraries and Other Cultural Activities,0,0,0,0,0,0
Other real estate services,Libraries and Other Cultural Activities,0,0,23,1.327944572748268,23,1.327944572748268
Legal services,Libraries and Other Cultural Activities,0,0,23,1.327944572748268,23,1.327944572748268
Accounting and tax services,Libraries and Other Cultural Activities,0,0,57,3.2909930715935336,57,3.2909930715935336
Management consulting services,Libraries and Other Cultural Activities,2,0.11547344110854503,50,2.886836027713626,52,3.0023094688221708
Architectural and engineering services,Libraries and Other Cultural Activities,0,0,6,0.3464203233256351,6,0.3464203233256351
Scientific research and development services,Libraries and Other Cultural Activities,0,0,0,0,0,0
Advertising and market research services,Libraries and Other Cultural Activities,0,0,78,4.503464203233257,78,4.503464203233257
Other scientific and technical services,Libraries and Other Cultural Activities,0,0,18,1.0392609699769053,18,1.0392609699769053
Veterinary services,Libraries and Other Cultural Activities,0,0,0,0,0,0
Rental and leasing services,Libraries and Other Cultural Activities,0,0,22,1.2702078521939952,22,1.2702078521939952
Employment services,Libraries and Other Cultural Activities,0,0,34,1.9630484988452657,34,1.9630484988452657
Travel services,Libraries and Other Cultural Activities,0,0,0,0,0,0
Security services,Libraries and Other Cultural Activities,0,0,24,1.3856812933025404,24,1.3856812933025404
Building and landscape services,Libraries and Other Cultural Activities,0,0,223,12.87528868360277,223,12.87528868360277
Office support services,Libraries and Other Cultural Activities,1,0.057736720554272515,46,2.655889145496536,47,2.7136258660508084
Public administration services (including defence),Libraries and Other Cultural Activities,0,0,2,0.11547344110854503,2,0.11547344110854503
Education services,Libraries and Other Cultural Activities,0,0,0,0,0,0
Health services,Libraries and Other Cultural Activities,0,0,0,0,0,0
Residential and social care services,Libraries and Other Cultural Activities,0,0,0,0,0,0
Arts and entertainment services,Libraries and Other Cultural Activities,39,2.2517321016166285,16,0.9237875288683602,55,3.1755196304849886
Libraries and other cultural services,Libraries and Other Cultural Activities,0,0,168,9.699769053117784,168,9.699769053117784
Gambling services,Libraries and Other Cultural Activities,0,0,0,0,0,0
Sports and recreation services,Libraries and Other Cultural Activities,0,0,27,1.558891454965358,27,1.558891454965358
Membership services,Libraries and Other Cultural Activities,0,0,11,0.6351039260969976,11,0.6351039260969976
Computer repair services,Libraries and Other Cultural Activities,0,0,8,0.4618937644341801,8,0.4618937644341801
Other personal services,Libraries and Other Cultural Activities,0,0,0,0,0,0
Agriculture products,Gambling and Betting Activities,0,0,21,0.4382303839732888,21,0.4382303839732888
Forestry products,Gambling and Betting Activities,0,0,0,0,0,0
Fishing products,Gambling and Betting Activities,0,0,0,0,0,0
Coal and lignite,Gambling and Betting Activities,0,0,0,0,0,0
"Petroleum, natural gas and mining of metal ores",Gambling and Betting Activities,0,0,0,0,0,0
Other mining products,Gambling and Betting Activities,0,0,0,0,0,0
Mining support services,Gambling and Betting Activities,0,0,0,0,0,0
Meat and preserved meat products,Gambling and Betting Activities,0,0,19,0.39649415692821366,19,0.39649415692821366
"Fish, seafood, fruit and vegetables",Gambling and Betting Activities,0,0,16,0.333889816,16,0.333889816
Oils and fats,Gambling and Betting Activities,0,0,2,0.041736227045075125,2,0.041736227045075125
Dairy products,Gambling and Betting Activities,0,0,24,0.5008347245409015,24,0.5008347245409015
Grain mill and starch products,Gambling and Betting Activities,0,0,3,0.062604341,3,0.062604341
Bakery products,Gambling and Betting Activities,0,0,15,0.31302170283806346,15,0.31302170283806346
Other food products,Gambling and Betting Activities,0,0,24,0.5008347245409015,24,0.5008347245409015
Animal feeds,Gambling and Betting Activities,0,0,3,0.062604341,3,0.062604341
Alcoholic beverages and tobacco,Gambling and Betting Activities,0,0,3,0.062604341,3,0.062604341
Soft drinks,Gambling and Betting Activities,0,0,4,0.083472454,4,0.083472454
Textiles,Gambling and Betting Activities,0,0,0,0,0,0
Clothing,Gambling and Betting Activities,0,0,1,0.020868113522537562,1,0.020868113522537562
Leather products,Gambling and Betting Activities,0,0,1,0.020868113522537562,1,0.020868113522537562
Wood products (excl. furniture),Gambling and Betting Activities,0,0,0,0,0,0
Paper products,Gambling and Betting Activities,0,0,58,1.2103505843071787,58,1.2103505843071787
Printing and recording services,Gambling and Betting Activities,0,0,0,0,0,0
Coke and refined petroleum products,Gambling and Betting Activities,0,0,1,0.020868113522537562,1,0.020868113522537562
Paints and coatings,Gambling and Betting Activities,0,0,0,0,0,0
Soap and detergents,Gambling and Betting Activities,0,0,0,0,0,0
Other chemical products,Gambling and Betting Activities,0,0,0,0,0,0
Industrial gases and fertilizers,Gambling and Betting Activities,0,0,0,0,0,0
Petrochemicals,Gambling and Betting Activities,0,0,0,0,0,0
Dyestuffs and agro-chemicals,Gambling and Betting Activities,0,0,0,0,0,0
Pharmaceutical products,Gambling and Betting Activities,0,0,0,0,0,0
Rubber and plastic products,Gambling and Betting Activities,0,0,0,0,0,0
Cement and concrete products,Gambling and Betting Activities,0,0,0,0,0,0
"Glass, ceramic and stone products",Gambling and Betting Activities,0,0,0,0,0,0
Basic iron and steel,Gambling and Betting Activities,0,0,0,0,0,0
Other basic metals and casting,Gambling and Betting Activities,0,0,0,0,0,0
Weapons and ammunition,Gambling and Betting Activities,0,0,0,0,0,0
Other fabricated metal products,Gambling and Betting Activities,0,0,0,0,0,0
Computer and electronic products,Gambling and Betting Activities,12,0.25041736227045075,3,0.062604341,15,0.3130217028380634
Electrical equipment,Gambling and Betting Activities,0,0,0,0,0,0
Other machinery and equipment,Gambling and Betting Activities,0,0,14,0.2921535893155259,14,0.2921535893155259
Motor vehicles,Gambling and Betting Activities,0,0,0,0,0,0
Ships and boats,Gambling and Betting Activities,0,0,0,0,0,0
Aircraft and spacecraft products,Gambling and Betting Activities,0,0,0,0,0,0
Other Transport Equipment,Gambling and Betting Activities,0,0,0,0,0,0
Furniture,Gambling and Betting Activities,0,0,0,0,0,0
Other manufactured goods,Gambling and Betting Activities,0,0,22,0.4590984974958264,22,0.4590984974958264
Ship and boat repair and maintenance,Gambling and Betting Activities,0,0,0,0,0,0
Air and spacecraft repair and maintenance,Gambling and Betting Activities,0,0,0,0,0,0
Other repair services,Gambling and Betting Activities,1,0.020868113522537562,137,2.858931552587646,138,2.8797996661101837
Electricity services,Gambling and Betting Activities,0,0,40,0.8347245409015025,40,0.8347245409015025
"Mains gas, steam and air conditioning services",Gambling and Betting Activities,0,0,73,1.523372287145242,73,1.523372287145242
Water services,Gambling and Betting Activities,0,0,15,0.31302170283806346,15,0.31302170283806346
Sewerage services,Gambling and Betting Activities,0,0,14,0.2921535893155259,14,0.2921535893155259
Waste collection and treatment services,Gambling and Betting Activities,0,0,64,1.335559265442404,64,1.335559265442404
Remediation and waste management services,Gambling and Betting Activities,0,0,0,0,0,0
Construction services,Gambling and Betting Activities,0,0,0,0,0,0
Motor vehicle trade services,Gambling and Betting Activities,0,0,0,0,0,0
Wholesale trade services,Gambling and Betting Activities,0,0,75,1.5651085141903172,75,1.5651085141903172
Retail trade services,Gambling and Betting Activities,0,0,27,0.5634390651085142,27,0.5634390651085142
Rail transport services,Gambling and Betting Activities,0,0,0,0,0,0
Land transport services,Gambling and Betting Activities,0,0,7,0.14607679465776294,7,0.14607679465776294
Water transport services,Gambling and Betting Activities,0,0,0,0,0,0
Air transport services,Gambling and Betting Activities,0,0,0,0,0,0
Warehousing services,Gambling and Betting Activities,0,0,0,0,0,0
Postal and courier services,Gambling and Betting Activities,0,0,23,0.4799666110183639,23,0.4799666110183639
Accommodation services,Gambling and Betting Activities,0,0,0,0,0,0
Food and beverage services,Gambling and Betting Activities,0,0,40,0.8347245409015025,40,0.8347245409015025
Publishing services,Gambling and Betting Activities,0,0,0,0,0,0
Media Production services,Gambling and Betting Activities,0,0,190,3.964941569282137,190,3.964941569282137
Telecommunications services,Gambling and Betting Activities,2,0.041736227045075125,252,5.258764607679465,254,5.300500834724541
Computer programming services,Gambling and Betting Activities,37,0.7721202003338898,211,4.403171953255425,248,5.175292153589315
Information services,Gambling and Betting Activities,8,0.1669449081803005,155,3.2345575959933224,163,3.4015025041736227
Financial services (excl. insurance and pensions),Gambling and Betting Activities,0,0,132,2.7545909849749584,132,2.7545909849749584
Insurance and pension services,Gambling and Betting Activities,0,0,15,0.31302170283806346,15,0.31302170283806346
Auxiliary financial services,Gambling and Betting Activities,0,0,38,0.7929883138564273,38,0.7929883138564273
Real estate services,Gambling and Betting Activities,0,0,0,0,0,0
Owner-occupier housing services,Gambling and Betting Activities,0,0,0,0,0,0
Other real estate services,Gambling and Betting Activities,0,0,213,4.4449081803005015,213,4.4449081803005015
Legal services,Gambling and Betting Activities,0,0,117,2.4415692821368946,117,2.4415692821368946
Accounting and tax services,Gambling and Betting Activities,0,0,10,0.20868113522537562,10,0.20868113522537562
Management consulting services,Gambling and Betting Activities,33,0.6886477462437396,642,13.397328881469114,675,14.085976627712855
Architectural and engineering services,Gambling and Betting Activities,0,0,0,0,0,0
Scientific research and development services,Gambling and Betting Activities,0,0,0,0,0,0
Advertising and market research services,Gambling and Betting Activities,9,0.18781302170283806,681,14.211185308848078,690,14.398998330550917
Other scientific and technical services,Gambling and Betting Activities,0,0,1,0.020868113522537562,1,0.020868113522537562
Veterinary services,Gambling and Betting Activities,0,0,0,0,0,0
Rental and leasing services,Gambling and Betting Activities,15,0.31302170283806346,73,1.523372287145242,88,1.8363939899833055
Employment services,Gambling and Betting Activities,0,0,19,0.39649415692821366,19,0.39649415692821366
Travel services,Gambling and Betting Activities,0,0,0,0,0,0
Security services,Gambling and Betting Activities,0,0,0,0,0,0
Building and landscape services,Gambling and Betting Activities,0,0,164,3.4223706176961604,164,3.4223706176961604
Office support services,Gambling and Betting Activities,1,0.020868113522537562,118,2.4624373956594323,119,2.483305509
Public administration services (including defence),Gambling and Betting Activities,0,0,8,0.1669449081803005,8,0.1669449081803005
Education services,Gambling and Betting Activities,0,0,0,0,0,0
Health services,Gambling and Betting Activities,0,0,0,0,0,0
Residential and social care services,Gambling and Betting Activities,0,0,0,0,0,0
Arts and entertainment services,Gambling and Betting Activities,0,0,0,0,0,0
Libraries and other cultural services,Gambling and Betting Activities,0,0,0,0,0,0
Gambling services,Gambling and Betting Activities,0,0,841,17.55008347245409,841,17.55008347245409
Sports and recreation services,Gambling and Betting Activities,0,0,37,0.7721202003338898,37,0.7721202003338898
Membership services,Gambling and Betting Activities,0,0,8,0.1669449081803005,8,0.1669449081803005
Computer repair services,Gambling and Betting Activities,0,0,0,0,0,0
Other personal services,Gambling and Betting Activities,0,0,0,0,0,0
Agriculture products,Sports and Recreation Activities,0,0,0,0,0,0
Forestry products,Sports and Recreation Activities,0,0,0,0,0,0
Fishing products,Sports and Recreation Activities,0,0,0,0,0,0
Coal and lignite,Sports and Recreation Activities,0,0,0,0,0,0
"Petroleum, natural gas and mining of metal ores",Sports and Recreation Activities,0,0,3,0.03443131,3,0.03443131
Other mining products,Sports and Recreation Activities,0,0,0,0,0,0
Mining support services,Sports and Recreation Activities,0,0,0,0,0,0
Meat and preserved meat products,Sports and Recreation Activities,0,0,31,0.355790199,31,0.355790199
"Fish, seafood, fruit and vegetables",Sports and Recreation Activities,0,0,83,0.9525995638700793,83,0.9525995638700793
Oils and fats,Sports and Recreation Activities,0,0,17,0.19511075404567887,17,0.19511075404567887
Dairy products,Sports and Recreation Activities,0,0,62,0.711580397,62,0.711580397
Grain mill and starch products,Sports and Recreation Activities,0,0,22,0.2524962699414668,22,0.2524962699414668
Bakery products,Sports and Recreation Activities,0,0,79,0.9066911511534489,79,0.9066911511534489
Other food products,Sports and Recreation Activities,0,0,137,1.5723631355445886,137,1.5723631355445886
Animal feeds,Sports and Recreation Activities,0,0,20,0.22954206358315163,20,0.22954206358315163
Alcoholic beverages and tobacco,Sports and Recreation Activities,0,0,35,0.40169861127051537,35,0.40169861127051537
Soft drinks,Sports and Recreation Activities,0,0,35,0.40169861127051537,35,0.40169861127051537
Textiles,Sports and Recreation Activities,5,0.057385516,1,0.011477103,6,0.068862619
Clothing,Sports and Recreation Activities,15,0.17215654768736371,0,0,15,0.17215654768736371
Leather products,Sports and Recreation Activities,0,0,2,0.022954206,2,0.022954206
Wood products (excl. furniture),Sports and Recreation Activities,0,0,0,0,0,0
Paper products,Sports and Recreation Activities,1,0.011477103,105,1.205095833811546,106,1.2165729369907037
Printing and recording services,Sports and Recreation Activities,0,0,167,1.9166762309193162,167,1.9166762309193162
Coke and refined petroleum products,Sports and Recreation Activities,1,0.011477103,59,0.6771490875702972,60,0.6886261907494549
Paints and coatings,Sports and Recreation Activities,0,0,7,0.080339722,7,0.080339722
Soap and detergents,Sports and Recreation Activities,0,0,15,0.17215654768736371,15,0.17215654768736371
Other chemical products,Sports and Recreation Activities,0,0,0,0,0,0
Industrial gases and fertilizers,Sports and Recreation Activities,0,0,0,0,0,0
Petrochemicals,Sports and Recreation Activities,0,0,0,0,0,0
Dyestuffs and agro-chemicals,Sports and Recreation Activities,0,0,0,0,0,0
Pharmaceutical products,Sports and Recreation Activities,0,0,0,0,0,0
Rubber and plastic products,Sports and Recreation Activities,4,0.045908413,0,0,4,0.045908413
Cement and concrete products,Sports and Recreation Activities,1,0.011477103,28,0.32135888901641224,29,0.3328359921955698
"Glass, ceramic and stone products",Sports and Recreation Activities,0,0,0,0,0,0
Basic iron and steel,Sports and Recreation Activities,0,0,0,0,0,0
Other basic metals and casting,Sports and Recreation Activities,0,0,0,0,0,0
Weapons and ammunition,Sports and Recreation Activities,0,0,0,0,0,0
Other fabricated metal products,Sports and Recreation Activities,8,0.091816825,0,0,8,0.091816825
Computer and electronic products,Sports and Recreation Activities,40,0.45908412716630326,58,0.6656719843911396,98,1.124756111557443
Electrical equipment,Sports and Recreation Activities,8,0.091816825,26,0.2984046826580971,34,0.39022150809135775
Other machinery and equipment,Sports and Recreation Activities,16,0.18363365086652128,84,0.9640766670492369,100,1.1477103179157582
Motor vehicles,Sports and Recreation Activities,58,0.6656719843911396,17,0.19511075404567887,75,0.8607827384368185
Ships and boats,Sports and Recreation Activities,0,0,0,0,0,0
Aircraft and spacecraft products,Sports and Recreation Activities,0,0,0,0,0,0
Other Transport Equipment,Sports and Recreation Activities,0,0,0,0,0,0
Furniture,Sports and Recreation Activities,1,0.011477103,17,0.19511075404567887,18,0.20658785722483647
Other manufactured goods,Sports and Recreation Activities,45,0.5164696430620911,0,0,45,0.5164696430620911
Ship and boat repair and maintenance,Sports and Recreation Activities,0,0,0,0,0,0
Air and spacecraft repair and maintenance,Sports and Recreation Activities,0,0,0,0,0,0
Other repair services,Sports and Recreation Activities,2,0.022954206,295,3.385745437851486,297,3.4086996442098014
Electricity services,Sports and Recreation Activities,0,0,370,4.2465281762883045,370,4.2465281762883045
"Mains gas, steam and air conditioning services",Sports and Recreation Activities,0,0,166,1.9051991277401585,166,1.9051991277401585
Water services,Sports and Recreation Activities,0,0,118,1.3542981751405945,118,1.3542981751405945
Sewerage services,Sports and Recreation Activities,0,0,30,0.34431309537472743,30,0.34431309537472743
Waste collection and treatment services,Sports and Recreation Activities,0,0,71,0.8148743257201883,71,0.8148743257201883
Remediation and waste management services,Sports and Recreation Activities,0,0,3,0.03443131,3,0.03443131
Construction services,Sports and Recreation Activities,0,0,100,1.147710317915758,100,1.147710317915758
Motor vehicle trade services,Sports and Recreation Activities,0,0,55,0.631240675,55,0.631240675
Wholesale trade services,Sports and Recreation Activities,8,0.091816825,361,4.1432342476758866,369,4.2350510731091475
Retail trade services,Sports and Recreation Activities,0,0,165,1.893722024561001,165,1.893722024561001
Rail transport services,Sports and Recreation Activities,0,0,36,0.4131757144496729,36,0.4131757144496729
Land transport services,Sports and Recreation Activities,0,0,47,0.5394238494204063,47,0.5394238494204063
Water transport services,Sports and Recreation Activities,0,0,0,0,0,0
Air transport services,Sports and Recreation Activities,0,0,53,0.6082864684953517,53,0.6082864684953517
Warehousing services,Sports and Recreation Activities,0,0,0,0,0,0
Postal and courier services,Sports and Recreation Activities,0,0,67,0.7689659130035579,67,0.7689659130035579
Accommodation services,Sports and Recreation Activities,0,0,10,0.11477103179157581,10,0.11477103179157581
Food and beverage services,Sports and Recreation Activities,0,0,277,3.179157581,277,3.179157581
Publishing services,Sports and Recreation Activities,4,0.045908413,48,0.550900953,52,0.5968093653161943
Media Production services,Sports and Recreation Activities,12,0.137725238,79,0.9066911511534489,91,1.0444163893033398
Telecommunications services,Sports and Recreation Activities,3,0.03443131,107,1.228050040169861,110,1.2624813497073337
Computer programming services,Sports and Recreation Activities,4,0.045908413,205,2.352806151727304,209,2.3987145644439343
Information services,Sports and Recreation Activities,4,0.045908413,0,0,4,0.045908413
Financial services (excl. insurance and pensions),Sports and Recreation Activities,1,0.011477103,135,1.5494089291862734,136,1.560886032365431
Insurance and pension services,Sports and Recreation Activities,0,0,66,0.7574888098244004,66,0.7574888098244004
Auxiliary financial services,Sports and Recreation Activities,1,0.011477103,10,0.11477103179157581,11,0.1262481349707334
Real estate services,Sports and Recreation Activities,0,0,0,0,0,0
Owner-occupier housing services,Sports and Recreation Activities,0,0,0,0,0,0
Other real estate services,Sports and Recreation Activities,0,0,738,8.470102146218295,738,8.470102146218295
Legal services,Sports and Recreation Activities,9,0.10329392861241822,170,1.9511075404567886,179,2.054401469069207
Accounting and tax services,Sports and Recreation Activities,10,0.11477103179157581,131,1.5035005164696431,141,1.6182715482612189
Management consulting services,Sports and Recreation Activities,62,0.711580397,450,5.164696430620911,512,5.876276827728681
Architectural and engineering services,Sports and Recreation Activities,4,0.045908413,80,0.9181682543326065,84,0.9640766670492369
Scientific research and development services,Sports and Recreation Activities,0,0,0,0,0,0
Advertising and market research services,Sports and Recreation Activities,15,0.17215654768736371,289,3.3168828187765405,304,3.489039366463904
Other scientific and technical services,Sports and Recreation Activities,0,0,163,1.8707678182026857,163,1.8707678182026857
Veterinary services,Sports and Recreation Activities,0,0,0,0,0,0
Rental and leasing services,Sports and Recreation Activities,30,0.34431309537472743,141,1.618271548261219,171,1.9625846436359464
Employment services,Sports and Recreation Activities,4,0.045908413,88,1.0099850797658672,92,1.0558934924824974
Travel services,Sports and Recreation Activities,0,0,0,0,0,0
Security services,Sports and Recreation Activities,0,0,53,0.6082864684953517,53,0.6082864684953517
Building and landscape services,Sports and Recreation Activities,0,0,545,6.255021232640881,545,6.255021232640881
Office support services,Sports and Recreation Activities,138,1.5838402387237462,50,0.573855159,188,2.1576953976816253
Public administration services (including defence),Sports and Recreation Activities,0,0,10,0.11477103179157581,10,0.11477103179157581
Education services,Sports and Recreation Activities,0,0,10,0.11477103179157581,10,0.11477103179157581
Health services,Sports and Recreation Activities,0,0,37,0.42465281762883045,37,0.42465281762883045
Residential and social care services,Sports and Recreation Activities,0,0,0,0,0,0
Arts and entertainment services,Sports and Recreation Activities,0,0,283,3.2480201997015956,283,3.2480201997015956
Libraries and other cultural services,Sports and Recreation Activities,16,0.18363365086652128,113,1.2969126592448066,129,1.4805463101113279
Gambling services,Sports and Recreation Activities,0,0,2,0.022954206,2,0.022954206
Sports and recreation services,Sports and Recreation Activities,12,0.137725238,754,8.653735797084817,766,8.791461035234708
Membership services,Sports and Recreation Activities,0,0,60,0.6886261907494549,60,0.6886261907494549
Computer repair services,Sports and Recreation Activities,1,0.011477103,19,0.21806496040399403,20,0.2295420635831516
Other personal services,Sports and Recreation Activities,0,0,0,0,0,0
Agriculture products,Membership Organisations Activities,0,0,0,0,0,0
Forestry products,Membership Organisations Activities,0,0,0,0,0,0
Fishing products,Membership Organisations Activities,0,0,0,0,0,0
Coal and lignite,Membership Organisations Activities,6,0.10873504893077202,0,0,6,0.10873504893077202
"Petroleum, natural gas and mining of metal ores",Membership Organisations Activities,0,0,0,0,0,0
Other mining products,Membership Organisations Activities,0,0,0,0,0,0
Mining support services,Membership Organisations Activities,0,0,0,0,0,0
Meat and preserved meat products,Membership Organisations Activities,0,0,12,0.21747009786154403,12,0.21747009786154403
"Fish, seafood, fruit and vegetables",Membership Organisations Activities,0,0,7,0.12685755708590069,7,0.12685755708590069
Oils and fats,Membership Organisations Activities,0,0,2,0.036245016,2,0.036245016
Dairy products,Membership Organisations Activities,0,0,8,0.14498006524102935,8,0.14498006524102935
Grain mill and starch products,Membership Organisations Activities,0,0,0,0,0,0
Bakery products,Membership Organisations Activities,0,0,13,0.2355926060166727,13,0.2355926060166727
Other food products,Membership Organisations Activities,0,0,17,0.3080826386371874,17,0.3080826386371874
Animal feeds,Membership Organisations Activities,0,0,8,0.14498006524102935,8,0.14498006524102935
Alcoholic beverages and tobacco,Membership Organisations Activities,0,0,110,1.9934758970641537,110,1.9934758970641537
Soft drinks,Membership Organisations Activities,0,0,10,0.1812250815512867,10,0.1812250815512867
Textiles,Membership Organisations Activities,1,0.018122508,0,0,1,0.018122508
Clothing,Membership Organisations Activities,0,0,4,0.072490033,4,0.072490033
Leather products,Membership Organisations Activities,0,0,0,0,0,0
Wood products (excl. furniture),Membership Organisations Activities,0,0,4,0.072490033,4,0.072490033
Paper products,Membership Organisations Activities,0,0,78,1.4135556361000363,78,1.4135556361000363
Printing and recording services,Membership Organisations Activities,0,0,0,0,0,0
Coke and refined petroleum products,Membership Organisations Activities,0,0,94,1.703515766582095,94,1.703515766582095
Paints and coatings,Membership Organisations Activities,0,0,0,0,0,0
Soap and detergents,Membership Organisations Activities,0,0,1,0.018122508,1,0.018122508
Other chemical products,Membership Organisations Activities,0,0,1,0.018122508,1,0.018122508
Industrial gases and fertilizers,Membership Organisations Activities,0,0,4,0.072490033,4,0.072490033
Petrochemicals,Membership Organisations Activities,0,0,0,0,0,0
Dyestuffs and agro-chemicals,Membership Organisations Activities,0,0,0,0,0,0
Pharmaceutical products,Membership Organisations Activities,0,0,19,0.3443276549474447,19,0.3443276549474447
Rubber and plastic products,Membership Organisations Activities,0,0,19,0.3443276549474447,19,0.3443276549474447
Cement and concrete products,Membership Organisations Activities,0,0,7,0.12685755708590069,7,0.12685755708590069
"Glass, ceramic and stone products",Membership Organisations Activities,0,0,15,0.27183762232693004,15,0.27183762232693004
Basic iron and steel,Membership Organisations Activities,0,0,0,0,0,0
Other basic metals and casting,Membership Organisations Activities,0,0,0,0,0,0
Weapons and ammunition,Membership Organisations Activities,0,0,0,0,0,0
Other fabricated metal products,Membership Organisations Activities,0,0,0,0,0,0
Computer and electronic products,Membership Organisations Activities,0,0,54,0.9786154403769481,54,0.9786154403769481
Electrical equipment,Membership Organisations Activities,0,0,0,0,0,0
Other machinery and equipment,Membership Organisations Activities,3,0.054367524,0,0,3,0.054367524
Motor vehicles,Membership Organisations Activities,0,0,3,0.054367524,3,0.054367524
Ships and boats,Membership Organisations Activities,0,0,0,0,0,0
Aircraft and spacecraft products,Membership Organisations Activities,0,0,0,0,0,0
Other Transport Equipment,Membership Organisations Activities,0,0,1,0.018122508,1,0.018122508
Furniture,Membership Organisations Activities,0,0,4,0.072490033,4,0.072490033
Other manufactured goods,Membership Organisations Activities,0,0,1,0.018122508,1,0.018122508
Ship and boat repair and maintenance,Membership Organisations Activities,0,0,0,0,0,0
Air and spacecraft repair and maintenance,Membership Organisations Activities,0,0,0,0,0,0
Other repair services,Membership Organisations Activities,0,0,111,2.0115984052192823,111,2.0115984052192823
Electricity services,Membership Organisations Activities,0,0,57,1.032982964842334,57,1.032982964842334
"Mains gas, steam and air conditioning services",Membership Organisations Activities,0,0,61,1.1054729974628488,61,1.1054729974628488
Water services,Membership Organisations Activities,0,0,35,0.6342877854295035,35,0.6342877854295035
Sewerage services,Membership Organisations Activities,0,0,1,0.018122508,1,0.018122508
Waste collection and treatment services,Membership Organisations Activities,0,0,20,0.3624501631025734,20,0.3624501631025734
Remediation and waste management services,Membership Organisations Activities,0,0,0,0,0,0
Construction services,Membership Organisations Activities,0,0,12,0.21747009786154403,12,0.21747009786154403
Motor vehicle trade services,Membership Organisations Activities,0,0,1,0.018122508,1,0.018122508
Wholesale trade services,Membership Organisations Activities,1,0.018122508,222,4.023196810438565,223,4.041319318593693
Retail trade services,Membership Organisations Activities,0,0,59,1.0692279811525915,59,1.0692279811525915
Rail transport services,Membership Organisations Activities,0,0,0,0,0,0
Land transport services,Membership Organisations Activities,0,0,10,0.1812250815512867,10,0.1812250815512867
Water transport services,Membership Organisations Activities,0,0,0,0,0,0
Air transport services,Membership Organisations Activities,0,0,7,0.12685755708590069,7,0.12685755708590069
Warehousing services,Membership Organisations Activities,0,0,0,0,0,0
Postal and courier services,Membership Organisations Activities,0,0,332,6.016672707502718,332,6.016672707502718
Accommodation services,Membership Organisations Activities,0,0,0,0,0,0
Food and beverage services,Membership Organisations Activities,0,0,26,0.4711852120333454,26,0.4711852120333454
Publishing services,Membership Organisations Activities,8,0.14498006524102935,26,0.4711852120333454,34,0.6161652772743748
Media Production services,Membership Organisations Activities,0,0,169,3.062703878216745,169,3.062703878216745
Telecommunications services,Membership Organisations Activities,6,0.10873504893077202,97,1.7578832910474809,103,1.866618339978253
Computer programming services,Membership Organisations Activities,5,0.090612541,256,4.639362087712939,261,4.729974628488582
Information services,Membership Organisations Activities,5,0.090612541,20,0.3624501631025734,25,0.45306270387821673
Financial services (excl. insurance and pensions),Membership Organisations Activities,2,0.036245016,267,4.838709677419355,269,4.874954693729612
Insurance and pension services,Membership Organisations Activities,0,0,45,0.8155128669807901,45,0.8155128669807901
Auxiliary financial services,Membership Organisations Activities,0,0,0,0,0,0
Real estate services,Membership Organisations Activities,0,0,0,0,0,0
Owner-occupier housing services,Membership Organisations Activities,0,0,0,0,0,0
Other real estate services,Membership Organisations Activities,0,0,0,0,0,0
Legal services,Membership Organisations Activities,3,0.054367524,838,15.186661833997825,841,15.24102935846321
Accounting and tax services,Membership Organisations Activities,6,0.10873504893077202,239,4.331279449075752,245,4.440014498006524
Management consulting services,Membership Organisations Activities,13,0.2355926060166727,0,0,13,0.2355926060166727
Architectural and engineering services,Membership Organisations Activities,0,0,278,5.038057267,278,5.038057267
Scientific research and development services,Membership Organisations Activities,0,0,0,0,0,0
Advertising and market research services,Membership Organisations Activities,10,0.1812250815512867,299,5.418629938383472,309,5.599855019934759
Other scientific and technical services,Membership Organisations Activities,0,0,115,2.084088437839797,115,2.084088437839797
Veterinary services,Membership Organisations Activities,0,0,0,0,0,0
Rental and leasing services,Membership Organisations Activities,3,0.054367524,60,1.0873504893077202,63,1.1417180137731062
Employment services,Membership Organisations Activities,0,0,108,1.9572308807538963,108,1.9572308807538963
Travel services,Membership Organisations Activities,0,0,0,0,0,0
Security services,Membership Organisations Activities,0,0,0,0,0,0
Building and landscape services,Membership Organisations Activities,0,0,273,4.947444726350127,273,4.947444726350127
Office support services,Membership Organisations Activities,136,2.464661109097499,147,2.664008698803914,283,5.128669807901414
Public administration services (including defence),Membership Organisations Activities,0,0,7,0.12685755708590069,7,0.12685755708590069
Education services,Membership Organisations Activities,8,0.14498006524102935,0,0,8,0.14498006524102935
Health services,Membership Organisations Activities,0,0,0,0,0,0
Residential and social care services,Membership Organisations Activities,0,0,0,0,0,0
Arts and entertainment services,Membership Organisations Activities,0,0,0,0,0,0
Libraries and other cultural services,Membership Organisations Activities,0,0,0,0,0,0
Gambling services,Membership Organisations Activities,0,0,0,0,0,0
Sports and recreation services,Membership Organisations Activities,0,0,1,0.018122508,1,0.018122508
Membership services,Membership Organisations Activities,21,0.38057267125770206,586,10.61978978,607,11.000362450163102
Computer repair services,Membership Organisations Activities,0,0,0,0,0,0
Other personal services,Membership Organisations Activities,0,0,0,0,0,0
Agriculture products,Computer and Household Goods Repair,0,0,1,0.059952038,1,0.059952038
Forestry products,Computer and Household Goods Repair,0,0,2,0.1199040767386091,2,0.1199040767386091
Fishing products,Computer and Household Goods Repair,0,0,0,0,0,0
Coal and lignite,Computer and Household Goods Repair,0,0,0,0,0,0
"Petroleum, natural gas and mining of metal ores",Computer and Household Goods Repair,56,3.357314148681055,1,0.059952038,57,3.417266187
Other mining products,Computer and Household Goods Repair,0,0,0,0,0,0
Mining support services,Computer and Household Goods Repair,0,0,0,0,0,0
Meat and preserved meat products,Computer and Household Goods Repair,0,0,22,1.3189448441247003,22,1.3189448441247003
"Fish, seafood, fruit and vegetables",Computer and Household Goods Repair,0,0,15,0.8992805755395683,15,0.8992805755395683
Oils and fats,Computer and Household Goods Repair,0,0,2,0.1199040767386091,2,0.1199040767386091
Dairy products,Computer and Household Goods Repair,0,0,15,0.8992805755395683,15,0.8992805755395683
Grain mill and starch products,Computer and Household Goods Repair,0,0,0,0,0,0
Bakery products,Computer and Household Goods Repair,0,0,19,1.1390887290167866,19,1.1390887290167866
Other food products,Computer and Household Goods Repair,0,0,7,0.4196642685851319,7,0.4196642685851319
Animal feeds,Computer and Household Goods Repair,0,0,0,0,0,0
Alcoholic beverages and tobacco,Computer and Household Goods Repair,0,0,0,0,0,0
Soft drinks,Computer and Household Goods Repair,0,0,0,0,0,0
Textiles,Computer and Household Goods Repair,1,0.059952038,0,0,1,0.059952038
Clothing,Computer and Household Goods Repair,0,0,0,0,0,0
Leather products,Computer and Household Goods Repair,0,0,2,0.1199040767386091,2,0.1199040767386091
Wood products (excl. furniture),Computer and Household Goods Repair,0,0,10,0.5995203836930456,10,0.5995203836930456
Paper products,Computer and Household Goods Repair,1,0.059952038,5,0.2997601918465228,6,0.3597122302158274
Printing and recording services,Computer and Household Goods Repair,0,0,0,0,0,0
Coke and refined petroleum products,Computer and Household Goods Repair,0,0,12,0.7194244604316548,12,0.7194244604316548
Paints and coatings,Computer and Household Goods Repair,0,0,1,0.059952038,1,0.059952038
Soap and detergents,Computer and Household Goods Repair,0,0,0,0,0,0
Other chemical products,Computer and Household Goods Repair,0,0,0,0,0,0
Industrial gases and fertilizers,Computer and Household Goods Repair,0,0,5,0.2997601918465228,5,0.2997601918465228
Petrochemicals,Computer and Household Goods Repair,3,0.1798561151079137,2,0.1199040767386091,5,0.2997601918465228
Dyestuffs and agro-chemicals,Computer and Household Goods Repair,0,0,0,0,0,0
Pharmaceutical products,Computer and Household Goods Repair,0,0,0,0,0,0
Rubber and plastic products,Computer and Household Goods Repair,2,0.1199040767386091,11,0.6594724220623501,13,0.7793764988009593
Cement and concrete products,Computer and Household Goods Repair,0,0,0,0,0,0
"Glass, ceramic and stone products",Computer and Household Goods Repair,0,0,0,0,0,0
Basic iron and steel,Computer and Household Goods Repair,0,0,1,0.059952038,1,0.059952038
Other basic metals and casting,Computer and Household Goods Repair,0,0,0,0,0,0
Weapons and ammunition,Computer and Household Goods Repair,0,0,0,0,0,0
Other fabricated metal products,Computer and Household Goods Repair,5,0.2997601918465228,0,0,5,0.2997601918465228
Computer and electronic products,Computer and Household Goods Repair,53,3.1774580335731413,0,0,53,3.1774580335731413
Electrical equipment,Computer and Household Goods Repair,9,0.539568345,145,8.693045564,154,9.232613908872901
Other machinery and equipment,Computer and Household Goods Repair,6,0.3597122302158274,0,0,6,0.3597122302158274
Motor vehicles,Computer and Household Goods Repair,1,0.059952038,0,0,1,0.059952038
Ships and boats,Computer and Household Goods Repair,0,0,0,0,0,0
Aircraft and spacecraft products,Computer and Household Goods Repair,0,0,0,0,0,0
Other Transport Equipment,Computer and Household Goods Repair,0,0,0,0,0,0
Furniture,Computer and Household Goods Repair,0,0,1,0.059952038,1,0.059952038
Other manufactured goods,Computer and Household Goods Repair,0,0,3,0.1798561151079137,3,0.1798561151079137
Ship and boat repair and maintenance,Computer and Household Goods Repair,0,0,0,0,0,0
Air and spacecraft repair and maintenance,Computer and Household Goods Repair,0,0,0,0,0,0
Other repair services,Computer and Household Goods Repair,2,0.1199040767386091,0,0,2,0.1199040767386091
Electricity services,Computer and Household Goods Repair,0,0,12,0.7194244604316548,12,0.7194244604316548
"Mains gas, steam and air conditioning services",Computer and Household Goods Repair,0,0,1,0.059952038,1,0.059952038
Water services,Computer and Household Goods Repair,0,0,12,0.7194244604316548,12,0.7194244604316548
Sewerage services,Computer and Household Goods Repair,0,0,1,0.059952038,1,0.059952038
Waste collection and treatment services,Computer and Household Goods Repair,0,0,6,0.3597122302158274,6,0.3597122302158274
Remediation and waste management services,Computer and Household Goods Repair,0,0,0,0,0,0
Construction services,Computer and Household Goods Repair,0,0,0,0,0,0
Motor vehicle trade services,Computer and Household Goods Repair,0,0,4,0.2398081534772182,4,0.2398081534772182
Wholesale trade services,Computer and Household Goods Repair,1,0.059952038,89,5.335731414868105,90,5.395683453237409
Retail trade services,Computer and Household Goods Repair,0,0,24,1.4388489208633095,24,1.4388489208633095
Rail transport services,Computer and Household Goods Repair,0,0,3,0.1798561151079137,3,0.1798561151079137
Land transport services,Computer and Household Goods Repair,0,0,35,2.0983213429256597,35,2.0983213429256597
Water transport services,Computer and Household Goods Repair,0,0,0,0,0,0
Air transport services,Computer and Household Goods Repair,0,0,0,0,0,0
Warehousing services,Computer and Household Goods Repair,0,0,0,0,0,0
Postal and courier services,Computer and Household Goods Repair,0,0,19,1.1390887290167866,19,1.1390887290167866
Accommodation services,Computer and Household Goods Repair,0,0,0,0,0,0
Food and beverage services,Computer and Household Goods Repair,0,0,14,0.8393285371702638,14,0.8393285371702638
Publishing services,Computer and Household Goods Repair,1,0.059952038,0,0,1,0.059952038
Media Production services,Computer and Household Goods Repair,0,0,0,0,0,0
Telecommunications services,Computer and Household Goods Repair,6,0.3597122302158274,308,18.465227817745802,314,18.82494004796163
Computer programming services,Computer and Household Goods Repair,66,3.9568345323741005,0,0,66,3.9568345323741005
Information services,Computer and Household Goods Repair,7,0.4196642685851319,10,0.5995203836930456,17,1.0191846522781776
Financial services (excl. insurance and pensions),Computer and Household Goods Repair,0,0,53,3.1774580335731413,53,3.1774580335731413
Insurance and pension services,Computer and Household Goods Repair,0,0,16,0.9592326139088728,16,0.9592326139088728
Auxiliary financial services,Computer and Household Goods Repair,0,0,31,1.8585131894484412,31,1.8585131894484412
Real estate services,Computer and Household Goods Repair,0,0,0,0,0,0
Owner-occupier housing services,Computer and Household Goods Repair,0,0,0,0,0,0
Other real estate services,Computer and Household Goods Repair,0,0,37,2.2182254196642686,37,2.2182254196642686
Legal services,Computer and Household Goods Repair,0,0,13,0.7793764988009593,13,0.7793764988009593
Accounting and tax services,Computer and Household Goods Repair,1,0.059952038,19,1.1390887290167866,20,1.1990407673860912
Management consulting services,Computer and Household Goods Repair,2,0.1199040767386091,30,1.7985611510791366,32,1.9184652278177456
Architectural and engineering services,Computer and Household Goods Repair,0,0,0,0,0,0
Scientific research and development services,Computer and Household Goods Repair,0,0,0,0,0,0
Advertising and market research services,Computer and Household Goods Repair,0,0,13,0.7793764988009593,13,0.7793764988009593
Other scientific and technical services,Computer and Household Goods Repair,0,0,2,0.1199040767386091,2,0.1199040767386091
Veterinary services,Computer and Household Goods Repair,0,0,0,0,0,0
Rental and leasing services,Computer and Household Goods Repair,0,0,14,0.8393285371702638,14,0.8393285371702638
Employment services,Computer and Household Goods Repair,1,0.059952038,88,5.275779376498801,89,5.335731414868105
Travel services,Computer and Household Goods Repair,0,0,0,0,0,0
Security services,Computer and Household Goods Repair,0,0,2,0.1199040767386091,2,0.1199040767386091
Building and landscape services,Computer and Household Goods Repair,0,0,11,0.6594724220623501,11,0.6594724220623501
Office support services,Computer and Household Goods Repair,11,0.6594724220623501,0,0,11,0.6594724220623501
Public administration services (including defence),Computer and Household Goods Repair,0,0,2,0.1199040767386091,2,0.1199040767386091
Education services,Computer and Household Goods Repair,1,0.059952038,5,0.2997601918465228,6,0.3597122302158274
Health services,Computer and Household Goods Repair,0,0,0,0,0,0
Residential and social care services,Computer and Household Goods Repair,0,0,0,0,0,0
Arts and entertainment services,Computer and Household Goods Repair,0,0,0,0,0,0
Libraries and other cultural services,Computer and Household Goods Repair,0,0,0,0,0,0
Gambling services,Computer and Household Goods Repair,0,0,0,0,0,0
Sports and recreation services,Computer and Household Goods Repair,0,0,0,0,0,0
Membership services,Computer and Household Goods Repair,0,0,0,0,0,0
Computer repair services,Computer and Household Goods Repair,6,0.3597122302158274,270,16.18705035971223,276,16.546762589928058
Other personal services,Computer and Household Goods Repair,0,0,0,0,0,0
Agriculture products,Other Personal Services,0,0,0,0,0,0
Forestry products,Other Personal Services,0,0,0,0,0,0
Fishing products,Other Personal Services,0,0,0,0,0,0
Coal and lignite,Other Personal Services,0,0,0,0,0,0
"Petroleum, natural gas and mining of metal ores",Other Personal Services,0,0,0,0,0,0
Other mining products,Other Personal Services,0,0,0,0,0,0
Mining support services,Other Personal Services,0,0,0,0,0,0
Meat and preserved meat products,Other Personal Services,0,0,15,0.30908716257984753,15,0.30908716257984753
"Fish, seafood, fruit and vegetables",Other Personal Services,1,0.020605811,6,0.123634865,7,0.1442406758705955
Oils and fats,Other Personal Services,1,0.020605811,0,0,1,0.020605811
Dairy products,Other Personal Services,0,0,9,0.1854522975479085,9,0.1854522975479085
Grain mill and starch products,Other Personal Services,0,0,3,0.061817433,3,0.061817433
Bakery products,Other Personal Services,0,0,17,0.35029878425716054,17,0.35029878425716054
Other food products,Other Personal Services,14,0.288481352,0,0,14,0.288481352
Animal feeds,Other Personal Services,0,0,1,0.020605811,1,0.020605811
Alcoholic beverages and tobacco,Other Personal Services,0,0,1,0.020605811,1,0.020605811
Soft drinks,Other Personal Services,0,0,1,0.020605811,1,0.020605811
Textiles,Other Personal Services,15,0.30908716257984753,28,0.576962703,43,0.8860498660622296
Clothing,Other Personal Services,35,0.7212033793529775,0,0,35,0.7212033793529775
Leather products,Other Personal Services,1,0.020605811,5,0.10302905419328251,6,0.12363486503193902
Wood products (excl. furniture),Other Personal Services,12,0.24726973,55,1.1333195961261076,67,1.3805893261899855
Paper products,Other Personal Services,6,0.123634865,70,1.442406758705955,76,1.566041623737894
Printing and recording services,Other Personal Services,0,0,0,0,0,0
Coke and refined petroleum products,Other Personal Services,0,0,44,0.906655677,44,0.906655677
Paints and coatings,Other Personal Services,0,0,0,0,0,0
Soap and detergents,Other Personal Services,24,0.49453946,87,1.7927055429631154,111,2.2872450030908715
Other chemical products,Other Personal Services,0,0,0,0,0,0
Industrial gases and fertilizers,Other Personal Services,0,0,0,0,0,0
Petrochemicals,Other Personal Services,0,0,0,0,0,0
Dyestuffs and agro-chemicals,Other Personal Services,0,0,0,0,0,0
Pharmaceutical products,Other Personal Services,0,0,0,0,0,0
Rubber and plastic products,Other Personal Services,20,0.41211621677313004,0,0,20,0.41211621677313004
Cement and concrete products,Other Personal Services,0,0,0,0,0,0
"Glass, ceramic and stone products",Other Personal Services,14,0.288481352,42,0.865444055,56,1.153925406964764
Basic iron and steel,Other Personal Services,0,0,0,0,0,0
Other basic metals and casting,Other Personal Services,0,0,0,0,0,0
Weapons and ammunition,Other Personal Services,0,0,0,0,0,0
Other fabricated metal products,Other Personal Services,14,0.288481352,0,0,14,0.288481352
Computer and electronic products,Other Personal Services,51,1.0508963527714816,0,0,51,1.0508963527714816
Electrical equipment,Other Personal Services,22,0.453327838,168,3.461776220894292,190,3.9151040593447353
Other machinery and equipment,Other Personal Services,25,0.5151452709664125,0,0,25,0.5151452709664125
Motor vehicles,Other Personal Services,3,0.061817433,2,0.041211622,5,0.10302905419328251
Ships and boats,Other Personal Services,0,0,0,0,0,0
Aircraft and spacecraft products,Other Personal Services,0,0,0,0,0,0
Other Transport Equipment,Other Personal Services,0,0,0,0,0,0
Furniture,Other Personal Services,0,0,0,0,0,0
Other manufactured goods,Other Personal Services,14,0.288481352,4,0.082423243,18,0.37090459509581697
Ship and boat repair and maintenance,Other Personal Services,0,0,0,0,0,0
Air and spacecraft repair and maintenance,Other Personal Services,0,0,0,0,0,0
Other repair services,Other Personal Services,0,0,93,1.9163404079950546,93,1.9163404079950546
Electricity services,Other Personal Services,0,0,92,1.8957345971563981,92,1.8957345971563981
"Mains gas, steam and air conditioning services",Other Personal Services,0,0,114,2.3490624356068412,114,2.3490624356068412
Water services,Other Personal Services,0,0,41,0.8448382443849165,41,0.8448382443849165
Sewerage services,Other Personal Services,0,0,8,0.164846487,8,0.164846487
Waste collection and treatment services,Other Personal Services,0,0,20,0.41211621677313004,20,0.41211621677313004
Remediation and waste management services,Other Personal Services,0,0,0,0,0,0
Construction services,Other Personal Services,0,0,22,0.453327838,22,0.453327838
Motor vehicle trade services,Other Personal Services,0,0,98,2.019369462188337,98,2.019369462188337
Wholesale trade services,Other Personal Services,0,0,291,5.996290954049042,291,5.996290954049042
Retail trade services,Other Personal Services,0,0,140,2.884813517,140,2.884813517
Rail transport services,Other Personal Services,0,0,0,0,0,0
Land transport services,Other Personal Services,0,0,36,0.74180919,36,0.74180919
Water transport services,Other Personal Services,0,0,0,0,0,0
Air transport services,Other Personal Services,0,0,1,0.020605811,1,0.020605811
Warehousing services,Other Personal Services,0,0,75,1.5454358128992376,75,1.5454358128992376
Postal and courier services,Other Personal Services,0,0,30,0.6181743251596951,30,0.6181743251596951
Accommodation services,Other Personal Services,0,0,0,0,0,0
Food and beverage services,Other Personal Services,0,0,15,0.30908716257984753,15,0.30908716257984753
Publishing services,Other Personal Services,0,0,0,0,0,0
Media Production services,Other Personal Services,0,0,0,0,0,0
Telecommunications services,Other Personal Services,8,0.164846487,89,1.8339171646404286,97,1.9987636513496807
Computer programming services,Other Personal Services,4,0.082423243,75,1.5454358128992376,79,1.6278590562538635
Information services,Other Personal Services,1,0.020605811,83,1.7102822996084894,84,1.7308881104471459
Financial services (excl. insurance and pensions),Other Personal Services,1,0.020605811,480,9.890789202555121,481,9.911395013393777
Insurance and pension services,Other Personal Services,0,0,44,0.906655677,44,0.906655677
Auxiliary financial services,Other Personal Services,0,0,42,0.865444055,42,0.865444055
Real estate services,Other Personal Services,0,0,0,0,0,0
Owner-occupier housing services,Other Personal Services,0,0,0,0,0,0
Other real estate services,Other Personal Services,0,0,359,7.397486091077683,359,7.397486091077683
Legal services,Other Personal Services,1,0.020605811,32,0.659385947,33,0.6799917576756646
Accounting and tax services,Other Personal Services,0,0,179,3.6884401401195137,179,3.6884401401195137
Management consulting services,Other Personal Services,31,0.6387801359983516,40,0.8242324335462601,71,1.4630125695446117
Architectural and engineering services,Other Personal Services,3,0.061817433,3,0.061817433,6,0.123634865
Scientific research and development services,Other Personal Services,0,0,0,0,0,0
Advertising and market research services,Other Personal Services,7,0.1442406758705955,239,4.924788790438904,246,5.069029466
Other scientific and technical services,Other Personal Services,0,0,29,0.5975685143210385,29,0.5975685143210385
Veterinary services,Other Personal Services,0,0,0,0,0,0
Rental and leasing services,Other Personal Services,0,0,119,2.452091489800124,119,2.452091489800124
Employment services,Other Personal Services,1,0.020605811,28,0.576962703,29,0.5975685143210385
Travel services,Other Personal Services,0,0,0,0,0,0
Security services,Other Personal Services,0,0,0,0,0,0
Building and landscape services,Other Personal Services,0,0,52,1.071502163610138,52,1.071502163610138
Office support services,Other Personal Services,8,0.164846487,66,1.3599835153513289,74,1.524830002060581
Public administration services (including defence),Other Personal Services,0,0,5,0.10302905419328251,5,0.10302905419328251
Education services,Other Personal Services,1,0.020605811,30,0.6181743251596951,31,0.6387801359983516
Health services,Other Personal Services,0,0,0,0,0,0
Residential and social care services,Other Personal Services,0,0,0,0,0,0
Arts and entertainment services,Other Personal Services,0,0,0,0,0,0
Libraries and other cultural services,Other Personal Services,0,0,0,0,0,0
Gambling services,Other Personal Services,0,0,0,0,0,0
Sports and recreation services,Other Personal Services,0,0,0,0,0,0
Membership services,Other Personal Services,0,0,0,0,0,0
Computer repair services,Other Personal Services,0,0,2,0.041211622,2,0.041211622
Other personal services,Other Personal Services,0,0,885,18.236142592211007,885,18.236142592211007
