year,Y0,Y1,Y2,Y3,Y4,Y5,Y6,Y7,Y8,Y9,Y10,Y11,Y12,Y13,Y14,Y15,Y16,Y17,Y18,Y19,Y20,Y21,Y22,Y23,Y24,Y25,Y26,Y27,Y28,Y29,Y30,Y31,Y32,Y33,Y34,Y35,Y36,Y37,Y38,Y39,Y40,Y41,Y42,Y43,Y44,Y45,Y46,Y47,Y48,Y49,Y50,Y51,Y52,Y53,Y54,Y55,Y56,Y57,Y58,Y59,Y60,Y61,Y62,Y63,Y64,Y65,Y66,Y67,Y68,Y69,Y70,Y71,Y72,Y73,Y74,Y75,Y76,Y77,Y78,Y79,Y80,Y81,Y82,Y83,Y84,Y85,Y86,Y87,Y88,Y89,Y90,Y91,Y92,Y93,Y94,Y95,Y96,Y97,Y98,Y99,Y100,Y101,Y102,Y103,Y104,Y105,Y106,Y107,Y108,Y109,Y110,Y111,Y112,Y113,Y114,Y115,Y116,Y117,Y118,Y119,Y120,Y121,Y122,Y123,Y124,Y125
1951,3389.445092,267.8972054,160.3247456,113.4507786,91.8306435,89.23897639,80.58955391,67.95594439,62.78343187,59.05112951,55.57221117,56.71467437,55.40840023,60.11094887,65.85669778,72.28500848,81.97540011,88.31031238,103.9064514,125.8414633,129.4261523,143.7743308,142.9752405,146.4565529,148.7451061,153.3236816,161.0959122,162.9893946,165.9126434,166.7656078,175.0802677,179.4787145,182.1142488,193.5643247,206.4674843,214.9648365,231.4744981,242.1049261,264.7241889,287.6957563,300.5582129,341.7098307,380.7151942,414.8427386,467.1895619,519.7484173,579.6839422,661.9570646,738.8324132,826.033128,939.012632,1053.231631,1176.881031,1298.664668,1436.241252,1547.954142,1701.608331,1882.261471,2067.847146,2298.593114,2523.04328,2785.495157,3070.620421,3348.074711,3653.358065,3953.564701,4354.21025,4690.409269,5106.438768,5529.914677,5933.105287,6514.638687,7127.68332,7799.760815,8491.15709,9449.851641,10341.19265,11301.05392,12321.18233,13395.75034,14041.96818,14975.07538,16673.27499,18394.86058,20311.69157,20813.26195,23837.9649,25736.85604,26513.23558,28190.63577,29592.15242,30852.73413,31893.48998,37690.48059,37684.61086,35498.65774,38586.25893,40303.88199,45095.52428,56715.55879,50652.70668,50000,50000,50000,50000,50000,100000,100000,100000,100000,100000,100000,100000,100000,100000,100000,100000,100000,100000,100000,100000,100000,100000,100000,100000,100000
1952,3200.461012,246.6947011,143.9178981,101.2238237,83.42666105,78.59764878,71.97456575,58.08645356,53.5178432,53.06358003,49.74867891,49.0811758,50.30449183,54.40060817,60.11498641,70.73449287,78.82110335,86.8598687,104.5383104,118.1744483,133.2658312,136.2538393,140.3482357,143.0594437,137.6584604,139.5336292,137.8652325,135.574579,146.5747059,147.1014319,158.0356808,159.8227992,170.204694,176.4476665,185.7716278,205.8294979,213.7992051,228.1251021,249.8666299,269.6247526,282.3265012,313.9409947,341.4564467,382.824185,424.004583,470.4601522,534.1376739,605.1987364,682.8065027,755.5520168,873.3661153,971.0911866,1086.161635,1187.137001,1322.810951,1434.447803,1625.504866,1766.087507,1949.495653,2126.761167,2318.915975,2546.858345,2774.811741,3048.270792,3330.008384,3628.198957,3940.32401,4272.667818,4701.446686,5045.613098,5383.815395,5921.21067,6453.164136,7068.925361,7686.949617,8506.977542,9334.334246,10222.91328,11131.15066,12096.11299,12616.80542,13443.17607,15582.40198,16485.70105,18563.69082,19446.02878,21412.04981,22491.18375,23423.71904,26300.85329,27298.84786,28409.4637,31894.47379,32869.71962,33115.39736,38268.70837,37862.21088,39567.09891,39958.39426,42171.61574,29007.74799,50000,50000,50000,50000,50000,100000,100000,100000,100000,100000,100000,100000,100000,100000,100000,100000,100000,100000,100000,100000,100000,100000,100000,100000,100000
1953,3056.823871,236.2185826,137.322215,97.33964121,81.45574212,77.16595088,70.06905663,58.16130885,53.08724772,47.96049478,46.81347618,49.99865809,46.445285,48.05308811,57.57961521,67.11145698,77.33148242,79.50667087,95.85483885,112.7433396,119.1967373,122.6053612,124.8910319,129.196069,129.034246,129.9203891,130.2964689,134.9809338,136.6802757,145.0922693,149.5218088,152.6606647,160.6740108,169.7677383,177.5433385,192.1148341,201.7065035,221.3076763,236.115619,254.8161204,271.0622093,296.8771295,326.9796863,371.3700806,409.1571347,463.8598875,507.9479485,584.7512184,652.0653833,750.9765622,841.2643052,949.941183,1060.469748,1169.649158,1305.233875,1446.107848,1579.880144,1743.56109,1923.718778,2100.754389,2342.287983,2541.640324,2802.504624,3070.33233,3331.047977,3652.903025,3988.799126,4317.527288,4669.399951,5089.415268,5499.595445,5940.388911,6524.889173,7149.208424,7773.965189,8592.719966,9361.249656,10141.64634,10981.83899,12095.46594,12709.59604,13542.51569,15396.27989,16295.20395,18166.58866,19053.56658,21061.75605,21945.41788,23605.51735,25282.59482,26007.95311,26800.62017,29526.67893,29640.88752,31997.85268,33238.78375,37261.2929,42240.11872,46011.54047,47033.0742,65194.30819,50000,50000,50000,50000,50000,100000,100000,100000,100000,100000,100000,100000,100000,100000,100000,100000,100000,100000,100000,100000,100000,100000,100000,100000,100000
1954,2927.911459,211.9202136,120.1211544,82.23983135,68.27459179,64.18196326,60.11634585,47.22707692,46.47526489,43.33654822,42.92324039,41.63618002,44.10091076,46.15343566,54.60592408,61.97094602,74.3116243,78.05043011,94.38003995,105.6873365,115.6159661,120.2904714,118.0647695,122.0261327,121.6377131,124.9915024,120.244088,129.8007641,126.453902,138.4566139,140.2526023,144.9202229,153.9149778,162.302026,167.5370876,187.2250526,197.1428077,214.4158281,232.7688075,255.8557233,272.9274187,302.6290664,333.6738132,365.7221469,410.1127619,447.0648896,502.8921636,575.4518719,643.5741776,734.1527275,834.7324461,944.8123498,1059.221282,1162.715406,1303.418833,1417.252824,1579.657517,1734.665564,1910.455738,2115.429244,2318.585414,2525.48492,2775.734132,3058.926494,3331.826824,3619.600756,3916.870339,4305.615912,4662.650231,5086.742144,5479.292806,5964.78034,6490.56502,7045.926468,7729.909135,8578.822724,9315.796956,10116.8621,11047.40067,12079.65196,12407.14586,13634.81076,15152.00862,16884.98386,18365.62464,18727.77223,21029.56194,23063.17796,23968.07597,25130.04989,27078.00242,29273.52555,30235.51323,34566.16074,34302.69237,38996.16479,40418.61576,37239.09152,53574.87662,53146.17848,44713.32324,50000,50000,50000,50000,50000,100000,100000,100000,100000,100000,100000,100000,100000,100000,100000,100000,100000,100000,100000,100000,100000,100000,100000,100000,100000
1955,2894.815835,208.0716068,112.7890411,82.93072125,69.85980368,64.86043038,60.67630561,50.3410723,46.45379553,45.17841222,43.25978944,46.46418698,45.93980963,48.444945,57.77161246,65.55847657,75.56226555,85.1159088,97.41287878,111.8195736,124.3221981,122.8016838,126.1145252,126.2862625,121.131921,124.0956382,123.6881048,124.4958721,129.7963282,128.6688905,136.1972191,137.4104443,147.5540932,157.4673998,160.8913133,178.0717782,193.4104909,200.9426631,224.1665084,246.758539,265.2223725,293.8604643,326.2063507,360.5706619,395.9709472,451.621674,507.2219387,561.3920166,638.261158,725.7353028,826.2022479,924.8254933,1045.083103,1161.063946,1311.089227,1413.960939,1561.830984,1750.84215,1893.477708,2133.266548,2312.76251,2555.198736,2811.121436,3060.064596,3366.564451,3668.992107,3992.049748,4351.291704,4695.650767,5137.208277,5574.164499,6050.556668,6599.212007,7232.053008,7980.513075,8810.279254,9596.80452,10538.59773,11409.4398,12568.44104,12998.55387,13787.60751,15564.63631,16803.49815,18741.19996,20313.54717,21756.4563,23116.1026,25040.61337,27209.41458,27509.50992,29695.1635,31688.12439,32511.56345,35682.97412,37842.45946,39393.10303,38620.42963,44095.18162,57245.63805,45896.76966,50000,50000,50000,50000,50000,100000,100000,100000,100000,100000,100000,100000,100000,100000,100000,100000,100000,100000,100000,100000,100000,100000,100000,100000,100000
1956,2770.880263,194.4309023,109.1086967,76.81860649,65.88868776,60.54996272,54.47665023,47.6876694,44.1251279,41.45241231,41.32127661,39.56926623,41.76791859,44.33692025,50.21181566,61.4939278,67.88654646,83.56950057,95.99179446,107.5209948,109.7402406,111.8989235,113.2302372,110.8878992,111.2726395,115.3837174,115.953434,122.0309195,125.183704,124.6788548,130.6590374,133.923793,145.8510201,150.2131526,158.7636151,171.0854715,186.2585377,203.2086566,223.4640549,241.2611652,268.2784504,294.0904452,320.2453568,352.8641286,398.0228903,442.3721516,506.4850072,559.821952,626.5236954,717.706607,792.2496033,896.5445259,983.9417129,1120.976057,1261.216986,1427.200864,1605.354655,1769.022865,1949.013128,2148.703336,2341.84574,2578.92136,2798.24477,3087.889288,3328.791947,3668.667546,3989.773323,4342.297878,4698.267385,5120.107152,5608.908749,6132.426064,6764.76955,7323.138233,7939.795838,8679.79909,9505.84607,10388.229,11348.38181,12357.04179,12838.74487,13771.60242,15168.86294,17195.93641,18373.94861,20221.92541,21504.43939,22840.71421,24607.44678,26932.78739,27837.0186,29599.16693,32444.49344,33248.9247,33285.42717,38652.68349,38831.79539,39009.35977,35644.26704,48366.15809,41223.33331,50000,50000,50000,50000,50000,100000,100000,100000,100000,100000,100000,100000,100000,100000,100000,100000,100000,100000,100000,100000,100000,100000,100000,100000,100000
1957,2712.532264,196.3096414,115.8670172,83.53390944,66.96412401,65.34491301,61.92438529,49.76263613,47.65507691,46.11856146,44.20205109,43.15155171,47.55866357,48.63906009,55.23599105,63.40367962,79.36535612,92.31419017,108.1186487,116.4346731,120.1824327,121.6243227,121.2080896,119.3263051,116.3138829,114.6850286,117.0140519,121.0559941,124.4107776,128.4016757,127.7338382,133.2098576,141.165775,146.9018204,155.6267954,175.6139868,188.1150019,207.2005523,219.2548653,243.6573282,268.4861417,294.6512692,326.8694872,363.0270402,396.5614831,445.0793857,500.542357,572.7021626,630.1626579,708.7841161,796.3745312,893.5544334,1011.917965,1154.012661,1272.764314,1442.76833,1621.438587,1797.848798,2005.060573,2192.095983,2366.741751,2587.371719,2866.915065,3088.329439,3383.999466,3672.308259,4016.620872,4391.052429,4744.154158,5136.667951,5579.101153,6041.031568,6602.846665,7141.722441,7699.174043,8265.837401,9025.652508,9815.861311,10764.01444,11697.62003,12213.12369,12920.20204,14591.32789,15828.54254,17249.99566,18336.4728,20082.91035,21598.68054,22708.70409,24788.43985,26607.73001,27680.35981,29690.088,30194.09835,33491.44888,38538.77688,33885.67906,39039.21721,34736.86431,40126.45201,41896.6283,50000,50000,50000,50000,50000,100000,100000,100000,100000,100000,100000,100000,100000,100000,100000,100000,100000,100000,100000,100000,100000,100000,100000,100000,100000
1958,2625.804161,184.5497715,107.2636792,79.25726276,65.85128702,64.50626417,57.55393301,50.46892771,47.70531184,43.68757447,40.72778741,41.08339148,39.64351195,42.08629698,49.74272531,58.46675519,73.23924843,88.77529561,99.76893574,109.5762428,115.285196,111.9901783,114.3616854,110.3989338,110.3615495,114.5846427,112.3166199,113.9930249,116.6342801,120.3219213,126.5636699,128.4575334,140.123999,145.3732906,153.6033628,168.0742298,186.3924586,200.2246881,215.3372153,248.0699993,269.6665866,291.4260169,321.0942983,356.4877161,398.0425833,440.4326278,488.4138563,546.8379914,623.3461511,694.017462,774.9563376,880.3318598,989.0252888,1123.381162,1265.481347,1419.414079,1589.966655,1774.954944,1947.64861,2134.791407,2350.934926,2521.791672,2788.903452,3040.768631,3343.988115,3642.037922,3970.682406,4357.101707,4736.479245,5182.32685,5618.602768,6127.975598,6718.410647,7271.365701,7914.533198,8480.795239,9151.120921,9981.589913,10981.1266,12110.03245,12719.46593,13471.27252,15310.01517,16445.48434,17688.87572,18944.34567,20669.1106,23059.17221,24032.5523,24780.88315,27396.07162,28309.50654,31425.48679,33319.51352,34278.18098,35614.68735,37753.48016,37960.49442,39441.8685,44762.39413,29828.17098,50000,50000,50000,50000,50000,100000,100000,100000,100000,100000,100000,100000,100000,100000,100000,100000,100000,100000,100000,100000,100000,100000,100000,100000,100000
1959,2553.065167,189.6492534,111.8987727,81.89910415,66.00847004,64.16452106,56.86000296,49.98885267,46.51851848,41.14129237,40.22217488,40.00024219,38.44817516,44.88731743,52.71569164,58.47973156,78.61133678,93.81335636,109.0286484,118.6648609,120.1156558,120.8541726,123.7628834,115.375539,112.4116611,110.7131885,109.6186255,112.9403593,113.3718842,118.0447925,119.2884367,123.3093046,136.0640095,139.8785142,155.917489,169.1806419,184.5983047,198.3921148,216.3031471,235.0804227,268.9522187,298.6771975,328.3956222,358.0939069,392.9869327,437.7015028,480.8789618,537.7860409,606.7087225,685.7676437,764.3473929,858.5572259,975.4499699,1103.89466,1242.274371,1410.8498,1576.685607,1760.853806,1948.889438,2133.383385,2320.190275,2576.199238,2806.440819,3066.060714,3350.03277,3650.825226,3947.635245,4301.496829,4676.659762,5156.711973,5571.39842,6100.939403,6667.031588,7193.829034,7838.438474,8363.555064,9207.045993,9910.437389,10937.96269,11955.13939,12372.3349,13304.88782,14624.24142,15811.4804,17660.93184,18852.40707,20449.41884,21775.83197,24042.84541,25204.53478,25325.22938,28039.41762,28387.74696,29856.76472,33451.65276,36580.32084,39668.37929,37799.72342,43253.5062,38225.64356,32190.73113,50000,50000,50000,50000,50000,100000,100000,100000,100000,100000,100000,100000,100000,100000,100000,100000,100000,100000,100000,100000,100000,100000,100000,100000,100000
1960,2602.755551,185.5708163,105.9573746,76.09312798,67.45769942,66.31595217,61.18671177,53.74429293,49.98028593,45.61289011,40.24240521,39.8409947,39.32133433,43.03065749,51.22467806,59.71786973,75.08377942,89.64651942,104.6288549,115.0935527,124.538733,124.3763189,123.5627173,117.0383929,115.369644,111.6351929,113.8448925,110.7054892,114.9867971,117.9615515,117.2706658,128.5214814,132.0326423,139.8233291,153.8347274,169.5144329,185.9739903,203.6168775,217.7220053,232.8399845,258.9269297,286.2793171,311.6187032,348.2896115,392.3544804,431.7910765,481.6436854,541.6087718,604.7887047,678.5204534,764.263513,858.3372215,961.5110227,1079.129637,1215.851053,1377.855419,1541.821352,1696.473278,1906.39806,2092.879071,2301.231757,2505.534621,2762.856076,3016.642521,3291.572966,3586.261315,3899.745961,4239.333703,4624.532288,5004.237343,5494.396199,5966.817646,6513.068287,7016.856216,7662.451966,8302.290758,9010.587657,9783.730091,10718.75856,11658.29478,12009.05949,12784.66139,14474.15374,15581.00086,17481.63704,18343.3566,19406.39461,21338.46043,22345.41945,23246.85361,25667.32769,25913.131,29262.77519,29481.85018,33328.25269,32941.72883,35480.1568,44335.80146,42555.29541,41065.42431,33976.03568,50000,50000,50000,50000,50000,100000,100000,100000,100000,100000,100000,100000,100000,100000,100000,100000,100000,100000,100000,100000,100000,100000,100000,100000,100000
1961,2540.394765,175.5670985,110.4591586,71.36510246,63.26574887,55.12209544,53.75714886,49.0569251,41.39301641,45.84061193,33.90233597,37.60683761,40.02504491,39.69885275,44.91856224,53.98970215,78.27907631,105.6761933,106.8798191,110.9835097,123.8157183,109.737598,120.7959142,104.4921129,100.4393848,100.3575614,111.2513963,107.4677713,106.5722073,106.2248664,126.2716059,116.1738125,127.5766346,131.2437273,142.8463149,171.3844687,170.7609853,186.943365,205.6202879,225.1874195,248.6418365,279.0766607,315.2374497,345.7718046,378.0730268,444.7175954,455.8782849,529.9174,585.7362029,687.5142649,737.6717584,836.3357985,954.1811435,1077.211426,1172.940693,1302.530384,1551.08205,1682.512849,1917.290558,2094.412711,2396.990699,2646.411978,2828.057499,3182.692245,3405.915204,3741.365939,3991.12858,4511.715139,4760.951532,5186.710478,5555.955785,6039.45382,6723.221114,7345.372598,8022.458922,8711.084159,9731.397796,10057.81348,10824.69895,11923.16952,12849.25067,13949.44543,14945.15677,16212.42742,18058.72193,19190.23468,21761.20828,22601.54013,23831.33406,25603.22375,27239.29786,24398.68489,26046.16714,27587.45695,28174.49291,31630.17032,36920.65986,37853.94933,33600,33043.47826,49223.88624,51980.77585,40262.63285,45803.66491,50000,50000,100000,100000,100000,100000,100000,100000,100000,100000,100000,100000,100000,100000,100000,100000,100000,100000,100000,100000,100000,100000
1962,2588.169387,155.835927,94.60896638,68.32888057,59.97726443,52.27700065,50.2361347,48.09795609,37.56105247,38.64942032,36.47185265,40.03237839,38.55840378,47.94934678,49.88905109,55.9358926,74.80277292,100.4235032,115.3039698,114.1564805,113.7592724,104.5854676,116.0518609,108.5975005,104.1838422,100.0258891,90.56774096,90.42338271,96.45215789,112.9719342,111.2481275,110.9514883,117.3034253,126.2722665,144.9217614,157.8582167,164.5825658,181.4986402,212.2254022,238.94601,253.1942268,269.7784694,321.1048174,321.1807846,377.1648897,437.3603644,472.8557161,538.7688012,593.2523705,636.9594253,733.2799528,846.2868708,968.620696,1051.361672,1164.041158,1314.826207,1517.731113,1729.512349,1879.755147,2107.555339,2254.776301,2602.937606,2918.067909,3152.402047,3470.68874,3729.74854,3900.869199,4561.305146,4821.140081,5283.785995,5601.411282,6034.178505,6956.441209,7282.623961,8081.106354,8550.925864,9142.567176,10240.49735,11042.27932,11866.34242,12783.87363,13644.35933,15718.81128,16487.02927,18627.69941,19676.65548,21358.24499,23734.34948,22786.07676,24784.51321,25521.13774,28212.3429,27620.16413,26981.6273,28154.32742,28995.05766,35205.99251,34519.10408,33906.63391,35497.8355,36427.10615,43660.8269,50000,45803.66491,50000,50000,50000,100000,100000,100000,100000,100000,100000,100000,100000,100000,100000,100000,100000,100000,100000,100000,100000,100000,100000,100000
1963,2494.356137,163.6236407,93.66677562,72.43120712,67.5458237,54.61782052,53.53556814,50.74615412,46.49392386,43.8960091,43.21795833,33.6969144,37.96321088,40.61529729,45.9682772,52.44277807,75.84928444,92.53017802,112.1386178,117.6322421,119.0516546,116.5002378,108.7404441,102.4077806,107.8407239,94.34374318,106.9353306,102.1932824,104.0208284,108.6154317,109.4777545,113.0652523,129.7945017,127.3952658,141.2786899,154.6069325,161.7221821,197.0721915,206.5181408,225.7648167,265.0215536,267.4257997,335.5481482,342.6390046,388.1855115,449.0676273,462.7587492,579.282076,597.9239061,662.0178303,774.7958252,825.9070431,964.382788,1062.419261,1195.206711,1323.152878,1523.308753,1722.557071,1901.33695,2188.889774,2324.584229,2476.459883,2991.617526,3235.295813,3557.383216,3859.231986,3999.368955,4520.197681,4973.48223,5349.631201,5752.137373,6032.670701,6880.865567,7596.057009,8140.24154,8666.877193,9646.662928,9807.815012,11626.58679,12342.48876,13026.54922,14196.52694,16440.80926,17743.33301,18702.80958,19802.18493,21858.15188,23410.03136,25354.86346,26790.30481,26319.07197,27845.88441,32071.03682,27751.51924,28542.51012,29256.96594,30632.91139,30769.23077,34854.77178,40310.07752,38500.59354,40394.77994,44938.14842,50000,50000,50000,50000,100000,100000,100000,100000,100000,100000,100000,100000,100000,100000,100000,100000,100000,100000,100000,100000,100000,100000,100000
1964,2378.961008,140.1383764,84.76717214,62.05185517,58.61874547,56.24687596,45.57842745,44.8490183,40.27610132,41.09213188,34.6688316,36.3795018,40.36673833,42.09661299,49.20823943,53.77650812,87.0735031,105.6485693,117.2940293,123.9928848,114.1793554,114.2625059,102.4004749,113.8435652,101.2384047,106.8928457,95.97782883,95.88845075,107.5188531,104.1630288,111.1790711,117.0590597,121.4758273,129.0228841,138.184491,150.6201313,174.7122495,183.815535,212.9104231,236.3239875,255.4349957,278.8652478,309.9417263,337.3385035,373.3753177,434.9504262,491.1764549,550.394054,560.4769811,673.3163961,736.742721,792.0234513,946.2179713,1038.335814,1172.823153,1273.015165,1436.114413,1614.150338,1844.162151,2019.476901,2187.192918,2350.657284,2754.617154,3100.498077,3429.141566,3616.309716,3773.530459,4269.313864,4610.927446,5007.299688,5389.61019,5620.251867,6410.763203,6855.05966,7611.70415,8015.386719,8777.122704,9365.411512,9448.990726,11288.31028,11846.22949,12457.78874,14178.15547,15259.33709,17476.51161,17828.66982,19596.17428,20189.6086,21585.08,24015.44047,23734.27527,23271.61542,26457.34453,29926.03831,25757.20266,25884.1234,27497.06228,28059.70149,38490.56604,39726.0274,30983.13702,33629.69039,39761.46797,50000,50000,50000,50000,100000,100000,100000,100000,100000,100000,100000,100000,100000,100000,100000,100000,100000,100000,100000,100000,100000,100000,100000
1965,2237.9499,135.048238,83.67624489,74.04819827,60.32376627,57.26187201,52.49176108,47.07691949,43.90010447,42.01306854,39.002604,36.21319834,41.55973958,47.57535597,44.96834532,57.57510795,86.52354718,114.4469634,115.5665257,113.7302226,110.8199492,104.9312493,100.9340447,101.9896857,110.1914655,100.910092,99.12912151,99.75821067,103.3190887,108.9826634,113.230979,105.2307137,124.8425981,122.9215957,139.5869045,157.6592174,178.1049106,186.9258705,208.2061124,219.1620392,249.5418678,296.1878484,321.4196916,346.6013665,380.4765469,420.3839055,492.2190992,536.3895201,605.2154286,674.0737581,727.3785685,836.8973262,924.5502928,1038.385219,1205.12466,1276.44678,1423.608903,1594.678317,1798.07666,2001.901666,2242.314879,2415.081054,2823.266012,2990.451648,3449.866108,3751.343281,3851.626459,4404.024884,4700.483462,5133.261896,5406.021761,5835.88167,6523.293846,7048.696781,7656.461512,8168.304782,8811.565418,9448.242576,10647.86344,10124.89592,12419.85712,12860.78247,14240.27599,15497.11714,17493.71815,17815.05825,19469.5412,21007.23937,22122.58086,24018.57505,25639.19185,25744.16734,27904.91002,27916.3857,31151.48277,26531.32657,29071.03825,29543.41987,28571.42857,30263.15789,36982.88498,40088.67111,46473.91534,55978.04801,50000,50000,50000,100000,100000,100000,100000,100000,100000,100000,100000,100000,100000,100000,100000,100000,100000,100000,100000,100000,100000,100000
1966,2233.146082,145.1561628,94.80495039,72.09033124,63.88605242,55.70164644,45.75075754,37.60088041,45.17689799,40.83511433,34.79410588,39.21603808,41.04826697,43.78704134,50.43398048,57.48530896,105.2687113,113.1949996,119.5003323,123.1190574,111.1363499,105.3595133,111.7673996,103.1226838,98.37879937,91.86446458,99.8104184,94.18692772,96.45154475,115.9998642,104.9275836,121.2384416,114.8194218,127.4895538,140.1155583,156.8298832,168.3027799,167.4952652,210.7124548,227.6263597,251.7992264,274.1229629,326.2468094,349.9869242,373.0804852,430.4372034,466.3705931,565.4932253,596.8148252,667.5619392,764.2347961,795.1142286,945.2443715,1062.662876,1172.84894,1261.300607,1422.941116,1604.325956,1856.089461,1992.934901,2210.664244,2413.195134,2770.964398,3043.022965,3422.263662,3692.001325,4068.556921,4405.239704,4799.394557,5160.455833,5545.407256,5944.548797,6695.035461,7221.79125,7796.795761,8443.225529,9163.158993,9715.474626,10473.65028,12092.4554,11217.55936,13706.08129,14952.29277,15871.67084,17442.13493,18325.63835,20329.09135,21893.79268,21999.4102,24885.64354,26135.08019,28176.18063,29437.41823,30694.76971,30568.94889,34032.63403,30696.69984,27826.08696,34733.89356,29921.25984,31077.54534,34057.15343,37265.32367,51628.29047,50000,50000,50000,100000,100000,100000,100000,100000,100000,100000,100000,100000,100000,100000,100000,100000,100000,100000,100000,100000,100000,100000
1967,2080.754542,132.7484764,87.31809984,68.63043921,54.80648777,52.83737771,45.9919731,41.84067298,44.16727435,38.72607638,44.87824048,33.69856756,38.05625125,44.87922949,51.83301558,56.94049203,86.82969676,103.6646559,113.1392816,113.1248433,106.4327498,107.1447474,95.51335813,90.79351201,88.9987374,102.6780896,106.3453766,95.0969639,93.04732911,83.48561187,110.6630956,107.5404953,109.324866,117.5728023,125.6371654,139.4110182,158.6999488,161.0267825,196.0108816,217.482225,240.3916283,263.4496474,303.5731847,335.5709441,366.9622208,414.6240078,476.1514661,517.0255765,598.7021143,650.700012,725.0295813,782.0191498,876.6257918,983.7446547,1105.383553,1218.592817,1408.332115,1533.673589,1711.632397,1971.383536,2083.089674,2310.27976,2592.156431,2901.570819,3246.473053,3492.212576,3823.419734,4342.865293,4503.361728,5028.526158,5355.505897,5650.424676,6343.097427,6916.155586,7385.712267,7860.534975,8568.853624,9148.246577,9829.978047,10834.98219,11726.43388,11018.67791,13723.56273,14956.03931,16094.61583,16873.74815,18615.61826,20054.4714,21251.33103,23066.48575,23962.82775,24271.33015,27983.98442,28324.85745,30311.17081,29299.36306,32902.46769,29459.9018,28969.35933,29256.59472,30352.81799,36865.64685,42849.88197,45552.89551,50000,50000,50000,100000,100000,100000,100000,100000,100000,100000,100000,100000,100000,100000,100000,100000,100000,100000,100000,100000,100000,100000
1968,2161.253062,132.1394276,90.05266748,76.61579391,58.41564246,53.6413465,48.57413786,42.55688727,34.6031326,44.12687396,33.31253255,38.22371031,38.30988718,36.67047475,52.70012874,57.72181125,86.78610334,102.334619,101.571132,97.93547247,97.97521657,98.84675348,94.87702825,93.03800537,87.88391052,83.61237732,90.81410881,93.36908863,91.8822205,99.88901221,89.68806375,104.6389955,112.0847768,108.0856625,127.3421041,127.8877313,151.0748692,165.0761964,196.8638984,209.3852449,237.4475437,260.1305926,317.1082028,360.3324691,381.8955336,407.1395634,470.1499983,538.0969314,569.5392178,685.2933198,723.196196,829.0100547,939.3968364,1022.372319,1125.208686,1249.11074,1378.348248,1604.810234,1795.110246,1980.167973,2155.590236,2316.866738,2658.626281,2951.45766,3303.261926,3594.409033,3912.874933,4492.370697,4763.997046,5205.153086,5628.040979,5997.231855,6745.830971,7261.185269,7928.485033,8581.009967,9336.83737,9803.952215,10804.34986,11407.0218,12575.88514,13008.10187,12146.23796,16318.83955,17993.87658,17792.34689,19725.25537,21378.53329,23554.31061,24200.78173,25544.28297,27732.98467,28699.09617,30785.40321,34019.50163,35371.46614,35978.83598,38768.11594,29177.71883,30222.22222,32166.55308,36445.45187,46940.93811,50093.89336,50000,50000,50000,100000,100000,100000,100000,100000,100000,100000,100000,100000,100000,100000,100000,100000,100000,100000,100000,100000,100000,100000
1969,2079.790465,137.1248496,93.24239627,63.96485429,61.50873878,53.89909073,42.39322207,45.28362574,36.28584993,33.45086339,35.6360752,32.57203047,35.70153517,44.1032909,45.98981581,49.79296284,82.10190994,106.1283271,115.8207299,104.3328067,92.30455709,102.3452424,93.19779281,89.06547087,94.85577729,96.74905034,94.14328932,91.63626904,91.42714008,102.1267526,107.0294918,101.6845545,113.24069,115.8297664,138.3329952,142.1719524,148.6450195,160.6921565,189.0606421,206.6794354,255.2629208,284.7685013,290.308272,342.6491368,394.311067,451.2706492,505.3486269,541.3891902,633.3715518,687.4677942,785.4156746,836.7734846,919.1243955,1053.795369,1167.043437,1283.442715,1459.806762,1569.27755,1800.584368,1972.861661,2205.483914,2406.83526,2726.946656,3009.677525,3441.504957,3711.765894,3955.765253,4471.519133,4950.628245,5449.263454,5806.614491,6208.775628,6827.585063,7413.126288,8079.924387,8607.282952,9194.751951,9614.5842,10391.6518,11124.07522,11904.71007,12879.96571,14143.70353,11653.67842,17448.90449,17289.13135,18511.92595,19580.28306,21554.1338,23093.68192,24234.87352,26456.73926,28685.97775,28956.42202,31515.15152,31293.41714,34532.3741,34212.76596,38840.57971,29661.01695,36651.10672,36992.95937,41664.24501,73751.61251,50000,50000,50000,100000,100000,100000,100000,100000,100000,100000,100000,100000,100000,100000,100000,100000,100000,100000,100000,100000,100000,100000
1970,2118.5059,126.2099578,84.45674379,64.97591339,53.36322777,44.40135567,49.28269145,43.46672184,31.6927884,35.32975529,38.27439115,33.53785298,35.35931267,35.86416388,39.03055994,53.01453588,86.44416403,102.0877193,104.6441054,99.95409233,117.3240726,105.5278237,98.83369486,91.64202207,84.45171596,90.33447389,87.68129665,96.49522322,94.51037385,97.21148232,102.1065808,114.3480169,114.3429281,116.5265502,126.0231792,138.2354217,155.5655886,167.3687555,176.1005142,200.5928234,238.3696957,254.0743937,314.2740361,339.0973973,376.4610343,430.3235848,465.7903655,536.4453437,594.8254778,699.367919,721.3298413,864.5172683,924.403193,1054.837371,1167.393492,1322.397276,1407.090551,1581.163556,1758.113364,1957.824777,2138.039958,2348.110362,2667.370665,2855.520458,3276.957101,3613.398826,3868.405684,4290.847687,4729.598759,5218.172576,5786.465353,5978.094813,6685.443664,7210.163277,7873.817035,8356.993852,8983.964342,9687.845191,10410.67406,11170.4265,11934.49335,12621.02294,13919.47047,14538.17399,12060.80582,17447.22271,18215.27139,20196.19717,20935.68319,23161.54726,24861.00913,25172.01835,26618.70504,28922.73299,31943.60524,33917.39675,34808.25959,33468.06791,39262.18709,48723.89791,32723.71971,32179.01657,21312.09095,50000,50000,50000,50000,100000,100000,100000,100000,100000,100000,100000,100000,100000,100000,100000,100000,100000,100000,100000,100000,100000,100000,100000
1971,2009.659928,118.0124569,79.82804953,59.13779636,52.57726538,51.78480074,44.81993591,42.6975451,40.35181741,39.86206867,37.68500779,33.12269254,31.60654694,41.94235518,47.97614212,51.89636959,88.0954904,100.871206,101.7282326,114.8326347,105.155242,109.7654318,94.21393224,98.340504,79.66369664,87.15381105,92.05694978,88.11303347,90.59248571,91.51691508,100.4156705,102.9754565,114.5102772,115.548324,120.4896724,147.7251095,156.7207492,164.5357117,166.2248695,202.5089797,234.5448477,267.6320285,300.0436427,337.2445812,373.6512184,423.7990181,485.57397,545.8953533,598.769675,664.9255178,759.7871552,794.4917237,911.3518142,1045.82108,1137.744168,1250.551832,1358.422869,1488.466334,1658.42604,1877.204594,2079.048166,2280.118902,2528.123436,2768.828501,3111.50762,3470.098477,3711.546694,4081.071241,4491.884616,4993.932262,5480.00408,5911.458475,6365.544151,6933.104944,7387.358457,8148.145026,8664.667717,9305.132212,10148.95741,10899.88629,11713.34302,12461.31117,13579.3095,14741.11132,16090.03976,17162.82764,18475.08474,19780.75281,20647.05523,22718.08428,23693.45177,26870.63058,28252.28695,27757.02228,30632.05865,33639.86947,33508.35322,32098.76543,39294.71033,37176.47059,48646.95379,38385.9021,36653.56633,50000,50000,50000,50000,100000,100000,100000,100000,100000,100000,100000,100000,100000,100000,100000,100000,100000,100000,100000,100000,100000,100000,100000
1972,1916.02413,121.365846,79.63834821,66.42183436,50.42826792,46.62841486,48.98697449,42.5797632,38.37752873,35.08178573,31.4675098,35.09578861,32.21791023,36.70610072,44.98716924,50.19765326,71.05956748,103.3745506,109.5534375,113.2971765,99.72735208,112.7196181,109.8146201,98.31940475,88.35868706,89.62302189,95.87480606,89.08057612,82.57852751,93.73000596,101.7796604,113.5779255,102.4330835,111.8528514,124.5965779,140.9358742,149.9092454,162.7676052,189.3198692,205.5550461,213.2388046,259.530677,290.2407672,339.8519803,383.1400107,435.5596763,491.2485414,526.9151169,594.0046368,701.4564824,756.6630966,850.8150682,930.4362931,1070.793823,1210.681215,1260.095535,1414.083308,1540.722922,1709.464016,1899.554469,2084.019769,2370.196956,2547.959338,2823.357954,3182.374541,3492.059477,3862.754501,4277.845169,4620.573498,5165.250489,5639.751432,6162.87485,6762.307521,7376.291463,7870.450721,8442.939799,9217.508764,9679.459508,10614.84985,11446.56697,12380.9112,12741.36898,14252.24191,14968.04939,16426.27996,18067.11925,19160.32145,20525.74036,22094.34754,23113.02608,24421.64554,26297.62469,29759.34076,29267.63958,33871.88747,32625.7633,36219.08127,38395.41547,40190.2497,40170.94017,47978.44491,53922.04315,43100.72005,37560.70739,41359.74205,50000,50000,100000,100000,100000,100000,100000,100000,100000,100000,100000,100000,100000,100000,100000,100000,100000,100000,100000,100000,100000
1973,1885.733882,120.9115762,79.95189743,66.42192684,54.80211601,50.37708099,46.33517709,37.71940118,35.18001287,33.6296479,26.85374778,35.47160135,31.57503917,34.42855905,45.70974772,53.24236585,65.44169509,103.938214,123.5582714,107.5700875,118.1988317,112.3798285,109.8079617,104.5694384,106.0673384,93.21460422,92.19063384,98.00385034,102.8762148,101.5744033,107.2275156,93.61862743,116.8633127,112.7833009,138.7423069,149.9208092,162.5830227,159.8843442,169.1330612,196.2187935,221.7814755,256.9524944,300.5903159,326.2751264,362.7473693,452.4098466,467.9364661,526.6445179,606.2032841,695.3738726,772.9418177,818.9981207,919.203817,991.5716411,1165.422336,1296.682111,1425.156549,1563.787768,1724.471851,1877.654859,2001.003324,2235.354033,2517.101131,2720.965853,3098.966273,3417.345591,3667.943194,4129.87489,4530.104878,4987.932422,5379.677558,5843.799239,6552.225387,7141.529195,7854.816671,8471.108201,9026.896412,9711.569131,10201.71085,11302.23636,12198.10195,12889.15589,13873.8722,15314.64229,16095.05394,17323.32708,18793.47612,20176.77248,21698.25399,22756.5214,24388.29122,26655.15638,27839.23304,30843.94277,32082.69525,35367.23164,37231.71266,38596.49123,40749.41452,36916.8357,44371.87884,44947.42863,46810.64098,49500.13721,69890.21459,50000,50000,100000,100000,100000,100000,100000,100000,100000,100000,100000,100000,100000,100000,100000,100000,100000,100000,100000,100000,100000
1974,1881.206278,121.8841067,72.25240483,65.70843694,45.29097207,46.19785202,40.50530909,37.14143729,29.36235453,27.68070309,29.92533933,31.43164874,31.16042711,37.42914033,35.97874556,48.4748877,61.42027294,108.2881828,120.1941135,129.2971922,112.770367,98.25701155,94.27799198,96.91227425,92.62772032,89.52572907,87.56999987,88.06566537,87.95245897,97.80131085,107.1818349,89.28266701,106.7662356,120.9197538,131.7448103,135.6807693,140.948107,162.285562,180.753035,193.9924711,223.084244,254.8686758,292.7563581,336.5206793,369.849796,405.5563985,486.1930103,522.8466497,592.5388476,680.8588705,759.5404077,822.4561198,926.5654652,1021.078514,1118.064418,1263.002604,1390.769061,1512.295387,1685.375415,1873.573966,2036.872191,2199.855988,2463.80001,2701.702066,3024.958654,3332.53484,3637.778998,3998.539204,4507.699832,4950.451979,5268.115689,5856.699679,6431.122595,7266.730152,7837.676281,8176.255759,8713.561045,9524.187822,10278.36778,10879.32433,11781.89946,12875.31436,14307.12528,14775.86745,16399.74043,17115.86806,18993.52493,19921.16143,21729.30542,22388.28733,25285.74994,26716.04285,28643.2612,29761.14446,31360.72371,33399.04252,38000.8617,38028.16901,37428.2434,45981.30841,46258.5034,53333.33333,49180.32787,50000,66666.66667,50000,50000,50000,50000,50000,50000,100000,100000,100000,100000,100000,100000,100000,100000,100000,100000,100000,100000,100000,100000,100000
1975,1745.165439,107.0028295,67.54625248,59.53444067,45.99648974,43.86492752,35.92389328,36.33115526,31.84405156,30.61688836,32.10801298,30.29967189,34.72541817,37.55588038,41.97919963,41.14204008,64.46780436,110.0603197,119.2425905,113.8255623,115.7958655,113.876647,107.179914,89.558252,86.23949035,93.39652011,89.96138857,87.85796221,81.17975767,89.47009774,97.64465264,105.993889,114.0357129,115.5418794,123.1481792,133.3303236,147.1560303,159.2537823,151.7725298,188.3343831,215.4868656,223.9886718,283.6797777,304.166776,357.2145782,396.0964058,454.7166476,522.2948232,569.0288332,676.4461223,739.4013177,811.0880226,925.8727374,995.7089221,1102.5239,1153.711764,1339.863118,1519.569855,1649.081278,1802.426579,1999.570054,2223.294419,2447.863516,2653.801393,2952.314006,3303.189396,3624.709348,3973.459499,4284.566453,4816.407571,5181.224005,5717.737361,6311.860249,6900.205207,7706.374508,8152.189686,8973.127556,9511.109368,10187.19017,11208.71398,11781.39144,12743.60746,13892.81201,15626.7913,16014.59558,17053.82965,18332.84328,19831.43051,21240.31939,23293.29482,24742.47425,25455.51625,28119.38152,30225.56391,31693.5923,33947.7304,35083.22663,39404.1977,42020.6659,40458.01527,37500,47500,34920.63492,51428.57143,50000,50000,50000,50000,50000,50000,50000,100000,100000,100000,100000,100000,100000,100000,100000,100000,100000,100000,100000,100000,100000,100000
1976,1627.291498,107.466126,64.94834201,53.87442789,44.02882483,42.56778589,38.26717239,34.04727801,29.31148191,29.62363382,28.70627924,26.40478536,31.10018426,34.47530158,39.20925168,37.17451915,69.45822584,117.5171534,118.4893087,119.7628018,113.3565161,101.4438501,103.3010049,91.23545698,93.84106922,86.24691477,89.80980362,98.22416002,90.27454944,84.19700452,97.55563149,100.8554181,108.6428824,107.0467883,116.371553,134.1701,146.9752138,158.3650465,165.5948166,195.2763894,202.0984765,243.8074173,276.7323623,313.5857747,340.0505732,383.8994526,432.7736312,507.5961784,535.4016056,651.5987626,722.0518581,796.0528295,931.6723877,1001.942846,1113.068738,1247.114868,1311.00432,1541.19144,1688.831651,1860.070858,2042.221599,2233.917611,2430.023297,2736.592875,3010.369049,3292.287845,3594.689746,3981.706901,4309.680903,4868.802938,5328.993468,5825.008562,6252.377999,7011.157444,7594.920858,8385.864508,9108.842142,9593.469575,10474.08622,11366.42007,12330.22222,12894.04173,14428.71936,15474.9695,16911.29128,17497.81277,18969.02555,19964.89491,22422.61337,24353.79337,25318.23193,27130.75701,28849.4459,31542.02681,31027.63229,35007.93231,35313.94859,40317.2505,42505.59284,42596.34888,45121.95122,50292.39766,44705.88235,55555.55556,50000,50000,50000,50000,50000,50000,50000,100000,100000,100000,100000,100000,100000,100000,100000,100000,100000,100000,100000,100000,100000,100000
1977,1599.650768,90.73072911,65.40085856,48.60450035,46.86374367,39.26284595,38.24290434,29.51278005,31.05937445,28.06126854,25.27782101,25.94744805,25.34142502,32.68136381,35.6670946,44.73081634,57.55056929,110.1918401,105.94762,112.7051364,102.9775463,99.73190878,104.7503387,92.50380732,85.21408771,84.85779851,93.69374874,91.36932325,89.96937905,96.71507693,81.59395337,98.16098664,108.8422372,105.0219717,115.9426691,116.5152873,142.2396933,153.9309315,177.1275711,184.943988,198.8123337,225.6267971,265.2352782,295.8651631,350.2491662,374.068139,424.5007205,494.8054669,546.7740332,625.6432395,735.2681796,781.1088494,882.6752223,1001.795159,1086.243918,1203.910135,1285.513381,1409.05647,1653.21679,1797.722169,1990.475141,2156.042472,2331.626598,2622.592863,2853.754138,3126.068691,3471.805555,3829.860893,4241.359572,4606.196342,5078.21789,5501.489241,6099.127453,6623.03192,7252.92508,8002.490626,8947.007244,9335.309978,10020.60617,10486.50549,11619.69889,12152.91751,13157.77558,14485.43732,15798.81732,17415.51702,17444.3673,19205.70968,19912.64419,21102.03629,23860.69652,25529.63261,27188.68951,29922.85317,31845.29189,33157.33897,37220.44728,36686.39053,40614.70911,32206.75944,42711.86441,45810.05587,35294.11765,46153.84615,58823.52941,50000,50000,50000,50000,50000,50000,100000,100000,100000,100000,100000,100000,100000,100000,100000,100000,100000,100000,100000,100000,100000
1978,1540.995802,102.1867357,56.20891172,50.75547573,40.87340002,39.01141084,35.81493106,31.20839572,28.16530103,33.04505868,31.97172662,29.68519064,26.09584272,28.91877162,34.65765433,43.11579298,66.45296642,111.9355671,123.0013693,114.7246666,108.5038731,102.8381648,99.30252974,97.91105985,96.95840233,94.36969967,93.8446001,85.38006912,95.13563054,89.34051447,93.89351931,95.71935582,105.8474824,108.7246176,116.4087505,140.3745814,135.0230387,162.3692927,179.6161581,208.4396801,210.8606909,233.7758486,260.2934217,281.1242443,324.552283,399.2725229,422.1414768,496.2748561,540.3713814,601.1695139,684.2237903,797.3545137,889.5448865,988.0875286,1115.877217,1208.17081,1319.531174,1490.78687,1580.200523,1789.862767,2010.181329,2209.259976,2368.900478,2629.80526,2901.912459,3164.331038,3451.325461,3903.274722,4268.184243,4619.844604,5067.406062,5508.103321,6052.715901,6725.34712,7330.142003,7991.887737,8658.097838,9363.149934,10149.27091,11230.68901,11846.74673,12735.42039,13493.83021,14195.22359,15965.1225,16928.83439,19119.07899,18769.88335,20195.14149,21487.95117,23714.34116,24721.4576,28089.6861,28621.42232,29969.19732,32421.05263,35396.8254,38041.43126,35698.92473,44520.54795,38977.63578,52023.12139,38383.83838,71428.57143,54545.45455,50000,50000,50000,50000,50000,50000,100000,100000,100000,100000,100000,100000,100000,100000,100000,100000,100000,100000,100000,100000,100000
1979,1482.727598,79.16769361,56.93501837,43.22680874,40.76879902,36.09398443,35.81146142,32.31234957,33.86457931,31.7514291,25.23148803,28.28600825,24.8878218,29.14917716,40.53657518,42.8378889,57.88687904,103.2258614,119.4689637,117.4337121,103.7548606,102.6370181,93.02269682,87.63164918,88.68244872,90.11791271,94.94063651,97.55614043,84.05751789,101.4034132,99.16317434,93.53560029,96.45511881,119.6029183,116.4321556,125.6070456,138.0308158,154.4111636,165.0770956,189.9810171,214.881534,233.0177315,257.8848207,282.0452021,329.0812489,390.3475914,412.0369245,481.6508,539.6192944,587.9550189,685.9262519,772.3280287,862.6849083,999.3002142,1093.652918,1201.507726,1344.896179,1471.469931,1668.039128,1720.19657,2010.655135,2221.636415,2410.943744,2601.186985,2869.543485,3131.184356,3485.893877,3842.891842,4185.952343,4471.852409,5051.739486,5352.907135,5998.707879,6674.532096,7365.92267,7908.676444,8722.982895,9446.634898,10188.20299,11049.38701,11964.05377,12784.85991,13724.61144,15043.3821,15369.54019,17352.45566,18629.87769,20297.80194,19859.97221,22177.46286,22530.46231,24046.86861,26044.13486,27716.65516,28406.6142,32435.05974,30849.19815,34181.36324,36032.09216,38696.20308,37511.12933,44392.46253,38911.63608,30641.27945,37868.28121,50000,50000,50000,50000,50000,50000,100000,100000,100000,100000,100000,100000,100000,100000,100000,100000,100000,100000,100000,100000,100000
1980,1344.481958,88.12581936,57.44791488,39.49653496,43.05147706,36.10947048,30.37923297,32.16359207,29.04516671,25.95015166,23.03149865,27.2987231,25.20227111,27.07053527,38.298402,39.0159096,53.13617514,109.3507352,116.375829,107.5831415,101.1499074,97.16518832,89.96448522,82.77008733,85.86870139,87.4533957,88.53455166,90.2800998,89.01566878,86.90294798,87.06801593,91.78238856,97.78883228,103.2881502,111.1637826,130.833654,129.2317387,148.3027592,160.8783596,177.3929638,204.8157141,232.0710973,215.9468185,284.7298193,329.1777642,353.571116,404.8617583,445.8414649,501.6138278,582.0710415,665.0974296,739.5206243,831.7307176,913.7286075,1058.442334,1181.94396,1326.830028,1394.314972,1596.802817,1759.496238,1977.10292,2061.47002,2310.783873,2558.523827,2812.068635,3088.369174,3332.833874,3654.706784,3997.379225,4416.076994,4782.476343,5266.99677,5962.5984,6362.568919,6983.866855,7612.948681,8276.966166,9116.406268,9875.67867,10764.01184,11667.06546,12239.26852,13278.60671,14994.16313,15286.67152,16168.54341,18189.14137,20048.37499,21099.12878,19947.60511,22490.2837,23986.62766,24787.11398,26463.86953,29820.26483,29940.55562,31766.84882,30137.75654,35913.31269,34461.53846,40404.0404,40628.77872,35874.43946,27947.59825,46451.6129,25806.45161,27586.2069,1E-10,1E-10,1E-10,1E-10,100000,100000,100000,100000,100000,100000,100000,100000,100000,100000,100000,100000,100000,100000,100000
1981,1264.683877,82.99973909,53.74768774,40.64516455,39.23564438,30.88085453,32.53271764,26.12357461,24.92234581,23.43589794,24.25166492,26.1769123,26.85956786,32.07654454,35.40320771,42.40032369,53.15327241,104.6187081,106.8871231,108.26043,99.10507252,82.99254102,87.10578081,85.56301829,86.16379566,81.68814605,83.61440128,89.64445125,86.63038911,95.75032314,93.9707901,95.41611396,97.04269088,101.3617633,105.6847122,107.9700029,130.3229187,136.4396634,160.8598999,161.3856677,218.065538,222.1185566,246.7829396,266.7493416,298.8216601,358.5523567,387.2643564,446.9057437,472.4823606,575.0125068,652.4281116,688.1002588,783.8436515,919.2482194,1008.641034,1155.6288,1244.227713,1404.716927,1529.866997,1744.663142,1889.177329,2079.079099,2202.121416,2463.756101,2723.865648,2990.615664,3232.886165,3585.980055,3930.404022,4286.667518,4790.1166,5217.282134,5736.290573,6351.537614,6770.244026,7448.400822,8131.885107,8706.248512,9618.52216,10529.65011,11329.90701,12327.03768,13221.42061,14222.34014,15542.89601,16635.30463,17850.00666,19174.23838,20219.75595,21422.54709,21543.92308,22512.33288,25232.44936,25840.37559,27729.52854,30081.1124,31782.61243,31425.12401,34875.1535,39178.08219,43113.77246,40977.88126,39484.97854,46153.84615,44094.48819,29629.62963,64000,53333.33333,1E-10,1E-10,100000,100000,100000,100000,100000,100000,100000,100000,100000,100000,100000,100000,100000,100000,100000,100000
1982,1234.093812,90.40116394,47.55563243,39.74933458,31.25873337,26.92780587,26.27400651,24.17550291,26.71918741,23.21684534,23.02650808,26.61013141,25.15106075,29.36327438,36.92773151,43.65249674,55.29967705,97.69268729,105.6678023,99.88334829,100.1533732,85.33396349,85.9881806,89.33713778,84.73895994,82.60376552,94.23480792,78.79749765,85.60305953,86.99488676,98.54303721,93.19412081,102.9463957,98.41778718,107.323878,120.3989144,110.3581556,142.7598066,143.51875,164.3574168,190.2027305,227.028777,234.4199643,244.3561961,299.395774,338.4921083,374.4697852,433.5400438,457.3242407,537.6989445,593.080514,680.0128134,772.751996,877.7684191,990.484836,1114.645294,1192.054501,1408.9113,1526.629679,1687.523807,1869.557945,1955.782759,2251.436543,2368.540782,2751.59351,2991.993592,3229.818894,3553.976011,3910.414486,4288.537854,4662.590932,5097.057792,5705.118396,6292.322779,6926.238492,7420.875258,8036.918589,8809.733609,9611.470465,10456.11458,11366.14416,12267.64428,13615.74939,13984.44236,15347.82415,16552.33427,17805.31978,18793.04584,20618.35947,21678.86088,21360.06596,23023.72959,25154.89467,26713.04348,30116.21261,29809.95579,31269.89742,33046.4716,31188.7516,33905.14632,32195.12195,41676.10419,41163.31096,57600,59016.39344,63492.06349,48484.84848,40000,1E-10,1E-10,1E-10,100000,100000,100000,100000,100000,100000,100000,100000,100000,100000,100000,100000,100000,100000,100000
1983,1140.889173,73.39463611,46.23926462,36.87977059,33.16956442,29.80958013,29.3800284,27.46606553,23.91662944,25.12275199,20.96534025,26.87042215,27.61213327,28.83871778,35.81140571,45.17730878,59.45863333,82.77484702,94.25011372,95.19585027,99.7490655,85.98677579,86.84389233,70.16777985,74.77237019,83.84124514,84.16683626,88.63232614,87.94206356,87.16989393,89.92847137,91.95855734,103.9682072,100.8790295,105.6210672,120.9742575,121.5648401,124.6210473,146.0311192,167.6174254,183.6686544,204.3312732,238.5692007,264.420344,284.8951073,334.1459884,372.6739276,417.6629037,485.2491781,535.2345483,579.7070315,635.8141218,742.5436572,824.5953578,942.691548,1041.663268,1218.463893,1355.046314,1501.403523,1629.381469,1817.951541,1999.126108,2250.183057,2524.831491,2614.866167,2932.37356,3216.750459,3551.972637,3942.033773,4225.082884,4666.600869,5077.244981,5570.086128,6157.141896,6753.186842,7299.780756,7898.395945,8669.546539,9488.773825,10180.01757,11059.31099,12009.13806,13018.76554,14338.26296,15217.95552,16023.66435,17663.46215,18636.83592,19904.63026,20941.62216,22464.43274,23269.49327,24875.00961,26823.15284,28952.03593,30604.5411,32753.74732,32451.49912,35745.02972,31377.71918,40803.70943,37154.1502,37322.51521,46861.92469,24489.79592,64516.12903,34782.6087,42105.26316,61538.46154,1E-10,100000,100000,100000,100000,100000,100000,100000,100000,100000,100000,100000,100000,100000,100000,100000,100000
1984,1073.487902,85.30746986,45.18864699,41.88935645,25.02864502,26.18430898,25.91977012,23.9138315,24.5268275,22.21008633,25.38799404,25.26398496,27.13152811,25.41773307,36.12918668,43.29696498,53.57820879,79.40409021,87.05612829,95.23027081,94.37777047,86.3032653,84.50512887,82.68058347,79.73160065,80.19411694,82.36929569,88.91257108,93.54018528,85.39241262,82.34045556,91.76199463,99.73346631,106.3567128,108.886489,115.6741905,114.7174019,135.6262509,138.7234643,157.5020874,174.9040448,195.4912707,217.1037321,249.7543716,285.0682564,328.2504414,355.6598769,398.2444765,466.3957762,522.904528,573.1947363,628.0622294,694.2385971,811.3489557,913.8258512,1013.242011,1140.79564,1262.122362,1421.950983,1615.890022,1767.696436,1965.820221,2159.56799,2424.140109,2602.566593,2728.758896,3156.138528,3459.521664,3815.321389,4068.862181,4483.406239,4850.096067,5425.011979,5928.818651,6526.066402,7094.959101,7654.576879,8341.830136,9041.832791,9814.66183,10916.83301,11464.2445,12491.84445,13535.83621,14495.03703,15675.63434,16629.35721,17995.22233,18829.96992,19664.68682,21482.92188,23185.99295,24839.88164,25377.42063,27948.64139,29629.62963,29659.38572,32263.11668,33215.10536,37065.63707,43111.33706,42484.24842,39522.9983,50526.31579,21238.93805,62500,36363.63636,100000,100000,1E-10,100000,100000,100000,100000,100000,100000,100000,100000,100000,100000,100000,100000,100000,100000,100000,100000
1985,1041.931891,76.62516591,50.88710728,40.1878874,30.73459732,25.50451111,20.0104499,27.64523876,20.23459292,19.23336815,23.56865986,29.91512594,24.47813623,30.44368097,37.03463875,39.07428943,52.68173346,80.07074358,87.88963724,86.18877115,95.78238406,89.71794538,87.38234479,78.30910266,74.67242962,76.68166923,77.72187499,78.25617536,87.45689021,80.03771007,87.76225625,89.68076393,97.04052691,99.98900121,100.3211324,120.4179165,131.9714713,133.4736459,132.650316,165.0869164,201.4697394,198.9387,217.351237,247.8982911,276.900234,333.9189767,364.5295048,379.4626749,445.096049,478.8225916,545.7097292,630.9905523,716.1445823,795.5639407,914.1953915,975.1512994,1120.553114,1252.375489,1450.883078,1568.269394,1788.273361,1971.93355,2131.964499,2369.658382,2670.437965,2956.510132,2975.942754,3377.526421,3842.029752,4149.542423,4663.170017,5024.278627,5498.84062,5942.664081,6568.034713,7257.976464,8026.403881,8605.160924,9278.085376,10221.36685,11003.18078,11844.25261,13052.10926,14137.23746,15217.96617,16443.20326,17463.20333,18048.44456,19841.70442,21304.1929,22533.01616,23996.00965,26102.06298,27446.17539,29083.65114,29782.09504,32272.02473,34306.48092,35527.60857,36445.88045,35527.6907,35714.28571,40251.57233,39506.17284,38888.88889,43243.24324,27586.2069,1E-10,50000,50000,50000,100000,100000,100000,100000,100000,100000,100000,100000,100000,100000,100000,100000,100000,100000,100000
1986,1092.571928,67.30743343,43.0781697,37.90774966,27.48222669,25.52320899,20.34794994,24.95933708,19.86823947,16.86842889,19.48806029,21.26608773,20.18325046,24.69453117,30.41361627,43.42174736,53.02410876,81.45711366,97.76633791,91.03440757,89.28084905,88.0121863,89.42236237,84.90344728,80.3608915,76.23326166,84.25431639,81.24520715,90.86748299,84.14934122,89.66993947,88.45660986,105.5417263,102.1915209,114.0773295,103.9043844,122.7024839,142.3134429,147.0705373,149.0663565,183.0044402,191.8802841,212.9629661,246.2827932,271.3414095,322.0470937,365.1068491,392.012817,430.9657512,482.8035045,548.884523,625.4262216,675.3727043,768.8684007,865.0292469,950.4913122,1100.778869,1213.416365,1358.469175,1597.163727,1764.344674,1947.084071,2151.416576,2322.708052,2524.407888,2841.141112,3108.197656,3291.117855,3683.383729,4085.071049,4442.741267,4841.941216,5427.719973,5842.081698,6451.308958,6978.314011,7840.957701,8461.870868,9222.150236,9864.982018,10793.62208,11505.05593,12507.03675,13387.57198,14591.73764,15923.72745,17648.26921,17663.96303,19867.5255,20374.23004,21402.43537,23120.03922,24346.70855,26448.22681,27829.71329,28906.36894,31389.24797,31743.82179,34737.03912,32994.92386,33126.294,44160,28976.37795,33160.62176,34042.55319,28915.66265,33333.33333,36363.63636,1E-10,1E-10,50000,100000,100000,100000,100000,100000,100000,100000,100000,100000,100000,100000,100000,100000,100000,100000
1987,1037.796028,68.91310332,45.16871585,31.56084113,28.87684401,25.01123977,23.61751964,17.11556584,20.50082973,17.47781761,16.25472356,20.33091468,22.93342246,33.87809398,34.75608719,39.89780936,51.81850568,79.81051221,91.19187001,97.84384774,92.36293857,97.68420168,88.39344147,82.60963848,83.58536908,79.18448633,85.4722563,81.72084355,84.8124786,78.91599234,96.63942077,99.6130663,97.56785746,108.5625784,113.9749967,118.0646632,124.0804052,130.5691921,139.271775,150.8406682,162.3406531,189.1020168,232.3533678,237.7255951,274.4191988,294.2477347,343.8117581,382.12418,397.6228997,459.5928791,528.5384377,591.6655092,641.8199779,725.0448069,837.674664,943.5232854,1063.376937,1233.576557,1344.287476,1471.849088,1619.890109,1877.355439,2026.612237,2224.468984,2500.843273,2740.535093,2971.141021,3341.568336,3489.985836,3975.652464,4314.162442,4763.267877,5213.808284,5673.521756,6161.467729,6766.555839,7476.138111,8022.748354,8575.290981,9524.528536,10302.78444,11128.22345,11829.39872,13158.69586,13947.43782,14954.61883,16085.77261,17375.03061,18000.96526,19832.51803,20328.26091,21599.86755,22828.64663,24535.90067,26377.45196,27630.42845,29487.17949,29759.10364,31835.33448,26133.01942,36946.2771,34666.66667,41931.03448,37163.81418,49612.4031,30476.19048,43636.36364,1E-10,57142.85714,1E-10,1E-10,100000,100000,100000,100000,100000,100000,100000,100000,100000,100000,100000,100000,100000,100000,100000
1988,1018.635877,72.60193046,43.90513376,35.61669738,26.12122288,23.97699299,22.83009618,24.41327653,25.66863794,20.4918813,21.3284041,22.85998746,22.0637519,33.26566054,31.45046099,37.49482952,52.39574196,85.06601168,88.53105695,86.68733046,100.6215729,89.92647658,91.68543551,93.15934943,81.94008755,83.53264442,80.30522514,84.51868853,89.95896487,90.49414519,92.67068076,94.70202167,105.8612946,118.1841677,121.2423661,118.8438662,128.3726782,129.1460579,140.5735104,156.7700917,170.731665,195.4928646,202.457581,241.0306108,267.7499612,300.8976566,331.1472601,379.1594418,430.2650615,462.5541365,530.948445,564.9517685,626.7981538,738.6971229,805.7102711,912.5821234,1019.9809,1130.213314,1240.801185,1439.229643,1616.677635,1822.564799,1999.722213,2219.25535,2496.376789,2695.764263,2997.796542,3231.710596,3559.245778,3755.478491,4240.280724,4522.465283,5173.979864,5666.725515,6126.338221,6674.905895,7269.736004,7888.91792,8601.431735,9394.491238,10335.56709,11132.30981,11869.82084,12915.23436,13929.74774,15101.67673,16207.8649,17513.7185,18373.98374,19983.93063,20326.90891,21059.92037,23296.7106,25242.35989,25901.91842,28488.6438,28956.22896,31505.52634,35221.79764,35824.00417,33721.97309,35403.72671,40603.56653,40975.60976,45714.28571,43750,61538.46154,1E-10,40000,61538.46154,1E-10,100000,100000,100000,100000,100000,100000,100000,100000,100000,100000,100000,100000,100000,100000,100000
1989,954.3836141,69.47725315,47.02704577,36.49480343,26.88987903,26.91142472,21.2153542,26.06459268,19.28634497,18.44047685,20.75357619,20.99454253,22.53558369,22.04584739,28.22328812,41.86301135,54.43175102,84.72431816,92.08809761,92.177567,92.98439405,90.10001484,92.83208996,85.51392513,94.32095319,88.57801658,83.09799582,83.6300234,85.88250672,89.91031215,91.2938362,96.94616512,96.03025458,111.5339173,108.2257884,121.1298519,134.1648371,139.7497967,146.2909533,158.3505833,177.5571365,178.7202519,204.4684743,212.7761449,260.0142474,288.8581853,322.2519794,374.8749769,403.2799662,450.6845272,491.2394963,543.2067336,594.4725208,707.7059996,772.4380957,831.6880362,983.7488214,1093.606239,1234.356019,1364.463492,1554.091531,1759.194396,1919.620089,2094.852306,2382.405772,2655.311308,2898.305171,3218.32506,3391.798614,3859.636456,4109.589041,4572.281844,4992.311713,5475.21244,6092.453342,6606.624309,7200.742382,7930.47969,8599.666282,9356.969051,10219.21666,11120.96199,12075.21683,13046.10175,14132.68306,15575.50891,16589.63178,17706.26228,19313.53122,20575.09331,21034.41948,22606.15906,24140.21485,26490.30218,27206.3745,28243.50381,32482.16548,31302.17028,33300.16584,36150.98352,39137.64511,38700.36101,36122.17795,40579.71014,29629.62963,41791.04478,56338.02817,33333.33333,72727.27273,100000,1E-10,100000,100000,100000,100000,100000,100000,100000,100000,100000,100000,100000,100000,100000,100000,100000
1990,888.4739139,69.4466703,44.25033522,32.49984975,26.04649103,23.44607978,24.42580695,16.03398117,19.52615844,17.66610066,18.9452183,20.99653419,18.60619653,26.99629138,30.67780956,42.60613069,60.01722494,87.6043861,91.80620706,85.12539549,99.04123531,94.34988489,99.49793539,99.52727227,89.11134825,92.60514957,100.2253498,93.75075249,95.79332263,103.5516836,93.83223896,103.368593,109.1977257,103.0330513,104.7909518,119.8940582,133.2807248,147.0393078,152.1517694,162.4791255,164.7768342,200.4250692,211.3131395,229.4014326,236.2474021,297.1185207,325.1860439,364.5746341,375.5271576,433.467377,499.2071061,564.2590579,587.4013287,672.394259,742.0914064,855.786701,970.3720294,1056.43541,1169.25355,1285.071532,1484.669288,1667.982094,1854.341327,2066.086629,2308.799208,2622.37698,2790.416155,3143.186429,3426.700615,3785.394726,4061.807518,4336.079714,4883.693964,5381.65827,5886.159159,6426.830803,7036.880352,7575.038021,8317.880126,9182.298164,10035.13183,10638.67612,11605.52828,12742.79641,13739.57185,14832.53011,16087.20698,17093.48739,17681.57567,19464.36632,20262.05503,22027.94796,24028.8346,25168.49907,27281.94726,30294.4274,30584.70765,33820.2016,32797.63857,35931.30779,38963.36014,36904.7619,41843.08842,47816.09195,37735.84906,37500,56338.02817,77419.35484,61538.46154,100000,72727.27273,100000,100000,100000,100000,100000,100000,100000,100000,100000,100000,100000,100000,100000,100000,100000
1991,829.6413312,67.55672868,38.66394696,33.28673149,21.8907843,23.41244898,20.24666752,20.86059434,20.3467286,20.57343719,18.17604097,17.84520483,18.20573515,27.70648516,32.63244676,46.43934942,56.98500236,74.57168719,95.63083494,91.87221002,88.61244052,89.95228419,88.92031186,98.80015029,90.70900615,92.22220201,93.43933296,86.2164597,87.06459306,93.16226851,94.41621816,101.7001101,103.7898927,104.1516305,111.7131632,122.0876205,129.115344,145.6113762,150.246777,176.0419805,174.4957097,188.4222496,218.1345718,232.7518023,243.4353176,268.2798631,338.5523372,320.5405605,393.6522847,433.6169114,483.490359,541.1095172,601.6362683,669.7027812,738.7458979,823.3863722,887.1235648,1027.585978,1142.537745,1286.661896,1402.618732,1605.161448,1748.327644,2034.446505,2253.652954,2522.37182,2775.645969,3096.8195,3308.222371,3666.015439,4082.858695,4471.183785,4751.016831,5218.432687,5826.211055,6238.190527,6878.034045,7564.134423,8153.606101,9063.948792,9811.945092,10702.49609,11659.48321,12565.4382,13986.5251,14588.91388,15844.42007,17522.93416,18619.30961,19995.46404,21513.13599,22097.60274,23676.88874,26628.88283,28738.49216,29489.05109,32639.78312,32293.27567,35598.08612,39825.5068,38180.19625,38964.99239,44063.64749,41723.35601,47272.72727,27826.08696,32000,47058.82353,1E-10,50000,50000,100000,100000,100000,100000,100000,100000,100000,100000,100000,100000,100000,100000,100000,100000,100000
1992,734.5678954,54.35779322,34.1834712,26.69880219,25.49476568,21.90018924,18.4778963,19.44679135,15.70469753,15.7537579,17.08149738,17.37691464,22.39111073,21.8031028,25.36940509,34.45469638,43.38466945,67.97637264,81.42928552,83.81483737,80.29411878,90.15740459,90.88151637,85.25044275,93.66884749,84.06207844,90.98407376,92.59883221,94.58593602,95.26118792,98.251157,105.0442566,99.56208422,105.8208057,113.5084959,123.6860339,131.106045,134.6537025,166.5466331,166.6288469,175.4101308,197.5661934,196.6288968,219.6253898,243.5595554,261.1889721,289.2366332,333.9925473,373.0822668,416.2990507,468.2387009,506.8430946,584.9127305,657.4991882,690.3040319,798.1172198,871.6901336,980.1869082,1121.750156,1230.468863,1396.062833,1544.658239,1742.27422,1957.921839,2178.037624,2367.723773,2682.222152,2999.397035,3274.540892,3611.071867,3923.343744,4344.992571,4739.611995,4994.838706,5677.70086,6044.73967,6726.299145,7415.153532,8085.881492,8581.921218,9605.110976,10251.88281,11339.07769,12343.10718,13239.34892,14281.55044,15541.93584,16730.84834,17866.77067,19208.89006,20373.03979,22105.89145,23566.14626,24945.61276,27342.91484,28534.00856,30889.43873,31423.10404,32531.42946,35946.08088,38111.15754,42013.1291,37696.33508,40251.57233,34920.63492,39024.39024,40000,67796.61017,1E-10,100000,50000,100000,100000,100000,100000,100000,100000,100000,100000,100000,100000,100000,100000,100000,100000,100000
1993,706.0407337,55.90018984,39.43164032,27.33999228,23.14536625,17.4119035,17.00446399,15.09897148,17.32406234,17.32138924,17.13562404,19.79605991,20.59345937,24.0002,27.61098061,36.59212251,41.7109752,67.04321639,82.35394559,82.37762418,91.11413776,89.13535144,92.38609555,85.46399829,89.44571468,88.01299577,87.10190354,97.03233802,91.52061988,100.3424372,98.06255936,108.6215291,94.51502682,112.7340013,113.9722304,122.9441048,130.8697608,130.5778884,151.3744796,163.6012425,182.2127781,190.216033,208.9193033,210.9599095,240.219704,268.9333013,288.8488891,321.3133086,374.5891251,399.3317589,464.6006019,524.6038659,574.5459475,661.4446634,716.3447668,782.6570606,869.1434604,1018.697844,1094.170916,1207.974452,1376.214062,1525.943976,1710.526316,1906.537619,2182.545313,2402.40812,2669.624827,3024.482619,3263.018342,3608.406789,3903.428948,4417.281225,4749.970614,5237.613907,5556.275974,6230.194161,6784.379287,7439.396716,8202.091604,9019.71523,9672.593933,10571.51635,11515.30784,12432.60584,13899.60835,14957.36177,16066.42688,17401.01259,18714.24142,19864.69039,21489.40701,22130.36336,24889.54345,27100.785,27511.94858,29579.77676,30812.91278,36107.19323,35167.36101,38538.20598,40463.32046,39371.15516,42160.73781,53211.00917,36226.41509,56774.19355,40404.0404,77419.35484,76190.47619,1E-10,1E-10,100000,100000,100000,100000,100000,100000,100000,100000,100000,100000,100000,100000,100000,100000,100000
1994,683.7966216,53.34958735,31.36412621,21.94996341,21.49869964,13.72105913,16.89878322,16.21709803,18.99023954,15.19945518,12.69760221,17.93975504,24.13972561,21.12215457,29.8539091,33.4130114,44.32273749,68.63265613,73.95361685,79.84548053,90.46664026,84.1902018,89.61563888,87.69202514,88.86096116,89.75071626,97.28379967,92.4087362,93.72338781,90.6323923,100.0153068,107.8832827,108.7071601,120.585473,120.7613003,117.7195693,126.9059378,134.9686014,138.7997339,165.5671625,170.1490596,193.0586987,202.8002661,225.800346,245.4467716,248.0160276,278.3777943,301.8575525,317.7316401,396.5584884,423.5908827,494.6760526,563.4894026,606.8209003,661.3718044,750.6182315,827.1523309,953.9749653,1019.316283,1152.1699,1274.192369,1458.078425,1633.078855,1775.736563,2038.607985,2290.683735,2515.465607,2820.37438,3094.389029,3340.37001,3737.964543,4097.955358,4440.469693,5037.486144,5419.941234,5660.055041,6395.124344,7058.115856,7748.40457,8427.857444,9257.603983,9962.576178,10911.97056,11887.25452,13198.43275,13923.98683,14965.32523,16290.70791,17706.70301,18823.52941,20179.32598,20981.94971,23282.27986,24750.40554,25800.69852,28254.95684,31548.75717,33128.27105,32587.06468,34140.71511,34782.6087,39946.73768,43165.46763,48036.9515,46601.94175,45000,14545.45455,24242.42424,100000,80000,100000,100000,100000,100000,100000,100000,100000,100000,100000,100000,100000,100000,100000,100000,100000,100000
1995,683.3243648,46.00555472,29.63894609,25.08594885,15.44826761,17.6841584,17.25534131,14.11122734,16.19725167,17.15927545,19.6066834,14.8276005,19.83586501,21.9673974,25.6548415,31.97925612,37.31595976,70.86998841,90.55181729,90.05009407,92.02784263,103.687104,88.69051106,89.18181645,90.79441348,90.13216984,92.89173025,104.0915452,101.4559689,102.775061,103.55665,112.4532336,113.5969203,114.0680289,121.2859026,117.4682997,134.8865801,133.2755642,151.6059488,156.200323,174.8252331,195.1796599,209.2250756,237.1544976,235.3816524,269.5712974,291.4279721,306.1750478,351.3324503,380.8818824,448.8381204,474.8921465,538.3793548,623.5360891,666.4023022,757.4042711,832.6856117,916.6020746,1010.6417,1125.24854,1291.60356,1404.007561,1577.458338,1757.335544,2012.781475,2213.528848,2497.879301,2777.113623,3003.603088,3370.03847,3692.996403,4073.313885,4502.71466,4958.990493,5421.943469,5918.851478,6245.407661,7029.268342,7904.296179,8643.215674,9346.724889,10157.81349,11203.64341,12176.09671,12981.00708,14104.8625,15542.43417,16595.9733,18013.41185,19227.57277,20441.21212,21880.06614,24448.32233,25948.79188,27414.61208,29857.35862,30659.69518,32584.96761,33496.1619,36788.04855,35668.78981,38718.11642,41189.93135,39024.39024,69868.99563,58181.81818,62337.66234,55172.41379,44444.44444,1E-10,100000,100000,100000,100000,100000,100000,100000,100000,100000,100000,100000,100000,100000,100000,100000,100000
1996,687.4921477,51.22410265,31.23073779,21.89518853,21.80382137,16.41178665,13.10481807,10.13542512,11.83114316,16.17655555,12.46434758,16.94440833,19.36721655,21.99847301,27.91134085,34.98362813,41.31840362,68.43178656,84.01960006,84.97427018,83.02958949,95.39992607,94.00458877,87.01137674,87.86381109,94.37546515,85.39834964,89.87908174,101.0193672,100.2512222,109.4988656,112.4848928,114.8194921,112.4983,114.8359859,128.4448511,127.3150497,133.2683489,143.8022079,170.3043239,186.2198605,183.6367404,201.6234138,229.7588535,235.959784,285.8574239,296.8214182,309.2430494,335.8860714,393.2294764,399.0755726,460.3296752,547.6993598,586.4154947,669.6805508,741.5734365,826.567922,897.3417899,992.6411791,1119.554351,1241.753572,1366.163736,1541.604996,1743.999378,1944.738535,2176.200269,2347.431858,2606.737361,2955.455304,3265.921498,3687.403253,3984.743161,4463.242913,4801.099613,5313.161657,5856.501046,6360.985259,6454.780519,7528.401186,8336.32489,9330.86642,10018.19186,10871.86692,11834.95503,12851.50987,14211.20462,15319.74902,16566.31812,17771.86431,19494.08979,20216.03501,21408.84084,24048.4338,25969.86594,27144.64216,29243.89149,31786.77196,34291.44385,33204.32404,37576.01174,42743.46343,42943.30519,47899.15966,46616.54135,53080.56872,94915.25424,94117.64706,60000,66666.66667,100000,100000,100000,100000,100000,100000,100000,100000,100000,100000,100000,100000,100000,100000,100000,100000,100000
1997,645.4968656,51.52994011,30.70858839,21.10805455,20.09565402,16.54004241,14.90812403,12.59053381,17.7294299,13.84358697,16.93469239,15.8236878,19.51945699,19.87384806,24.43669183,30.31282087,49.63691332,63.5779705,85.67636949,89.76797726,96.84638308,106.3094823,91.43515444,92.44835976,95.70365703,103.9116154,91.42563523,87.28359742,92.19486171,104.1131606,95.49279929,103.9495458,104.2943741,112.8504124,114.492018,108.0250143,109.0037869,135.848576,144.5214178,156.3473324,168.7861557,187.9469565,207.7345105,221.5242156,243.1256914,261.5524357,275.8199105,325.5931109,337.5566637,371.6791567,409.5912232,459.1046457,508.9158191,593.9817918,644.7712479,711.2483752,802.4944345,927.1005617,975.4106232,1081.03625,1191.081801,1340.375147,1457.144696,1639.036056,1828.994191,2063.483468,2233.666196,2554.524261,2859.557886,3125.49988,3471.969662,3896.304046,4213.317125,4677.604379,5230.481289,5596.290884,6262.804958,6814.733857,6906.612968,8005.851955,8952.503026,9639.462006,10755.86687,11683.62928,12549.98014,13838.41213,15028.32177,16439.5424,17684.98533,19037.37564,19993.48998,21734.47066,23612.59953,25139.38165,26913.92467,28912.44268,31127.09608,32172.20566,32420.94074,35547.95984,36324.32432,42857.14286,52060.73753,32820.51282,57358.49057,33684.21053,42105.26316,100000,47058.82353,66666.66667,100000,100000,100000,100000,100000,100000,100000,100000,100000,100000,100000,100000,100000,100000,100000,100000
1998,628.7095032,50.9357637,32.35247111,22.42840093,18.52191831,15.9652781,14.5326394,17.62760383,13.57855619,13.16021742,14.33665613,17.16452324,16.06551621,20.76655857,25.46823006,29.28617987,48.7039342,57.25790808,87.36325253,92.17879394,86.40222686,90.96087523,96.21170041,99.51789033,98.7318871,96.8895979,103.8825196,102.4783629,103.8665534,102.7434121,106.1585799,105.8683473,118.1726427,120.5916662,112.9336695,122.8513649,126.8357418,138.307725,137.9795506,155.6844465,158.3218865,186.3176316,193.3304895,234.0101149,249.036316,272.104006,285.3364292,327.4964226,339.1583408,359.9756909,394.4613322,449.833102,506.4558713,568.2023649,650.0483048,712.7137554,774.3114435,851.4589238,996.0486524,1054.555551,1158.078375,1312.692201,1446.466902,1607.492068,1802.318672,1992.234974,2211.780074,2474.188028,2706.393607,3005.265213,3410.08688,3711.886481,4174.008159,4519.8723,5106.376508,5438.336559,6043.006087,6563.257861,7294.439734,7483.562664,8533.906491,9452.315004,10389.34343,11585.36058,12480.53573,13556.14438,14629.91051,15996.7304,17099.62592,18823.80344,19909.95084,21117.26679,22853.26778,24445.61774,26099.33385,28374.0942,28659.51626,31118.76076,32777.47101,35335.39732,37605.68143,43790.46498,44165.62108,47165.53288,33488.37209,33898.30508,43636.36364,1E-10,1E-10,80000,100000,100000,100000,100000,100000,100000,100000,100000,100000,100000,100000,100000,100000,100000,100000,100000
1999,644.4120943,51.97107837,31.62341169,22.60641678,17.87226068,14.34277338,13.63569852,13.52677879,12.14221507,12.29928168,13.13791527,14.30674412,17.90194911,16.81802893,23.0519634,26.49442613,43.33343828,62.29240801,72.11818947,92.23452284,85.24198981,83.83142062,87.48226271,94.40858688,93.54530459,93.84952349,97.91130888,101.2824565,102.1387603,106.5516672,106.1502777,102.4706726,116.1561265,116.6762601,116.3210589,127.5779019,127.2379714,129.9687969,145.2183292,154.1749266,168.8782102,189.0498004,195.4651206,207.0674143,227.0404207,256.5005868,294.796684,308.1765642,334.7555965,373.0020439,419.1946422,440.3176696,493.4403106,559.9801775,636.9792365,672.8651648,764.7936679,908.3730384,932.8105577,1039.09373,1165.544974,1248.22317,1393.339933,1530.958991,1673.697965,1925.140747,2146.74847,2417.014226,2606.56844,2953.362062,3284.669158,3684.695057,4031.092825,4512.614717,4838.07662,5429.367542,5893.593356,6539.070502,7157.294494,7902.978072,7755.248776,9142.965788,10466.34481,11462.9728,12589.29577,13535.06745,14524.51033,15897.31036,17684.21885,18913.15002,19927.03535,20980.33094,22590.57712,24773.17159,26592.63799,28743.65482,29855.58981,32621.95122,34546.37608,36203.38983,38618.84009,46110.80022,38095.2381,34204.27553,36036.03604,71641.79104,68965.51724,1E-10,57142.85714,1E-10,50000,100000,100000,100000,100000,100000,100000,100000,100000,100000,100000,100000,100000,100000,100000,100000
2000,611.2343432,43.51112462,27.96466659,18.51024356,16.93660501,12.80855184,17.24638022,12.61832902,11.7832841,13.12331896,13.78669415,11.86375487,16.05322648,16.08966284,19.6511977,25.39723675,42.80631514,58.19938184,80.4879339,84.13311514,84.37235386,86.73503112,89.38573768,97.15278124,96.69034632,93.31820447,91.31047304,103.7039191,101.4588527,104.6503277,105.5088585,101.4404093,117.303178,108.7503549,113.4679332,125.5943446,137.2766535,149.5024372,141.8385373,154.46644,169.0570106,192.718245,184.9206766,203.4863789,228.1712627,243.1066086,275.7506741,314.0722764,335.709803,381.5989739,440.5368846,435.8386029,475.5779817,526.0964609,548.7360725,652.1313981,763.3158371,813.9256601,865.5274473,1000.829492,1154.062934,1255.229052,1357.012223,1492.526721,1611.288926,1836.446465,2032.705198,2253.381433,2504.433412,2788.011304,3052.37258,3397.96902,3819.858875,4274.763741,4789.360326,5135.876174,5599.674431,6219.242948,6916.895597,7452.641161,8231.117416,8307.828673,9793.489793,11009.25119,12090.6144,13178.89626,14343.37015,15384.69464,16849.83547,17933.45233,19281.31516,20134.37241,22416.55418,23927.06773,25916.83708,28389.49991,30340.29714,32942.88129,34775.65704,34514.4357,39932.6977,36363.63636,49543.14721,38022.81369,44444.44444,52631.57895,46153.84615,36363.63636,69565.21739,66666.66667,1E-10,100000,100000,100000,100000,100000,100000,100000,100000,100000,100000,100000,100000,100000,100000,100000
2001,597.163401,41.08181343,25.44671071,17.01630158,16.64455782,13.16900299,13.62485173,13.36996967,11.34405454,8.780867493,15.33517087,13.76046655,19.15790907,20.29461009,24.2111544,25.97611355,34.68669245,59.97043272,85.40274694,91.69775202,80.6178998,80.33285745,84.98450803,79.15713598,98.90978072,90.85889613,87.83768082,99.85903017,92.01283897,105.2345456,95.31059425,111.5403949,109.349583,121.772477,134.2283672,122.2531707,127.2507611,132.9644054,149.467277,163.7449728,173.689684,180.104116,200.7456093,208.6305552,219.8882614,255.3101509,285.6334785,318.0951744,341.1319359,390.6873451,395.751231,443.2741795,476.5571799,521.7782927,592.9032164,620.5833823,714.3324505,792.2797035,888.9352616,974.1167788,1075.271674,1207.175136,1331.760851,1440.193169,1548.075609,1728.330893,1922.285461,2152.32797,2305.920741,2642.622791,2946.687467,3261.301884,3635.078203,4022.895958,4492.408778,5025.103132,5454.61813,6052.722223,6600.584536,7335.332912,8027.992976,8686.706004,8676.348189,10562.07672,11799.7002,13283.38659,14020.96263,15009.72152,16683.31182,17936.03593,18885.38915,19798.33691,22364.39588,23616.42996,25373.60489,26835.44304,28396.64248,33474.86034,33514.81037,35226.38867,33451.59655,35498.62763,35193.13305,39263.80368,45508.98204,45569.62025,40677.9661,64864.86486,1E-10,66666.66667,1E-10,100000,100000,100000,100000,100000,100000,100000,100000,100000,100000,100000,100000,100000,100000,100000
2002,599.2769668,47.03148302,27.77032067,16.16099044,18.30310419,12.81408695,11.48869816,11.43265832,9.651795185,13.62511649,10.01211153,16.0407039,11.75733731,20.96998828,23.16201103,28.9187645,39.86605007,58.23159372,80.37385702,72.9148309,87.84716789,82.75717543,92.79595198,82.30438609,83.81243973,95.83654892,91.80108437,97.68038937,100.5665827,100.2818307,111.2818026,103.8074903,116.1604243,112.4478123,117.4910742,117.5123595,131.9587453,142.7097086,138.4433972,153.7328461,168.926579,183.6109526,190.8860175,220.6833483,216.1003985,260.3192784,281.0770769,321.8267912,329.0136825,389.8319511,414.7611154,437.9969862,484.4183086,515.4726492,553.9218442,627.7685776,669.1813318,767.4847552,864.8265811,953.060612,1082.41211,1157.499099,1317.58757,1424.210526,1563.038854,1721.475035,1871.345473,2103.374959,2314.391411,2585.725222,2796.80094,3225.647855,3534.246716,3881.38656,4414.386055,4873.452267,5438.800669,5916.806422,6477.250939,7216.724668,7959.014522,8821.231953,9570.520982,9367.524877,11040.2879,12743.19426,14106.86295,15236.79993,16698.55338,18228.20189,18551.75953,20382.40316,21910.81627,24232.73859,25562.93727,28033.27443,29917.19112,31368.47572,34683.67523,36416.69098,39387.7551,43684.8687,45941.80704,41779.4971,39183.67347,57831.3253,66666.66667,28571.42857,57142.85714,100000,100000,100000,100000,100000,100000,100000,100000,100000,100000,100000,100000,100000,100000,100000,100000,100000
2003,576.7526621,39.006021,25.44639782,21.91984508,16.33547529,14.12634659,14.07263337,10.35805334,10.3197536,11.68076091,9.21614156,12.4812664,15.51483868,18.74673104,21.24281869,24.9454083,38.71071527,52.8585303,74.3665315,68.99229271,84.23684593,83.71879997,85.52090214,84.80016018,84.8921886,85.63912585,82.9602516,79.75127909,93.35005418,98.53642381,101.651597,104.3263863,111.7057468,113.3653333,117.6548318,127.9938702,126.3294349,136.5247591,138.7340991,155.1884724,170.9369564,181.8586027,194.6499257,223.7325017,222.9998721,230.305888,270.5002793,309.2507998,340.2670732,358.5770642,415.0267704,424.3539013,471.3622526,516.509697,562.1779189,636.2800153,683.4380206,762.3702634,830.9896278,914.4405027,1074.172112,1143.610685,1270.20046,1410.299555,1554.429746,1656.033909,1825.556484,2044.753908,2265.41838,2514.001297,2678.92845,3075.787632,3376.489299,3819.150593,4264.076174,4676.362474,5202.303297,5792.389493,6255.45918,7147.464097,7737.412482,8701.485349,9535.088493,10553.22792,10094.41926,12702.7556,13934.32025,15390.10067,16481.56218,18137.70223,19216.69232,20498.1702,23049.93212,25230.74443,25279.89476,28493.37246,29439.64316,31906.61479,31377.45136,34483.69936,41305.40672,45187.52824,41754.91679,40287.76978,51525.42373,55696.20253,33802.8169,1E-10,42105.26316,1E-10,100000,100000,100000,100000,100000,100000,100000,100000,100000,100000,100000,100000,100000,100000,100000,100000
2004,555.6946009,42.82271951,23.11242574,20.36236131,13.01015358,9.912637994,11.35234085,10.03687893,12.4103468,11.32697486,11.88711505,9.704501133,15.22475545,14.04040743,20.02278844,29.08363473,33.03012644,52.9037005,68.41256992,64.24496732,77.47919758,63.53104637,81.02086287,87.02759372,75.34241345,83.44782574,83.64588018,87.43716751,87.18784655,90.18301369,88.86083938,100.4086778,112.8226202,109.0014906,109.2148634,126.3684856,132.1328545,136.4044584,137.2306483,159.6665263,164.413317,160.2836123,186.0117596,214.4042551,228.9987038,235.6599533,265.3882531,292.1956031,324.6034188,366.5374318,377.8513769,439.1016314,492.2821777,510.3156017,556.0811828,583.1814632,644.3006089,729.4161445,755.7452791,855.2848404,989.9240406,1095.901156,1269.114462,1277.05514,1477.646922,1621.424122,1792.616103,1931.051439,2123.873833,2379.536236,2629.139155,2876.247603,3268.324387,3552.089696,3930.789291,4454.563154,4845.530867,5455.23306,6136.558521,6668.333525,7350.862209,8041.271878,8969.814022,9944.348808,11184.85367,10405.68022,13052.58778,14708.50737,16181.07872,16985.69392,17736.55412,19670.38469,21255.0808,22598.69291,24978.5953,27592.21149,28334.97309,30039.59765,33036.43725,34347.56464,35683.20279,39091.29876,38461.53846,50192.06146,35359.11602,55813.95349,21333.33333,32653.06122,1E-10,1E-10,1E-10,100000,100000,100000,100000,100000,100000,100000,100000,100000,100000,100000,100000,100000,100000,100000
2005,572.4408798,39.60414686,25.69378648,19.26640028,11.58270413,11.2776324,14.27419493,8.622100734,8.95430801,9.465688195,11.52855167,13.8745433,16.8031017,17.70328546,18.94606369,23.47239793,35.07686154,60.47687909,68.15139345,71.45490261,70.1998736,73.6024777,71.46942025,79.68112129,71.60524552,81.74347147,74.02240601,79.3816629,67.17669944,83.30216642,98.59330775,93.95385049,100.68353,117.6834293,111.2653976,117.5454127,131.8916689,142.4652551,136.068754,143.3320894,160.1001685,182.4342771,189.5483911,212.8816772,209.9328781,252.2434776,263.1822558,290.2555017,329.4995853,339.196071,394.4968235,430.4275067,456.0870834,474.4555764,524.0903684,590.6880479,625.0711269,698.1636369,760.8817809,830.1892075,972.3612083,1038.115047,1184.744276,1302.485124,1435.554313,1550.102039,1686.542901,1904.593786,2051.707226,2227.49943,2465.043515,2854.623154,3087.046983,3410.690017,3899.168163,4152.728408,4776.812772,5324.511147,5805.755631,6493.875631,7116.002033,7989.03559,8599.512074,9623.031838,10811.62135,11710.51854,11502.67785,14033.67991,16005.18135,17864.93668,18435.43344,19591.97074,21100.15252,23409.66921,24225.66804,26948.74128,29412.42056,30866.4336,34051.87162,34020.73867,37625.97984,38561.15108,41490.13879,41274.65857,41192.41192,56852.79188,34042.55319,25000,100000,44444.44444,66666.66667,100000,100000,100000,100000,100000,100000,100000,100000,100000,100000,100000,100000,100000,100000,100000
2006,544.867243,39.7490041,23.58308523,15.13632539,12.82789952,12.41483746,10.11524353,9.29895773,12.3496605,14.16910034,12.0445373,13.84119643,11.78389238,19.3284262,19.45014684,25.19885382,35.47069048,58.09900433,61.77750446,71.03894137,74.67460199,69.25003684,75.11167265,76.93649888,73.21238455,79.56798258,72.69086077,84.54024262,75.56040076,92.2698346,94.70393738,99.11783209,110.1828799,107.8803885,110.3517749,123.0151755,130.1206457,136.2059579,142.545508,149.6715982,156.9147332,175.2384371,185.429959,200.6082166,226.6677503,238.506033,261.0235302,285.4608319,315.2150358,340.5228226,377.5072353,429.0476407,443.4798311,507.6041045,552.6958898,591.1146011,661.6752007,693.2161649,756.0131931,807.7187866,913.5245987,1052.021775,1139.528063,1260.319731,1393.140459,1514.154897,1661.932898,1818.692937,2006.302043,2131.94709,2399.51711,2664.378412,2952.906451,3222.408721,3598.338235,4023.30561,4497.52117,5020.249686,5542.262396,6228.834639,6936.1881,7546.307017,8586.102302,9351.247656,10324.3935,11594.26917,12914.71982,11839.13986,14496.24929,16830.1185,17847.59444,19659.58098,21171.90327,22911.55933,24308.21994,26162.33255,28189.78414,31783.51784,32152.13946,30539.63448,35338.48088,35209.05376,41051.31414,40054.1272,43636.36364,48730.96447,38095.2381,63157.89474,57142.85714,1E-10,1E-10,100000,100000,100000,100000,100000,100000,100000,100000,100000,100000,100000,100000,100000,100000,100000
2007,535.8301455,40.73486759,28.23695256,19.38033484,14.53325801,11.62665221,11.20692876,9.503182693,12.51222322,10.95104482,7.045193612,11.97444627,13.51658706,16.31657729,20.53712831,28.02820059,34.49108196,49.39899426,63.36751301,65.48704148,68.65513667,73.79659904,70.79900881,71.89884051,78.39578367,73.36858082,79.24459076,77.74200029,84.1128452,78.80750159,91.77587643,101.2239577,110.9107494,113.4654925,114.9791452,124.7199339,126.3462318,130.5165903,136.9405987,154.2727483,160.408436,166.9559736,200.9868561,198.0709564,211.0822559,237.7896735,245.165971,272.4422686,288.5661717,326.9871789,352.0679025,397.6093044,435.7884433,502.1639753,537.8919515,603.3700545,649.010235,670.4918738,766.318671,815.5827243,867.8583998,995.4555602,1130.765629,1214.871082,1358.662822,1497.532863,1624.573273,1755.18545,1978.113148,2151.617187,2286.732603,2546.664122,2861.058935,3107.417705,3523.847437,3965.774923,4413.521088,4889.165695,5368.780937,5996.729805,6653.653149,7539.330198,8409.886819,9208.116578,10120.36406,11185.53722,12647.02393,14017.85212,12758.72153,16189.13036,18368.15311,18751.63173,21227.87959,22723.01429,23444.76863,27586.66778,28398.71639,31411.45495,35413.35938,34611.67855,35512.19512,41731.40954,43381.18022,33443.34433,38427.9476,54106.28019,53781.51261,32653.06122,1E-10,47058.82353,66666.66667,100000,100000,100000,100000,100000,100000,100000,100000,100000,100000,100000,100000,100000,100000,100000
2008,522.7192907,36.92210653,18.47329852,16.27681656,12.46203838,14.23801186,12.18008252,10.87215031,11.96037916,10.2877525,11.70450903,9.094845269,9.847043668,11.6536157,14.21760037,21.1721094,36.50525118,52.62238401,59.17921714,64.06660971,75.49756855,63.79328996,72.86909346,75.2437881,71.59825503,71.77561507,81.05809593,78.94300949,83.48289711,86.89268297,90.2259118,97.67445353,92.66668662,112.6318444,122.8714113,134.5873172,125.9252234,131.2685924,153.9806401,150.5422435,164.5279739,184.9241098,181.7725059,205.2113125,207.5686744,242.3141328,256.4361964,292.0183006,302.1810649,327.7211093,375.6540516,397.9221189,421.8229716,469.2601466,520.05913,576.715493,616.5175443,683.4766365,719.2804444,803.5913985,873.924,946.5557443,1043.148412,1218.934099,1288.486215,1436.167863,1579.040105,1710.718051,1955.787808,2129.699521,2314.307116,2537.933564,2790.050956,3134.63012,3335.591018,3805.586075,4194.644324,4690.482984,5263.538941,5962.452275,6525.058955,7378.623161,8079.212996,8922.486018,10081.67859,11109.14237,12515.11556,13690.46064,15506.82901,13723.01939,17019.87603,19989.63872,20999.61967,22881.22237,24565.32427,27275.31016,30109.64758,32520.55774,32979.59184,37753.51014,40310.56885,38664.1325,43835.61644,44132.39719,51063.82979,51724.13793,63636.36364,57142.85714,1E-10,1E-10,1E-10,100000,100000,100000,100000,100000,100000,100000,100000,100000,100000,100000,100000,100000,100000,100000
2009,511.3943511,31.64728872,18.71507571,11.06008884,9.223550029,11.34603397,10.52174714,7.517557835,10.53267585,8.022756965,7.803127103,10.31188153,10.07301971,13.64344717,14.41674299,25.66217694,28.7210187,49.77808794,56.59895007,63.87768144,64.35590767,66.87783851,60.36324507,65.18812698,67.31203453,72.75739494,79.77245742,73.28156083,84.60207228,81.50711533,91.38179494,83.16103486,93.58811534,96.96867625,110.1022929,131.7902482,127.1774193,132.1787684,144.1846622,154.2622414,175.1233477,182.5807005,193.9309821,205.8032679,223.4685117,235.8127741,257.6507863,258.3263314,285.6612212,310.8905963,338.5622527,384.3605694,419.3717385,460.6948903,480.7486296,571.1076869,610.1150507,654.5538704,738.6009709,790.1947167,868.6688348,932.4873332,985.3520471,1094.781187,1253.547997,1327.054895,1498.754106,1643.034758,1861.377818,2041.527103,2157.719444,2407.920436,2700.17806,2951.77452,3241.294747,3598.820022,4097.929755,4463.005227,4891.824601,5521.703223,6370.497983,6936.624815,7777.533771,8586.161464,9602.421206,10651.10783,11703.34563,13277.10172,14886.9037,16665.06292,15593.72519,17430.55594,19605.80643,21203.12187,23036.49786,25668.02197,26812.91895,29358.04016,29635.71062,31554.05405,34176.6399,37139.27227,34965.03497,45117.84512,42264.15094,53846.15385,10000,47058.82353,57142.85714,53333.33333,69565.21739,100000,100000,100000,100000,100000,100000,100000,100000,100000,100000,100000,100000,100000,100000,100000
2010,464.3023845,32.15359148,19.16887779,15.59852985,10.2337359,10.29792507,10.78985546,7.387292295,10.96117221,11.33725791,8.803737186,9.630380641,11.04344082,9.758665631,12.786101,17.34727067,22.89774012,38.79462386,53.86975424,46.57877446,55.22576764,67.51847323,59.91340382,68.42139537,64.10224425,60.91310139,63.57405384,68.50021273,70.39396407,78.76138457,86.5592468,85.40068153,96.49277336,91.13816856,108.3273116,103.9217307,114.1217716,124.3696865,140.0905165,153.9600524,160.1245462,168.0136618,178.5085857,186.8059973,232.4613264,242.6612706,241.8283428,255.7931598,280.8412625,299.0702366,331.7008611,369.4688276,418.5288114,444.2714429,487.3629459,545.770998,624.5548336,657.4603114,707.1926132,763.5260725,860.5995282,908.5654658,1001.380674,1097.330421,1190.127093,1316.9279,1466.232257,1592.275869,1776.609418,1985.996676,2157.344058,2371.862016,2624.476579,2892.644752,3201.835694,3540.795875,3893.491085,4371.639095,4899.860992,5311.292737,6052.983425,6806.859281,7500.825782,8242.693156,9357.13372,10427.96391,11428.64525,12767.24644,13971.97472,16230.19804,16394.16572,17233.35495,19704.01148,22495.76432,24967.27463,25945.37968,27585.63352,29066.82496,33627.69339,31873.28269,38695.76933,43017.177,35983.6438,34889.05891,35351.88216,33472.80335,43243.24324,41379.31034,50000,1E-10,100000,100000,100000,100000,100000,100000,100000,100000,100000,100000,100000,100000,100000,100000,100000,100000
2011,494.2666847,35.35729973,20.19770612,11.43003604,10.19824106,11.50794261,9.747291319,8.299957705,9.653167375,10.64809102,8.745413947,8.210439026,10.64432423,8.630031529,12.76347807,17.22616338,23.73374775,35.14256084,40.58561149,49.21517688,53.03168245,54.68488123,58.19335609,50.91900451,51.38634613,64.71818697,58.49490199,62.29925835,72.64515673,74.93669943,79.69056568,81.51118044,80.86781422,88.7386035,99.74270623,108.0247453,118.4048691,128.7728328,131.1118336,139.1830048,155.805865,166.297828,190.8288112,186.9681765,208.5116834,223.4060881,234.5536305,236.7242448,276.1173543,289.7427277,312.2855775,350.8364951,402.5794452,437.6637444,455.3670036,528.7098922,575.7748745,620.1970606,705.6039643,730.0173224,814.7041795,878.2299338,972.2983606,1049.769999,1153.927355,1227.458887,1421.937235,1523.448176,1649.563286,1845.060826,2176.448539,2378.831132,2556.369905,2731.21485,3131.252535,3307.830004,3762.65623,4092.512259,4550.623078,5178.052079,5791.147074,6425.620888,7292.677451,8111.180086,9007.793439,10046.41509,10964.05229,12373.19555,13680.98028,15260.67173,16650.82199,18033.93798,18536.2793,22361.58528,23897.7278,25463.55016,27998.76403,30357.78822,31601.06457,35062.72263,34651.01109,41225.36215,41304.34783,41935.48387,42448.97959,35164.83516,41558.44156,41025.64103,100000,1E-10,80000,100000,100000,100000,100000,100000,100000,100000,100000,100000,100000,100000,100000,100000,100000,100000
2012,458.0821787,32.52102764,18.21823227,10.43340294,11.3987506,11.19331556,9.392693854,7.271441917,10.72173054,8.744347026,9.453897745,11.5444788,11.21317685,10.10890012,13.08017526,13.27617345,20.52298131,33.97168649,50.85957859,45.66305566,47.6408761,45.41419696,50.14543601,58.36563533,50.16758013,58.92001163,61.76634259,57.8165187,65.76092732,72.54796649,77.57601736,80.42672253,75.82453419,91.86225672,89.19119003,97.80930267,101.919419,114.6070411,126.0707077,140.7885154,158.0164317,151.394115,157.3283116,192.6299876,205.6273347,214.2087891,228.1130525,253.7723788,263.7212763,289.0782289,312.2209567,334.5384066,363.7562079,407.8895853,454.5130668,497.0207365,557.5957956,594.63293,651.3123735,726.7827874,789.5727144,896.3692072,958.0733058,1025.54817,1113.160907,1211.871917,1333.906322,1536.399876,1617.98325,1842.30209,2033.023967,2279.822206,2553.935588,2752.408357,3026.721622,3375.562846,3741.366718,4135.247314,4635.58928,5025.920873,5627.210806,6507.586263,7262.026578,8158.22211,9088.72916,10127.16215,11503.93369,12669.15234,13930.07028,15283.08233,16803.31794,18701.49352,20252.89192,21272.95549,23895.3203,27354.32222,30027.91003,32069.46454,33572.15967,36936.0506,38136.51138,38297.0055,40148.08721,42803.31575,46994.53552,49406.17577,19607.84314,42553.19149,74418.60465,1E-10,1E-10,100000,100000,100000,100000,100000,100000,100000,100000,100000,100000,100000,100000,100000,100000,100000
2013,433.7012624,32.5510512,17.90137489,11.04457383,10.89304392,8.894763825,7.359997462,11.19179615,7.501825221,7.644975528,7.846519281,6.554212061,10.95451384,13.65259937,13.018161,16.46591213,22.43552972,29.29938478,39.58151879,50.48015962,43.61507691,47.63534796,43.42072035,52.54059955,55.00516402,63.74397034,62.17303697,64.83137139,59.41610957,69.94071761,71.77634771,81.66743496,85.69308457,86.54812527,94.29674364,100.5815897,110.1197841,123.9033604,133.1516162,145.7363141,150.8353474,166.841351,186.4938227,185.8008318,203.8306174,230.4992802,237.4636478,244.3160132,269.2825543,295.2776324,305.7706534,343.2730627,376.3238442,414.0890999,458.8046505,477.7050014,539.0116184,607.8536284,663.0524111,763.8319795,823.5732171,877.1933025,981.5619049,1040.205637,1134.859115,1239.369401,1347.009683,1431.542636,1622.111371,1789.313481,1993.252196,2170.140962,2539.592265,2767.979588,3013.834862,3371.612096,3682.932913,4031.009744,4598.274209,4993.795068,5715.737614,6418.811406,7384.502757,8088.011568,9021.963725,10194.4671,11350.18467,12405.6217,13901.54561,15482.8935,16897.4828,18645.94895,20995.53452,22487.04427,22838.96354,27293.51151,29362.59143,32346.22795,33632.26738,35097.06356,39191.50394,40337.48493,41715.26587,36740.74074,51715.03958,54901.96078,32989.69072,43410.85271,34042.55319,1E-10,100000,100000,100000,100000,100000,100000,100000,100000,100000,100000,100000,100000,100000,100000,100000,100000
2014,413.0146936,34.93857638,17.30914028,13.50516143,7.338159192,9.614999399,11.32461359,8.605786632,6.748693576,10.38424364,10.8407731,10.01286027,10.48118556,10.91492238,13.33876865,14.82960519,22.14142772,29.65211042,42.38920521,45.60716984,47.77673438,48.71472662,47.94713486,58.03575305,55.11686929,49.76470333,73.35204751,66.61936929,65.26613515,71.8687428,77.66084142,76.45068377,77.81635688,84.61749386,92.70488295,103.7249603,99.02924945,111.3947077,144.2173295,136.2260734,161.2184026,169.052665,160.5317333,182.9889902,203.9944483,226.7268437,238.5899119,250.0912238,267.1502143,295.339218,310.4988223,346.7879181,367.7240321,394.9581486,442.0746532,483.4409767,510.1425558,582.7433679,663.600829,730.7004174,783.8481994,863.9420367,955.41167,1032.282296,1138.442303,1228.805617,1294.730346,1445.564689,1563.914469,1782.028991,1943.391216,2149.474805,2453.732014,2627.67027,3008.978945,3258.613344,3588.36779,3938.583651,4438.91148,4889.934898,5573.09747,6124.813717,6927.781889,7839.30838,8690.18509,9830.900328,10798.58971,12272.40794,13612.27118,14909.5091,16341.35372,17563.98173,20144.0828,21845.57029,22434.92368,25061.59415,28493.44017,29838.31455,33529.86414,34271.59852,32229.96516,37096.77419,40728.25354,36907.73067,48704.66321,41260.74499,57777.77778,52892.56198,45977.01149,70588.23529,66666.66667,100000,100000,100000,100000,100000,100000,100000,100000,100000,100000,100000,100000,100000,100000,100000
2015,439.5941385,29.81171771,16.4367299,12.71481027,11.78243966,7.552929897,8.838704688,9.567077479,7.32050562,8.020994306,10.05857798,11.29689725,8.280156329,10.69141448,9.746402098,18.15016007,19.22519185,30.22806689,43.13898452,45.63319876,46.1697774,50.6108562,50.9611862,54.26185925,57.00104652,68.9181663,55.88254378,65.44333053,67.5855049,65.66438243,71.3991487,71.40248909,99.36319337,89.10600925,97.99059187,102.1177147,113.4550612,116.2730964,127.3951888,134.2401245,149.6700036,157.7050279,184.1031374,183.7489325,207.3071956,209.5365661,232.6482922,268.486529,266.1392453,306.5142324,346.3888931,345.8135233,363.9725427,397.771268,441.4909944,494.15982,552.1336998,603.0816713,642.9979549,687.100581,812.2390362,872.2916321,936.5274248,1068.701554,1167.174225,1227.033334,1326.580789,1466.686044,1587.295358,1737.615189,1939.473136,2178.112535,2406.967949,2665.082143,3063.678742,3360.891693,3714.636844,4096.051404,4462.592285,5008.281946,5692.982973,6258.949205,7166.034987,8103.798146,9037.014125,10228.00661,11341.48403,12589.99934,14250.05742,15471.82576,17266.54661,19200.52091,20742.96202,22922.13473,25927.76134,26383.56434,28152.26772,31993.90108,35189.86179,37585.34442,42555.8185,42075.63764,44539.0934,47438.11169,48854.96183,49025.06964,36363.63636,43478.26087,39344.2623,34782.6087,38095.2381,100000,100000,100000,100000,100000,100000,100000,100000,100000,100000,100000,100000,100000,100000,100000
2016,414.8412402,27.89293385,15.99749239,12.49444196,8.143983228,10.7875447,7.283876018,7.584204548,5.870697879,7.300744739,7.482096987,8.417796274,9.606833661,8.484021645,14.51451731,14.93761988,23.40159696,29.96939864,39.28392999,44.24013765,47.36521993,52.55219871,51.47854304,56.93618174,58.27078045,65.49801438,68.29132574,64.38020448,72.95570128,75.8343518,76.75085752,83.15651687,94.2047037,92.95807868,100.2278167,101.7007223,113.0961405,111.7125876,120.4970252,135.8040429,151.8262756,174.0369422,175.06297,206.1095769,224.5091383,222.9320593,236.8429257,272.2690792,281.1654307,299.7655872,342.0232025,346.8640427,383.5493813,403.3742964,433.8328865,510.2156446,541.2146868,563.9077943,633.3595006,719.1494034,792.0144722,873.8688427,938.8042814,1051.742139,1129.898172,1249.248061,1367.050863,1442.225808,1597.286703,1765.338488,1887.942199,2171.594832,2341.004985,2574.39744,2899.17236,3281.079414,3582.660542,4021.284428,4453.577072,4926.622732,5488.060914,6137.883067,6880.472478,7806.196868,8803.653584,9849.828586,10922.14894,12098.9516,13676.14219,15145.07229,16705.87066,18020.4975,19867.14186,22268.74264,24125.26031,26536.42963,28361.24759,29498.13719,32724.69922,35006.65126,41099.06306,39031.23903,42768.85043,46330.27523,51936.21868,57831.3253,38787.87879,48484.84848,50793.65079,51612.90323,66666.66667,100000,100000,100000,100000,100000,100000,100000,100000,100000,100000,100000,100000,100000,100000,100000
2017,428.5097711,24.65412526,14.59507267,11.7702373,11.52373506,9.82211197,7.422074206,7.998858345,8.058421111,8.30015813,6.032723756,7.721731946,10.20046863,12.18281237,10.85068341,17.99174732,24.17786667,31.45490253,37.93930608,41.97224864,46.48524243,45.85011881,46.28532376,49.4255146,50.57043978,61.41492394,57.53447165,63.70264157,70.39341523,69.22021881,72.80204353,78.96099168,87.38996809,85.64564519,95.72033017,103.9240847,120.8970217,126.1728351,120.5400833,142.4302633,143.1704419,175.5516677,177.7317631,201.574544,193.559883,223.0415981,235.1216839,271.7942085,284.975704,318.5519188,326.9658958,352.0974437,391.660354,386.3460752,443.9027796,468.1431732,539.2229604,586.7023418,631.5697758,702.3082788,779.9012343,836.614905,923.8691329,1029.259327,1141.069631,1197.06074,1363.260449,1477.938926,1574.725307,1708.041821,1878.461817,2016.870951,2362.458919,2614.207138,2898.390711,3229.549474,3655.835517,3967.535872,4425.38563,4944.869052,5517.114443,6153.153913,6872.272857,7779.036892,8688.518548,9735.491841,11048.5971,12429.0118,13650.02691,15066.45554,16645.78458,18807.3916,20559.77829,22199.1368,24135.98301,27436.02032,29892.32363,30991.50469,30525.72075,38727.36455,39627.35742,40587.25144,47789.16545,38288.28829,48203.93975,55555.55556,37209.30233,69565.21739,53333.33333,50000,74418.60465,100000,100000,100000,100000,100000,100000,100000,100000,100000,100000,100000,100000,100000,100000,100000
2018,416.648066,25.82536911,12.10129602,10.85570033,11.04377823,8.100517605,9.828622387,7.896328387,7.507034818,4.143635467,9.505219798,9.786804502,10.0137143,11.95890038,14.17987633,20.41798435,22.75500773,35.06746239,45.5747775,49.36229923,51.34201299,54.91408234,52.41486365,53.34818622,59.97832495,62.43123909,64.32773482,63.71421567,75.37646245,81.03475678,80.42553035,90.1214896,79.43487759,98.16039931,99.9003598,108.171233,114.7989175,135.2111775,125.4264142,136.0794127,157.8244811,163.6419394,193.5544483,205.3740572,215.6837945,239.3393349,258.2637095,265.9554852,283.523167,319.7230226,335.3581937,358.7035796,394.093762,429.2422345,448.031347,484.728103,527.9618299,600.3234673,654.5337131,685.7412434,754.6703435,850.3121947,921.5667611,1043.942986,1073.552317,1222.443703,1344.882538,1439.321757,1612.776135,1783.776623,1896.047435,2077.561897,2215.989063,2606.252766,2846.915803,3185.405228,3515.301077,4001.474281,4409.466657,4883.300553,5481.804002,6173.035187,6755.187054,7663.818527,8586.252993,9539.396125,11024.22272,12254.63609,13846.28842,15607.48883,16516.37829,18237.77781,20590.20844,22266.45961,24672.5197,26455.65956,29867.90442,32159.09311,33341.14339,35489.83364,40294.01133,42138.24163,43926.78869,49196.6759,51717.17172,54683.5443,38095.2381,63492.06349,82758.62069,61538.46154,47058.82353,100000,100000,100000,100000,100000,100000,100000,100000,100000,100000,100000,100000,100000,100000,100000
2019,435.3455801,23.84220592,13.97272307,8.585188356,7.586963195,8.545002791,10.06566929,5.272095547,5.017688847,5.557938488,7.048642316,8.503543396,11.51213091,13.81991815,10.8375595,13.52733351,20.73892387,28.40320239,37.27245499,43.96041135,55.39373405,54.71813803,55.41929343,52.69665332,61.10583662,64.8506519,62.97090503,69.46147868,73.33474866,77.83398181,83.5239193,85.39468003,86.77974727,97.51012643,93.46944491,110.4886174,108.7130943,130.8920164,132.9152185,139.3006536,153.6088767,156.8859645,169.1001461,186.1412202,211.9326861,235.6475676,249.3870305,264.5983967,277.7990441,304.0576628,341.747024,362.0383997,380.7036615,415.7786373,447.3568228,471.3442627,546.1510119,564.6481388,619.9569245,679.7463186,740.5693127,807.7814115,922.4553376,986.3125906,1079.379489,1200.408228,1303.010704,1421.41301,1553.117621,1718.543928,1813.926982,2046.840317,2206.993998,2415.685072,2767.256541,3092.873319,3382.954013,3712.865589,4285.174205,4794.177922,5382.935426,5894.130749,6551.73587,7423.293586,8384.756682,9349.744895,10410.22367,11563.803,13400.3869,14966.3157,15852.25942,17667.75731,19283.23101,21619.46947,24061.27906,26045.78185,27933.53419,30561.41832,33658.12447,35980.66298,34575.73354,38464.58251,42373.96299,41193.68051,40693.64162,55278.31094,52000,69841.26984,38095.2381,1E-10,100000,100000,100000,100000,100000,100000,100000,100000,100000,100000,100000,100000,100000,100000,100000,100000
2020,414.9517578,20.35404919,13.30565013,12.47572935,8.106255274,6.596086428,6.548864764,7.621175929,8.877159309,8.601392649,7.243942479,5.339238855,9.704177254,9.74575755,13.77607249,16.94025608,17.30698195,28.92519878,36.82964336,43.47651686,52.35967826,45.0049155,45.8997402,56.94115353,53.77335439,63.22340424,66.00468775,66.57280448,67.07751645,70.51967121,75.16774608,79.54966798,94.05251861,93.69814733,106.2583386,113.3028373,122.7934108,140.5710787,136.4161923,160.4052416,168.1721574,185.4185542,185.3291992,208.5578718,228.8691134,257.7599314,281.6892858,288.4982386,318.1165338,353.779566,382.3362639,414.7042303,437.9855166,470.5821347,517.4300432,555.2410753,602.2581944,650.7390068,725.8649891,790.5199257,862.0840988,926.9509007,1035.97476,1137.101061,1205.764493,1330.839367,1524.559476,1589.309394,1756.531529,1917.947511,2108.249088,2258.179005,2489.755555,2780.636478,3006.298195,3508.654726,3902.784402,4310.262625,4874.472749,5521.906294,6230.833852,6781.900968,7676.359677,8438.55583,9497.833736,10641.23348,11953.15628,13594.73088,14940.44558,16858.70557,18255.3097,20312.4681,22011.70452,25139.12765,27095.08197,30361.0987,31762.23041,33672.36862,36898.00669,39863.98117,42138.09726,45574.77111,49289.09953,49644.47317,55667.789,50678.73303,76000,63157.89474,90909.09091,1E-10,100000,100000,100000,100000,100000,100000,100000,100000,100000,100000,100000,100000,100000,100000,100000,100000
2021,440.5252315,23.15367892,13.8586949,11.22492097,5.732661874,6.851142127,6.349375666,8.317307813,6.639869465,5.278261868,3.339383979,7.94903225,8.470171987,10.15722538,9.958398789,18.28869854,20.39465571,33.70207746,43.92424609,53.68236287,50.82642173,55.46204316,52.96392629,57.72643697,58.45401753,57.72872049,67.93478261,68.11245131,70.92264548,82.40789531,79.01606085,87.37904926,99.50143075,105.9590266,104.0689253,119.5413197,131.9378081,137.3439396,159.1356667,166.3025155,175.5941465,195.0459257,203.7319611,225.4566988,249.6280883,253.7335898,278.7866585,311.8434215,352.5632479,377.2570018,401.8250194,417.7566534,481.2317699,484.3822656,534.6516207,570.6078214,625.8230763,661.2565029,711.7975953,784.6296088,883.9665674,964.6127833,1044.351045,1125.204003,1214.912025,1349.40922,1439.748366,1629.047706,1721.33186,1915.597305,2030.858329,2211.406434,2442.712896,2646.385296,2942.618206,3195.947208,3724.055653,4007.008892,4625.057265,5107.218351,5825.88644,6358.049881,7120.620142,7886.529365,8799.759077,9820.975799,10878.1364,12241.16188,13809.33854,14964.5829,17189.15111,18698.02417,20939.72132,22678.98674,25121.58635,27629.25281,29530.48098,32977.07588,32533.0835,38054.24793,38381.93791,41854.81913,40522.06339,53083.10992,54408.06045,56363.63636,57657.65766,77419.35484,88888.88889,1E-10,100000,100000,100000,100000,100000,100000,100000,100000,100000,100000,100000,100000,100000,100000,100000,100000
2022,438.8426581,23.6583531,16.66276002,11.45741595,10.49190992,8.190901764,7.729798654,7.986634866,6.942535333,8.475309909,7.092988787,9.177747375,12.6061151,13.1470987,10.98581248,14.73554757,25.73656873,28.22742688,39.72630078,46.54809763,46.10620627,57.52903496,50.39000525,59.67528679,50.30565705,56.80657624,67.73468771,62.57109186,69.23931355,73.34263635,80.53400066,88.76336051,89.24633945,96.09862287,98.89373669,101.704048,118.4961576,126.2179565,135.4868551,164.2700917,167.2651222,186.093865,192.7753577,195.0800198,203.0396302,255.5842084,269.8001484,281.5320907,307.4833548,334.7918762,371.6271718,397.9831844,423.7621921,452.183538,494.9358551,527.4216792,569.3817793,637.4611694,660.9263822,725.8607423,785.0795378,858.0676279,933.6632394,1032.894635,1120.464981,1216.974338,1382.79221,1500.169749,1683.377113,1787.757443,1956.221291,2185.624198,2398.028923,2546.34224,2772.382624,3099.923453,3455.862533,3909.569181,4317.966929,4814.319127,5399.41967,6119.301171,6975.205125,7640.046452,8526.914876,9505.249209,10739.10416,12140.11288,13524.30057,15144.73909,17104.26065,18828.25658,20931.74355,22899.35365,24947.39817,27327.92648,29554.98747,32229.55609,34680.56624,38322.92912,41177.31515,45185.89133,46581.84171,46813.44148,58744.99332,51118.21086,64171.12299,57971.01449,1E-10,1E-10,80000,100000,100000,100000,100000,100000,100000,100000,100000,100000,100000,100000,100000,100000,100000,100000
2023,477.616591,26.48399332,18.8719812,10.09180502,8.558743291,10.73905471,6.996405597,5.365701521,9.037077971,7.531970634,7.365257368,11.39059724,9.502630027,11.95657302,18.37436893,20.23619879,25.56380551,30.7907166,46.43806308,52.16403405,46.80390558,41.16929319,52.20141651,56.97341672,55.23620526,48.59154387,63.40776694,61.97336171,68.84736155,78.25362871,78.31641885,89.47238979,89.19482906,94.91099001,105.1285386,116.9231352,130.0103926,138.2909343,138.963783,152.9288358,175.8747386,180.7342675,196.1947581,214.9304117,228.0455759,238.8465502,254.1238108,286.2986589,316.9898839,341.6892552,375.4293591,401.584899,442.5652545,469.6483081,498.9211326,533.7024702,567.3923429,625.873948,688.9958254,709.6390689,776.4714333,891.5407231,938.856657,1006.554921,1148.756991,1205.260175,1339.982887,1493.442219,1660.260295,1754.37634,1993.666808,2165.978849,2353.391411,2537.197214,2792.457841,3117.543145,3408.872151,3647.574271,4295.763006,4754.823165,5418.189903,6040.650266,6845.960896,7590.948375,8523.660426,9501.033865,10654.79223,11827.54856,13423.77367,15153.42979,16845.83702,18456.70507,20730.99455,22674.38734,24956.91643,27106.10905,29401.7671,32477.71453,33768.1079,36038.29292,39150.29363,43328.02353,45535.52031,43074.25098,49605.4115,44755.24476,63157.89474,74074.07407,29629.62963,69565.21739,100000,100000,100000,100000,100000,100000,100000,100000,100000,100000,100000,100000,100000,100000,100000,100000
2024,464.7177643,23.98993552,17.75240559,12.81070958,10.89510414,10.15350513,9.263724787,10.77680232,7.659781241,11.27034132,6.684093052,7.951089109,6.874017588,9.377271951,12.49192146,16.95863197,25.7017995,27.2150942,44.97845729,49.32341846,44.15349834,53.97347133,52.66057472,49.5977929,55.21694613,56.97224363,61.58085589,55.5297508,65.43876554,69.1856621,71.93048899,76.07339561,86.02109224,93.72602921,105.8178618,113.9882023,121.5011597,126.9885525,136.3674918,138.4862208,160.3898743,175.6366758,178.9296102,213.6078421,217.6471592,234.3867446,257.361566,282.8973122,291.686984,339.116878,364.8623641,406.9905997,417.4468425,445.9410215,482.3335522,537.0816186,584.8203642,614.49851,669.3971217,737.7385026,768.8955578,819.8073361,915.7286315,970.8841924,1083.35434,1172.898293,1303.266835,1438.336478,1538.418912,1735.304221,1906.765212,2094.906194,2313.310356,2546.365751,2746.629872,2980.986438,3299.902143,3648.028035,3984.349227,4539.332002,5064.939391,5679.189891,6492.449547,7255.485937,8268.780265,9205.408539,10229.15322,11446.11669,12909.59432,14426.82582,15892.19781,17855.91324,19914.13343,21837.07654,24113.55696,26088.01302,28033.04861,30698.94306,32069.90945,32981.71885,37538.93003,37290.18235,45680.57311,44768.85645,51690.4583,43537.41497,44444.44444,43243.24324,33333.33333,94117.64706,100000,100000,100000,100000,100000,100000,100000,100000,100000,100000,100000,100000,100000,100000,100000,100000
2025,365.6167621,23.48122489,15.74227204,11.06919907,8.873051949,7.774775932,7.223906887,6.978435613,6.950626344,6.953889803,6.929083257,7.362454742,8.394664089,9.911016125,12.28553933,16.06719408,21.99045224,30.33667252,38.82058129,44.0358234,46.82229902,49.44340305,51.21599722,52.40903922,54.29114281,56.4224749,58.051553,59.96473145,63.20658364,66.93129863,70.62657896,75.32711278,81.23614872,88.0326741,95.70739473,103.6552323,111.5779192,119.9451419,128.432054,137.8281886,149.6854079,162.185259,175.6251386,190.8686641,205.3555037,220.5671737,239.0655524,259.1912189,282.3064597,310.9683448,342.8104204,375.0980702,406.4445535,439.4990604,477.2759956,519.003623,562.9227751,609.5775369,662.1392991,717.7291921,773.2222524,834.960736,905.4311916,983.3307693,1070.648236,1167.393337,1276.17597,1396.429787,1530.664344,1685.357636,1856.628759,2046.451964,2255.915209,2474.404009,2699.325327,2942.347925,3209.889496,3525.418494,3919.322015,4377.237543,4907.039684,5547.974372,6302.3631,7141.581462,8046.96826,9021.839142,10076.39057,11237.29177,12535.66653,13990.69677,15633.19733,17477.5963,19463.62365,21585.85229,23907.18627,26377.22982,28979.55032,31666.66065,34253.91214,36965.96654,40161.2795,43700.34026,47542.41745,51606.98264,56212.94288,60739.96687,67060.43956,72321.42857,74107.14286,87500,100000,100000,100000,100000,100000,100000,100000,100000,100000,100000,100000,100000,100000,100000,100000,100000
2026,338.399945,23.15896472,15.19205528,10.17275124,8.013470045,7.006396719,6.47011617,6.198294516,6.219572356,6.333320402,6.580823113,7.389374068,8.587612394,9.999301026,12.16367732,15.54650531,21.63038568,30.3754779,38.26813139,43.63723747,47.24201168,49.79523542,51.84078714,53.76327274,55.57118615,57.23146511,59.0867226,61.37695639,64.09215231,67.27868824,71.04524086,75.50761128,80.74929009,86.62080928,93.39628822,101.1358891,109.5082031,118.4668927,127.9596682,137.9431784,148.6198297,160.3929458,173.5885297,187.9535493,203.1539941,218.9258083,236.0216203,255.6359275,278.5011831,305.4827518,336.2954388,370.1835632,406.2200033,443.7021817,482.6711842,523.7285548,568.3615317,617.8884089,672.278315,730.0846204,790.6542324,854.9147255,924.5385523,1001.638383,1087.21767,1181.84094,1287.269701,1405.862488,1539.406941,1689.499078,1859.637237,2051.967828,2264.097876,2492.37933,2733.330857,2986.389598,3259.308471,3568.678664,3934.005094,4374.97211,4907.498756,5540.770744,6281.130214,7127.544452,8070.974346,9098.963303,10198.4446,11371.62209,12651.57792,14090.39344,15729.83235,17586.6636,19616.27573,21799.86587,24201.68046,26815.59842,29594.79109,32500.93212,35471.30016,38481.25497,41650.15747,45119.91726,48994.14009,53191.69031,57654.98948,62032.92809,67956.52668,73412.69841,87500,100000,100000,100000,100000,100000,100000,100000,100000,100000,100000,100000,100000,100000,100000,100000,100000,100000
2027,330.3057139,22.90602932,15.02156787,9.936348095,7.775688543,6.918596849,6.393687313,6.127602025,6.119216379,6.204187739,6.43732831,7.100307098,8.264301937,9.689485664,11.76220019,15.07754798,21.10608337,29.73791985,37.50772717,42.94029389,46.73713451,49.36820615,51.58508263,53.71905612,55.50905748,57.11868629,58.88796805,61.07597817,63.68890072,66.65863183,70.12936265,74.2100547,79.13340225,84.82914491,91.20494307,98.61963095,106.9782181,115.9409421,125.523076,135.696359,146.2621805,157.5662743,169.9865545,183.726912,198.990629,215.3698601,232.7082367,251.6254814,273.1786412,298.1920317,327.5088592,361.0136219,397.5313592,436.4029667,477.1869855,519.5763018,564.6208671,614.0179108,668.3862598,726.9293147,788.3444208,852.744481,921.4572712,996.2532025,1078.90426,1170.634045,1273.032376,1388.064027,1516.912707,1661.404483,1825.998399,2014.312045,2225.518241,2457.831964,2708.409993,2973.013739,3252.181504,3556.649814,3905.878457,4321.778183,4824.164184,5426.846779,6139.660968,6968.073987,7909.446928,8954.182443,10084.93333,11288.48332,12576.70464,13987.53849,15570.99732,17374.43442,19373.99962,21547.90176,23942.96833,26538.85204,29293.57118,32188.78458,35176.47868,38237.6467,41445.09723,44916.70765,48834.13169,53070.15113,57453.5082,61402.8181,68356.88851,75555.55556,88750,100000,100000,100000,100000,100000,100000,100000,100000,100000,100000,100000,100000,100000,100000,100000,100000,100000
2028,322.6436038,22.40690402,14.66324527,9.820782587,7.669654697,6.775911735,6.29249562,6.043018784,5.979521708,6.038434465,6.30967038,6.84089139,7.972748042,9.429153499,11.48210703,14.71805848,20.56130312,29.064866,36.74770756,42.1930781,46.07855988,48.85357433,51.27006178,53.48951203,55.23181475,56.9445912,58.75984091,60.96418524,63.60078692,66.39204801,69.50844457,73.21088277,77.77259285,83.11884978,89.15925993,96.26039488,104.4928266,113.4186903,122.9327066,133.0793923,143.7918413,155.0071211,166.8119096,179.7660278,194.5326827,211.0662494,228.9026345,247.9773429,268.8783381,292.5763345,320.0834152,351.9671716,387.9004908,427.1506718,469.3362703,513.6128463,560.0054355,609.8810483,664.0216834,722.4200632,784.5255351,849.9169708,918.6836834,992.3364171,1072.692335,1161.467052,1260.849003,1372.704304,1497.771071,1637.700747,1796.655769,1979.05165,2186.066378,2417.251948,2671.995164,2946.512528,3237.685469,3548.494445,3892.684103,4292.211054,4768.61316,5340.226807,6021.248171,6821.047925,7744.330281,8787.925185,9937.120472,11174.13182,12493.95816,13913.68637,15470.42774,17217.91579,19159.80702,21300.82113,23689.59147,26285.86403,29026.82386,31892.90428,34869.21583,37961.32151,41209.36606,44734.41713,48697.93029,52872.98944,57265.09142,61274.5769,68561.99187,75833.33333,88750,100000,100000,100000,100000,100000,100000,100000,100000,100000,100000,100000,100000,100000,100000,100000,100000,100000
2029,315.4065406,21.71027831,14.28940727,9.586005061,7.447555938,6.570589601,6.202893357,5.939939063,5.829188898,5.898795612,6.145854751,6.661327176,7.784594149,9.260145645,11.17284267,14.311104,19.98627163,28.23617837,35.89418691,41.34883351,45.3234715,48.32914557,50.89321289,53.16017579,55.0405996,56.75344284,58.56454184,60.90327325,63.59291436,66.29971255,69.16407476,72.59201248,76.85176752,81.80377313,87.52097353,94.23352133,102.0253807,110.7576704,120.1541659,130.2115448,141.0476033,152.361575,163.9384792,176.3486015,190.4202681,206.476541,224.398141,243.9232064,264.8789472,287.9217228,314.0166753,343.8578717,378.2868708,417.1489474,459.6241288,505.2910095,553.5637096,604.7108515,659.2266108,717.2973837,779.4147983,845.4923602,914.9972754,988.6143422,1067.84864,1154.238329,1250.580495,1359.46168,1481.316133,1617.472026,1771.621017,1947.930541,2148.911749,2375.783638,2629.450461,2908.2916,3209.624514,3532.628806,3883.181339,4277.703877,4737.433313,5282.125903,5930.971068,6698.366041,7592.454537,8618.044687,9766.831239,11023.38288,12378.35244,13831.38088,15399.22884,17120.12982,19002.88941,21084.75705,23443.5256,26039.08957,28780.60041,31631.22711,34587.33457,37668.90434,40933.63217,44509.96989,48437.90042,52591.48934,56953.78345,61476.74361,68541.66667,74166.66667,87500,100000,100000,100000,100000,100000,100000,100000,100000,100000,100000,100000,100000,100000,100000,100000,100000,100000
2030,308.5641605,21.7042833,13.9322432,9.409341452,7.348680734,6.475747237,6.120132635,5.907979456,5.787433878,5.812589249,6.007952171,6.565136994,7.625468291,9.031290633,10.88585547,13.89796868,19.3840714,27.43308247,35.08587027,40.56754076,44.57638343,47.62498847,50.22907536,52.5919454,54.70246677,56.54369211,58.40332346,60.74098784,63.30827011,65.99713567,68.84396334,72.1701356,76.23363432,80.84809884,86.19621762,92.45269229,99.80264295,108.1844013,117.3184936,127.2780094,138.0549442,149.4313096,161.1699471,173.4292937,186.8013437,202.0241575,219.5500915,239.156038,260.5782921,283.6699058,308.8634416,337.2315169,369.7562572,407.1082701,449.090656,495.1522261,544.7282334,597.5447705,653.33065,711.7791342,773.5258874,839.3798021,909.6745792,984.2228918,1063.323938,1148.469888,1242.406444,1348.169546,1466.940441,1599.676804,1749.799942,1921.241103,2116.12158,2336.912464,2586.197663,2863.963203,3169.55157,3502.817135,3865.797547,4267.083207,4721.464082,5248.66579,5870.083387,6604.498722,7465.263735,8461.22179,9592.137146,10849.13726,12225.2724,13714.44409,15316.56602,17050.24352,18904.36253,20925.73136,23229.17468,25797.49591,28540.84968,31397.19571,34340.29264,37395.7678,40647.2154,44229.29232,48163.1438,52396.66915,56763.26531,61790.71535,68511.90476,73690.47619,87500,100000,100000,100000,100000,100000,100000,100000,100000,100000,100000,100000,100000,100000,100000,100000,100000,100000
2031,302.0982238,21.40696958,13.56483907,9.246244538,7.234445227,6.372154283,6.018264988,5.815943016,5.749831686,5.770684507,5.924879281,6.497305668,7.482027628,8.833043661,10.68027894,13.5526511,18.94228756,26.89224739,34.39625371,39.83447847,43.77686357,46.76230725,49.46035902,51.89712903,54.16305194,56.19089809,58.11710483,60.48506824,63.11454766,65.77876908,68.59400399,71.9113283,75.85188783,80.17783721,85.09561283,91.06347341,98.09488429,106.03251,114.7986981,124.4261434,134.9608033,146.2025097,158.0506196,170.4764655,183.6651566,198.2984994,214.9543474,234.0316544,255.5423563,279.0087305,304.232768,331.8763268,362.8993826,398.1639236,438.6397299,484.1845768,534.0267663,588.1727192,645.7282369,705.3150696,767.2713848,832.7721531,902.8900214,978.0344623,1057.859148,1142.880051,1235.583997,1338.792854,1454.392532,1584.051987,1730.602245,1897.944015,2087.744079,2302.35138,2545.443563,2818.735019,3123.359619,3460.694275,3834.051706,4247.66868,4708.223307,5230.044434,5833.813724,6540.17655,7367.44829,8329.668469,9431.028877,10670.84574,12047.87438,13558.61913,15197.79059,16968.29542,18834.03666,20824.38861,23069.9414,25585.67289,28306.41267,31163.33891,34115.03951,37165.75788,40403.41731,43988.20136,47945.54685,52219.29131,56558.57316,61692.85896,68540.97453,73690.47619,87500,100000,100000,100000,100000,100000,100000,100000,100000,100000,100000,100000,100000,100000,100000,100000,100000,100000
2032,295.9610615,20.58013195,13.25453702,9.002404233,7.058351904,6.253645266,5.912613936,5.70875351,5.583187736,5.662049822,5.88426628,6.425155632,7.305294689,8.641853003,10.45403897,13.26223613,18.596508,26.36412032,33.67077332,38.94586332,42.89709223,46.00305619,48.86115916,51.39317381,53.65837655,55.73411836,57.75218854,60.11765275,62.82159848,65.61500951,68.44082398,71.66286748,75.5512443,79.78638073,84.37223927,90.02583403,96.69131689,104.2378798,112.6103792,121.8034596,131.9879556,142.99747,154.6354419,167.1081731,180.5160725,194.9341567,210.8854311,229.1009188,250.1795545,273.6962105,299.3276852,327.0781546,357.2501108,391.0167635,429.4743632,473.4035016,522.7226917,577.2148599,635.8987998,697.0370162,760.1989656,825.8850635,895.436751,970.2831338,1050.728373,1136.426392,1228.888056,1330.770162,1443.794703,1570.366999,1713.685403,1877.281618,2062.933146,2272.299482,2508.943441,2776.01145,3076.113105,3412.419248,3789.956391,4213.460495,4686.234093,5214.359647,5812.373245,6500.641809,7299.335955,8227.300123,9294.778776,10505.49908,11865.78892,13378.09028,15039.35927,16847.81222,18749.78776,20749.6012,22966.78241,25429.05131,28102.31907,30939.57668,33896.50556,36960.79693,40195.05273,43750.14367,47656.13164,52002.56724,56570.59479,61801.22282,69056.84755,74166.66667,87500,100000,100000,100000,100000,100000,100000,100000,100000,100000,100000,100000,100000,100000,100000,100000,100000,100000
2033,290.085916,19.9039529,12.85147149,8.746070514,6.951629915,6.145948323,5.718942302,5.455747997,5.329548909,5.49337633,5.848520705,6.391327849,7.184673919,8.485635386,10.28778262,13.02486743,18.19061582,25.7330596,32.86826513,38.06610068,42.12362359,45.29989128,48.1404717,50.78451303,53.0886067,55.20042886,57.38142349,59.79372737,62.42482569,65.27582443,68.13043371,71.35225293,75.20295206,79.39517061,83.86400691,89.14173471,95.44460622,102.6045522,110.6227043,119.4723267,129.3175636,140.0096175,151.4193332,163.6578511,176.994732,191.5696911,207.2755651,224.8324641,245.1563173,268.1844854,293.8469266,321.9293766,351.9779595,384.9333146,422.0233451,463.8168746,511.5678843,565.494742,624.2305022,686.6162536,751.4177565,818.1003365,887.781115,962.0886045,1042.16962,1128.262303,1221.23211,1322.863466,1434.539058,1558.444213,1698.549537,1858.899333,2040.801209,2245.798117,2477.136949,2737.736182,3031.300068,3363.240955,3739.544852,4166.821777,4649.573138,5189.480272,5793.165964,6475.153191,7255.467464,8154.505213,9187.499749,10364.32238,11695.61093,13191.15958,14854.83572,16687.4677,18627.79315,20660.7239,22890.55548,25332.80825,27955.90496,30748.3875,33686.24148,36750.77234,40000.15741,43561.19773,47546.41233,51913.48977,56691.50925,61480.15659,68955.31401,74583.33333,87500,100000,100000,100000,100000,100000,100000,100000,100000,100000,100000,100000,100000,100000,100000,100000,100000,100000
2034,284.9265479,19.52900146,12.51304544,8.477788832,6.836877872,6.108494083,5.609362027,5.26066266,5.220523765,5.383003709,5.757070984,6.300009814,7.094678415,8.323028592,10.09680477,12.77220092,17.80983224,25.19503958,32.14224743,37.28078161,41.41290117,44.68284634,47.4437724,50.10284832,52.52340716,54.62027823,56.76388892,59.39395369,62.14046688,64.90936897,67.80503805,71.00859031,74.73793745,78.89382008,83.38872561,88.52301587,94.50783909,101.3035761,108.9154103,117.3975572,126.8964774,137.2389506,148.3633969,160.3740592,173.554012,188.096909,203.8967327,221.2353807,240.7143243,262.9190032,288.1044098,316.0987606,346.5282371,379.4518082,415.6291924,455.8571745,501.5619367,553.9287166,612.1314525,674.6994471,740.4459218,808.613626,879.2360671,953.4080279,1032.866449,1118.587139,1211.946497,1314.024628,1425.243564,1547.659071,1685.159099,1842.121318,2020.41968,2221.622099,2448.722255,2704.075085,2991.246426,3316.67446,3688.103023,4113.859442,4599.966693,5149.206526,5764.305306,6451.759501,7225.801362,8106.222681,9109.747179,10251.55543,11548.71823,13015.7802,14664.91611,16502.11483,18465.69501,20533.96128,22800.94565,25259.00998,27856.26286,30600.00333,33496.92728,36546.5241,39795.48062,43417.60266,47444.07732,51771.58578,56462.57152,61036.56249,67974.25492,73897.05882,87500,100000,100000,100000,100000,100000,100000,100000,100000,100000,100000,100000,100000,100000,100000,100000,100000,100000
2035,279.8680243,19.29784538,12.31573865,8.35416915,6.788707481,5.990144681,5.419458758,5.146863548,5.169906591,5.276175263,5.651821368,6.229013375,6.956118628,8.12161288,9.901829934,12.56551998,17.55915431,24.76509613,31.53113285,36.63338089,40.70218994,44.01670839,46.80694212,49.46678316,51.87993062,53.99059877,56.11831344,58.7398832,61.59611611,64.44282792,67.46502885,70.68898883,74.29869722,78.38456818,82.96034448,88.0825233,93.83725911,100.3134552,107.5042513,115.6687159,124.7351189,134.6744643,145.4955782,157.2517956,170.1430898,184.4455348,200.3016849,217.6592035,236.8397583,258.4473226,282.7816152,310.1009538,340.5100071,373.7574684,409.7402405,449.0558603,493.2404222,543.5342659,600.1632222,662.1131299,727.9117975,797.0482765,868.9621666,943.9933943,1023.429459,1108.503774,1201.434011,1303.644892,1415.112699,1536.901598,1672.880713,1826.99768,2001.809501,2199.499337,2422.576546,2673.567289,2955.449516,3274.321862,3639.180999,4059.844708,4543.738843,5095.938317,5719.993649,6418.299449,7197.194541,8070.810666,9055.615568,10167.87377,11430.21724,12863.62351,14485.20379,16309.20735,18276.76517,20367.83044,22672.30804,25164.98294,27775.9213,30502.50732,33353.11726,36363.11168,39601.50932,43223.79026,47206.51266,51527.42631,56066.64357,60892.08411,66039.14293,73063.72549,88750,100000,100000,100000,100000,100000,100000,100000,100000,100000,100000,100000,100000,100000,100000,100000,100000,100000
2036,274.9608612,19.17066861,12.10428976,8.223446403,6.659552476,5.789118212,5.148944213,4.881928919,4.98250518,5.153471824,5.474604081,6.060763989,6.835279335,8.07866555,9.855560821,12.42041026,17.24691291,24.30451496,30.97337481,35.98402542,39.95924444,43.2637626,46.17778345,48.86405848,51.19416295,53.38394809,55.63925047,58.18781632,61.06293148,63.91629015,66.98245019,70.31656848,73.81640046,77.79366511,82.35344013,87.46381288,93.22317785,99.54483502,106.4084459,114.1960828,122.9293386,132.5323369,142.9983697,154.2878247,166.7450918,180.8968315,196.530474,213.819228,233.0930612,254.3267126,277.9758326,304.5137164,334.2847072,367.4248996,403.7429994,442.9100723,486.0724469,534.8957486,589.4681867,649.6825212,714.9140677,784.1008691,856.8358759,933.1539185,1013.214523,1098.036593,1190.256665,1291.863983,1403.412558,1525.351729,1660.51351,1812.990689,1985.005185,2179.098529,2398.39968,2645.226621,2922.629793,3236.066325,3594.42826,4008.258599,4486.722921,5036.244434,5662.448475,6368.829136,7157.770702,8035.738426,9013.468763,10106.73621,11339.62028,12737.96516,14326.56988,16126.65173,18082.23505,20176.7855,22503.53418,25032.97318,27681.62729,30426.8823,33258.97285,36227.25008,39452.00644,43044.36534,47028.24403,51396.65026,55870.40009,60773.80952,65909.09091,75000,90833.33333,100000,100000,100000,100000,100000,100000,100000,100000,100000,100000,100000,100000,100000,100000,100000,100000,100000
2037,270.8426448,18.97246245,11.95234741,8.083886373,6.525422158,5.73261687,5.095008879,4.758450782,4.865372106,5.040181485,5.280601011,5.815468438,6.75246774,8.064703818,9.722617655,12.27612292,17.00818787,23.99210695,30.54113663,35.44884666,39.37413893,42.59011559,45.49275165,48.10500249,50.45597824,52.75062926,55.07021138,57.64657499,60.55098798,63.39656539,66.41884305,69.76040367,73.29785766,77.25194739,81.71619161,86.7615321,92.53481188,98.87535106,105.5965892,112.9927036,121.3366875,130.5410595,140.6111692,151.5950347,163.7425182,177.4868358,192.8859693,210.019379,229.0956397,250.2215089,273.5870843,299.5635142,328.61265,361.1700223,397.3135331,436.6652658,479.576004,527.3995749,580.5863471,638.7401905,702.278784,770.8964136,843.6122195,920.5125023,1001.507641,1086.854549,1178.725418,1279.573767,1390.463466,1512.2727,1647.279516,1798.846252,1969.008572,2160.046813,2375.884644,2618.9345,2892.004091,3200.977693,3553.858442,3960.850703,4432.136209,4975.534319,5598.478663,6306.299101,7102.404111,7989.355558,8970.191777,10055.82594,11269.37082,12637.88099,14192.58718,15963.12298,17896.33509,19979.40739,22311.45215,24864.72157,27552.11354,30332.42917,33177.67541,36134.55847,39340.53408,42932.50604,46973.08316,51334.01833,55823.27999,61031.50473,66532.63403,76212.12121,91666.66667,100000,100000,100000,100000,100000,100000,100000,100000,100000,100000,100000,100000,100000,100000,100000,100000,100000
2038,266.8750236,18.61820813,11.85944587,8.085218301,6.535725604,5.596540803,4.960702607,4.777440029,4.816086517,4.849932509,5.095114871,5.695267735,6.656059781,7.865077322,9.485598774,12.14358194,16.86511927,23.75069737,30.16793662,35.01746133,38.9043303,42.04958747,44.83002232,47.3214238,49.72293049,52.03448839,54.33237115,56.95490807,59.84071041,62.76741862,65.80391905,69.15690782,72.82880312,76.74887827,81.05746748,86.13077965,91.90565881,98.17903988,104.8785153,112.0877339,120.0255294,128.7196606,138.4860505,149.2275237,161.0123237,174.2954991,189.4678181,206.4226811,225.1444389,246.2083377,269.4722529,294.9915905,323.4291101,355.1917725,390.5943573,429.8369208,473.0256856,520.4554657,572.5713712,629.4034201,690.9577614,757.9225236,830.0075528,906.8350511,988.3204102,1074.37743,1166.583323,1267.123218,1377.084156,1497.993453,1632.754932,1783.70586,1952.700395,2141.832704,2354.631816,2594.007602,2863.157201,3167.876657,3515.899619,3916.925265,4381.052876,4917.17294,5533.794306,6237.77557,7034.263519,7926.830297,8915.353209,10003.26052,11208.09554,12556.50317,14083.02496,15822.95209,17728.32095,19791.01055,22114.44207,24673.70307,27383.86289,30199.65107,33081.07451,36050.9429,39253.04321,42846.58245,46923.01549,51258.70138,55842.86872,61329.77929,66635.38117,73127.23508,88690.47619,100000,100000,100000,100000,100000,100000,100000,100000,100000,100000,100000,100000,100000,100000,100000,100000,100000
2039,262.9875241,18.47077988,11.67564696,7.998605385,6.385275471,5.302540724,4.747436838,4.64309939,4.612261963,4.652815941,4.90629377,5.585478194,6.611675958,7.706600661,9.314709417,11.98822373,16.64856438,23.44960911,29.90539979,34.67745744,38.40790977,41.45884816,44.21282047,46.77582744,49.16128582,51.37673124,53.63917403,56.32369986,59.23380256,62.09765189,65.05519321,68.34033574,72.13099895,76.20150855,80.40206084,85.3988232,91.10641723,97.23664133,103.9044089,111.1650993,118.9282063,127.3012143,136.7464652,147.0699138,158.5060151,171.4756336,186.2522238,202.8976812,221.4274045,242.1929171,265.2625281,290.7276095,318.7534588,349.7351568,384.2530825,422.9587925,466.0713558,513.5404589,565.2691602,621.1833084,681.4035671,746.3472342,816.7576269,892.9773979,974.2057594,1060.493893,1153.374791,1253.946373,1363.239708,1483.181181,1616.921112,1767.34565,1935.725913,2123.509998,2334.121866,2570.292182,2835.771454,3136.334024,3479.574344,3875.473658,4333.544639,4862.297262,5470.890118,6168.020664,6959.928616,7851.920282,8845.124923,9939.003389,11144.51088,12483.26121,13990.83357,15705.93756,17582.48363,19619.07052,21924.57454,24477.04441,27195.71527,30037.36922,32955.38719,35951.49436,39176.79166,42792.65362,46800.88335,51115.34811,55751.81494,60754.92439,65727.74713,69772.25673,85714.28571,100000,100000,100000,100000,100000,100000,100000,100000,100000,100000,100000,100000,100000,100000,100000,100000,100000
2040,259.2840606,18.23222923,11.48157597,7.826157201,6.149608053,5.151869154,4.679807551,4.505228471,4.478314668,4.59701295,4.857993305,5.472687107,6.508265932,7.666204495,9.168947843,11.72813666,16.37412543,23.08218856,29.50876505,34.30534154,38.01457702,40.94533315,43.60706063,46.19094583,48.61968825,50.76316081,52.95064455,55.60573141,58.50281639,61.42222342,64.32396613,67.52385284,71.31312417,75.40023379,79.72432469,84.63982245,90.18284448,96.26358938,102.8687396,110.1402264,117.9713231,126.2244269,135.2180498,145.1963992,156.4200632,169.0427177,183.2923848,199.4567047,217.7461076,238.2332453,261.0565584,286.4058977,314.2549701,344.8765427,378.7664343,416.6494243,459.1050702,506.2687313,557.923965,613.4974444,672.83251,736.4049102,804.8671496,879.3816918,959.8326002,1045.815285,1138.798994,1239.669405,1348.86632,1468.063494,1600.567329,1749.916994,1917.481378,2104.420278,2313.385211,2547.185962,2809.441961,3105.913794,3444.783934,3835.88738,4288.447576,4810.48623,5411.037567,6099.447836,6884.0283,7771.046891,8762.382879,9858.914124,11068.46008,12406.47873,13904.5329,15602.97032,17456.85101,19466.70892,21749.24958,24289.10682,27005.44144,29853.96256,32792.75781,35823.91685,39076.33581,42711.25359,46715.66563,51089.71318,55773.98669,60530.06906,65707.04407,70866.40212,86607.14286,100000,100000,100000,100000,100000,100000,100000,100000,100000,100000,100000,100000,100000,100000,100000,100000,100000
2041,255.6765003,17.96450787,11.35721589,7.722582323,6.058128291,5.145491643,4.680906577,4.512430898,4.489918304,4.61201226,4.877233346,5.427556714,6.401725996,7.57018308,9.063079542,11.60059784,16.20643377,22.74620606,28.99638597,33.73213173,37.45926179,40.48204186,43.067355,45.56668315,48.06318885,50.17028805,52.29049583,54.89754669,57.71574569,60.6958925,63.63052464,66.83385777,70.58104653,74.52510956,78.86959698,83.87862027,89.42383537,95.41762628,101.9399489,109.0690953,116.8441291,125.1822883,134.0084386,143.611887,154.5102186,166.7608668,180.5652199,196.407675,214.3501566,234.5058643,257.1520113,282.1432711,309.6357925,340.1055044,373.6911433,410.8602266,452.4729864,498.993099,550.254869,605.653736,664.5535109,727.2024677,794.4070154,866.9634238,945.8154594,1031.067606,1123.466508,1224.30823,1333.619323,1452.439956,1584.040314,1731.965917,1898.139726,2084.091904,2291.787105,2523.585875,2783.288892,3076.296663,3411.12199,3797.709071,4244.738887,4760.726259,5354.244947,6034.019282,6809.599568,7688.488588,8673.610812,9767.089101,10977.55245,12317.32394,13813.75068,15504.80266,17344.56544,19333.38079,21591.9278,24113.82308,26817.52211,29662.06263,32610.66537,35662.81282,38922.34501,42560.8431,46603.5524,51003.74665,55695.72354,60459.16884,66244.99201,72333.9719,87500,100000,100000,100000,100000,100000,100000,100000,100000,100000,100000,100000,100000,100000,100000,100000,100000,100000
2042,252.2389173,17.68225216,11.30657561,7.690286621,6.036793745,5.132586862,4.675219246,4.513598317,4.497073066,4.549504271,4.818613048,5.449098973,6.43405133,7.542873816,8.976183627,11.50377333,16.04355697,22.49048957,28.63497752,33.21833288,36.8813001,39.91688977,42.53051322,45.05431118,47.47143952,49.63511794,51.80865091,54.35385898,57.14539275,60.04516996,62.96027076,66.11901771,69.87577821,73.8768167,78.14041634,83.11915651,88.62776933,94.49223213,100.8930042,107.9058645,115.574,123.909888,132.7312133,142.1658863,152.7085948,164.6460097,178.2410912,193.8635191,211.4261876,231.1134618,253.3844532,278.1213289,305.2434618,335.3227617,368.7136794,405.4203136,446.2739469,492.0749076,542.7936493,597.7417039,656.3744872,718.4767717,784.669415,856.1081266,933.1836295,1016.896354,1108.574113,1208.699732,1317.548979,1436.06327,1567.065293,1713.824605,1878.451045,2062.801489,2269.20249,2499.512056,2756.704779,3046.920774,3378.203141,3760.206047,4202.118993,4712.06758,5298.999796,5971.339877,6737.534649,7606.565167,8583.155497,9669.572096,10875.56649,12213.8851,13710.87665,15401.63688,17235.42801,19211.59666,21452.05352,23952.98649,26641.18718,29480.41211,32430.35174,35492.17923,38761.39214,42403.41054,46472.02312,50885.28445,55446.81162,60111.53107,65676.45526,72623.32375,88194.44444,100000,100000,100000,100000,100000,100000,100000,100000,100000,100000,100000,100000,100000,100000,100000,100000,100000
2043,249.0568196,17.08236289,11.18271753,7.581317635,6.011686337,5.039559137,4.588504234,4.508235663,4.49823409,4.482330448,4.682429844,5.318815825,6.312426059,7.434622515,8.884500104,11.29033391,15.75075501,22.23207834,28.34302332,32.92201133,36.52919462,39.44472875,42.12308793,44.61841815,46.81427945,48.95422807,51.18416115,53.66039208,56.3980661,59.29905547,62.29042457,65.50149811,69.18548068,73.20451118,77.46798827,82.26589747,87.69538139,93.60722257,99.85132996,106.6524895,114.2806571,122.4947839,131.2094762,140.768278,151.193406,162.8359558,176.2239834,191.4909574,208.6978256,227.9992769,249.7458122,274.2154259,301.2419989,330.9324383,363.8439541,400.2472955,440.5950958,485.6904279,535.6250215,589.8722699,648.0206492,709.769149,775.3979551,845.9582211,921.9623523,1003.970108,1094.127256,1193.291525,1301.225245,1419.168235,1549.712322,1695.49069,1858.521514,2041.064578,2245.699951,2474.444752,2729.651082,3017.047044,3345.101272,3723.004527,4160.039013,4664.257371,5244.50264,5909.843973,6667.720781,7527.235205,8493.721568,9570.229919,10767.58812,12099.54544,13594.57011,15286.61436,17119.88016,19089.32398,21318.10249,23804.05466,26476.38182,29304.17511,32249.97255,35317.37183,38608.7182,42255.54242,46335.5467,50751.5723,55260.43729,59975.1709,66055.12397,71779.00327,86944.44444,100000,100000,100000,100000,100000,100000,100000,100000,100000,100000,100000,100000,100000,100000,100000,100000,100000
2044,246.2646935,16.76090679,10.98969253,7.473630265,5.985109899,4.943617067,4.497532645,4.422316082,4.418073143,4.483483181,4.615775519,5.184673382,6.112269805,7.24427913,8.783849953,11.06960942,15.49268858,22.03667515,28.11978643,32.70343744,36.27056683,39.04409281,41.68228509,44.18910073,46.29441258,48.31585188,50.53349941,53.06600503,55.76477458,58.61536127,61.57963232,64.76509813,68.36663303,72.38449437,76.67531708,81.41159258,86.81093042,92.70171179,98.92720945,105.5967286,113.0259133,121.1707119,129.8662531,139.2756196,149.6867029,161.2063549,174.1408523,188.9802414,205.9547992,225.0351451,246.4940742,270.5487967,297.2541736,326.7728415,359.2155865,395.2070098,435.2306578,479.7824507,528.9995527,582.4459329,639.8164179,701.0690057,766.3828501,836.2154302,911.2810636,992.2155789,1080.52969,1178.086957,1285.112748,1402.019645,1531.711904,1676.754916,1838.540687,2019.275672,2221.762015,2448.411505,2701.829793,2986.792165,3311.531102,3685.759074,4118.178135,4617.084309,5191.150683,5849.063393,6599.279057,7450.055044,8406.285954,9471.600003,10658.10348,11980.209,13468.09488,15158.714,16993.1227,18960.72656,21184.26137,23661.11934,26320.6572,29133.55286,32071.1179,35143.09815,38448.60302,42108.32687,46180.73017,50551.37268,55274.47978,59947.17082,65600.17521,69538.95072,76666.66667,91666.66667,100000,100000,100000,100000,100000,100000,100000,100000,100000,100000,100000,100000,100000,100000,100000,100000
2045,243.5676772,16.85444414,10.88086799,7.444442061,5.95926179,4.921831663,4.479048183,4.332248199,4.257891887,4.40359007,4.617072021,5.193110661,6.054549522,7.194147342,8.745983759,10.98089632,15.36920066,21.88977819,27.88350021,32.30497866,35.91015142,38.66859606,41.15704914,43.72231177,45.95124441,47.878867,49.97021474,52.50237796,55.14468399,57.98671033,60.95864315,64.04191086,67.5697281,71.46836953,75.7742078,80.59762075,85.87595241,91.62994974,97.83948358,104.5790727,111.8978666,119.8578276,128.4023059,137.6829978,148.0202178,159.5013458,172.3021809,186.7794491,203.457161,222.3322881,243.5077767,267.0567421,293.3095019,322.6039136,354.8219921,390.3617949,429.9809983,474.1129482,522.7606605,575.5929976,632.1955727,692.7905695,757.4310796,826.6358984,900.9634481,980.8587897,1068.014838,1163.872803,1269.346469,1385.288956,1513.729659,1657.604844,1818.398477,1997.521441,2197.878339,2422.221111,2673.243873,2955.879768,3277.697181,3648.044527,4076.254236,4570.172167,5138.276693,5789.102504,6531.283599,7373.39754,8319.94073,9374.47957,10549.3529,11859.78581,13337.52648,15022.44778,16855.39076,18822.91398,21044.95739,23516.2342,26169.46473,28973.21325,31902.54236,34975.04938,38281.39636,41955.06658,46038.63092,50415.00019,55211.08796,59980.00573,65091.21446,70247.15505,69583.33333,83333.33333,100000,100000,100000,100000,100000,100000,100000,100000,100000,100000,100000,100000,100000,100000,100000,100000
2046,240.6756816,16.86904608,10.78656722,7.346953568,5.861977913,4.900642447,4.459398444,4.31446976,4.168734679,4.318304911,4.611739282,5.12064618,5.990206365,7.139232107,8.627634127,10.87863983,15.23094715,21.59059246,27.56252094,31.95453843,35.40445081,38.28731444,40.78530679,43.25387289,45.57144894,47.50220655,49.39046746,51.74218419,54.45597413,57.29358456,60.17901985,63.32671733,66.83499114,70.66217554,74.91102608,79.61183146,84.83656585,90.61130084,96.77646317,103.4043269,110.6759984,118.5441,126.9122169,136.0711603,146.2873739,157.8402597,170.7406853,185.0050255,201.3442532,219.8837691,240.6279109,263.8393832,289.7334734,318.547833,350.4231337,385.7077472,424.9365738,468.5019053,516.6746914,568.9755458,624.902709,684.7457301,748.6219277,817.106051,890.7950029,969.9136163,1056.178506,1150.980121,1254.634493,1368.95367,1496.199274,1638.713417,1798.019344,1975.409358,2173.904827,2395.957655,2644.426067,2924.464351,3243.27028,3609.997939,4033.976653,4523.042149,5085.206718,5729.333278,6463.801446,7297.032923,8234.240465,9278.438217,10441.44362,11739.28744,13206.09404,14882.72483,16710.5729,18676.73891,20897.24876,23365.70357,26015.46017,28815.37848,31740.92895,34809.5458,38109.23537,41796.1503,45888.93732,50274.02003,54995.1402,59825.65659,64646.69098,71052.63158,70833.33333,83333.33333,100000,100000,100000,100000,100000,100000,100000,100000,100000,100000,100000,100000,100000,100000,100000,100000
2047,237.8427392,16.98911295,10.63637224,7.184823238,5.695568317,4.807756833,4.366345591,4.221727628,4.151713389,4.303573677,4.600579244,5.040829948,5.844147757,7.003416827,8.503392375,10.76822416,15.07476606,21.27051009,27.08682321,31.52425908,34.93934963,37.80012522,40.31607023,42.68952878,44.9684182,46.90432382,48.86545319,51.19477356,53.89027057,56.64514934,59.41198027,62.60588297,66.08000819,69.86791503,74.09984581,78.69969689,83.91168317,89.74532724,95.87436152,102.2947213,109.5124912,117.3758033,125.62349,134.5592946,144.627246,156.0766414,168.832667,183.1809857,199.3890081,217.4926276,237.8946284,260.9299285,286.4431288,314.7814728,346.2680457,381.1359549,420.0426886,463.1631546,510.7159125,562.4777772,617.8135707,676.8514958,739.9769786,807.8378911,880.7110439,959.1911107,1044.656041,1138.457385,1241.029468,1353.454047,1479.015005,1620.216862,1777.765367,1953.330562,2150.01019,2369.851939,2615.662983,2892.794456,3208.457475,3571.850165,3991.544921,4475.280284,5031.850003,5669.679648,6396.828575,7221.216012,8148.472789,9182.660631,10334.55952,11619.6192,13074.61309,14741.88182,16562.84191,18525.00706,20742.80532,23210.12812,25857.78587,28656.58354,31579.52545,34643.49487,37944.21863,41639.6415,45747.83724,50170.03289,54813.85883,59686.431,63993.02744,70875.50607,71314.10256,83333.33333,100000,100000,100000,100000,100000,100000,100000,100000,100000,100000,100000,100000,100000,100000,100000,100000
2048,235.250018,16.82147455,10.50236208,7.109007331,5.610771891,4.718744702,4.27545453,4.129754165,4.133621277,4.286096881,4.584933436,5.028752316,5.76382447,6.931821288,8.517139137,10.7230882,14.83384363,20.92271327,26.65449596,31.00873492,34.46906244,37.35102652,39.84804787,42.13020713,44.33252119,46.27995363,48.34732549,50.75991314,53.26816114,55.9420324,58.79886124,61.92469378,65.31402656,68.97024608,73.20071743,77.88805139,83.0493918,88.77569478,94.82763504,101.2538687,108.3963967,116.1092782,124.2461925,133.1285388,143.0269611,154.2464782,166.7685366,181.1043246,197.4413044,215.3191694,235.3263641,258.049624,283.2299689,311.1546988,342.3098695,376.7342462,415.1960598,458.1047067,505.0410153,556.0276436,610.9731013,669.3646358,731.6693227,798.8179975,871.0468205,948.6347069,1033.101777,1125.905384,1227.541169,1338.837468,1462.537378,1601.883859,1757.884915,1931.716194,2126.307205,2343.810369,2586.93363,2861.135498,3173.666398,3533.514023,3948.948884,4427.598982,4978.371412,5609.745577,6329.650636,7145.752522,8063.474612,9087.16683,10227.98432,11500.75892,12943.46591,14601.42026,16414.94889,18370.78069,20584.41062,23048.8553,25694.57798,28494.19652,31418.05435,34477.68569,37780.63063,41484.22875,45613.23659,50118.29499,54800.86188,59678.11794,64602.06247,71954.36143,71794.87179,83333.33333,100000,100000,100000,100000,100000,100000,100000,100000,100000,100000,100000,100000,100000,100000,100000,100000
2049,232.6549133,16.44142872,10.4545921,7.044445886,5.461732654,4.635970182,4.261952748,4.113707492,4.115963617,4.267490303,4.566373847,4.938170987,5.676525842,6.92424211,8.446585006,10.59439294,14.58245132,20.55773097,26.40079195,30.74116346,34.11563793,37.03494489,39.47773233,41.67729149,43.79891425,45.7364873,47.75584876,50.09289091,52.64064315,55.2453457,58.07171524,61.14205343,64.51234851,68.21004279,72.36719113,77.04352072,82.14309875,87.7150327,93.71164773,100.1252049,107.1102857,114.7257138,122.8224302,131.6428012,141.4427195,152.4336729,164.8122785,178.9087875,195.167695,213.2705182,233.0527403,255.1946818,280.0753944,307.6262809,338.2930018,372.4771499,410.5105378,452.9902723,499.5733801,549.872801,604.1058623,662.0304392,723.8074442,790.0931085,861.4591837,938.2116768,1021.723495,1113.603785,1214.189035,1324.318739,1446.773282,1584.217121,1738.288695,1910.584555,2103.118339,2318.242256,2558.699612,2829.763998,3138.940121,3495.015306,3906.236156,4380.298952,4925.24766,5549.60086,6262.301087,7070.444929,7979.03275,8992.374675,10121.59686,11382.14358,12813.18685,14461.72551,16268.30488,18217.65417,20424.94203,22884.26236,25526.15951,28323.42901,31248.23444,34314.0865,37619.35951,41330.31683,45464.81635,49979.75805,54751.3499,59514.72179,64805.40445,72746.004,72206.95971,83333.33333,100000,100000,100000,100000,100000,100000,100000,100000,100000,100000,100000,100000,100000,100000,100000,100000
2050,230.1433111,16.16459503,10.41727322,6.98812599,5.321151148,4.560851957,4.253646285,4.10069531,4.100020281,4.176168095,4.47348248,4.84469377,5.583911697,6.907942595,8.364062377,10.5247681,14.5340546,20.39417781,26.19824932,30.43833571,33.7964009,36.70181768,39.04586395,41.25282487,43.29334283,45.22665298,47.32561055,49.55368425,52.11948916,54.71105039,57.41269139,60.50305983,63.77406242,67.44638202,71.61244252,76.17172085,81.20558251,86.7191935,92.70108772,99.05803218,105.846763,113.3958002,121.4709243,130.2092994,139.945145,150.6312809,162.8747858,176.9136372,192.7877605,210.8245364,230.8254425,252.6791418,277.0359836,304.2811054,334.596617,368.3885123,405.9529991,447.7669052,493.9283352,543.9143058,597.3799668,654.7127915,715.9875377,781.5250032,852.0280118,927.9143062,1010.59076,1101.46688,1201.032359,1310.068331,1431.228786,1567.22849,1719.361153,1889.594111,2080.25899,2293.034949,2530.865099,2798.828193,3104.436558,3456.660021,3863.687063,4332.941165,4872.289398,5490.14984,6195.094079,6995.296841,7895.186016,8898.533334,10016.61065,11264.64194,12684.04169,14323.14601,16122.72439,18065.79244,20265.63302,22719.46532,25358.36817,28153.11876,31075.80527,34145.23543,37464.87683,41180.06932,45314.40008,49802.02216,54608.56865,59434.95741,64243.17473,72112.85101,72093.83754,83333.33333,100000,100000,100000,100000,100000,100000,100000,100000,100000,100000,100000,100000,100000,100000,100000,100000
2051,227.906596,15.65921229,10.24374452,6.863706296,5.259988381,4.566563649,4.252311128,4.092629915,4.087096586,4.086875764,4.30842728,4.750906105,5.561545554,6.811744121,8.271225076,10.44073187,14.39410543,20.21086912,25.9068949,30.04176333,33.37238213,36.2000639,38.59287294,40.83640686,42.81252845,44.85563536,46.96719797,49.10993842,51.5681871,54.1061702,56.80217826,59.83104901,63.06000314,66.70501841,70.7903555,75.3193712,80.29622182,85.6904168,91.61638629,97.99828111,104.8248818,112.2928501,120.2432885,128.8276822,138.3859644,149.0120299,161.053981,174.9864562,190.6802495,208.2623081,228.235043,250.2517432,274.2404572,301.0511223,331.0857314,364.3484068,401.3646258,442.690442,488.3344576,537.8973708,591.0095466,647.5987644,707.9537641,772.8818287,842.7524736,917.8309613,999.600336,1089.465831,1187.882937,1295.878089,1415.874264,1550.460194,1701.038973,1868.935103,2057.256275,2267.828671,2503.1525,2768.484609,3070.759024,3418.875539,3821.493366,4285.914122,4819.770164,5431.462907,6128.884645,6920.693463,7811.897256,8805.515515,9912.68306,11148.57681,12555.93169,14185.70866,15977.64966,17914.33536,20108.14197,22556.68471,25192.92824,27987.14888,30911.51826,33981.61111,37308.35774,41033.44094,45178.49948,49676.71655,54464.94559,59393.30701,64259.88016,69946.34948,72034.31373,85416.66667,100000,100000,100000,100000,100000,100000,100000,100000,100000,100000,100000,100000,100000,100000,100000,100000
2052,225.2414664,15.37839922,10.08762859,6.748375779,5.204138247,4.504028855,4.183944349,4.091231847,4.079086232,4.074035081,4.21887684,4.657864003,5.537645764,6.711416223,8.170558916,10.343688,14.23399684,20.0737125,25.66239219,29.76282907,33.06202969,35.72498545,38.17022896,40.46434348,42.40572279,44.31587758,46.28912008,48.53290424,51.00514122,53.49230527,56.17300125,59.1517466,62.37873106,65.97355906,69.99742747,74.49349564,79.39880662,84.74427972,90.55428316,96.8314302,103.7144894,111.1125569,118.9006417,127.3962191,136.8076745,147.3147449,159.3021889,172.9687736,188.4155855,205.8624435,225.4919205,247.3787587,271.4788048,297.9893282,327.4462085,360.2722072,396.9115168,437.7601902,482.9460566,531.8796556,584.3453421,640.4612825,700.1431252,764.2576431,833.4494102,907.7880108,988.6533227,1077.593292,1174.971053,1281.831623,1400.714592,1533.85539,1682.782915,1849.028813,2034.797066,2242.894883,2475.931094,2738.448966,3037.672395,3382.050392,3780.060521,4239.29333,4767.642699,5373.267787,6063.968346,6847.292159,7728.735574,8712.852288,9809.515152,11033.57287,12429.46496,14049.75662,15833.6236,17763.20919,19951.46469,22394.35031,25025.99829,27819.27821,30746.95063,33821.34827,37153.72738,40891.5905,45045.39308,49560.03977,54335.95742,59311.85782,64398.4748,68469.94536,74583.33333,89583.33333,100000,100000,100000,100000,100000,100000,100000,100000,100000,100000,100000,100000,100000,100000,100000,100000
2053,222.498576,15.47865412,9.944924043,6.718606396,5.155181192,4.371537026,4.12036333,4.096224689,4.077692833,4.06607644,4.205600347,4.63991586,5.514204144,6.68265336,8.138051777,10.3094922,14.12922758,19.90875177,25.45608167,29.52652699,32.79726286,35.3576361,37.70686584,40.05382018,42.10761353,43.85307874,45.62849278,47.93137029,50.46302009,52.92081845,55.49275416,58.43919353,61.63021483,65.1757938,69.25336667,73.65611684,78.46930433,83.85223887,89.62228647,95.78702976,102.5691312,109.8034904,117.5085054,125.9595798,135.3183251,145.7268089,157.6016143,171.0716417,186.2363072,203.4450028,222.8298151,244.4012766,268.4612689,295.0372454,324.137415,356.4281797,392.607665,432.9798323,477.5626334,525.955781,577.7420611,633.2489171,692.5316512,755.9259252,824.298339,897.930082,977.885773,1065.791156,1162.137054,1267.893867,1385.353579,1517.128996,1664.630761,1829.138331,2013.081577,2218.614273,2448.901089,2708.670523,3004.608654,3345.386244,3739.144259,4193.242966,4715.883517,5315.327633,5999.123475,6774.666285,7646.906064,8620.934379,9707.209198,10919.67616,12303.9769,13914.67671,15690.77919,17613.59427,19795.90895,22232.52653,24859.07916,27650.06674,30579.3998,33656.90922,36994.11042,40743.08537,44903.51594,49435.42771,54274.83918,59355.19168,64312.82789,69015.15152,77348.48485,91666.66667,100000,100000,100000,100000,100000,100000,100000,100000,100000,100000,100000,100000,100000,100000,100000,100000
2054,220.3492802,15.12103919,9.888188878,6.699953328,5.115616569,4.318213421,4.134608305,4.032898581,4.009477786,4.064692649,4.197308888,4.625311758,5.492963419,6.654467101,8.031140657,10.19652804,14.01079662,19.64754352,25.07192147,29.18217774,32.43375682,34.96604977,37.34970242,39.60196669,41.70666648,43.56205093,45.23871463,47.34460264,49.75243858,52.28944313,54.98556312,57.88162009,60.95875035,64.47489177,68.40289195,72.6877298,77.53787706,82.87587233,88.63478155,94.81889897,101.4983407,108.5828261,116.2467286,124.5986014,133.8332936,144.2218173,155.9307521,169.243493,184.2891384,201.0858388,220.1802893,241.6168017,265.3605003,291.7955294,320.969915,352.8883013,388.3904685,428.3054254,472.3249723,520.1133377,571.3786324,626.1603906,684.8657067,747.8549724,815.338728,888.084294,967.3340569,1054.211777,1149.371195,1253.939544,1370.241383,1500.728463,1646.69108,1809.442175,1991.632451,2194.970074,2422.139071,2678.855475,2971.832323,3308.92609,3698.600888,4147.95637,4664.901964,5257.943079,5934.644004,6702.600078,7566.500386,8530.514422,9605.80507,10806.58038,12179.54457,13780.94385,15549.49985,17465.5314,19641.58481,22072.56387,24694.73188,27482.92952,30410.17229,33489.5338,36831.20596,40580.70679,44756.01187,49285.06984,54122.74282,59303.30866,64426.41678,69113.19073,77348.48485,91666.66667,100000,100000,100000,100000,100000,100000,100000,100000,100000,100000,100000,100000,100000,100000,100000,100000
2055,218.1152857,14.80603555,9.91361348,6.61135195,5.005897265,4.347166576,4.080474478,3.899604793,3.872886645,3.996670406,4.195761917,4.616131834,5.403698194,6.557025798,7.925204381,9.937387924,13.81215924,19.44042365,24.65813858,28.79857236,32.09823448,34.61001253,36.96776646,39.12163573,41.13094671,43.03589172,44.89038059,46.90309119,49.17623603,51.71920206,54.38896684,57.31517163,60.45976436,63.78826017,67.47898241,71.73135953,76.61697627,81.96171268,87.61510104,93.73505915,100.3434579,107.3879303,115.0051081,123.2356018,132.3477821,142.6324395,154.2485854,167.4147455,182.3099855,198.9702383,217.6715005,238.808616,262.3732451,288.3535732,317.266166,349.2757757,384.4267255,423.6530016,467.1901039,514.3937535,565.0661772,619.180134,677.1209097,739.5012311,806.3801087,878.2770779,956.6614588,1042.745156,1136.940233,1240.325294,1355.349828,1484.526972,1628.858434,1789.907443,1970.088673,2171.245002,2396.126971,2649.734763,2939.387718,3273.081493,3658.425362,4103.005924,4614.688083,5201.273051,5870.803954,6631.000934,7486.412129,8440.794629,9505.332311,10694.38457,12056.23469,13648.45982,15409.24752,17318.67633,19488.19589,21913.83988,24532.77861,27318.30244,30242.43469,33319.72072,36665.11829,40421.71892,44628.342,49177.05398,53974.21058,59066.64753,64480.79962,68989.31862,75634.92063,90277.77778,100000,100000,100000,100000,100000,100000,100000,100000,100000,100000,100000,100000,100000,100000,100000,100000
2056,215.6904414,14.8327955,9.787044229,6.448748417,4.900611299,4.383801309,4.033573351,3.844255436,3.813155461,3.933186459,4.200727788,4.614323813,5.320922303,6.464442229,7.894923082,9.752113547,13.53872053,19.22163248,24.43555197,28.45370108,31.71903452,34.28016174,36.48555508,38.61480201,40.59117991,42.46431222,44.37236623,46.43682486,48.74673838,51.09218137,53.5886806,56.52051442,59.84766942,63.12888568,66.77036375,71.08359465,75.7257558,80.93390254,86.56507551,92.57176495,99.11286471,106.1468094,113.6909522,121.8289951,130.9301142,141.1107542,152.5478757,165.5963161,180.2984262,196.8707678,215.4257499,236.1295071,259.3203323,285.0851302,313.5937729,345.3587006,380.5161274,419.3387311,462.2522412,508.8202967,558.8430087,612.3848975,669.6156405,731.0903665,797.3210051,868.7102991,946.1040481,1031.219006,1124.683133,1226.994793,1340.598569,1468.259503,1611.029047,1770.348586,1948.666851,2147.817358,2370.581361,2621.544831,2907.430368,3237.273211,3618.85084,4058.652164,4564.986575,5145.31161,5807.747143,6560.21062,7406.829509,8351.918455,9406.035287,10583.33481,11933.87953,13516.951,15269.99152,17172.93872,19335.70682,21755.42556,24370.03483,27152.96166,30080.35235,33157.67926,36506.31619,40273.76969,44502.45752,49071.56396,53872.59393,58850.12171,64216.42434,68983.872,73644.17989,88194.44444,100000,100000,100000,100000,100000,100000,100000,100000,100000,100000,100000,100000,100000,100000,100000,100000
2057,213.0447701,14.86217876,9.65912749,6.441898784,4.874420116,4.272311066,3.991323382,3.86971004,3.831361128,3.94656071,4.210638969,4.619673503,5.318753437,6.379913275,7.798672487,9.714969675,13.41077606,18.99860094,24.19941643,28.15312281,31.23683605,33.76975464,36.09243429,38.2056794,40.09010301,41.99295413,43.87310575,45.92851551,48.2309269,50.55008768,53.09740013,55.92268454,59.03686148,62.41341639,66.12465325,70.3653446,74.97618575,80.00372038,85.64469057,91.6003352,98.01594436,104.9224661,112.3650027,120.5022054,129.465617,139.5393708,150.881145,163.7260636,178.2828944,194.7471835,213.1229373,233.5303578,256.2871105,281.7520437,310.0682758,341.2895342,376.2031365,415.0653367,457.4995086,503.3200666,552.6918777,605.7431455,662.3788065,723.0966947,788.4508924,859.032013,935.7563162,1019.944733,1112.325037,1213.584724,1326.052349,1452.298204,1593.513944,1751.202045,1927.670425,2124.811441,2345.252468,2593.559851,2876.43251,3202.252268,3579.684349,4015.030724,4515.823263,5090.149125,5745.561744,6490.232438,7328.280076,8264.152064,9307.971123,10473.66626,11812.72275,13386.26173,15132.17807,17027.95513,19183.57998,21597.82421,24207.86134,26988.5712,29917.19082,32999.01203,36356.4928,40132.44611,44353.75689,48920.66343,53739.24407,58797.28427,63927.85562,68686.16956,72949.73545,87500,100000,100000,100000,100000,100000,100000,100000,100000,100000,100000,100000,100000,100000,100000,100000,100000
2058,210.782692,15.02901869,9.523123482,6.355264214,4.77190259,4.163185932,3.877214049,3.751248155,3.781758677,3.891941205,4.151637622,4.55824567,5.252599092,6.305600594,7.640294963,9.613367966,13.35971316,18.84901252,23.95743693,27.90612163,30.86531812,33.2893277,35.65297248,37.81704845,39.68444394,41.49476544,43.4069921,45.43776638,47.67037463,50.04613031,52.63213066,55.38137789,58.33547964,61.6455836,65.32263431,69.52014532,74.19894503,79.21096436,84.67915048,90.57731327,96.96879929,103.843411,111.2467469,119.2936439,128.0870498,138.0287665,149.3027105,161.9500153,176.3327585,192.5723461,210.7083189,230.9478225,253.4754941,278.4988199,306.4143276,337.4175204,371.9028667,410.5138129,452.9112296,498.2502247,546.7761407,598.9842942,655.0237261,715.2368704,779.8379121,849.4724445,925.4375274,1008.851733,1100.067855,1200.173214,1311.561195,1436.604132,1576.327063,1732.289018,1906.886156,2101.821999,2319.961554,2565.672218,2845.768363,3168.313441,3541.051611,3971.554044,4467.2725,5035.640432,5684.019547,6420.590243,7250.129827,8176.65066,9210.455945,10365.09393,11692.77923,13256.74716,14995.12925,16883.84884,19032.96372,21441.50766,24047.39055,26825.70466,29751.87483,32838.1941,36199.08796,39978.69685,44211.77803,48815.58032,53634.16294,58640.1761,63551.52143,68909.66892,73460.59113,87500,100000,100000,100000,100000,100000,100000,100000,100000,100000,100000,100000,100000,100000,100000,100000,100000
2059,208.470047,14.80549903,9.297070289,6.18446921,4.746554225,4.209020675,3.841310992,3.635917506,3.738236097,3.844105439,4.024750669,4.428314243,5.120469053,6.240718592,7.494568973,9.380734471,13.17617657,18.56655021,23.64891909,27.58451006,30.54435351,32.98422453,35.24100838,37.38030986,39.29776075,40.95884104,42.84717448,44.97991496,47.12455464,49.49795892,52.08047355,54.74635233,57.68297512,60.96236127,64.6646452,68.81518062,73.38863075,78.32541476,83.63340463,89.47632188,95.85004864,102.727722,110.03691,117.9267484,126.7460246,136.6062337,147.7062381,160.2159023,174.3853239,190.4323551,208.463368,228.4652109,250.7401282,275.5076376,302.9136142,333.5655481,367.7605,405.816363,447.875129,493.2034295,541.2299894,592.4215377,647.6731884,707.3003915,771.2798381,840.2152584,915.2320975,997.6972403,1088.154109,1187.120452,1297.199223,1420.959003,1559.168849,1713.441654,1886.047991,2078.975463,2294.789275,2537.968845,2815.215237,3134.504097,3503.376554,3928.823073,4418.950395,4981.424208,5623.226894,6351.971253,7172.888004,8089.918745,9113.444401,10257.04881,11574.00086,13129.18862,14859.22281,16740.64172,18883.70831,21286.46958,23888.25431,26664.09969,29590.08662,32679.87258,36039.11447,39830.47596,44082.24097,48700.33536,53515.007,58431.09102,63155.81227,69131.88143,73936.78161,87500,100000,100000,100000,100000,100000,100000,100000,100000,100000,100000,100000,100000,100000,100000,100000,100000
2060,206.0918074,14.51486041,9.224647882,6.167699556,4.798736453,4.177680095,3.727296276,3.519392924,3.621693279,3.80061652,3.977787628,4.375941322,4.993217523,6.110765442,7.431777542,9.23428938,13.00761982,18.2974357,23.35036828,27.33510918,30.21831909,32.66071102,34.93298782,36.96892911,38.79536356,40.37418303,42.18340092,44.36218514,46.60987195,49.02573888,51.48274525,54.08394952,57.06470342,60.38322577,64.06114229,68.09458199,72.61079964,77.49957164,82.80359094,88.50295189,94.72220312,101.5152053,108.7566608,116.4909989,125.1804434,135.0347661,146.0544047,158.4495794,172.4435974,188.3481209,206.2233463,226.0856845,248.1040996,272.5852256,299.6715877,329.6773838,363.3865069,401.0835665,442.4982319,487.5414825,535.636499,586.4532983,640.7131683,699.4272603,762.7279462,830.8750057,905.1320552,986.6656903,1076.135843,1174.237506,1283.112126,1405.301075,1542.097978,1694.794861,1865.463365,2056.327825,2269.890667,2510.597743,2784.994685,3100.793642,3465.937945,3887.174787,4371.620063,4927.773072,5563.214388,6284.459262,7096.917643,8004.7219,9017.637056,10149.96788,11456.1666,13002.13249,14724.42823,16599.03817,18735.32418,21132.24295,23730.05732,26503.37981,29429.27877,32519.68243,35885.26063,39690.41909,43939.12027,48548.13732,53422.44111,58449.76992,63312.33676,68573.36523,73257.57576,87500,100000,100000,100000,100000,100000,100000,100000,100000,100000,100000,100000,100000,100000,100000,100000,100000
2061,204.0270845,14.0252817,9.141359495,6.145240062,4.768048839,3.984633391,3.533360654,3.403916404,3.430796098,3.684782969,4.010532815,4.404219679,4.944128706,6.058652834,7.448899904,9.244343048,12.86014613,18.04988323,23.13974065,27.09778977,29.96387181,32.39800469,34.60678059,36.52752023,38.31673606,39.93605604,41.66706237,43.77015496,46.06556177,48.32925801,50.7041171,53.43560916,56.54131222,59.78217967,63.2532192,67.27244757,71.71402541,76.59548823,81.96719506,87.56960542,93.61197869,100.3142711,107.6097697,115.2553578,123.7257177,133.4738525,144.4047781,156.7307288,170.5704401,186.2455929,203.9335913,223.6822226,245.4724598,269.60761,296.4759387,326.1638436,359.287348,396.5109326,437.5721923,481.9729052,529.753745,580.6629019,634.3293911,691.942979,754.3981898,821.6717603,895.093485,975.7437327,1064.085464,1161.257622,1269.196238,1390.023091,1525.215294,1676.373195,1845.278435,2034.10347,2245.379249,2483.548442,2755.041304,3067.500382,3428.784414,3845.751131,4325.336517,4874.988455,5503.375926,6217.649034,7021.786021,7920.235338,8923.062792,10044.25952,11339.48798,12876.093,14590.75345,16458.73325,18588.35864,20978.37587,23571.35383,26342.57732,29268.3378,32360.32571,35733.62348,39540.38267,43806.63009,48433.67784,53292.74656,58370.11308,63333.23963,67917.45509,73821.30125,88750,100000,100000,100000,100000,100000,100000,100000,100000,100000,100000,100000,100000,100000,100000,100000,100000
2062,201.9098118,13.78889616,8.965120963,5.952032469,4.651526144,3.865829744,3.492457041,3.441891345,3.391949892,3.646111726,4.048003316,4.3663691,4.902124355,6.014038596,7.329575709,9.051329859,12.59036583,17.83034708,22.88617775,26.81011602,29.72183715,32.07308521,34.20729936,36.0676087,37.8728718,39.58595264,41.36039116,43.38818728,45.60970418,47.73021939,50.01668634,52.79571697,55.9074724,59.15278452,62.5482171,66.47904764,70.79650215,75.58601689,81.01093534,86.67654672,92.57764163,99.12488264,106.3414287,114.0213211,122.4422923,131.9604386,142.7466224,155.0052488,168.701124,184.1316096,201.6196871,221.1715578,242.7431758,266.6095948,293.2187898,322.7092942,355.4773936,392.0557634,432.5340927,476.5447953,523.7614136,574.2356034,627.9125156,684.9776738,746.3674186,812.7844387,885.2562752,964.9181913,1052.298789,1148.329904,1255.142405,1374.936623,1508.631095,1658.068217,1825.431056,2012.170838,2221.047089,2456.634935,2725.205865,3034.415705,3391.899167,3804.455049,4279.21981,4823.296166,5444.500647,6151.276041,6947.478219,7836.666248,8829.592755,9939.72208,11224.16867,12751.82663,14458.65831,16319.4309,18442.31798,20826.28163,23414.77024,26183.28347,29107.94392,32203.01749,35580.7845,39396.56573,43677.60488,48306.52643,53125.53483,58134.31612,62848.89835,67504.76626,75008.16993,90000,100000,100000,100000,100000,100000,100000,100000,100000,100000,100000,100000,100000,100000,100000,100000,100000
2063,199.5985243,13.5121849,8.774955825,5.750202158,4.611026955,3.903441867,3.52862041,3.479364446,3.429659476,3.532190161,3.860107845,4.257486033,4.868158741,5.979833533,7.219209112,8.866901886,12.40532036,17.70844507,22.66835411,26.5533139,29.43394026,31.7607382,33.94422361,35.73216227,37.54062848,39.2686902,41.00842554,42.9519679,45.10111562,47.27988991,49.55217052,52.30811095,55.28029415,58.40939722,61.87341857,65.79331751,70.07791286,74.75250343,80.01099974,85.67023405,91.57476863,98.047136,105.1350427,112.6913087,121.0773213,130.4882181,141.1348327,153.3006941,166.9020374,182.1311362,199.3852237,218.6937848,240.0432849,263.6905053,290.037236,319.23034,351.6148403,387.7617307,427.5229226,470.8826585,517.734496,567.5280573,620.7834868,677.9499564,738.7098913,804.010831,875.5803611,954.3375794,1040.70673,1135.630869,1241.197926,1359.754526,1492.278929,1640.041053,1805.474767,1990.280842,2197.064344,2430.106975,2695.715807,3001.69223,3355.47841,3763.810972,4233.622015,4772.269556,5387.149266,6085.798375,6873.557038,7754.238394,8737.004645,9835.988401,11109.82743,12628.25683,14327.54782,16181.25184,18297.00603,20675.06941,23258.56016,26024.00773,28947.67556,32044.50366,35429.08442,39254.32589,43540.06606,48158.80577,53025.17545,58063.91451,62986.04216,67543.81165,75315.65657,90454.54545,100000,100000,100000,100000,100000,100000,100000,100000,100000,100000,100000,100000,100000,100000,100000,100000
2064,197.0986298,13.22478644,8.657164503,5.70630198,4.648274024,3.938504246,3.48208061,3.35467897,3.387120638,3.417931548,3.672731787,4.224873906,4.838869981,5.953867492,7.265286612,8.907218055,12.374473,17.46651534,22.34421839,26.13376296,28.97593088,31.4049574,33.56426894,35.33644236,37.13603208,38.80065906,40.55753116,42.53402489,44.60167517,46.77559531,49.10793433,51.78906375,54.61521616,57.66943793,61.20653974,65.13785135,69.35195588,74.04871934,79.14441559,84.62461899,90.58205197,97.05579847,104.0201866,111.4160974,119.6926821,129.0532129,139.5384357,151.5010937,164.9998812,180.2111503,197.3187059,216.3042543,237.3502644,260.7822293,286.8624536,315.7439502,347.7654352,383.5490621,422.9292451,465.6050616,511.8446041,561.2053958,613.684927,670.3010032,731.0865493,795.7654288,866.136361,943.9100926,1029.439547,1123.287908,1227.648055,1344.821439,1475.904573,1622.302307,1785.713123,1968.543661,2173.316699,2403.905198,2666.77053,2969.478329,3319.524823,3723.499423,4188.509585,4721.494765,5330.189766,6021.818882,6800.772829,7672.120405,8645.341292,9733.589143,10996.42003,12505.77246,14197.5022,16043.73402,18152.21764,20523.98532,23102.38493,25865.1374,28788.94983,31885.91196,35275.63702,39113.58232,43403.47122,48043.62262,52942.01567,58008.62588,63049.44454,68120.74421,74561.68831,89204.54545,100000,100000,100000,100000,100000,100000,100000,100000,100000,100000,100000,100000,100000,100000,100000,100000
2065,195.2107715,13.37722558,8.614069679,5.739808966,4.597284556,3.886745046,3.432515223,3.226627102,3.262754899,3.375404484,3.713271744,4.270258424,4.813154644,5.860198988,7.176855495,8.818138549,12.28637993,17.31095028,22.11491555,25.75251518,28.56157095,31.018153,33.07627823,34.89000325,36.67131017,38.26024449,40.02114876,42.08149922,44.18366252,46.27848571,48.60816382,51.22560774,53.97893866,57.13789536,60.60236705,64.30443109,68.53368523,73.3452334,78.39745755,83.72430074,89.61079647,95.97808068,102.7710201,110.1020831,118.3047044,127.573699,137.9912257,149.7476499,163.0784484,178.1619214,195.0786287,213.9402299,234.7730014,257.9672545,283.7206488,312.2953939,344.0001675,379.3224017,418.4194937,460.6860064,506.0527906,554.7776032,606.8674494,662.6294197,722.9302519,787.6158115,857.1877389,933.8135203,1018.290716,1110.977112,1214.211858,1330.121017,1459.704093,1604.533007,1766.391334,1947.167673,2149.553623,2377.825104,2638.011888,2937.53983,3283.860091,3683.531289,4143.608712,4671.168275,5273.780502,5958.561887,6729.615486,7591.265998,8554.486468,9632.353356,10884.30052,12384.38667,14068.44962,15907.40897,18008.92417,20374.35346,22948.08778,25707.02628,28630.73539,31730.38172,35121.85339,38969.13533,43270.35945,47926.70391,52832.66299,57942.35366,63001.38406,67602.81829,72378.41945,79166.66667,91666.66667,100000,100000,100000,100000,100000,100000,100000,100000,100000,100000,100000,100000,100000,100000,100000
2066,193.3389299,13.10226956,8.563891,5.683648375,4.37230899,3.663368378,3.376953198,3.255491693,3.214792346,3.330536094,3.753336271,4.240226403,4.787702515,5.769804803,7.020714138,8.670754987,12.07452666,17.1744776,21.90664895,25.39705188,28.25567432,30.67757128,32.69044367,34.53296552,36.28709094,37.85610703,39.47831075,41.47869581,43.60150061,45.73175926,48.11316887,50.73006262,53.48427648,56.51052082,59.83471532,63.5288637,67.83854881,72.60915502,77.59775508,82.93428187,88.67921308,94.91323308,101.6125937,108.8809671,116.9669018,126.1404423,136.4848169,148.0987358,161.3360961,176.1825267,192.8802805,211.6325349,232.2774529,255.1680655,280.581471,308.8480848,340.3090617,375.2528636,413.918598,455.7810008,500.5698332,548.3863097,599.8562691,655.2731715,714.6090432,778.7376465,848.3110426,924.1644555,1007.269675,1098.786213,1200.832771,1315.467875,1443.709968,1586.818834,1746.996897,1926.088931,2126.212687,2352.013344,2609.483927,2905.782973,3248.531434,3644.056347,4099.283507,4621.418474,5217.711741,5895.374015,6658.95882,7512.102065,8464.940331,9531.721833,10773.45231,12264.23898,13940.21466,15771.85958,17866.77104,20225.92246,22795.14866,25550.59937,28472.47615,31575.45068,34970.57273,38818.60422,43126.37431,47793.24537,52734.90404,57918.51824,63282.46626,67364.5389,71451.5487,70416.66667,83333.33333,100000,100000,100000,100000,100000,100000,100000,100000,100000,100000,100000,100000,100000,100000,100000
2067,191.3066976,12.80613371,8.505936351,5.53704514,4.225437329,3.517901663,3.31735992,3.28159712,3.243445366,3.362584329,3.633910742,4.051000437,4.68644116,5.604004386,6.865702955,8.6026344,11.9532574,16.99462425,21.65339687,25.06447766,27.91303524,30.24799868,32.2868051,34.21344867,35.8630703,37.46767841,39.0708883,40.93361404,42.99811932,45.21277927,47.56787543,50.04759404,52.92983123,55.89783916,59.15385539,62.95611404,67.13815464,71.75084823,76.76274167,82.09906362,87.72862419,93.89172111,100.5723245,107.8185574,115.7297983,124.6733019,134.911891,146.4206926,159.4956526,174.2674257,190.8099725,209.235501,229.7027721,252.3118948,277.4321558,305.3780433,336.526822,371.2458078,409.5206555,450.9107122,495.2358138,542.4759803,592.9943918,647.738303,706.6106546,769.8607634,838.9051594,914.4800056,996.7502493,1087.074501,1187.824559,1301.093292,1427.816107,1569.305027,1727.680318,1904.935494,2103.235592,2326.549608,2581.101255,2874.314217,3213.489503,3604.76313,4055.224747,4572.131873,5162.069433,5832.661862,6588.632645,7433.327972,8376.89757,9432.484659,10663.31873,12145.28259,13812.82967,15636.75083,17725.14424,20078.88069,22643.25985,25395.82348,28315.55561,31418.08752,34819.82802,38679.06164,42987.76312,47681.83957,52688.24147,57821.99849,62964.98116,67422.9593,71321.29775,72083.33333,85416.66667,100000,100000,100000,100000,100000,100000,100000,100000,100000,100000,100000,100000,100000,100000,100000
2068,188.9463797,12.89906719,8.353472585,5.469531132,4.242940543,3.535309466,3.33681457,3.304364768,3.269360806,3.311846144,3.43032069,3.934505565,4.659910754,5.512807866,6.788385754,8.539239089,11.84192492,16.84031455,21.50417546,24.89829288,27.66328454,29.91538165,31.99357816,33.9434175,35.47796682,37.10458107,38.74411939,40.52361726,42.51567807,44.67214392,46.9848756,49.43878902,52.31245743,55.3468697,58.54740398,62.2845508,66.4552288,70.94329249,75.8628917,81.10694684,86.68017235,92.83997713,99.52234701,106.6375463,114.4991791,123.329059,133.3846586,144.8317944,157.7193881,172.2995131,188.6395711,206.8351467,227.156503,249.5716385,274.4335736,302.0478491,332.8187839,367.1956541,405.0203007,445.959821,489.8542285,536.6769089,586.5766145,640.4188113,698.6616073,761.2825834,829.3389769,904.3489033,986.4020602,1075.788665,1175.007942,1286.895692,1412.267326,1552.07905,1708.706197,1884.032345,2080.351183,2301.407556,2553.082908,2843.14848,3178.89974,3565.988304,4011.541641,4523.028524,5107.106281,5770.940335,6519.005472,7355.135184,8289.457349,9334.731735,10554.40301,12026.75921,13686.54623,15503.38226,17585.0157,19932.65677,22492.15135,25241.57602,28159.66855,31262.33609,34666.99708,38539.98664,42866.83206,47567.95381,52566.01874,57647.82178,62693.90794,67585.94846,72063.43943,74583.33333,87500,100000,100000,100000,100000,100000,100000,100000,100000,100000,100000,100000,100000,100000,100000,100000
2069,186.5069352,12.97261683,8.279304761,5.482330395,4.256760456,3.550000097,3.35332321,3.323666576,3.291959373,3.257625621,3.380073267,3.972158594,4.707199599,5.494404642,6.784916671,8.555232655,11.73743572,16.70088408,21.31671585,24.63220541,27.44307481,29.60960383,31.66709842,33.65586051,35.14444095,36.78147967,38.37866654,40.19359986,42.16662544,44.18725827,46.44236971,48.98022434,51.76611918,54.66820458,57.87645396,61.56137921,65.67116256,70.08900677,74.94885232,80.10583181,85.71076971,91.81821595,98.37111912,105.4444363,113.2412906,122.0629919,131.9512695,143.2005186,155.9147911,170.2280492,186.4543534,204.5820417,224.5941525,246.7724961,271.4788979,298.7784951,329.2304604,363.1937254,400.4713117,440.943048,484.4800087,530.8499085,580.3272543,633.5698301,690.785738,752.580011,820.0620348,894.1860689,975.5721811,1064.516725,1162.603012,1272.8925,1396.840517,1535.224334,1690.095169,1863.450925,2057.474721,2276.26966,2525.568365,2812.430484,3144.49512,3527.650758,3968.735992,4474.760777,5052.758475,5709.932934,6450.112293,7277.946801,8202.845704,9237.766346,10447.02686,11909.49096,13561.77087,15372.31752,17446.07134,19786.3456,22341.51774,25088.20894,28005.72335,31108.6164,34514.9791,38390.47038,42733.9314,47441.35181,52428.51118,57530.40707,62741.96847,67713.16214,71408.18229,73897.05882,87500,100000,100000,100000,100000,100000,100000,100000,100000,100000,100000,100000,100000,100000,100000,100000
2070,184.6264815,12.84995799,8.285951956,5.490584484,4.266697329,3.561642802,3.367263308,3.256697725,3.227772673,3.280061367,3.406959872,3.92727886,4.671949002,5.394642277,6.624804526,8.495154798,11.63648379,16.57023981,21.14821438,24.33286698,27.12893841,29.26986234,31.172419,33.14242773,34.73025335,36.31857808,37.86229688,39.82627483,41.83426173,43.77168033,45.95471359,48.37288244,51.17952402,54.05779824,57.19877312,60.83278132,64.8324927,69.19315571,74.04610641,79.26679094,84.9086891,90.87360577,97.25812698,104.2538102,111.9072758,120.6265822,130.562709,141.6499634,154.1942968,168.444905,184.3764435,202.2463657,222.0734806,243.9619927,268.4749955,295.5580531,325.5635648,359.1217778,396.0696923,436.1203543,479.1781267,525.1339902,574.065116,626.7162555,683.3630019,744.1544759,810.7535329,884.2448692,964.6047895,1052.776782,1150.501638,1259.596903,1381.678336,1518.508769,1671.773826,1843.13142,2034.852509,2251.254006,2498.113944,2782.166682,3110.482615,3489.530536,3926.361745,4427.258259,4999.030223,5649.055128,6381.748322,7201.261583,8117.015623,9141.730499,10340.9593,11794.17685,13437.94268,15241.34165,17307.81003,19641.38858,22190.90574,24934.63009,27852.26088,30955.99357,34366.71397,38245.91434,42606.92602,47333.57162,52342.793,57487.3235,62770.03644,67503.51899,70831.06356,74818.11146,88750,100000,100000,100000,100000,100000,100000,100000,100000,100000,100000,100000,100000,100000,100000,100000
2071,182.701247,13.06845041,8.202187721,5.495168894,4.273104716,3.57004124,3.29402268,3.10252288,3.077281474,3.216028201,3.43042949,3.878474074,4.553277188,5.287946684,6.536661037,8.432463866,11.53617263,16.2241659,20.7685414,24.12192065,26.7866939,28.97106451,30.84402632,32.65696694,34.28626988,35.84088095,37.4004355,39.31086784,41.33890792,43.37344249,45.53600684,47.8196415,50.50642208,53.46787334,56.64782302,60.21696886,64.22953257,68.48366238,73.16016586,78.3763876,84.02506805,89.97237732,96.21938122,103.0510184,110.7371127,119.390446,129.1924957,140.2216145,152.6023486,166.6491827,182.3076443,199.913772,219.6539272,241.349895,265.4860915,292.2465398,321.928103,355.0824664,391.6858694,431.3617068,473.9049248,519.3745676,567.8274565,619.9131881,676.0126064,736.174061,801.6568907,874.1713281,953.7345996,1040.849648,1137.887184,1246.366262,1367.127464,1502.139091,1653.627829,1823.090649,2012.651883,2226.6243,2470.748749,2751.951708,3076.997729,3451.956957,3883.980368,4379.694249,4945.54729,5588.780173,6314.166885,7125.400166,8031.724197,9046.22095,10235.33995,11679.87176,13315.31579,15110.64026,17170.52787,19497.6396,22040.9525,24780.88629,27697.59603,30804.15986,34220.31195,38112.81416,42480.07312,47213.38422,52211.44554,57372.05296,62608.57013,67541.87053,72095.29506,77171.05263,90000,100000,100000,100000,100000,100000,100000,100000,100000,100000,100000,100000,100000,100000,100000,100000
2072,180.5553974,12.98732851,8.115557254,5.411423494,4.190958139,3.575478423,3.217516796,3.028367144,3.006982788,3.148759876,3.450320495,3.905165763,4.50954309,5.25457997,6.5200962,8.361325643,11.42909804,15.87574653,20.39496058,23.92312789,26.46466688,28.64516256,30.62574756,32.4017657,34.0004837,35.52785453,37.05370646,38.72509103,40.69784884,42.8780608,45.0727027,47.39740019,49.94896663,52.85224554,56.0538917,59.54014257,63.55166976,67.82239094,72.39625176,77.44018621,83.02710235,88.92459375,95.10022375,101.9199893,109.6242543,118.1838622,127.7074386,138.6431053,150.9387386,164.7722056,180.3448023,197.7969032,217.2501254,238.703666,262.4959237,288.9446992,318.4058613,351.2335437,387.3969463,426.5316076,468.5777885,513.6245895,561.688881,613.2778799,668.6132445,728.2227729,793.0687605,864.3823318,942.9643133,1029.308828,1125.198048,1232.753227,1352.87957,1486.364602,1635.619963,1803.223607,1990.925672,2202.395483,2443.783759,2722.05464,3043.768183,3414.896421,3842.012804,4332.346623,4892.816659,5529.630148,6247.47708,7050.367501,7947.641009,8952.043709,10130.63247,11566.02649,13193.9575,14981.77152,17033.94394,19354.31827,21892.80255,24628.54837,27543.44976,30650.91425,34072.87335,37976.55825,42345.81495,47083.78551,52105.52052,57266.31493,62345.28132,67248.12168,71440.47619,76607.14286,90000,100000,100000,100000,100000,100000,100000,100000,100000,100000,100000,100000,100000,100000,100000,100000
2073,178.6304777,12.48471083,8.027217846,5.23971002,4.02137393,3.493119592,3.222394644,3.035507659,3.016783354,3.161759118,3.384758703,3.763651758,4.458719143,5.215876746,6.418628443,8.284326427,11.31311059,15.73868265,20.31354694,23.80627131,26.22344163,28.34230945,30.2506316,31.99727255,33.68647916,35.1806656,36.67970203,38.31874195,40.24135283,42.36523218,44.57607441,46.99347556,49.52196493,52.3508173,55.43267953,58.87900182,62.8703948,67.20394452,71.7981495,76.68278113,81.98041245,87.75875123,94.06852074,100.8831586,108.404481,116.8705107,126.3498413,137.0889908,149.2836515,163.011934,178.3706614,195.6260171,214.7813553,235.8748192,259.5341079,285.754376,314.8085865,347.394777,383.2307731,421.9066658,463.5142897,508.0718197,555.5356051,606.5290909,661.3420633,720.2762351,784.5009605,855.1285602,932.631655,1017.906641,1112.754467,1219.014739,1337.993028,1470.64182,1618.39813,1783.729325,1969.32267,2178.608229,2417.204516,2692.342032,3010.585378,3377.95211,3800.845754,4285.964005,4840.481028,5470.820796,6181.387356,6975.976827,7864.311401,8858.992002,10027.46431,11453.41085,13073.5193,14854.253,16898.71452,19212.36306,21745.94106,24477.79644,27390.83247,30497.83338,33922.81567,37831.05007,42208.50749,46954.60403,52002.98727,57152.87345,62126.40853,66911.91683,70976.42937,77168.73706,90833.33333,100000,100000,100000,100000,100000,100000,100000,100000,100000,100000,100000,100000,100000,100000,100000
2074,176.7429408,12.32604884,7.937731902,5.152255017,3.936015535,3.323967233,3.140051374,3.040151967,3.023867439,3.088751635,3.232896174,3.617947842,4.402795394,5.171391532,6.389055357,8.277783438,11.18603138,15.58860428,20.07443834,23.54035081,25.9898663,27.98388489,29.82996436,31.57014994,33.29218241,34.80686627,36.27240016,37.94946253,39.9022731,41.91230956,44.06398781,46.43461365,48.9910217,51.85656269,54.86370779,58.31265609,62.20301663,66.45687831,71.05607301,75.90446648,81.10839845,86.78222477,93.03629228,99.80902946,107.2135758,115.5042673,124.8967045,135.5816726,147.6068998,161.1830322,176.4389864,193.4831037,212.3665557,233.2338282,256.6761695,282.6529681,311.3446604,343.4776573,378.9698277,417.3664857,458.5631345,502.4768325,549.3373312,599.7850533,654.0526783,712.4331205,776.0332972,845.9629559,922.533845,1006.477924,1100.164522,1205.457498,1322.953071,1454.385176,1601.341381,1764.808838,1947.980548,2155.077149,2391.094447,2663.013181,2977.766928,3341.308379,3759.913779,4240.184544,4788.612804,5412.263745,6115.852969,6902.502054,7781.683169,8766.287125,9925.010217,11342.12552,12954.00746,14727.28813,16764.71771,19071.41024,21598.93086,24327.73413,27239.62345,30348.03477,33776.98043,37692.25752,42081.86819,46834.10197,51864.99568,57031.30715,62051.55043,67017.82576,72005.8327,78894.92754,91666.66667,100000,100000,100000,100000,100000,100000,100000,100000,100000,100000,100000,100000,100000,100000,100000
2075,174.9109078,11.81522403,7.848028961,5.15006668,3.934949265,3.238972424,3.056151843,3.042754879,3.028476775,3.01270241,3.160077941,3.550368799,4.259959086,5.119245327,6.352455213,8.18360151,11.12689379,15.5028531,19.74375226,23.04199358,25.60970843,27.63291507,29.48841651,31.23195002,32.87527478,34.41823405,35.9045539,37.48524706,39.47548543,41.57780639,43.6139562,45.80044951,48.30760927,51.19914073,54.18024739,57.61416288,61.50586919,65.72037789,70.24216038,75.09903191,80.39228015,86.037271,92.13073867,98.73119668,106.0386564,114.2212372,123.4480559,134.0540789,146.0126671,159.448062,174.5673831,191.4088115,210.0787233,230.8046052,253.8879887,279.4719164,307.9092949,339.6133759,374.6507423,412.728418,453.4889448,496.9539285,543.3187628,593.1780492,646.8888035,704.6749269,767.6247737,836.6618129,912.4039743,995.5169844,1087.977155,1192.025624,1308.302815,1438.148456,1583.664072,1746.120748,1927.464912,2131.842351,2365.174045,2634.178054,2945.49549,3305.061262,3719.069494,4194.396258,4737.545335,5354.634785,6050.704479,6829.57617,7700.00418,8674.75818,9823.509904,11231.71312,12835.51546,14600.86941,16631.17745,18931.40579,21453.04759,24178.56814,27088.07512,30197.01175,33634.35237,37561.06195,41964.84779,46720.43239,51751.89798,56919.22467,62133.59246,67203.71379,72572.82069,79416.66667,91666.66667,100000,100000,100000,100000,100000,100000,100000,100000,100000,100000,100000,100000,100000,100000,100000
2076,173.3551587,11.24121102,7.759549045,5.147896519,3.933278189,3.23812536,3.056214814,3.043881406,3.031060183,3.017280013,3.167514887,3.479502337,4.113219327,5.062227385,6.308766647,8.079070123,10.97622324,15.32409715,19.54403746,22.67100022,25.21381409,27.34727171,29.22352198,30.90796212,32.41670834,33.9433521,35.52296382,37.12451673,39.01898248,41.09501159,43.0973811,45.29094683,47.79643925,50.57436032,53.57905763,56.92427694,60.79892285,65.07460223,69.49715124,74.27884444,79.46278566,85.08073565,91.15075186,97.59571192,104.8554184,113.0663173,122.1936952,132.5854066,144.4145171,157.7106438,172.6054481,189.2868798,207.8414668,228.2936705,251.0278714,276.2348851,304.3231812,335.8141611,370.4636904,408.0732461,448.4663505,491.5414512,537.4835202,586.7939686,639.8584266,696.9980442,759.2528852,827.5779835,902.4935755,984.8163132,1076.287945,1178.820327,1293.719274,1422.27897,1565.937806,1726.950896,1907.19286,2109.24145,2339.575684,2605.692815,2913.692419,3269.194147,3678.81528,4149.098442,4686.605274,5297.700916,5986.495729,6757.134912,7618.796251,8584.005936,9722.873838,11122.18875,12717.94893,14475.95627,16498.88108,18792.49161,21309.13751,24029.56881,26937.2082,30048.009,33486.48659,37418.15465,41825.79273,46590.18361,51666.6165,56827.39258,62131.98053,67128.48389,71951.7174,78935.89744,91666.66667,100000,100000,100000,100000,100000,100000,100000,100000,100000,100000,100000,100000,100000,100000,100000
2077,171.2611116,11.20328357,7.759535169,5.146470273,3.931619899,3.236765857,3.05544057,3.043941227,3.032175807,3.019846668,3.172374775,3.487652279,4.126650679,5.001030042,6.257429104,8.045465364,10.73381516,15.04996877,19.40165432,22.5011721,24.94237698,27.04670109,28.9568655,30.65945124,32.10419589,33.55947871,35.12410162,36.81712362,38.54128008,40.45706623,42.49788242,44.71751304,47.35093271,50.06238271,52.9515244,56.25693172,60.10034349,64.29693675,68.59931602,73.34298345,78.51394258,84.08685392,90.07496014,96.44185562,103.6716372,111.7797645,120.8225912,131.1860647,142.8717819,155.988745,170.6695517,187.1606208,205.5419908,225.7022767,248.1605903,273.12418,300.9881555,332.0707324,366.2641906,403.5306563,443.4347052,486.0210734,531.6224885,580.5021309,632.9617893,689.4704165,751.0634315,818.7020291,892.8371228,974.1300357,1064.554339,1166.065844,1279.583255,1406.569255,1548.639875,1707.73992,1886.257325,2086.914378,2314.875106,2577.702046,2882.318341,3234.022107,3639.230024,4104.465074,4636.028402,5240.806961,5922.989741,6685.689652,7538.420973,8493.972324,9623.123311,11013.74414,12601.63755,14352.37123,16368.09718,18654.45765,21164.73436,23881.21008,26788.14403,29899.53329,33337.37864,37274.65759,41697.82558,46482.82785,51569.81384,56757.9655,61901.98779,67066.12398,71617.29474,79049.65405,92261.90476,100000,100000,100000,100000,100000,100000,100000,100000,100000,100000,100000,100000,100000,100000,100000
2078,169.0477746,11.23045488,7.762346476,5.060804427,3.844966976,3.235397591,3.054164795,3.04316798,3.032232848,3.020951392,3.175105743,3.49297358,4.136407822,4.935375322,6.119677979,8.002703192,10.71571596,14.99364227,19.31761286,22.38552458,24.7961331,26.79657286,28.60573977,30.34007215,31.80050521,33.18873879,34.68417223,36.36336954,38.11681054,39.98734818,41.99430243,44.12569355,46.72239993,49.49705649,52.37741086,55.68516092,59.42572455,63.46847389,67.81069275,72.55404058,77.68789705,83.25032727,89.13706242,95.48759347,102.6453467,110.6087376,119.5537736,129.720553,141.3302239,154.3165847,168.7691704,185.0286759,203.1989602,223.1850342,245.4222784,270.2189779,297.8145538,328.4517887,362.1748652,399.0504281,438.4971134,480.5140479,525.6444433,574.1318269,626.0648218,681.9602402,742.8538072,809.7803061,883.1867659,963.6161367,1053.052859,1153.413448,1265.690158,1391.149224,1531.69661,1689.095599,1865.353096,2064.183853,2290.458129,2550.40611,2851.24787,3199.214844,3600.100751,4060.158574,4586.024025,5184.441782,5859.713388,6614.937631,7459.163797,8405.013751,9524.411157,10905.93582,12486.12162,14229.35276,16237.40812,18516.90248,21020.80129,23733.01458,26637.71232,29748.12439,33193.86306,37138.96941,41575.04743,46378.55855,51442.09109,56710.89527,61871.95332,66767.1128,71628.87377,79894.17989,92857.14286,100000,100000,100000,100000,100000,100000,100000,100000,100000,100000,100000,100000,100000,100000,100000
2079,167.3392564,11.13798591,7.596063147,4.890952018,3.759301423,3.234484641,3.052872746,3.041902404,3.031465723,3.021005378,3.176289684,3.495961241,4.142801751,4.94687795,5.976422722,7.709998303,10.5249134,14.91924348,19.21122773,22.24753656,24.70158535,26.52534581,28.15982309,29.93631997,31.42649995,32.76060138,34.19243029,35.87163788,37.67636861,39.57406776,41.59682636,43.69281922,46.07720027,48.75237694,51.81373571,55.10945956,58.72789254,62.78491814,67.15187441,71.87326155,76.88593683,82.35165641,88.17036896,94.42440758,101.4514304,109.3491692,118.2163083,128.232189,139.7134501,152.6372102,167.0315023,183.0732687,200.9323034,220.8049127,242.8867672,267.380004,294.5209505,324.8505823,358.3519622,394.6398423,433.6372943,475.2446408,519.7730633,567.6838714,619.0663481,674.4122611,734.6358204,800.8580301,873.5158718,953.1285503,1041.699304,1140.980214,1252.119434,1376.149929,1514.852464,1670.519253,1844.976455,2041.348554,2265.441905,2523.472174,2821.056267,3164.747262,3561.335376,4016.482653,4536.718977,5128.986847,5797.040678,6544.679044,7380.787032,8317.00185,9426.634995,10799.2402,12371.21958,14107.11989,16107.58797,18380.00176,20878.73301,23586.09819,26487.50421,29598.51641,33049.10741,36997.95452,41437.79856,46248.10777,51310.87355,56622.70566,62007.51169,66691.33119,71426.78359,79924.04847,92857.14286,100000,100000,100000,100000,100000,100000,100000,100000,100000,100000,100000,100000,100000,100000,100000
2080,165.3098702,11.17553041,7.433523821,4.808768404,3.760531892,3.234385359,3.05200154,3.040625864,3.030209946,3.020241298,3.176374449,3.497259253,4.146419006,4.95439463,5.90874603,7.491248894,10.32537704,14.67205551,18.92421799,22.00845372,24.36001218,26.15548495,27.83081947,29.57811656,31.10377968,32.46439601,33.90890958,35.52660719,37.26326704,39.14825835,41.13172399,43.30465415,45.59144525,48.11428621,51.19594486,54.48773195,58.14879625,62.20024455,66.39899532,71.02272514,76.01172471,81.47532219,87.19851404,93.32741245,100.2619699,107.9752748,116.7843824,126.8498399,138.1871444,150.9907768,165.2772077,181.1567642,198.8090873,218.4651265,240.3025469,264.4431241,291.2917442,321.2738255,354.4036524,390.3054763,428.8645594,470.1177763,514.1307323,561.296737,612.132986,666.981435,726.6076095,792.049867,863.9547431,942.7914265,1030.293677,1128.628559,1238.679003,1361.294391,1498.410279,1652.202768,1824.706285,2019.049508,2240.460263,2495.916618,2791.185629,3131.268975,3523.114562,3973.43226,4488.324808,5074.162602,5735.16018,6475.079811,7302.818178,8229.919844,9329.760181,10693.47941,12257.37699,13985.85968,15979.40392,18244.34236,20736.89971,23441.31614,26339.70306,29448.85208,32900.65017,36860.52373,41310.68796,46120.58117,51202.11778,56468.019,61903.22931,66873.13531,70584.46957,79351.95853,93303.57143,100000,100000,100000,100000,100000,100000,100000,100000,100000,100000,100000,100000,100000,100000,100000
2081,163.3723944,11.219951,7.44761621,4.729215972,3.677643777,3.235415857,3.051884291,2.955504669,2.944686122,3.018994769,3.17559948,3.497355108,4.065168464,4.875787288,5.917772077,7.50872175,10.27792875,14.49118757,18.6188605,21.66517847,23.99033938,25.82952229,27.61937007,29.4054792,30.89603628,32.15102632,33.48773159,35.12311873,36.99723041,38.81649355,40.65681113,42.79052871,45.15110618,47.75823622,50.68707473,53.87525512,57.46854007,61.43860911,65.62766177,70.19936319,75.14767529,80.58551084,86.24677209,92.34170725,99.1535619,106.7791349,115.5907688,125.5465936,136.7016519,149.2487101,163.4252155,179.2126756,196.718271,216.1199972,237.6567865,261.6005662,288.1506505,317.7599267,350.4763637,386.0242684,424.1382394,464.7764322,508.4199185,555.1860296,605.3927515,659.5975768,718.733029,783.5619126,854.5715187,932.6050711,1019.086799,1116.262211,1225.14732,1346.5221,1482.283695,1634.366661,1804.662474,1996.796648,2215.980778,2468.383619,2760.712181,3098.220616,3485.896056,3930.846168,4440.259427,5020.010717,5674.060598,6406.224211,7225.437355,8143.443506,9233.828651,10588.7061,12144.7209,13865.70616,15851.83897,18109.63614,20596.35777,23296.49365,26192.52893,29300.74416,32753.87878,36722.90314,41180.20853,46007.2649,51134.84109,56352.76079,61653.38894,66542.98719,70193.21131,77152.77778,91319.44444,100000,100000,100000,100000,100000,100000,100000,100000,100000,100000,100000,100000,100000,100000,100000
2082,161.9351138,11.14816702,7.291770349,4.652226453,3.59650886,3.237844142,2.968196526,2.786509772,2.775619523,2.933784862,3.090923768,3.413120261,3.89963013,4.71193498,5.922875199,7.438627553,10.13969675,14.37666629,18.37645921,21.29919547,23.66473441,25.54747091,27.30874765,29.06565137,30.52400532,31.7434348,33.04933088,34.6494763,36.47802998,38.30399577,40.2732035,42.33160817,44.64986563,47.26813359,50.09666858,53.2528726,56.7416671,60.63997524,64.86219582,69.47914715,74.43143387,79.70653338,85.28131969,91.37341527,98.09132385,105.6569985,114.3262988,124.1127279,135.1674366,147.6012497,161.6488008,177.2169658,194.5277486,213.7406936,235.0345957,258.7086859,284.997682,314.3298767,346.7256553,381.892087,419.4798957,459.6150758,502.7394721,549.1664717,598.827172,652.2996642,710.8249167,775.0678317,845.3203999,922.3893391,1007.954299,1104.121478,1211.815813,1331.909454,1466.286366,1616.713313,1785.152846,1974.963472,2191.664356,2441.560223,2730.401164,3064.487415,3449.0907,3889.290114,4392.75961,4966.412658,5613.690715,6338.332941,7149.057398,8057.684469,9138.767523,10484.95347,12033.19621,13746.62109,15724.82131,17975.50841,20456.58398,23152.07695,26046.836,29156.41691,32611.96814,36585.84611,41051.5389,45901.82966,51041.19361,56285.07035,61551.72571,66181.43113,70963.84843,75076.16487,88194.44444,100000,100000,100000,100000,100000,100000,100000,100000,100000,100000,100000,100000,100000,100000,100000
2083,160.3622682,11.14853033,7.139924932,4.663664187,3.51743938,3.156295162,2.885753476,2.702733389,2.691526516,2.848976866,3.006255046,3.328349704,3.81585265,4.546730609,5.760455355,7.281390584,10.07374945,14.24970528,18.11582633,20.99328238,23.31619265,25.30969097,27.04091869,28.62685881,30.1256673,31.4493204,32.78943963,34.29337843,35.95630855,37.80282614,39.77948774,41.8998613,44.26829807,46.72051422,49.43501448,52.67182811,56.18724657,59.91827772,64.0049696,68.53118527,73.46472482,78.68053355,84.26821576,90.44959074,97.10442345,104.516966,113.0083585,122.6583121,133.6728124,146.0164531,159.7806357,175.2285502,192.3907429,211.3666696,232.4898888,255.7560002,281.7438991,310.8140717,342.853887,377.7148485,414.943922,454.6380423,497.206324,543.0489239,592.2337905,645.2391233,702.9785558,766.4511145,836.0762906,912.3315146,996.9711559,1092.090535,1198.555978,1317.383799,1450.494226,1599.224899,1765.878035,1953.773373,2167.785731,2414.949673,2700.84279,3030.886577,3411.707045,3848.406085,4346.604282,4913.466487,5553.830123,6271.230119,7073.458089,7972.698097,9044.426611,10381.81197,11922.05903,13628.07733,15599.02571,17842.62358,20317.72803,23008.92495,25901.54978,29009.96508,32468.67343,36448.26998,40926.81161,45785.89762,50901.68965,56173.1225,61462.18705,66174.47664,70863.35368,74230.20528,87500,100000,100000,100000,100000,100000,100000,100000,100000,100000,100000,100000,100000,100000,100000,100000
2084,158.4266023,11.28571746,7.079319791,4.590936543,3.440306762,3.076363267,2.889362264,2.704706053,2.692337161,2.848831849,3.005400154,3.243933269,3.731276394,4.463142811,5.596023197,7.202016251,10.00143318,14.0296428,17.83798141,20.74503351,23.09950755,25.12306036,26.81463599,28.22548725,29.69402716,31.12707102,32.50444118,34.04623652,35.74825137,37.56102554,39.36165771,41.42324221,43.79273692,46.22968363,48.90150469,52.02276138,55.49622616,59.19202116,63.22855301,67.67415458,72.57014419,77.7031193,83.28753354,89.41902135,95.98244401,103.3892443,111.847243,121.382335,132.2069368,144.400409,157.9661368,173.260591,190.2515516,209.0301188,229.9351967,252.9302514,278.5836199,307.3787604,339.0985847,373.4780051,410.3047702,449.66175,491.7553784,536.9950233,585.6384828,638.0733529,695.1170505,757.853277,826.7773013,902.3104378,986.1820885,1080.145039,1185.400362,1303.08005,1434.738342,1581.84624,1746.661557,1932.662099,2144.533728,2388.661471,2671.468285,2998.111347,3374.381507,3806.943848,4301.042069,4861.838211,5494.756202,6204.585914,6998.723767,7888.799367,8951.228277,10280.06209,11812.13322,13510.34442,15473.89364,17710.57862,20179.33419,22865.79949,25755.38682,28861.61898,32323.1026,36310.99045,40803.18957,45668.68842,50789.59059,56046.9323,61275.90429,66201.50593,70636.12314,74558.08081,88194.44444,100000,100000,100000,100000,100000,100000,100000,100000,100000,100000,100000,100000,100000,100000,100000
2085,156.5328534,11.43378248,6.93418703,4.520710508,3.450737111,3.083702244,2.894587759,2.708032008,2.694296611,2.849656512,3.005273863,3.159959615,3.646692899,4.461341221,5.594711732,7.202264684,9.924151932,13.7998021,17.54507031,20.47773647,22.86302844,24.91697008,26.49113971,27.79116662,29.22951478,30.70275445,32.12184191,33.63461132,35.31137331,37.03466618,38.87173634,41.02171168,43.33673772,45.77196105,48.4285795,51.38326508,54.80029681,58.57147336,62.62939566,67.02104222,71.89016592,76.97970353,82.3579722,88.30435557,94.93303164,102.3041448,110.6354213,120.0773026,130.7305546,142.8611177,156.3478409,171.3962153,188.1249231,206.6214644,227.2817669,250.1983001,275.660962,304.1363209,335.5428717,369.4255019,405.7727145,444.8196347,486.4175212,531.1277912,579.1802365,630.8437168,687.3327685,749.4332536,817.5497215,892.3499066,975.5208293,1068.602388,1172.620911,1288.934132,1419.109519,1564.695474,1727.844838,1911.837494,2121.42142,2362.868336,2642.266637,2965.335993,3337.732744,3765.479177,4254.860009,4810.851873,5437.155596,6138.795512,6924.85563,7806.083035,8859.010329,10179.02613,11703.16872,13393.64411,15349.31634,17578.55781,20040.58481,22722.50526,25609.40017,28715.92806,32181.76737,36178.10321,40675.24612,45553.33583,50698.20777,55974.91846,61240.69559,66229.04872,70867.7138,75453.06001,88888.88889,100000,100000,100000,100000,100000,100000,100000,100000,100000,100000,100000,100000,100000,100000,100000
2086,154.8751317,11.16791546,6.879029688,4.539817123,3.463270042,3.007188457,2.815785122,2.712866012,2.697598895,2.767967925,2.922458562,3.159802879,3.645629193,4.459477441,5.592465838,7.118978778,9.842917128,13.72452197,17.39990235,20.35049554,22.68369899,24.61579318,26.14521055,27.54650479,28.94594406,30.24310423,31.63517468,33.1245215,34.77740016,36.47938363,38.29617329,40.42182514,42.82475569,45.39671953,47.92880201,50.86665687,54.29900867,58.00910659,62.07940398,66.37082925,71.12341747,76.18093025,81.50930396,87.30333918,93.86032724,101.2324207,109.4648851,118.7777868,129.2190075,141.1816069,154.61336,169.5348868,186.030248,204.3364192,224.9048989,247.5889911,272.6965623,300.8256141,331.9874916,365.5128546,401.421584,440.0045577,481.1102503,525.2826451,572.7940482,623.9397955,679.8190957,741.3179527,808.6484246,882.5012799,964.7472277,1056.99125,1159.956025,1274.883011,1403.602333,1547.668406,1709.108155,1891.15883,2098.417662,2337.369857,2613.828278,2933.099301,3301.463815,3724.697696,4208.421891,4759.000084,5380.061669,6074.548571,6851.896996,7724.069595,8767.865809,10078.97198,11594.8587,13277.9716,15226.26883,17448.1205,19904.04636,22580.98316,25464.82101,28571.67851,32040.43417,36041.43152,40547.35098,45438.18714,50610.55038,55931.31323,61204.08253,66321.0041,70859.88356,75326.79739,88888.88889,100000,100000,100000,100000,100000,100000,100000,100000,100000,100000,100000,100000,100000,100000,100000
2087,153.4394181,10.84528641,6.825662992,4.56132213,3.477798063,2.932244699,2.738433096,2.719284218,2.70239301,2.68758899,2.84081116,3.160712148,3.64543432,4.458176271,5.590133952,7.034513771,9.596852901,13.56275059,17.32668647,20.20990602,22.4865806,24.29313046,25.85030453,27.28165413,28.56355159,29.82082978,31.25429748,32.71930723,34.41733449,36.16364469,37.95599794,39.9331039,42.24616361,44.84397372,47.3845159,50.32510846,53.74281719,57.46551827,61.47175214,65.71260837,70.42208414,75.41870012,80.70918328,86.38809842,92.78618421,100.1397142,108.1906779,117.3412257,127.7688213,139.5785299,152.9662398,167.7220865,183.9841306,202.1913987,222.4620136,244.9450204,269.8349314,297.5734294,328.2921664,361.405752,396.9686424,435.1765538,475.9638816,519.6608387,566.5848602,617.2114168,672.3801312,733.0479243,799.7151332,872.7560756,953.959729,1045.1912,1147.236207,1261.050003,1388.330293,1530.852338,1690.572736,1870.601081,2075.80638,2312.246879,2585.831111,2901.845858,3265.783519,3684.277098,4162.956263,4707.386053,5322.293853,6010.780608,6780.29803,7643.080212,8677.570812,9980.060452,11487.77549,13163.34855,15104.09231,17318.84471,19768.32514,22440.92144,25321.86782,28425.97363,31895.7347,35904.41671,40424.03232,45323.44787,50513.52438,55867.75405,61151.70975,66261.06165,70571.47471,75625,89444.44444,100000,100000,100000,100000,100000,100000,100000,100000,100000,100000,100000,100000,100000,100000,100000
2088,151.7751436,10.95500328,6.684562514,4.497017513,3.406244851,2.944462682,2.748216124,2.727339286,2.708761237,2.692350014,2.844220026,3.162943034,3.64645266,4.457929976,5.506516609,6.949601898,9.430819614,13.31702251,17.16733637,19.98246698,22.19764109,23.9512506,25.53299722,26.99459237,28.23103896,29.58612656,30.98217004,32.41757778,34.16347369,35.88575887,37.65423196,39.60846498,41.84021428,44.22393501,46.78833244,49.80434848,53.16337009,56.81048954,60.70607877,64.88059021,69.47832583,74.42965891,79.71531399,85.41000231,91.7442135,98.99038139,106.8983352,115.9793727,126.4762775,138.092197,151.2682496,165.9249472,182.0912959,200.0789806,219.965634,242.1640432,266.8042598,294.2806451,324.6344653,357.4460998,392.7285579,430.4190314,470.6538792,513.9572856,560.4969027,610.4877205,664.9244713,724.819905,790.7707733,863.1790265,943.5142729,1033.651172,1134.576463,1247.328253,1373.384829,1514.286127,1672.252945,1850.356524,2053.383747,2287.306053,2557.871489,2870.631378,3230.841837,3644.450842,4117.959239,4656.929465,5264.972722,5946.474443,6709.128936,7563.265452,8588.009903,9881.816546,11381.68092,13049.56533,14982.46381,17189.70442,19633.1483,22300.66658,25178.58981,28282.76085,31754.17926,35768.86115,40300.17157,45205.05481,50396.326,55749.68408,61017.93035,66181.30062,70691.05464,76761.36364,90454.54545,100000,100000,100000,100000,100000,100000,100000,100000,100000,100000,100000,100000,100000,100000,100000
2089,150.0817251,10.70350237,6.544258555,4.344656162,3.335815551,2.958230421,2.759582001,2.737043245,2.716753507,2.698671131,2.849191329,3.166731674,3.648981424,4.459154893,5.342243588,6.783595142,9.426891571,13.23134172,17.00356202,19.82601467,21.90022485,23.51843522,25.19619942,26.7570191,28.01999487,29.25680197,30.6089887,32.15243493,33.80374109,35.43575491,37.118874,39.05410524,41.27204324,43.64164395,46.31565882,49.29603377,52.54312596,56.13365751,60.01402078,64.1347067,68.60271172,73.4980681,78.79438352,84.47958868,90.8226954,97.93765649,105.7308746,114.7209118,125.0817908,136.5834309,149.4430162,163.8884555,179.9605946,197.8627258,217.6646606,239.4949718,263.8052345,291.0449186,321.0913791,353.6215042,388.5033898,425.7445114,465.4661564,508.2231681,554.3088885,603.7341054,657.6074753,716.9351006,782.1094981,853.6340261,933.1365358,1022.324049,1122.078812,1233.572857,1358.364624,1497.880694,1654.018482,1830.246539,2031.157591,2262.536734,2530.263916,2839.597837,3196.197459,3605.506704,4073.538454,4606.861372,5208.764635,5882.668598,6637.514567,7483.794621,8499.635943,9784.68026,11276.66887,12936.8247,14862.16321,17062.16527,19499.42229,22161.27527,25035.87854,28140.59018,31615.17558,35634.62975,40177.53774,45101.05013,50305.04086,55657.399,60930.76719,66218.10403,70975.07387,77803.0303,91287.87879,100000,100000,100000,100000,100000,100000,100000,100000,100000,100000,100000,100000,100000,100000,100000
2090,148.5588536,10.39007802,6.49376544,4.280429003,3.354101696,2.973356261,2.772391066,2.748321496,2.726386398,2.706601792,2.855803155,3.17225108,3.570404798,4.379321734,5.261746445,6.70118571,9.343086175,13.06449811,16.83713155,19.66451752,21.67159186,23.29981074,25.06655793,26.5004189,27.71296143,28.90374093,30.21203459,31.78787407,33.33740111,34.94761502,36.61430096,38.60038895,40.80386312,43.15700643,45.82036276,48.65721658,51.87261764,55.4771461,59.42282729,63.58696598,67.99626989,72.81545145,77.99261094,83.56720011,89.89667338,96.89612987,104.6076596,113.5316068,123.6752811,135.0339656,147.8322438,162.0766852,177.8188255,195.5725907,215.2400605,236.8220159,260.9623999,287.827321,317.4083077,349.6464187,384.1509068,421.0124978,460.4742977,502.7180371,548.205203,597.1926329,650.5907257,709.2538446,773.5286021,844.1083588,922.7380546,1011.108345,1109.791297,1219.954854,1343.37529,1481.586956,1636.125923,1810.293718,2009.033768,2237.982442,2502.952832,2809.037674,3161.795144,3566.935927,4030.138665,4557.405515,5152.912673,5820.013813,6566.820707,7404.566779,8411.896769,9688.403331,11172.34125,12825.13966,14743.09101,16935.76722,19366.31807,22023.45786,24894.84025,27997.60815,31475.79934,35504.89565,40054.45381,44988.4069,50202.70707,55568.63636,60907.121,66237.88981,70883.81821,78085.10638,91666.66667,100000,100000,100000,100000,100000,100000,100000,100000,100000,100000,100000,100000,100000,100000,100000
2091,146.7596244,10.51059186,6.440924698,4.305666465,3.373320041,2.989595988,2.786473151,2.761026033,2.737581064,2.716167502,2.86411187,3.17958759,3.493664416,4.218926181,5.182814154,6.621389657,9.179929464,12.89927459,16.67062522,19.42259778,21.43586715,23.14973413,24.92588827,26.30038918,27.45803414,28.6709652,29.86314599,31.39801871,32.98112051,34.62935483,36.41197689,38.38021998,40.49958432,42.77040179,45.29269728,48.05688846,51.32280338,54.83548841,58.60997016,62.77889662,67.17235524,71.93178396,77.08971744,82.66005776,88.87646691,95.74009107,103.445518,112.3358871,122.285633,133.4177082,146.1823203,160.3590431,175.9567457,193.4398083,212.8449766,234.1848113,258.0949364,284.7494466,313.9719715,345.8770969,380.1038558,416.491165,455.4132043,497.2261495,542.1965244,590.7158085,643.6001361,701.6246323,765.1851395,834.9570046,912.6729243,999.959344,1097.575227,1206.562143,1328.578125,1465.321906,1618.396678,1790.708109,1987.12825,2213.695391,2475.937062,2778.78341,3127.844882,3528.657588,3986.978956,4508.722664,5097.730099,5757.960276,6497.445754,7326.190377,8324.598147,9592.841758,11068.87148,12714.26145,14624.274,16809.34537,19233.78884,21885.66968,24753.79855,27855.35631,31335.18989,35374.14151,39932.41985,44865.78561,50082.74547,55466.21082,60826.28008,66255.87952,70972.01604,78439.63281,91987.17949,100000,100000,100000,100000,100000,100000,100000,100000,100000,100000,100000,100000,100000,100000,100000
2092,144.8912476,10.63296909,6.387137178,4.331096847,3.304009064,2.917563732,2.801604502,2.688459385,2.663655012,2.727280668,2.874144469,3.188808963,3.501719602,4.060772834,5.023560853,6.544249875,9.100746642,12.89845841,16.58661579,19.25808571,21.19873225,22.8437289,24.55560456,26.01418634,27.2591724,28.34414567,29.488356,30.98297288,32.59849182,34.35086161,36.17252263,38.05378269,40.09110063,42.35003078,44.85908412,47.61400263,50.74775363,54.18674358,57.87308043,61.93473894,66.39389136,71.19517036,76.22905982,81.77406949,87.92442183,94.61213239,102.2355463,110.9936942,120.8978871,132.0004176,144.5277921,158.5438265,174.0666993,191.3412441,210.5358898,231.619521,255.24056,281.6233005,310.5955065,342.0977905,376.0035747,412.005431,450.3547681,491.7708806,536.2600853,584.2558905,636.5070436,693.8473852,756.878089,826.0563911,902.7951388,988.9325185,1085.482373,1193.407028,1314.105309,1449.219548,1600.621323,1771.239815,1965.693166,2189.825272,2449.285524,2748.859175,3094.148757,3490.848978,3944.327117,4460.622301,5043.48775,5696.568988,6428.40522,7248.802814,8238.344064,9498.017279,10966.3537,12604.14032,14506.15668,16683.78385,19101.93213,21748.55475,24613.51603,27713.54547,31194.32518,35237.36342,39803.29645,44755.92023,49993.25506,55371.80651,60732.82287,65962.86563,70771.71114,78812.29415,92307.69231,100000,100000,100000,100000,100000,100000,100000,100000,100000,100000,100000,100000,100000,100000,100000
2093,143.3900695,9.869861306,6.331846148,4.26486763,3.23434264,2.845505941,2.729653479,2.528612371,2.504299289,2.653573926,2.801091089,3.031167722,3.42779433,3.987286067,4.949351549,6.551772885,9.025651278,12.74033066,16.426195,19.0187193,20.95991196,22.68469863,24.1802714,25.57366566,26.97572638,28.0000921,29.09133989,30.54197902,32.26046404,34.11789116,35.76493019,37.48287906,39.57282999,41.8229425,44.2571683,47.13478914,50.20167295,53.574992,57.31596637,61.28802179,65.70101967,70.38571907,75.33948725,80.81808664,86.87996413,93.49748525,101.1181234,109.9060725,119.7262556,130.7113325,143.0205253,156.7883894,172.1401774,189.2126465,208.1938591,229.1268442,252.4375381,278.4846454,307.1456353,338.298057,371.817082,407.4481996,445.3638254,486.3532391,530.4680697,577.9295265,629.5221991,686.1295766,748.4554738,816.9536798,892.9888437,978.1768912,1073.524174,1180.222476,1299.71526,1433.327476,1582.95167,1751.863152,1944.443622,2166.189705,2422.741399,2719.138403,3060.771336,3453.304234,3902.237297,4413.060102,4989.850016,5636.230091,6360.081379,7172.186998,8153.192713,9404.133255,10864.35282,12494.7418,14389.40261,16559.68218,18970.84617,21612.31771,24474.3265,27573.32265,31057.11973,35105.97467,39676.67772,44640.75568,49892.7129,55277.4407,60694.67091,65810.80134,70664.98902,77355.01083,90796.7033,100000,100000,100000,100000,100000,100000,100000,100000,100000,100000,100000,100000,100000,100000,100000
2094,142.2560846,8.966133062,6.089712667,4.105603776,3.253066775,2.862175295,2.657663041,2.455057044,2.431553602,2.580635985,2.729113306,2.874610839,3.355611396,3.998724472,4.960548542,6.562788263,8.954796528,12.58719615,16.27095339,18.78376183,20.72379841,22.52569037,23.94905121,25.27459995,26.68416668,27.71659088,28.74939711,30.22106943,31.89729861,33.57649896,35.25944987,37.01530134,39.08131454,41.31919131,43.74575096,46.61875978,49.74427231,53.11646514,56.79592482,60.76288542,65.02663067,69.54348148,74.56115532,79.95965174,85.77119625,92.47296428,100.0785554,108.7420948,118.468282,129.2406289,141.4760156,155.1282899,170.278353,187.1680595,205.9382165,226.7129904,249.7533264,275.5575193,303.8979336,334.6404558,367.770705,403.0317177,440.5871694,481.0956421,524.6858813,571.5494914,622.6176285,678.7337377,740.3525679,807.9727409,883.2973258,967.6079877,1061.850976,1167.307556,1285.408731,1417.687745,1565.699282,1732.642087,1923.160285,2142.720536,2396.504686,2689.680633,3027.740815,3416.103463,3860.405116,4366.083228,4936.936273,5576.641956,6292.986381,7096.533977,8068.948383,9311.623471,10763.49348,12386.07481,14273.32486,16436.1231,18840.24946,21477.12657,24336.2845,27434.38627,30919.79363,34976.31108,39557.02787,44524.84208,49766.95615,55192.26948,60617.47983,65935.85963,71356.90707,76707.97757,81309.52381,91666.66667,100000,100000,100000,100000,100000,100000,100000,100000,100000,100000,100000,100000,100000,100000
2095,140.8190735,8.873620038,5.935518162,3.944246121,3.179817385,2.788923436,2.58338838,2.46926555,2.445246911,2.594455101,2.742739249,2.887639419,3.369089054,4.012534411,4.891918857,6.494789765,8.969723265,12.44039979,16.04145911,18.63204839,20.49419727,22.14477291,23.64252562,25.04582061,26.38637605,27.49767572,28.54015375,29.95431751,31.51085902,33.00767192,34.79503436,36.7257263,38.82751914,41.04131184,43.45461484,46.12570836,49.11729458,52.61908545,56.23662404,60.082739,64.28386069,68.77720209,73.75110562,79.03382092,84.82377304,91.57015702,99.01835533,107.4266376,117.0833521,127.8126463,139.9392775,153.5012352,168.4025113,185.1352253,203.7093611,224.1443171,247.0194332,272.5518268,300.5359499,330.913685,363.7171772,398.6113025,435.8134805,475.8500931,518.9105762,565.3360373,615.8289007,671.3069176,732.286383,799.2287161,873.6073063,957.066517,1050.425926,1154.730435,1271.438928,1402.092816,1548.660453,1713.791238,1902.164542,2119.482061,2370.606389,2660.742828,2995.23636,3379.435627,3819.056561,4319.408747,4884.396191,5517.582712,6226.62847,7022.027177,7985.612719,9219.94304,10663.99886,12278.30488,14157.59255,16312.93644,18710.4916,21342.87082,24198.46881,27294.99337,30781.25904,34842.92456,39435.48172,44414.79256,49665.30444,55077.75573,60443.59506,65858.34265,71409.03507,77086.69075,73333.33333,83333.33333,100000,100000,100000,100000,100000,100000,100000,100000,100000,100000,100000,100000,100000,100000
2096,139.3013862,9.157741629,5.962890735,3.872538517,3.105319833,2.714752275,2.508466061,2.483604146,2.459341719,2.52217686,2.67058335,2.901961995,3.384267618,4.028607067,4.825927514,6.348060707,8.825911988,12.2184361,15.73986491,18.33066918,20.26902323,21.91905128,23.33979232,24.81610536,26.15774716,27.27234082,28.39481115,29.67546585,31.17562301,32.76650801,34.443368,36.33859852,38.47785643,40.5934703,42.91989193,45.58417904,48.64156841,52.08075874,55.57228158,59.36202871,63.51097462,68.00644302,72.89947296,78.07782711,83.93347451,90.59970615,97.96941869,106.2148053,115.669471,126.3830413,138.3998336,151.8387025,166.5724718,183.0382979,201.4395752,221.7239794,244.3066621,269.487326,297.1394418,327.2897339,359.6844281,394.1544592,431.0737478,470.6510132,513.2496253,559.218414,609.1152628,663.9195506,724.2706655,790.537657,864.0271353,946.6485999,1039.013362,1142.100398,1257.604777,1386.723561,1531.663772,1695.257949,1881.532198,2096.277707,2344.887895,2632.084058,2963.026066,3343.105656,3778.038745,4273.074093,4832.140482,5458.924048,6160.732229,6948.0478,7903.116927,9129.142584,10565.38203,12171.91579,14042.8925,16190.46587,18581.28297,21207.68597,24059.93052,27154.52234,30644.28587,34714.03018,39313.98802,44305.53103,49573.88991,54988.73381,60382.1504,65638.04607,70739.77534,76936.94113,73645.83333,83333.33333,100000,100000,100000,100000,100000,100000,100000,100000,100000,100000,100000,100000,100000,100000
2097,137.4803114,9.505320768,5.987790518,3.890383924,3.120850347,2.729190751,2.522440784,2.408805268,2.384551422,2.449831763,2.598673932,2.917380652,3.316051161,3.877629485,4.760976385,6.287301868,8.686749345,12.08305267,15.52608089,18.03720335,20.05128745,21.77437101,23.19051962,24.6631584,25.92917776,26.97043193,28.09758261,29.31548473,30.82723475,32.50624472,34.13663273,35.85448083,37.82495088,40.04771141,42.41610405,45.0620858,48.11623801,51.42891425,54.92613985,58.72182708,62.88066779,67.3907577,72.16504864,77.26193594,83.0163146,89.5103175,96.85884951,105.0823775,114.3676663,124.93223,136.8685898,150.1881417,164.8411971,181.0012753,199.1160837,219.3875623,241.6263418,266.4417267,293.9142454,323.7939512,355.7893206,389.870367,426.4502325,465.6463079,507.8021039,553.1326303,602.462636,656.8229236,716.5244195,781.9833805,854.6280441,936.3455913,1027.716245,1129.663847,1243.909474,1371.748576,1515.020441,1676.614611,1860.964066,2073.364553,2319.25989,2603.460338,2930.983872,3307.176699,3737.47304,4227.406878,4780.724825,5400.875039,6095.556018,6874.949095,7821.621577,9039.34296,10467.56024,12066.59864,13929.60546,16069.14007,18453.06841,21072.98233,23921.49845,27015.24702,30507.75656,34587.0096,39196.58223,44191.36503,49472.97919,54907.73624,60369.70485,65619.50594,70111.0052,77184.79437,74479.16667,83333.33333,100000,100000,100000,100000,100000,100000,100000,100000,100000,100000,100000,100000,100000,100000
2098,135.5862778,9.466743838,5.915677085,3.906635356,3.135225042,2.742779417,2.535824109,2.333151866,2.220461397,2.375268953,2.613526884,2.933597215,3.248677049,3.727594683,4.698033548,6.312106923,8.716021167,12.03571238,15.39982074,17.83182557,19.76649414,21.41279596,22.89886428,24.37016888,25.55836412,26.66860905,27.72420377,28.9479752,30.47043287,32.09099053,33.73957609,35.34463531,37.27792337,39.67473718,42.08248448,44.63543491,47.47739488,50.7237324,54.29434672,58.10011567,62.20519007,66.6020684,71.27132946,76.3782622,82.11975367,88.39365076,95.69363733,104.0166319,113.2149128,123.6607643,135.3827306,148.3802028,162.9032054,178.9647944,196.8091211,216.7711973,238.9196907,263.5514624,290.7041036,320.2170844,351.883125,385.6352916,421.7833004,460.6032881,502.3388378,547.1181568,595.9429187,649.7485416,708.7868355,773.5574111,845.3346714,926.0864409,1016.480178,1117.393525,1230.360389,1356.750089,1498.52193,1658.205122,1840.416832,2050.750248,2294.021212,2575.063803,2899.276737,3271.735151,3697.482893,4181.987129,4729.546939,5343.416635,6030.962162,6802.510098,7740.852645,8950.279575,10370.60369,11961.96981,13817.38758,15949.38029,18326.52332,20940.55332,23783.46296,26875.91337,30372.07547,34457.68041,39079.0215,44083.70712,49376.84971,54811.25353,60311.06446,65653.91488,69777.37727,76498.69537,74166.66667,83333.33333,100000,100000,100000,100000,100000,100000,100000,100000,100000,100000,100000,100000,100000,100000
2099,134.0779507,9.286122154,5.840567399,3.921191089,3.148320443,2.755354833,2.457595482,2.254621763,2.144066032,2.300084234,2.628524456,2.950298784,3.266673008,3.747238758,4.720964451,6.256817356,8.584596187,11.91233409,15.28104311,17.71285873,19.64449895,21.21077285,22.61628337,23.93770708,25.12037087,26.37008923,27.42331179,28.64898811,30.10664523,31.66643625,33.25876762,34.88233497,36.84212263,39.20290401,41.64951424,44.24356559,47.06194082,50.16467893,53.73753873,57.55400807,61.47990027,65.76464176,70.45244368,75.52134461,81.15478557,87.48046308,94.68612751,102.8415332,112.0203988,122.3743171,133.8510506,146.6256123,160.9948297,176.9729853,194.640174,214.2474619,236.2393505,260.7008946,287.5333355,316.6518214,347.9449973,381.3077017,417.0143656,455.4186332,496.7407192,541.1850472,589.4739562,642.6592809,701.0923144,765.0370737,836.0247787,915.9792317,1005.397037,1105.198103,1216.952745,1341.933227,1482.169458,1640.284883,1820.370925,2028.236045,2269.143771,2547.218439,2867.747952,3236.336465,3657.765637,4137.192141,4678.858704,5286.452846,5967.077843,6730.700407,7660.69097,8861.840309,10274.26701,11858.10715,13705.89934,15830.44723,18200.52674,20808.84736,23647.63659,26736.04409,30233.63207,34325.94369,38956.72299,43978.78547,49282.52849,54740.37055,60224.80143,65391.52368,69577.81017,75903.45727,75654.7619,85416.66667,100000,100000,100000,100000,100000,100000,100000,100000,100000,100000,100000,100000,100000,100000
2100,132.7405675,9.030229735,5.856947945,3.933970959,3.160063625,2.766815238,2.378018054,2.174950323,2.155346609,2.312754439,2.643386247,2.967158302,3.285202484,3.767899069,4.661105973,6.119348738,8.456712588,11.71335525,15.00873791,17.52278781,19.45593166,21.01710747,22.41781109,23.65918,24.90789434,26.15020895,27.12582711,28.35014,29.80992481,31.30570634,32.76836697,34.47449471,36.45414608,38.70388537,41.11670835,43.68397244,46.54608907,49.62855212,53.06191629,56.75566689,60.82597471,65.12932098,69.76995387,74.79971341,80.27549903,86.62232922,93.64128057,101.5846315,110.7210683,120.9367442,132.3753354,145.130168,159.3255976,175.0819119,192.5936366,212.060853,233.6698606,257.712384,284.293085,313.1310872,344.0756486,377.119315,412.4366791,450.3469434,491.2106816,535.2043872,582.93331,635.536857,693.3561004,756.5791435,826.8959779,906.0255566,994.3922152,1092.992879,1203.501784,1327.272653,1466.04871,1622.454923,1800.741789,2006.244476,2244.321805,2519.596349,2836.721749,3201.125362,3618.212141,4092.996509,4628.970648,5229.986897,5903.671326,6659.707022,7581.315781,8774.27174,10178.85232,11754.93695,13594.96344,15712.00417,18075.15287,20678.08329,23513.80851,26598.96022,30094.29584,34191.14932,38832.53178,43863.05526,49181.47749,54642.56062,60150.05409,65252.22564,69861.55065,76759.66009,78192.64069,87500,100000,100000,100000,100000,100000,100000,100000,100000,100000,100000,100000,100000,100000,100000
2101,131.5848641,8.69864296,5.776579489,3.850685456,3.077325877,2.684036302,2.387864512,2.184863924,2.165965703,2.324899498,2.657886021,2.896257106,3.216299479,3.789188521,4.517041072,5.981568209,8.497437182,11.6008663,14.82282547,17.34354124,19.12279839,20.68262008,22.22879204,23.53722294,24.77700263,25.93785774,26.83425843,28.05472633,29.51327872,30.94089549,32.34029776,34.12659067,36.18814534,38.25148279,40.5549335,43.09099732,45.92815418,49.12347223,52.40759789,56.0299197,60.24146627,64.49932411,68.97021075,73.89630422,79.40134044,85.66386027,92.52748908,100.4127315,109.4040754,119.519937,130.998406,143.7069398,157.693686,173.2066714,190.4860971,209.7240733,231.1099157,254.8557377,281.1649212,309.7877626,340.3737183,373.0556134,407.9863997,445.4473586,485.8236703,529.2524425,576.5563649,628.6865039,685.8146069,748.4310774,818.0354528,896.144173,983.4546481,1081.063074,1190.451283,1312.843205,1450.021153,1604.686525,1781.141709,1984.551989,2219.905352,2492.061464,2805.977714,3166.478349,3578.888408,4048.829803,4579.575216,5174.425462,5840.971056,6589.100502,7502.677936,8687.61195,10084.30282,11652.64323,13484.79127,15594.06066,17950.67746,20548.68621,23380.29197,26463.79573,29959.49759,34060.95738,38711.32963,43752.82869,49075.41437,54542.05793,60058.77598,65284.87688,70154.30889,77191.25661,78409.09091,87500,100000,100000,100000,100000,100000,100000,100000,100000,100000,100000,100000,100000,100000,100000
2102,130.391274,8.360720262,5.693815859,3.765585547,2.992920465,2.507079587,2.304027428,2.193903522,2.175795657,2.246626264,2.493164018,2.735560235,3.146739681,3.724213825,4.370931111,5.84455138,8.373253143,11.49082734,14.72408664,17.25022375,19.02935712,20.5100641,21.97599724,23.27911607,24.4377748,25.58876896,26.62259048,27.83763249,29.22021288,30.64653893,32.0481017,33.84082085,35.84351441,37.71482667,40.0373816,42.6027448,45.40827827,48.58146308,51.84624828,55.45361831,59.59800733,63.87065129,68.23612811,72.9985635,78.47003203,84.7075686,91.55478076,99.41796262,108.2346173,118.2078123,129.5303467,142.0990417,155.9719721,171.3224892,188.3472928,207.2826265,228.481335,252.1538902,278.1325725,306.3944882,336.6812354,368.9244676,403.4761449,440.6016349,480.463357,523.4745126,570.4157198,621.8968809,678.3247984,740.2636681,809.2035599,886.4817938,972.798882,1069.371132,1177.69272,1298.761193,1434.29369,1587.303587,1761.936985,1963.104917,2195.952098,2465.06619,2775.433546,3132.327157,3540.371139,4005.003965,4530.439018,5119.552894,5779.20721,6519.383368,7424.738571,8601.589672,9990.514236,11551.23486,13375.47819,15476.97326,17827.0349,20420.06318,23247.66877,26329.02801,29826.1543,33935.93454,38595.31212,43644.72504,48973.79016,54452.77483,59948.19951,65286.27655,70040.66594,77202.26434,78606.71937,87500,100000,100000,100000,100000,100000,100000,100000,100000,100000,100000,100000,100000,100000,100000
2103,128.9398592,8.085555268,5.607903916,3.67906472,2.90594147,2.421464923,2.126584022,2.01819144,2.093204906,2.167102581,2.326783227,2.660895081,3.163875624,3.658549772,4.309146062,5.707639581,8.1654225,11.38340514,14.63014022,17.16380693,18.94425442,20.34714256,21.65939866,22.95761414,24.03618556,25.17707722,26.42030645,27.5568356,28.86179673,30.3558606,31.75601839,33.48166417,35.42197143,37.30381875,39.63973136,42.22477408,44.99191665,48.00243197,51.24612848,54.90408469,58.83972481,63.04809709,67.49809536,72.28870952,77.60354663,83.62523311,90.58074209,98.37743528,107.0573619,116.9876512,128.112539,140.4071159,154.1382288,169.3654799,186.2721886,205.057691,225.8819394,249.2312799,274.9302004,302.8835083,332.894433,364.8728286,399.0831151,435.7513516,475.2058467,517.7595663,564.1644469,615.0502356,670.8526629,732.1766357,800.3890812,876.8143308,962.2419194,1057.780671,1164.821715,1284.605998,1418.777514,1570.137941,1742.884883,1941.968655,2172.235864,2438.331729,2745.294987,3098.308843,3502.261146,3961.97153,4481.662492,5064.781371,5717.78137,6450.52781,7347.729419,8516.500795,9897.691036,11450.80379,13267.19548,15361.05878,17703.9844,20290.92433,23115.48445,26196.06066,29694.45399,33807.65213,38475.88807,43537.1314,48879.60262,54361.53389,59848.9677,65184.88659,69895.37626,76444.62448,77943.84058,87500,100000,100000,100000,100000,100000,100000,100000,100000,100000,100000,100000,100000,100000,100000
2104,127.2390428,8.261293239,5.520307473,3.591141763,2.817681665,2.427222856,2.040273838,1.840935338,1.918190688,2.084795602,2.337285937,2.673861817,3.092071259,3.590140433,4.246626145,5.568181567,8.041239649,11.27722258,14.45824093,16.84286435,18.55445181,20.11486522,21.50227406,22.72060282,23.71833991,24.84941261,26.15666098,27.21334489,28.44049096,30.00070997,31.39812525,32.98405864,34.99549249,37.0212953,39.29929731,41.82982329,44.55038839,47.52369242,50.73988354,54.37934723,58.10534415,62.23806424,66.82379971,71.5729349,76.79460206,82.6667501,89.47871286,97.20665433,105.8303368,115.6357262,126.6648872,138.888136,152.4073189,167.4305494,184.2024241,202.7945091,223.5137752,246.533429,271.94749,299.5292894,329.1347453,360.862833,394.6617856,430.963039,470.1231304,512.1950365,557.9518368,608.3038004,663.5270916,724.1869099,791.617195,867.1988225,951.7725648,1046.291113,1152.059378,1270.571295,1403.358376,1553.020393,1723.848738,1920.854062,2148.721197,2411.944094,2715.579903,3064.676775,3464.291741,3919.521921,4433.645958,5010.351053,5656.671851,6382.129856,7271.633673,8432.194265,9805.43297,11351.08461,13159.54678,15245.56475,17581.59384,20162.56702,22983.639,26063.43536,29565.09586,33681.99408,38355.16914,43427.51699,48786.84435,54292.00843,59765.62148,65100.43064,69853.47486,75779.94744,78541.66667,88750,100000,100000,100000,100000,100000,100000,100000,100000,100000,100000,100000,100000,100000,100000
2105,125.7575662,8.364443682,5.526774086,3.596142894,2.822407701,2.432073872,2.045098929,1.846063133,1.833204036,2.001276333,2.346874022,2.685876213,3.01887388,3.520470084,4.183065399,5.512492599,8.001621296,11.17114245,14.20584152,16.52277711,18.24850438,19.81323745,21.20356639,22.41926302,23.48448886,24.60610283,25.83211868,26.88010283,28.10056109,29.65381909,31.04684107,32.55941602,34.56967651,36.66559541,38.81514428,41.22098509,44.02372307,47.01851465,50.26588621,53.7478211,57.4574827,61.64600776,66.09378066,70.78698436,75.9735159,81.8877624,88.56018955,96.08942839,104.6546008,114.2928814,125.2091098,137.3434006,150.6734126,165.6070001,182.1733228,200.4987219,221.0658929,243.9056159,269.0920849,296.3068789,325.5061074,356.7863229,390.179507,426.2190086,464.9853798,506.5575571,551.8157927,601.6315013,656.2603836,716.16631,782.8275024,857.712288,941.3875591,1034.851886,1139.528336,1256.715128,1388.030402,1536.12874,1705.145881,1899.958006,2125.388557,2385.88229,2686.232659,3031.542752,3426.882218,3877.299343,4386.12243,4956.692841,5596.253324,6314.504401,7196.126625,8348.709821,9714.14992,11252.08689,13052.64131,15130.7038,17460.11574,20035.7709,22852.06235,25929.31847,29434.27389,33559.13823,38237.76142,43314.86781,48687.01294,54203.35862,59675.2808,64977.59473,69981.94744,76384.87856,80192.30769,90000,100000,100000,100000,100000,100000,100000,100000,100000,100000,100000,100000,100000,100000,100000
2106,124.5034015,8.008735991,5.53242981,3.600362349,2.82635093,2.342648657,1.955678099,1.850442453,1.838290702,2.007726536,2.355474572,2.696845761,3.032384673,3.537511609,4.204574028,5.542109775,8.045603471,11.1492462,14.11737363,16.44663344,18.179712,19.59582325,20.83596113,22.20057899,23.33513729,24.30088824,25.44590513,26.55863209,27.84299812,29.31766938,30.7033656,32.28014204,34.21694494,36.17396215,38.19008296,40.6706319,43.48535038,46.42758986,49.76411639,53.1463939,56.83227133,61.00850941,65.25283502,69.9423678,75.14329699,80.96471025,87.62435169,95.02346417,103.5903996,113.1816469,123.8171104,135.7896909,149.0389989,163.8483351,180.2067749,198.3220119,218.5499238,241.099502,266.0879257,293.1157359,322.0404361,352.9366953,385.8975196,421.4315603,459.7223944,500.8098131,545.6625776,595.0200183,649.0391008,708.3506027,774.267814,848.2785674,931.0853039,1023.592895,1127.135889,1242.951483,1372.952385,1519.500478,1686.548089,1879.244893,2102.192576,2359.915895,2657.259922,2998.859839,3389.82885,3835.361617,4338.832708,4903.650531,5536.679034,6247.46612,7121.263713,8266.218958,9623.780423,11153.79662,12946.48422,15016.77797,17339.05464,19909.05933,22721.00202,25795.13915,29300.71816,33432.94492,38123.2583,43210.57866,48590.71445,54112.71254,59599.68004,64904.25837,69890.27352,76705.66129,80562.67806,90000,100000,100000,100000,100000,100000,100000,100000,100000,100000,100000,100000,100000,100000,100000
2107,123.2513571,8.039421143,5.537654131,3.604041676,2.829671658,2.252423328,1.865466105,1.854127941,1.842633402,1.921951001,2.271666494,2.706681721,3.044717169,3.553307234,4.224808581,5.483644848,7.915813378,11.03951549,14.02694499,16.29084251,18.03330458,19.45813237,20.6241098,21.91586942,23.04748719,23.93311489,25.07014669,26.32156341,27.5976166,28.99334203,30.37027126,32.00959046,33.87128426,35.68661266,37.7004253,40.25047805,43.00475269,45.89104984,49.17610975,52.58127948,56.23556727,60.32476493,64.55918473,69.11406136,74.3152723,80.09237393,86.53885026,93.93483593,102.4466754,111.9260547,122.5281132,134.4198642,147.4555295,162.0097947,178.2495113,196.1588587,216.1738533,238.547565,263.1632122,289.8523901,318.5697884,349.1647531,381.7013047,416.8150652,454.6167,495.2543778,539.6485793,588.4465817,641.9226169,700.6740254,765.9304237,839.0797768,920.9034479,1012.365985,1114.88904,1229.550467,1358.155897,1503.052314,1668.114324,1858.751695,2079.420815,2334.418569,2628.526675,2966.471471,3353.182614,3793.934756,4292.11025,4850.958423,5477.614873,6181.008671,7046.974248,8184.203922,9533.980918,11056.34752,12841.17941,14903.75911,17219.00079,19782.72873,22590.55023,25662.6491,29167.55837,33306.44578,38010.00027,43109.11192,48503.67852,54039.47186,59583.90835,64914.54454,69624.61812,75221.58096,79335.88761,90000,100000,100000,100000,100000,100000,100000,100000,100000,100000,100000,100000,100000,100000,100000
2108,121.5514727,8.2057658,5.446930777,3.607433708,2.738348135,2.160820181,1.868062342,1.857211136,1.846288,1.835148451,2.095645708,2.624333131,3.055776876,3.567734905,4.243563095,5.42310018,7.783409091,10.92743091,13.76793695,15.96681137,17.8089876,19.24462558,20.49204466,21.63885119,22.69342137,23.64812616,24.77890689,26.09669992,27.29338294,28.68056861,30.11960448,31.68079654,33.46568156,35.34263032,37.41882556,39.89799161,42.58579526,45.47851135,48.64153628,51.99533969,55.67386317,59.60104419,63.81660185,68.36528955,73.50098915,79.28315093,85.62591247,92.94625395,101.2754933,110.5829308,121.1489009,132.8960401,145.7427219,160.1603939,176.2773192,194.0116511,213.8237843,235.9812742,260.2830519,286.6911345,315.1651616,345.4115363,377.5576366,412.2636862,449.6544821,489.8779949,533.7194165,582.0213107,635.0267765,693.0208058,757.5713634,829.9872205,910.8920421,1001.324212,1102.75088,1216.254935,1343.407185,1486.804314,1650.270892,1838.738574,2056.874776,2309.135676,2600.003868,2934.295126,3317.170564,3753.264838,4246.118558,4799.128737,5419.104703,6115.252535,6973.541423,8102.779249,9444.997593,10959.94084,12736.97413,14791.66306,17099.59746,19657.24574,22460.78328,25530.54183,29037.18172,33181.69603,37892.60479,43004.50264,48402.65878,53945.71539,59548.81229,64889.91121,69688.6558,74112.26777,79560.75534,91428.57143,100000,100000,100000,100000,100000,100000,100000,100000,100000,100000,100000,100000,100000,100000
2109,120.0989382,8.302535467,5.261018805,3.51547921,2.646704307,2.068797911,1.870246509,1.859782654,1.849343616,1.838771616,2.00964414,2.540604614,3.065474338,3.491301264,4.171318719,5.447115849,7.733837911,10.8103329,13.58742751,15.80312445,17.66344519,18.95340466,20.28476414,21.51410114,22.49322962,23.44440222,24.57127901,25.88389242,27.00162535,28.30991811,29.81134335,31.29556017,33.00214713,35.007996,37.07725228,39.54975094,42.23409245,45.06032647,48.16321579,51.4618943,55.15619011,58.91052238,63.03169608,67.63036847,72.69765383,78.41930431,84.77206159,91.93169647,100.1311335,109.3316048,119.6763436,131.339181,144.1159032,158.4217647,174.3550424,191.914277,211.4357825,233.273316,257.3542742,283.4855693,311.6483332,341.5656297,373.4580009,407.7411767,444.6180727,484.4358123,527.8112112,575.6354664,628.1007156,685.3974782,749.2158208,820.8969298,901.059479,990.5775903,1090.725519,1202.874636,1328.721224,1470.686026,1632.461245,1818.818514,2034.571566,2284.192303,2572.043568,2902.729212,3281.48154,3713.052825,4200.656198,4747.769656,5361.200569,6050.177132,6900.782327,8021.944082,9356.595754,10864.17008,12633.19152,14679.95813,16980.53959,19532.4784,22331.79433,25398.18743,28906.61926,33057.47352,37776.10545,42896.60932,48298.80073,53865.91308,59468.04519,64780.82616,69597.87897,74278.79715,81190.47619,92857.14286,100000,100000,100000,100000,100000,100000,100000,100000,100000,100000,100000,100000,100000,100000
2110,119.1254044,8.261577822,5.171259446,3.423537433,2.649131165,2.070732087,1.872148817,1.861945735,1.851891786,1.841800629,2.013627046,2.546596807,3.073856567,3.412991986,4.008146717,5.38018755,7.594130837,10.51622829,13.39931508,15.71782589,17.43454495,18.65774129,20.07943678,21.31604156,22.29772649,23.24735143,24.22478365,25.46200527,26.72078582,28.02328875,29.51622882,30.99261881,32.62058522,34.68499037,36.74550113,39.07513998,41.75292235,44.64227498,47.67904671,50.9178032,54.49171309,58.19639915,62.3439784,66.91640962,71.90567482,77.49757061,83.85985416,90.97196766,99.01849045,108.1640999,118.4775017,130.0585432,142.6996605,156.7005883,172.4140543,189.8049544,209.0405114,230.6545377,254.5370938,280.3182378,308.0589034,337.6916212,369.4061138,403.4099315,439.8902137,479.264115,522.175629,569.2927526,621.1078354,677.939386,740.9470357,811.7883562,891.1856758,979.7504214,1078.786518,1189.729275,1314.219992,1454.580239,1614.583942,1799.033428,2012.617127,2259.592587,2544.349043,2871.542958,3246.076181,3673.085215,4155.764387,4697.044747,5303.9959,5985.863414,6828.637356,7941.969362,9268.932291,10768.86018,12529.93044,14569.11868,16862.69511,19407.97005,22202.97115,25266.82163,28775.61975,32933.48631,37661.66165,42787.88161,48206.46734,53784.00335,59383.22187,64745.06456,69530.69261,74393.86977,81378.64823,92857.14286,100000,100000,100000,100000,100000,100000,100000,100000,100000,100000,100000,100000,100000,100000
2111,117.7141668,7.969618888,5.177452176,3.427083172,2.651639611,2.072622654,1.87389736,1.863832919,1.854034929,1.844326278,2.016956534,2.460664326,2.990047934,3.422280694,3.931934588,5.310719988,7.537471596,10.30288841,13.20526145,15.46392724,17.11645818,18.51464412,19.87233109,21.04115311,22.02920051,22.97991255,23.88461546,25.04787315,26.45070739,27.81991953,29.23490287,30.70223203,32.39037757,34.37606765,36.35777847,38.54358388,41.14607324,44.09588923,47.12852039,50.36760293,53.81596501,57.53259066,61.76343989,66.23174218,71.13158844,76.58342866,82.82098638,90.01319815,97.95447119,106.9557433,117.2274402,128.6634797,141.1735359,154.9920404,170.5436068,187.7329889,206.7539654,228.1562561,251.8198002,277.3386028,304.6554677,333.8968084,365.2315352,398.9691193,435.1426113,474.0826354,516.5560233,563.0816169,614.3089229,670.5555604,732.8541469,802.8891291,881.3311123,968.8990422,1066.956816,1176.781479,1299.936318,1438.728843,1597.083714,1779.673849,1990.81543,2234.9483,2516.665676,2840.511796,3211.160149,3633.510677,4111.141995,4646.984815,5247.562781,5922.253876,6757.579946,7863.141569,9182.222742,10674.46187,12427.8291,14459.16432,16745.47193,19284.62946,22075.23759,25136.69454,28645.72288,32809.24937,37545.33187,42681.95835,48113.0007,53689.75607,59285.0441,64749.71177,69760.64597,74935.77174,81743.23157,92857.14286,100000,100000,100000,100000,100000,100000,100000,100000,100000,100000,100000,100000,100000,100000
2112,116.3261677,8.068849722,5.184576373,3.431124475,2.654381198,2.074576391,1.875600244,1.865567674,1.85590961,1.846455308,2.019735343,2.373753723,2.904959971,3.430230981,3.942608155,5.238857425,7.475810934,10.2575237,13.00570083,15.19994531,16.95312574,18.36805562,19.58316217,20.76360503,21.76047168,22.71452881,23.62188854,24.78564814,26.26194323,27.55677474,28.89551898,30.42560872,32.1055593,33.94466346,35.91606785,38.09183204,40.68403607,43.55851351,46.51666142,49.8175556,53.26589725,56.92315987,61.10057099,65.52128995,70.31881866,75.74925582,81.85098429,88.92406404,96.9522959,105.8550896,115.9930265,127.2081141,139.5231,153.3536683,168.6762678,185.6576888,204.5599159,225.7058116,249.1074689,274.2860279,301.3358041,330.1995033,361.112416,394.4934941,430.2478043,468.8508521,510.9099388,556.9382186,607.4997485,663.0867797,724.9198683,794.3024872,871.7444679,958.3011241,1055.38062,1163.998552,1285.754634,1423.140103,1579.832178,1760.427724,1969.306701,2210.768909,2489.485646,2809.817355,3176.461008,3594.378382,4066.909343,4597.18352,5191.727339,5859.403575,6687.178782,7784.902515,9096.167653,10580.92904,12326.47226,14349.86112,16628.99836,19162.64378,21948.49719,25007.13261,28516.65875,32685.08641,37430.27634,42575.0281,48009.57505,53596.79899,59196.71245,64600.27474,69532.78976,75152.58944,82085.36255,92857.14286,100000,100000,100000,100000,100000,100000,100000,100000,100000,100000,100000,100000,100000,100000
2113,115.1923514,8.100641254,5.096255883,3.43577522,2.657505072,2.076706348,1.87735586,1.86725545,1.857633098,1.84831809,2.022075229,2.37700593,2.818938973,3.346131363,3.951752877,5.075664727,7.233738781,10.11891636,12.79958326,15.01092359,16.7847491,18.13515609,19.2873644,20.48069538,21.56443163,22.52431101,23.36139513,24.52845857,26.08077366,27.23125108,28.49569722,30.16218479,31.76614338,33.45858556,35.48891626,37.65463017,40.23516985,43.09915512,46.0469809,49.27327053,52.71588023,56.37301397,60.42523629,64.85898425,69.54416754,74.93940692,81.08828158,87.96443116,95.87906573,104.7461328,114.6643886,125.692042,137.9269226,151.6430017,166.8057484,183.6390074,202.478462,223.3415731,246.256657,271.1196323,297.9507694,326.6636085,357.2429659,390.1703407,425.5277599,463.7364055,505.3666109,550.8765373,600.8135884,655.8389982,717.0549524,785.6471439,862.2961171,947.837057,1043.835132,1151.350932,1271.655814,1407.477797,1562.601557,1741.277974,1947.992303,2186.951243,2462.631383,2779.590841,3142.298076,3555.715015,4023.258711,4547.900941,5136.353644,5797.207604,6617.402269,7707.457927,9010.986148,10487.98182,12225.70164,14241.31129,16513.40755,19041.09248,21821.98705,24877.3458,28387.73101,32563.33199,37318.19691,42473.13004,47919.3008,53515.30611,59130.02454,64538.69202,69341.85804,74909.00476,81998.557,92857.14286,100000,100000,100000,100000,100000,100000,100000,100000,100000,100000,100000,100000,100000,100000
2114,113.8494829,8.205308853,5.008984847,3.441122419,2.566291024,1.984322542,1.879266961,1.868997236,1.859304816,1.850025766,1.932282918,2.28791415,2.732007125,3.260799081,3.959452592,4.998603936,7.076446106,9.975333023,12.67164924,14.89975107,16.69007556,18.05453719,19.06353543,20.19191581,21.364156,22.33188032,23.175128,24.27404502,25.68577514,26.83865559,28.10516291,29.77020559,31.43973126,33.12402542,35.14506452,37.30026061,39.86897059,42.72039167,45.65598818,48.73882924,52.10567264,55.82282696,59.80865646,64.11787248,68.81658902,74.23157999,80.28178476,87.07767477,94.80052177,103.4958777,113.2573199,124.2676708,136.4550074,149.9128775,164.9772953,181.6051138,200.1902027,220.8888029,243.4184433,267.9964183,294.5812816,323.0114568,353.3118072,385.8898412,420.8803342,458.5274669,499.6656758,544.8318988,594.3232236,648.7128893,709.1516645,776.9091861,852.80422,937.5265935,1032.417522,1138.769778,1257.904397,1392.146511,1545.51976,1722.30809,1926.893799,2163.329487,2435.988904,2749.617912,3108.55908,3517.568093,3979.950937,4499.131536,5081.542284,5735.59451,6548.436746,7630.754691,8926.724506,10395.98246,12125.71912,14133.45625,16398.51779,18920.15635,21696.3192,24748.47595,28259.66684,32441.81053,37204.23382,42369.8219,47829.84621,53440.03766,59039.77985,64492.44329,69429.7353,75026.51692,82484.85798,93303.57143,100000,100000,100000,100000,100000,100000,100000,100000,100000,100000,100000,100000,100000,100000
2115,112.5270942,8.31161746,5.019319946,3.351776901,2.379970765,1.892159416,1.881435392,1.870891367,1.861030041,1.851680387,1.842228804,2.198384551,2.735140751,3.265241975,3.965877838,5.008329404,7.092789072,10.00193583,12.62453617,14.78138332,16.58751854,17.88656515,18.90803062,20.0517116,21.15830635,22.13518505,22.98668667,23.94555565,25.21854562,26.52251995,27.86403561,29.38795214,31.05517298,32.80332963,34.8161048,36.89393729,39.3174786,42.15710938,45.14670148,48.21695648,51.50597348,55.08107721,59.06048569,63.43486273,68.07510033,73.37317566,79.3787302,86.14381137,93.72493539,102.2988393,112.0910135,123.0817194,135.1958364,148.4887166,163.1816678,179.6019268,197.9397506,218.341861,240.7272102,265.0632148,291.4415319,319.5068625,349.3969871,381.5655271,416.1881579,453.4317813,494.0232811,538.7176051,587.7040254,641.4698415,701.250702,768.3749098,843.3934553,927.2008355,1021.105178,1126.311769,1244.253115,1377.105767,1528.746054,1703.566207,1905.981663,2139.894283,2409.696109,2719.91847,3075.068625,3479.882997,3937.236889,4450.920716,5027.38498,5674.67977,6480.080423,7554.568957,8842.951252,10304.76882,12026.62582,14026.55675,16284.18784,18799.51926,21571.17939,24620.57614,28132.52227,32318.73124,37088.38109,42260.77008,47726.33447,53348.80274,58957.80482,64418.63908,69465.66584,74881.846,82717.61134,93750,100000,100000,100000,100000,100000,100000,100000,100000,100000,100000,100000,100000,100000,100000
2116,111.4554074,7.957320129,5.030903968,3.263103044,2.288720143,1.89505101,1.883930147,1.87304053,1.862907989,1.853391502,1.843867815,2.200398383,2.737868667,3.268988523,3.971251442,4.927092194,7.017218677,9.937155818,12.4838751,14.65571229,16.39646175,17.55000586,18.66501096,19.90373547,20.945331,21.85617888,22.71733969,23.68814508,24.97013334,26.35459278,27.62820776,29.01231918,30.67982396,32.49558638,34.43424702,36.43543634,38.71531018,41.41037634,44.5209383,47.77661895,51.05189691,54.48214249,58.38451673,62.75188242,67.32564859,72.4997986,78.38927436,85.11125873,92.66406945,101.1654316,110.9071154,121.741829,133.6507729,146.8807522,161.4222286,177.6802641,195.831281,215.8796067,238.1167209,262.2672227,288.360239,316.108078,345.5735602,377.3917533,411.5957054,448.3897633,488.5388442,532.7602402,581.2301443,634.4453819,693.5408027,759.915693,834.1869708,917.126506,1010.000133,1114.04048,1230.648812,1362.126571,1512.122894,1684.954966,1885.221063,2116.6438,2383.618913,2690.650955,3041.996116,3442.432985,3895.197103,4403.472693,4973.751909,5614.351445,6412.382922,7479.200069,8759.944991,10214.27515,11928.4551,13920.34097,16170.29328,18679.06529,21445.97665,24493.21776,28005.83469,32196.52665,36975.04293,42158.04911,47635.32065,53272.22068,58917.17184,64385.11394,69452.37108,74671.13436,80062.4088,91319.44444,100000,100000,100000,100000,100000,100000,100000,100000,100000,100000,100000,100000,100000,100000
2117,110.6335206,7.929446109,5.043720778,3.270573053,2.293376775,1.898382382,1.886796631,1.875511337,1.865036998,1.855255795,1.845567919,2.110742169,2.648754027,3.272244028,3.885646909,4.664799206,6.761018047,9.779891957,12.33815866,14.4392599,16.19457681,17.44563503,18.49454791,19.59146062,20.646524,21.56956137,22.44188428,23.42535722,24.71859957,26.18745508,27.39552102,28.64176196,30.3814671,32.19818774,33.92739798,35.99097188,38.33066532,40.94794453,43.91341456,47.15490188,50.54797161,54.0292219,57.78620364,62.00996931,66.64170031,71.74905421,77.44945896,84.12142329,91.76309287,100.1734328,109.6517326,120.3122624,132.0735791,145.1082362,159.6622422,175.7830455,193.6624702,213.5461756,235.5789507,259.4121105,285.0876417,312.5703582,341.8573027,373.3793871,407.1660602,443.4696945,483.2117357,527.0115806,574.9540777,627.6027517,685.9739915,751.5943016,825.1996849,907.2630227,999.0069299,1101.883728,1217.253402,1347.321115,1495.656101,1666.623959,1864.748401,2093.744375,2357.857817,2661.545639,3009.124606,3405.320627,3853.376796,4356.330223,4920.647998,5554.587934,6345.370186,7404.639224,8677.791796,10124.52907,11830.64731,13814.63249,16057.4534,18559.76254,21321.69348,24365.78932,27878.76593,32075.86352,36862.42801,42057.64612,47547.38171,53192.65914,58851.09327,64316.46103,69445.47295,74791.51725,77719.26583,88888.88889,100000,100000,100000,100000,100000,100000,100000,100000,100000,100000,100000,100000,100000,100000
2118,109.5866109,7.973823005,4.960874324,3.085833381,2.202453061,1.90219044,1.890099028,1.878352282,1.867486624,1.857369094,1.84741651,2.021061056,2.559482848,3.18439692,3.708547196,4.490500333,6.591946749,9.706747396,12.27492595,14.21654487,15.90334053,17.2508994,18.31528939,19.26983914,20.33845994,21.35074433,22.23537283,23.1564592,24.38821837,25.8709814,27.08965015,28.34376721,30.01946862,31.76931834,33.49910931,35.62859238,38.029918,40.63695575,43.39075097,46.41950853,49.86424477,53.46167861,57.20313967,61.34625006,65.83396543,70.86733127,76.69689597,83.18018362,90.6418972,99.07739847,108.4678883,119.0002231,130.6587434,143.4889401,157.9222545,173.9386883,191.5665284,211.2632412,233.0264072,256.549825,281.9290774,309.1388468,338.1152669,369.2254506,402.7221881,438.7272402,477.9697112,521.2198508,568.633967,620.6950529,678.443169,743.4059292,816.1764555,897.2019133,987.984253,1089.828905,1204.013909,1332.612331,1479.292793,1648.614178,1844.539146,2071.065541,2332.417691,2632.736784,2976.593389,3368.728144,3811.976121,4309.592778,4868.099354,5495.500445,6279.097618,7330.72692,8596.260024,10035.41741,11733.50856,13709.75993,15945.38599,18441.38194,21198.28597,24238.62626,27753.07204,31957.7426,36752.13304,41953.9094,47450.49388,53105.79999,58784.78264,64251.69265,69464.14135,74781.001,78207.07071,89444.44444,100000,100000,100000,100000,100000,100000,100000,100000,100000,100000,100000,100000,100000,100000
2119,108.0733529,7.765501406,4.7807492,2.901309214,2.111813517,1.906466218,1.8938739,1.787767679,1.776445649,1.859800365,1.849511995,2.023062851,2.56180623,3.096379389,3.621072893,4.494921444,6.599437774,9.631642565,12.11967014,14.07197115,15.68923446,16.96828254,18.1262761,19.09561067,20.17638878,21.20071235,22.02025522,22.95483304,24.05176193,25.32796968,26.56170995,28.04446979,29.73129136,31.41520557,33.21625493,35.34513921,37.67578275,40.1413883,42.88529308,45.9024276,49.26651332,52.84780991,56.57230821,60.63326265,65.03952631,70.0586531,75.87881779,82.2948193,89.63321359,98.0202487,107.372314,117.6894805,129.1598328,141.8947398,156.1980832,172.1052624,189.5114427,208.9090581,230.4427835,253.8468498,278.9375885,305.7420779,334.4020227,365.0960404,398.3212696,433.9790477,472.6709151,515.415745,562.3184331,613.8610399,671.0167569,735.2951914,807.2812631,887.3782752,977.1770958,1077.955246,1190.871474,1318.107315,1463.254981,1630.696778,1824.396185,2048.479228,2307.188861,2604.354671,2944.639702,3332.658895,3771.118599,4263.56052,4815.97872,5436.792234,6213.587031,7257.77618,8515.637142,9946.974233,11637.16587,13605.53299,15833.83598,18323.57579,21075.44658,24113.05336,27628.31129,31839.01929,36642.2722,41849.93316,47353.15333,53016.1467,58698.30863,64188.36668,69510.48809,75210.34393,79125.29551,90000,100000,100000,100000,100000,100000,100000,100000,100000,100000,100000,100000,100000,100000,100000
2120,106.557876,7.958027041,4.697772408,2.909892882,2.117577569,1.911192192,1.803422101,1.602773207,1.592161799,1.769108812,1.851922699,2.025334407,2.564326127,3.099186365,3.6242345,4.498948111,6.605943426,9.554423098,12.04748542,14.00924104,15.55085571,16.84085755,18.0096162,18.99046942,20.0833992,21.04142767,21.71876647,22.66748739,23.78144289,24.92480551,26.17299227,27.67116152,29.36980718,31.13408913,32.94059251,35.00310163,37.19729031,39.66036001,42.46489768,45.47093972,48.82174683,52.32114948,55.89628651,59.87359536,64.39323177,69.39521901,75.06889721,81.47450819,88.74519643,97.00898358,106.1830412,116.3331591,127.7219172,140.4043242,154.4899543,170.1470147,187.3912427,206.646279,228.0281968,251.2233683,275.9602418,302.4329645,330.8347653,361.1680585,393.9983516,429.2116343,467.5002202,509.8808303,556.2667208,607.2080897,663.7907461,727.3434112,798.5115634,877.6839762,966.512154,1066.214807,1177.873473,1303.76783,1447.405134,1613.004668,1804.551332,2026.260792,2282.158523,2576.23656,2913.056141,3296.816275,3730.573533,4217.920347,4764.628453,5378.850425,6148.653147,7185.539469,8435.790716,9859.502266,11541.88489,13502.12832,15722.76823,18206.06544,20953.19864,23987.64865,27503.00611,31718.83403,36530.56641,41748.35996,47263.50268,52933.89457,58594.72091,64063.93653,69475.70446,75180.4891,79068.60617,90000,100000,100000,100000,100000,100000,100000,100000,100000,100000,100000,100000,100000,100000,100000
2121,105.2725688,8.081043253,4.614544017,2.919005454,2.123792843,1.916364003,1.713183492,1.511654818,1.501805472,1.678653848,1.854687325,2.027946613,2.567185605,3.102240063,3.627496,4.502843988,6.611831195,9.563685711,11.9739008,13.85575567,15.40731267,16.70729397,17.88614386,18.87735155,19.74625324,20.71584949,21.48549326,22.37034755,23.50127743,24.65947484,25.99685603,27.29296765,28.7909835,30.78103682,32.66851944,34.52893558,36.79469772,39.32629774,42.05989679,44.92503099,48.19783068,51.81611516,55.30848321,59.20104863,63.70173811,68.55384653,74.27429565,80.66296466,87.79157651,95.92179009,104.9076886,115.0113328,126.3650813,138.9692272,152.747696,168.0649193,185.2656414,204.4370862,225.5610251,248.4272667,272.9114045,299.1170447,327.2098097,357.3061773,389.6705574,424.4448965,462.3711334,504.2968359,550.1899473,600.5389646,656.5551425,719.3506623,789.6466839,868.0427284,955.9826962,1054.59194,1164.999676,1289.477545,1431.459259,1595.354034,1784.968138,2004.338602,2257.444016,2548.350052,2881.624508,3261.199051,3690.461585,4172.797509,4713.891284,5321.763016,6084.422223,7113.686784,8356.495736,9772.920438,11447.37468,13399.50468,15612.3118,18088.88817,20831.38474,23862.58682,27378.65565,31600.29528,36420.09311,41647.60374,47173.09128,52862.89048,58549.9327,64002.19489,69303.44622,74980.51278,79450.14369,90454.54545,100000,100000,100000,100000,100000,100000,100000,100000,100000,100000,100000,100000,100000,100000
2122,104.214072,8.13677808,4.531476629,2.928556643,2.130392123,1.92194765,1.717821796,1.515367399,1.50513541,1.681936247,1.857871231,2.030941779,2.570468911,3.105704422,3.631044312,4.506869297,6.528303201,9.394632703,11.81022861,13.69930243,15.25952365,16.56835914,17.67641493,18.59871149,19.32160024,20.38007265,21.3967816,22.2177126,23.21114343,24.31038215,25.73867133,27.05139,28.42022251,30.28382435,32.18521934,34.05764417,36.39855381,38.93482152,41.60009082,44.39569375,47.52708069,51.13382319,54.67731584,58.55223884,62.96758057,67.73382904,73.30321992,79.73732695,86.91264849,94.89963445,103.751366,113.7972508,125.1053816,137.6111823,151.1848022,166.2007189,183.2004028,202.2109656,223.005407,245.5624222,269.9290791,295.8387269,323.5576422,353.3677906,385.3258796,419.7827207,457.3600372,498.6932103,544.0763224,593.9906293,649.3385749,711.3486092,780.8795444,858.6224991,945.6268078,1043.11954,1152.3579,1275.380613,1415.746607,1577.824186,1765.488271,1982.579971,2232.951003,2520.794776,2850.529565,3226.016289,3650.743828,4128.078804,4663.546803,5265.171113,6020.806914,7042.617864,8278.024591,9686.945479,11353.40476,13297.67821,15503.21823,17972.8227,20710.1991,23738.08292,27253.80427,31481.37247,36310.44782,41546.00503,47081.17959,52785.54273,58489.40228,63990.936,69086.50811,74228.94245,79384.85857,90909.09091,100000,100000,100000,100000,100000,100000,100000,100000,100000,100000,100000,100000,100000,100000
2123,103.1428202,8.192287299,4.547087098,2.938418406,2.13731343,1.831701929,1.626646243,1.519431588,1.508814482,1.592151158,1.768039661,2.034390413,2.57423355,3.109681604,3.635070958,4.511249941,6.444874706,9.225160344,11.73219079,13.62737302,15.10837406,16.4249522,17.38098183,18.31203229,19.20314595,20.19245189,21.22019971,22.05530892,22.98609757,24.02613163,25.39732404,26.80010319,28.25706339,29.9231893,31.76735523,33.79312052,36.07551612,38.54995071,41.21821536,44.01289636,47.00677216,50.40566772,54.06833297,57.92808501,62.25826665,67.06911746,72.48563693,78.7672503,85.79064304,93.75739453,102.594953,112.5709219,123.6909037,135.9564531,149.5640698,164.4438942,181.083441,199.9684822,220.6148162,242.9204256,267.0565236,292.6706368,320.0495992,349.4445445,381.010698,415.2772566,452.4990137,493.2550457,538.1304067,587.4789292,642.1985672,703.5279061,772.2997855,849.1960536,935.2482488,1031.629974,1139.759042,1261.581299,1400.449603,1560.664733,1746.371485,1961.140568,2208.673403,2493.457026,2819.628779,3191.281276,3611.585134,4083.76424,4613.662438,5209.135911,5957.852292,6972.284486,8200.057946,9601.416898,11260.13092,13196.5158,15394.87899,17857.95414,20589.71295,23613.59998,27129.26282,31361.72799,36200.13241,41447.39205,46993.42022,52692.61995,58408.76495,63975.38161,68914.40605,73526.3782,79567.22523,91608.39161,100000,100000,100000,100000,100000,100000,100000,100000,100000,100000,100000,100000,100000,100000
2124,102.297719,7.366252533,4.463057242,2.948480706,2.144472748,1.741440416,1.535465512,1.523816235,1.512842018,1.502530619,1.678427193,2.038334252,2.578571286,3.114248242,3.639690014,4.42613728,6.360988946,9.233273623,11.65499619,13.4672001,14.87226406,16.19549476,17.24066239,18.17907275,19.07774149,19.99689211,20.95687035,21.80524431,22.75088264,23.8060829,25.11989347,26.5391815,27.94176849,29.4808383,31.41343768,33.45567706,35.6133801,38.03093135,40.7076067,43.50601747,46.49972537,49.89511817,53.48163377,57.32707232,61.57508775,66.29994966,71.75961483,77.88698722,84.75597818,92.6991162,101.5145613,111.3444474,122.197966,134.209865,147.7734143,162.6893854,179.1319469,197.7945497,218.1947227,240.2345983,264.0678968,289.4001179,316.5011095,345.5780819,376.88347,410.7833242,447.5185883,487.8836923,532.3404444,581.0113849,635.1102359,695.8716623,763.94716,839.9113537,925.0228126,1020.324736,1127.147612,1247.852919,1385.330629,1543.694735,1727.299037,1939.690482,2184.669696,2466.465345,2789.095406,3156.98237,3572.986481,4039.984421,4564.211258,5153.554369,5895.531813,6902.623186,8122.859066,9516.897315,11167.80784,13095.96497,15286.80604,17743.81248,20469.90108,23489.37204,27005.33326,31242.82354,36089.63288,41347.6616,46901.20866,52601.72845,58327.2557,63966.29676,68944.98926,73960.53022,80696.84701,92307.69231,100000,100000,100000,100000,100000,100000,100000,100000,100000,100000,100000,100000,100000,100000
2125,101.1963028,6.608515727,4.378597394,2.958610093,2.151781556,1.747252387,1.540401059,1.528471405,1.517187129,1.50652608,1.682473373,1.950093404,2.39872862,3.027377977,3.554103177,4.250751812,6.27779876,9.242098211,11.57808161,13.39123581,14.71941615,15.96346943,17.09654154,17.96252772,18.8677722,19.71540086,20.6064037,21.54552101,22.50508413,23.57569729,24.9056888,26.34153635,27.61635208,29.02914172,31.05188801,33.11243367,35.14719318,37.57977972,40.20086982,42.93866487,45.93654759,49.39843866,52.98170029,56.61737048,60.78488929,65.55823778,70.99686895,77.03501894,83.87824149,91.66488793,100.3893937,110.1299131,120.8354021,132.7747158,146.1492453,160.9570715,177.3078425,195.581715,215.7012791,237.5711328,261.0861432,286.1284972,312.961987,341.8448006,372.8548781,406.2592116,442.5904784,482.6283197,526.5302682,574.6825535,628.1928861,688.2189322,755.5944782,830.7092361,914.9626578,1009.279893,1114.942483,1234.255996,1370.190868,1527.003583,1708.612988,1918.596812,2161.061985,2439.85136,2758.985893,3122.974046,3534.521008,3996.569228,4515.287348,5098.536756,5833.90378,6833.783832,8046.690565,9433.311319,11076.21759,12996.33731,15179.42398,17629.54675,20350.57,23366.35972,26881.57655,31123.7481,35979.7542,41246.13795,46804.81621,52525.17894,58255.70376,63858.18699,68866.09341,73924.54346,80673.73453,92307.69231,100000,100000,100000,100000,100000,100000,100000,100000,100000,100000,100000,100000,100000,100000
2126,99.59104633,6.398533982,4.393375866,2.968676009,2.159136636,1.753179583,1.545509796,1.533360576,1.521801722,1.510836409,1.686906201,1.86210331,2.219080275,2.9410546,3.469164526,4.166000699,6.195994277,9.073905407,11.41324951,13.14567198,14.4787756,15.81240528,16.95000298,17.82120114,18.73173859,19.42735132,20.32630063,21.35554608,22.32586109,23.33552332,24.53105805,26.05900777,27.42426329,28.85344548,30.68146865,32.68895657,34.81284445,37.26167644,39.83009283,42.51027583,45.44896206,48.77999507,52.4297844,55.99491351,60.15111493,64.97507671,70.26344467,76.21347661,82.9659401,90.65959617,99.22520581,108.8070572,119.5507868,131.4048208,144.5098808,159.1281434,175.3714098,193.3594147,213.2908328,235.0187645,258.2436116,283.0459284,309.5370452,338.1013441,368.740378,401.6774698,437.671398,477.2711375,520.6820467,568.4401001,621.4011914,680.7408045,747.3924882,821.5987828,904.8440454,998.2415157,1102.858698,1220.777533,1355.208678,1510.477759,1690.195872,1897.918043,2137.65609,2413.274324,2729.071651,3089.155218,3496.366536,3953.722623,4467.034938,5044.224359,5772.825232,6765.475853,7970.961625,9350.086541,10985.28028,12897.30452,15072.48232,17515.67037,20231.76954,23244.2139,26758.69543,31005.87917,35870.42346,41147.46455,46716.67911,52446.68353,58193.75323,63767.64307,68836.43621,73828.46205,80816.88086,92582.41758,100000,100000,100000,100000,100000,100000,100000,100000,100000,100000,100000,100000,100000,100000
2127,98.2012072,6.524199124,4.308174167,2.878870126,2.166453393,1.759148136,1.5507244,1.538421168,1.526651083,1.515415315,1.691692115,1.867008986,2.224366999,2.947381998,3.475810871,4.172915401,6.115210549,8.906927961,11.16235829,12.81359425,14.23829853,15.57933402,16.72040235,17.67705762,18.51266222,19.13376598,20.11834746,21.15787165,22.13822985,23.16091218,24.22059156,25.69164722,27.14775117,28.66717389,30.3710954,32.32652741,34.54058526,36.93833778,39.45456046,42.15023521,45.10041665,48.23743768,51.689635,55.38734403,59.53940878,64.22019318,69.42734836,75.42319651,82.15186497,89.68717934,98.15745067,107.577617,118.2247681,129.9188945,142.7404482,157.2173148,173.4008805,191.2824481,210.9954563,232.4085282,255.5000327,280.0883078,306.2212695,334.3920278,364.6610615,397.3119218,432.8642075,471.8961279,514.9660374,562.2632357,614.6043815,673.4364256,739.3018931,812.6603771,894.9154999,987.2653617,1090.754902,1207.352522,1340.390322,1493.877059,1671.607616,1877.237169,2114.431213,2387.203593,2699.651015,3055.741595,3458.723374,3911.446849,4419.486805,4990.481524,5712.31006,6697.76203,7895.738505,9267.518502,10895.0892,12798.86168,14966.36817,17402.9401,20113.54501,23122.75147,26637.55199,30889.67087,35762.13004,41047.67558,46629.12802,52371.31764,58108.67897,63720.29995,68974.86225,74159.24559,81286.10461,92857.14286,100000,100000,100000,100000,100000,100000,100000,100000,100000,100000,100000,100000,100000,100000
2128,97.51380397,6.429669376,4.222272933,2.689294745,2.074393706,1.765085251,1.555979874,1.543587975,1.531667352,1.520225449,1.696782316,1.872304761,2.137368907,2.769432705,3.391117602,4.180821627,6.035369595,8.829700506,11.08874375,12.65469787,14.08325009,15.34633494,16.4902433,17.45234173,18.29092827,18.99426717,19.90602171,20.95285882,21.94393784,22.97672374,24.04952153,25.38701132,26.85981561,28.39746695,30.04741854,32.02304539,34.18741196,36.46629263,38.93331618,41.64828754,44.68399148,47.83402177,51.15958679,54.79344435,58.81265786,63.42288477,68.61909427,74.53252346,81.17514759,88.68483757,97.19057386,106.447478,116.8645734,128.5237698,141.2469131,155.5022426,171.477325,189.1684801,208.7760576,229.9069956,252.6221727,276.9537477,302.9495737,330.8413698,360.7307352,393.026124,428.1818097,466.8014119,509.335185,556.0629979,607.8469848,666.0333965,731.1727686,803.7719335,885.2483446,976.5160548,1078.711096,1194.091764,1325.773423,1477.573191,1653.334712,1856.745709,2091.515646,2361.53053,2670.480657,3022.723792,3421.390769,3869.375914,4372.194599,4937.248703,5652.581495,6631.029092,7821.692514,9185.72113,10805.28164,12701.28051,14861.17973,17290.71117,19995.49079,23000.99271,26516.05631,30773.37255,35654.74275,40947.44436,46537.45482,52289.90708,58019.92247,63621.41294,68990.96918,74009.22165,81071.05084,92857.14286,100000,100000,100000,100000,100000,100000,100000,100000,100000,100000,100000,100000,100000,100000
2129,96.79977654,5.923533278,4.235232487,2.598597281,1.883014669,1.672066015,1.56120987,1.548796625,1.53678734,1.525198058,1.70213185,1.87793375,2.050578936,2.591649229,3.30697738,4.189715599,5.956806881,8.66525646,10.9278636,12.4973482,13.9297679,15.19552035,16.34143999,17.22681845,18.06739704,18.85184749,19.76785192,20.82087564,21.74281592,22.70900936,23.79410451,25.14536788,26.63376171,28.04341185,29.56735903,31.63585938,33.82284671,36.05300643,38.54175952,41.13933888,44.05734472,47.15795735,50.56503718,54.27617158,58.23199524,62.77586245,67.90153687,73.7378438,80.23146796,87.65324581,96.13157706,105.2908778,115.6066633,127.2273721,139.9118521,153.9347014,169.5542807,187.0345363,206.4505894,227.4116848,249.7147078,273.7397831,299.5522634,327.186224,356.8766002,388.740693,423.5578929,461.9365689,503.889975,549.9823031,601.2326859,658.7042463,723.1065166,794.9522145,875.634131,965.9267634,1066.938322,1181.098201,1311.391666,1461.573199,1635.443804,1836.577751,2068.839879,2335.936797,2641.595957,2990.155988,3384.585453,3827.770643,4325.289898,4884.565765,5593.468139,6564.909117,7748.189384,9104.675335,10716.24409,12604.23426,14756.45087,17179.25925,19878.50714,22879.20389,26394.27267,30657.7991,35546.42187,40848.37517,46446.37913,52202.76153,57951.22123,63549.57892,68944.2408,73793.52625,79427.80338,91428.57143,100000,100000,100000,100000,100000,100000,100000,100000,100000,100000,100000,100000,100000,100000
2130,95.8182765,5.899188761,4.145845263,2.606528696,1.790134045,1.57864128,1.566381545,1.553979852,1.541951609,1.530271921,1.61296255,1.789139317,2.056701313,2.598905868,3.315527552,4.108505757,5.878282928,8.592390261,10.76904701,12.4270598,13.94609542,15.04761435,16.11209905,17.08066964,17.92240808,18.70791208,19.54826224,20.52854849,21.45862937,22.43421909,23.45538666,24.81949265,26.39690404,27.74936029,29.21852111,31.23575718,33.44353366,35.69629898,38.20691777,40.7581914,43.49109704,46.47621469,49.90267718,53.76409339,57.66239479,62.07701727,67.20361833,72.96970886,79.38519945,86.65741403,94.91603531,104.1104467,114.3907223,125.7762452,138.2879526,152.1375164,167.7156906,185.0971862,204.1688836,224.8719506,247.0056709,270.8178193,296.3277055,323.522564,352.8339452,384.5139507,418.9146407,456.8403379,498.4457109,543.9208954,594.6388887,651.5532054,715.2142394,786.296959,866.0685993,955.4616804,1055.491735,1168.291227,1297.025825,1445.629671,1617.714821,1816.694337,2046.365967,2310.506957,2613.098656,2958.006745,3348.245002,3786.765984,4278.951396,4832.387767,5534.844742,6499.151431,7675.072908,9024.167632,10627.98879,12508.03244,14652.624,17068.81633,19762.32381,22759.06689,26274.3103,30542.85871,35437.07214,40748.85358,46357.95505,52131.04661,57893.87745,63524.00787,68883.37732,73919.01328,78188.24405,90000,100000,100000,100000,100000,100000,100000,100000,100000,100000,100000,100000,100000,100000,100000
2131,94.81254571,5.87218814,4.055406207,2.614016209,1.795589027,1.583657574,1.571476326,1.559103654,1.547089061,1.535392431,1.523597226,1.700227052,2.063130206,2.606623043,3.324770892,4.027993662,5.710435013,8.519917068,10.78894118,12.36137257,13.79635422,14.81851398,15.88413356,16.93537191,17.77750452,18.56319848,19.24835232,20.23227794,21.24761956,22.22968138,23.18532594,24.41073572,26.00266677,27.44297653,29.00146677,30.82286293,32.97948707,35.32660843,37.7899151,40.3643296,43.12021894,46.12675937,49.36994833,53.04797173,56.96293167,61.45580154,66.58847409,72.15719149,78.50232853,85.76179573,93.80377309,102.9721498,113.2198888,124.3706275,136.7079175,150.5101834,165.9755245,183.115581,201.9539189,222.3746488,244.3800315,268.0235122,293.1905557,320.0209999,348.9663115,380.2777449,414.2446492,451.7045622,493.0080766,538.0265676,588.0946754,644.452605,707.4664765,777.6463428,856.429646,944.9520437,1043.971913,1155.512355,1282.835697,1429.863718,1600.080711,1796.913947,2024.088968,2285.387692,2584.771239,2925.986268,3312.177306,3746.249146,4233.217211,4780.803362,5476.758293,6433.974236,7602.767227,8944.49474,10540.40958,12412.28639,14549.28554,16958.92805,19646.93677,22639.59332,26153.44074,30427.34951,35330.53247,40650.65929,46271.17359,52056.22822,57824.74253,63478.05503,68870.72233,73900.28712,78170.47575,90000,100000,100000,100000,100000,100000,100000,100000,100000,100000,100000,100000,100000,100000,100000
2132,93.78414361,6.259206899,4.06553332,2.621015885,1.800746425,1.588476776,1.576447115,1.564151118,1.552165968,1.540486158,1.528673103,1.705826482,2.069779391,2.614729018,3.334602153,4.039158961,5.634470836,8.449120191,10.72329827,12.21035854,13.64919359,14.6732372,15.73982968,16.79192613,17.6337376,18.41882006,19.02617614,20.0125612,21.03340916,22.0205957,23.05965721,24.14462529,25.5994257,27.12668746,28.70053963,30.3952473,32.50103389,34.94129445,37.42836135,39.95645056,42.73677948,45.76760311,48.89722293,52.32602467,56.26198402,60.77326533,65.85138786,71.42736867,77.70804851,84.89799292,92.86040705,101.8758221,111.8991852,122.8834708,135.2425205,148.9958872,164.1483578,181.0397842,199.696086,219.8787823,241.6640326,264.9800353,289.780633,316.4666781,345.2493721,376.1351868,409.678105,446.786788,487.5745758,532.1090925,581.6814619,637.4285414,699.661681,769.1036814,847.0248223,934.4629166,1032.448792,1143.003084,1269.053397,1414.335917,1582.664336,1777.36232,2002.09916,2260.618999,2556.742919,2894.397461,3276.596659,3706.024265,4187.92281,4729.836014,5419.400358,6369.469841,7531.013511,8865.701468,10453.70754,12317.36822,14446.87274,16849.63122,19532.13882,22520.23142,26032.90721,30312.53602,35226.96186,40554.87456,46178.39641,51966.39761,57740.79296,63333.78386,68690.06925,73623.13317,78281.74469,90312.5,100000,100000,100000,100000,100000,100000,100000,100000,100000,100000,100000,100000,100000,100000
2133,92.98005919,6.570833959,4.074894219,2.62751927,1.805568379,1.593034904,1.58121933,1.569074033,1.557168575,1.545519755,1.533720819,1.711484101,2.076571165,2.623113688,3.344926823,4.051040041,5.649909292,8.380618288,10.57004605,12.06143185,13.50419939,14.53020431,15.59757502,16.65040489,17.41201561,18.19578756,18.80406336,19.71428347,20.81650278,21.80923426,22.85345929,23.94681567,25.3362307,26.87484884,28.38935011,30.0268878,32.08024108,34.40003221,36.91021199,39.53328579,42.19972919,45.18715773,48.4123247,51.86590429,55.75790325,60.02257887,64.91895819,70.50974484,76.79903964,83.92639752,91.88506143,100.8209232,110.6893019,121.5115055,133.7000182,147.3404969,162.3086364,179.0114363,197.47809,217.4729057,239.0809133,262.0416005,286.5126183,312.9631281,341.3376186,371.9988779,405.322984,441.9527964,482.1379887,526.2402002,575.4159268,630.428291,691.955637,760.7953161,837.8205443,924.2348965,1021.173987,1130.528549,1255.276807,1398.925361,1565.423742,1758.01692,1980.290986,2236.068217,2529.104057,2863.185669,3241.196772,3665.975814,4142.871619,4679.254858,5362.621436,6305.804574,7460.216734,8787.369555,10367.57719,12223.61694,14345.49225,16740.9087,19417.60995,22401.87258,25914.49411,30198.38001,35120.98924,40456.57319,46091.24794,51885.38099,57669.04269,63262.90636,68573.58732,73635.49845,78682.041,90625,100000,100000,100000,100000,100000,100000,100000,100000,100000,100000,100000,100000,100000,100000
2134,91.9110186,6.541233036,4.083498072,2.633526848,1.810046208,1.597295444,1.585734271,1.573801637,1.562050642,1.550482562,1.538711703,1.717115294,2.083430356,2.631682097,3.262621817,3.970535124,5.666355351,8.223619392,10.41665051,12.00270587,13.36180216,14.39002773,15.37731715,16.43058348,17.11286391,17.81552525,18.58226697,19.57268448,20.67667124,21.59588386,22.56869231,23.74357042,25.14145096,26.61520454,28.14115992,29.79203805,31.78930839,33.91452531,36.3054482,39.02342343,41.71607644,44.66062099,47.84429555,51.39388195,55.31331139,59.39936553,64.18631445,69.7317882,75.97027788,82.97448978,90.80471232,99.67107991,109.5236923,120.2536836,132.1462694,145.6775057,160.6583656,177.1057849,195.2468486,215.0454289,236.4588847,259.1715099,283.4143564,309.598189,337.6701169,367.92274,400.9601704,437.1794178,476.762383,520.4788957,569.1739041,623.5426278,684.3637003,752.4010699,828.6694218,914.2339773,1010.050007,1118.054412,1241.437583,1383.668954,1548.355875,1738.932325,1958.907971,2211.890085,2501.705879,2832.124982,3206.052512,3626.419039,4098.502791,4629.210978,5306.127684,6242.559302,7389.954688,8709.614727,10282.05999,12130.24433,14244.42091,16632.90564,19304.40202,22284.64426,25796.33517,30085.74651,35014.6425,40356.72891,46006.58059,51813.45763,57632.98421,63272.36545,68632.05798,73946.81079,78945.54561,90625,100000,100000,100000,100000,100000,100000,100000,100000,100000,100000,100000,100000,100000,100000
2135,90.57866336,6.583120598,4.091387042,2.639048149,1.814185873,1.601255207,1.589957359,1.578275798,1.566736016,1.555322702,1.54363229,1.722681456,2.09025694,2.64034426,3.180249478,3.890140645,5.683632934,8.157392673,10.266043,11.94338753,13.30721432,14.25198957,15.15942774,16.21318537,16.97515027,17.67600235,18.44166276,19.35409671,20.38208635,21.30473085,22.28185453,23.46226335,24.86713795,26.27591129,27.81157505,29.54758021,31.48737004,33.55732758,35.82655792,38.49682139,41.3545031,44.32527965,47.32837434,50.70011352,54.58197701,58.69747876,63.5129414,69.01916605,75.2143226,82.16945306,89.81107923,98.48387339,108.2014077,118.9138628,130.7770734,144.0737196,158.87534,175.1341587,193.0785223,212.6746681,233.8188898,256.3962286,280.4505581,306.2694147,334.0056647,363.8201829,396.4477386,432.3157688,471.56276,514.8216712,562.9462987,616.8544381,676.9162435,744.1421795,819.717963,904.2981782,999.0355615,1106.028257,1227.962208,1368.591919,1531.528214,1720.090818,1937.742956,2187.87693,2474.471807,2801.447569,3171.524532,3587.477233,4054.639017,4579.729758,5250.411734,6180.000464,7320.129453,8632.574489,10197.17841,12037.06646,14143.55844,16525.32409,19191.43793,22167.25414,25678.05735,29972.97701,34909.37571,40261.58709,45917.7361,51736.84925,57562.24367,63207.76695,68608.80807,73845.70887,78841.98306,90625,100000,100000,100000,100000,100000,100000,100000,100000,100000,100000,100000,100000,100000,100000
2136,89.48091558,6.549545848,3.995737303,2.64411045,1.817991213,1.604917487,1.593882356,1.582460755,1.571170131,1.559967723,1.548429692,1.728170831,2.097004129,2.648962798,3.190663982,3.902698724,5.609762655,7.999815524,10.11621216,11.71355343,12.99856434,14.03256724,15.02513451,16.07968566,16.7604311,17.45890743,18.30338649,19.05945826,20.08762195,21.09084985,22.06963072,23.17978978,24.51459756,26.00475263,27.54879724,29.22243104,31.10271476,33.25934111,35.54599327,38.09516168,40.90616088,43.90292978,46.8638054,50.05772416,53.83351893,57.98154042,62.76148913,68.23200697,74.32394838,81.23828691,88.9662562,97.45162889,107.0411806,117.6832023,129.3949689,142.528394,157.0259241,173.1005663,190.9805739,210.4378628,231.3064996,253.6725507,277.4528477,302.9447295,330.3751968,359.9160264,392.1688723,427.5583509,466.5245611,509.252226,556.728686,610.0841743,669.6393574,736.1942333,810.7811426,894.436751,988.2374122,1094.127175,1214.602457,1353.613972,1514.916978,1701.294288,1916.542105,2164.053747,2447.595549,2771.186113,3137.39232,3548.948132,4010.959661,4530.527789,5195.322809,6118.119242,7251.039028,8556.166548,10112.89383,11944.87332,14043.86644,16418.68037,19078.52256,22050.11618,25560.88702,29859.62763,34803.82456,40167.09647,45831.05467,51657.4821,57484.61756,63144.14412,68560.53692,73795.58887,79092.90199,90900.73529,100000,100000,100000,100000,100000,100000,100000,100000,100000,100000,100000,100000,100000,100000
2137,88.37220457,6.513920257,3.797152538,2.54654,1.82148047,1.608284612,1.497894175,1.387821264,1.476406805,1.564363515,1.553033578,1.733527538,2.00818834,2.562011369,3.20102025,3.822410946,5.442998529,7.842446138,10.05591815,11.57370967,12.69121792,13.81460549,14.81151019,15.78731168,16.46860781,17.16511862,18.08797225,18.84493893,19.87286475,20.87796545,21.85758856,22.97109583,24.23448396,25.80308299,27.35397594,28.89044105,30.70909743,32.95070935,35.25310638,37.67845168,40.37027418,43.32213802,46.3799573,49.6722388,53.34083401,57.45232011,62.1313586,67.43217541,73.42445022,80.23861625,87.99566347,96.36957081,105.8392606,116.4204578,127.9292592,140.8438991,155.2398559,171.2018436,188.891862,208.1470508,228.7377791,250.7536572,274.2477498,299.5885507,326.8820066,356.1771203,388.0181167,422.8955184,461.3796821,503.6939509,550.5764196,603.2263451,662.3160453,728.2470636,801.9781188,884.7404116,977.5182691,1082.170722,1201.379789,1338.904498,1498.485427,1682.893671,1895.769328,2140.712369,2421.259307,2741.272285,3103.508007,3510.689419,3967.74382,4481.833057,5140.616006,6056.751434,7182.472844,8480.221433,10029.3202,11853.42589,13944.6661,16312.75706,18966.51408,21933.90868,25444.01886,29747.38998,34699.90766,40070.07644,45742.49596,51583.92004,57428.77791,63077.25989,68519.59885,73783.70791,79354.55278,91176.47059,100000,100000,100000,100000,100000,100000,100000,100000,100000,100000,100000,100000,100000,100000
2138,87.25510821,6.47771689,3.700698897,2.448448586,1.824675771,1.61137387,1.401407084,1.192453736,1.282628012,1.469981724,1.557391859,1.738672357,1.918917215,2.379588469,3.116194598,3.741759363,5.36759038,7.867339541,9.997409921,11.43134891,12.5549008,13.68263783,14.60026144,15.41720753,16.17903368,16.87393065,17.79558068,18.63302121,19.58325551,20.66620498,21.6474951,22.76188488,24.02833595,25.52590828,27.08180228,28.62506955,30.38038247,32.56108355,34.80627678,37.17730831,39.88881161,42.72331592,45.73699791,49.05882581,52.75895654,56.90410689,61.41310026,66.61645276,72.5794184,79.29661253,86.89059397,95.29573199,104.7230842,115.1184929,126.631736,139.3423494,153.4510037,169.3076453,186.8799524,205.806902,226.1214258,247.9815696,271.2469856,296.2258768,323.2277348,352.2444678,383.6982356,418.2900452,456.3228807,498.1505865,544.5519235,596.6823448,655.1447839,720.2865505,793.2762918,875.0607963,966.7633954,1070.292179,1188.311541,1324.479975,1482.256281,1664.675283,1875.282935,2117.538496,2395.067037,2711.603895,3069.902364,3472.756538,3925.101366,4433.833612,5086.479522,5995.947193,7114.75285,8405.201169,9946.392224,11762.47309,13846.24201,16207.70329,18855.57387,21818.36926,25327.31926,29635.0817,34595.67449,39973.32998,45655.32708,51511.78089,57352.5897,63043.0876,68559.56258,73791.19015,79577.41278,91421.56863,100000,100000,100000,100000,100000,100000,100000,100000,100000,100000,100000,100000,100000,100000
2139,86.38096521,6.365154107,3.705979085,2.452139264,1.827619051,1.614199872,1.404070071,1.194932121,1.187041121,1.375080922,1.561466687,1.646855564,1.827883315,2.291857004,3.030919836,3.753638292,5.384793748,7.801117428,9.847899884,11.28951956,12.503907,13.63624058,14.47176743,15.29021137,16.05193908,16.66536929,17.58591515,18.50221795,19.45175611,20.53426553,21.51501184,22.62934776,23.74825017,25.17383818,26.73441239,28.2825477,30.04580215,32.09229979,34.34902345,36.80589512,39.46376714,42.24761923,45.28506912,48.49502663,52.22532636,56.40484793,60.7425937,65.98426104,71.92132429,78.47605418,85.90904078,94.21978664,103.5484919,113.7699342,125.2313625,137.9468166,151.850027,167.5479211,184.9447557,203.5503432,223.5938273,245.2341972,268.3344466,293.0086607,319.6374606,348.2188616,379.3844848,413.846256,451.3854992,492.5531001,538.5291388,590.2457495,647.9874069,712.3752863,784.5900669,865.5119113,956.1795321,1058.445731,1175.241815,1310.058147,1466.019973,1646.43832,1854.905293,2094.472734,2369.011465,2682.275961,3036.79152,3435.454418,3883.134541,4386.57786,5033.112875,5935.64463,7047.429488,8330.799919,9864.333657,11672.54496,13748.72613,16102.7632,18744.94055,21703.25324,25211.78788,29524.63885,34491.46001,39877.28324,45572.1791,51431.17894,57281.05791,63026.09453,68573.08418,73780.51668,79809.85259,91666.66667,100000,100000,100000,100000,100000,100000,100000,100000,100000,100000,100000,100000,100000,100000
2140,85.50389543,6.252071499,3.711044842,2.455627297,1.830368104,1.515984062,1.305687522,1.197207041,1.189498283,1.37817773,1.565242896,1.554473724,1.736292503,2.298610447,3.040182958,3.765338905,5.401784185,7.734475514,9.787597196,11.32419879,12.45575443,13.50649366,14.34520149,15.165345,15.92693276,16.53886342,17.30015538,18.21595335,19.24576007,20.25106032,21.23297133,22.34845838,23.39445093,24.74829404,26.31265516,27.93775172,29.7788084,31.7607214,33.95517408,36.35286206,38.95498996,41.82744486,44.9558026,48.12006711,51.67030667,55.74381894,60.11769343,65.33018559,71.24102928,77.70534698,85.04802081,93.26905166,102.3059603,112.3636489,123.7200648,136.3184751,150.1605952,165.7180499,182.8875173,201.3112601,221.2229158,242.6494927,265.5202615,289.8211893,316.0677121,344.3959799,375.2467106,409.2084666,446.3407496,487.138589,532.5787229,583.7265416,640.8474743,704.5155515,775.9135445,856.0761199,945.8950893,1046.998034,1162.482131,1295.759516,1449.986319,1628.546845,1834.714911,2071.731432,2343.3962,2653.357969,3004.163816,3398.526585,3841.445176,4339.721843,4980.441033,5876.196958,6980.685148,8256.874264,9782.887707,11583.03957,13651.27196,15998.09626,18634.65464,21588.74858,25096.66981,29414.59557,34389.77687,39783.61067,45487.21659,51352.73798,57224.3704,62931.89169,68437.39401,73700.91387,80009.10915,91885.96491,100000,100000,100000,100000,100000,100000,100000,100000,100000,100000,100000,100000,100000,100000
2141,84.62551249,6.558298332,3.715976946,2.458965122,1.832961301,1.417445888,1.206964548,1.199285757,1.191753781,1.282562551,1.470259947,1.558217653,1.740812148,2.305004319,3.049087176,3.776770086,5.325318019,7.665449711,9.727955227,11.18127377,12.32050897,13.3769744,14.21907901,15.04206635,15.80453553,16.33483543,17.0160131,17.93341349,18.80942729,19.89240627,20.95455293,21.99443848,23.19105053,24.47211611,25.96397888,27.66514881,29.43737735,31.4241526,33.62647242,35.89144107,38.50566007,41.39391573,44.47084453,47.6571081,51.02463382,54.92082219,59.39956698,64.58370816,70.40023431,76.9108982,84.2352536,92.36991872,101.2528495,111.1557713,122.3521464,134.7135081,148.4391459,163.8041677,180.7653545,199.0880612,218.8771236,240.0323408,262.4817683,286.5424496,312.6017617,340.7333118,371.18512,404.6185051,441.4372248,481.8826779,526.8072592,577.408069,633.9511229,696.8554062,767.4650675,846.7452425,935.6093316,1035.807537,1150.064418,1281.762166,1434.340795,1610.903848,1814.708144,2049.313534,2318.1753,2624.614667,2971.619283,3361.760255,3800.02498,4293.291616,4927.972487,5817.058126,6914.706659,8183.699731,9702.08174,11494.34748,13554.60553,15894.3449,18524.76191,21474.16896,24981.35561,29303.79256,34288.19543,39692.12559,45403.31949,51272.38892,57145.46734,62866.55338,68341.85504,73394.42316,79991.06563,92105.26316,100000,100000,100000,100000,100000,100000,100000,100000,100000,100000,100000,100000,100000,100000
2142,83.74914305,6.443505718,3.72087013,2.359920876,1.733151967,1.41944351,1.208769549,1.201199957,1.193812458,1.186527698,1.37481967,1.561674873,1.745006884,2.310988316,2.962196698,3.692441884,5.154720581,7.502297994,9.667667027,11.03762339,12.09921195,13.07818981,14.00996995,14.91976271,15.68345098,16.21317857,16.89383407,17.81128931,18.60956413,19.69198485,20.83082174,21.86968568,23.06537439,24.27172023,25.68997128,27.39272628,29.09516045,31.08513759,33.36442649,35.63655165,38.11866715,40.8778932,43.83063178,47.03685976,50.49853222,54.3528782,58.86478402,63.94928072,69.60199951,75.95348492,83.19231019,91.31456081,100.2507451,110.1380075,121.1161007,133.253064,146.8763139,162.0598517,178.7608772,196.9378451,216.554443,237.3162249,259.4189112,283.5090407,309.3161363,336.9174595,367.0931437,400.2453406,436.6526488,476.7703721,521.2604889,571.1957907,627.0418036,689.3559544,759.1913023,837.3989544,925.3132843,1024.492555,1137.496295,1267.824035,1418.756812,1593.473344,1795.066916,2027.051648,2293.109638,2596.184095,2939.452966,3325.551336,3759.182943,4247.271382,4876.024542,5758.540959,6849.309568,8111.013684,9621.609111,11405.95374,13458.46913,15791.23764,18415.7012,21360.64727,24867.4492,29194.61929,34185.66596,39598.02468,45317.91328,51197.01206,57075.69442,62818.8881,68323.37701,73217.96024,79006.24406,91290.72682,100000,100000,100000,100000,100000,100000,100000,100000,100000,100000,100000,100000,100000,100000
2143,82.62573699,5.981753767,3.72582072,2.260718854,1.633142843,1.421353333,1.210468921,1.202985323,1.195706875,1.188567138,1.377416943,1.564859855,1.748877932,2.316545421,2.874523135,3.60727028,5.076167416,7.338710733,9.604391979,10.98278759,11.87643033,12.86221611,13.88395079,14.71658115,15.48263015,16.09331527,16.69413726,17.61202567,18.48990069,19.49544897,20.63383464,21.74834415,22.86846403,24.07368949,25.56529026,27.19475445,28.82524521,30.8174093,33.0998796,35.30565847,37.72427692,40.42326458,43.24829724,46.40146089,49.88431935,53.76387837,58.30621541,63.2190248,68.70594949,75.03635673,82.1892261,90.16202483,99.08935494,108.9683064,119.8007452,131.7908362,145.2603069,160.344485,176.8637903,194.8450676,214.1799272,234.7622149,256.7923514,280.5255892,305.9553396,333.2254277,363.1209857,395.9150873,431.8920395,471.579745,515.5886277,564.9350277,620.096414,681.7625373,750.921355,828.3415241,915.3136516,1013.255219,1124.959006,1253.959073,1403.296172,1576.216368,1775.667027,2005.039946,2268.092717,2568.128018,2907.753035,3289.700795,3718.838343,4201.710683,4824.630181,5700.612023,6784.48365,8039.099869,9541.837749,11317.8749,13362.74971,15688.82038,18307.46701,21247.73091,24753.45323,29085.15286,34084.07269,39504.36285,45233.76307,51127.42231,57020.57741,62754.78425,68222.64132,73226.8642,78261.93244,84226.19048,93750,100000,100000,100000,100000,100000,100000,100000,100000,100000,100000,100000,100000,100000
2144,81.50402553,5.519079988,3.626860951,2.263710538,1.635267666,1.423211371,1.212092406,1.20466725,1.197474767,1.190443738,1.379787493,1.567784387,1.752445202,2.321674204,2.881372289,3.521589709,4.995084985,7.267215986,9.449039288,10.83603323,11.73731299,12.72968982,13.75733106,14.51310359,15.28149919,15.97449632,16.49610518,17.41506051,18.37340347,19.30192793,20.36404302,21.40436886,22.52470627,23.80482959,25.36978548,26.92659977,28.48391255,30.47804097,32.69109768,34.82930268,37.2533707,40.03174923,42.86743041,45.89366731,49.25392285,53.15613208,57.65623034,62.39355434,67.85022123,74.22587904,81.29209093,89.11520609,97.89780833,107.7052951,118.4660232,130.3823448,143.7096428,158.5772373,174.8654856,192.6642202,211.7345953,232.0963165,254.0062985,277.3939065,302.5219841,329.5333848,359.0163836,391.5150531,427.1833955,466.4205901,509.9101495,558.6850367,613.2355234,674.1937134,742.6832895,819.3353787,905.2913764,1002.206182,1112.730258,1240.278115,1387.9874,1558.915376,1756.322896,1983.368164,2243.508528,2540.392517,2876.328843,3254.164395,3678.933222,4156.689396,4773.802061,5643.231584,6720.083309,7967.555653,9462.563199,11230.69343,13268.10215,15586.93431,18199.30681,21134.76941,24639.1463,28975.63392,33982.20681,39411.72645,45150.60292,51052.17165,56955.34434,62707.14728,68112.71016,72986.65872,78330.06971,78192.64069,87500,100000,100000,100000,100000,100000,100000,100000,100000,100000,100000,100000,100000,100000
2145,80.63555782,5.40347755,3.527942911,2.266776486,1.63741659,1.425057015,1.213672475,1.20627521,1.199140133,1.1921949,1.381965715,1.570454802,1.755726006,2.326402008,2.887692005,3.435028174,4.818645696,7.192608156,9.384610494,10.77613258,11.68527179,12.59624048,13.62959984,14.39001524,15.08011112,15.77443559,16.2985479,17.14015189,18.17987127,19.11089907,20.09693503,21.06335979,22.18427724,23.46563878,24.95709878,26.51495514,28.14512725,30.14002037,32.28248754,34.4231459,36.77966502,39.63438821,42.54952795,45.51618794,48.8204384,52.53113912,56.91570343,61.75193544,67.24390977,73.45441304,80.43151434,88.24044151,96.87717433,106.5446897,117.1706675,128.9523428,142.1439988,156.8074353,172.9498573,190.5186784,209.4041734,229.4973824,251.0487948,274.2425477,299.1470287,325.9111151,355.0557812,387.3262862,422.6148681,461.2566791,504.2726523,552.5707645,606.5921761,666.9139115,734.5304104,810.3484584,895.3676615,991.3119356,1100.64142,1226.702576,1372.868352,1541.919714,1737.204549,1961.918915,2219.356242,2512.962916,2845.360976,3219.216822,3639.339475,4112.019939,4723.515733,5586.449941,6656.306041,7896.446926,9383.873754,11144.39855,13174.25675,15485.57886,18091.76061,21022.89033,24526.16766,28866.75269,33880.40289,39319.00168,45064.16232,50969.38571,56885.63503,62635.61385,68059.63345,73165.68622,78934.34034,78606.71937,87500,100000,100000,100000,100000,100000,100000,100000,100000,100000,100000,100000,100000,100000
2146,80.02366058,5.635171338,3.533171797,2.269958673,1.63961659,1.426925845,1.215238344,1.207840137,1.200733378,1.193846774,1.383999285,1.572910392,1.758720924,2.330751451,2.893515567,3.442524239,4.735799454,7.116506787,9.409571538,10.71697572,11.62912224,12.54707638,13.41711854,14.18252079,14.95935962,15.65594526,16.18174113,16.86702764,17.83056104,18.76649857,19.83129419,20.95232933,22.07253217,23.27862518,24.62178916,26.17917347,27.88223801,29.80461332,31.87507941,34.08837392,36.44720825,39.16322422,42.08402237,45.13030058,48.37605509,51.89182565,56.15676139,61.08858765,66.54290206,72.72211135,79.60717166,87.26223861,95.82138876,105.2794274,115.7707856,127.4917642,140.5555749,155.0214206,171.0306924,188.4565985,207.1116746,227.0177232,248.363325,271.32512,295.827361,322.3570262,351.3084949,383.159656,418.0697509,456.1102807,498.5729872,546.5068246,600.0919615,659.7175367,726.5980075,801.6490714,885.6607099,980.5622608,1088.668724,1213.359525,1358.003119,1525.259673,1718.309673,1940.666448,2195.43925,2485.821796,2814.807411,3184.703128,3600.261179,4067.85585,4673.586251,5530.080507,6593.127539,7826.295431,9306.102534,11058.64893,13080.69884,15384.79155,17984.69056,20911.0668,24413.43251,28758.81202,33779.82283,39226.52617,44978.94514,50892.82811,56820.48928,62567.41424,68054.2006,73320.73514,79254.15843,78804.34783,87500,100000,100000,100000,100000,100000,100000,100000,100000,100000,100000,100000,100000,100000
2147,79.4159716,5.443902594,3.538700496,2.273308038,1.539497394,1.326445292,1.216823173,1.209392196,1.202283971,1.195424765,1.287102088,1.476392981,1.761469736,2.334718615,2.898875901,3.449436632,4.746103239,7.039668697,9.247574933,10.56411053,11.48488134,12.41022855,13.20282293,13.97337491,14.83754975,15.53653507,16.06450615,16.75256782,17.71923661,18.57964621,19.64542394,20.84420856,21.96411105,23.09521016,24.36356282,25.92050433,27.622836,29.47260641,31.47048496,33.75513349,36.18614687,38.76216833,41.54454745,44.52655711,47.78185181,51.38071007,55.52224679,60.33600608,65.74898254,71.89301375,78.6815066,86.3172575,94.79661625,104.0440637,114.4679045,126.1278126,139.0691596,153.2773992,169.0947284,186.3922751,204.8388532,224.5135531,245.6691225,268.4205967,292.6174169,318.8016465,347.4412672,378.8859763,413.3589749,451.1344676,493.172856,540.5270324,593.5842644,652.5355818,718.6140533,792.8200216,875.9557801,969.8045187,1076.820056,1200.308408,1343.311664,1508.623812,1699.596936,1919.630397,2171.599166,2458.836907,2784.377291,3150.387075,3561.608558,4024.226082,4624.28991,5474.378732,6530.533554,7756.648198,9228.748491,10973.19439,12987.59987,15284.7039,17878.19325,20800.00503,24301.41389,28651.44439,33680.24055,39134.81438,44895.02187,50818.9646,56760.63554,62505.9423,68000.64566,73164.63248,79297.45021,78985.50725,87500,100000,100000,100000,100000,100000,100000,100000,100000,100000,100000,100000,100000,100000
2148,78.56088119,5.328959624,3.544558335,2.276855437,1.439343716,1.225881902,1.218444327,1.21096302,1.203822989,1.196960484,1.189987748,1.379611823,1.764033645,2.338357238,2.903760775,3.455797966,4.755596941,6.961360087,9.083533156,10.49786757,11.42736226,12.2711287,13.06976516,13.84570885,14.63201586,15.33422594,15.94726868,16.55821255,17.52806627,18.47103553,19.46222225,20.58664859,21.70842187,22.84038347,24.03529755,25.59218574,27.36751534,29.21626704,31.2131221,33.49660863,35.78442048,38.21894906,41.0038339,43.91913555,47.18077891,50.86002854,54.94523214,59.70679506,65.14285709,71.10834102,77.72541413,85.33728666,93.80165927,103.0421232,113.3974317,124.8585725,137.5404514,151.7007701,167.4021065,184.376388,202.6297023,222.0972203,242.8863528,265.3118303,289.3600698,315.2978914,343.6489519,374.7695699,408.8205027,446.2735875,487.9589984,534.7280494,587.0381748,645.3585683,710.722041,784.0813495,866.3263861,959.1808466,1065.16148,1187.350406,1328.795944,1492.32105,1681.271784,1898.830521,2148.039435,2432.355715,2754.345111,3116.441327,3523.2606,3981.114164,4575.816234,5419.401733,6468.659365,7687.718234,9152.170481,10888.4595,12895.18141,15185.31204,17772.74659,20689.53093,24189.4649,28543.62954,33580.12267,39043.46496,44815.00288,50746.0119,56688.82861,62445.49375,67909.46,73262.94823,79809.65594,79333.33333,87500,100000,100000,100000,100000,100000,100000,100000,100000,100000,100000,100000,100000,100000
2149,77.71017716,5.212927106,3.446745013,2.176612191,1.441571988,1.227655646,1.220115806,1.212568576,1.205380575,1.198487084,1.191511886,1.381419815,1.766447561,2.341754163,2.908243336,3.461592607,4.764338538,6.975152649,9.102773568,10.43190226,11.27775895,12.12938882,12.93443686,13.71619596,14.42459432,15.12974254,15.82848689,16.36320126,17.258105,18.20623911,19.12522718,20.2537082,21.37985184,22.58773101,23.78485085,25.26762986,27.0437752,28.8193309,30.81567511,33.09871196,35.31445274,37.67732068,40.53407423,43.45174583,46.64635922,50.33216103,54.42792803,59.20411029,64.44974452,70.30066293,76.95049085,84.46368308,92.76896036,101.929484,112.2147516,123.4759484,136.0338604,150.1466181,165.671541,182.3316674,200.3331042,219.7451554,240.2603883,262.3173204,286.1028075,311.6863645,339.7167947,370.6055458,404.3853135,441.4654657,482.740622,528.8607038,580.4862814,638.1576233,702.987032,775.6535317,856.9324418,948.7713758,1053.553284,1174.421261,1314.339698,1476.142112,1663.056878,1878.173301,2124.691436,2406.050411,2724.696477,3082.901132,3485.204814,3938.261416,4527.649659,5364.934676,6407.308494,7619.167309,9076.035117,10804.56288,12803.59407,15086.57315,17667.93699,20579.08919,24077.75145,28436.94033,33480.92375,38951.94027,44735.42781,50680.41003,56623.60818,62401.87253,67839.18499,73419.43112,80194.68268,79500,87500,100000,100000,100000,100000,100000,100000,100000,100000,100000,100000,100000,100000,100000
2150,76.60871314,5.174060778,3.349061186,2.076387349,1.443931815,1.229537871,1.221870406,1.214222731,1.206971339,1.200032084,1.193025802,1.383184235,1.768753214,2.247412506,2.814895368,3.466909768,4.772303426,6.893797161,8.934032029,10.2715254,11.12586465,11.98482104,12.79643398,13.50166034,14.21463388,14.92372354,15.62631285,16.24690062,17.06683951,17.94075037,18.71065927,19.84412527,21.12828573,22.4129865,23.61120387,25.02031366,26.72407003,28.42670133,30.42258685,32.63330855,34.91927785,37.35225728,40.13690365,43.05518207,46.18137352,49.73006507,53.83272263,58.62060212,63.67246761,69.47402026,76.22057911,83.63012451,91.70132919,100.7067626,110.9176173,122.0452644,134.5466639,148.4744107,163.7541482,180.3803089,198.2082722,217.3040803,237.6314426,259.4827851,283.0998156,308.4163622,336.0198724,366.5125175,399.846492,436.5729934,477.387079,523.0051503,574.0866105,631.1736388,695.3118478,767.1904676,847.58391,938.3221407,1041.945749,1161.532933,1299.964662,1460.058839,1644.980953,1857.775632,2101.611426,2379.927461,2695.112389,3049.533369,3447.747194,3895.975601,4479.837046,5310.961897,6346.511153,7551.285698,9000.854054,10721.50678,12712.32356,14987.90339,17563.11587,20469.40283,23967.10716,28330.85226,33382.63795,38862.24545,44653.54542,50606.4842,56562.28171,62375.23171,67844.02335,73399.50087,79362.16415,78692.30769,87500,100000,100000,100000,100000,100000,100000,100000,100000,100000,100000,100000,100000,100000
2151,75.76137214,5.486704785,3.355519283,2.080170948,1.44641849,1.23153203,1.223733667,1.215957971,1.208607775,1.201608755,1.194556744,1.38493449,1.672780153,2.054576185,2.721171972,3.471875262,4.684270375,6.621620673,8.669358336,10.10874219,11.0583199,11.92488023,12.65553473,13.2841989,14.00215497,14.79777742,15.50440429,16.04847673,16.79368576,17.67403584,18.37208622,19.51111062,20.95287333,22.24100508,23.43995123,24.85041058,26.48087572,28.18317114,30.10615839,32.24384348,34.52851978,36.88904612,39.67238267,42.66061369,45.78720816,49.19727381,53.09291357,57.81852242,62.95273274,68.70165695,75.33114153,82.63125835,90.74018894,99.72295811,109.6442503,120.6328557,133.0068877,146.7480387,161.8494864,178.4422877,196.1742593,214.8971057,235.0470289,256.7816706,280.0579513,305.1364101,332.4696732,362.4622814,395.3904865,431.7912158,472.1666921,517.3698634,567.9209422,624.3620039,687.7366758,758.8068016,838.3550238,928.0018144,1030.446464,1148.786719,1285.8372,1444.331733,1627.261709,1837.682058,2079.023215,2354.365054,2665.923595,3016.534892,3410.669116,3854.234048,4432.582776,5257.357241,6286.199251,7484.169148,8926.170209,10638.73071,12621.69388,14889.95206,17458.89123,20360.52793,23856.5449,28224.41987,33283.88476,38771.18084,44571.50761,50534.33961,56493.57289,62304.82826,67876.33058,73393.31987,78658.71945,79312.67806,88750,100000,100000,100000,100000,100000,100000,100000,100000,100000,100000,100000,100000,100000
2152,75.16736104,5.296525293,3.362274982,2.084153426,1.449035904,1.233636628,1.225711539,1.217803262,1.210325734,1.203231884,1.196120251,1.386700677,1.576667156,1.958954313,2.724686481,3.380255247,4.499331325,6.442109698,8.589241694,10.03648178,10.90134235,11.86080084,12.59774757,13.14635713,13.86946241,14.66943756,15.29865499,15.84708568,16.67877662,17.48515812,18.18697466,19.33221196,20.62645729,21.91903259,23.27089151,24.60980699,26.16753213,27.94383901,29.7943484,31.93088979,34.21435747,36.50139625,39.21224219,42.19889972,45.39513033,48.73509439,52.49227686,57.08186045,62.22407449,68.05614149,74.56443679,81.6794236,89.75018669,98.63497531,108.398684,119.3097551,131.4817223,145.101899,160.1608619,176.4444378,194.0130146,212.6458405,232.4255796,253.9189749,276.94701,301.6854088,328.71187,358.4304545,391.0537599,427.037461,467.0040624,511.6807971,561.7239403,617.5326054,680.1509842,750.4763187,829.2277248,918.0337394,1019.233186,1136.156234,1271.77746,1428.62041,1609.581117,1817.756355,2056.596439,2328.811538,2637.034599,2983.98878,3373.85877,3812.743945,4385.666208,5204.195026,6226.453011,7417.324683,8851.59738,10556.32101,12531.63381,14792.86752,17355.62763,20251.97286,23746.30804,28118.67742,33185.96724,38681.01289,44489.73002,50461.40933,56433.28653,62224.67477,67784.60902,73235.25076,78881.51201,80906.08466,90000,100000,100000,100000,100000,100000,100000,100000,100000,100000,100000,100000,100000,100000
2153,74.06487917,5.259594082,3.263522329,2.08832109,1.451793192,1.235850273,1.227797533,1.219763236,1.212155148,1.204934591,1.197729762,1.388503675,1.5786725,1.961411119,2.630932343,3.191120607,4.40906577,6.451205322,8.509154801,9.959505734,10.83233792,11.70867092,12.5360468,13.09043608,13.73377911,14.53822993,15.17235337,15.72523785,16.48176957,17.29309162,18.07908833,19.07552491,20.22252088,21.44648926,22.87853176,24.2972529,25.85702388,27.70825637,29.55894667,31.69493568,33.97700184,36.19035785,38.68579103,41.59995444,44.72454955,48.1338124,52.10292174,56.55438658,61.56041963,67.33108667,73.78379097,80.8487448,88.80609161,97.51609549,107.1844134,118.0803121,130.1107715,143.6038534,158.4796316,174.451943,191.7857333,210.26111,229.8202812,251.085423,273.943681,298.4351567,325.1227388,354.5335535,386.8109997,422.346667,461.8153658,505.9980761,555.4909338,610.760446,672.7065791,742.1571998,820.037515,908.0503638,1008.184891,1123.689141,1257.844749,1413.050627,1592.050158,1797.917491,2034.212348,2303.589063,2608.7032,2952.043017,3337.738955,3771.858171,4339.376043,5151.909905,6167.482058,7351.206695,8778.049879,10475.04361,12442.38935,14696.25761,17252.7637,20144.0246,23637.24227,28013.81669,33087.91929,38591.35232,44406.56521,50384.80219,56368.28498,62162.97229,67673.16187,72939.32696,78983.70279,81225.36946,90000,100000,100000,100000,100000,100000,100000,100000,100000,100000,100000,100000,100000,100000
2154,72.95908752,5.222130608,3.059706593,1.987596395,1.454680465,1.238183103,1.22999026,1.221830264,1.214096947,1.206745324,1.199415712,1.390355621,1.580718897,1.963891957,2.537032597,3.097923544,4.4146843,6.459746801,8.428127219,9.790791892,10.67091664,11.55429423,12.387402,12.94701694,13.51172184,14.32044791,15.04276571,15.60096761,16.20289,17.01894761,17.8916732,18.8163997,19.96990605,21.12414976,22.56135159,24.05940947,25.62236026,27.40300378,29.25465856,31.31972918,33.60104188,35.81373653,38.1643891,41.07690865,44.12932843,47.53668588,51.50488251,55.88694643,60.8955851,66.53092309,72.85303962,79.93335107,87.84216459,96.50998276,106.0754442,116.8101471,128.760435,142.1175689,156.8039112,172.6682239,189.6967559,207.8737466,227.3498951,248.3318355,270.897769,295.223478,321.6676827,350.6729642,382.6412569,417.8260579,456.7690842,500.5083682,549.4872496,604.1098912,665.4128504,734.1458696,811.0943993,898.0987868,997.2898041,1111.630931,1244.243519,1397.69379,1574.737805,1778.369791,2012.042925,2278.675838,2580.627089,2920.240644,3301.85824,3731.398198,4293.665685,5099.983545,6108.838263,7285.767101,8705.074382,10394.09644,12353.57314,14599.89725,17150.262,20036.58036,23527.69139,27908.13376,32989.86122,38502.63584,44325.00825,50316.58645,56305.42438,62110.22131,67661.03819,72785.55337,77642.94349,80044.49388,90000,100000,100000,100000,100000,100000,100000,100000,100000,100000,100000,100000,100000,100000
2155,72.35865675,5.032893408,2.961354501,1.886768191,1.457666726,1.24062851,1.232302256,1.224002976,1.216145993,1.208671058,1.201208687,1.392293793,1.582820831,1.966417748,2.540225826,3.10175785,4.420153643,6.373167689,8.344401734,9.713775391,10.50786452,11.39760427,12.2364793,12.80133859,13.28664376,14.09952961,14.91043532,15.47378166,16.08111907,16.82351863,17.70130647,18.63285713,19.79149841,21.02745294,22.39412333,23.82182951,25.3154749,27.02654881,28.88106098,30.87594468,33.08622538,35.37028154,37.71997768,40.63037696,43.75134714,47.01533817,50.84066663,55.22170224,60.30138238,65.8694058,71.98629498,78.93671521,86.72256686,95.3434192,104.9384039,115.642347,127.3658383,140.5091451,155.0649754,170.8146257,187.742124,205.6192291,224.8026128,245.5722024,267.9982761,292.0355815,318.1132933,346.8117033,378.443704,413.2481905,451.6972378,495.0380541,543.5581345,597.5045141,658.1276366,726.1748357,802.4229595,888.4271775,986.4586147,1099.614423,1230.651428,1382.403472,1557.657524,1759.198968,1990.235338,2253.873341,2552.569232,2888.621327,3266.188199,3691.238609,4248.324507,5048.334636,6050.646558,7220.903202,8632.661364,10313.74358,12265.41778,14504.23522,17048.00614,19929.21758,23418.8652,27803.25771,32893.54978,38414.13397,44245.07283,50250.79935,56251.10819,62048.6623,67560.59256,72860.57447,76623.93226,80314.66014,91428.57143,100000,100000,100000,100000,100000,100000,100000,100000,100000,100000,100000,100000,100000
2156,71.49755956,5.35185091,2.967924697,1.890862139,1.460740189,1.2431569,1.234723186,1.22629251,1.218299707,1.210703055,1.203116775,1.39435688,1.585027478,1.969009142,2.543479541,3.105634336,4.425583377,6.286279822,8.260041832,9.726132958,10.52173467,11.32701049,12.08316061,12.65305379,13.14231002,13.95898637,14.77467786,15.34342668,15.9563534,16.70454964,17.58790373,18.3699524,19.53400332,20.85394363,22.15068549,23.58402852,25.00877543,26.72415901,28.58275529,30.50716114,32.64720555,35.00316815,37.42384639,40.2614317,43.38005483,46.64103202,50.32290362,54.63119321,59.70973277,65.06843732,71.18798717,78.14338759,85.79962743,94.36805179,103.8479026,114.374765,125.8617012,138.8518091,153.1988463,168.7540672,185.6426428,203.4252446,222.3836439,242.9353442,265.0174035,288.7151137,314.6480172,343.122447,374.3139102,408.7144133,446.7800554,489.6204329,537.5248463,590.8550336,650.8402577,718.0982093,793.6812337,878.853087,975.7325571,1087.552474,1217.137451,1367.229052,1540.67183,1740.127871,1968.663892,2229.430989,2524.926714,2857.461794,3231.054543,3651.63447,4203.484128,4997.497654,5993.169494,7156.384116,8560.806943,10234.12487,12178.00328,14409.506,16946.80741,19822.71062,23310.70232,27699.27588,32796.96163,38324.58254,44165.55666,50178.90654,56191.93942,62007.5338,67442.15082,72756.84844,76797.51438,81919.64286,92857.14286,100000,100000,100000,100000,100000,100000,100000,100000,100000,100000,100000,100000,100000
2157,70.37548786,5.315343195,2.974546001,1.895028629,1.463896124,1.245759006,1.237226259,1.22868987,1.220567893,1.212838752,1.205131342,1.396550264,1.587377329,1.971726603,2.546821704,3.109584336,4.335007318,6.197873087,8.176695519,9.644578234,10.44662283,11.25349643,12.01440424,12.50263971,12.99564442,13.81577212,14.63623354,15.20996582,15.82839667,16.58255506,17.39338861,18.18093143,19.35243247,20.60198639,21.75493307,23.1947428,24.70137951,26.42168937,28.35860001,30.21361342,32.35542673,34.71259343,37.06120746,39.82716477,42.9442422,46.27354317,49.81146189,53.97641245,58.91263442,64.19973298,70.39038228,77.34871096,84.87020393,93.3095515,102.7380825,113.0818884,124.4635342,137.289785,151.4876086,166.8385204,183.3990122,201.1487388,220.0191567,240.2832165,261.9469611,285.4446752,311.2519359,339.3818765,370.2175889,404.2493026,441.9108702,484.1588526,531.5541417,584.3906279,643.5970346,710.1138847,784.9305551,869.2403933,965.1411869,1075.709363,1203.979666,1352.466979,1523.916763,1721.183865,1947.290796,2205.314124,2497.726828,2826.70249,3196.347176,3612.4167,4159.180841,4947.291863,5936.249178,7092.474624,8489.289848,10154.82144,12091.11293,14315.20855,16845.94419,19716.04646,23202.18347,27595.80367,32700.10262,38235.33513,44084.6819,50103.77666,56123.96248,61976.83849,67421.25709,72589.94668,76974.13786,82241.33403,92857.14286,100000,100000,100000,100000,100000,100000,100000,100000,100000,100000,100000,100000,100000
2158,69.76012859,5.125259132,2.981169969,1.899225381,1.467105973,1.248432997,1.239804864,1.23116978,1.222944127,1.215086643,1.207247404,1.299138591,1.490144251,1.974618491,2.550329373,3.113637127,4.244408893,6.109415218,8.093174991,9.471889433,10.28004272,11.09234636,11.8576648,12.43397807,12.93054248,13.58633804,14.41090668,14.99150941,15.61536457,16.45732864,17.27444518,18.06764982,19.09131562,20.27050627,21.4320228,22.87872464,24.39286745,26.11900923,28.13507331,29.99411481,32.06670966,34.3539138,36.63196187,39.25567342,42.301719,45.62991453,49.23617687,53.32830197,58.1216335,63.54648716,69.66555745,76.48476885,83.93951529,92.24406101,101.5440875,111.7677784,123.1769064,135.8310751,149.8681691,165.0738615,181.2951504,198.7909176,217.5659414,237.6797232,259.2004266,282.4930678,307.8317445,335.5679854,366.1348856,399.7469177,436.9738996,478.7505742,525.7558154,578.1399298,636.6270662,702.4060941,776.370422,859.7195086,954.5472417,1063.975073,1190.871384,1337.823365,1507.407901,1702.44719,1926.236353,2181.580511,2470.868909,2796.316091,3161.949478,3573.598198,4115.357131,4897.420088,5879.779419,7029.168838,8418.49735,10076.02242,12004.62918,14221.49538,16745.2538,19609.94592,23095.00753,27492.69907,32603.83055,38147.09104,44004.07801,50032.27456,56057.00873,61930.91031,67409.40805,72370.71513,77223.65631,82710.08403,92857.14286,100000,100000,100000,100000,100000,100000,100000,100000,100000,100000,100000,100000,100000
2159,69.13691084,5.369422313,2.987742056,1.903427715,1.470339959,1.25115489,1.242453324,1.233723179,1.225400845,1.21744035,1.20947337,1.201673455,1.392879974,1.977690971,2.554067518,3.117889879,4.249891738,6.117041033,8.102974531,9.392248576,10.2010976,11.01849334,11.69978098,12.28007201,12.86359706,13.43846165,14.18326016,14.85218586,15.40012783,16.24782727,17.15183844,17.87330263,18.82642293,20.08958846,21.33330083,22.71082827,24.15635395,25.88924061,27.83833269,29.62923071,31.63462076,33.99773457,36.35021507,38.76014969,41.7353488,44.99285294,48.66791745,52.82869819,57.54839124,62.97054902,69.01660585,75.76369841,83.14904096,91.3167004,100.4120526,110.5076076,121.7282614,134.2727034,148.2098615,163.3276732,179.4771672,196.777044,215.2334999,235.1192518,256.4961615,279.4449147,304.4476812,331.9308702,362.2509036,395.3925389,432.204688,473.6907114,520.0171976,571.7975418,629.8889479,694.8547943,767.9065569,850.3517013,944.0813458,1052.350643,1177.85039,1323.283415,1490.997836,1683.943468,1905.367479,2157.982763,2444.194382,2766.049733,3127.941822,3535.444503,4072.051249,4847.967272,5823.785317,6966.431308,8348.489869,9997.983248,11918.54287,14128.17325,16645.54141,19505.10591,22987.99876,27389.75357,32509.47469,38060.89143,43927.12197,49962.21101,56006.3927,61891.20939,67385.95052,72113.80385,77384.07413,83127.41313,92857.14286,100000,100000,100000,100000,100000,100000,100000,100000,100000,100000,100000,100000,100000
2160,68.24779142,5.255611463,2.994228275,1.907603551,1.473579298,1.25389907,1.245149165,1.236344455,1.227927789,1.219874993,1.211806576,1.20388011,1.395296647,1.980940944,2.55803811,3.122425805,4.255648282,6.029565406,8.017655212,9.403374662,10.12430763,10.94244797,11.71304535,12.21037882,12.71116697,13.3719529,14.1204663,14.71009863,15.26285125,16.03605866,16.86695811,17.59627947,18.63466101,19.98245821,21.15663226,22.46510099,23.99218445,25.65825595,27.4665912,29.26416805,31.27517377,33.57126199,35.92724678,38.34006018,41.31644709,44.57444191,48.17771566,52.26616494,56.98330999,62.33251768,68.23516771,74.90917783,82.15213494,90.25048736,99.34850848,109.3089456,120.3321448,132.8289799,146.658517,161.539158,177.6040567,194.766596,212.8918841,232.5340655,253.6895269,276.3622949,301.027994,328.2525979,358.2589963,391.0232216,427.4410891,468.4506332,514.284169,565.5215526,622.9989803,687.2730163,759.481439,840.9694454,933.7352335,1040.897841,1165.062917,1308.814883,1474.757499,1665.754107,1884.648645,2134.481423,2417.7068,2736.086433,3094.151806,3497.337625,4028.959179,4799.031208,5768.414186,6904.227489,8278.835622,9920.748949,11833.49373,14035.41514,16546.25387,19400.47306,22881.16565,27287.46842,32414.97496,37973.63281,43849.65023,49888.89323,55930.90096,61823.40257,67356.042,72037.41497,77044.52734,82864.25523,92857.14286,100000,100000,100000,100000,100000,100000,100000,100000,100000,100000,100000,100000,100000
2161,67.60933924,4.626597774,3.000597394,1.805824441,1.370897064,1.256649959,1.247868339,1.239013826,1.230524451,1.222377946,1.214218693,1.206191782,1.397836241,1.984360644,2.562235872,3.127244588,4.261787114,5.942354057,7.838691233,9.229835461,9.956444561,10.77928398,11.5534412,12.05412308,12.5574114,13.22007925,13.97168248,14.5656318,15.12304012,15.90134741,16.73785669,17.47283574,18.44010983,19.71818636,20.90032217,22.29178931,23.90088265,25.42505556,27.16597152,29.0440443,30.98812087,33.14491008,35.50620211,37.99462079,40.90220606,44.16141718,47.6944255,51.64076978,56.35648279,61.70323763,67.39218606,73.8526827,81.09222331,89.25731808,98.35548267,108.1089281,119.0666735,131.5061368,145.1499861,159.7851944,175.5451857,192.556915,210.5485334,229.9337308,250.8511015,273.3081288,297.7752354,324.6711597,354.2884052,386.7472997,422.7266743,463.2121472,508.574662,559.2498967,616.0413391,679.759352,751.1828559,831.7227698,923.621609,1029.607179,1152.353265,1294.419848,1458.656153,1647.655868,1864.178442,2111.442189,2391.46321,2706.457174,3060.799496,3459.562622,3986.27037,4750.631723,5713.644152,6842.45143,8209.561803,9843.869248,11748.74069,13943.44087,16447.58609,19296.24332,22775.61219,27185.24034,32318.8579,37885.14836,43768.21821,49813.04787,55851.6097,61730.42097,67291.28305,72113.00011,76736.08796,82912.20841,93303.57143,100000,100000,100000,100000,100000,100000,100000,100000,100000,100000,100000,100000,100000
2162,66.96143337,4.433426254,2.898958161,1.703746759,1.267945555,1.259379757,1.250591505,1.13849307,1.129956831,1.224949935,1.216697224,1.208581577,1.400500291,1.98795115,2.566645744,3.034730734,4.170698824,5.950856242,7.755301667,9.056392224,9.87702316,10.70444877,11.39352356,11.89734964,12.40260721,13.06685387,13.82131874,14.41871635,14.98058559,15.76403962,16.60561478,17.345904,18.31929224,19.45042302,20.56309246,22.03967529,23.65693548,25.11423995,26.86254407,28.82211931,30.70012349,32.79032445,35.15734087,37.65115183,40.49155561,43.68218245,47.21690736,51.09295413,55.66718688,61.01261395,66.62869139,73.01524624,80.25097318,88.27178394,97.22645043,106.9096526,117.7997675,130.1041649,143.6214156,158.2115784,173.657468,190.3664119,208.2798558,227.3954876,248.0605141,270.2146318,294.4728387,321.1086799,350.3359889,382.4128863,418.0971033,458.2959304,503.1419156,553.1409469,609.3010105,672.3958005,742.9667734,822.6231836,913.6018522,1018.375068,1139.857212,1280.451979,1442.764854,1629.696808,1843.956406,2088.660832,2365.625153,2677.245214,3027.777467,3422.307046,3944.223452,4702.724843,5659.266424,6781.394298,8141.174663,9767.551751,11664.4331,13851.81718,16349.41591,19192.36766,22670.32514,27083.78855,32223.65305,37798.39124,43687.35556,49741.30632,55792.01517,61669.82605,67225.55389,72169.78702,76960.78431,83493.58974,93750,100000,100000,100000,100000,100000,100000,100000,100000,100000,100000,100000,100000,100000
2163,66.3053411,4.238282641,2.796906953,1.707244432,1.270617022,1.262070986,1.149108288,0.933565294,0.926426601,1.124812877,1.219246586,1.211037126,1.403257533,1.892291474,2.471850666,2.942308439,4.07980955,5.959870631,7.766257316,9.068182712,9.888927712,10.71669769,11.40608491,11.91016439,12.33152096,12.91253029,13.5860242,14.18686231,14.83587765,15.62404462,16.39145771,17.13679165,18.19516357,19.25554032,20.29840057,21.70808601,23.33410614,24.80022306,26.55618977,28.52436771,30.33626726,32.36155227,34.73584985,37.23619932,39.9388182,43.13469958,46.74449953,50.55154903,55.05598519,60.330974,65.87482769,72.32844873,79.48993556,87.29612918,96.03584998,105.6443657,116.4640442,128.6307051,141.9425001,156.3363735,171.8083831,188.2744751,205.9569523,224.9274441,245.32609,267.3024041,291.1937047,317.4887785,346.4653495,378.230583,413.5412772,453.3166602,497.7472715,547.0944135,602.5806364,665.0438617,734.7697129,813.4792873,903.4675532,1007.198921,1127.463975,1266.61135,1427.151933,1612.028248,1823.957097,2065.910552,2339.988416,2648.378911,2995.194632,3385.554243,3902.500995,4655.237888,5605.381132,6720.781721,8073.274302,9691.845421,11581.16217,13760.99514,16251.89489,19089.37246,22565.31144,26983.04462,32129.45139,37712.02418,43612.50685,49677.06114,55736.38684,61634.29925,67216.07654,72136.62225,77055.28846,83621.79487,93750,100000,100000,100000,100000,100000,100000,100000,100000,100000,100000,100000,100000,100000
2164,65.64141035,4.042772352,2.69497362,1.603330437,1.273222625,1.264719049,1.04736666,0.831387945,0.825669382,1.024471072,1.221841285,1.213561561,1.406091462,1.796576356,2.377087332,2.947580154,3.892611272,5.775309597,7.777878514,9.080736434,9.81260153,10.46603999,11.15857313,11.75264344,12.260197,12.84215365,13.43311912,14.11951868,14.77214937,15.48175808,16.25384219,17.00424738,17.99012639,19.05609494,20.18285431,21.52382997,23.00706344,24.48151068,26.32095433,28.22362523,29.96972522,32.00308361,34.3128247,36.74836183,39.38634135,42.58889684,46.20467543,50.01517112,54.45152305,59.58650436,65.13028207,71.51206845,78.67027389,86.40149928,94.92572525,104.5279713,115.2723819,127.0885472,140.1220812,154.3797607,169.8653654,186.2887216,203.7296658,222.4709437,242.5869953,264.370673,288.1598059,314.2344138,342.7368897,374.1197363,409.0582436,448.2597319,492.0661218,541.0088516,596.0614599,657.7809665,726.7276862,804.5064316,893.5209321,996.2198456,1115.163821,1252.780271,1411.583529,1594.419709,1804.113695,2043.407914,2314.64399,2619.899943,2963.076307,3349.360518,3861.22095,4607.974823,5551.971261,6660.763437,8005.753063,9616.606094,11498.43921,13670.81837,16154.84364,18986.77148,22460.89334,26882.25503,32036.55809,37626.54857,43534.98761,49609.78496,55684.69062,61577.52672,67153.52988,72193.47631,77388.54073,83871.95122,93750,100000,100000,100000,100000,100000,100000,100000,100000,100000,100000,100000,100000,100000
2165,64.96994922,4.285855589,2.592631219,1.499093757,1.275742616,1.267300475,1.049549167,0.83314546,0.827436995,1.026671453,1.224451972,1.2161321,1.409003693,1.800192645,2.381723756,2.953107076,3.70541575,5.494853177,7.694129393,9.00249396,9.645393434,10.2156982,10.91114455,11.59522336,12.10413938,12.68665151,13.27933441,13.96846437,14.62434996,15.33775427,16.11385736,16.79013774,17.78142686,18.85413477,19.98649854,21.33539483,22.67527532,24.08333346,25.93271257,27.9187624,29.74667819,31.78783587,33.96030121,36.33097797,38.97685595,42.11497163,45.59539776,49.41142439,53.78203219,58.77831519,64.46502696,70.77649415,77.79197614,85.44917384,93.89750192,103.4233065,114.0206637,125.6909071,138.6529131,152.8409536,168.0496946,184.2069343,201.4658557,219.9667116,239.925542,261.4288507,284.8888594,310.7264041,338.9449495,370.0728916,404.5672299,443.2658592,486.6489899,535.2602316,589.7062541,650.5718636,718.8439163,795.838098,883.8326088,985.3807879,1103.021758,1239.08658,1396.158193,1576.926468,1784.413983,2021.316927,2289.660895,2591.593322,2931.056977,3313.334852,3820.481367,4561.498962,5499.274171,6601.485651,7939.073808,9541.76569,11415.74696,13580.86548,16058.38674,18884.77086,22356.81539,26781.94008,31943.47331,37541.59945,43456.82206,49539.19622,55627.11984,61538.88761,67095.38214,72230.20022,77591.44074,83993.90244,93750,100000,100000,100000,100000,100000,100000,100000,100000,100000,100000,100000,100000,100000
2166,64.02852243,4.166568395,2.597180999,1.501834933,1.27816774,1.16423505,0.946114105,0.834874685,0.829177827,0.926148642,1.124356641,1.218718415,1.411972588,1.703882658,2.18727104,2.859645945,3.712298295,5.408446699,7.516314548,8.830354107,9.56757806,10.22912524,10.92440451,11.52373086,11.94798382,12.53104686,13.12525447,13.81688739,14.47563306,15.19229195,15.97215208,16.65242681,17.64842263,18.64897153,19.71007708,21.06642299,22.41409999,23.75535476,25.46496516,27.46114103,29.44633148,31.49634279,33.67693695,36.0565715,38.56603783,41.64053845,45.12931319,48.88153621,53.18725777,58.18870005,63.87866949,70.12100085,76.92487159,84.50922332,92.95304354,102.3319379,112.7819915,124.3039326,137.1186924,151.0942881,166.2327216,182.2520142,199.2440872,217.5637782,237.4240051,258.701227,281.6724954,307.256199,335.4548741,366.1626179,400.1285693,438.4650974,481.4261241,529.4821615,583.1816653,643.3775336,711.0099591,787.1841517,874.2422396,974.6739314,1090.974035,1225.589165,1381.072529,1559.949224,1765.144154,1999.467827,2264.812376,2563.461271,2899.343366,3277.538112,3780.066775,4515.589556,5446.987361,6542.45261,7872.782099,9467.58606,11333.78279,13491.45402,15962.28699,18783.49128,22253.08471,26682.20242,31850.53817,37455.39722,43379.7836,49468.6305,55561.66091,61490.3899,67066.58871,72185.18998,77078.56041,83514.80836,93750,100000,100000,100000,100000,100000,100000,100000,100000,100000,100000,100000,100000,100000
2167,63.08024859,4.046884451,2.601511675,1.504464168,1.280501014,1.060878685,0.842406765,0.836561981,0.830891479,0.825378688,1.024030633,1.221310782,1.414962893,1.607434527,1.992532594,2.766135257,3.71943347,5.322010796,7.338461156,8.750151073,9.492726749,10.06658049,10.76471791,11.36659015,11.79186522,12.37519306,12.97071775,13.66466266,14.32605321,15.04571833,15.82896543,16.51277942,17.43478731,18.44006303,19.43098415,20.79297116,22.22475885,23.49748879,25.1411019,26.99831977,29.06743993,31.1278723,33.17059773,35.63292004,38.22478002,41.30898094,44.80654635,48.42374796,52.66614258,57.67497847,63.2286005,69.26262205,75.99759103,83.51093776,91.88141418,101.2554099,111.5576334,122.9310408,135.5961978,149.4233178,164.4180259,180.3660271,197.1487665,215.1303629,234.7395334,255.8488678,278.6660104,304.0451894,331.7822052,361.9813309,395.7460283,433.7045417,476.1724838,523.6033035,576.6852263,636.2835757,703.2544766,778.6468864,864.7360309,964.1453269,1079.076934,1212.141926,1366.004506,1543.152666,1746.100274,1977.691526,2240.244305,2535.831853,2868.109163,3242.201825,3740.056045,4469.759273,5394.748086,6483.722259,7806.838719,9394.092565,11252.60845,13402.75899,15866.78578,18682.24891,22149.50546,26582.24869,31758.50519,37370.88411,43303.45592,49400.04272,55494.45879,61414.94891,67027.3789,72117.15062,76654.00342,83507.52123,94097.22222,100000,100000,100000,100000,100000,100000,100000,100000,100000,100000,100000,100000,100000
2168,62.64834101,4.2112628,2.605640118,1.506970001,1.282739959,1.062799176,0.843992885,0.838191122,0.832562715,0.827075807,1.026167008,1.223887797,1.417956882,1.610823249,1.996687144,2.77176199,3.726765332,5.23576867,7.255394545,8.764992352,9.418450544,9.904580821,10.60565024,11.29482897,11.72095532,12.13480732,12.73153044,13.42934686,14.09319195,14.89843964,15.68464229,16.37178727,17.29752458,18.30663809,19.22537135,20.59303127,22.03159231,23.23515901,24.88691906,26.67866742,28.68326601,30.75401576,32.73345062,35.20556094,37.88028037,40.90238436,44.33852301,48.03734435,52.21757418,57.02180292,62.44175254,68.34035945,75.07923544,82.52413615,90.82305661,100.1935617,110.2793367,121.5737982,134.2291436,147.9750027,162.6795065,178.3424331,195.0526317,212.8934019,232.1629386,252.9510534,275.6010214,300.5450371,327.9394587,358.1054794,391.5782894,429.0602638,471.0892619,517.8934845,570.4304263,629.4189767,695.5863549,770.1779307,855.1942899,953.4798693,1067.220588,1198.944071,1351.171062,1526.344862,1727.156787,1956.239703,2215.935179,2508.284098,2837.118153,3207.430422,3700.53387,4424.514799,5343.242315,6425.677471,7741.621936,9321.175148,11171.77031,13314.43994,15772.1643,18581.29854,22045.87526,26482.77855,31666.64468,37287.2608,43226.68807,49331.38534,55432.63673,61351.40403,67034.78041,72090.33764,76829.88523,84098.24994,94444.44444,100000,100000,100000,100000,100000,100000,100000,100000,100000,100000,100000,100000,100000
2169,61.94873454,4.011051,2.609584985,1.509354594,1.284871122,1.064640013,0.845518859,0.839761387,0.834176319,0.828731705,1.028268354,1.226424284,1.420936596,1.614216546,2.000871631,2.777505656,3.734293894,5.245994024,7.079012324,8.49839065,9.341833808,9.919841521,10.62097424,11.22500272,11.65071634,12.06444859,12.5769938,13.19370511,13.85977723,14.75069749,15.53962532,16.22949003,17.15852641,18.0936515,19.01619097,20.39026122,21.75878921,22.96876032,24.6280993,26.42823412,28.36783801,30.4480718,32.51107391,34.92006701,37.45890858,40.20223467,43.57801082,47.50546565,51.62561845,56.36898452,61.79994789,67.63575198,74.31002313,81.68802538,89.84740296,99.00526267,109.0164756,120.3043855,132.8097959,146.3335937,160.8845948,176.2547895,192.8182757,210.6553166,229.7118453,250.2292469,272.557637,297.1236584,324.3670011,354.2631753,387.2826856,424.4797184,466.0388311,512.3414979,564.2593746,622.5680962,687.9892004,761.709402,845.7827553,942.9170025,1055.443619,1185.870043,1336.539283,1509.815062,1708.483262,1935.120118,2191.98255,2481.125318,2806.424784,3172.886533,3661.359872,4379.7885,5292.469058,6368.197239,7676.871053,9248.769449,11091.66518,13226.85049,15677.74148,18480.83693,21943.50704,26384.5533,31574.44509,37202.00029,43149.81496,49263.54237,55373.94614,61288.05683,66967.60475,72134.52835,77137.56749,84330.80808,94444.44444,100000,100000,100000,100000,100000,100000,100000,100000,100000,100000,100000,100000,100000
2170,61.24492732,3.810310075,2.613350257,1.511631106,1.286899054,1.066391668,0.846982193,0.841272079,0.835730712,0.830330461,1.030323402,1.228919739,1.423871701,1.617591231,2.005063251,2.783291021,3.741975275,5.159558879,6.710534067,8.136633758,9.265771417,9.847868057,10.46249739,11.06934018,11.4959928,11.99442386,12.50779915,13.04125285,13.70938113,14.60266114,15.39414856,16.08667248,17.01857117,17.95677891,18.80567228,20.10756083,21.55825916,22.77467046,24.36500825,26.09830325,28.04661276,30.21066427,32.20968026,34.55617758,37.03305413,39.64175021,42.95756778,46.89838878,51.03155462,55.78722176,61.15845029,66.93409076,73.5471235,80.86077624,88.95355796,97.83078728,107.769068,119.0522341,131.3392695,144.6412091,158.9678034,174.1819003,190.5201321,208.2084773,227.1894757,247.5619369,269.688873,294.0040817,320.7981851,350.2607389,382.9414637,419.6884079,460.8256394,506.736075,558.0160994,615.6422494,680.4620895,753.3680663,836.5728271,932.6932461,1044.059752,1172.947504,1321.819696,1493.293273,1689.910402,1914.10616,2168.223515,2454.36744,2776.101457,3138.634452,3622.625031,4335.535667,5242.099745,6311.12288,7612.74095,9177.129571,11012.29303,13140.10154,15583.87183,18381.21869,21842.29297,26286.74112,31483.39499,37118.06614,43075.33046,49199.65535,55323.22754,61261.75758,66902.48999,72082.65986,77259.01025,84444.44444,94444.44444,100000,100000,100000,100000,100000,100000,100000,100000,100000,100000,100000,100000,100000
2171,60.79909681,3.973822405,2.616970597,1.513806958,1.288837897,1.068061111,0.848375889,0.842721615,0.837227829,0.831870534,1.0323099,1.231358234,1.325011185,1.519166739,2.00923343,2.789081455,3.749712776,5.073134901,6.531660084,8.056751832,9.192464728,9.686675265,10.30450964,10.99926735,11.42699241,11.84009923,12.43839671,13.0565284,13.72444995,14.53683832,15.24838824,15.94322711,16.87775062,17.81861368,18.6705091,19.97627875,21.43121481,22.6525294,24.1737301,25.76378895,27.64576435,29.81948829,31.82853143,34.25950809,36.74791653,39.29417438,42.62164434,46.43107564,50.50505516,55.06006365,60.30195894,66.23358823,72.71674413,79.96948237,88.06906988,96.80883203,106.6775577,117.7470576,129.7468996,142.8990435,157.0717297,172.2697565,188.4490768,205.909678,224.7400455,244.8940186,266.8032379,290.9156183,317.3872296,346.4707421,378.7882882,415.0561894,455.7467404,501.1686925,551.9923418,608.9874408,672.9129016,745.1529998,827.5471925,922.4342969,1032.711341,1160.268667,1307.406482,1477.000849,1671.537035,1893.327168,2144.642252,2427.745119,2745.986742,3104.656104,3584.309052,4291.672682,5191.925708,6254.556691,7549.074594,9105.79909,10933.23175,13053.5377,15490.39889,18282.02073,21741.08787,26189.109,31392.6632,37034.70804,42997.6132,49129.33227,55265.54202,61242.07978,66879.47145,71957.20697,77374.88863,84657.2104,94444.44444,100000,100000,100000,100000,100000,100000,100000,100000,100000,100000,100000,100000,100000
2172,60.0864897,4.216656619,2.510910458,1.515899139,1.290690982,1.069657073,0.849702946,0.844101304,0.838664339,0.833354709,1.034220679,1.233711219,1.225887993,1.420485099,2.013340582,2.794845414,3.658879226,4.984941078,6.544789464,8.072303596,9.119479405,9.613744462,10.32157936,10.93102173,11.35852454,11.77174113,12.28542754,12.90500693,13.5746497,14.38899044,15.10264214,15.72028809,16.49998369,17.52263094,18.53419214,19.76653753,21.14929608,22.45131781,23.97870579,25.49994146,27.31465681,29.42271162,31.51519485,33.88330476,36.30925315,38.86805244,42.20824662,45.95881512,49.90189143,54.32825507,59.58557048,65.60409906,71.95825171,79.01076595,86.97970695,95.79741998,105.5290195,116.4583923,128.3843069,141.3882028,155.4794161,170.4507124,186.4709514,203.6290507,222.0876385,242.1586982,263.8461816,287.6672451,314.0048129,342.764167,374.7014767,410.5347954,450.7473012,495.7247726,545.9917721,602.3917218,665.6196143,737.0425013,818.5577294,912.3423478,1021.305794,1147.536961,1293.232939,1460.940954,1653.179664,1872.714158,2121.522764,2401.467421,2716.290064,3071.12081,3546.215608,4248.092916,5142.25384,6198.591878,7485.814091,9034.784695,10854.51703,12967.31847,15397.36722,18183.3857,21640.05162,26091.70905,31301.83111,36950.99866,42920.46944,49062.11462,55204.22579,61175.21446,66816.22057,71936.45765,77173.70776,84448.87707,94444.44444,100000,100000,100000,100000,100000,100000,100000,100000,100000,100000,100000,100000,100000
2173,59.37185029,4.013924369,2.404610524,1.517917621,1.185009443,0.963718158,0.850970798,0.84541412,0.840029901,0.834778803,0.932635515,1.132546492,1.228220106,1.423285904,2.017380841,2.700785214,3.468065785,4.896547356,6.557997442,7.995299731,9.043774912,9.630965758,10.16519181,10.68936296,11.20506089,11.61820463,12.13296987,12.75421968,13.42559152,14.2417904,14.95714132,15.57660795,16.27969838,17.30449116,18.31973172,19.3248262,20.71200408,22.17206611,23.70473059,25.2321009,27.05387073,29.16936863,31.27020977,33.5010265,35.86403859,38.50809019,41.71629801,45.40817263,49.36562853,53.80654718,59.08029973,64.90082741,71.12772176,78.12390154,85.96470617,94.72303409,104.3210827,115.1134442,126.9692721,139.8978891,153.8392016,168.5862145,184.5178422,201.5137394,219.7368873,239.5732608,260.9630352,284.4886678,310.6025002,339.0122158,370.55199,406.0025366,445.7798603,490.3510986,540.0306742,595.731055,658.4413706,729.023876,809.5789257,902.5610219,1010.343635,1135.097278,1279.216593,1445.044521,1635.141799,1852.373402,2098.459771,2375.415328,2687.051216,3038.060611,3508.605865,4205.048133,5093.157746,6143.065461,7423.248528,8964.527387,10776.09646,12881.39543,15304.68545,18084.96998,21539.10896,25994.62537,31211.82777,36868.49507,42847.27479,48997.36753,55150.77925,61115.41896,66799.4788,71963.52368,76865.75687,81911.84807,92222.22222,100000,100000,100000,100000,100000,100000,100000,100000,100000,100000,100000,100000,100000
2174,58.91942598,3.731543216,2.407664849,1.519877967,1.079121955,0.85757769,0.852181626,0.846670093,0.841330091,0.836131721,0.830801842,1.031128346,1.230462789,1.425989721,2.021340641,2.60642964,3.375315525,4.906485232,6.571206816,7.918200245,8.877875419,9.469754095,9.920438413,10.53332338,11.13757068,11.4652153,12.06549725,12.68840257,13.19438012,13.93097396,14.73061801,15.43316759,16.13784673,17.08656046,18.10401479,19.03591558,20.42588364,21.96697248,23.42806915,24.96061493,26.78893983,28.91185871,30.94609152,33.18569854,35.55930391,38.14091376,41.14350427,44.77753329,48.8234467,53.27917542,58.4980431,64.12077115,70.22268609,77.30756302,85.02192344,93.58161554,103.2633869,113.8515345,125.4992801,138.2868258,152.0811366,166.8170422,182.5919585,199.4257209,217.4832548,236.9388824,258.0193221,281.3847829,307.1280101,335.167911,366.4246122,401.689546,441.0100406,484.9285407,534.2016977,589.31437,651.2528944,721.0274139,800.7430534,892.8394907,999.3724902,1122.708108,1265.243338,1429.292253,1617.419171,1832.207493,2075.543566,2349.638658,2658.036286,3005.239264,3471.490681,4162.534474,5044.529459,6087.867963,7360.981329,8894.699944,10698.47184,12796.47827,15212.82302,17987.03294,21439.02735,25898.32187,31122.5741,36787.37613,42774.90572,48929.37091,55089.09734,61061.95301,66741.63118,71938.03484,77080.6676,79897.95918,90000,100000,100000,100000,100000,100000,100000,100000,100000,100000,100000,100000,100000,100000
2175,58.20086054,3.974022533,2.41067222,1.521798547,1.080505647,0.858709762,0.853343175,0.847868697,0.842573968,0.837420729,0.832142764,1.03288275,1.232628858,1.42858484,2.02516151,2.61150647,3.38199243,4.916281209,6.488224102,7.837659124,8.804571217,9.308508131,9.849780805,10.46573857,11.07039025,11.48379194,11.91456177,12.45382604,12.96387418,13.62073613,14.5045994,15.29023211,15.99643917,16.94682273,17.96601471,18.89986843,20.29232625,21.76034608,23.14926032,24.68635368,26.44532457,28.57513848,30.61750922,32.79100799,35.17435875,37.76723263,40.70902621,44.28435116,48.27395811,52.7460568,57.9100421,63.40649166,69.45528126,76.48810864,84.14994475,92.5123208,102.0675866,112.5988472,124.1840612,136.9045583,150.6271547,165.0726464,180.4812679,197.1555999,215.0476954,234.2630252,255.1701123,278.292153,303.5873132,331.4650581,362.5597926,397.323498,436.2407834,479.6263998,528.2412972,582.8005391,644.0028622,713.1499794,792.1289757,883.1634784,988.3597602,1110.358775,1251.367992,1413.633576,1599.745609,1812.203832,2053.056433,2324.208064,2629.285703,2972.831993,3434.67876,4120.351567,4996.259523,6033.10294,7299.100672,8825.354697,10621.78549,12712.2044,15121.65036,17890.07688,21339.85218,25802.18006,31033.42681,36705.9442,42701.0968,48866.48465,55028.51912,61010.53358,66653.79741,71816.06288,77227.58941,80098.03922,90000,100000,100000,100000,100000,100000,100000,100000,100000,100000,100000,100000,100000,100000
2176,57.21611679,3.84912386,2.413656001,1.523688925,1.081863909,0.859807005,0.854463173,0.84901851,0.843761897,0.83865394,0.83341949,1.034548948,1.234707163,1.431093755,2.028827489,2.616397349,3.388535871,4.827799664,6.306744938,7.756840021,8.82142789,9.325955732,9.78034905,10.31098901,10.91751698,11.33119567,11.67848213,12.30326062,12.89974926,13.55643804,14.442309,15.14794547,15.85542615,16.80723495,17.82812834,18.76359998,20.08189352,21.55242417,22.94475183,24.40985978,26.09869166,28.23424265,30.35831615,32.46565035,34.85710872,37.4600842,40.34008894,43.85604287,47.78812334,52.20521977,57.2426883,62.75703742,68.89719182,75.73519672,83.27425799,91.5141349,100.8023205,111.35058,122.9504966,135.4665433,148.9086802,163.1399232,178.3973738,194.9141691,212.6433755,231.689394,252.422777,275.2252742,300.2724455,327.909201,358.5516976,392.8622091,431.4145768,474.3915042,522.3951864,576.2886255,636.9335998,705.4132759,783.3916178,873.3882179,977.5888688,1098.311187,1237.806994,1398.351446,1582.451039,1792.705469,2030.890422,2299.06903,2600.9355,2940.859701,3398.251993,4078.528004,4948.47196,5979.043245,7237.94901,8756.482184,10545.19007,12628.13473,15030.88113,17793.5151,21241.04057,25706.72426,30943.76824,36623.00585,42626.30376,48800.01203,54972.79405,60960.87887,66610.32347,71776.16267,77017.37391,79909.35997,90000,100000,100000,100000,100000,100000,100000,100000,100000,100000,100000,100000,100000,100000
2177,56.49539163,3.644755332,2.41664486,1.525562722,1.083201643,0.860884862,0.85554958,0.850126272,0.844899702,0.839829949,0.834640062,1.036135137,1.23668161,1.433505648,2.032370563,2.621090631,3.394848129,4.738942925,6.220815722,7.678156898,8.744598229,9.254338281,9.621804438,10.24211434,10.85072906,11.17885882,11.5271537,12.15386779,12.75241649,13.41110418,14.29902312,15.00632294,15.71524407,16.66840884,17.69057589,18.62743672,19.87114124,21.34379016,22.8148513,24.28261603,25.89981225,27.96499773,30.09484378,32.2093506,34.46120564,36.99919807,39.96403689,43.4201154,47.29373545,51.58233245,56.42176016,62.02824273,68.2602757,74.90366818,82.32107033,90.65490285,99.89332871,110.2464409,121.6510298,133.8982145,147.0647505,161.2264786,176.4798168,192.7013998,210.1283939,229.078661,249.6387028,272.1213472,296.9854494,324.2963234,354.4781017,388.5441467,426.7071415,469.1672523,516.7558399,570.1023347,630.0735377,697.6959611,774.7788679,863.7618409,966.9143978,1086.478835,1224.369058,1383.124707,1565.355519,1773.406843,2008.991398,2274.260855,2572.818666,2909.181428,3362.210795,4037.217839,4901.346299,5925.359426,7177.207935,8688.139158,10469.00018,12544.68027,14940.61391,17697.02413,21141.98653,25611.73617,30856.01793,36542.69797,42552.05682,48732.23651,54915.19174,60922.98661,66602.40467,71848.29491,76894.8079,80173.27362,90454.54545,100000,100000,100000,100000,100000,100000,100000,100000,100000,100000,100000,100000,100000
2178,56.03970797,3.808092769,2.419656683,1.527437391,1.084526746,0.861947762,0.856616797,0.851201663,0.845995872,0.840956262,0.835805715,1.037651697,1.238561473,1.435796096,2.035780689,2.625630007,3.400906139,4.747683695,6.23255334,7.599065967,8.576345474,9.091427171,9.550449913,10.17441368,10.78392023,11.19861701,11.46185259,12.00492863,12.68855132,13.26724216,14.07451404,14.86545506,15.57557885,16.530093,17.47592062,18.41393957,19.6603265,21.05872783,22.60837134,24.15444565,25.69934917,27.61874553,29.75345166,31.94856715,34.06013198,36.53281887,39.58107667,42.97602779,46.79090374,51.02264416,55.80754656,61.36263793,67.47169326,73.99212841,81.43209646,89.78943468,98.90907587,109.0716397,120.2826928,132.4061987,145.5162989,159.5429652,174.5127351,190.5869499,207.7864408,226.5012445,246.8911469,269.1965593,293.8063036,320.7858975,350.7061225,384.3038462,422.0003264,464.0614716,511.1230489,563.9738466,623.3143688,690.1782509,766.5393878,854.5391466,956.5149577,1074.710425,1211.113928,1368.139635,1548.35853,1754.119014,1987.269546,2249.713883,2544.972812,2877.768698,3326.549852,3996.284174,4854.446139,5872.114399,7116.878057,8620.306756,10393.83261,12461.9114,14850.81383,17601.36797,21043.70881,25516.55543,30767.83136,36461.94028,42477.58999,48666.95663,54856.17857,60883.6032,66552.04835,71872.79856,77148.42221,80816.49832,90909.09091,100000,100000,100000,100000,100000,100000,100000,100000,100000,100000,100000,100000,100000
2179,55.58418896,3.971959551,2.422711049,1.529327197,1.085853264,0.862998432,0.857671015,0.852259866,0.847061741,0.842042213,0.836921251,1.039100149,1.240358604,1.437975395,2.039021798,2.629993235,3.40675713,4.756074011,6.243880035,7.519151473,8.407152073,9.016998046,9.567866453,10.10654637,10.63052766,11.04599025,11.39578738,11.94102442,12.54184409,13.04070034,13.93111972,14.80613267,15.43690252,16.31421321,17.26125392,18.20164784,19.37267044,20.77359488,22.32578112,23.87469807,25.42255744,27.27070077,29.409628,31.61015651,33.72764888,36.20869405,39.11911037,42.4511894,46.27935798,50.52667716,55.32866316,60.83108854,66.81749269,73.1435947,80.39016184,88.62879477,97.77447669,107.8928703,118.9859167,130.9875896,143.9030151,157.8733252,172.6359288,188.5663482,205.6161706,223.9582643,244.1802863,266.3826975,290.6679104,317.3872821,347.1112693,380.2252647,417.300317,458.8118782,505.5358277,557.9192629,616.5333757,682.679587,758.1164202,845.1547301,946.0499728,1062.814068,1197.812743,1353.224439,1531.412015,1734.977441,1965.682797,2225.318233,2517.384406,2846.647163,3291.20196,3955.672159,4807.958313,5819.500081,7057.28777,8553.055414,10318.84924,12379.27147,14761.30532,17505.73003,20945.73869,25422.02061,30679.19749,36380.73436,42404.64147,48601.51073,54798.28813,60835.86735,66501.67731,71933.25778,77420.33962,80998.37662,90909.09091,100000,100000,100000,100000,100000,100000,100000,100000,100000,100000,100000,100000,100000
2180,55.12854824,3.686728507,2.425829645,1.531242793,1.087189671,0.86404705,0.85871036,0.853302463,0.848110566,0.84309726,0.837995033,1.040485569,1.242074829,1.440060598,2.042101651,2.634139696,3.312328533,4.664120215,6.157732885,7.341536064,8.328278927,9.033145795,9.49687026,10.03655016,10.56311728,10.89314541,11.2444518,11.79208199,12.39544188,12.89644241,13.70810544,14.66528484,15.3787287,16.0989047,17.04712714,18.06717952,19.23941059,20.64159283,22.11941397,23.59441847,25.14490552,26.92121912,29.06378724,31.26921394,33.31745362,35.87920685,38.79869623,41.99370894,45.83312643,50.02163754,54.69443636,60.07073552,65.93361346,72.28381839,79.41090766,87.53028091,96.7024886,106.7771675,117.6845303,129.5695868,142.3638687,156.1395106,170.8454826,186.5671907,203.4713324,221.5904263,241.5067545,263.4659149,287.4305523,313.8186536,343.2746509,376.1845865,412.8374849,453.7875885,500.0218099,551.8357027,609.7499191,675.2258908,749.776682,835.8673628,935.6243212,1051.129164,1184.807971,1338.533186,1514.727729,1716.162065,1944.448671,2201.358311,2490.253333,2815.956584,3256.438947,3915.719,4762.03485,5767.261627,6998.199649,8486.365775,10244.24428,12297.15898,14672.12805,17409.95557,20847.58858,25327.9816,30591.84392,36300.83741,42332.70954,48539.90711,54746.13498,60784.25704,66500.44302,71937.37021,77135.5367,80735.21873,90909.09091,100000,100000,100000,100000,100000,100000,100000,100000,100000,100000,100000,100000,100000
2181,54.67300699,3.401475946,2.429015276,1.533197283,1.088546006,0.865102917,0.859747662,0.854330323,0.849143033,0.8441354,0.839039073,1.041818284,1.243718506,1.44205172,1.94304462,2.536080624,3.217466899,4.571698652,6.071035814,7.25699031,8.342613756,8.959215635,9.335742798,9.879341863,10.49518044,10.91274114,11.17912046,11.72744323,12.33332442,12.75199712,13.48521793,14.4449294,15.24115294,15.96283995,16.91251637,17.93356206,19.10682195,20.51020932,21.91334402,23.31413775,24.86670919,26.5707949,28.71661337,31.00063189,32.97886885,35.47191752,38.39878118,41.52987497,45.38029113,49.5080615,54.0500735,59.29975581,65.11039882,71.55591402,78.70826498,86.63737225,95.54826254,105.5082083,116.3020329,128.0746342,140.8966385,154.4801372,168.9194599,184.5134156,201.3494948,219.3922172,238.9407531,260.5188739,284.3070115,310.3681844,339.3423245,371.904144,408.2723792,449.0049917,494.5911496,545.6091573,603.0084457,667.8364506,741.6221927,826.8011398,925.5055915,1039.761106,1171.986133,1324.109238,1498.387269,1697.566931,1923.340006,2177.473047,2463.290509,2785.459947,3221.861477,3876.040051,4716.511138,5715.390247,6939.159815,8420.051379,10170.60181,12216.1775,14584.0234,17315.74732,20750.62437,25234.3242,30505.2272,36220.899,42259.94082,48473.55066,54683.90492,60709.28163,66426.27158,71857.30796,76910.88275,80939.97513,91287.87879,100000,100000,100000,100000,100000,100000,100000,100000,100000,100000,100000,100000,100000
2182,54.21838928,3.565754195,2.432273839,1.53519574,1.089930919,0.86617454,0.860793961,0.855357076,0.850159086,0.845158192,0.840068125,1.043112269,1.245300671,1.443956505,1.843716833,2.43770387,3.222246516,4.479676319,5.981683118,7.174484136,8.170366332,8.792943628,9.262093518,9.809710082,10.33979159,10.75851509,11.11242949,11.5788418,12.10206121,12.60790673,13.34347535,14.30587872,15.10414334,15.82708361,16.77835679,17.72344258,18.74401852,20.14965598,21.6316173,23.0341043,24.58854548,26.2946701,28.4433707,30.73072726,32.71242988,35.1359622,37.99465024,41.05996098,44.84752115,48.98728642,53.5424315,58.66281364,64.42022557,70.8878742,77.91983157,85.65972666,94.45490877,104.2999721,114.9084673,126.6412298,139.3523964,152.7499815,166.9969287,182.3240188,199.0319277,217.0766463,236.4043746,257.6830659,281.2277432,307.0353711,335.676005,367.7470665,403.7579233,444.1220896,489.1882959,539.6139904,596.3425694,660.4881918,733.5269303,817.7640308,915.4493776,1028.457714,1159.15436,1309.684261,1482.124047,1679.119065,1902.329824,2153.671453,2436.620533,2755.452007,3187.539896,3836.451229,4671.21904,5663.942776,6880.831117,8354.425039,10097.37038,12135.32274,14496.02344,17221.8087,20653.93915,25140.72943,30418.5272,36140.92683,42187.85666,48403.48192,54613.00027,60658.03915,66399.52667,71751.09184,77077.84055,81581.9209,91666.66667,100000,100000,100000,100000,100000,100000,100000,100000,100000,100000,100000,100000,100000
2183,53.49611725,3.810990008,2.435614717,1.537240431,1.091345567,0.867268572,0.861854005,0.856391787,0.851175829,0.846165615,0.841081968,0.940137868,1.142589617,1.445789569,1.846136857,2.441025965,3.226808212,4.387149726,5.794207798,6.993875387,7.99734301,8.715497272,9.188823349,9.650673451,10.18354778,10.60366737,10.95950771,11.34403616,11.95385535,12.62963437,13.20289656,14.08544582,14.96744992,15.61319484,16.56602841,17.59151688,18.53638757,19.86660932,21.35049367,22.83036363,24.4617814,26.09400019,28.16963286,30.38537433,32.37006747,34.79785351,37.66131128,40.73286916,44.38177825,48.45942687,53.02749254,58.01614971,63.64557988,70.13488446,77.11790354,84.8116705,93.56450433,103.2237396,113.718703,125.4119178,137.7974046,150.9415912,165.0750005,180.2811224,196.7935759,214.5664834,233.8234822,254.9505612,278.1209723,303.5364921,331.9167954,363.8626604,399.5165133,439.2231621,483.7621122,533.7957876,589.9130194,653.2919894,725.5466445,808.8561568,905.4877239,1017.358114,1146.675556,1295.528001,1465.977566,1660.787853,1881.669256,2130.337708,2410.324632,2725.881769,3153.85955,3797.625289,4626.472867,5613.000178,6823.184847,8289.245797,10024.51943,12054.73566,14408.44794,17128.0848,20557.68175,25047.64742,30331.647,36061.24686,42115.9119,48341.04814,54564.13207,60630.08696,66395.43328,71558.11711,76410.54361,81111.11111,91666.66667,100000,100000,100000,100000,100000,100000,100000,100000,100000,100000,100000,100000,100000
2184,52.77329219,3.604655645,2.328697817,1.428993843,1.092793045,0.86838611,0.862937146,0.857441929,0.852202255,0.847173726,0.842079691,0.837020188,1.039727653,1.344367452,1.745267499,2.444214076,3.231172522,4.393307719,5.705106251,6.906805735,8.009558114,8.729038682,9.114799793,9.490731252,10.11362093,10.62193908,10.89265442,11.27801029,11.89088345,12.48480877,12.97937892,13.86503379,14.83096678,15.47840718,16.43307049,17.4599758,18.40616423,19.66130382,21.0700693,22.62737459,24.2603917,25.81835233,27.74625634,29.88970136,32.02671808,34.38404829,37.17773823,40.32883275,43.91096753,47.92437619,52.50491422,57.50733719,63.07897213,69.44183498,76.30228361,83.94862568,92.58563839,102.0603515,112.5882477,124.0983795,136.2297291,149.336863,163.3617116,178.4548305,194.7027153,212.1357645,231.1914938,252.0320526,275.0487184,300.3001312,328.2817934,359.8890877,395.0502548,434.3161713,478.470129,527.9585925,583.4455689,646.1161575,717.5737735,799.9887657,895.5749211,1006.268768,1134.235023,1281.398447,1449.918145,1642.699767,1861.324918,2107.310903,2384.21004,2696.307718,3120.413144,3759.314099,4582.384711,5562.542667,6765.627046,8224.302613,9952.04821,11974.76398,14321.76162,17035.27046,20462.02851,24955.14703,30245.38744,35982.76151,42044.73744,48277.49566,54514.82209,60573.58728,66301.74945,71486.43712,76011.34671,81321.73382,92261.90476,100000,100000,100000,100000,100000,100000,100000,100000,100000,100000,100000,100000,100000
2185,52.31769456,3.317966137,2.22169853,1.320638632,1.094273564,0.86953018,0.86404354,0.858514,0.85324213,0.848189623,0.843077189,0.838008292,1.040970526,1.242791396,1.644200991,2.34559743,3.133678546,4.399198533,5.615219557,6.818795183,8.021153726,8.651796002,9.038455151,9.418190444,9.955183069,10.46524933,10.82420014,11.21229843,11.74250512,12.33974925,12.83704541,13.72587678,14.6947028,15.34386768,16.14367204,17.17250058,18.19957342,19.37954907,20.79057901,22.34952813,23.90874932,25.46809218,27.32321564,29.46852428,31.75736633,34.04331745,36.76656936,39.92253301,43.43690677,47.38388773,51.97459249,56.99033477,62.43074201,68.73710547,75.54562852,83.07106554,91.59072154,100.9516487,111.3698056,122.6989283,134.7925608,147.8628121,161.7794576,176.6215161,192.61418,209.8536136,228.6400768,249.2789683,272.0067268,297.1016149,324.9151156,355.9009286,390.5712049,429.5494484,473.248279,522.2636078,577.1842186,639.0524813,709.6977837,791.2042531,885.7772055,995.295533,1121.714768,1267.294396,1434.177436,1624.902026,1841.107159,2084.399094,2358.364125,2667.133776,3087.167741,3720.982556,4538.385159,5512.43805,6708.732169,8159.982448,9879.985552,11895.18167,14235.22887,16942.57039,20366.16949,24862.69497,30160.23085,35904.7949,41973.6079,48213.14859,54457.02892,60524.06873,66213.62672,71459.47163,76302.88136,82169.49717,92857.14286,100000,100000,100000,100000,100000,100000,100000,100000,100000,100000,100000,100000,100000
2186,51.86116751,3.483673186,2.113324181,1.212592167,0.98586757,0.87070094,0.865176193,0.859608162,0.854302793,0.849219729,0.844083281,0.838997038,1.042196851,1.244269378,1.646170445,2.246757332,3.035891774,4.404844252,5.524864878,6.635281951,7.845028416,8.481564559,8.961446271,9.345019447,9.795829732,10.30758184,10.66880825,11.05982728,11.67735571,12.27782658,12.69392284,13.50528454,14.4773523,15.20955059,15.93286962,16.96361232,18.07076232,19.2521739,20.66476936,22.14912637,23.63333925,25.19398803,27.05064043,29.19753909,31.41367723,33.7017092,36.42841509,39.51427481,42.88635016,46.83960627,51.43871918,56.31835779,61.70022779,68.02291398,74.77624824,82.17807905,90.65207955,99.97019764,110.2047095,121.4261511,133.4126294,146.2303857,159.9678128,174.7033018,190.5897939,207.5741754,226.0948062,246.6069445,269.1326425,293.8644144,321.302257,351.9719346,386.4436826,424.9918994,468.0293964,516.5003021,571.0004744,632.1296659,701.9400594,782.5210701,876.0661205,984.513028,1109.458483,1253.406215,1418.682136,1607.404047,1821.23594,2061.908205,2332.844033,2638.363403,3054.359461,3683.127828,4494.823896,5462.742556,6652.370617,8096.082307,9808.257999,11816.09818,14149.15718,16850.5023,20271.27321,24770.70904,30074.99577,35826.20534,41903.14259,48156.33082,54402.94892,60476.98591,66172.58768,71495.02511,76232.28669,82039.40667,92857.14286,100000,100000,100000,100000,100000,100000,100000,100000,100000,100000,100000,100000,100000
2187,51.40393366,3.649982234,2.004830363,1.104422893,0.87733691,0.871893859,0.866335235,0.860731064,0.855387152,0.850272209,0.845104338,0.839991642,1.04341873,1.245726352,1.648118641,2.249432494,3.039534568,4.410255409,5.531837352,6.548886106,7.575894195,8.308436887,8.884758212,9.269403699,9.810476582,10.32352911,10.59953912,10.9063457,11.52722718,12.13111632,12.55038888,13.2840757,14.25933859,15.07507093,15.80039798,16.75529227,17.86444535,19.12545664,20.53951987,21.94943354,23.3591192,24.92079324,26.70378027,28.85238417,31.07055806,33.36023622,36.08973938,39.10497556,42.40756458,46.36617471,50.89901652,55.64016055,61.03348261,67.22558883,73.85026331,81.19844678,89.5511292,98.89847866,109.0928694,120.1326,131.9413419,144.6540499,158.2125842,172.6974442,188.406887,205.2139234,223.5523915,243.8711734,266.2698163,290.6536323,317.6529363,348.1591667,382.3083749,420.2875097,462.8821881,510.8191769,564.6084415,625.1477907,694.2594173,774.0394759,866.4609858,973.5945153,1097.473485,1239.853898,1403.236833,1589.983283,1801.565897,2039.821601,2307.802677,2609.882297,3021.987152,3645.801369,4451.835346,5413.717601,6596.469548,8032.617307,9737.044778,11737.65342,14063.79247,16758.47987,20176.65615,24679.37208,29989.73611,35747.63262,41832.73913,48093.395,54345.6492,60422.97043,66179.34553,71540.20376,76112.11284,82145.7496,93095.2381,100000,100000,100000,100000,100000,100000,100000,100000,100000,100000,100000,100000,100000
2188,50.67481594,3.898119492,2.007828721,1.106041755,0.878597297,0.873114863,0.86751528,0.861877283,0.856499033,0.851346355,0.846146635,0.841001945,1.044646538,1.24718033,1.650038342,2.252073656,3.043127043,4.415495841,5.538531626,6.55695982,7.493074949,8.226756415,8.807299717,9.105217172,9.649010702,10.16359295,10.5283016,10.83822089,11.37636385,12.06691022,12.57122442,13.14402493,14.04047333,14.94007271,15.66803681,16.62533073,17.65891514,18.84493009,20.18521169,21.67340832,23.16171658,24.64891078,26.35782312,28.50804751,30.80297197,33.09394522,35.82535783,38.76906786,42.00115507,45.89076512,50.35604668,55.10452385,60.43346051,66.49163238,73.05941957,80.35295108,88.58061869,97.8086115,107.8890098,118.7454484,130.4471977,143.0568535,156.4395981,170.746793,186.2070189,202.9103409,221.1449094,241.1379364,263.3435528,287.4554794,314.1765569,344.3842616,378.0768998,415.6538193,457.8114224,505.2909328,558.3811354,618.2576753,686.749933,765.7200464,857.1425502,963.0937669,1085.658754,1226.578676,1388.124992,1572.678426,1781.953944,2017.747949,2282.973808,2581.771394,2989.938689,3608.814762,4409.177121,5364.976789,6540.994355,7969.936631,9666.771685,11659.54903,13978.36531,16666.49544,20082.18406,24588.50812,29905.38186,35670.18322,41761.77747,48027.38491,54289.76205,60382.37207,66148.99763,71488.41406,76306.8756,82616.86058,93333.33333,100000,100000,100000,100000,100000,100000,100000,100000,100000,100000,100000,100000,100000
2189,49.67309675,3.772299571,2.010861476,1.107682543,0.879878699,0.874365053,0.868724994,0.86304429,0.857632155,0.852445937,0.847209473,0.842035019,1.045893081,1.248642901,1.651952415,2.254675803,3.046677035,4.320640888,5.44499654,6.564718057,7.502039278,8.146034174,8.727601613,9.029266844,9.486536887,10.00279694,10.36964567,10.76794389,11.30959988,11.91834331,12.42595008,12.92068814,13.82081089,14.8046428,15.53490963,16.49499775,17.53109362,18.64198049,19.90766105,21.39841258,22.96449831,24.52930632,26.16398234,28.1648781,30.46139665,32.75427984,35.41290601,38.35907731,41.59417249,45.48790383,49.88461392,54.56567003,59.82903725,65.82345241,72.33114247,79.56902358,87.7435131,96.77513487,106.7381447,117.4825238,129.0753227,141.5079865,154.7169198,168.9222243,184.2781835,200.8055474,218.7936946,238.5404553,260.3486019,284.2660899,310.7856992,340.5695841,373.8874542,411.071921,452.744622,499.7735914,552.3152698,611.4687971,679.2690169,757.4351389,847.9248748,952.7401975,1073.894023,1213.32831,1373.14004,1555.629511,1762.529372,1995.717553,2258.21297,2553.926203,2958.305858,3572.333805,4367.018865,5316.64295,6485.783768,7907.50445,9596.83597,11582.01033,13893.71135,16575.70789,19988.61234,24498.12979,29821.6811,35593.72751,41693.29581,47965.23755,54231.50565,60324.66452,66088.65592,71380.37728,76108.98679,82496.08764,93333.33333,100000,100000,100000,100000,100000,100000,100000,100000,100000,100000,100000,100000,100000
2190,48.66873079,3.646490885,2.013909276,1.109341998,0.881173547,0.875632215,0.869962622,0.8642425,0.85878676,0.853567441,0.848298389,0.843087549,1.047169743,1.250131185,1.653878593,2.257280345,2.948807578,4.124238461,5.351253716,6.476837853,7.415269461,8.064813533,8.55786092,8.950960294,9.498711646,10.01631942,10.29763597,10.61119223,11.15622413,11.76873061,12.27990218,12.77786953,13.68129918,14.66855863,15.40162938,16.36441843,17.40316461,18.43912128,19.70667194,21.12410398,22.6919061,24.41036965,25.97112188,27.7481991,30.04589198,32.41566995,34.85277777,37.8750155,41.26131761,45.08421827,49.41177147,54.02446138,59.14770203,65.07717952,71.6683993,78.84698862,86.89426168,95.80136173,105.6422781,116.2708593,127.6806179,139.933558,153.1126673,167.2194277,182.3301213,198.6093417,216.350666,235.9250471,257.3436363,281.0083357,307.4052196,336.8418981,369.7325087,406.5368514,447.8817254,494.340329,546.268172,604.7787756,671.8271696,749.0400955,838.529458,942.1967841,1061.983138,1199.981586,1358.107104,1538.631659,1743.280264,1973.952217,2233.649297,2526.296532,2926.894526,3536.009733,4325.074732,5268.699992,6431.175767,7845.423113,9527.198729,11505.21992,13810.02494,16485.71772,19895.4337,24407.90887,29737.43779,35517.01873,41626.25226,47905.12889,54176.24288,60269.79634,66039.33995,71282.78756,75980.4396,82652.77778,93541.66667,100000,100000,100000,100000,100000,100000,100000,100000,100000,100000,100000,100000,100000
2191,47.93093992,3.895672243,2.016952704,1.111011787,0.882483912,0.87691267,0.871215149,0.865466438,0.859974076,0.854712045,0.849409894,0.844166784,1.048470652,1.251654279,1.655830058,2.259898433,2.850821658,4.027553731,5.258859378,6.290261199,7.235413292,7.981174438,8.478258221,8.872064347,9.510374257,9.941286462,10.22357639,10.54033171,11.0018026,11.61766541,12.13229244,12.71534433,13.62257254,14.53157221,15.26746714,16.15464246,17.19617234,18.23605944,19.42912226,20.84940625,22.4199971,24.06509037,25.62747316,27.40728347,29.70699456,32.07818516,34.36779724,37.31787618,40.78073875,44.60693096,48.86425429,53.4817142,58.53720937,64.40031673,71.00045912,78.04339711,86.03251251,94.81392176,104.4588617,115.0401134,126.2628618,138.3347668,151.4087946,165.4880886,180.3573447,196.3928033,213.9598659,233.216548,254.5374834,277.9578647,304.0301841,333.2720695,365.8130999,402.2588611,443.1438562,488.8996445,540.3157753,598.3383013,664.5690752,740.8465086,829.3356003,931.8664258,1050.275208,1186.729131,1343.142349,1521.831985,1724.409271,1952.605066,2209.432531,2498.947843,2895.75601,3499.91994,4283.459712,5221.236492,6377.244919,7784.065709,9458.057629,11428.50379,13726.12495,16395.51351,19802.43257,24317.81236,29653.72521,35440.15074,41554.82987,47842.49196,54123.9236,60229.86343,66003.07548,71359.63663,76370.30315,83153.50877,93750,100000,100000,100000,100000,100000,100000,100000,100000,100000,100000,100000,100000,100000
2192,47.46013502,4.064507932,2.019985718,1.112679135,0.883806903,0.878212319,0.872483671,0.866706981,0.861187793,0.855888127,0.850542455,0.845267481,1.049803923,1.253206002,1.657827256,2.262552145,2.854102874,4.032122312,5.166270874,6.103154757,7.054995777,7.897120116,8.487637633,8.793986785,9.345097158,9.777328725,10.0616409,10.46723148,10.84737365,11.38085307,11.98371147,12.5701628,13.48120853,14.39377191,15.13264197,15.94437556,16.98866636,18.10963817,19.30560011,20.72842889,22.22480498,23.72015525,25.28457576,27.14195485,29.36916537,31.66751088,34.03283338,36.91074958,40.30133736,44.05609021,48.2426928,52.86434782,57.9248297,63.7942513,70.25510769,77.16088246,85.08846253,93.81291468,103.4066669,113.866392,124.9699203,137.0026203,149.8245629,163.7279243,178.4988475,194.2940317,211.765262,230.8496554,251.8539694,275.0335729,300.7175365,329.6354312,361.9082766,397.8553159,438.2308374,483.5171734,534.4355181,591.8548766,657.3516842,732.9263352,820.4348942,921.8335683,1038.954518,1173.779392,1328.525627,1505.353069,1705.83426,1931.655744,2185.729802,2472.035894,2864.977191,3464.322654,4242.36016,5174.189449,6323.568,7723.180098,9389.707414,11352.35175,13642.51889,16305.45931,19709.84886,24228.59917,29571.36887,35363.97548,41484.34251,47781.68725,54074.1435,60194.68641,66006.05375,71387.31847,76520.82033,83292.03691,93750,100000,100000,100000,100000,100000,100000,100000,100000,100000,100000,100000,100000,100000
2193,46.98705551,3.775146075,2.02299591,1.114341091,0.885127943,0.879523494,0.873771159,0.867964283,0.86241702,0.857090335,0.851707085,0.846388125,1.051163498,1.254797019,1.659865489,2.265266693,2.85742375,4.036717285,5.172050658,6.014200053,6.966962929,7.814374487,8.405529017,8.715419029,9.179211486,9.700480329,9.986791669,10.30720538,10.69056691,11.31156588,12.00064371,12.50662942,13.17674988,14.09290806,14.99672428,15.81133274,16.78079786,17.90463843,19.18130743,20.53043845,21.95313023,23.45109543,25.01788063,26.87756197,29.03196245,31.33263996,33.77455483,36.65361304,39.89770769,43.43228158,47.62155843,52.24691656,57.3113462,63.11283933,69.50663064,76.34683426,84.13802805,92.87513628,102.4128965,112.603387,123.5866803,135.5748509,148.2130873,161.8662714,176.4631397,192.2353221,209.5417996,228.387349,249.1487018,272.0125914,297.3111341,325.8416642,357.8640491,393.5413203,433.4123024,478.2549997,528.6189996,585.3778686,650.1005711,724.8343501,811.4491628,911.7368799,1027.725884,1161.09156,1314.084297,1488.931287,1687.2834,1910.614843,2162.034539,2445.399763,2834.467,3429.062008,4201.701619,5127.476759,6270.202132,7662.733533,9321.694887,11276.87438,13559.94257,16216.58792,19618.09769,24139.59936,29487.87098,35287.07334,41415.6143,47721.05449,54022.30317,60152.29458,65969.51288,71336.54593,76371.05489,83175.44797,93750,100000,100000,100000,100000,100000,100000,100000,100000,100000,100000,100000,100000,100000
2194,46.51160677,3.485405449,2.02597249,1.115993024,0.886443145,0.880830787,0.875068135,0.869237521,0.86366095,0.858308801,0.852898481,0.847540507,1.052544401,1.256416966,1.661956256,2.268038443,2.860821541,4.041364369,5.177865825,6.020763847,6.974326238,7.731408834,8.323167126,8.724544535,9.100669388,9.622922433,9.998372805,10.23348524,10.61775884,11.24220175,11.84989167,12.35914874,12.951666,13.8715061,14.85995994,15.67770457,16.65016273,17.69944547,18.90179983,20.17791229,21.68083491,23.25870102,24.75143917,26.53826686,28.69518051,31.07346715,33.51776999,36.24975203,39.34652041,42.95787823,47.14981716,51.70371348,56.77163732,62.43035931,68.68265429,75.4560746,83.10888243,91.71039627,101.2618782,111.3975482,122.2590302,134.1287263,146.50417,159.9754862,174.5429435,190.2158116,207.2098412,225.8203822,246.4184068,268.9677209,294.0246901,322.3179562,353.9540904,389.2340899,428.7595123,473.0908794,522.8563372,578.9725722,642.9386648,716.8704406,802.5296895,901.6456339,1016.453168,1148.517076,1299.777263,1472.714038,1668.972188,1889.778967,2138.425128,2418.957246,2804.506647,3394.418631,4161.534972,5081.353173,6217.37385,7602.692459,9253.986357,11201.7557,13478.1834,16128.01775,19526.1129,24050.8223,29405.01774,35211.23497,41346.81533,47657.57909,53968.98259,60110.94332,65933.45031,71389.08038,76323.44662,81770.98846,92463.23529,100000,100000,100000,100000,100000,100000,100000,100000,100000,100000,100000,100000,100000
2195,46.03253778,3.654050554,2.028909021,1.117626859,0.887750407,0.882132261,0.876362208,0.870521066,0.86492158,0.859540903,0.854105049,0.848721164,1.053968074,1.258066289,1.664086305,2.270885167,2.864292075,4.04611195,5.183757368,6.027379441,6.981721912,7.739395478,8.241804582,8.643589518,8.933116685,9.368001222,9.921261357,10.2452326,10.54514147,11.08674953,11.69805303,12.21077869,12.80635154,13.80990474,14.80196459,15.54272377,16.51842588,17.57082653,18.77653455,20.05552746,21.56126249,23.14223011,24.56151918,26.19921086,28.20830714,30.66469648,33.18699924,35.77257984,38.87175454,42.55915932,46.67971129,51.16215883,56.23271244,61.89509457,68.00458515,74.63647677,82.14953072,90.61332359,100.1766055,110.3263739,120.9871656,132.7366255,144.9945935,158.2771558,172.8104928,188.2368215,204.914753,223.3608235,243.7263964,266.0419633,290.8587757,318.8399722,350.0210607,384.8413129,424.0412288,467.9487272,517.1206642,572.5525642,636.0071792,709.1568393,793.8303561,891.94091,1005.356272,1135.997203,1285.764779,1456.818658,1650.898417,1869.465224,2115.381963,2392.794756,2774.75663,3360.072195,4121.709299,5035.615806,6164.874539,7542.894214,9186.942471,11127.19474,13396.3426,16039.13559,19434.22224,23962.88891,29323.60089,35136.37839,41279.67274,47598.18798,53916.76935,60060.03135,65914.5419,71386.28619,76445.78062,80617.05701,91176.47059,100000,100000,100000,100000,100000,100000,100000,100000,100000,100000,100000,100000,100000
2196,45.54988877,3.823157067,2.031783638,1.119237404,0.889043735,0.883425849,0.8776505,0.871802657,0.866193341,0.860789528,0.855325102,0.849916829,0.95005179,1.154388696,1.666245871,2.273776382,2.86785409,4.050964559,5.189766528,6.034070001,6.895969034,7.654219776,8.160262124,8.473919989,8.765179413,9.200877996,9.756095538,10.16906511,10.47187296,11.01453227,11.62908678,12.14305863,12.74208544,13.66697928,14.66245099,15.40651579,16.385826,17.44136568,18.57253875,19.8548105,21.28788827,22.87178562,24.44733112,26.01196304,27.79709108,30.25652934,32.85728018,35.44504691,38.62194574,42.08877894,46.13679467,50.77050352,55.69576966,61.13943258,67.25280559,73.96275905,81.40824288,89.8060024,99.15858501,109.1738814,119.7028494,131.178978,143.464546,156.6311662,170.9036785,186.2979292,202.8043772,221.0094866,241.0667974,263.1521073,287.737975,315.2618425,346.1321274,380.6438483,419.3826211,462.815758,511.4095422,566.3116829,629.0664076,701.310985,785.1710916,882.3252143,994.4418223,1123.603319,1271.755816,1440.857111,1632.786074,1849.1007,2092.491427,2366.906485,2745.236027,3325.870611,4082.190585,4990.305755,6112.954779,7483.675808,9120.252603,11052.95745,13314.73328,15951.44094,19343.88119,23875.05408,29241.93535,35061.87573,41211.45891,47538.18301,53862.11953,60009.75901,65835.11208,71297.84744,76304.69445,80507.87026,91176.47059,100000,100000,100000,100000,100000,100000,100000,100000,100000,100000,100000,100000,100000
2197,45.06435496,3.531481328,2.034585136,1.120813862,0.890319993,0.884707581,0.878930967,0.873075674,0.867461254,0.862050095,0.8565615,0.851124938,0.846005712,1.050601963,1.668467219,2.276709994,2.871477561,3.954997292,5.094957536,5.944772367,6.714080827,7.47745358,8.077049468,8.393893029,8.685480184,9.210275026,9.678654517,10.00580412,10.39679919,10.94254211,11.4750418,11.99221303,12.59439309,13.44226882,14.44114212,15.26876112,16.25147882,17.3107612,18.29012768,19.4983311,20.93647735,22.52425655,24.25615359,25.82445417,27.53679692,29.92414753,32.52799309,35.1935479,38.29859195,41.61997076,45.67069298,50.30660465,55.08701122,60.31195449,66.35429141,73.21575036,80.66597331,88.92300511,97.98975427,107.8678589,118.4829389,129.7546,141.9140556,155.0364626,169.0477603,184.328563,200.7316337,218.6946836,238.5135257,260.365941,284.7241748,311.9469718,342.434408,376.4891651,414.7731038,457.7430729,505.8581079,560.1729005,622.1619231,693.6140406,776.5389426,872.6129236,983.562557,1111.417216,1257.979204,1425.168315,1614.959346,1828.976946,2069.667021,2341.043723,2715.869094,3291.856297,4043.042802,4945.403127,6061.370132,7424.92856,9054.127195,10979.36155,13234.11415,15864.88475,19253.96675,23787.44671,29160.27885,34987.09239,41142.67823,47473.79976,53809.58798,59969.54644,65760.65937,71196.31691,76148.62543,80642.73902,91421.56863,100000,100000,100000,100000,100000,100000,100000,100000,100000,100000,100000,100000,100000
2198,44.57545113,2.777842066,2.03732064,1.122350419,0.891570079,0.88597337,0.880200657,0.87434092,0.868719715,0.863305895,0.857809705,0.852349214,0.847202713,1.052064116,1.670748403,2.279735468,2.875151156,3.858985516,4.900930371,5.756262425,6.625337872,7.302164125,7.902140292,8.402312024,8.694117743,9.219537936,9.68848401,9.929482884,10.23561407,10.78448329,11.40340566,11.92371002,12.44569008,13.21611899,14.21854868,15.05069436,16.03664621,17.17860265,18.16141286,19.29568049,20.66013889,22.25229281,23.91191437,25.48369335,27.27616581,29.59225179,32.19932107,34.86827261,37.90175022,41.22621465,45.13233982,49.6231957,54.47990264,59.70799081,65.60515764,72.32192478,79.70306163,87.96528239,96.96524236,106.6309291,117.1823331,128.4675012,140.4225361,153.4194995,167.3882917,182.335149,198.4788953,216.341141,236.0675434,257.6840018,281.7382606,308.7365812,338.7781172,372.3030624,410.1303206,452.7182991,500.3672113,554.1232463,615.5139315,686.1075137,767.9900911,863.0154583,972.7547729,1099.290182,1244.363677,1409.827317,1597.527898,1809.102707,2047.135639,2315.633835,2686.920891,3258.233811,4004.13481,4900.836492,6010.323143,7366.616407,8988.345519,10906.18365,13153.63679,15777.84314,19163.75208,23700.40769,29079.28846,34911.98449,41076.3465,47414.67847,53758.54682,59917.24551,65723.71018,71143.28726,76064.471,80849.75369,91666.66667,100000,100000,100000,100000,100000,100000,100000,100000,100000,100000,100000,100000,100000
2199,44.08791874,2.747453731,2.015033124,1.110072297,0.8818166,0.876281111,0.870571547,0.864775913,0.859216202,0.853861608,0.848425547,0.843024796,0.837934603,1.040554904,1.652471025,2.254796037,2.843698209,3.816770123,4.847316921,5.693292337,6.552860874,7.222283264,7.815696306,8.310396689,8.599010444,9.118683102,9.582499453,9.820862203,10.1236448,10.66651012,11.27866232,11.79327537,12.30954586,13.07154749,14.06301216,14.88605571,15.86122312,16.99068881,17.96274936,19.0846108,20.43414528,22.00888493,23.65035461,25.20494305,26.97781151,29.26856683,31.84712367,34.48688716,37.48719113,40.77530107,44.63871214,49.08046142,53.88406397,59.0549903,64.88768315,71.53101962,78.83146867,87.00337665,95.90496861,105.4650216,115.901123,127.0629831,138.8874067,151.7423915,165.5586095,180.3422349,196.3097071,213.9769458,233.4880295,254.8685904,278.6604081,305.3642395,335.0781878,368.2376791,405.6527253,447.7767947,494.906909,548.0779542,608.8009492,678.6272537,759.6205224,853.6147577,962.1645269,1087.329978,1230.834998,1394.512553,1580.190657,1789.490449,2024.969877,2290.595373,2657.913137,3224.914343,3965.485606,4856.347802,5959.263569,7308.357114,8922.570531,10832.85347,13073.03898,15690.58293,19069.17044,23612.92158,28998.02735,34837.4809,41008.97824,47354.63802,53705.81334,59871.61092,65684.78789,71110.50353,76037.19533,80827.2076,91646.8139,99983.21627,99987.03422,99990.02772,99992.37644,99994.22028,99995.6684,99996.80611,99997.70018,99998.40295,99998.95543,99999.38981,99999.73139,100000
2200,43.6057186,2.717397831,1.992989424,1.097928493,0.872169821,0.866694883,0.861047776,0.855315543,0.849816654,0.844520638,0.839144048,0.833802384,0.828767883,1.029171598,1.634393595,2.230129433,2.812589343,3.775016547,4.794289972,5.631011104,6.481176729,7.143276247,7.730197958,8.219486842,8.504943549,9.018931545,9.477674285,9.713429745,10.01290038,10.54982748,11.15528356,11.66426756,12.17489093,12.92855746,13.90917706,14.72321803,15.68771896,16.80483053,17.766259,18.87584994,20.21062374,21.76813958,23.39165592,24.92924182,26.68272068,28.94842239,31.49877861,34.10967327,37.07716637,40.32931938,44.15048343,48.54366308,53.29474189,58.40913138,64.17805515,70.74876372,77.96940702,86.05198941,94.8562885,104.3118622,114.6339209,125.6738205,137.3690596,150.0836168,163.7489271,178.3711032,194.1642262,211.6385869,230.936702,252.0839396,275.6161796,302.028734,331.4186668,364.216688,401.2240141,442.8892277,489.5061927,542.0986142,602.1611808,671.2285469,751.3421654,844.3164575,951.6895754,1075.4999,1217.453401,1379.364152,1563.04157,1770.090806,2003.04412,2265.827647,2629.218547,3191.935608,3927.209458,4812.262969,5908.637762,7250.558569,8857.276871,10760.01635,12992.93503,15603.80531,18975.0556,23525.75841,28916.99332,34763.13631,40941.72046,47294.67359,53653.13158,59826.01109,65645.88865,71077.73491,76009.92944,80804.6678,91626.96544,99966.43536,99974.07012,99980.05642,99984.75345,99988.44089,99991.33698,99993.61232,99995.40042,99996.80592,99997.91086,99998.77963,99999.46278,100000
2201,43.1287924,2.687670729,1.971186874,1.085917538,0.862628574,0.857213524,0.851628192,0.845958667,0.840519934,0.835281855,0.829964086,0.824680863,0.819701444,1.017912821,1.616513925,2.205732673,2.781820796,3.733719733,4.741843109,5.56941119,6.410276763,7.065133514,7.645634904,8.129571485,8.411905678,8.920271194,9.373995824,9.607172514,9.903367415,10.43442124,11.03325446,11.53667098,12.04170899,12.78713161,13.75702475,14.56216162,15.51611275,16.62100532,17.571918,18.66937265,19.98954721,21.53002764,23.13578699,24.65655632,26.39085765,28.63177974,31.15424377,33.73658531,36.67162636,39.88821563,43.66759464,48.01273576,52.71186515,57.77033594,63.47618781,69.97506249,77.11677244,85.11100565,93.81907526,103.1713116,113.3805738,124.2998455,135.8673113,148.442975,161.9590259,176.4215158,192.0421933,209.3257817,228.4132529,249.3297135,272.6052078,298.7296623,327.7991129,360.2396043,396.8436534,438.0550095,484.1644122,536.1845067,595.5938277,663.9105042,743.1540261,835.1194423,941.3286633,1063.798533,1204.217289,1364.380306,1546.078594,1750.901472,1981.355768,2241.327729,2600.833741,3159.294121,3889.302762,4768.578329,5858.442037,7193.217126,8792.461017,10687.66897,12913.32191,15517.50762,18881.40527,23438.91699,28836.18574,34688.95037,40874.573,47234.7851,53600.50151,59780.44598,65607.01244,71044.98139,75982.67332,80782.13428,91607.12128,99949.65727,99961.10771,99970.08613,99977.13105,99982.66184,99987.00576,99990.41863,99993.10071,99995.20892,99996.86631,99998.16946,99999.19417,100000
2202,42.65708246,2.658268828,1.949622836,1.074037979,0.853191706,0.847835889,0.842311656,0.836704153,0.831324917,0.826144142,0.820884549,0.815659127,0.810734188,1.006777211,1.598829852,2.181602803,2.751388844,3.692874687,4.689969985,5.508485144,6.340152397,6.987845612,7.561996911,8.040639738,8.319885572,8.822690114,9.271451525,9.502077652,9.795032652,10.32027745,10.91256025,11.41047019,11.90998395,12.64725281,13.60653684,14.402867,15.34638372,16.43919094,17.37970285,18.46515395,19.77088896,21.29452029,22.88271688,24.38685355,26.10218709,28.31860058,30.81347746,33.36757813,36.27052203,39.45193647,43.18998737,47.48761525,52.13536324,57.13852673,62.78199628,69.20982238,76.27346185,84.18031161,92.79320351,102.0432317,112.1409301,122.9408919,134.3819806,146.820268,160.1886898,174.4932374,189.9433523,207.038251,225.9173776,246.6055796,269.6271295,295.4666266,324.2190895,356.3059486,392.5111153,433.2735576,478.8809244,530.33492,589.0981002,656.6722461,735.0551212,826.0226089,931.080549,1052.224476,1191.12508,1349.559227,1529.299709,1731.920167,1959.902251,2217.092724,2572.755375,3126.986434,3851.761955,4725.290248,5808.67274,7136.329171,8728.119474,10615.80803,12834.19661,15431.6872,18788.21713,23352.39613,28755.60397,34614.92275,40807.53566,47174.97245,53547.92306,59734.91558,65568.15926,71012.24296,75955.42698,80759.60705,91587.28141,99932.88199,99948.14697,99960.11683,99969.50923,99976.88312,99982.67472,99987.22504,99990.80106,99993.61195,99995.82177,99997.55928,99998.92556,100000
2203,42.19053172,2.62918857,1.928294701,1.062288377,0.843858074,0.838560841,0.833097039,0.827550879,0.82223049,0.817106392,0.81190434,0.806736086,0.801865031,0.995763421,1.581339236,2.157736906,2.721289804,3.652476465,4.638664324,5.448225591,6.270795148,6.911403188,7.47927386,7.952680841,8.2288721,8.726176498,9.170028982,9.398132445,9.687882983,10.2073823,10.79318633,11.28564992,11.77969985,12.50890415,13.45769511,14.2453149,15.17851133,16.2593654,17.18959029,18.26316915,19.55462253,21.06158906,22.63241496,24.1201009,25.81667409,28.00884702,30.47643847,33.00260712,35.87380487,39.02042914,42.71760386,46.96823805,51.56516645,56.51362734,62.09539659,68.45295086,75.43937328,83.25979476,91.77854923,100.9274863,110.91484,121.5967955,132.9128877,145.2152996,158.4377047,172.5860349,187.8674497,204.7757187,223.4487748,243.9112091,266.6815851,292.2392331,320.678165,352.4152467,388.2258775,428.5442961,473.6550932,524.5491503,582.673217,649.5129029,727.0444783,817.024866,920.9440044,1040.776343,1178.175208,1334.899148,1512.702918,1713.144636,1938.681026,2193.119767,2544.980141,3095.009133,3814.583503,4682.395127,5759.326249,7079.891118,8664.248769,10544.43026,12755.55614,15346.34142,18695.48893,23266.19464,28675.24739,34541.0531,40740.60827,47115.23553,53495.39619,59689.41986,65529.32909,70979.51961,75928.19041,80737.0861,91567.44584,99916.10953,99935.18792,99950.14852,99961.888,99971.10474,99978.34387,99984.03156,99988.50145,99992.015,99994.77724,99996.94911,99998.65695,100000
2204,41.72908376,2.600426437,1.907199886,1.050667313,0.834626548,0.82938726,0.823983227,0.818497739,0.813235554,0.808167513,0.803022371,0.797910661,0.7930929,0.984870119,1.564039961,2.134132092,2.691520036,3.612520179,4.587919918,5.388625243,6.202196623,6.835796994,7.397455743,7.865684153,8.138854249,8.630718669,9.069715924,9.295324317,9.581905444,10.09572213,10.67511826,11.16219507,11.65084094,12.37206889,13.31048156,14.08948624,15.01247529,16.08150695,17.00155734,18.06339379,19.34072176,20.83120575,22.38485097,23.85626609,25.53428411,27.7024816,30.14308602,32.64162813,35.48142689,38.59364143,42.25038696,46.45454132,51.00120582,55.8955622,61.41630573,67.7043564,74.61440589,82.34934382,90.77498976,99.82394057,109.7021554,120.267394,131.4598554,143.6278759,156.7058593,170.6996781,185.8142347,202.5379115,221.0071464,241.2462768,263.7682194,289.0470925,317.1759123,348.5670295,383.9874239,423.8666555,468.4862892,518.8265013,576.3184056,642.4316142,719.1211356,808.1251341,910.9178151,1029.452766,1165.366128,1320.398319,1496.286245,1694.572648,1917.689578,2169.406024,2517.504766,3063.35884,3777.76391,4639.889398,5710.398972,7023.899408,8600.845459,10473.53242,12677.39754,15261.46765,18603.21838,23180.31135,28595.11535,34467.3411,40673.79065,47055.57426,53442.92084,59643.95879,65490.52191,70946.81135,75900.9636,80714.57143,91547.61456,99899.33988,99922.23054,99940.18121,99954.26734,99965.32669,99974.0132,99980.83818,99986.2019,99990.41807,99993.73273,99996.33894,99998.38834,100000
2205,41.27268277,2.571978949,1.886335842,1.039173379,0.825496013,0.820314035,0.814969118,0.809543638,0.804339019,0.799326421,0.794237568,0.789181783,0.784416733,0.974095985,1.546929934,2.110785505,2.662075936,3.573000996,4.537730628,5.329676887,6.134348522,6.761017882,7.316532659,7.779639146,8.049821127,8.536305076,8.970500213,9.193640828,9.477087213,9.985283424,10.55834175,11.04009071,11.52339163,12.23673048,13.16487838,13.93536219,14.84825549,15.90559405,16.81558123,17.86580372,19.12916077,20.60334251,22.13999495,23.5953172,25.25498299,27.39946726,29.81337979,32.28459748,35.09334064,38.17152174,41.78828017,45.94646296,50.44341314,55.28425658,60.74464159,66.9639485,73.79845994,81.44884872,89.78240379,98.73246102,108.5027296,118.9525267,130.0227078,142.0578052,154.9929443,168.8339391,183.7834594,200.3245593,218.5921977,238.6104612,260.8866808,285.8898199,313.7119091,344.7608331,379.7952435,419.2400721,463.3738904,513.1662844,570.0329017,635.4275289,711.2841416,799.3223457,901.0007794,1018.252388,1152.696307,1306.055011,1480.047734,1676.201996,1896.925419,2145.948693,2490.326012,3032.032209,3741.299712,4597.769526,5661.887348,6968.350512,8537.906121,10403.11127,12599.71784,15177.06328,18511.40322,23094.74509,28515.20725,34393.7864,40607.08261,46995.98854,53390.49697,59598.53235,65451.73772,70914.11816,75873.74656,80692.06303,91527.78758,99882.57305,99909.27485,99930.21489,99946.64726,99959.54897,99969.68272,99977.6449,99983.9024,99988.82118,99992.68822,99995.72878,99998.11973,100000
2206,40.82127354,2.543842663,1.865700042,1.027805184,0.816465362,0.811340067,0.80605362,0.800687492,0.79553981,0.790582049,0.785548868,0.780548395,0.77583548,0.963439716,1.530007085,2.087694321,2.632953942,3.533914132,4.488090381,5.271373391,6.067242637,6.687056804,7.236494819,7.694535411,7.961761962,8.442924298,8.872369846,9.093069675,9.373415608,9.876052826,10.44284268,10.91932206,11.39733649,12.10287254,13.02086794,13.78292409,14.68583207,15.73160544,16.63163947,17.67037502,18.91991397,20.37797175,21.89781728,23.33722267,24.97873695,27.09976734,29.4872799,31.931472,34.70949917,37.754019,41.3312276,45.4439415,49.89172095,54.67963654,60.08032292,66.23163762,72.99143676,80.55820058,88.80067133,97.65291577,107.3164176,117.6520346,128.6012715,140.5048977,153.2987527,166.9885925,181.7748786,198.1353948,216.2036372,236.003444,258.0366216,282.7670342,310.2857376,340.9961986,375.6488313,414.6639888,458.317281,507.5678186,563.8159494,628.4998054,703.5325552,790.6154448,891.1917092,1007.17387,1140.164232,1291.867512,1463.985452,1658.030499,1876.386088,2122.745001,2463.440678,3001.025933,3705.187477,4556.032009,5613.787844,6913.240927,8475.427361,10333.16362,12522.51412,15093.12571,18420.04122,23009.49468,28435.52245,34320.38867,40540.48397,46936.47827,53338.12452,59553.1405,65412.97649,70881.44004,75846.53928,80669.56092,91507.9649,99865.80903,99896.32083,99920.24956,99939.02777,99953.77159,99965.35244,99974.45172,99981.60296,99987.2243,99991.64372,99995.11862,99997.85113,100000
2207,40.37480149,2.516014176,1.84528999,1.016561354,0.807533504,0.802464272,0.797235654,0.791928229,0.786836861,0.781933337,0.77695522,0.772009455,0.767348103,0.952900023,1.513269365,2.064855746,2.604150531,3.49525486,4.438993171,5.2137077,6.000870847,6.613904812,7.157332537,7.61036265,7.874666101,8.350565035,8.775312949,8.993598692,9.270878085,9.768017119,10.32860706,10.79987451,11.27266028,11.97047887,12.87843284,13.6321535,14.52518539,15.55952006,16.44970981,17.47708406,18.71295604,20.15506623,21.65828866,23.08195127,24.70551256,26.80334558,29.16474691,31.58220897,34.32985606,37.34108271,40.87917397,44.94691618,49.34606255,54.08162897,59.42326942,65.50733522,72.19323878,79.67729174,87.82967369,96.58517431,106.1430762,116.3657606,127.1953747,138.9689659,151.6230799,165.1634154,179.7882497,195.9701537,213.8411766,233.4249106,255.2176979,279.6783589,306.8969847,337.2726723,371.5476875,410.1378542,453.3158524,502.03043,557.666801,621.6476111,695.8654458,782.0033869,881.4894289,996.2158856,1127.768405,1277.83413,1448.097487,1640.055997,1856.06915,2099.792206,2436.845595,2970.336733,3669.42381,4514.673376,5566.096962,6858.567179,8413.405809,10263.68628,12445.78347,15009.65236,18329.13012,22924.55896,28356.06032,34247.14757,40473.99457,46877.04335,53285.80344,59507.78322,65374.23822,70848.77697,75819.34175,80647.06507,91488.14651,99849.04783,99883.36849,99910.28523,99931.40885,99947.99454,99961.02233,99971.25864,99979.30357,99985.62746,99990.59924,99994.50847,99997.58252,100000
2208,39.93321261,2.48849012,1.825103216,1.005440527,0.798699357,0.793685576,0.788514155,0.78326479,0.778229119,0.773379239,0.768455583,0.763563927,0.758953576,0.942475631,1.49671475,2.042267017,2.575662217,3.457018501,4.390433056,5.156672838,5.935225123,6.541553054,7.079036237,7.527110679,7.788523004,8.259216113,8.67931778,8.895215842,9.16946224,9.661163231,10.21562108,10.68173361,11.1493479,11.83953346,12.73755583,13.48303218,14.366296,15.38931709,16.26977024,17.28590746,18.50826194,19.93459898,21.42138012,22.82947214,24.43527678,26.51016614,28.84574179,31.23676613,33.95436538,36.93266294,40.4320646,44.45532687,48.80637193,53.49016156,58.77340161,64.79095371,71.4037695,78.80601569,86.86929351,95.52910759,104.9825635,115.0935493,125.8048474,137.4498242,149.9657236,163.3581875,177.8233328,193.8285746,211.5045306,230.8745499,252.4295695,276.6234212,303.5452418,333.5898053,367.4913179,405.6611233,448.3690022,496.5534524,551.5847172,614.8701226,688.2818927,773.4851389,871.892776,985.3771231,1115.507345,1263.95319,1432.381946,1622.276353,1835.972198,2077.087594,2410.537631,2939.961369,3634.005345,4473.690187,5518.811228,6804.325822,8351.838119,10194.67608,12369.52297,14926.64067,18238.66771,22839.93677,28276.82024,34174.06277,40407.61421,46817.6837,53233.53369,59462.46049,65335.52289,70816.12896,75792.15398,80624.57551,91468.33241,99832.28943,99870.41784,99900.32189,99923.79052,99942.21783,99956.69242,99968.06567,99977.00423,99984.03063,99989.55476,99993.89831,99997.31391,100000
2209,39.49645349,2.461267164,1.805137277,0.994441358,0.789961853,0.785002915,0.779888065,0.774696126,0.769715544,0.76491872,0.760048929,0.755210791,0.750650881,0.932165277,1.480341236,2.019925399,2.547485553,3.419200429,4.342404163,5.100261903,5.870297521,6.469992777,7.001596444,7.444769426,7.70332225,8.16886648,8.584372724,8.797909223,9.069155801,9.555478235,10.10387107,10.56488506,11.02738445,11.71002047,12.59821987,13.3355421,14.20914469,15.22097594,16.09179898,17.09682208,18.30580692,19.71654331,21.18706299,22.57975471,24.16799691,26.22019354,28.53022597,30.89510172,33.58298171,36.52871027,39.98984542,43.96911413,48.27258382,52.90516276,58.13064093,64.08240648,70.62293347,77.94426709,85.91941467,94.48458795,103.8347393,113.8352469,124.4295216,135.9472889,148.3264834,161.5726905,175.8798906,191.7103988,209.1934171,228.3520539,249.6719001,273.6018528,300.2301045,329.9471535,363.4792336,401.2332567,443.4761351,491.1362268,545.5689664,608.1665254,680.7809852,765.0596789,862.4006005,974.6562855,1103.379587,1250.223038,1416.836959,1604.689457,1816.09285,2054.628483,2384.513684,2909.89663,3598.928751,4433.079035,5471.927201,6750.513436,8290.72097,10126.12989,12293.72975,14844.08807,18148.65178,22755.62694,28197.80161,34101.13394,40341.34272,46758.39922,53181.31522,59417.17228,65296.83049,70783.49599,75764.97595,80602.09221,91448.5226,99815.53386,99857.46886,99890.35955,99916.17276,99936.44145,99952.36269,99964.8728,99974.70494,99982.43384,99988.5103,99993.28817,99997.04531,100000
