AREACD,AREANM,time1,time2,time3,time4,time5,time6,time7,time8,time9,time10,time11,time12,time13,time14,time15,time16,time17,time18,time19,time20,time21,time22,time23,time24,time25,time26
E06000001,Hartlepool,299.3716491,303.9122781,307.2819218,314.1999256,315.5336654,308.4384531,306.3610161,314.4813436,322.7884572,330.2104579,338.3327515,345.2686518,352.8538615,358.4633318,362.9888151,366.7068455,371.4540317,374.4956287,375.6630145,373.7515837,371.2392802,369.1227566,362.538929,348.8414708,338.5862713,337.9936292
E06000002,Middlesbrough,244.3305817,241.7523702,241.8646505,245.2512097,246.3692437,240.1308895,236.7576378,241.6376327,245.7126426,249.3657582,253.4108405,256.4894202,258.8748208,261.3116171,262.2848406,263.4271118,264.7042013,265.0364394,264.4751629,263.1011184,261.8435977,260.286125,255.7957429,246.4851354,239.52009,239.4134356
E06000003,Redcar and Cleveland,371.3512727,375.0507488,381.7943676,389.4081541,391.5167034,382.0094948,377.0981474,385.5660614,395.0705876,403.7079712,413.2597289,423.0295556,432.0729102,438.5893142,445.1740093,450.7945428,456.6401085,460.5779974,461.9776367,461.405213,459.3412285,457.4578113,449.3602262,432.8110295,420.6212347,420.0469493
E06000004,Stockton-on-Tees,287.6141183,293.3067832,298.7186925,305.143454,307.6879665,300.9918687,298.2077462,305.4645252,312.9962275,319.5532936,325.8537508,331.993127,338.002525,343.1504416,347.569504,352.1317411,356.1837035,359.306986,359.8207692,360.1682132,359.5722631,358.2697453,352.6638654,340.2917994,331.4029172,332.4612873
E06000005,Darlington,314.012991,316.2700695,320.7301096,325.6520606,326.7202245,319.6687152,316.7951755,323.5593678,330.9843438,337.4204446,344.7414567,352.300811,357.9734599,363.735241,368.4333211,373.0910809,378.5036787,381.9899974,383.9185028,384.3875709,384.2816968,383.5382133,378.149271,365.8245581,357.2154417,358.6291379
E06000006,Halton,281.7670761,283.4845649,286.6370584,292.0028112,291.3816987,283.3727282,279.0011351,285.2554846,290.0868448,294.4181781,298.7297538,302.0741676,305.8688523,308.8517517,311.1943222,313.8140726,316.7376161,318.244873,318.9854441,317.9488763,317.1191588,315.7851794,310.4921219,298.3308975,289.1435359,289.0175014
E06000007,Warrington,288.5450254,291.8964559,295.6876258,301.3689506,303.1611677,297.0697917,294.4181642,301.3475883,308.7702582,315.9060518,322.7593014,329.8836521,336.2206328,340.7483622,345.4738746,350.3010184,354.8865357,357.6916295,360.0022274,360.3507012,360.2839601,359.643469,354.804111,342.8570439,334.2085231,334.7187122
E06000008,Blackburn with Darwen,214.7654391,214.2970853,214.0495386,215.7827935,215.2665518,208.6825418,204.8345629,207.7839392,210.9284466,213.6364814,216.6340903,219.2180541,221.956251,225.1432104,228.5459791,231.0662055,233.738338,236.288434,238.040697,238.6594704,238.9264827,238.902101,235.8259968,227.6517119,222.0320751,223.2693629
E06000009,Blackpool,312.1934206,312.9152177,315.6997278,319.749663,319.6434907,311.1463257,306.6834779,313.5116511,320.0664376,327.2353037,333.1762175,339.3593232,345.212771,349.9292248,355.679543,359.4775313,363.3755386,366.0331286,367.1679453,366.3299562,364.6712074,362.8176278,356.5258391,343.0209064,333.0674605,332.669917
E06000010,"Kingston upon Hull, City of",220.9714026,220.7974647,222.0409295,224.8867755,226.0150173,220.487973,217.5624933,222.3164227,226.8726554,231.6658773,235.7588001,239.3339034,243.281974,246.2265895,249.3382018,251.6727597,254.5643999,256.7093351,258.062954,258.4390636,258.4177646,258.0961286,254.357797,245.4021345,238.821135,238.88018
E06000011,East Riding of Yorkshire,429.0246458,433.5577031,439.5706467,445.9593163,447.0768184,435.7433205,429.6654001,438.3272913,448.0501492,457.9620456,466.9796559,475.8152934,484.2872831,492.266498,499.7596513,505.808594,512.8766036,518.6250041,521.9638826,522.2261605,521.7684469,520.1097485,511.5048734,492.6351643,478.8728696,478.809952
E06000012,North East Lincolnshire,325.9953742,329.5448712,334.7250943,341.2257631,343.0984826,336.2188602,333.8052668,343.2147871,352.9816595,361.4427751,370.2006774,378.7086544,386.829412,394.2017249,401.8217246,406.9694877,413.9842067,419.0239008,421.4081755,422.1125061,422.0931589,420.7942043,414.7860584,400.4583043,389.7856841,389.5897547
E06000013,North Lincolnshire,345.6782991,349.2562739,354.7688721,361.646147,364.4287908,357.137052,354.416886,362.9318509,372.3306078,382.2904962,391.6450824,400.2751584,408.6890674,415.9822826,424.2102605,430.6735863,436.3391482,440.8594443,443.1640173,443.9928506,443.6612885,442.4136046,435.8269149,420.3655125,408.8788203,408.7629025
E06000014,York,273.8091744,270.8131335,271.0322624,273.4792622,274.6106079,268.6667105,265.4814423,269.859036,273.5696413,278.7616804,283.4378805,287.3728664,291.715425,295.3592781,299.2582336,303.0446671,307.0416755,309.7843767,311.1562407,311.5650262,312.1811188,311.531398,308.3336531,299.1926766,292.6961686,293.4914628
E06000015,Derby,242.1955545,239.5995059,239.2508615,241.4115995,241.9122219,235.9412776,232.4090889,236.6846283,240.6206152,244.8967757,249.6811253,253.9554408,257.873135,262.0893789,266.5796653,269.7847649,273.7947035,277.2607449,279.240062,280.4959473,281.5535518,281.8414417,279.3407006,271.029199,265.1659822,266.1607926
E06000016,Leicester,164.276654,161.0121337,159.9333551,162.1753092,163.5935167,160.0158454,158.1254811,160.8186455,163.6112649,165.9417065,168.5802093,170.8470014,173.312769,176.2171749,179.0091389,181.7966525,184.501981,186.737501,188.4473353,189.416439,191.0532001,192.6688465,191.6757318,186.052292,182.3604453,184.3354542
E06000017,Rutland,408.6495308,417.1787111,424.9796228,435.8293788,440.514059,432.9056432,427.9328225,436.7368622,444.5630587,454.831752,463.6608623,471.2940584,479.3535505,489.3847773,497.3741201,505.0337931,513.6983214,520.4768375,523.8167852,525.5775256,526.2250009,526.3270451,520.764725,504.7056349,493.765251,495.5006294
E06000018,Nottingham,155.5198535,151.7851265,150.1782917,152.2391975,153.0086207,149.2750564,147.2696711,150.1514472,153.2760429,155.7746531,158.9257166,162.523262,165.6952309,168.4986875,171.2328864,173.5541971,176.501957,178.7616065,180.5718486,181.683499,182.8748533,183.7492003,182.4362652,176.9687263,173.1465315,174.119796
E06000019,"Herefordshire, County of",423.5925414,427.6259452,434.340214,442.0483319,444.1971629,435.1337067,432.277787,442.8344551,453.2109253,464.1509815,476.2068581,488.1523204,498.614409,508.1210321,517.6467614,525.0932554,532.7619582,539.1910918,542.8501749,544.2750238,544.9664671,543.6904402,536.4372347,517.615465,503.9838304,504.2536308
E06000020,Telford and Wrekin,264.8194261,264.021221,265.4784505,268.6123092,268.645451,261.5808491,257.7063079,262.0098777,266.2441093,271.7490434,277.1853713,282.5361648,287.5064734,292.2547422,297.4305425,302.1626669,307.1000919,311.1624662,313.9291213,314.3337345,315.2321114,314.8241705,310.8911377,300.7491484,293.6021498,294.8599061
E06000021,Stoke-on-Trent,256.6347005,255.6437529,255.2649795,256.8892235,256.058629,248.7137137,244.5981178,247.9691421,250.739882,253.9415743,257.5928062,261.4059349,264.8896852,267.7714629,271.0579234,274.0204041,277.3815081,279.5032071,280.6881919,280.560247,280.1973462,279.1895108,274.728665,264.9903035,257.9185751,258.4537623
E06000022,Bath and North East Somerset,282.3718074,280.7991481,280.7455968,283.0630138,283.3830956,276.7621117,273.2011151,277.6922519,281.0953378,286.0547255,290.7997922,294.9529978,299.5106936,302.8148371,306.1401193,308.9227417,312.2013343,315.3741405,317.4252245,318.0760425,318.2299397,317.8094886,314.2957386,304.8414762,298.0635126,298.8918629
E06000023,"Bristol, City of",170.0516758,165.4697392,163.0478142,162.6788418,160.7846391,155.2269534,151.6230898,152.2411297,153.1060429,154.0431398,155.2107642,156.4275076,157.3895791,157.9571273,158.5157224,158.8206304,159.5782076,159.7108698,159.6330624,159.4715232,159.4018895,159.3498611,157.6006373,152.679189,149.2697652,149.9756962
E06000024,North Somerset,385.154459,384.8072422,386.7553477,388.85144,386.9839724,375.7036146,368.8289591,373.2576939,378.0836807,382.8635225,387.5512079,392.2167702,396.277768,398.9007807,402.0737739,404.3923413,407.2879768,408.7792309,408.9816969,408.5274771,407.7096905,405.8613311,400.3774677,386.859351,377.0844444,377.4823282
E06000025,South Gloucestershire,277.6413557,274.6145459,273.6238693,273.94016,272.1240223,263.9382777,258.7606487,261.0248919,263.9433326,267.1644334,269.8969327,272.7399307,275.188008,276.296411,278.1867498,279.3170776,280.842551,280.8250004,280.4727841,279.485816,278.2839604,276.9458794,273.2159345,264.2867187,257.748122,257.7880904
E06000026,Plymouth,270.5464289,271.9492553,272.8710929,276.6232667,277.3490139,270.7807066,267.5144834,271.9604051,276.7193684,282.3301909,287.4723088,292.7173251,298.3980287,302.5158674,307.1077688,310.8863733,314.6997027,317.2713233,319.3834845,320.4567443,320.6102253,320.8725158,317.4313337,307.6084351,300.5306187,301.770287
E06000027,Torbay,437.3767198,441.6775567,447.7549716,454.4137617,456.2756852,445.519852,440.3664083,449.3490863,459.3534584,469.8965393,480.8281885,491.3507662,501.8579932,511.0688931,520.1918437,528.3304356,536.9804017,541.9983083,546.2317043,548.3065139,548.9940421,548.9899353,542.5803343,524.0875967,510.8666297,512.1944754
E06000030,Swindon,233.7600449,235.302989,238.1314437,243.0584228,245.9457825,241.7147578,240.2643206,246.5620301,253.3126654,259.554594,266.1388289,272.4721532,278.6442804,283.9430298,289.1904798,293.5793548,298.4724132,303.022426,307.2391524,310.1146082,312.1493765,313.573811,311.6569803,302.9787857,297.2350943,299.3683417
E06000031,Peterborough,210.7251081,210.0641464,210.8241234,213.2974193,213.3499112,208.6268737,206.4735915,209.4644254,212.9608509,216.826345,220.4287174,224.2953059,227.7644133,231.2187766,235.0052526,237.564783,240.4958678,243.4407884,245.9472699,247.8148261,249.4758688,250.9907079,249.7729402,243.035873,238.7803481,241.5622652
E06000032,Luton,166.8417355,162.5530558,160.2697704,161.7212674,162.2946195,157.8694088,155.20173,157.9196927,160.4264924,162.9682231,165.5212687,167.3781181,169.7202518,172.4196609,174.5038447,176.5353582,178.0601022,179.9029657,181.101769,181.9482601,183.1179358,183.9468472,183.0484256,177.662071,174.1988305,176.1808538
E06000033,Southend-on-Sea,291.9100352,291.4680335,293.7386383,296.7343377,297.1693554,290.1240085,286.2300549,290.97511,296.0723865,301.5893596,306.1830306,311.1791131,315.1927533,319.1703794,322.8496639,325.8545972,328.6950724,331.9902986,334.249804,335.7614886,336.1048034,336.6662633,333.5079725,323.2663299,316.2881564,318.7024939
E06000034,Thurrock,198.489336,196.0537657,194.13907,194.0094247,192.1259635,185.4874345,181.3508475,182.9698448,184.6321224,186.6414646,188.653603,190.9127641,192.889571,194.3536458,196.2523299,197.528143,199.0763216,200.0176685,200.880492,201.381042,202.120179,203.0403839,201.2408681,194.6991936,190.3759789,192.0267528
E06000035,Medway,244.3709417,244.4634954,245.0856434,247.3582377,246.6692377,239.7191113,235.7081232,238.89432,242.6316988,245.605206,248.9258177,251.9057275,254.2785177,256.1292939,258.2577766,259.6328719,260.9231295,261.69473,262.0127052,261.7718146,261.778919,261.3008125,258.4812456,249.8328161,243.7726497,245.0679656
E06000036,Bracknell Forest,219.5678946,221.9707722,225.7817525,230.3379863,232.5842693,228.2762681,226.4956822,231.3273052,235.8811367,241.5963351,246.3588104,250.7113619,255.5285253,259.6041192,263.1737589,266.3978728,269.9578454,272.9704909,275.3528508,277.6254106,279.2008039,280.46563,278.5165565,270.8199201,265.9201905,268.2805569
E06000037,West Berkshire,301.3602414,306.4255018,311.8071393,318.8516978,321.4135777,315.705085,313.4298506,320.6100698,328.3332603,335.3869665,342.2361648,348.7967879,355.6790559,361.8681653,368.8366284,373.7874369,379.9355889,384.6666304,388.1903151,390.6873092,392.9321114,393.6525434,390.4341883,378.7376122,370.648649,372.5021897
E06000038,Reading,164.7443087,161.8950774,161.0477578,163.375221,164.3494894,161.0631696,159.4835834,162.2129415,165.3450509,168.5140519,171.5665342,174.8132933,178.4243737,181.2386578,184.0893679,187.0445336,189.90131,192.5047833,195.0527028,196.8346927,199.283391,201.3150567,201.2024854,196.2410395,193.1717534,195.6025641
E06000039,Slough,138.8436676,137.8440861,138.1316071,140.2800438,140.6622254,137.0290135,135.1346839,137.7426594,139.5807484,141.526547,144.4388671,147.0371324,149.4876299,152.5895523,155.5536528,158.0743015,160.7879374,163.5199621,166.1919333,168.4342833,171.2212536,173.598734,174.2697674,170.020868,167.7855327,170.9651172
E06000040,Windsor and Maidenhead,280.2519072,282.099492,284.4708218,289.6139547,292.4079748,287.5834251,285.5075763,292.01272,298.6106095,304.3482921,310.7245299,315.9548517,321.7318992,327.4680692,332.3777737,337.1825811,342.6853409,347.2126617,350.9480175,354.2887172,357.4226375,359.795573,358.1881732,348.877609,343.13669,346.4204404
E06000041,Wokingham,259.4706115,258.2040677,259.1224118,259.749875,258.2461675,250.3193975,245.4989422,248.0067217,251.1237275,254.8968817,258.1514031,260.7012905,263.606545,265.8744647,269.1030356,271.3959131,274.4134393,277.5992844,280.1359373,282.6030282,284.680653,286.6630218,286.0304423,278.8534383,274.5145989,277.6628119
E06000042,Milton Keynes,201.5558773,203.401667,205.4468009,209.4433788,210.871445,206.4462016,204.3094559,207.6677356,211.3088099,215.5733463,219.2018492,223.0043083,226.7759277,230.0186866,233.603821,236.6899673,240.1573738,242.8354192,245.6471863,247.9098318,250.201099,252.2871991,251.5753888,245.0461024,241.1181641,244.4138821
E06000043,Brighton and Hove,186.204929,182.4226356,180.9185251,182.8666024,183.611792,179.5640909,177.5282261,180.8922692,184.6828649,189.148855,194.5027926,199.8222335,204.655507,209.4787841,214.6187926,218.378504,222.6111411,226.9949003,230.3456755,232.6381056,234.0334902,235.196217,233.9379535,227.2389779,222.6927095,224.1382453
E06000044,Portsmouth,207.1961084,204.4987812,203.7292961,205.9485792,206.4065412,201.9399526,199.9480707,203.8081873,208.2012374,212.1393244,216.5520544,221.1120953,225.4379467,229.3388804,232.4368189,235.6501085,239.0733901,241.6235597,243.1670501,243.9505738,244.7017631,245.1776144,242.8428275,235.6109609,230.5535152,231.1767393
E06000045,Southampton,186.406545,181.2210227,179.4149077,180.9612307,180.9024799,175.9633324,173.0305662,175.1456702,177.747132,180.2444201,183.3353465,185.7659205,188.3455857,190.5658842,191.9522527,193.8892574,196.3813552,198.0552879,199.6935286,201.0065179,202.239224,203.7183854,202.7248582,197.1342619,193.5961264,195.3693489
E06000046,Isle of Wight,494.0636201,498.7414885,504.7251676,514.2427151,517.5982811,505.8915304,499.8547624,510.9569063,523.3059435,535.1421377,548.6086476,561.5756704,574.8054436,586.6932396,596.7644836,605.7037424,615.1165585,620.73903,625.8237246,628.2505601,629.9008432,629.3928846,621.678482,599.7537582,584.4100419,586.8023551
E06000047,County Durham,321.7658218,321.7876982,323.7280871,328.3573768,328.018367,319.0270611,314.3747025,320.4313204,326.4346948,333.0500819,339.9105596,346.415741,352.6984595,358.0709083,362.9035911,366.4305456,371.3325714,374.5517354,375.9385248,375.0968155,373.7289696,371.7995271,365.3877945,351.874941,341.9035216,342.0328473
E06000049,Cheshire East,348.4755301,348.9078328,350.8723037,354.4681903,355.0080925,346.0993809,341.5194915,347.66819,354.7900567,360.9322221,367.1853157,372.8288971,378.03176,383.8664177,389.2211921,392.9545726,397.0577985,400.1784719,401.7070776,402.1562914,402.0299142,400.8406927,395.5143015,382.158498,372.5470058,373.2032109
E06000050,Cheshire West and Chester,325.0141603,326.3843875,329.0073653,332.7548007,333.3317905,325.2599794,320.9594228,326.7937814,333.5257375,340.4612257,346.4304096,352.2983918,357.3079024,362.6335875,367.4647433,371.6834019,376.139393,380.066377,382.2025132,382.7283906,382.7272714,381.495407,375.8126759,363.1399753,354.0714021,354.9494934
E06000051,Shropshire,409.0225948,413.276944,419.4643334,427.4017682,430.10776,421.9298076,418.9767939,429.0139417,439.851483,450.3777121,461.5110327,472.662032,483.5161288,493.3526011,502.5820095,509.2636804,518.5285457,525.4892903,529.7810095,531.2698401,531.5999384,530.3464654,522.654703,504.5133839,491.4395828,491.9216465
E06000052,Cornwall,405.9357149,408.0086196,411.2725648,416.3184867,416.2886789,404.5654677,398.080281,404.6531915,411.9537254,420.56259,428.472158,436.850475,444.8732477,451.8699581,458.6973604,464.5639341,471.3281958,477.0092859,481.0695982,482.9775805,483.6040778,483.1697891,477.3238601,460.7548186,449.0322612,450.3101822
E06000053,Isles of Scilly,416.484318,409.3688242,405.7638097,394.8042383,390.6708155,374.3774151,356.8874197,351.3688453,347.3850396,345.6859045,342.5544362,340.4323831,337.8903248,338.5274742,341.7234889,343.367896,343.560051,341.5101889,339.5535869,338.1058364,334.8214966,332.4619183,328.1243118,318.1711232,311.6229705,311.2819408
E06000054,Wiltshire,344.0375248,348.1092258,353.6846596,361.0078425,363.889685,357.3089772,355.1628145,363.4014764,371.9615471,381.0423687,389.8354038,398.6729973,406.7982416,413.7910694,420.395131,426.4025388,432.2634267,438.043277,441.9407596,443.861626,444.7599549,444.4914432,439.3582173,425.5676149,415.7636829,416.6516681
E06000055,Bedford,251.5227727,251.0964155,251.7035359,254.1471425,253.9840332,247.5743636,243.7761241,248.0243494,251.5561639,256.3909372,260.325347,264.6055776,269.074089,272.9569051,276.4338964,279.4086389,282.9197178,285.2675231,287.4589825,289.1702742,290.1380825,291.438202,289.364371,281.209858,276.0271203,278.8680265
E06000056,Central Bedfordshire,268.5853577,268.3610247,268.915712,270.9738711,270.3085207,262.5538295,258.1901764,261.8537217,265.593539,269.1791447,272.546988,276.2542826,279.2358477,281.2836985,283.3739252,284.740946,286.9999612,288.5232856,289.1871752,289.2716944,289.5547189,289.4201809,286.5946742,277.5504983,271.3623704,272.8723359
E06000057,Northumberland,410.9146619,418.2599105,426.1669525,435.4805929,439.372332,429.4900656,424.9064397,435.0456088,444.7707804,455.2723474,465.8928577,474.5279316,482.9209263,490.4521259,497.3010174,502.4048361,509.3431279,514.4898572,516.7429385,516.8963675,516.1222046,514.3561231,505.7894704,486.7950597,472.7614507,473.2355737
E06000058,"Bournemouth, Christchurch and Poole",326.9539114,325.3436673,325.8447195,328.8159612,328.7775928,320.9212313,316.6317687,322.1865907,327.4512342,333.2584029,339.3406774,345.5529504,351.6449466,357.1717405,362.5402699,367.3632767,372.6974759,377.0329079,380.3925384,382.6354585,384.9577308,386.5813756,384.1126959,373.6370612,366.7201231,369.7217795
E06000059,Dorset,505.1370972,512.6222124,521.5637613,530.9593151,534.1806,522.8509522,517.8978003,530.3436183,543.2794837,557.3104105,569.9863908,582.2894825,593.9588242,605.2856401,615.6227047,624.3179268,633.5210682,640.4763251,645.5683722,648.0570619,649.3383819,648.5225766,640.553596,618.4473159,602.9220309,604.8235666
E06000060,Buckinghamshire,287.7456339,289.3615641,291.5448303,295.2362353,295.5086108,288.1696161,284.1376268,288.6528743,293.7591165,299.1040764,303.9824708,308.4717188,313.2790685,317.1447328,320.42878,323.0498777,326.3246957,329.3518916,331.7446837,333.1335566,334.174724,335.203705,332.8409509,323.4114813,317.274794,319.7802988
E06000061,North Northamptonshire,273.730184,273.7990741,275.6579314,278.1093908,278.131677,270.9123101,266.9357116,271.0802646,275.9742487,280.778483,286.3890988,291.4483157,296.6320114,301.520906,306.2538798,309.7130967,313.9674467,317.144988,319.3034874,320.542425,321.1992227,321.5442344,318.4789126,308.2473514,301.1297255,303.026688
E06000062,West Northamptonshire,254.0822093,252.978657,253.4036245,256.215427,256.6221674,250.5003276,247.090903,251.676509,256.1872273,261.0097542,265.5253062,269.7334538,273.9208107,277.9327849,281.6237416,284.12352,287.6635342,290.471611,292.3329191,293.6541891,294.600417,295.0052069,292.1362857,283.2335764,277.2240223,279.2105768
E07000008,Cambridge,145.2504865,141.4459906,139.6738898,141.5676161,142.4203554,139.7372932,138.1674829,140.8884026,142.8361425,144.9890712,147.8833215,150.8956599,153.9562811,156.4440414,159.0256059,161.327713,164.5880185,167.1310542,169.3163623,171.4097158,172.9811683,175.0427047,175.0169839,171.3283722,169.2145612,171.6884353
E07000009,East Cambridgeshire,322.5408796,323.1037879,327.0960139,330.0419639,330.8027708,322.606016,318.3170053,324.2551226,331.180162,337.6276632,344.0559052,350.6921499,357.0090022,362.7442684,368.1753577,373.1246033,378.2832433,382.8176696,386.7748703,389.1482105,391.2834139,392.3055986,388.8347367,376.7542464,368.3653188,371.0555011
E07000010,Fenland,364.1913002,366.5422323,370.0020136,373.7923295,375.6050068,367.4653281,363.4290583,370.4387646,379.1449019,387.4339384,395.0650735,403.1115011,410.4956687,417.7865921,424.202834,430.1020573,436.0419358,441.3004725,444.6302599,446.2787493,447.3516013,447.791113,442.6664101,428.4393015,418.6918023,420.8820426
E07000011,Huntingdonshire,308.2862851,310.0111258,313.1852206,317.3394495,318.2875558,310.7458149,306.3583357,311.1324375,316.6197165,322.0930666,327.2320353,332.9107707,337.2893426,341.1940161,345.3126726,349.0421531,352.8457414,355.7298624,357.9938639,358.9229035,359.7426005,359.793794,355.8486617,344.6556193,336.9620674,338.4947327
E07000012,South Cambridgeshire,303.7231593,303.5735674,305.0188408,307.1584919,305.7892987,297.4714002,292.5955629,295.7709225,299.8605532,304.854017,308.756915,311.534962,315.3698945,318.9264382,321.5746017,324.8112225,328.4289424,331.4043279,333.6523141,335.5027136,336.4353427,337.479872,335.3217507,326.1120831,320.1720193,323.0475866
E07000026,Allerdale,397.0195077,402.0721519,409.6381717,417.0502384,418.7997075,409.1620413,405.4647963,415.2162899,424.3236466,435.1578948,446.7722249,456.6292623,467.8743356,477.0035108,486.2328439,492.7297989,502.8381039,508.6431319,512.4364705,512.8704264,511.5225735,508.3440461,499.5964363,480.9745099,467.1329503,466.1403145
E07000027,Barrow-in-Furness,329.0541503,330.8923633,332.1055866,336.2097327,337.482207,328.2987896,322.8837804,327.7802115,332.9025875,339.6528631,344.5744117,349.698532,355.4048426,359.1700958,361.9045159,365.2232302,368.3306975,368.930362,367.6191685,365.3587464,362.0290672,358.8596985,350.9173665,336.8462263,326.1544983,323.5024647
E07000028,Carlisle,334.3296945,338.8324606,344.9410621,352.7495072,356.1505568,349.0764031,345.9706739,354.2920016,363.2482212,372.6764121,380.8115114,388.5850048,396.4052718,402.84321,410.8257636,415.4892557,421.9911358,426.4694815,429.9330095,431.0485654,430.4807432,428.7876123,423.0430983,408.6729736,398.2604116,397.482091
E07000029,Copeland,361.2882961,366.0208419,372.0706637,380.0412755,382.7810472,373.059502,367.8550669,376.140593,385.6071936,395.9490675,405.8822003,414.923685,422.6520702,428.3029625,435.4127921,440.417541,445.9349466,448.5175989,449.6576653,449.1916962,446.9598694,444.5133269,435.1522283,417.0923284,403.2308731,400.4757059
E07000030,Eden,417.1206226,420.0154326,428.57603,436.7512495,440.0215603,429.7696621,425.892164,437.4146512,449.8709701,463.9957494,478.2716568,489.9481918,500.920925,512.647914,525.1369571,533.0041411,541.2141213,547.7818494,550.6880791,551.635388,550.6958808,548.3985262,538.9419091,517.3460603,501.4440118,500.6295212
E07000031,South Lakeland,457.9123491,460.8758014,465.3517084,473.3182119,476.4043844,465.3223917,459.7864184,468.8331428,478.6747343,490.2067804,499.7634279,507.8181925,517.0829317,522.7926843,530.8833637,537.6344514,544.3466462,549.3160687,550.0280052,550.8144444,549.0574446,545.8080557,536.6482304,516.137291,500.9885911,499.6986663
E07000032,Amber Valley,350.6811885,351.9700092,354.049307,357.8509084,356.0672893,345.5621347,339.8271662,344.5730114,351.5829538,358.5862293,365.4299254,371.2617459,378.1415868,384.3235754,390.4469833,395.340405,399.9251709,404.7482075,406.5192245,406.8912411,406.3273062,404.5380802,397.9659407,383.0916441,372.0185098,371.3367235
E07000033,Bolsover,301.6837355,303.44005,305.5241632,308.864013,308.007868,298.523872,293.0584364,297.6295951,303.9904432,310.3767541,316.9301113,322.8973681,328.9885623,335.1635105,341.9045414,346.0649156,351.4838489,354.7729349,356.7790847,356.2051424,355.387341,354.3108285,348.3009273,334.9690785,324.9539255,324.3758709
E07000034,Chesterfield,331.8926402,335.4177296,340.0902372,345.1790843,346.926037,338.6717254,334.5974789,340.698153,348.1316643,355.6652006,363.8885845,371.4789516,377.6169959,382.3633551,387.8766844,392.6610142,396.7090753,400.2523386,401.4698575,400.4228354,399.0518052,396.398017,389.1474626,374.8507183,364.2695387,363.309029
E07000035,Derbyshire Dales,462.8053867,468.1453672,474.4355567,481.9144755,484.6404384,472.9386833,467.5216266,476.7474697,488.4959371,500.4857928,512.1360451,523.9532047,535.3956658,545.9512978,555.006407,562.1201548,571.5485857,577.7791123,581.3587826,581.6794702,579.4207422,576.1082665,565.716628,543.0322687,526.1782511,524.4841404
E07000036,Erewash,314.0162292,317.0004477,319.5171057,323.2327116,321.9753105,313.2624605,308.8316557,314.3156748,320.6158945,325.786356,330.6249957,336.7703925,342.1096934,347.0236566,351.5859698,354.8474959,359.3850456,361.6447032,362.4838827,362.6781671,361.8170775,359.2925454,352.884154,340.0437349,330.4629352,329.8136325
E07000037,High Peak,335.3566276,341.2290972,347.4626329,355.4097074,357.8478366,350.317783,347.2050191,356.1493178,365.1524086,375.2788827,382.5012095,390.1484055,398.21499,404.6442694,410.2223656,413.9199364,418.1461956,420.5638205,421.7776824,419.9558124,417.6371933,413.9167601,405.8923929,390.0633005,378.3704315,376.7113548
E07000038,North East Derbyshire,391.2401022,392.248183,395.5766755,398.6731513,397.3969836,384.6847363,376.2541683,380.3599799,385.869731,390.9513054,396.7946522,401.2734507,407.0751917,411.0716233,415.1657251,416.8218731,421.1664384,422.8179124,422.6665515,421.0413278,418.676602,415.4776664,407.4934591,391.6032557,379.6404579,377.9054538
E07000039,South Derbyshire,276.4003283,274.9047928,275.9992685,277.8801723,276.8241596,268.8600219,264.3369882,269.5017113,274.5418833,279.2830388,284.6084607,290.5001348,296.4012287,302.0071581,306.7033391,310.8565603,316.0877887,320.4799697,322.7684532,324.102057,324.6592648,324.0745683,320.5074752,309.9551398,302.5486585,303.6347447
E07000040,East Devon,511.0006604,511.5576471,514.1931351,518.1790403,516.1524293,500.7412836,491.3943351,498.3593487,505.5750652,514.748928,523.2202516,531.8157632,541.3180798,549.5356428,557.7436573,564.4880095,570.7992692,577.1396571,581.0418285,582.9551734,583.4421229,582.7878553,575.7018237,556.5451337,543.1037622,544.7777316
E07000041,Exeter,222.1526776,218.4850902,218.1674149,222.1732193,223.4703255,219.1655208,216.8703523,220.1677155,223.7695497,227.1589802,231.4745204,236.0719597,240.3693075,244.2356128,247.9841343,251.1508824,254.1483039,257.3580013,259.702123,261.5560345,263.4710418,264.718181,262.9717482,256.3153229,251.763737,253.7106005
E07000042,Mid Devon,389.085214,389.1118744,391.8384033,396.0461688,395.8121297,384.748054,378.6973414,384.1729231,391.3975403,399.2014411,407.4851277,413.4504948,419.7280316,426.1641391,432.0962293,437.722154,443.584379,447.3933151,449.7486555,450.2846058,450.1470825,448.81215,442.4902797,426.8260287,415.8215867,416.4037654
E07000043,North Devon,418.5004144,422.3422488,427.8053383,434.2797164,435.8748924,425.4989979,421.1948598,430.2609197,439.8307167,450.8213418,461.0930065,471.26518,480.5944897,488.6712239,496.9896264,504.7367688,513.0374581,519.1442032,524.0408949,526.8682745,527.5662935,527.8373417,521.5511881,503.9542214,491.6746667,494.0617716
E07000044,South Hams,470.9849983,475.7471965,481.2816829,488.1584701,489.0399803,474.4898101,466.0995906,475.3172911,484.2362119,493.3475304,503.2851253,512.4629848,521.1049357,528.5755657,535.462823,540.3616906,545.6037089,550.1195601,551.8357943,552.0379557,550.6331583,548.7423252,540.4366055,519.971675,505.1638386,505.9243517
E07000045,Teignbridge,444.8046624,449.7179201,454.4576721,460.4022354,460.8581741,449.1986102,443.2538568,452.4832516,462.4499317,472.548003,482.5776584,491.730465,500.2129415,507.4210902,515.2257658,521.1723783,527.4173078,532.1495752,534.9624741,535.5699671,535.0137161,532.9517268,525.0642094,505.9165312,492.1552163,493.0047419
E07000046,Torridge,476.7991462,483.564739,491.1282974,500.7457348,501.8407336,487.8420172,479.640125,490.2810379,501.1498168,513.647369,525.1053002,537.3669101,549.2840283,559.5697975,569.1058156,578.5695569,589.526195,596.0742395,600.4555153,601.7215178,601.6657331,601.2873522,592.3436231,569.3595855,552.9275866,554.1075897
E07000047,West Devon,475.2876647,482.1146161,488.7224799,498.3230875,502.0546857,492.2378203,488.5888735,501.2848904,513.9671555,530.3517656,544.3560881,558.0647535,570.75499,581.919979,593.4055549,600.7417586,608.5418198,615.8158544,621.3782363,623.760678,623.4957796,622.0858841,612.9267468,590.2827606,574.1000709,575.669834
E07000061,Eastbourne,394.6115719,393.7777322,396.7279813,401.6090527,402.9449525,394.5695429,390.442817,398.3668854,407.109315,415.9966466,424.7185659,432.9616802,442.085948,450.2196553,457.4395893,463.1525414,470.6012255,476.6485093,481.4205528,484.6474687,487.4758259,488.9985882,485.0692143,471.534333,462.6905611,465.9118732
E07000062,Hastings,310.3842635,314.1898848,317.1792734,322.3559052,324.2633115,316.6654042,313.0643922,319.4008993,327.4066767,336.0158826,343.9948614,352.522274,360.3264908,367.4334182,373.3224448,378.7190591,385.0757752,389.6696844,393.5653973,394.9451008,396.213519,396.6186751,391.8829848,378.5739815,369.3549434,371.4784144
E07000063,Lewes,441.6522291,442.8952432,446.2833269,451.4630958,452.0740401,440.6148156,434.1335771,440.9088946,450.1278441,458.4824003,468.696438,475.7637793,485.3860552,492.5803206,500.3219384,506.5933465,513.6762322,520.435302,524.6527219,526.4189532,527.7900767,528.1147661,522.629593,506.0095671,494.2298445,496.565953
E07000064,Rother,572.961667,572.9863357,575.6397365,580.7136434,579.0840705,562.1424262,552.943192,561.982327,573.7580142,586.5085445,598.809363,610.4593546,622.7469271,631.4119188,640.6790438,648.0123301,657.3397166,664.4318488,669.3971896,671.4226678,672.461565,672.0368433,663.2901383,639.9325292,623.7625949,626.3492307
E07000065,Wealden,436.8949463,439.8238823,443.9500559,449.7019865,450.0531492,438.3463742,432.1791671,439.2388014,447.838491,457.5306876,466.2389946,474.5829779,483.6844678,490.7341433,497.1395745,502.8040107,508.6510852,513.7632294,517.2420292,519.3558293,520.0424703,518.6423509,511.8494559,494.2223658,481.8404576,483.340477
E07000066,Basildon,255.6094119,254.6237346,255.1057834,257.0280389,255.9566466,248.3788624,243.6887277,245.7811834,248.5072899,251.1251184,253.2772795,255.3299697,257.5515892,259.6062686,261.4157176,262.4841392,264.0371546,264.4349335,264.8124451,264.0704759,263.8256204,263.746319,260.4734154,251.669933,245.4808705,246.086811
E07000067,Braintree,316.2290803,318.2955561,321.2981946,324.7857037,323.9265635,316.0382202,311.6242346,316.6864156,322.3220366,327.2493542,332.0925593,337.3971737,343.1858034,347.7107584,351.3837476,354.6829734,358.0960416,360.7147154,362.6191179,363.4350694,363.7692661,363.1469256,358.587755,346.9356578,338.7608372,339.7288588
E07000068,Brentwood,311.1505163,311.3237141,311.9247789,312.0819501,311.3476412,302.9250739,297.6584759,301.6108842,304.2687094,308.2721178,312.465102,314.8684432,317.9900852,319.9930669,320.9838357,321.9878728,322.2276123,321.9538679,321.7049352,320.8957386,320.8826299,319.9663981,316.1570995,306.0271235,298.9334144,299.2838678
E07000069,Castle Point,413.0377008,415.6561334,417.8271285,420.2608281,416.5140927,404.1130688,396.8939661,400.0853198,404.4350963,408.0749931,412.5364748,416.5477242,420.1739633,422.8751905,425.8866102,427.3866539,428.7547248,429.0553999,427.9884966,426.5821977,425.6078919,423.8181802,417.5143738,403.0990046,392.6618281,392.8690943
E07000070,Chelmsford,292.59028,292.2100061,292.5695386,293.8033916,292.1913328,283.998253,278.929243,282.5176068,285.1115465,287.9975738,290.545849,293.1792017,295.9108778,298.8969311,301.0447606,302.6307092,305.0020636,306.4640044,307.4770964,308.0707428,308.4668753,308.620929,305.5616584,296.2217871,289.7930531,291.1989917
E07000071,Colchester,265.815373,260.8894273,258.6830175,259.8148129,258.5329827,251.5839818,247.3644604,249.9852177,253.042833,256.4621365,260.1036359,264.3310777,268.0074696,271.574672,275.0898881,277.7123209,280.8751558,283.4736989,285.3418727,286.5146236,287.6716763,288.1888179,286.143084,277.9977849,272.5136658,274.37069
E07000072,Epping Forest,300.7113015,301.1061045,302.2271631,304.8138537,305.6897127,298.4908516,294.9407026,299.7421983,304.8217707,310.0161853,316.0688713,320.2611483,324.4760702,328.1491044,331.8594587,334.482787,338.4705867,340.5287291,342.2557731,342.835524,344.0005618,344.9548714,342.4106232,332.5528196,326.0993197,328.1814298
E07000073,Harlow,212.9413313,211.5106663,211.8047163,213.1381508,213.5585446,207.7300089,204.2554427,207.365029,210.3866768,213.6849789,216.7274779,219.767739,222.395219,224.4256722,226.2403702,227.3653478,228.8238095,229.7328234,230.0149309,229.2259104,229.5012626,229.1840637,226.6916944,219.2755189,214.195022,215.5905543
E07000074,Maldon,402.0242614,405.9277626,411.1581828,416.2149707,417.5329898,406.8475423,401.1205291,405.9416531,411.4403027,418.7550685,426.6401426,434.8156769,442.2184955,449.3858312,454.3962033,458.6574598,462.4060168,464.7740487,465.590778,465.7794304,466.2233181,465.2695614,458.5966311,442.161406,430.2079933,431.3036475
E07000075,Rochford,368.655523,368.9550231,369.9895329,372.4353243,370.5852149,359.437959,353.0430405,358.0216741,362.2257379,366.1581204,370.8887243,375.2625115,379.7930233,382.822593,386.2962218,389.061182,392.2275494,393.6784194,393.8804752,393.9938586,392.717756,392.0409474,387.0236841,373.7691507,364.0268031,365.0911752
E07000076,Tendring,502.5097799,502.6388248,504.7437209,507.28145,505.0163933,489.6102985,480.773756,489.176225,496.0003772,505.4987748,514.7455721,523.841528,533.7647675,542.239916,550.0956746,556.0923799,562.6101283,567.9686074,571.4504307,573.3504727,574.3195208,574.2106462,567.2646041,547.0276825,532.9141748,534.7238757
E07000077,Uttlesford,320.4908625,323.6285262,328.5355565,334.0220875,336.15696,328.9031292,326.0234184,331.7780821,339.302961,346.1536827,352.3728106,358.5417955,364.2483429,369.8909959,374.8904348,379.9148709,384.750355,388.9012457,392.2555228,393.8141772,395.0787898,395.2123967,391.396959,379.8226053,372.0829642,374.9546359
E07000078,Cheltenham,289.6905735,290.4112119,291.7344878,295.0310838,297.3196605,291.8922671,289.6167633,295.1963748,300.9176892,308.3098219,315.3203614,320.8491267,326.4373358,331.8179707,336.4442535,340.0185878,343.3323599,346.6202086,349.0782146,350.8362872,351.8815526,352.6117303,349.6974262,340.258351,333.8439002,335.9612472
E07000079,Cotswold,428.1912419,430.3750175,435.1691678,441.2621156,444.5819251,435.0645284,430.6739045,440.9091564,450.6685722,462.1510645,473.2183978,483.2646329,492.8253715,500.6213816,508.2626784,514.2971404,520.7986268,526.27481,529.5464545,531.1246584,531.7061922,531.1570252,524.6710763,507.2069517,494.8449291,495.9900751
E07000080,Forest of Dean,399.2762136,402.0352428,405.503628,410.6541516,410.6413867,399.0580398,393.098349,400.4726381,407.2606279,414.0869171,421.8032204,429.7594185,438.1612576,444.250199,449.4108155,453.5249063,457.68658,460.4541868,460.1596692,459.3336683,456.6645126,453.3608197,444.3502948,426.6438816,413.4225299,412.7455401
E07000081,Gloucester,244.9443387,246.5808636,249.3531228,254.1621656,256.4251992,251.1874645,248.9904063,253.9549818,259.9793371,265.5083249,270.5458216,276.1239825,280.8353444,284.9726361,289.5759894,292.9061841,295.5860922,297.658991,298.9340308,299.6846722,299.5635068,298.7943813,295.3470297,286.0498181,279.3036967,280.0422252
E07000082,Stroud,366.2598304,368.0336871,370.8626844,375.202063,375.0764042,364.826265,358.9812997,365.4906263,371.2940309,377.1798547,382.8447624,387.9340568,394.0874742,398.8226401,403.2278483,406.7472782,410.8962072,413.3201611,414.4537496,414.4547425,413.3469746,411.0881413,404.6591541,389.9513669,379.2653862,379.470717
E07000083,Tewkesbury,351.6729642,351.0661253,353.2062883,354.877461,353.7390163,343.6011732,338.237757,344.2800124,349.8465166,357.0371983,363.4209145,369.6407757,375.6922764,380.7644952,385.5623507,388.7859439,392.7188136,396.1056978,397.782832,399.0905793,398.6051471,398.0075583,393.2685545,380.3601706,371.0905883,372.5399333
E07000084,Basingstoke and Deane,257.1447451,258.8885581,261.0662021,264.9605489,266.8348432,260.9599525,257.7718984,263.4689837,269.4438369,275.4335851,280.7829263,285.3771244,290.8695758,295.7152057,299.9265913,302.8105159,306.5371006,310.0380212,312.4571576,313.8755496,315.8580548,316.2761855,313.6821758,304.6324584,298.578693,300.3496634
E07000085,East Hampshire,373.208739,380.117385,386.8788038,393.3092602,396.597596,389.3225073,385.709587,393.5673281,402.7407099,412.4906592,420.876114,428.6508806,436.3478812,443.3700384,449.9979755,455.0608342,460.9413256,466.0221933,470.0053427,472.1682489,473.4434691,473.5797397,469.5215671,455.5741163,445.7881582,447.8936254
E07000086,Eastleigh,300.8037934,301.8953275,303.1017935,305.9611623,304.7068608,296.3086401,291.6792942,294.7033321,298.9076682,303.6200816,308.1028947,311.7920503,315.2119121,318.4530649,321.5369687,324.9301691,327.7770684,329.529458,331.3726829,332.2602619,332.8869856,333.3433855,330.433425,320.8099627,314.3559701,316.0699579
E07000087,Fareham,397.9805927,404.0293047,411.3318926,420.5235559,423.7209857,416.450124,414.1869383,423.3546106,433.578784,442.7983568,452.5402719,461.5731922,469.9412102,478.0804317,484.941975,490.0175421,496.9440304,502.1034844,505.2632814,506.1164181,506.2047734,505.8271685,499.961645,484.6125114,473.7793373,473.3058375
E07000088,Gosport,335.6238769,341.5128443,349.6558605,359.7483505,365.3084493,359.9652712,358.827391,369.0853444,379.5920864,390.8737019,401.7695591,410.9805013,420.1856812,428.1691002,436.0231475,442.0444105,449.9809109,455.8088056,460.0311577,462.2485909,463.1735738,462.9683569,457.6096635,443.2977438,433.2355155,433.9972396
E07000089,Hart,307.6209665,311.1095772,315.82632,321.0981225,322.1700419,315.5463055,312.3629837,318.0036883,325.3595883,331.8760333,338.3304634,343.5704647,349.1228502,354.1912892,358.2697857,361.778229,367.1266581,371.6081242,375.6087634,378.4137973,380.258468,381.3896308,378.7903125,368.5266632,361.6262552,363.5674656
E07000090,Havant,393.2466132,396.6542886,400.6980108,406.3137516,406.5126974,396.3131373,391.5252434,398.3249466,406.4879443,413.8113803,421.3995294,428.6795093,436.0681715,442.1132296,447.8628748,452.5627264,457.3183512,460.6394198,462.3080589,462.0813118,461.7213247,459.8897123,454.1098641,439.0125003,428.1604162,428.838653
E07000091,New Forest,504.2482341,511.6050028,520.4703841,531.0021681,534.3510301,523.9610168,520.0824523,532.4915405,546.7036895,561.1884426,575.7558601,588.6546411,600.5602364,611.5814613,622.4043348,630.3521063,639.6383767,646.2665704,650.8073426,653.4869671,654.888245,654.4509417,646.7119185,625.6193227,610.9860343,612.7874364
E07000092,Rushmoor,217.0685355,218.4595459,220.1005707,223.6284128,225.2712715,221.6735685,220.3607259,225.2639877,230.745854,234.9323578,240.1626161,245.4508531,249.9672197,253.569673,257.2306558,260.2491154,263.4086145,265.609967,267.7671677,269.0498953,269.901,270.4963737,268.4989768,260.8577731,255.6628207,257.1473043
E07000093,Test Valley,331.3927123,333.7601922,336.3724605,339.9487281,340.4867176,331.9653259,327.2296596,332.2044284,338.6393744,344.7412406,350.9870901,355.8442926,361.5195369,365.6480189,369.0842088,372.5647958,376.0402737,378.9226214,380.9143608,381.8828981,382.7872693,382.4630257,378.3333415,366.872678,359.0066227,360.278101
E07000094,Winchester,319.9945891,322.5853338,326.558039,331.1586171,332.9767042,326.6163876,323.4974425,329.1778023,336.0282028,342.6688572,349.6705959,356.1671862,363.4029482,369.1017856,374.0456494,378.6568583,384.186977,389.0196698,392.8180463,394.8118025,397.0465843,398.1142572,395.5960982,384.9014409,377.7211284,379.533778
E07000095,Broxbourne,261.2248792,260.5400548,260.574935,262.4839456,260.9923277,253.7117289,249.8198125,253.1626363,256.8803536,260.7707197,264.4776277,269.0518789,272.7780041,276.2830713,279.4583872,281.959981,284.7727593,286.9318381,287.9182165,288.5919863,289.3301993,289.5699663,287.0683811,278.2936194,272.3286251,274.1404985
E07000096,Dacorum,263.7853193,266.0606505,268.5259718,271.4929534,271.8075314,264.9718292,261.5393002,266.3950439,270.4550845,274.3117209,278.3012546,281.4445121,284.1295478,286.6986932,289.2621561,290.6610249,293.4287637,295.2561935,296.3170331,296.4749822,297.3000068,297.5224223,294.8212255,285.9801834,279.9847655,281.7510077
E07000098,Hertsmere,273.9937625,275.4236809,276.4417016,280.7829142,282.0943569,277.1949013,275.1569687,279.9808519,285.786547,291.5781121,297.2952945,303.1120857,306.6708983,311.7593621,315.2629812,318.5188932,322.0574984,325.4194857,327.8036963,330.3960378,332.6354728,335.0203792,333.9970292,325.8513753,320.9269883,324.4271823
E07000099,North Hertfordshire,298.9782,301.236378,303.4294281,307.0889653,307.3467636,300.1344564,296.2470663,300.3932708,305.6838426,311.1081109,316.5813387,321.8684674,326.1211435,329.1988009,331.7694515,333.5311271,336.5547692,338.9840387,340.2878495,341.498309,342.2709537,342.4626401,339.4386809,329.6983841,323.1028728,324.7697305
E07000102,Three Rivers,273.3443653,274.6299071,275.4343686,278.0292793,276.4895543,268.5609134,264.5238333,267.812933,272.4374203,277.2315832,281.2164768,284.7046112,288.3941851,291.6901544,294.7832224,297.2392866,300.0835706,302.9472486,305.0943366,306.9716611,309.0896858,311.122906,309.0005778,300.1272664,294.6192926,297.6608996
E07000103,Watford,180.2087864,178.9409509,179.3099925,182.4981166,183.3525669,179.4302072,177.3738315,180.8274133,184.0398352,187.4035703,190.1005542,193.0732721,195.9701112,199.0915809,201.8935692,204.7598112,207.8350465,210.1885447,212.378769,214.4255787,216.4542921,218.3617479,218.1327266,212.8838585,209.8125217,212.4965138
E07000105,Ashford,302.9589617,303.102634,303.7905018,306.4982391,307.0852355,300.3371709,297.0319426,302.6412705,308.3067817,315.0223509,321.555771,328.0993852,334.0889141,340.9898701,346.8822282,352.069837,356.8990957,360.3013202,362.8650708,364.547944,365.568878,366.3951908,363.4960812,352.6549349,345.344576,347.2264179
E07000106,Canterbury,333.3934566,331.6015362,331.0552553,334.9132789,336.0730825,329.0588708,325.3181479,331.3228384,338.1846931,344.6337805,352.5296965,359.8469219,366.7171592,372.4744668,378.6899763,384.180956,389.8845986,395.0199747,399.5902616,402.6810685,405.6606175,407.4978263,405.0418793,393.6597195,385.8877136,388.4960314
E07000107,Dartford,198.9204553,195.8302418,193.7520289,193.2124614,191.0022043,183.7020294,178.8329061,179.5879705,180.6227404,182.0166533,183.645776,185.4907459,187.550347,188.9486395,190.3567855,191.0764744,192.0534362,192.7299552,193.3964968,194.1502725,195.0039766,195.7242488,194.5271301,189.0025433,185.553673,187.663319
E07000108,Dover,384.8031519,388.1650847,391.6306564,397.3822796,396.7419222,385.7293574,379.7015948,386.9929119,394.4280147,402.3876937,411.5699535,418.8767097,426.1211373,431.8142086,436.7967023,440.4290396,446.1147218,449.7992207,452.1133579,452.2815678,451.3470945,450.8171286,445.2535992,429.8767115,419.1455501,420.3273286
E07000109,Gravesham,261.4875885,258.0779791,257.8952868,259.0941178,257.0164676,248.9160108,243.9558815,246.8759351,250.251419,252.8305083,255.2142145,258.5194774,260.7227211,262.7469958,265.0347775,267.2742838,268.9820515,270.0815272,269.9982233,270.0782414,269.9097805,269.5151466,265.8885458,256.7175346,250.3100649,251.6467307
E07000110,Maidstone,288.7891661,286.6711251,286.6198878,288.7444743,287.634226,279.3382623,274.045721,277.1416446,280.176877,284.1330971,288.5564191,292.4541858,295.6871763,298.7386144,302.3815888,305.0034215,308.0921623,310.5822562,312.6537903,313.7765582,314.8940411,315.446553,312.6792311,303.3798287,297.1303497,299.281754
E07000111,Sevenoaks,349.255721,350.7924936,352.4967809,356.2568403,355.792804,346.5799482,340.963926,346.9058713,351.9624702,356.9555148,362.649558,368.0317013,373.4147321,377.3685361,380.4868092,382.7656488,385.8313056,387.8496811,389.533395,390.6074762,390.9740144,390.6984579,386.7440075,374.927615,367.0044942,368.9982369
E07000112,Folkestone and Hythe,405.117726,407.5031813,410.2146091,415.2529791,415.4871467,405.2127459,400.413508,407.5956065,415.9399842,423.8262309,431.7274188,440.4350792,447.3662651,454.9865582,462.3376346,467.3969745,473.3234647,477.2047004,479.727525,480.9274635,481.2998275,481.1208706,475.489957,459.8176584,449.0859589,451.0549351
E07000113,Swale,288.6346665,288.087036,288.0673176,289.0921748,287.5393531,278.6026521,273.0727253,276.3598544,280.0508871,285.4125077,289.8110706,294.0946581,297.0372472,300.301222,303.9177231,306.6163289,308.8011774,310.8609605,312.5500154,312.8630978,312.6712982,312.5777189,308.9065357,298.3072077,290.8611745,293.0243745
E07000114,Thanet,381.9900676,383.1449308,385.8718433,389.3519819,388.6348403,378.8195499,373.4457281,379.3081368,387.0343885,394.2533876,400.9832862,406.8268419,413.1378827,419.0457827,424.8453562,428.9176776,434.108888,437.7579207,440.7157812,442.4315531,443.4347401,443.6887965,439.4093469,425.0904691,415.3039408,417.8558174
E07000115,Tonbridge and Malling,295.7449132,297.2445089,298.9282629,301.8580902,300.6271115,292.6985935,288.3289854,293.0683366,297.2903884,302.3177926,307.9945622,312.3267065,317.1796881,321.4830778,325.17725,328.7770699,331.9896437,335.1578608,337.6941208,339.0006329,340.1392508,340.1058756,336.7961387,326.2225845,318.9501824,320.5220804
E07000116,Tunbridge Wells,307.2976696,308.2381835,311.3980022,317.1029939,317.8136573,310.2460338,305.911968,311.0625584,316.6325518,322.3461691,329.5938958,334.7274823,341.082554,346.2352417,351.2290874,355.3455313,359.4725874,363.8590726,366.6763354,368.6983053,370.2356376,370.602938,367.3043781,356.7798197,349.7715183,352.2248747
E07000117,Burnley,271.0595783,270.2918827,272.4322842,274.9899289,274.5001468,267.2202081,263.3227937,267.3146468,271.4713007,275.5848,279.1218487,282.6612479,285.8237512,288.8243254,292.5237413,295.3333168,297.6726488,300.068316,300.2897751,300.272258,299.8589545,299.5328905,295.6588563,285.3000079,277.8118783,278.0977602
E07000118,Chorley,315.6259708,318.4289711,321.6082789,323.7812456,323.7435034,315.1788499,310.534496,314.7827943,319.8747775,325.6263373,331.3397311,335.5118805,339.981225,344.8163856,349.8935256,353.4494556,358.9275663,362.3957563,363.9774549,364.3677485,364.073617,363.2791081,358.2221831,345.6795977,336.5761557,336.9597791
E07000119,Fylde,458.2551885,465.6893342,470.456512,479.1485656,483.8196455,473.9185407,470.3852344,483.8996819,497.0513682,508.5123719,521.1277992,533.1681672,544.9822284,555.4133986,565.7686785,574.3989224,583.5554238,591.4227185,594.6865739,596.5430783,595.2641021,593.3007538,584.092233,563.1600213,548.1259854,548.0793536
E07000120,Hyndburn,275.5784752,276.9263573,278.0173513,278.9888414,278.4332295,270.1892797,265.3336485,268.4573324,272.203669,276.500772,279.4184442,283.0438899,287.395929,290.5745968,295.4059041,298.9816398,302.3314874,304.9823234,305.6624274,305.2235958,304.5749803,303.8602778,298.9675397,288.2964633,280.4621647,281.0342093
E07000121,Lancaster,301.1995241,297.8213384,297.3820454,302.6974872,304.3245847,296.8811697,292.7771963,297.902954,302.7062435,308.5501623,314.9879753,321.0309812,327.2805016,332.258917,337.1477988,341.7154199,346.1632249,349.4918946,351.1215975,351.4909773,351.6877033,350.7782871,346.4431472,334.811359,326.3540951,326.9834241
E07000122,Pendle,279.7930965,280.1417522,281.2952028,283.7619967,282.2860898,273.8570935,269.1969734,274.1442032,278.2788537,282.5343984,285.8935066,288.9741427,293.319999,297.0749488,300.2511179,303.3120828,306.478697,309.3329088,310.5887547,310.7735533,310.8332878,311.3685046,307.05475,296.6190107,289.4328559,290.2039121
E07000123,Preston,208.4047603,204.0333937,201.2138348,202.0473003,201.9558371,196.4113396,193.3542004,197.8769416,200.873235,204.1967899,207.0768547,209.6784641,212.1574875,214.7088471,217.3170137,219.784336,222.2467919,224.2257234,225.6990461,226.3842813,226.3966485,226.5059355,224.2291329,217.0687599,211.9796919,213.1550175
E07000124,Ribble Valley,383.4864794,389.2338904,394.3639968,399.8807715,400.2825534,391.0202428,387.1105585,396.0883307,404.9188021,414.7414903,424.622044,431.0967536,438.0830015,446.2053935,454.028511,461.4838313,467.6368593,473.0440193,475.0111079,475.0290654,474.303488,473.3351023,466.3621722,449.1576689,436.3648197,436.9047564
E07000125,Rossendale,292.8148281,294.9561942,296.0056053,300.6019186,299.6543894,290.7257802,285.3882285,289.6363178,294.4410537,297.9041928,301.6832834,305.1074804,307.8192719,311.2030318,314.9979247,316.9516881,319.4038906,320.1439015,320.7468075,319.984838,318.843165,317.242287,311.6256273,299.6609292,290.8836694,290.7240888
E07000126,South Ribble,336.534296,338.9968627,342.0324215,345.6386188,345.2484095,336.1838261,331.3944956,337.3970612,344.3743302,351.9049797,358.6334108,365.0490309,370.7254551,376.1264591,381.2196774,383.8314488,389.4733598,393.3946742,394.7096345,395.4508455,394.0526623,392.7896118,386.8027854,372.7681528,362.2122264,362.0049595
E07000127,West Lancashire,333.2265471,336.9158492,342.0973769,346.9795731,349.1083263,340.8366355,336.5578508,343.6853933,351.0926425,358.9514478,367.8416929,376.1813219,382.0593139,387.6953803,393.9631361,399.0021914,404.4705308,408.5887545,410.8476459,411.0049948,409.8969539,408.2132659,401.5211835,387.193619,376.6788303,375.8902036
E07000128,Wyre,455.45505,461.6421537,468.1822027,473.7998362,475.9374876,464.2720787,459.0606039,469.3278313,481.2363893,492.2304965,504.9124769,516.299108,527.134462,536.7410958,546.7272463,554.7275889,563.6754368,570.5168088,574.2122948,575.2874072,574.550381,572.6245876,562.9392658,541.6768492,526.1353439,525.588874
E07000129,Blaby,316.2450274,317.2260241,317.8350376,320.4641859,319.1511736,309.574668,304.0068161,307.2925492,310.2965692,313.6651293,316.7368394,319.223779,322.2333014,324.7709261,327.7529378,329.7026527,332.1914808,333.7293177,334.5336788,334.0656294,333.8146911,333.0420203,328.5262189,317.6406201,309.9404244,310.6317756
E07000130,Charnwood,277.7519971,276.1075969,276.5496992,279.6495782,279.3793116,272.2244358,268.5783055,271.9660601,276.2374822,279.9673209,284.7535231,288.6549737,292.6195699,296.4546918,300.5418831,304.3673374,308.8960799,311.703904,314.2286351,315.4625026,316.2085236,316.9569447,313.5689531,304.0983019,297.5366382,299.0504726
E07000131,Harborough,341.3340234,344.2147643,348.1339294,352.87837,353.0159161,344.4955044,340.5801047,346.8421874,352.9724315,359.2784467,366.2920371,371.8934446,377.6220653,382.4689077,388.1466345,390.8895526,395.5775248,399.2114666,401.5092703,401.8437174,401.7045563,401.0976466,396.1554921,383.2337176,374.0357317,375.4356473
E07000132,Hinckley and Bosworth,349.6590471,350.8270122,353.3444536,355.9019015,355.5934563,345.1890868,338.8475988,343.104924,346.7154161,350.4853983,353.7591238,358.3388787,362.1427499,365.9493515,369.3582167,372.3282614,375.6078112,377.565595,377.8347945,376.9514992,375.5225195,373.8150853,367.5143619,354.154883,344.4353751,344.7943674
E07000133,Melton,374.6448639,381.7834119,389.2242602,395.5273716,398.3181642,390.1057851,387.0957637,396.6581643,408.2762283,420.1553475,430.2890704,441.8916025,450.7081868,460.0909234,468.6111608,475.6248091,482.1196399,486.7927141,489.1310575,489.7107972,489.4532679,487.1838263,480.2246078,463.3912886,451.2892482,450.975834
E07000134,North West Leicestershire,298.5276002,298.2084943,298.8213776,300.2799891,297.9120204,288.2331402,282.6759106,285.8917647,289.2493149,293.2870552,296.5961544,300.6554311,304.196312,308.444051,312.3474095,314.6822854,319.1270061,321.9407773,324.3611785,324.3994969,323.8411037,322.8479008,318.2656738,306.8453673,298.524222,298.75779
E07000135,Oadby and Wigston,326.7826281,321.3961357,320.6859688,322.3426673,320.344945,311.0810909,306.4438967,309.8329909,313.0635644,315.6706686,318.3981556,320.8439106,322.845838,324.7796807,327.5564734,329.1459969,332.0707595,332.2732622,332.4517794,332.1873148,332.6803217,332.1365143,328.0983271,318.3020401,311.5998766,312.8632634
E07000136,Boston,316.3751259,312.0069791,310.9228099,312.8823956,313.9973536,307.2461288,304.1692632,310.2145056,314.9770639,322.172538,329.260603,336.4201142,342.1918196,348.1877686,353.6588042,359.3736651,365.293756,370.51405,374.2483782,376.3522636,377.7459389,378.2868393,374.7803131,362.6056915,354.156541,356.2975618
E07000137,East Lindsey,514.3014774,516.446241,522.3388716,528.0584368,526.2999482,510.1696016,502.2906706,513.648636,526.3027146,539.2405616,552.7390945,564.6458033,577.3634657,588.1121963,600.2067213,610.2389689,621.3027051,629.8592611,634.6469799,636.4148855,635.4611393,632.9594793,622.0915251,595.5438636,576.280631,576.6825988
E07000138,Lincoln,201.8485474,201.4839081,200.4632833,202.3585444,203.5819526,199.9091115,198.7246826,202.7975986,208.1519775,212.212725,215.7167001,220.5666786,225.1735602,228.461143,232.2732982,235.5190799,239.0611819,242.0167986,243.982695,245.0413897,246.1773025,246.8784124,244.7820406,238.1084789,233.4819815,234.9364138
E07000139,North Kesteven,369.5155833,371.0250321,374.7839999,378.6976714,379.846763,370.9447366,366.9390766,376.0498953,385.1602929,394.1564597,402.625138,411.2356632,420.2714975,428.7257121,436.3983176,443.927947,451.2265169,457.9464159,460.8564982,462.3172594,462.4396828,461.4200945,455.1800042,439.7140565,428.4291002,429.6811301
E07000140,South Holland,378.5072374,377.500434,379.5060226,382.1704401,381.066182,370.9021015,365.3379846,372.4365786,379.8418081,388.7521533,397.2962098,405.0235296,412.4103462,420.0602152,427.1384984,433.3930412,441.222781,446.9134211,451.343318,454.6885425,456.2717346,457.4383395,452.4748461,437.5526586,427.3350147,430.1531211
E07000141,South Kesteven,370.0009226,374.3720515,379.8892382,386.5647928,389.2537622,381.1586341,377.5839337,384.7502201,392.6530226,401.6223812,410.46342,418.7198548,425.8590713,432.5403373,440.5214733,446.9220615,453.6236013,459.0350691,462.3622724,463.624445,463.9930528,463.4510347,457.8633408,442.904946,432.3523031,433.4730459
E07000142,West Lindsey,404.9906708,408.91464,413.2795676,418.5822955,419.4649884,408.7690443,403.8410547,411.9406688,420.9327548,429.9078423,438.4441575,447.4246587,457.5019115,465.1339289,473.4606984,479.7735353,486.8217606,491.6137122,493.9753474,494.9424519,493.9953958,492.3054441,484.4360723,466.411822,453.3107831,453.7601744
E07000143,Breckland,403.4684521,405.0006005,408.270601,413.2556726,413.0583599,402.9402007,398.0090371,406.4776241,415.4591222,424.6739006,433.7048809,443.5069932,452.3382724,460.41558,469.1589874,475.9526658,483.5984415,490.0224351,494.1951878,496.9709443,498.4574717,498.1611105,492.0659023,475.7844303,464.5749284,466.6454663
E07000144,Broadland,418.4189244,419.0457621,419.6773802,421.8053006,419.7968084,408.0394888,401.382414,406.5379284,412.2303913,418.6830716,425.505222,431.8290691,437.5940619,443.7447223,450.1801278,454.7372266,459.3525157,463.2979419,466.3665033,467.9002979,467.7383554,466.1332587,459.7721808,444.6329705,434.0747144,435.2554848
E07000145,Great Yarmouth,385.666728,386.9093352,389.8223165,394.2797663,394.4255345,383.5148823,377.4012128,384.6509865,392.8021658,402.6050746,411.4518253,419.1591109,427.7804954,435.9524642,444.109262,450.6728501,457.3495392,463.2660513,466.8899614,469.1320457,470.1080791,470.3406228,464.146351,447.6129069,435.9547869,437.3981169
E07000146,King's Lynn and West Norfolk,421.6669946,423.4824406,427.0711509,431.2469652,431.3599701,420.4119395,414.6805955,422.0230777,430.4371818,439.7149091,448.9460233,457.3195709,465.1756807,473.6805852,481.5662601,488.4197209,495.9797536,501.8939027,505.9762877,508.4271152,509.294227,509.4134488,503.1552299,485.8548269,473.7190929,475.0676373
E07000147,North Norfolk,590.0524025,592.9997176,599.4419918,608.1583349,606.7848789,588.6155025,578.8784148,588.5474134,599.4093821,612.6809455,624.0692321,636.6659224,649.4345532,659.8008674,670.2984917,680.1149557,690.1534659,697.735896,703.1874853,704.9206721,705.1867404,703.6296579,693.0296291,665.4549486,645.9227745,646.9097629
E07000148,Norwich,202.7306782,199.1520327,196.7498917,197.6305677,197.4356608,192.55909,189.5628559,192.1932005,194.2374655,196.6987566,199.8732862,203.2895099,206.1030817,208.7294302,211.4004107,213.7762194,216.1684841,218.143629,220.2316148,221.9020347,222.949929,223.5136933,221.8279836,215.8747567,211.9622907,213.5394118
E07000149,South Norfolk,391.6688041,392.4731339,392.7162612,394.4764852,392.2017362,380.7707282,373.9825417,378.2040812,383.6946475,389.980277,396.2199872,402.2464302,407.8650587,412.9972308,417.9698638,422.5490084,427.4487288,431.9035932,434.9349257,436.8493215,437.6590433,437.5425547,432.2341277,418.2334137,408.5215137,410.5012542
E07000163,Craven,454.9441432,465.3075765,471.8021785,479.5999602,484.224367,475.0442493,471.3214692,484.8497972,496.7076054,509.0529495,520.8372931,532.3941861,544.0175451,554.1087163,562.4873771,571.8522161,579.4196158,586.6910624,589.9533372,590.7621364,590.2826778,588.5913821,580.3342338,559.3446598,544.1186489,544.5998548
E07000164,Hambleton,445.3065824,452.3483901,461.4150655,471.9681301,475.9801203,467.3673947,465.1005124,477.773373,491.6864844,505.4550708,521.1799445,534.3710003,545.3169446,556.7744785,567.7825534,575.3065313,583.786595,588.6823126,591.7708725,591.7255349,590.3217909,587.3523509,577.8929877,556.4211902,540.4802242,540.0059615
E07000165,Harrogate,369.2578806,376.7055177,383.9140897,393.7920154,398.4329605,391.5554108,389.4654906,399.6885463,411.3139652,421.8199538,432.4333793,441.9724189,452.4893022,460.5452469,469.4257345,476.5117928,484.4553284,490.100166,493.3536886,495.8845348,495.6425015,495.5857868,489.7028211,474.0397434,462.938838,464.1158933
E07000166,Richmondshire,366.7196265,372.5392157,380.4032462,391.6631967,397.5118572,392.2310428,391.8437414,403.7235708,415.0437873,427.8717857,440.9860887,451.2366572,463.2098889,473.3563276,484.4599678,493.5450341,502.4373468,508.2090961,512.2380588,513.9362019,513.1163641,511.1321841,503.1658635,484.9645636,471.7841313,471.8389763
E07000167,Ryedale,456.3097752,460.7301033,464.5605087,470.351061,470.540578,458.0157952,451.6742231,461.9328906,471.6085452,482.6116961,493.0027044,502.5267146,512.2137692,520.8622322,528.1067769,532.8523466,541.2212093,545.7589257,548.6192287,548.1792554,546.4401533,543.3063655,533.8646492,513.4018278,498.4532013,498.0499696
E07000168,Scarborough,452.8177213,456.1347632,462.9648661,472.2798996,476.610568,466.1217756,461.5993534,470.8012909,483.1570976,494.0295393,505.6131223,514.3178106,524.7767056,534.0108839,542.3416369,547.8167999,555.0274917,561.8621224,564.6786175,564.5738348,563.9438418,561.7943716,552.1360791,530.7326833,514.8270682,514.9218516
E07000169,Selby,310.2829915,313.542155,317.1220606,323.2866283,325.0492295,317.8533711,314.5007238,321.2560506,328.221524,335.3208411,341.7984976,347.97496,353.887373,358.9125696,364.0012851,368.2638175,372.6154374,375.6336997,377.1834073,376.7430825,375.2731077,373.3059011,367.0987311,353.6857497,343.8122078,343.7135707
E07000170,Ashfield,301.0520501,302.0589127,302.4898072,305.476678,305.9171446,297.3636289,292.217658,296.5338439,302.0747564,306.3298904,312.6361581,316.0945457,320.9010228,325.3962614,330.172822,333.9839126,337.8836544,341.0288169,342.3147307,342.0193496,340.8280737,339.5928956,334.6360932,323.2755134,315.1301816,315.453396
E07000171,Bassetlaw,341.8761762,344.8845197,348.0027469,353.2292029,353.1584018,343.7347174,338.6703262,345.0552784,351.8002247,359.3041979,366.633856,372.4084266,378.5173534,384.6724535,390.0199897,393.9305075,399.535423,402.5945069,404.1410953,403.5697348,402.5105388,401.1641136,394.5879227,380.5121121,370.3062751,369.7682951
E07000172,Broxtowe,329.8568246,326.8604151,325.7392083,326.978448,325.5709953,315.9496827,309.9519402,312.7093784,317.1015214,320.6702451,325.1560007,328.8822847,333.1991051,336.8766942,340.4702091,342.5699047,345.528791,347.2060333,347.4385455,346.7210115,345.8752045,344.7344357,340.0005439,328.6987265,320.2522813,319.9052067
E07000173,Gedling,333.5579886,333.4181475,333.906388,335.1314174,334.0245845,324.4988051,319.5546009,323.2477302,327.2123035,332.5330791,337.0736873,340.3649614,344.2370846,347.723679,352.0444236,353.7384109,357.5258252,358.5587823,359.8510807,358.8008169,357.0655538,355.0960082,349.8743102,337.9055123,329.4068353,329.3698766
E07000174,Mansfield,291.8871126,293.7188784,297.1829169,301.6003255,303.2268026,296.0189876,292.4413221,298.5556908,305.2652107,311.3965562,317.8417443,323.2871474,329.1339223,333.8853661,338.9057117,342.6682003,345.9673096,348.7813239,350.1129641,349.484585,348.5353107,346.8844004,341.3076744,329.0115498,319.912628,319.8566033
E07000175,Newark and Sherwood,348.7908999,351.5834747,355.4354272,360.9574396,361.4901887,352.1857623,347.2502087,353.9187856,362.0973621,369.3123276,376.5145114,383.836448,390.948257,397.494706,404.2540587,408.4119312,414.1919232,418.3319724,421.1706862,421.3793026,420.4394184,418.9420761,412.4931712,398.1196213,387.7867749,387.8512885
E07000176,Rushcliffe,338.4977157,337.0886319,338.8005101,340.9310176,340.824561,332.2361281,327.6874256,332.5525466,337.4687517,343.1764708,348.7406183,354.140567,358.7908747,363.4138164,368.0885159,371.7868795,375.9325347,379.2622918,381.2715874,382.4700486,383.2843846,383.1594715,379.5800935,368.4822508,360.8079038,361.955596
E07000177,Cherwell,257.7569245,257.9415294,259.6523778,262.4291839,264.0448586,258.1954012,255.531643,261.0271286,266.9689489,272.8662275,278.4816828,284.3267177,289.7733558,294.271837,298.7667432,302.5600075,305.5082131,308.7400156,311.0829139,312.9253564,313.9177617,314.2682281,311.9876363,303.1927154,297.3616903,299.7822388
E07000178,Oxford,153.4619807,149.2464148,148.1498991,150.8433641,153.2252707,150.9505404,149.7993901,153.2914896,156.4893816,160.0298774,163.4126151,166.8104,170.1944073,173.4712515,176.470254,179.6808225,182.1229236,184.9398817,187.0815084,189.0182194,190.9326515,192.3702985,192.0388468,187.483406,184.5142754,186.3607667
E07000179,South Oxfordshire,318.2161272,319.8558529,322.6527149,326.5209947,327.8789237,320.8995602,317.5053024,322.8063542,329.8817252,335.6478152,342.5035265,348.8731305,355.5383429,360.8494021,366.0687769,370.5726974,375.4141161,378.9489657,382.0415149,384.1211266,386.0747143,386.9485864,384.2907577,373.6980792,366.5858255,369.0297489
E07000180,Vale of White Horse,305.6095924,304.8927923,305.9488332,308.621165,308.4629709,300.7357639,296.6449738,301.0380734,305.6149034,310.1418525,315.2424947,319.6470018,323.3961892,327.5312781,331.0816149,334.2251618,337.0561085,339.3175032,341.671743,343.0776601,344.3124877,344.7525249,342.1003111,332.5891384,326.1798418,328.6126711
E07000181,West Oxfordshire,337.928636,341.6538168,347.2750434,352.7525611,355.8923031,349.7156429,347.4290781,355.8359505,364.9646417,373.8675842,382.1655935,390.1525419,397.5676696,404.0724809,409.1667221,414.8787669,420.6796371,425.8453426,429.0896502,431.0759795,431.9234181,431.6438451,427.8703308,415.5214141,406.973168,409.0834592
E07000187,Mendip,385.614357,390.2918195,398.1596674,406.1746855,408.5303114,400.5878606,397.7445642,406.6813551,416.8037662,427.8680859,437.7136775,447.5415865,457.0660455,465.9395522,473.5746352,480.3016296,486.6499482,492.6262669,495.2815474,496.9811937,496.8882825,495.3074931,488.729453,472.0099381,460.0017843,460.4612106
E07000188,Sedgemoor,378.8076502,381.7374405,384.474997,387.6737387,387.9220385,378.2008198,373.5504036,379.6984119,386.5490064,395.3582483,403.1546468,411.4480819,419.243532,425.6452023,431.8643344,436.4448803,441.2543098,445.3593077,447.4414817,447.8440452,447.0883194,444.5816388,438.3823582,422.8849934,411.6716867,411.8036095
E07000189,South Somerset,415.1799184,418.2638919,423.0118728,430.5972676,433.2652386,424.5639944,421.0257327,431.2023391,441.5812918,451.4943949,462.015729,472.5457456,482.0133586,491.3395108,499.8260921,507.179448,515.1420216,521.3384477,525.5126255,527.8736632,529.6995002,529.3517086,522.8752359,505.5243444,493.2913759,494.5166115
E07000192,Cannock Chase,291.939574,293.0058631,295.3402923,300.0111481,298.0515902,289.1761735,284.1557881,289.3637564,294.8827153,300.5576841,305.9873674,311.3337371,315.2948892,320.2685705,325.0420079,329.1065766,332.2212809,334.2985384,335.4363386,334.3987522,331.9356642,328.9090552,322.2588091,309.7366985,300.1888345,299.3978669
E07000193,East Staffordshire,282.5698014,285.0019293,287.216565,291.5182111,292.2574669,285.517647,282.4093984,288.2279797,293.56024,298.9006989,305.0321076,310.3242756,316.7560061,321.7262646,326.8568158,330.0305823,334.3149083,337.9110138,340.3859334,340.6809827,340.4502412,339.7087654,335.0330009,323.6571977,315.4142895,316.0059511
E07000194,Lichfield,379.9822445,380.3631318,382.0763313,384.0633013,382.1050707,370.8812881,364.1126544,367.9986155,371.7659086,376.5692683,382.5431371,386.0191853,389.863206,394.5874826,398.4296016,401.9097041,405.7437846,409.2171551,410.0938089,409.3639709,408.3741408,407.052708,400.7850469,386.9269714,376.899544,377.1539742
E07000195,Newcastle-under-Lyme,321.9069639,323.2102268,326.8418054,329.4628789,329.2190712,321.0554173,317.1351071,322.4971902,326.6497422,331.5626827,336.0373617,340.5859973,345.3781378,349.245992,353.2390523,357.5114366,360.8582104,363.5895561,364.1964718,364.4947772,364.0399149,362.8143265,357.3016126,344.8972859,335.7471019,335.3847846
E07000196,South Staffordshire,402.090291,407.9503124,412.746871,418.5271727,419.4905874,409.5487063,404.0736319,411.8871883,417.6057586,424.387419,430.5492797,436.4370029,441.226093,446.032298,449.868749,452.9089929,456.07334,458.1082447,458.1338,456.2496427,453.4325204,450.0883511,441.6053851,425.1218833,412.6882782,411.7362032
E07000197,Stafford,359.9886674,360.1315039,362.3777075,365.3695744,365.1313943,355.0742804,349.1183525,353.724356,358.6740082,365.1306606,371.4277502,376.0692708,381.7370344,386.8966911,391.5034516,395.7550372,400.7932337,403.2748452,405.0847716,405.1959479,404.2654634,401.4755793,395.0787407,381.228012,371.1561514,371.0190106
E07000198,Staffordshire Moorlands,427.1784745,430.9014033,437.5399509,443.1086137,442.8259907,431.6006717,425.7090669,432.1286664,440.1717829,450.2853549,458.2613171,465.0566074,473.193018,480.9991211,488.7100055,494.8443816,502.3853087,507.123499,508.8694779,508.2257801,506.1849515,503.0541634,493.7072411,474.7076169,460.4485561,458.4083104
E07000199,Tamworth,287.4560983,290.3097363,292.4796585,294.5984168,294.3204763,286.495787,281.7460612,284.9830865,289.2018041,291.9273087,295.806357,299.72789,303.2491567,306.8503757,310.9286071,314.563589,318.1085269,321.0342698,322.2370548,321.5285793,319.8930566,317.9964503,312.30059,300.6327755,291.969911,291.9204919
E07000200,Babergh,440.0830208,445.4615555,451.1304001,457.1085371,458.1490493,448.0232252,443.2767392,451.3404558,460.2501505,469.9521425,479.4684884,488.7586636,497.2915366,503.9642127,510.9159663,516.3769724,522.411397,527.3069076,530.5899136,532.3552853,532.9575948,531.9786976,525.7053655,508.5259664,496.4605395,497.8529852
E07000202,Ipswich,246.9831684,247.9255135,250.4622593,254.3654415,254.5888331,248.9467035,246.1247078,249.9089969,255.8922676,260.944123,266.2816295,270.4938481,274.5912084,279.0710258,283.1172942,287.2416408,291.4768404,294.4825974,297.2570454,299.0411439,299.9765832,299.9785602,297.5382565,288.7367776,282.640497,284.4101397
E07000203,Mid Suffolk,399.2150311,402.5783709,407.2666985,411.9366104,411.1535617,400.330972,395.4379712,401.3859807,409.1468793,417.5746285,425.842943,434.6514466,442.0115817,448.776133,455.2652271,460.2192943,465.0003193,469.6656118,472.623709,473.5506195,473.5027651,471.9495349,465.3941106,449.0611848,437.3721399,438.6284281
E07000207,Elmbridge,279.0298048,278.8468391,280.2625286,283.5243552,284.1387465,278.2167486,275.4211136,281.071689,286.2705722,291.0369063,296.8566249,301.7252158,306.2273928,311.546978,316.0339283,320.7511361,325.5282872,330.0300001,335.1158321,338.7167731,342.4670229,345.4937433,344.9696207,336.4391464,331.340022,334.9422916
E07000208,Epsom and Ewell,276.4088322,275.4772559,274.7528099,275.6236743,274.8411385,267.6077632,263.1908478,264.6615641,268.246882,271.7836679,274.5376922,277.3359245,280.5295292,283.3563369,285.5181954,286.4153058,289.0059082,291.6484517,294.1240362,295.7119507,297.7878265,299.7176295,298.0774611,289.8474975,284.6291044,287.7156471
E07000209,Guildford,249.1653959,245.5105415,244.6800641,247.2146023,247.7244336,242.2958938,239.762503,243.7230201,247.2515942,251.9177342,256.52928,260.7599019,264.6194765,268.39205,271.7956686,274.2481115,277.8344849,280.9496099,284.0412291,286.0782807,288.2510874,289.572,287.8863925,280.0941946,274.9237298,276.7486759
E07000210,Mole Valley,383.2321656,387.7331105,390.8675083,396.2847057,397.6465227,389.1500111,385.4902935,392.8054768,400.6220342,409.4514897,417.5812441,426.0067957,433.7677359,439.9621857,445.1306777,448.8957743,455.3141347,460.5689,463.6546502,466.2513602,469.0324864,470.4849261,466.9753223,453.4800507,444.7816034,447.0565524
E07000211,Reigate and Banstead,269.836001,269.5814264,270.4244553,273.558766,273.4391312,266.6933317,262.7346739,266.7322368,270.6781004,275.5527025,279.9481483,284.9894613,288.6676834,292.0118776,294.9709058,297.8889292,301.2571039,303.8967977,305.8927143,307.8884221,309.7125419,311.3091645,309.5964068,301.6702552,296.8928566,299.7936677
E07000212,Runnymede,246.0119683,242.558323,241.0832927,243.7383179,244.3144242,238.3261444,235.0024134,238.700014,242.5572561,247.3261793,251.52812,254.7624069,258.6176694,261.4973212,264.779086,268.1039516,270.9910987,274.5126106,277.047934,279.4715639,282.1226425,284.1858822,282.8262547,275.4249722,270.6858888,272.7332544
E07000213,Spelthorne,267.2272975,264.4612513,263.3946913,265.1465943,263.5517057,255.7114809,251.3932986,254.865124,259.0044572,262.3232712,265.5324809,269.3979402,272.6476283,274.9954499,277.6017801,280.5546216,283.586573,286.3643033,288.2410439,289.3391582,290.8461329,292.3584773,291.1644484,283.4394034,278.6810401,281.7597785
E07000214,Surrey Heath,305.3991969,306.8706805,310.307577,313.6792903,313.847426,307.2255432,304.1344861,310.2944095,316.2261808,322.5468791,327.7738059,333.1935544,338.8568492,342.60174,346.5742092,350.5781199,354.6675225,357.9375639,360.663012,362.3445441,364.3236862,365.5497498,362.7477484,352.9765619,346.5717958,348.8058134
E07000215,Tandridge,329.9655782,331.3514063,333.1824455,337.0397669,337.0782683,329.4986099,325.3565007,330.7045926,335.8029587,342.7901986,346.1246016,350.7572417,355.5681592,359.9812011,363.0785652,365.4546644,368.8743119,371.3229911,372.9395169,373.8301429,375.0044464,374.8757776,371.2142947,360.2581358,352.9619585,354.8737389
E07000216,Waverley,350.4858232,352.748291,355.5255783,360.372005,361.8540399,354.597769,350.4202326,355.0944996,362.1190948,368.2827722,375.0585643,380.847851,386.6872367,392.5459127,397.4500063,402.3890588,408.1170966,413.528838,417.4400818,420.7949186,423.6135682,425.2144036,422.840279,411.361735,403.5560604,405.9068988
E07000217,Woking,248.0741904,248.5376029,250.4862541,252.9582628,253.8173072,248.3295477,245.2866427,249.4511255,253.8541,257.952617,262.5634867,266.7503024,270.5033591,273.1898101,275.6328157,278.2028888,281.2027737,283.7474196,286.1692147,288.0325092,290.3329007,291.8199446,290.3031851,282.3941863,277.1617625,279.6834711
E07000218,North Warwickshire,334.9331505,336.2975871,337.8914567,339.291647,338.0950048,327.3998552,320.8319429,323.297179,327.9134184,331.2259004,335.633986,341.0794705,344.5491019,347.812409,351.8545699,353.6008204,355.7188684,356.0941656,356.672569,355.0127443,352.9295178,350.3894321,343.8916945,331.0292375,321.6123804,320.8224557
E07000219,Nuneaton and Bedworth,288.5450885,288.3459645,287.2234217,288.1921436,285.9471435,276.2153937,270.1294392,272.4534958,273.3568842,276.1761418,278.9032286,282.7333636,284.9755789,286.9411296,289.2167716,290.4260635,291.4888443,291.8789024,291.9723403,290.8733821,288.9851792,287.6425963,282.6295891,272.1213833,264.515419,264.6642265
E07000220,Rugby,271.8636605,270.285961,269.5465778,269.1875812,268.2348048,260.2438343,255.6861173,258.3003765,261.8552807,264.8180145,267.6743726,270.1324134,272.522031,273.9030436,276.8014395,279.447182,282.130553,284.0305443,285.3802571,285.4555721,285.5241718,285.4841844,282.3277025,273.6232085,267.8133672,269.5975029
E07000221,Stratford-on-Avon,404.132011,406.2802133,408.8167818,413.8185029,413.3604587,402.7118864,397.6291599,403.8623114,410.9091256,419.220727,426.7741347,433.9506383,440.2474971,446.1127895,452.6448422,456.9807159,462.4254559,466.8981024,469.1039538,470.2345762,470.7512133,470.5453161,464.9399039,449.8845777,439.3496451,440.7464971
E07000222,Warwick,276.0567679,275.3630581,274.2312037,275.635586,274.8747463,267.9433139,263.6499227,266.965645,270.4401093,274.2759493,277.9539985,281.7662797,285.1348937,288.6107928,291.335503,293.7939512,296.7110917,298.8485248,300.5615619,301.743341,302.4431264,302.6603013,299.9164519,291.0761847,285.0252253,286.7551215
E07000223,Adur,381.5467195,383.3829092,385.4874828,386.9510293,386.5287207,376.0195519,369.5367574,374.2706374,379.5617198,385.3368722,392.9281254,398.9755725,405.400954,411.3448853,417.7290477,422.8635066,429.9328303,436.3672389,440.5710885,443.5876428,445.2392657,446.6677081,443.2317978,430.1791425,421.3147334,423.8749805
E07000224,Arun,479.0650343,480.7778171,483.9743715,489.9674265,490.4541467,478.7552313,472.5582285,482.3189795,492.2245425,503.3915892,514.9449955,525.187464,535.8936739,546.1674682,556.1809149,564.0632443,572.9065109,580.1598507,585.0982012,588.9486004,590.9922873,591.6642556,585.9378701,567.8254114,555.7013833,559.1801253
E07000225,Chichester,442.8532756,445.2097917,450.784879,457.8615377,461.0545871,450.6750631,445.3925119,455.1931052,466.9742894,477.5889102,487.8741162,497.9632871,508.1967862,516.5779241,524.7584174,530.8919748,538.5586931,545.3623768,550.4874573,554.2034276,556.2653367,557.5976756,552.6491668,535.4575603,523.7283478,526.1179411
E07000226,Crawley,189.2226617,188.1352384,189.9812946,193.2141691,193.5609991,188.5632497,185.9020189,189.2151706,192.2843672,196.2728332,200.1164826,203.566558,206.7359769,210.1246737,212.6643645,215.2428873,218.2020945,220.4499015,222.1794215,223.7887147,225.2196801,226.5510876,225.3056752,218.7170466,214.6454043,217.415983
E07000227,Horsham,365.300171,368.7447987,374.5590856,380.99781,382.4191469,374.8747855,371.8002088,379.6141249,387.8120306,396.229312,404.316203,412.1128252,419.0927082,425.1678095,430.9617214,434.8907244,439.7454145,444.4540582,446.8987867,448.9660736,449.9702828,449.7764694,445.2211216,431.9282308,422.9571989,425.5176277
E07000228,Mid Sussex,324.3266136,323.9157964,326.3077639,329.4022599,328.573835,320.0307826,315.2363535,319.1243011,323.7790084,329.208159,333.9569841,337.9986579,342.5755851,346.8323377,350.2839477,353.9247629,357.7335202,360.9355069,363.6704285,366.4056912,367.6921699,368.3154774,365.2908374,354.9894864,348.2378764,351.1016839
E07000229,Worthing,348.8446123,348.5096589,350.6924855,355.0309389,354.7975301,346.6547193,343.0541212,348.5781068,355.6862449,363.5381774,371.7020947,379.1396629,386.6181096,394.018282,400.6237107,405.5380731,412.1740309,418.0678269,422.4006542,425.8347959,427.7280297,429.7109665,426.9196203,415.4731067,408.0849636,411.1091494
E07000234,Bromsgrove,364.0870697,364.569739,366.7038199,368.6958404,367.6005139,356.8348857,350.1928112,354.3804585,358.7370271,363.6033904,368.1682727,373.0264983,377.5797296,382.3696938,385.5318002,387.4843658,390.2796942,391.8288364,392.5601642,392.1509358,391.088479,389.3375571,383.8484107,370.8205977,361.2932842,361.2546632
E07000235,Malvern Hills,463.454227,468.7287668,475.5560714,482.9517371,485.2442021,473.3819892,467.1785868,475.4530985,487.3206355,499.1843812,510.2918687,520.8531284,531.8983972,541.6241253,550.2710672,557.4098358,564.504247,570.2346903,572.9771936,574.6880642,574.7808471,573.0280358,565.297022,545.3121516,530.8014292,532.5775531
E07000236,Redditch,283.5180485,286.8315833,289.7451973,292.4479906,292.0972782,284.0577095,278.6253691,281.2802646,283.8905846,286.6073593,289.608271,292.2702582,293.75335,295.3807842,297.4486819,298.9009388,300.3689807,302.2168455,301.4843962,300.506478,299.449501,298.4598386,293.949097,283.3588798,275.792398,276.5995651
E07000237,Worcester,260.4495008,261.1354127,263.2199577,268.2749117,270.1301846,265.0137665,262.6918234,268.7576851,275.6066183,282.2531753,289.4444888,294.9823656,301.1476047,305.5143033,311.7070367,316.6676488,321.6897965,325.2014115,327.8945526,329.2912803,330.013065,329.9280545,326.6016383,316.7424305,309.7458434,310.8485998
E07000238,Wychavon,399.9975101,401.7138424,406.2432431,411.2227151,412.4466492,402.3868636,397.1338141,404.3449926,412.7791198,420.6879927,428.4375241,436.2659275,444.2865646,451.5698218,458.0960557,463.1442258,468.2136873,472.5186525,474.6493691,475.5220705,474.6250168,473.2231476,466.8294322,450.8871458,439.3432546,440.5115049
E07000239,Wyre Forest,409.7261224,410.9479757,411.3321408,414.4516445,412.6591976,400.8516894,393.179492,397.6949129,403.2195704,410.0977629,417.2156365,423.3392485,431.569335,437.1373287,443.8791955,449.8732911,455.7100973,458.1084143,460.2739922,461.0376178,461.3029444,459.5047717,452.841087,436.5900299,424.5750559,424.6250295
E07000240,St Albans,266.822557,267.3438645,268.5524642,270.0677932,270.1104953,263.8214791,260.4197035,264.4253755,268.6293738,273.5285476,278.0441819,283.1758829,288.3566698,293.1408809,296.8633736,300.5114707,304.9895395,309.3769166,312.5433668,315.8766514,318.6755847,321.4810758,320.6504523,312.3611991,307.1781637,310.2402214
E07000241,Welwyn Hatfield,227.3229256,221.0873618,218.651975,220.9217023,222.0627481,217.1328611,214.1953831,216.8650579,220.9247354,224.0695379,228.2695036,231.9192858,234.9381738,237.4796684,239.9065095,242.3367461,245.069898,247.2815812,249.1393615,250.3503743,251.8335187,253.4579579,252.3677946,245.6324933,241.1659623,243.3048082
E07000242,East Hertfordshire,278.1430689,281.2407426,284.8090236,289.5332467,290.914527,284.9050865,281.9616048,288.4635805,294.3216664,300.6922717,307.0826479,312.7548613,317.9529242,322.7943964,327.3320784,330.8080936,334.7105983,338.1155905,340.8974521,342.6966352,343.6761745,344.2498448,341.1234316,330.9220556,323.9665294,326.25721
E07000243,Stevenage,221.818618,223.7394766,226.3208376,230.8608317,231.5648284,225.9914087,222.8320318,228.5719219,234.8819552,241.2828009,246.0808761,250.7227231,254.8905878,258.8225624,262.1286405,264.363675,266.7851215,268.55252,269.1268848,269.2922424,269.1655953,269.0758696,266.216924,257.8204203,251.8607713,252.5918878
E07000244,East Suffolk,469.4857902,475.0358913,481.9410745,489.6231385,491.2050496,480.608464,475.9778245,485.0384131,494.926423,506.7981863,517.8597093,528.9988958,538.8627167,549.2875606,558.5322828,566.5292521,574.5780477,581.6985066,586.6354826,589.9236193,590.9904284,590.6041202,583.465463,563.9063972,550.039731,551.9264611
E07000245,West Suffolk,317.8689778,319.4018886,322.5305518,326.1502758,327.168023,319.669137,315.7395968,321.2920535,327.0206739,334.4188779,340.6199771,346.942914,353.4158473,358.8232706,365.1539225,369.6619785,374.8072367,378.4304798,381.8247288,383.5106209,384.613619,384.4937304,380.8196358,369.4520481,361.5143792,363.5163866
E07000246,Somerset West and Taunton,418.8525815,422.4712811,426.6939956,433.4945234,435.4705354,425.9345987,421.493177,430.3574769,439.0529588,449.0370264,458.370794,467.1465357,474.9003238,482.7196995,489.9277847,496.1476753,503.1963572,508.6098327,512.2293523,514.2433376,514.3181283,513.7824988,507.753036,491.1912179,479.3439968,480.9162836
E08000001,Bolton,259.8052373,258.948896,259.0041606,259.7972809,258.8182391,250.9393171,246.1005634,248.9688634,250.9616044,254.106623,257.7289311,260.882472,263.9210163,266.1549669,268.3671681,270.0972776,272.2815511,274.224964,274.913604,274.5866226,273.9362113,272.9524682,268.9787716,259.5486882,252.888222,253.0124971
E08000002,Bury,277.2769406,276.6469965,277.1226349,279.1534931,278.32119,269.8888471,264.5113337,267.9766959,271.2718072,275.0015669,278.0359077,280.847035,283.4661952,284.943343,286.6472926,287.372747,288.824975,289.6739355,289.5367853,288.4484868,287.5313285,285.9458237,281.0241463,270.789186,263.4168147,263.4367968
E08000003,Manchester,123.2384389,119.4968505,117.5285142,118.350171,118.5020194,114.9787978,112.797561,114.5861989,116.1965813,118.0679742,120.3941902,122.4116088,124.6422583,126.4734001,128.6014915,130.3524358,132.2031292,133.7380326,135.0866363,136.0029334,137.1682931,138.1615356,137.4403839,133.3076445,130.6581609,132.2446943
E08000004,Oldham,241.9365451,240.121823,238.8515136,239.5375355,238.7103201,231.4010379,227.1087609,229.2799555,230.7138525,233.4577513,236.4028303,238.8362202,240.7055112,242.7428798,244.8433579,247.0615763,249.3758513,250.8896446,251.4872468,250.9845031,250.8639705,250.4199827,247.2901305,238.7428287,232.7254285,233.7104132
E08000005,Rochdale,247.541387,246.6703193,247.2706524,248.0614362,246.8219552,238.9646217,234.029254,236.9976302,239.7448726,242.0542616,244.2867009,246.9744915,250.1342071,252.3023976,254.1838812,255.5907501,257.485522,258.7716729,259.1838741,258.4853301,258.5174945,257.5063403,253.9809407,245.0158647,238.7686374,239.53631
E08000006,Salford,178.3763075,173.6494018,170.2910068,169.0559742,166.0602694,159.0700411,154.3967855,154.6023343,155.6122059,156.4877572,156.8963949,157.4664543,158.0104559,158.4448887,158.9678999,158.6970752,159.318089,159.5630516,159.3233741,158.7796425,158.4938977,158.3062974,156.1356127,150.8109719,147.0997335,147.7867991
E08000007,Stockport,310.0886652,309.6450391,310.022012,310.7344971,309.02206,299.0664129,292.6655966,295.1367785,297.5179198,299.3285998,301.9538682,303.4306978,305.0911023,305.7968584,307.0595305,306.5340518,307.4263732,307.6508488,306.6058364,304.6534073,303.099083,300.7839313,296.0213732,285.6199092,278.1520408,278.254337
E08000008,Tameside,260.3180818,259.5179216,260.3408844,261.8241069,259.7967156,251.473183,246.8367814,249.8560331,253.0680242,256.4466074,259.8152866,262.9207689,265.9168422,268.4326747,270.3801378,271.9089353,273.7271462,274.8858797,274.710072,273.7106604,272.3813767,270.7062872,266.6885936,256.6408551,249.2196525,249.0361164
E08000009,Trafford,267.2748329,266.5390417,266.4535223,267.3589764,265.8214349,257.0408201,251.5307067,253.5317274,256.3592772,259.6580343,262.2227169,264.3662091,266.0845119,267.4973599,269.0140398,270.7933991,272.5357227,274.007487,274.1098168,273.6305177,273.5045193,272.8810528,269.5413907,260.7275403,254.6890817,255.9621482
E08000010,Wigan,289.6090073,289.3921514,290.5515527,292.5490708,290.9962126,282.0607243,276.7629529,280.3545494,283.2237587,287.3955785,291.34004,294.8261035,298.363029,301.9331119,305.5268701,308.3542822,311.5669341,313.6667987,313.6807274,312.9308488,311.6232421,309.3901761,304.0052451,292.4423012,283.8048941,283.219085
E08000011,Knowsley,246.3156438,249.3100851,252.4663462,254.8562106,255.1768518,247.5215371,243.7205546,249.1526545,254.0389641,259.143631,263.5774759,266.3153586,269.2440034,270.1823537,271.403112,272.3958307,273.1520613,272.6021679,270.0219593,267.3085938,264.0669405,260.5575531,253.8568611,242.5772445,234.0154994,232.8744396
E08000012,Liverpool,208.1063221,204.2331662,203.010475,204.7932632,205.1444306,199.3355795,196.038808,199.1342828,202.0100815,204.2958921,206.6184802,208.0439484,209.3942566,209.944344,211.1944989,212.2357217,213.1744347,213.5665868,212.9916772,211.9759135,211.0172451,209.6866366,205.8829464,198.2095135,192.5302324,192.5302822
E08000013,St. Helens,310.0677621,309.2941505,309.1670471,310.6759952,308.6299739,298.7004878,292.5298175,295.7266718,299.3075028,304.0549138,308.0594949,311.3030005,314.1450971,317.0747184,320.1343622,322.8273093,326.2973243,327.9952781,327.9444589,326.7167082,324.9848792,322.3125147,316.0684106,303.5556771,294.0664306,293.8502451
E08000014,Sefton,362.9071775,365.6077845,370.492028,374.9816153,376.5242793,367.5632033,363.6144762,370.6606731,377.6108748,385.138856,391.2215996,395.5909099,400.0269024,403.577234,407.7475129,410.2713512,412.6127655,413.8401065,413.7401094,411.7406861,408.4783818,405.140323,396.893446,381.6800972,370.3554478,369.5016353
E08000015,Wirral,345.2952912,348.5060357,352.1862361,357.0090315,357.9649148,349.1227006,344.2700933,351.422671,358.0508905,365.0123618,371.1163196,375.8401043,380.7142767,385.2064362,388.9436269,391.8114543,395.545025,397.6699443,397.9589324,396.2127409,394.5293358,392.0847501,385.0567325,370.7416532,360.1362673,359.6759683
E08000016,Barnsley,294.199348,296.5969574,299.3145149,303.4920504,302.873535,294.187625,289.373598,294.6048555,300.4985299,306.251472,312.3754736,317.8136858,323.7034176,329.628549,334.5156561,338.668491,344.2978062,346.9837227,348.4859737,347.744087,346.4165723,343.7978913,337.1622151,324.2293189,314.5924357,313.9083477
E08000017,Doncaster,292.5406377,293.5623846,296.2223033,299.6856087,300.5023499,292.6529028,288.5288291,293.3275148,298.7277808,304.5297774,309.7051641,314.4974396,318.9610954,323.2390501,326.6761593,329.7284154,333.0958231,334.426476,335.5701918,335.1726304,333.6571897,331.8291732,326.3079029,314.3579132,305.6503391,304.7831537
E08000018,Rotherham,298.3057323,298.6807338,300.7245141,302.3991464,301.5862391,292.8474272,287.7979062,291.413102,295.0281105,298.9612166,302.5371682,306.0855425,309.7642268,313.5806363,316.5066414,319.2819892,322.1241665,323.7897218,324.162587,322.8844154,320.644893,318.1392021,311.8153699,299.7856746,290.7495513,289.7841976
E08000019,Sheffield,243.0208797,237.1425193,234.4468748,235.0423015,234.0462241,227.1070887,222.7335194,225.3691384,227.8059058,229.7322814,232.2625683,234.9654694,237.5296438,240.1970413,242.6873746,244.9092762,247.0474201,248.5584284,249.2309942,248.7235927,248.455169,247.541325,244.1741526,236.0685187,230.1572023,230.7220861
E08000021,Newcastle upon Tyne,203.2000076,198.9458023,198.0172873,200.5713965,201.3485592,196.3270546,193.501504,196.4756206,199.5895094,202.5613383,205.6465036,208.4324064,211.0241641,213.0703382,214.8566557,216.3989205,218.7843536,220.2010026,221.0002947,221.3381509,222.0618341,222.6850395,220.3533075,213.7265058,209.0248322,210.070444
E08000022,North Tyneside,313.6362602,315.6956061,319.8489925,323.6903323,324.0899211,315.5945447,310.7821884,316.2800881,322.3848475,327.9063628,332.8146975,337.1333262,340.7387649,343.7896014,346.6065992,349.1844494,352.4810576,355.2547445,355.9328615,355.219236,354.714204,353.4110366,347.7625436,335.3788643,326.3941041,327.577799
E08000023,South Tyneside,320.2632776,323.2516947,327.7496601,333.7447594,335.0312874,326.5649131,322.569019,328.2960803,334.4984604,340.9752325,346.7837876,352.2780471,356.0653193,359.8578331,363.3892115,364.8670943,367.5533948,368.5078969,367.7427051,365.5798762,363.0953462,359.596004,351.9895042,337.9766794,327.3329737,327.3289903
E08000024,Sunderland,308.1762084,310.5847032,313.9996981,319.1280146,319.6882748,311.5515983,307.0821564,312.5762397,317.8814647,323.4161791,328.1657567,331.7585351,335.6038534,339.0604835,341.7842738,343.8750081,347.2537945,348.8770801,348.6610939,346.2249901,343.6170943,340.8594464,333.9743036,321.0927714,311.570601,310.9553041
E08000025,Birmingham,187.9955403,184.6183397,183.1328681,183.766928,183.1888745,177.6820167,174.3549246,176.4314276,178.3056165,180.4310027,182.417501,184.3995711,186.7899099,189.2570091,191.5469685,193.9003064,195.9154175,197.5317052,198.6622243,199.3093531,199.7128725,200.3773016,198.8102926,192.756699,188.7024098,189.9473211
E08000026,Coventry,203.4903257,192.2883567,186.3535878,186.222921,184.5858146,178.6788834,174.7237395,175.935109,177.4825258,178.8514327,180.3381131,181.7186836,183.4523001,185.4005429,187.2060742,188.5520542,189.7095459,190.8670234,191.4619751,191.3707088,191.1746362,191.3859635,189.511366,183.6943145,179.8139109,180.9255121
E08000027,Dudley,313.8110973,313.3705425,313.3294015,313.127346,309.8947708,299.5961093,292.8979512,295.3282648,298.0631956,301.2733444,305.2297751,307.7954727,311.5564357,315.0048668,318.1360329,321.5217554,324.6608526,326.7447322,327.3897864,326.6033863,325.3520909,323.7467547,318.9726681,307.7523489,299.5993693,299.8008298
E08000028,Sandwell,214.4253571,212.429469,211.2553417,211.7676616,210.4294106,203.9480547,200.0356606,202.4740421,204.8826739,208.1712277,211.2666642,214.3759787,217.8563096,221.2248598,224.3261291,227.8312083,230.596099,233.1345606,235.060047,236.089438,237.0067246,237.8531951,235.6828652,228.017915,222.8280378,224.4983327
E08000029,Solihull,333.0646878,332.9847852,333.7929881,335.816543,334.3985256,324.4444146,317.9548309,321.5800587,324.388182,327.2858263,330.6386709,333.6434387,335.404895,337.7171654,341.2639387,343.4395952,345.642774,346.9531913,346.8526382,345.9304308,344.3358973,343.1811077,338.4038825,327.1231354,318.9413782,319.0325313
E08000030,Walsall,265.8648565,263.1179936,261.6644538,261.0380917,258.8603678,250.0207922,244.2414384,246.3338818,248.2085039,250.0963408,251.8499332,254.1720482,256.5893939,259.0015073,261.4930601,264.0050035,266.6504383,268.560318,269.2961177,269.281777,268.6081322,268.4363461,265.1471489,256.1725717,249.8477647,250.9558182
E08000031,Wolverhampton,244.1243188,241.0790262,239.8661247,240.6303192,239.578861,232.1804416,227.7134264,230.6611781,233.4294191,236.555925,239.355896,242.5034759,246.05698,249.6886085,252.6364122,255.8099524,259.1459977,261.784194,263.531792,264.3666807,264.7756907,265.0869687,262.2644376,253.924104,248.2876456,250.1158863
E08000032,Bradford,228.5502089,228.669827,230.1411521,232.6183397,233.2676631,227.5521093,224.4871507,228.3291084,232.0980029,235.7756222,239.240877,242.3780201,246.1855406,249.3790549,252.8708435,256.1245019,259.9067452,263.0798175,265.4028283,267.0956196,268.2137176,269.1071343,267.360012,259.5021889,254.3170141,256.6484041
E08000033,Calderdale,289.0561401,292.4902715,296.4733335,300.7999106,300.9117536,293.5141784,289.8701108,295.7186163,301.6246201,308.0676445,313.7167297,319.2867881,324.5526123,329.8312449,334.6646056,339.3979389,344.5270341,348.1248995,350.7520946,351.672915,351.0315429,350.5040087,345.6122938,333.5596754,324.831494,325.6846509
E08000034,Kirklees,266.2146844,266.7867073,268.3089146,270.9327796,270.9369944,263.5830328,259.3793481,262.9711044,267.2773265,271.8170752,275.8985798,280.2640579,284.4328416,289.3120446,293.5515858,297.6094208,301.813923,305.5763925,307.4676667,308.39094,308.5286278,308.6235654,304.9426703,294.9220053,287.8778769,289.5927414
E08000035,Leeds,222.1600581,217.8967142,216.0503889,217.0421949,215.7810887,209.3391169,205.3569774,207.5906596,209.8981137,212.6838806,215.5472093,218.1009006,220.6819891,223.0927475,225.6247723,228.0097625,230.801951,232.7960146,234.2748935,234.7739717,235.2391172,235.8151383,233.7010264,226.6871507,221.8220944,222.9820891
E08000036,Wakefield,282.5588674,282.6113306,284.3266046,287.0087455,285.8969779,277.3200468,272.3687473,275.9799886,279.9140365,284.1013764,288.0010496,292.0323722,296.1708567,300.3129541,303.4869228,306.854679,310.3991844,312.5411774,313.3590778,312.4567684,311.4428128,310.0656397,304.5798066,293.2992757,285.0109732,284.822247
E08000037,Gateshead,303.001494,304.0362265,307.0309924,309.7378179,309.1314031,300.2161214,295.3151129,300.474726,305.6328436,309.8446333,314.623996,319.02316,323.6506808,326.4372765,329.2713808,331.4699815,334.6127844,336.9860998,336.3225661,334.8595881,332.9861698,330.9307644,324.8947902,312.8480758,303.8744789,303.6222833
E09000001,City of London,127.8971766,107.2474501,98.14376876,98.06506996,98.48524426,95.83448237,94.06755924,94.82488689,96.45298094,97.77067662,99.42458386,100.8939805,101.944571,104.3016534,106.5712548,108.764165,110.698007,112.6113522,113.5067593,114.8734681,116.1717128,117.0083107,116.978599,113.8017389,111.8639098,113.1080033
E09000002,Barking and Dagenham,123.8005359,120.9545592,119.4740909,120.4874019,120.4093142,116.7211615,114.6188209,116.2387369,118.5981257,120.6844607,123.0886554,125.4535289,127.7065875,130.577442,133.1015744,135.9235856,138.1672295,140.0386341,141.6833261,143.480223,145.2064864,147.0967295,146.84618,142.4611731,139.817272,141.9800054
E09000003,Barnet,212.5132772,210.7502263,211.3723909,214.0416599,215.33681,210.9740532,208.8028801,212.4207928,216.4315693,220.9757543,225.0496404,229.3747737,232.9967399,237.2343052,241.5681581,245.6872533,249.6018241,253.5108611,257.1194371,260.3756318,263.529847,266.3833561,266.4005224,260.3172466,256.9530451,260.6378589
E09000004,Bexley,247.5210513,246.5844133,246.2100352,247.7280337,247.4571718,240.4307768,236.2428069,239.3676159,242.4568954,246.2258214,249.8091892,253.0098072,256.1010965,258.3958119,260.8628077,263.039533,264.6790239,265.7438344,266.5002313,266.9176464,267.497649,267.7534483,265.4904456,257.4929131,252.1435248,253.9104514
E09000005,Brent,158.978362,156.7891173,157.4671572,161.8894733,164.8095006,162.561918,162.0513543,166.8355506,171.097671,175.9721106,180.7266971,184.8995429,189.2662948,193.8184428,198.9958995,203.0200469,206.31827,209.3787196,211.8756703,214.2547409,216.9993571,219.1596395,218.691489,212.8918679,209.2910356,211.3955135
E09000006,Bromley,265.2095883,264.0523543,264.1747171,265.188412,264.7702076,257.3409275,253.052177,255.8416822,259.3102865,263.0691814,266.5194721,269.9210053,273.3209747,276.1403925,278.7300212,280.6332909,282.7422513,284.5454667,285.9195179,287.0658291,288.1889834,288.9045289,286.6870702,278.2983243,272.8331482,275.1831835
E09000007,Camden,147.6882578,140.8643008,138.3400297,140.0850323,141.7404389,139.1460218,137.7654858,140.3469942,143.0688552,146.2814954,149.4060858,152.9760929,156.5425395,159.6140737,162.5701968,165.5762838,168.4506514,170.7656944,172.8326908,174.8350319,177.0566249,178.8800122,178.6079129,174.0441034,171.2357205,173.2512856
E09000008,Croydon,194.7582156,194.0255882,194.3965285,197.1488357,198.4327038,194.1205923,192.0142136,196.3214241,200.9772478,205.9612802,210.4543019,214.6969431,218.8588473,222.4956593,225.7303111,228.4665491,231.0176024,233.1421537,234.3646354,235.5371688,237.0304643,238.6374803,237.2074274,230.290801,225.7790701,227.6969107
E09000009,Ealing,167.8793854,167.1135047,168.0576162,171.730193,173.7031335,170.6702127,169.4636753,173.8998323,177.8963217,182.4476232,186.9459067,191.6022147,195.5961066,199.8995571,204.0985165,208.2742533,211.7290779,215.0589909,218.2716129,221.0318829,224.1789782,226.9882589,227.0330746,221.1991375,217.6506412,220.7394889
E09000010,Enfield,202.4920362,202.2186255,203.8042326,207.8192563,210.7468724,207.1894084,205.8462299,209.9059197,215.5944462,221.8015525,227.634324,233.0529488,237.3932814,242.4318966,246.843422,251.3551558,255.6914871,259.3851256,262.7266525,265.2575934,267.7873251,269.9217821,269.0655842,262.0221507,257.7435613,260.4041322
E09000011,Greenwich,141.3981602,138.6008223,137.7087491,139.2276601,140.0214562,136.536167,134.8037352,137.2796077,140.0230643,142.536185,145.4855863,148.2387351,151.249309,153.7884952,156.7426325,159.3942972,161.8234865,163.6605751,165.2522307,166.6640627,168.4792666,169.8483739,169.101099,164.1897841,161.1600789,163.0257203
E09000012,Hackney,101.2041076,100.9852076,101.2259176,103.508776,105.024718,102.9705024,102.3038801,105.318758,108.4730294,111.6795682,115.5485933,118.8898907,121.608797,124.349454,126.7026506,128.8963958,130.5673736,132.3753946,133.9143873,135.2688238,136.6278973,138.078026,137.7459728,133.9033504,131.5011956,132.8631127
E09000013,Hammersmith and Fulham,130.9316931,127.9711284,127.5702654,128.6854493,129.4552073,126.6841813,125.2611648,128.5523645,131.9900374,135.3245296,138.9787729,142.768496,146.5544822,150.0729038,153.4626376,156.8632778,159.9567692,162.6735258,165.2292118,167.5714995,169.6115952,171.2683133,171.0409038,166.5058354,163.6511172,165.4364265
E09000014,Haringey,141.0347083,140.4524891,140.8198244,143.5930151,146.0253229,143.5064474,142.5394418,146.8866062,151.2648336,155.7211309,160.4166826,165.1321588,169.1331383,173.2622385,177.1830074,180.4693561,184.1298642,186.9367077,189.1666874,191.0835708,193.2388787,194.8236325,194.0117041,188.4033925,184.8776898,186.7138937
E09000015,Harrow,226.0035312,224.221741,223.8145894,227.653899,230.0408604,225.7274718,223.7885542,227.5990962,231.2929175,234.9598403,238.2261621,241.3894908,244.2246926,247.3082189,251.0459846,254.2980337,256.4838649,258.5940453,260.5709357,262.1933305,264.3173395,266.1972428,265.3309069,258.3597966,254.1170936,257.1094287
E09000016,Havering,261.9187159,259.0711115,258.2709618,258.6611665,256.2122764,247.7067624,242.1833967,243.1151213,244.6981613,246.9252554,248.1973173,249.8446773,251.0459526,252.3107661,253.5249979,254.5558639,255.4650124,255.8841569,255.9085944,255.9999733,256.5435877,257.115721,254.994139,247.1776507,241.9561584,243.7311461
E09000017,Hillingdon,190.1832473,186.5293929,184.3314922,186.3268583,186.9395432,182.3798591,179.8649251,182.8623368,185.9023222,189.259326,192.2111908,195.7381403,199.3072861,202.5999979,205.0343881,208.263045,211.0158177,213.1676647,215.3817032,217.7693558,219.7254011,221.9303734,221.6304427,216.007086,212.668749,215.8660029
E09000018,Hounslow,164.0589649,161.6738839,161.0986229,164.3806512,166.2447913,163.1269925,161.7331827,165.3049291,169.11169,172.8310293,177.0012211,181.0542982,184.6021606,188.8461135,192.5732622,196.7869079,200.7177033,204.4146034,207.8210744,211.0355171,214.2422637,217.2031169,217.6026935,212.3229926,209.4146942,212.8288943
E09000019,Islington,114.7312245,110.217737,108.0502075,109.6203162,110.7119326,108.219772,106.9638673,109.6546708,112.6574317,115.43728,118.5085247,122.0166534,124.402275,126.6370878,128.8754914,131.1511068,133.1554988,134.4234327,135.6832283,136.9021513,138.1718977,139.2218981,138.6912327,134.6838707,132.0778069,133.3645079
E09000020,Kensington and Chelsea,187.6391772,183.0138782,181.6571526,184.6025122,186.8266853,183.8153238,182.9013122,188.3638826,194.3745781,199.8650546,205.0561735,210.9637284,215.8850198,221.2442821,226.274037,229.7532626,234.0986155,237.1536674,239.7193934,242.0145426,243.7681119,245.2379899,243.4629739,236.2540695,231.4094274,232.1834784
E09000021,Kingston upon Thames,207.480674,205.2623634,204.3697932,207.7683212,208.4575414,203.7818714,201.2292511,204.1980561,207.7550586,211.6152527,215.1349037,219.1011136,222.6992693,226.7255451,230.7380254,234.0804138,238.0529649,241.9481134,245.4062958,248.4167151,251.5412598,254.4018657,254.179563,248.0895188,244.6295207,247.8059991
E09000022,Lambeth,107.1990728,107.1723135,108.2142881,110.8075029,112.4668021,110.7155257,110.4261062,114.4870319,118.654711,122.883971,127.1243506,131.3548953,134.9844568,138.7514708,142.0461367,145.0752418,147.6862257,149.8424255,151.6205932,153.1506843,154.9439643,156.3603627,155.9723986,151.6909446,148.8987943,150.1730462
E09000023,Lewisham,126.82371,126.8220252,127.7814144,130.0904986,131.4788778,128.6292301,127.559499,131.7466755,136.3531643,140.4694547,144.7932912,148.7010828,152.3214108,155.215589,158.0510473,160.7526795,163.6304216,165.5965805,167.4391693,168.9465967,170.4730294,171.7647498,170.779952,165.7002898,162.4591168,163.8873729
E09000024,Merton,177.0848243,176.7656074,177.3366693,179.7326794,181.236995,177.5590779,175.7954028,179.168885,182.9895156,186.8179129,190.6454174,195.0275419,199.0765327,203.2380627,206.7185753,210.0784764,213.1257907,216.146279,219.3073647,221.7016586,224.1393632,226.3720226,226.3916858,220.5067731,216.8972284,219.540083
E09000025,Newham,93.44291516,90.68310419,89.8454066,91.62229166,93.17683068,91.59053768,91.02843467,93.42861373,96.12007982,98.84922743,101.230647,103.6977743,105.970911,108.6365565,111.1438363,114.1109198,116.169731,118.150991,119.78926,121.4773224,123.2755019,124.883685,124.7902936,121.2846676,119.2250936,121.1609274
E09000026,Redbridge,175.7871101,173.8006929,173.3718952,174.5931706,175.5681164,171.2439661,168.5792382,171.0096044,173.3330751,176.3764378,179.3594503,181.5945954,183.8242897,186.9833605,189.919798,192.7293429,195.2324729,197.4338263,199.6086008,201.8150204,204.2340976,206.6145009,206.6675295,201.3149759,198.2208664,200.9348771
E09000027,Richmond upon Thames,242.7205389,243.958299,245.3612095,248.5040391,249.6705981,244.9069917,242.9311633,248.2244256,254.0198623,260.0409104,266.0710555,272.4370448,278.7370966,284.7052145,290.2232618,295.7579458,301.5527036,307.1049517,312.2699999,316.403354,320.3545833,323.3474886,323.1628851,315.0387597,310.1102309,313.7579374
E09000028,Southwark,104.4323243,103.2234451,103.5668824,106.2515684,108.4983119,106.904441,106.831633,110.5099743,114.8024756,118.9111146,122.5927189,126.2163947,129.8267937,133.0121821,136.1435656,138.8226353,141.3481354,143.4496568,145.5113218,147.0149411,148.6731041,150.1796268,149.6736798,145.4129402,142.6655872,143.9282481
E09000029,Sutton,223.5731571,222.6687929,222.477671,224.0975942,223.9799992,217.6753025,213.9593574,216.8272731,220.579713,223.9319632,228.0540816,231.5427565,234.8879417,238.1256084,240.5126612,243.1718666,245.8543781,248.5911538,250.5950924,252.7382046,255.0865521,256.8334182,256.2416263,249.587735,245.6280661,248.9730993
E09000030,Tower Hamlets,67.42825523,65.57610984,64.6966378,65.43264295,65.83221067,64.177079,63.23716047,64.6740576,66.19934339,68.07148638,69.53319183,71.06360696,72.93111121,74.99188491,77.01589771,78.94466886,80.6518173,82.51479059,84.49599035,86.75642141,88.88493154,90.95336819,91.91906459,89.98554139,89.13889104,91.41916305
E09000031,Waltham Forest,140.052356,138.571117,138.2051067,140.4864693,141.8083418,138.559621,136.7484834,139.4043734,142.273429,145.5096163,148.2895447,151.231206,153.7723192,156.4187123,158.813555,161.0688299,163.2813587,165.0990778,166.3213202,167.3557074,168.8037495,170.2283065,169.4885417,164.7012589,161.7929512,163.4071109
E09000032,Wandsworth,122.8461432,121.1798967,120.3662499,121.3519701,122.0132261,119.5406571,118.4489723,120.9597845,123.5218915,126.2850218,129.0651535,132.3313341,134.9914438,137.8555338,140.6984184,143.3790636,145.8459558,148.4077633,150.6825744,152.7043935,154.864644,156.7372969,156.9050799,153.4037735,151.4345041,153.6292187
E09000033,Westminster,149.5372289,143.0436849,140.5359753,142.335632,144.0073638,141.5237072,140.4621268,143.8010909,147.2781711,150.497759,154.2818628,157.996263,162.0295204,165.9228813,169.2859219,171.9996485,174.4462673,176.5690519,178.6425765,180.3283109,181.8121441,182.9094191,182.0921479,176.8845412,173.4574294,174.4950816
