areacd,areanm,sex,age,value,display
1111,Chief executives and senior officials,Proportion of women (%),65 years and over,4.2,TRUE
1111,Chief executives and senior officials,Proportion of women (%),60 to 64 years,6.7,TRUE
1111,Chief executives and senior officials,Proportion of women (%),55 to 59 years,12.6,TRUE
1111,Chief executives and senior officials,Proportion of women (%),50 to 54 years,15.2,TRUE
1111,Chief executives and senior officials,Proportion of women (%),45 to 49 years,15.3,TRUE
1111,Chief executives and senior officials,Proportion of women (%),40 to 44 years,15.3,TRUE
1111,Chief executives and senior officials,Proportion of women (%),35 to 39 years,13.6,TRUE
1111,Chief executives and senior officials,Proportion of women (%),30 to 34 years,10.6,TRUE
1111,Chief executives and senior officials,Proportion of women (%),25 to 29 years,5.1,TRUE
1111,Chief executives and senior officials,Proportion of women (%),20 to 24 years,1.4,TRUE
1111,Chief executives and senior officials,Proportion of women (%),16 to 19 years,0.1,TRUE
1111,Chief executives and senior officials,Proportion of men (%),65 years and over,10.7,TRUE
1111,Chief executives and senior officials,Proportion of men (%),60 to 64 years,9.1,TRUE
1111,Chief executives and senior officials,Proportion of men (%),55 to 59 years,14.4,TRUE
1111,Chief executives and senior officials,Proportion of men (%),50 to 54 years,15.6,TRUE
1111,Chief executives and senior officials,Proportion of men (%),45 to 49 years,14.7,TRUE
1111,Chief executives and senior officials,Proportion of men (%),40 to 44 years,12.4,TRUE
1111,Chief executives and senior officials,Proportion of men (%),35 to 39 years,10.3,TRUE
1111,Chief executives and senior officials,Proportion of men (%),30 to 34 years,7.8,TRUE
1111,Chief executives and senior officials,Proportion of men (%),25 to 29 years,3.6,TRUE
1111,Chief executives and senior officials,Proportion of men (%),20 to 24 years,1,TRUE
1111,Chief executives and senior officials,Proportion of men (%),16 to 19 years,0.1,TRUE
1112,Elected officers and representatives,Proportion of women (%),65 years and over,33.2,FALSE
1112,Elected officers and representatives,Proportion of women (%),60 to 64 years,14.4,FALSE
1112,Elected officers and representatives,Proportion of women (%),55 to 59 years,11.5,FALSE
1112,Elected officers and representatives,Proportion of women (%),50 to 54 years,10.5,FALSE
1112,Elected officers and representatives,Proportion of women (%),45 to 49 years,8.1,FALSE
1112,Elected officers and representatives,Proportion of women (%),40 to 44 years,7.3,FALSE
1112,Elected officers and representatives,Proportion of women (%),35 to 39 years,5.5,FALSE
1112,Elected officers and representatives,Proportion of women (%),30 to 34 years,4.3,FALSE
1112,Elected officers and representatives,Proportion of women (%),25 to 29 years,2.9,FALSE
1112,Elected officers and representatives,Proportion of women (%),20 to 24 years,2,FALSE
1112,Elected officers and representatives,Proportion of women (%),16 to 19 years,null,FALSE
1112,Elected officers and representatives,Proportion of men (%),65 years and over,40.6,FALSE
1112,Elected officers and representatives,Proportion of men (%),60 to 64 years,13.7,FALSE
1112,Elected officers and representatives,Proportion of men (%),55 to 59 years,9.7,FALSE
1112,Elected officers and representatives,Proportion of men (%),50 to 54 years,8.2,FALSE
1112,Elected officers and representatives,Proportion of men (%),45 to 49 years,6.2,FALSE
1112,Elected officers and representatives,Proportion of men (%),40 to 44 years,5.7,FALSE
1112,Elected officers and representatives,Proportion of men (%),35 to 39 years,5.3,FALSE
1112,Elected officers and representatives,Proportion of men (%),30 to 34 years,4.5,FALSE
1112,Elected officers and representatives,Proportion of men (%),25 to 29 years,3.9,FALSE
1112,Elected officers and representatives,Proportion of men (%),20 to 24 years,2.1,FALSE
1112,Elected officers and representatives,Proportion of men (%),16 to 19 years,null,FALSE
1121,Production managers and directors in manufacturing,Proportion of women (%),65 years and over,5.4,TRUE
1121,Production managers and directors in manufacturing,Proportion of women (%),60 to 64 years,6.8,TRUE
1121,Production managers and directors in manufacturing,Proportion of women (%),55 to 59 years,11.8,TRUE
1121,Production managers and directors in manufacturing,Proportion of women (%),50 to 54 years,14.9,TRUE
1121,Production managers and directors in manufacturing,Proportion of women (%),45 to 49 years,14.8,TRUE
1121,Production managers and directors in manufacturing,Proportion of women (%),40 to 44 years,13.6,TRUE
1121,Production managers and directors in manufacturing,Proportion of women (%),35 to 39 years,12.5,TRUE
1121,Production managers and directors in manufacturing,Proportion of women (%),30 to 34 years,11.2,TRUE
1121,Production managers and directors in manufacturing,Proportion of women (%),25 to 29 years,6.7,TRUE
1121,Production managers and directors in manufacturing,Proportion of women (%),20 to 24 years,2,TRUE
1121,Production managers and directors in manufacturing,Proportion of women (%),16 to 19 years,0.3,TRUE
1121,Production managers and directors in manufacturing,Proportion of men (%),65 years and over,7.3,TRUE
1121,Production managers and directors in manufacturing,Proportion of men (%),60 to 64 years,9.3,TRUE
1121,Production managers and directors in manufacturing,Proportion of men (%),55 to 59 years,15.5,TRUE
1121,Production managers and directors in manufacturing,Proportion of men (%),50 to 54 years,17.3,TRUE
1121,Production managers and directors in manufacturing,Proportion of men (%),45 to 49 years,14.6,TRUE
1121,Production managers and directors in manufacturing,Proportion of men (%),40 to 44 years,12.4,TRUE
1121,Production managers and directors in manufacturing,Proportion of men (%),35 to 39 years,10.4,TRUE
1121,Production managers and directors in manufacturing,Proportion of men (%),30 to 34 years,7.9,TRUE
1121,Production managers and directors in manufacturing,Proportion of men (%),25 to 29 years,4,TRUE
1121,Production managers and directors in manufacturing,Proportion of men (%),20 to 24 years,1.2,TRUE
1121,Production managers and directors in manufacturing,Proportion of men (%),16 to 19 years,0.2,TRUE
1122,Production managers and directors in construction,Proportion of women (%),65 years and over,6.3,TRUE
1122,Production managers and directors in construction,Proportion of women (%),60 to 64 years,7.5,TRUE
1122,Production managers and directors in construction,Proportion of women (%),55 to 59 years,12.6,TRUE
1122,Production managers and directors in construction,Proportion of women (%),50 to 54 years,15.4,TRUE
1122,Production managers and directors in construction,Proportion of women (%),45 to 49 years,13.2,TRUE
1122,Production managers and directors in construction,Proportion of women (%),40 to 44 years,13.6,TRUE
1122,Production managers and directors in construction,Proportion of women (%),35 to 39 years,13.2,TRUE
1122,Production managers and directors in construction,Proportion of women (%),30 to 34 years,10.6,TRUE
1122,Production managers and directors in construction,Proportion of women (%),25 to 29 years,5.5,TRUE
1122,Production managers and directors in construction,Proportion of women (%),20 to 24 years,1.8,TRUE
1122,Production managers and directors in construction,Proportion of women (%),16 to 19 years,0.2,TRUE
1122,Production managers and directors in construction,Proportion of men (%),65 years and over,6.6,TRUE
1122,Production managers and directors in construction,Proportion of men (%),60 to 64 years,9.1,TRUE
1122,Production managers and directors in construction,Proportion of men (%),55 to 59 years,14.3,TRUE
1122,Production managers and directors in construction,Proportion of men (%),50 to 54 years,15.9,TRUE
1122,Production managers and directors in construction,Proportion of men (%),45 to 49 years,13.4,TRUE
1122,Production managers and directors in construction,Proportion of men (%),40 to 44 years,12.6,TRUE
1122,Production managers and directors in construction,Proportion of men (%),35 to 39 years,12.2,TRUE
1122,Production managers and directors in construction,Proportion of men (%),30 to 34 years,9.6,TRUE
1122,Production managers and directors in construction,Proportion of men (%),25 to 29 years,4.6,TRUE
1122,Production managers and directors in construction,Proportion of men (%),20 to 24 years,1.5,TRUE
1122,Production managers and directors in construction,Proportion of men (%),16 to 19 years,0.2,TRUE
1123,Production managers and directors in mining and energy,Proportion of women (%),65 years and over,1.9,FALSE
1123,Production managers and directors in mining and energy,Proportion of women (%),60 to 64 years,4.8,FALSE
1123,Production managers and directors in mining and energy,Proportion of women (%),55 to 59 years,7.5,FALSE
1123,Production managers and directors in mining and energy,Proportion of women (%),50 to 54 years,13.5,FALSE
1123,Production managers and directors in mining and energy,Proportion of women (%),45 to 49 years,14.3,FALSE
1123,Production managers and directors in mining and energy,Proportion of women (%),40 to 44 years,15.7,FALSE
1123,Production managers and directors in mining and energy,Proportion of women (%),35 to 39 years,16.1,FALSE
1123,Production managers and directors in mining and energy,Proportion of women (%),30 to 34 years,14.4,FALSE
1123,Production managers and directors in mining and energy,Proportion of women (%),25 to 29 years,9.1,FALSE
1123,Production managers and directors in mining and energy,Proportion of women (%),20 to 24 years,2.6,FALSE
1123,Production managers and directors in mining and energy,Proportion of women (%),16 to 19 years,null,FALSE
1123,Production managers and directors in mining and energy,Proportion of men (%),65 years and over,4.6,FALSE
1123,Production managers and directors in mining and energy,Proportion of men (%),60 to 64 years,7.8,FALSE
1123,Production managers and directors in mining and energy,Proportion of men (%),55 to 59 years,14.7,FALSE
1123,Production managers and directors in mining and energy,Proportion of men (%),50 to 54 years,16.4,FALSE
1123,Production managers and directors in mining and energy,Proportion of men (%),45 to 49 years,15.7,FALSE
1123,Production managers and directors in mining and energy,Proportion of men (%),40 to 44 years,13.5,FALSE
1123,Production managers and directors in mining and energy,Proportion of men (%),35 to 39 years,13.2,FALSE
1123,Production managers and directors in mining and energy,Proportion of men (%),30 to 34 years,9,FALSE
1123,Production managers and directors in mining and energy,Proportion of men (%),25 to 29 years,4.2,FALSE
1123,Production managers and directors in mining and energy,Proportion of men (%),20 to 24 years,0.9,FALSE
1123,Production managers and directors in mining and energy,Proportion of men (%),16 to 19 years,0.1,FALSE
1131,Financial managers and directors,Proportion of women (%),65 years and over,3.3,TRUE
1131,Financial managers and directors,Proportion of women (%),60 to 64 years,5.4,TRUE
1131,Financial managers and directors,Proportion of women (%),55 to 59 years,10.9,TRUE
1131,Financial managers and directors,Proportion of women (%),50 to 54 years,15.1,TRUE
1131,Financial managers and directors,Proportion of women (%),45 to 49 years,14.6,TRUE
1131,Financial managers and directors,Proportion of women (%),40 to 44 years,15.2,TRUE
1131,Financial managers and directors,Proportion of women (%),35 to 39 years,14.8,TRUE
1131,Financial managers and directors,Proportion of women (%),30 to 34 years,12.2,TRUE
1131,Financial managers and directors,Proportion of women (%),25 to 29 years,6.7,TRUE
1131,Financial managers and directors,Proportion of women (%),20 to 24 years,1.6,TRUE
1131,Financial managers and directors,Proportion of women (%),16 to 19 years,0.1,TRUE
1131,Financial managers and directors,Proportion of men (%),65 years and over,5.1,TRUE
1131,Financial managers and directors,Proportion of men (%),60 to 64 years,6.3,TRUE
1131,Financial managers and directors,Proportion of men (%),55 to 59 years,11,TRUE
1131,Financial managers and directors,Proportion of men (%),50 to 54 years,14.4,TRUE
1131,Financial managers and directors,Proportion of men (%),45 to 49 years,14.7,TRUE
1131,Financial managers and directors,Proportion of men (%),40 to 44 years,15.2,TRUE
1131,Financial managers and directors,Proportion of men (%),35 to 39 years,14.4,TRUE
1131,Financial managers and directors,Proportion of men (%),30 to 34 years,11.5,TRUE
1131,Financial managers and directors,Proportion of men (%),25 to 29 years,5.9,TRUE
1131,Financial managers and directors,Proportion of men (%),20 to 24 years,1.3,TRUE
1131,Financial managers and directors,Proportion of men (%),16 to 19 years,0.1,TRUE
1132,"Marketing, sales and advertising directors",Proportion of women (%),65 years and over,1.3,TRUE
1132,"Marketing, sales and advertising directors",Proportion of women (%),60 to 64 years,2.7,TRUE
1132,"Marketing, sales and advertising directors",Proportion of women (%),55 to 59 years,6.8,TRUE
1132,"Marketing, sales and advertising directors",Proportion of women (%),50 to 54 years,10.9,TRUE
1132,"Marketing, sales and advertising directors",Proportion of women (%),45 to 49 years,15.2,TRUE
1132,"Marketing, sales and advertising directors",Proportion of women (%),40 to 44 years,18,TRUE
1132,"Marketing, sales and advertising directors",Proportion of women (%),35 to 39 years,19.3,TRUE
1132,"Marketing, sales and advertising directors",Proportion of women (%),30 to 34 years,17.5,TRUE
1132,"Marketing, sales and advertising directors",Proportion of women (%),25 to 29 years,7.2,TRUE
1132,"Marketing, sales and advertising directors",Proportion of women (%),20 to 24 years,1,TRUE
1132,"Marketing, sales and advertising directors",Proportion of women (%),16 to 19 years,0.1,TRUE
1132,"Marketing, sales and advertising directors",Proportion of men (%),65 years and over,3.3,TRUE
1132,"Marketing, sales and advertising directors",Proportion of men (%),60 to 64 years,5.7,TRUE
1132,"Marketing, sales and advertising directors",Proportion of men (%),55 to 59 years,11.3,TRUE
1132,"Marketing, sales and advertising directors",Proportion of men (%),50 to 54 years,15.1,TRUE
1132,"Marketing, sales and advertising directors",Proportion of men (%),45 to 49 years,16.8,TRUE
1132,"Marketing, sales and advertising directors",Proportion of men (%),40 to 44 years,16.3,TRUE
1132,"Marketing, sales and advertising directors",Proportion of men (%),35 to 39 years,14.2,TRUE
1132,"Marketing, sales and advertising directors",Proportion of men (%),30 to 34 years,11.4,TRUE
1132,"Marketing, sales and advertising directors",Proportion of men (%),25 to 29 years,4.8,TRUE
1132,"Marketing, sales and advertising directors",Proportion of men (%),20 to 24 years,1,TRUE
1132,"Marketing, sales and advertising directors",Proportion of men (%),16 to 19 years,0.1,TRUE
1133,Public relations and communications directors,Proportion of women (%),65 years and over,1.4,FALSE
1133,Public relations and communications directors,Proportion of women (%),60 to 64 years,3.3,FALSE
1133,Public relations and communications directors,Proportion of women (%),55 to 59 years,9.2,FALSE
1133,Public relations and communications directors,Proportion of women (%),50 to 54 years,13,FALSE
1133,Public relations and communications directors,Proportion of women (%),45 to 49 years,17.3,FALSE
1133,Public relations and communications directors,Proportion of women (%),40 to 44 years,20.6,FALSE
1133,Public relations and communications directors,Proportion of women (%),35 to 39 years,18.5,FALSE
1133,Public relations and communications directors,Proportion of women (%),30 to 34 years,12.1,FALSE
1133,Public relations and communications directors,Proportion of women (%),25 to 29 years,4.2,FALSE
1133,Public relations and communications directors,Proportion of women (%),20 to 24 years,0.4,FALSE
1133,Public relations and communications directors,Proportion of women (%),16 to 19 years,null,FALSE
1133,Public relations and communications directors,Proportion of men (%),65 years and over,8,FALSE
1133,Public relations and communications directors,Proportion of men (%),60 to 64 years,10.1,FALSE
1133,Public relations and communications directors,Proportion of men (%),55 to 59 years,14.6,FALSE
1133,Public relations and communications directors,Proportion of men (%),50 to 54 years,16.3,FALSE
1133,Public relations and communications directors,Proportion of men (%),45 to 49 years,15.9,FALSE
1133,Public relations and communications directors,Proportion of men (%),40 to 44 years,14.8,FALSE
1133,Public relations and communications directors,Proportion of men (%),35 to 39 years,11.1,FALSE
1133,Public relations and communications directors,Proportion of men (%),30 to 34 years,6.6,FALSE
1133,Public relations and communications directors,Proportion of men (%),25 to 29 years,2.2,FALSE
1133,Public relations and communications directors,Proportion of men (%),20 to 24 years,0.4,FALSE
1133,Public relations and communications directors,Proportion of men (%),16 to 19 years,null,FALSE
1134,Purchasing managers and directors,Proportion of women (%),65 years and over,0.9,TRUE
1134,Purchasing managers and directors,Proportion of women (%),60 to 64 years,4,TRUE
1134,Purchasing managers and directors,Proportion of women (%),55 to 59 years,9.9,TRUE
1134,Purchasing managers and directors,Proportion of women (%),50 to 54 years,13.9,TRUE
1134,Purchasing managers and directors,Proportion of women (%),45 to 49 years,15.9,TRUE
1134,Purchasing managers and directors,Proportion of women (%),40 to 44 years,16.7,TRUE
1134,Purchasing managers and directors,Proportion of women (%),35 to 39 years,16,TRUE
1134,Purchasing managers and directors,Proportion of women (%),30 to 34 years,13.6,TRUE
1134,Purchasing managers and directors,Proportion of women (%),25 to 29 years,7.6,TRUE
1134,Purchasing managers and directors,Proportion of women (%),20 to 24 years,1.4,TRUE
1134,Purchasing managers and directors,Proportion of women (%),16 to 19 years,0.1,TRUE
1134,Purchasing managers and directors,Proportion of men (%),65 years and over,2.4,TRUE
1134,Purchasing managers and directors,Proportion of men (%),60 to 64 years,7,TRUE
1134,Purchasing managers and directors,Proportion of men (%),55 to 59 years,13.9,TRUE
1134,Purchasing managers and directors,Proportion of men (%),50 to 54 years,16.5,TRUE
1134,Purchasing managers and directors,Proportion of men (%),45 to 49 years,15.5,TRUE
1134,Purchasing managers and directors,Proportion of men (%),40 to 44 years,14.7,TRUE
1134,Purchasing managers and directors,Proportion of men (%),35 to 39 years,12.9,TRUE
1134,Purchasing managers and directors,Proportion of men (%),30 to 34 years,10.5,TRUE
1134,Purchasing managers and directors,Proportion of men (%),25 to 29 years,5.3,TRUE
1134,Purchasing managers and directors,Proportion of men (%),20 to 24 years,1.3,TRUE
1134,Purchasing managers and directors,Proportion of men (%),16 to 19 years,0.1,TRUE
1135,Charitable organisation managers and directors,Proportion of women (%),65 years and over,3.6,FALSE
1135,Charitable organisation managers and directors,Proportion of women (%),60 to 64 years,7.1,FALSE
1135,Charitable organisation managers and directors,Proportion of women (%),55 to 59 years,12.1,FALSE
1135,Charitable organisation managers and directors,Proportion of women (%),50 to 54 years,14.1,FALSE
1135,Charitable organisation managers and directors,Proportion of women (%),45 to 49 years,14.2,FALSE
1135,Charitable organisation managers and directors,Proportion of women (%),40 to 44 years,15.9,FALSE
1135,Charitable organisation managers and directors,Proportion of women (%),35 to 39 years,14.8,FALSE
1135,Charitable organisation managers and directors,Proportion of women (%),30 to 34 years,11.2,FALSE
1135,Charitable organisation managers and directors,Proportion of women (%),25 to 29 years,5.9,FALSE
1135,Charitable organisation managers and directors,Proportion of women (%),20 to 24 years,1.2,FALSE
1135,Charitable organisation managers and directors,Proportion of women (%),16 to 19 years,null,FALSE
1135,Charitable organisation managers and directors,Proportion of men (%),65 years and over,8.3,FALSE
1135,Charitable organisation managers and directors,Proportion of men (%),60 to 64 years,9.4,FALSE
1135,Charitable organisation managers and directors,Proportion of men (%),55 to 59 years,13.6,FALSE
1135,Charitable organisation managers and directors,Proportion of men (%),50 to 54 years,14.4,FALSE
1135,Charitable organisation managers and directors,Proportion of men (%),45 to 49 years,14.1,FALSE
1135,Charitable organisation managers and directors,Proportion of men (%),40 to 44 years,12.4,FALSE
1135,Charitable organisation managers and directors,Proportion of men (%),35 to 39 years,12.6,FALSE
1135,Charitable organisation managers and directors,Proportion of men (%),30 to 34 years,9.3,FALSE
1135,Charitable organisation managers and directors,Proportion of men (%),25 to 29 years,4.7,FALSE
1135,Charitable organisation managers and directors,Proportion of men (%),20 to 24 years,1,FALSE
1135,Charitable organisation managers and directors,Proportion of men (%),16 to 19 years,0.1,FALSE
1136,Human resource managers and directors,Proportion of women (%),65 years and over,1.3,TRUE
1136,Human resource managers and directors,Proportion of women (%),60 to 64 years,4.1,TRUE
1136,Human resource managers and directors,Proportion of women (%),55 to 59 years,9.7,TRUE
1136,Human resource managers and directors,Proportion of women (%),50 to 54 years,13.4,TRUE
1136,Human resource managers and directors,Proportion of women (%),45 to 49 years,14.8,TRUE
1136,Human resource managers and directors,Proportion of women (%),40 to 44 years,16.7,TRUE
1136,Human resource managers and directors,Proportion of women (%),35 to 39 years,16.4,TRUE
1136,Human resource managers and directors,Proportion of women (%),30 to 34 years,14,TRUE
1136,Human resource managers and directors,Proportion of women (%),25 to 29 years,7.8,TRUE
1136,Human resource managers and directors,Proportion of women (%),20 to 24 years,1.7,TRUE
1136,Human resource managers and directors,Proportion of women (%),16 to 19 years,0.1,TRUE
1136,Human resource managers and directors,Proportion of men (%),65 years and over,3.1,TRUE
1136,Human resource managers and directors,Proportion of men (%),60 to 64 years,5.5,TRUE
1136,Human resource managers and directors,Proportion of men (%),55 to 59 years,10.5,TRUE
1136,Human resource managers and directors,Proportion of men (%),50 to 54 years,13.6,TRUE
1136,Human resource managers and directors,Proportion of men (%),45 to 49 years,14.4,TRUE
1136,Human resource managers and directors,Proportion of men (%),40 to 44 years,15.1,TRUE
1136,Human resource managers and directors,Proportion of men (%),35 to 39 years,15.3,TRUE
1136,Human resource managers and directors,Proportion of men (%),30 to 34 years,13.3,TRUE
1136,Human resource managers and directors,Proportion of men (%),25 to 29 years,7.4,TRUE
1136,Human resource managers and directors,Proportion of men (%),20 to 24 years,1.7,TRUE
1136,Human resource managers and directors,Proportion of men (%),16 to 19 years,0.1,TRUE
1137,Information technology directors,Proportion of women (%),65 years and over,2.8,TRUE
1137,Information technology directors,Proportion of women (%),60 to 64 years,4.9,TRUE
1137,Information technology directors,Proportion of women (%),55 to 59 years,10.7,TRUE
1137,Information technology directors,Proportion of women (%),50 to 54 years,14.7,TRUE
1137,Information technology directors,Proportion of women (%),45 to 49 years,18.1,TRUE
1137,Information technology directors,Proportion of women (%),40 to 44 years,18.3,TRUE
1137,Information technology directors,Proportion of women (%),35 to 39 years,16.3,TRUE
1137,Information technology directors,Proportion of women (%),30 to 34 years,9.7,TRUE
1137,Information technology directors,Proportion of women (%),25 to 29 years,3.7,TRUE
1137,Information technology directors,Proportion of women (%),20 to 24 years,0.6,TRUE
1137,Information technology directors,Proportion of women (%),16 to 19 years,0.1,TRUE
1137,Information technology directors,Proportion of men (%),65 years and over,4.1,TRUE
1137,Information technology directors,Proportion of men (%),60 to 64 years,6.3,TRUE
1137,Information technology directors,Proportion of men (%),55 to 59 years,11.6,TRUE
1137,Information technology directors,Proportion of men (%),50 to 54 years,16.8,TRUE
1137,Information technology directors,Proportion of men (%),45 to 49 years,19.5,TRUE
1137,Information technology directors,Proportion of men (%),40 to 44 years,18.3,TRUE
1137,Information technology directors,Proportion of men (%),35 to 39 years,13,TRUE
1137,Information technology directors,Proportion of men (%),30 to 34 years,6.7,TRUE
1137,Information technology directors,Proportion of men (%),25 to 29 years,2.7,TRUE
1137,Information technology directors,Proportion of men (%),20 to 24 years,0.7,TRUE
1137,Information technology directors,Proportion of men (%),16 to 19 years,0.1,TRUE
1139,Functional managers and directors n.e.c.,Proportion of women (%),65 years and over,3.2,TRUE
1139,Functional managers and directors n.e.c.,Proportion of women (%),60 to 64 years,5.5,TRUE
1139,Functional managers and directors n.e.c.,Proportion of women (%),55 to 59 years,10.9,TRUE
1139,Functional managers and directors n.e.c.,Proportion of women (%),50 to 54 years,14.5,TRUE
1139,Functional managers and directors n.e.c.,Proportion of women (%),45 to 49 years,15.7,TRUE
1139,Functional managers and directors n.e.c.,Proportion of women (%),40 to 44 years,16.7,TRUE
1139,Functional managers and directors n.e.c.,Proportion of women (%),35 to 39 years,15.2,TRUE
1139,Functional managers and directors n.e.c.,Proportion of women (%),30 to 34 years,12,TRUE
1139,Functional managers and directors n.e.c.,Proportion of women (%),25 to 29 years,5.4,TRUE
1139,Functional managers and directors n.e.c.,Proportion of women (%),20 to 24 years,0.9,TRUE
1139,Functional managers and directors n.e.c.,Proportion of women (%),16 to 19 years,0,TRUE
1139,Functional managers and directors n.e.c.,Proportion of men (%),65 years and over,6.5,TRUE
1139,Functional managers and directors n.e.c.,Proportion of men (%),60 to 64 years,8.7,TRUE
1139,Functional managers and directors n.e.c.,Proportion of men (%),55 to 59 years,14.6,TRUE
1139,Functional managers and directors n.e.c.,Proportion of men (%),50 to 54 years,17.2,TRUE
1139,Functional managers and directors n.e.c.,Proportion of men (%),45 to 49 years,16.7,TRUE
1139,Functional managers and directors n.e.c.,Proportion of men (%),40 to 44 years,14.3,TRUE
1139,Functional managers and directors n.e.c.,Proportion of men (%),35 to 39 years,11,TRUE
1139,Functional managers and directors n.e.c.,Proportion of men (%),30 to 34 years,7.2,TRUE
1139,Functional managers and directors n.e.c.,Proportion of men (%),25 to 29 years,2.9,TRUE
1139,Functional managers and directors n.e.c.,Proportion of men (%),20 to 24 years,0.8,TRUE
1139,Functional managers and directors n.e.c.,Proportion of men (%),16 to 19 years,0,TRUE
1140,"Directors in logistics, warehousing and transport",Proportion of women (%),65 years and over,8.1,FALSE
1140,"Directors in logistics, warehousing and transport",Proportion of women (%),60 to 64 years,8.6,FALSE
1140,"Directors in logistics, warehousing and transport",Proportion of women (%),55 to 59 years,14.4,FALSE
1140,"Directors in logistics, warehousing and transport",Proportion of women (%),50 to 54 years,17.6,FALSE
1140,"Directors in logistics, warehousing and transport",Proportion of women (%),45 to 49 years,14.2,FALSE
1140,"Directors in logistics, warehousing and transport",Proportion of women (%),40 to 44 years,13.1,FALSE
1140,"Directors in logistics, warehousing and transport",Proportion of women (%),35 to 39 years,11.9,FALSE
1140,"Directors in logistics, warehousing and transport",Proportion of women (%),30 to 34 years,8,FALSE
1140,"Directors in logistics, warehousing and transport",Proportion of women (%),25 to 29 years,2.8,FALSE
1140,"Directors in logistics, warehousing and transport",Proportion of women (%),20 to 24 years,1.2,FALSE
1140,"Directors in logistics, warehousing and transport",Proportion of women (%),16 to 19 years,null,FALSE
1140,"Directors in logistics, warehousing and transport",Proportion of men (%),65 years and over,8.7,FALSE
1140,"Directors in logistics, warehousing and transport",Proportion of men (%),60 to 64 years,9.5,FALSE
1140,"Directors in logistics, warehousing and transport",Proportion of men (%),55 to 59 years,15.5,FALSE
1140,"Directors in logistics, warehousing and transport",Proportion of men (%),50 to 54 years,17.1,FALSE
1140,"Directors in logistics, warehousing and transport",Proportion of men (%),45 to 49 years,14.1,FALSE
1140,"Directors in logistics, warehousing and transport",Proportion of men (%),40 to 44 years,12.3,FALSE
1140,"Directors in logistics, warehousing and transport",Proportion of men (%),35 to 39 years,10.5,FALSE
1140,"Directors in logistics, warehousing and transport",Proportion of men (%),30 to 34 years,7.9,FALSE
1140,"Directors in logistics, warehousing and transport",Proportion of men (%),25 to 29 years,3.3,FALSE
1140,"Directors in logistics, warehousing and transport",Proportion of men (%),20 to 24 years,1,FALSE
1140,"Directors in logistics, warehousing and transport",Proportion of men (%),16 to 19 years,0.1,FALSE
1150,Managers and directors in retail and wholesale,Proportion of women (%),65 years and over,3.5,TRUE
1150,Managers and directors in retail and wholesale,Proportion of women (%),60 to 64 years,5.7,TRUE
1150,Managers and directors in retail and wholesale,Proportion of women (%),55 to 59 years,10.1,TRUE
1150,Managers and directors in retail and wholesale,Proportion of women (%),50 to 54 years,12.7,TRUE
1150,Managers and directors in retail and wholesale,Proportion of women (%),45 to 49 years,12,TRUE
1150,Managers and directors in retail and wholesale,Proportion of women (%),40 to 44 years,12,TRUE
1150,Managers and directors in retail and wholesale,Proportion of women (%),35 to 39 years,13.2,TRUE
1150,Managers and directors in retail and wholesale,Proportion of women (%),30 to 34 years,14.5,TRUE
1150,Managers and directors in retail and wholesale,Proportion of women (%),25 to 29 years,11.3,TRUE
1150,Managers and directors in retail and wholesale,Proportion of women (%),20 to 24 years,4.8,TRUE
1150,Managers and directors in retail and wholesale,Proportion of women (%),16 to 19 years,0.4,TRUE
1150,Managers and directors in retail and wholesale,Proportion of men (%),65 years and over,5.5,TRUE
1150,Managers and directors in retail and wholesale,Proportion of men (%),60 to 64 years,6.7,TRUE
1150,Managers and directors in retail and wholesale,Proportion of men (%),55 to 59 years,10.6,TRUE
1150,Managers and directors in retail and wholesale,Proportion of men (%),50 to 54 years,12.9,TRUE
1150,Managers and directors in retail and wholesale,Proportion of men (%),45 to 49 years,12.7,TRUE
1150,Managers and directors in retail and wholesale,Proportion of men (%),40 to 44 years,12.9,TRUE
1150,Managers and directors in retail and wholesale,Proportion of men (%),35 to 39 years,13.4,TRUE
1150,Managers and directors in retail and wholesale,Proportion of men (%),30 to 34 years,12.8,TRUE
1150,Managers and directors in retail and wholesale,Proportion of men (%),25 to 29 years,8.6,TRUE
1150,Managers and directors in retail and wholesale,Proportion of men (%),20 to 24 years,3.6,TRUE
1150,Managers and directors in retail and wholesale,Proportion of men (%),16 to 19 years,0.3,TRUE
1161,Officers in armed forces,Proportion of women (%),65 years and over,1.1,TRUE
1161,Officers in armed forces,Proportion of women (%),60 to 64 years,1.8,TRUE
1161,Officers in armed forces,Proportion of women (%),55 to 59 years,3.3,TRUE
1161,Officers in armed forces,Proportion of women (%),50 to 54 years,6.6,TRUE
1161,Officers in armed forces,Proportion of women (%),45 to 49 years,8.5,TRUE
1161,Officers in armed forces,Proportion of women (%),40 to 44 years,13.2,TRUE
1161,Officers in armed forces,Proportion of women (%),35 to 39 years,14.3,TRUE
1161,Officers in armed forces,Proportion of women (%),30 to 34 years,16.1,TRUE
1161,Officers in armed forces,Proportion of women (%),25 to 29 years,16.9,TRUE
1161,Officers in armed forces,Proportion of women (%),20 to 24 years,14.4,TRUE
1161,Officers in armed forces,Proportion of women (%),16 to 19 years,3.8,TRUE
1161,Officers in armed forces,Proportion of men (%),65 years and over,0.9,TRUE
1161,Officers in armed forces,Proportion of men (%),60 to 64 years,1.9,TRUE
1161,Officers in armed forces,Proportion of men (%),55 to 59 years,4.8,TRUE
1161,Officers in armed forces,Proportion of men (%),50 to 54 years,9.4,TRUE
1161,Officers in armed forces,Proportion of men (%),45 to 49 years,10.7,TRUE
1161,Officers in armed forces,Proportion of men (%),40 to 44 years,12.3,TRUE
1161,Officers in armed forces,Proportion of men (%),35 to 39 years,13.1,TRUE
1161,Officers in armed forces,Proportion of men (%),30 to 34 years,14.6,TRUE
1161,Officers in armed forces,Proportion of men (%),25 to 29 years,18.4,TRUE
1161,Officers in armed forces,Proportion of men (%),20 to 24 years,11.2,TRUE
1161,Officers in armed forces,Proportion of men (%),16 to 19 years,2.8,TRUE
1162,Senior police officers,Proportion of women (%),65 years and over,null,FALSE
1162,Senior police officers,Proportion of women (%),60 to 64 years,1.4,FALSE
1162,Senior police officers,Proportion of women (%),55 to 59 years,4.1,FALSE
1162,Senior police officers,Proportion of women (%),50 to 54 years,19.6,FALSE
1162,Senior police officers,Proportion of women (%),45 to 49 years,28.8,FALSE
1162,Senior police officers,Proportion of women (%),40 to 44 years,23.8,FALSE
1162,Senior police officers,Proportion of women (%),35 to 39 years,15.3,FALSE
1162,Senior police officers,Proportion of women (%),30 to 34 years,4.4,FALSE
1162,Senior police officers,Proportion of women (%),25 to 29 years,1.5,FALSE
1162,Senior police officers,Proportion of women (%),20 to 24 years,0.6,FALSE
1162,Senior police officers,Proportion of women (%),16 to 19 years,null,FALSE
1162,Senior police officers,Proportion of men (%),65 years and over,0.6,FALSE
1162,Senior police officers,Proportion of men (%),60 to 64 years,1.5,FALSE
1162,Senior police officers,Proportion of men (%),55 to 59 years,6.7,FALSE
1162,Senior police officers,Proportion of men (%),50 to 54 years,24.2,FALSE
1162,Senior police officers,Proportion of men (%),45 to 49 years,28.7,FALSE
1162,Senior police officers,Proportion of men (%),40 to 44 years,22.7,FALSE
1162,Senior police officers,Proportion of men (%),35 to 39 years,11.6,FALSE
1162,Senior police officers,Proportion of men (%),30 to 34 years,3.4,FALSE
1162,Senior police officers,Proportion of men (%),25 to 29 years,0.6,FALSE
1162,Senior police officers,Proportion of men (%),20 to 24 years,null,FALSE
1162,Senior police officers,Proportion of men (%),16 to 19 years,null,FALSE
1163,"Senior officers in fire, ambulance, prison and related services",Proportion of women (%),65 years and over,0.9,FALSE
1163,"Senior officers in fire, ambulance, prison and related services",Proportion of women (%),60 to 64 years,4.3,FALSE
1163,"Senior officers in fire, ambulance, prison and related services",Proportion of women (%),55 to 59 years,11.9,FALSE
1163,"Senior officers in fire, ambulance, prison and related services",Proportion of women (%),50 to 54 years,17.8,FALSE
1163,"Senior officers in fire, ambulance, prison and related services",Proportion of women (%),45 to 49 years,17.1,FALSE
1163,"Senior officers in fire, ambulance, prison and related services",Proportion of women (%),40 to 44 years,16.8,FALSE
1163,"Senior officers in fire, ambulance, prison and related services",Proportion of women (%),35 to 39 years,14,FALSE
1163,"Senior officers in fire, ambulance, prison and related services",Proportion of women (%),30 to 34 years,10.1,FALSE
1163,"Senior officers in fire, ambulance, prison and related services",Proportion of women (%),25 to 29 years,5.2,FALSE
1163,"Senior officers in fire, ambulance, prison and related services",Proportion of women (%),20 to 24 years,1.7,FALSE
1163,"Senior officers in fire, ambulance, prison and related services",Proportion of women (%),16 to 19 years,null,FALSE
1163,"Senior officers in fire, ambulance, prison and related services",Proportion of men (%),65 years and over,1.7,FALSE
1163,"Senior officers in fire, ambulance, prison and related services",Proportion of men (%),60 to 64 years,4.9,FALSE
1163,"Senior officers in fire, ambulance, prison and related services",Proportion of men (%),55 to 59 years,12.7,FALSE
1163,"Senior officers in fire, ambulance, prison and related services",Proportion of men (%),50 to 54 years,21.8,FALSE
1163,"Senior officers in fire, ambulance, prison and related services",Proportion of men (%),45 to 49 years,19.4,FALSE
1163,"Senior officers in fire, ambulance, prison and related services",Proportion of men (%),40 to 44 years,15.3,FALSE
1163,"Senior officers in fire, ambulance, prison and related services",Proportion of men (%),35 to 39 years,11.3,FALSE
1163,"Senior officers in fire, ambulance, prison and related services",Proportion of men (%),30 to 34 years,6.8,FALSE
1163,"Senior officers in fire, ambulance, prison and related services",Proportion of men (%),25 to 29 years,4.1,FALSE
1163,"Senior officers in fire, ambulance, prison and related services",Proportion of men (%),20 to 24 years,1.7,FALSE
1163,"Senior officers in fire, ambulance, prison and related services",Proportion of men (%),16 to 19 years,0.3,FALSE
1171,Health services and public health managers and directors,Proportion of women (%),65 years and over,2.5,TRUE
1171,Health services and public health managers and directors,Proportion of women (%),60 to 64 years,7.1,TRUE
1171,Health services and public health managers and directors,Proportion of women (%),55 to 59 years,15.7,TRUE
1171,Health services and public health managers and directors,Proportion of women (%),50 to 54 years,17.6,TRUE
1171,Health services and public health managers and directors,Proportion of women (%),45 to 49 years,15.4,TRUE
1171,Health services and public health managers and directors,Proportion of women (%),40 to 44 years,13.7,TRUE
1171,Health services and public health managers and directors,Proportion of women (%),35 to 39 years,11.6,TRUE
1171,Health services and public health managers and directors,Proportion of women (%),30 to 34 years,8.7,TRUE
1171,Health services and public health managers and directors,Proportion of women (%),25 to 29 years,5.1,TRUE
1171,Health services and public health managers and directors,Proportion of women (%),20 to 24 years,2.2,TRUE
1171,Health services and public health managers and directors,Proportion of women (%),16 to 19 years,0.3,TRUE
1171,Health services and public health managers and directors,Proportion of men (%),65 years and over,4.6,TRUE
1171,Health services and public health managers and directors,Proportion of men (%),60 to 64 years,7.2,TRUE
1171,Health services and public health managers and directors,Proportion of men (%),55 to 59 years,13.1,TRUE
1171,Health services and public health managers and directors,Proportion of men (%),50 to 54 years,15.6,TRUE
1171,Health services and public health managers and directors,Proportion of men (%),45 to 49 years,14.8,TRUE
1171,Health services and public health managers and directors,Proportion of men (%),40 to 44 years,15.4,TRUE
1171,Health services and public health managers and directors,Proportion of men (%),35 to 39 years,12.8,TRUE
1171,Health services and public health managers and directors,Proportion of men (%),30 to 34 years,9.4,TRUE
1171,Health services and public health managers and directors,Proportion of men (%),25 to 29 years,5,TRUE
1171,Health services and public health managers and directors,Proportion of men (%),20 to 24 years,2,TRUE
1171,Health services and public health managers and directors,Proportion of men (%),16 to 19 years,0.2,TRUE
1172,Social services managers and directors,Proportion of women (%),65 years and over,2.5,TRUE
1172,Social services managers and directors,Proportion of women (%),60 to 64 years,7.1,TRUE
1172,Social services managers and directors,Proportion of women (%),55 to 59 years,13.3,TRUE
1172,Social services managers and directors,Proportion of women (%),50 to 54 years,15.2,TRUE
1172,Social services managers and directors,Proportion of women (%),45 to 49 years,13.7,TRUE
1172,Social services managers and directors,Proportion of women (%),40 to 44 years,13,TRUE
1172,Social services managers and directors,Proportion of women (%),35 to 39 years,12.8,TRUE
1172,Social services managers and directors,Proportion of women (%),30 to 34 years,12,TRUE
1172,Social services managers and directors,Proportion of women (%),25 to 29 years,8,TRUE
1172,Social services managers and directors,Proportion of women (%),20 to 24 years,2.4,TRUE
1172,Social services managers and directors,Proportion of women (%),16 to 19 years,0.1,TRUE
1172,Social services managers and directors,Proportion of men (%),65 years and over,3.9,TRUE
1172,Social services managers and directors,Proportion of men (%),60 to 64 years,7.9,TRUE
1172,Social services managers and directors,Proportion of men (%),55 to 59 years,14.4,TRUE
1172,Social services managers and directors,Proportion of men (%),50 to 54 years,14.7,TRUE
1172,Social services managers and directors,Proportion of men (%),45 to 49 years,13.9,TRUE
1172,Social services managers and directors,Proportion of men (%),40 to 44 years,13.4,TRUE
1172,Social services managers and directors,Proportion of men (%),35 to 39 years,13.4,TRUE
1172,Social services managers and directors,Proportion of men (%),30 to 34 years,10.3,TRUE
1172,Social services managers and directors,Proportion of men (%),25 to 29 years,6.3,TRUE
1172,Social services managers and directors,Proportion of men (%),20 to 24 years,1.6,TRUE
1172,Social services managers and directors,Proportion of men (%),16 to 19 years,0.3,TRUE
1211,Managers and proprietors in agriculture and horticulture,Proportion of women (%),65 years and over,28.7,TRUE
1211,Managers and proprietors in agriculture and horticulture,Proportion of women (%),60 to 64 years,13,TRUE
1211,Managers and proprietors in agriculture and horticulture,Proportion of women (%),55 to 59 years,13.6,TRUE
1211,Managers and proprietors in agriculture and horticulture,Proportion of women (%),50 to 54 years,11.6,TRUE
1211,Managers and proprietors in agriculture and horticulture,Proportion of women (%),45 to 49 years,8.9,TRUE
1211,Managers and proprietors in agriculture and horticulture,Proportion of women (%),40 to 44 years,6.8,TRUE
1211,Managers and proprietors in agriculture and horticulture,Proportion of women (%),35 to 39 years,6,TRUE
1211,Managers and proprietors in agriculture and horticulture,Proportion of women (%),30 to 34 years,5.6,TRUE
1211,Managers and proprietors in agriculture and horticulture,Proportion of women (%),25 to 29 years,3.9,TRUE
1211,Managers and proprietors in agriculture and horticulture,Proportion of women (%),20 to 24 years,1.8,TRUE
1211,Managers and proprietors in agriculture and horticulture,Proportion of women (%),16 to 19 years,0.3,TRUE
1211,Managers and proprietors in agriculture and horticulture,Proportion of men (%),65 years and over,21.2,TRUE
1211,Managers and proprietors in agriculture and horticulture,Proportion of men (%),60 to 64 years,11.1,TRUE
1211,Managers and proprietors in agriculture and horticulture,Proportion of men (%),55 to 59 years,12.7,TRUE
1211,Managers and proprietors in agriculture and horticulture,Proportion of men (%),50 to 54 years,11.9,TRUE
1211,Managers and proprietors in agriculture and horticulture,Proportion of men (%),45 to 49 years,9.3,TRUE
1211,Managers and proprietors in agriculture and horticulture,Proportion of men (%),40 to 44 years,8.5,TRUE
1211,Managers and proprietors in agriculture and horticulture,Proportion of men (%),35 to 39 years,8.1,TRUE
1211,Managers and proprietors in agriculture and horticulture,Proportion of men (%),30 to 34 years,8,TRUE
1211,Managers and proprietors in agriculture and horticulture,Proportion of men (%),25 to 29 years,6,TRUE
1211,Managers and proprietors in agriculture and horticulture,Proportion of men (%),20 to 24 years,2.8,TRUE
1211,Managers and proprietors in agriculture and horticulture,Proportion of men (%),16 to 19 years,0.5,TRUE
1212,"Managers and proprietors in forestry, fishing and related services",Proportion of women (%),65 years and over,9.6,TRUE
1212,"Managers and proprietors in forestry, fishing and related services",Proportion of women (%),60 to 64 years,10.7,TRUE
1212,"Managers and proprietors in forestry, fishing and related services",Proportion of women (%),55 to 59 years,14.6,TRUE
1212,"Managers and proprietors in forestry, fishing and related services",Proportion of women (%),50 to 54 years,15.1,TRUE
1212,"Managers and proprietors in forestry, fishing and related services",Proportion of women (%),45 to 49 years,12.5,TRUE
1212,"Managers and proprietors in forestry, fishing and related services",Proportion of women (%),40 to 44 years,10.6,TRUE
1212,"Managers and proprietors in forestry, fishing and related services",Proportion of women (%),35 to 39 years,9.6,TRUE
1212,"Managers and proprietors in forestry, fishing and related services",Proportion of women (%),30 to 34 years,8.2,TRUE
1212,"Managers and proprietors in forestry, fishing and related services",Proportion of women (%),25 to 29 years,5.6,TRUE
1212,"Managers and proprietors in forestry, fishing and related services",Proportion of women (%),20 to 24 years,3,TRUE
1212,"Managers and proprietors in forestry, fishing and related services",Proportion of women (%),16 to 19 years,0.5,TRUE
1212,"Managers and proprietors in forestry, fishing and related services",Proportion of men (%),65 years and over,8.2,TRUE
1212,"Managers and proprietors in forestry, fishing and related services",Proportion of men (%),60 to 64 years,9.2,TRUE
1212,"Managers and proprietors in forestry, fishing and related services",Proportion of men (%),55 to 59 years,13.7,TRUE
1212,"Managers and proprietors in forestry, fishing and related services",Proportion of men (%),50 to 54 years,14.3,TRUE
1212,"Managers and proprietors in forestry, fishing and related services",Proportion of men (%),45 to 49 years,12.9,TRUE
1212,"Managers and proprietors in forestry, fishing and related services",Proportion of men (%),40 to 44 years,12.5,TRUE
1212,"Managers and proprietors in forestry, fishing and related services",Proportion of men (%),35 to 39 years,11.4,TRUE
1212,"Managers and proprietors in forestry, fishing and related services",Proportion of men (%),30 to 34 years,9.5,TRUE
1212,"Managers and proprietors in forestry, fishing and related services",Proportion of men (%),25 to 29 years,5.9,TRUE
1212,"Managers and proprietors in forestry, fishing and related services",Proportion of men (%),20 to 24 years,2.1,TRUE
1212,"Managers and proprietors in forestry, fishing and related services",Proportion of men (%),16 to 19 years,0.3,TRUE
1221,Hotel and accommodation managers and proprietors,Proportion of women (%),65 years and over,10.3,TRUE
1221,Hotel and accommodation managers and proprietors,Proportion of women (%),60 to 64 years,10,TRUE
1221,Hotel and accommodation managers and proprietors,Proportion of women (%),55 to 59 years,13.5,TRUE
1221,Hotel and accommodation managers and proprietors,Proportion of women (%),50 to 54 years,13,TRUE
1221,Hotel and accommodation managers and proprietors,Proportion of women (%),45 to 49 years,10.6,TRUE
1221,Hotel and accommodation managers and proprietors,Proportion of women (%),40 to 44 years,9.9,TRUE
1221,Hotel and accommodation managers and proprietors,Proportion of women (%),35 to 39 years,10.6,TRUE
1221,Hotel and accommodation managers and proprietors,Proportion of women (%),30 to 34 years,10.2,TRUE
1221,Hotel and accommodation managers and proprietors,Proportion of women (%),25 to 29 years,8.1,TRUE
1221,Hotel and accommodation managers and proprietors,Proportion of women (%),20 to 24 years,3.3,TRUE
1221,Hotel and accommodation managers and proprietors,Proportion of women (%),16 to 19 years,0.4,TRUE
1221,Hotel and accommodation managers and proprietors,Proportion of men (%),65 years and over,11.2,TRUE
1221,Hotel and accommodation managers and proprietors,Proportion of men (%),60 to 64 years,8.9,TRUE
1221,Hotel and accommodation managers and proprietors,Proportion of men (%),55 to 59 years,12,TRUE
1221,Hotel and accommodation managers and proprietors,Proportion of men (%),50 to 54 years,11.6,TRUE
1221,Hotel and accommodation managers and proprietors,Proportion of men (%),45 to 49 years,11.2,TRUE
1221,Hotel and accommodation managers and proprietors,Proportion of men (%),40 to 44 years,11.7,TRUE
1221,Hotel and accommodation managers and proprietors,Proportion of men (%),35 to 39 years,12.1,TRUE
1221,Hotel and accommodation managers and proprietors,Proportion of men (%),30 to 34 years,10.3,TRUE
1221,Hotel and accommodation managers and proprietors,Proportion of men (%),25 to 29 years,7.3,TRUE
1221,Hotel and accommodation managers and proprietors,Proportion of men (%),20 to 24 years,3.2,TRUE
1221,Hotel and accommodation managers and proprietors,Proportion of men (%),16 to 19 years,0.4,TRUE
1222,Restaurant and catering establishment managers and proprietors,Proportion of women (%),65 years and over,2.6,TRUE
1222,Restaurant and catering establishment managers and proprietors,Proportion of women (%),60 to 64 years,4.5,TRUE
1222,Restaurant and catering establishment managers and proprietors,Proportion of women (%),55 to 59 years,8.3,TRUE
1222,Restaurant and catering establishment managers and proprietors,Proportion of women (%),50 to 54 years,10.9,TRUE
1222,Restaurant and catering establishment managers and proprietors,Proportion of women (%),45 to 49 years,10.5,TRUE
1222,Restaurant and catering establishment managers and proprietors,Proportion of women (%),40 to 44 years,11.2,TRUE
1222,Restaurant and catering establishment managers and proprietors,Proportion of women (%),35 to 39 years,13.2,TRUE
1222,Restaurant and catering establishment managers and proprietors,Proportion of women (%),30 to 34 years,15.1,TRUE
1222,Restaurant and catering establishment managers and proprietors,Proportion of women (%),25 to 29 years,14.7,TRUE
1222,Restaurant and catering establishment managers and proprietors,Proportion of women (%),20 to 24 years,8.1,TRUE
1222,Restaurant and catering establishment managers and proprietors,Proportion of women (%),16 to 19 years,1,TRUE
1222,Restaurant and catering establishment managers and proprietors,Proportion of men (%),65 years and over,3.6,TRUE
1222,Restaurant and catering establishment managers and proprietors,Proportion of men (%),60 to 64 years,5,TRUE
1222,Restaurant and catering establishment managers and proprietors,Proportion of men (%),55 to 59 years,7.6,TRUE
1222,Restaurant and catering establishment managers and proprietors,Proportion of men (%),50 to 54 years,10,TRUE
1222,Restaurant and catering establishment managers and proprietors,Proportion of men (%),45 to 49 years,11.8,TRUE
1222,Restaurant and catering establishment managers and proprietors,Proportion of men (%),40 to 44 years,13.5,TRUE
1222,Restaurant and catering establishment managers and proprietors,Proportion of men (%),35 to 39 years,15.2,TRUE
1222,Restaurant and catering establishment managers and proprietors,Proportion of men (%),30 to 34 years,15.2,TRUE
1222,Restaurant and catering establishment managers and proprietors,Proportion of men (%),25 to 29 years,11.8,TRUE
1222,Restaurant and catering establishment managers and proprietors,Proportion of men (%),20 to 24 years,5.7,TRUE
1222,Restaurant and catering establishment managers and proprietors,Proportion of men (%),16 to 19 years,0.7,TRUE
1223,Publicans and managers of licensed premises,Proportion of women (%),65 years and over,5.9,TRUE
1223,Publicans and managers of licensed premises,Proportion of women (%),60 to 64 years,7.2,TRUE
1223,Publicans and managers of licensed premises,Proportion of women (%),55 to 59 years,11.1,TRUE
1223,Publicans and managers of licensed premises,Proportion of women (%),50 to 54 years,11.7,TRUE
1223,Publicans and managers of licensed premises,Proportion of women (%),45 to 49 years,10.4,TRUE
1223,Publicans and managers of licensed premises,Proportion of women (%),40 to 44 years,10.1,TRUE
1223,Publicans and managers of licensed premises,Proportion of women (%),35 to 39 years,10.4,TRUE
1223,Publicans and managers of licensed premises,Proportion of women (%),30 to 34 years,12.2,TRUE
1223,Publicans and managers of licensed premises,Proportion of women (%),25 to 29 years,13.5,TRUE
1223,Publicans and managers of licensed premises,Proportion of women (%),20 to 24 years,7.1,TRUE
1223,Publicans and managers of licensed premises,Proportion of women (%),16 to 19 years,0.5,TRUE
1223,Publicans and managers of licensed premises,Proportion of men (%),65 years and over,8.1,TRUE
1223,Publicans and managers of licensed premises,Proportion of men (%),60 to 64 years,8.8,TRUE
1223,Publicans and managers of licensed premises,Proportion of men (%),55 to 59 years,10.7,TRUE
1223,Publicans and managers of licensed premises,Proportion of men (%),50 to 54 years,10.3,TRUE
1223,Publicans and managers of licensed premises,Proportion of men (%),45 to 49 years,10,TRUE
1223,Publicans and managers of licensed premises,Proportion of men (%),40 to 44 years,10.4,TRUE
1223,Publicans and managers of licensed premises,Proportion of men (%),35 to 39 years,11.9,TRUE
1223,Publicans and managers of licensed premises,Proportion of men (%),30 to 34 years,12.9,TRUE
1223,Publicans and managers of licensed premises,Proportion of men (%),25 to 29 years,11.4,TRUE
1223,Publicans and managers of licensed premises,Proportion of men (%),20 to 24 years,5.1,TRUE
1223,Publicans and managers of licensed premises,Proportion of men (%),16 to 19 years,0.4,TRUE
1224,Leisure and sports managers and proprietors,Proportion of women (%),65 years and over,4.5,TRUE
1224,Leisure and sports managers and proprietors,Proportion of women (%),60 to 64 years,5.3,TRUE
1224,Leisure and sports managers and proprietors,Proportion of women (%),55 to 59 years,8.8,TRUE
1224,Leisure and sports managers and proprietors,Proportion of women (%),50 to 54 years,11,TRUE
1224,Leisure and sports managers and proprietors,Proportion of women (%),45 to 49 years,12,TRUE
1224,Leisure and sports managers and proprietors,Proportion of women (%),40 to 44 years,13.1,TRUE
1224,Leisure and sports managers and proprietors,Proportion of women (%),35 to 39 years,14.3,TRUE
1224,Leisure and sports managers and proprietors,Proportion of women (%),30 to 34 years,14.3,TRUE
1224,Leisure and sports managers and proprietors,Proportion of women (%),25 to 29 years,11,TRUE
1224,Leisure and sports managers and proprietors,Proportion of women (%),20 to 24 years,5.3,TRUE
1224,Leisure and sports managers and proprietors,Proportion of women (%),16 to 19 years,0.5,TRUE
1224,Leisure and sports managers and proprietors,Proportion of men (%),65 years and over,5.5,TRUE
1224,Leisure and sports managers and proprietors,Proportion of men (%),60 to 64 years,6,TRUE
1224,Leisure and sports managers and proprietors,Proportion of men (%),55 to 59 years,8.9,TRUE
1224,Leisure and sports managers and proprietors,Proportion of men (%),50 to 54 years,10.3,TRUE
1224,Leisure and sports managers and proprietors,Proportion of men (%),45 to 49 years,11.3,TRUE
1224,Leisure and sports managers and proprietors,Proportion of men (%),40 to 44 years,13.4,TRUE
1224,Leisure and sports managers and proprietors,Proportion of men (%),35 to 39 years,13.9,TRUE
1224,Leisure and sports managers and proprietors,Proportion of men (%),30 to 34 years,14.6,TRUE
1224,Leisure and sports managers and proprietors,Proportion of men (%),25 to 29 years,10.8,TRUE
1224,Leisure and sports managers and proprietors,Proportion of men (%),20 to 24 years,4.9,TRUE
1224,Leisure and sports managers and proprietors,Proportion of men (%),16 to 19 years,0.5,TRUE
1225,Travel agency managers and proprietors,Proportion of women (%),65 years and over,5,FALSE
1225,Travel agency managers and proprietors,Proportion of women (%),60 to 64 years,6.7,FALSE
1225,Travel agency managers and proprietors,Proportion of women (%),55 to 59 years,10.3,FALSE
1225,Travel agency managers and proprietors,Proportion of women (%),50 to 54 years,13.7,FALSE
1225,Travel agency managers and proprietors,Proportion of women (%),45 to 49 years,14.6,FALSE
1225,Travel agency managers and proprietors,Proportion of women (%),40 to 44 years,14.5,FALSE
1225,Travel agency managers and proprietors,Proportion of women (%),35 to 39 years,14.9,FALSE
1225,Travel agency managers and proprietors,Proportion of women (%),30 to 34 years,11.8,FALSE
1225,Travel agency managers and proprietors,Proportion of women (%),25 to 29 years,6.7,FALSE
1225,Travel agency managers and proprietors,Proportion of women (%),20 to 24 years,1.7,FALSE
1225,Travel agency managers and proprietors,Proportion of women (%),16 to 19 years,null,FALSE
1225,Travel agency managers and proprietors,Proportion of men (%),65 years and over,9.8,FALSE
1225,Travel agency managers and proprietors,Proportion of men (%),60 to 64 years,7.8,FALSE
1225,Travel agency managers and proprietors,Proportion of men (%),55 to 59 years,11.8,FALSE
1225,Travel agency managers and proprietors,Proportion of men (%),50 to 54 years,13.8,FALSE
1225,Travel agency managers and proprietors,Proportion of men (%),45 to 49 years,14.9,FALSE
1225,Travel agency managers and proprietors,Proportion of men (%),40 to 44 years,14.5,FALSE
1225,Travel agency managers and proprietors,Proportion of men (%),35 to 39 years,12.8,FALSE
1225,Travel agency managers and proprietors,Proportion of men (%),30 to 34 years,8.7,FALSE
1225,Travel agency managers and proprietors,Proportion of men (%),25 to 29 years,4.6,FALSE
1225,Travel agency managers and proprietors,Proportion of men (%),20 to 24 years,1.3,FALSE
1225,Travel agency managers and proprietors,Proportion of men (%),16 to 19 years,null,FALSE
1231,Health care practice managers,Proportion of women (%),65 years and over,3.9,FALSE
1231,Health care practice managers,Proportion of women (%),60 to 64 years,8.2,FALSE
1231,Health care practice managers,Proportion of women (%),55 to 59 years,15.4,FALSE
1231,Health care practice managers,Proportion of women (%),50 to 54 years,16.9,FALSE
1231,Health care practice managers,Proportion of women (%),45 to 49 years,14.3,FALSE
1231,Health care practice managers,Proportion of women (%),40 to 44 years,12.4,FALSE
1231,Health care practice managers,Proportion of women (%),35 to 39 years,11.5,FALSE
1231,Health care practice managers,Proportion of women (%),30 to 34 years,10.3,FALSE
1231,Health care practice managers,Proportion of women (%),25 to 29 years,5.6,FALSE
1231,Health care practice managers,Proportion of women (%),20 to 24 years,1.4,FALSE
1231,Health care practice managers,Proportion of women (%),16 to 19 years,0.1,FALSE
1231,Health care practice managers,Proportion of men (%),65 years and over,5.5,FALSE
1231,Health care practice managers,Proportion of men (%),60 to 64 years,8.5,FALSE
1231,Health care practice managers,Proportion of men (%),55 to 59 years,13,FALSE
1231,Health care practice managers,Proportion of men (%),50 to 54 years,13.3,FALSE
1231,Health care practice managers,Proportion of men (%),45 to 49 years,12.8,FALSE
1231,Health care practice managers,Proportion of men (%),40 to 44 years,13.6,FALSE
1231,Health care practice managers,Proportion of men (%),35 to 39 years,13.2,FALSE
1231,Health care practice managers,Proportion of men (%),30 to 34 years,11.2,FALSE
1231,Health care practice managers,Proportion of men (%),25 to 29 years,7.1,FALSE
1231,Health care practice managers,Proportion of men (%),20 to 24 years,1.6,FALSE
1231,Health care practice managers,Proportion of men (%),16 to 19 years,null,FALSE
1232,"Residential, day and domiciliary care managers and proprietors",Proportion of women (%),65 years and over,5,TRUE
1232,"Residential, day and domiciliary care managers and proprietors",Proportion of women (%),60 to 64 years,8.7,TRUE
1232,"Residential, day and domiciliary care managers and proprietors",Proportion of women (%),55 to 59 years,14.2,TRUE
1232,"Residential, day and domiciliary care managers and proprietors",Proportion of women (%),50 to 54 years,15.8,TRUE
1232,"Residential, day and domiciliary care managers and proprietors",Proportion of women (%),45 to 49 years,13.8,TRUE
1232,"Residential, day and domiciliary care managers and proprietors",Proportion of women (%),40 to 44 years,12.5,TRUE
1232,"Residential, day and domiciliary care managers and proprietors",Proportion of women (%),35 to 39 years,11.4,TRUE
1232,"Residential, day and domiciliary care managers and proprietors",Proportion of women (%),30 to 34 years,10.1,TRUE
1232,"Residential, day and domiciliary care managers and proprietors",Proportion of women (%),25 to 29 years,6.6,TRUE
1232,"Residential, day and domiciliary care managers and proprietors",Proportion of women (%),20 to 24 years,1.7,TRUE
1232,"Residential, day and domiciliary care managers and proprietors",Proportion of women (%),16 to 19 years,0.1,TRUE
1232,"Residential, day and domiciliary care managers and proprietors",Proportion of men (%),65 years and over,9,TRUE
1232,"Residential, day and domiciliary care managers and proprietors",Proportion of men (%),60 to 64 years,8,TRUE
1232,"Residential, day and domiciliary care managers and proprietors",Proportion of men (%),55 to 59 years,11.7,TRUE
1232,"Residential, day and domiciliary care managers and proprietors",Proportion of men (%),50 to 54 years,13.2,TRUE
1232,"Residential, day and domiciliary care managers and proprietors",Proportion of men (%),45 to 49 years,12.4,TRUE
1232,"Residential, day and domiciliary care managers and proprietors",Proportion of men (%),40 to 44 years,13,TRUE
1232,"Residential, day and domiciliary care managers and proprietors",Proportion of men (%),35 to 39 years,13.1,TRUE
1232,"Residential, day and domiciliary care managers and proprietors",Proportion of men (%),30 to 34 years,11.8,TRUE
1232,"Residential, day and domiciliary care managers and proprietors",Proportion of men (%),25 to 29 years,6.2,TRUE
1232,"Residential, day and domiciliary care managers and proprietors",Proportion of men (%),20 to 24 years,1.3,TRUE
1232,"Residential, day and domiciliary care managers and proprietors",Proportion of men (%),16 to 19 years,0.2,TRUE
1233,Early education and childcare services proprietors,Proportion of women (%),65 years and over,7.5,FALSE
1233,Early education and childcare services proprietors,Proportion of women (%),60 to 64 years,9.2,FALSE
1233,Early education and childcare services proprietors,Proportion of women (%),55 to 59 years,13.8,FALSE
1233,Early education and childcare services proprietors,Proportion of women (%),50 to 54 years,15.1,FALSE
1233,Early education and childcare services proprietors,Proportion of women (%),45 to 49 years,15.7,FALSE
1233,Early education and childcare services proprietors,Proportion of women (%),40 to 44 years,14.7,FALSE
1233,Early education and childcare services proprietors,Proportion of women (%),35 to 39 years,12.7,FALSE
1233,Early education and childcare services proprietors,Proportion of women (%),30 to 34 years,7.7,FALSE
1233,Early education and childcare services proprietors,Proportion of women (%),25 to 29 years,3.1,FALSE
1233,Early education and childcare services proprietors,Proportion of women (%),20 to 24 years,0.5,FALSE
1233,Early education and childcare services proprietors,Proportion of women (%),16 to 19 years,null,FALSE
1233,Early education and childcare services proprietors,Proportion of men (%),65 years and over,14,FALSE
1233,Early education and childcare services proprietors,Proportion of men (%),60 to 64 years,13.2,FALSE
1233,Early education and childcare services proprietors,Proportion of men (%),55 to 59 years,16,FALSE
1233,Early education and childcare services proprietors,Proportion of men (%),50 to 54 years,15.9,FALSE
1233,Early education and childcare services proprietors,Proportion of men (%),45 to 49 years,12.7,FALSE
1233,Early education and childcare services proprietors,Proportion of men (%),40 to 44 years,9.7,FALSE
1233,Early education and childcare services proprietors,Proportion of men (%),35 to 39 years,9.8,FALSE
1233,Early education and childcare services proprietors,Proportion of men (%),30 to 34 years,5.1,FALSE
1233,Early education and childcare services proprietors,Proportion of men (%),25 to 29 years,2.7,FALSE
1233,Early education and childcare services proprietors,Proportion of men (%),20 to 24 years,null,FALSE
1233,Early education and childcare services proprietors,Proportion of men (%),16 to 19 years,null,FALSE
1241,Managers in transport and distribution,Proportion of women (%),65 years and over,3.3,TRUE
1241,Managers in transport and distribution,Proportion of women (%),60 to 64 years,5.1,TRUE
1241,Managers in transport and distribution,Proportion of women (%),55 to 59 years,10,TRUE
1241,Managers in transport and distribution,Proportion of women (%),50 to 54 years,13.9,TRUE
1241,Managers in transport and distribution,Proportion of women (%),45 to 49 years,13.3,TRUE
1241,Managers in transport and distribution,Proportion of women (%),40 to 44 years,14.1,TRUE
1241,Managers in transport and distribution,Proportion of women (%),35 to 39 years,14.4,TRUE
1241,Managers in transport and distribution,Proportion of women (%),30 to 34 years,12.7,TRUE
1241,Managers in transport and distribution,Proportion of women (%),25 to 29 years,9.2,TRUE
1241,Managers in transport and distribution,Proportion of women (%),20 to 24 years,3.4,TRUE
1241,Managers in transport and distribution,Proportion of women (%),16 to 19 years,0.6,TRUE
1241,Managers in transport and distribution,Proportion of men (%),65 years and over,4.9,TRUE
1241,Managers in transport and distribution,Proportion of men (%),60 to 64 years,8,TRUE
1241,Managers in transport and distribution,Proportion of men (%),55 to 59 years,13.9,TRUE
1241,Managers in transport and distribution,Proportion of men (%),50 to 54 years,15.7,TRUE
1241,Managers in transport and distribution,Proportion of men (%),45 to 49 years,13.9,TRUE
1241,Managers in transport and distribution,Proportion of men (%),40 to 44 years,12.9,TRUE
1241,Managers in transport and distribution,Proportion of men (%),35 to 39 years,12,TRUE
1241,Managers in transport and distribution,Proportion of men (%),30 to 34 years,10,TRUE
1241,Managers in transport and distribution,Proportion of men (%),25 to 29 years,6,TRUE
1241,Managers in transport and distribution,Proportion of men (%),20 to 24 years,2.4,TRUE
1241,Managers in transport and distribution,Proportion of men (%),16 to 19 years,0.3,TRUE
1242,Managers in storage and warehousing,Proportion of women (%),65 years and over,1.4,TRUE
1242,Managers in storage and warehousing,Proportion of women (%),60 to 64 years,3.5,TRUE
1242,Managers in storage and warehousing,Proportion of women (%),55 to 59 years,8,TRUE
1242,Managers in storage and warehousing,Proportion of women (%),50 to 54 years,11,TRUE
1242,Managers in storage and warehousing,Proportion of women (%),45 to 49 years,10.7,TRUE
1242,Managers in storage and warehousing,Proportion of women (%),40 to 44 years,12.7,TRUE
1242,Managers in storage and warehousing,Proportion of women (%),35 to 39 years,14.8,TRUE
1242,Managers in storage and warehousing,Proportion of women (%),30 to 34 years,17.2,TRUE
1242,Managers in storage and warehousing,Proportion of women (%),25 to 29 years,14.2,TRUE
1242,Managers in storage and warehousing,Proportion of women (%),20 to 24 years,6,TRUE
1242,Managers in storage and warehousing,Proportion of women (%),16 to 19 years,0.6,TRUE
1242,Managers in storage and warehousing,Proportion of men (%),65 years and over,2.5,TRUE
1242,Managers in storage and warehousing,Proportion of men (%),60 to 64 years,6.3,TRUE
1242,Managers in storage and warehousing,Proportion of men (%),55 to 59 years,11.7,TRUE
1242,Managers in storage and warehousing,Proportion of men (%),50 to 54 years,14.5,TRUE
1242,Managers in storage and warehousing,Proportion of men (%),45 to 49 years,13.2,TRUE
1242,Managers in storage and warehousing,Proportion of men (%),40 to 44 years,13,TRUE
1242,Managers in storage and warehousing,Proportion of men (%),35 to 39 years,13.8,TRUE
1242,Managers in storage and warehousing,Proportion of men (%),30 to 34 years,12.7,TRUE
1242,Managers in storage and warehousing,Proportion of men (%),25 to 29 years,8.5,TRUE
1242,Managers in storage and warehousing,Proportion of men (%),20 to 24 years,3.5,TRUE
1242,Managers in storage and warehousing,Proportion of men (%),16 to 19 years,0.4,TRUE
1243,Managers in logistics,Proportion of women (%),65 years and over,0.7,TRUE
1243,Managers in logistics,Proportion of women (%),60 to 64 years,2.7,TRUE
1243,Managers in logistics,Proportion of women (%),55 to 59 years,7.5,TRUE
1243,Managers in logistics,Proportion of women (%),50 to 54 years,12.1,TRUE
1243,Managers in logistics,Proportion of women (%),45 to 49 years,13.5,TRUE
1243,Managers in logistics,Proportion of women (%),40 to 44 years,15.6,TRUE
1243,Managers in logistics,Proportion of women (%),35 to 39 years,16.8,TRUE
1243,Managers in logistics,Proportion of women (%),30 to 34 years,16.4,TRUE
1243,Managers in logistics,Proportion of women (%),25 to 29 years,11.4,TRUE
1243,Managers in logistics,Proportion of women (%),20 to 24 years,3,TRUE
1243,Managers in logistics,Proportion of women (%),16 to 19 years,0.3,TRUE
1243,Managers in logistics,Proportion of men (%),65 years and over,1.9,TRUE
1243,Managers in logistics,Proportion of men (%),60 to 64 years,5.7,TRUE
1243,Managers in logistics,Proportion of men (%),55 to 59 years,11.5,TRUE
1243,Managers in logistics,Proportion of men (%),50 to 54 years,15.7,TRUE
1243,Managers in logistics,Proportion of men (%),45 to 49 years,14.8,TRUE
1243,Managers in logistics,Proportion of men (%),40 to 44 years,14,TRUE
1243,Managers in logistics,Proportion of men (%),35 to 39 years,13.7,TRUE
1243,Managers in logistics,Proportion of men (%),30 to 34 years,12.4,TRUE
1243,Managers in logistics,Proportion of men (%),25 to 29 years,7.7,TRUE
1243,Managers in logistics,Proportion of men (%),20 to 24 years,2.3,TRUE
1243,Managers in logistics,Proportion of men (%),16 to 19 years,0.2,TRUE
1251,"Property, housing and estate managers",Proportion of women (%),65 years and over,7.9,TRUE
1251,"Property, housing and estate managers",Proportion of women (%),60 to 64 years,9.7,TRUE
1251,"Property, housing and estate managers",Proportion of women (%),55 to 59 years,14.5,TRUE
1251,"Property, housing and estate managers",Proportion of women (%),50 to 54 years,14.9,TRUE
1251,"Property, housing and estate managers",Proportion of women (%),45 to 49 years,12.2,TRUE
1251,"Property, housing and estate managers",Proportion of women (%),40 to 44 years,11,TRUE
1251,"Property, housing and estate managers",Proportion of women (%),35 to 39 years,10.5,TRUE
1251,"Property, housing and estate managers",Proportion of women (%),30 to 34 years,9.5,TRUE
1251,"Property, housing and estate managers",Proportion of women (%),25 to 29 years,7,TRUE
1251,"Property, housing and estate managers",Proportion of women (%),20 to 24 years,2.7,TRUE
1251,"Property, housing and estate managers",Proportion of women (%),16 to 19 years,0.2,TRUE
1251,"Property, housing and estate managers",Proportion of men (%),65 years and over,11.1,TRUE
1251,"Property, housing and estate managers",Proportion of men (%),60 to 64 years,10.9,TRUE
1251,"Property, housing and estate managers",Proportion of men (%),55 to 59 years,14.8,TRUE
1251,"Property, housing and estate managers",Proportion of men (%),50 to 54 years,14.8,TRUE
1251,"Property, housing and estate managers",Proportion of men (%),45 to 49 years,12.3,TRUE
1251,"Property, housing and estate managers",Proportion of men (%),40 to 44 years,11,TRUE
1251,"Property, housing and estate managers",Proportion of men (%),35 to 39 years,10.1,TRUE
1251,"Property, housing and estate managers",Proportion of men (%),30 to 34 years,8.2,TRUE
1251,"Property, housing and estate managers",Proportion of men (%),25 to 29 years,4.9,TRUE
1251,"Property, housing and estate managers",Proportion of men (%),20 to 24 years,1.8,TRUE
1251,"Property, housing and estate managers",Proportion of men (%),16 to 19 years,0.1,TRUE
1252,Garage managers and proprietors,Proportion of women (%),65 years and over,11.3,TRUE
1252,Garage managers and proprietors,Proportion of women (%),60 to 64 years,9.4,TRUE
1252,Garage managers and proprietors,Proportion of women (%),55 to 59 years,15,TRUE
1252,Garage managers and proprietors,Proportion of women (%),50 to 54 years,15.3,TRUE
1252,Garage managers and proprietors,Proportion of women (%),45 to 49 years,13.2,TRUE
1252,Garage managers and proprietors,Proportion of women (%),40 to 44 years,11.2,TRUE
1252,Garage managers and proprietors,Proportion of women (%),35 to 39 years,10.5,TRUE
1252,Garage managers and proprietors,Proportion of women (%),30 to 34 years,7.8,TRUE
1252,Garage managers and proprietors,Proportion of women (%),25 to 29 years,4.3,TRUE
1252,Garage managers and proprietors,Proportion of women (%),20 to 24 years,1.8,TRUE
1252,Garage managers and proprietors,Proportion of women (%),16 to 19 years,0.2,TRUE
1252,Garage managers and proprietors,Proportion of men (%),65 years and over,11.7,TRUE
1252,Garage managers and proprietors,Proportion of men (%),60 to 64 years,11.3,TRUE
1252,Garage managers and proprietors,Proportion of men (%),55 to 59 years,14.4,TRUE
1252,Garage managers and proprietors,Proportion of men (%),50 to 54 years,15.3,TRUE
1252,Garage managers and proprietors,Proportion of men (%),45 to 49 years,12.6,TRUE
1252,Garage managers and proprietors,Proportion of men (%),40 to 44 years,11.6,TRUE
1252,Garage managers and proprietors,Proportion of men (%),35 to 39 years,9.3,TRUE
1252,Garage managers and proprietors,Proportion of men (%),30 to 34 years,7.5,TRUE
1252,Garage managers and proprietors,Proportion of men (%),25 to 29 years,4.3,TRUE
1252,Garage managers and proprietors,Proportion of men (%),20 to 24 years,1.7,TRUE
1252,Garage managers and proprietors,Proportion of men (%),16 to 19 years,0.3,TRUE
1253,Hairdressing and beauty salon managers and proprietors,Proportion of women (%),65 years and over,2.3,FALSE
1253,Hairdressing and beauty salon managers and proprietors,Proportion of women (%),60 to 64 years,3.5,FALSE
1253,Hairdressing and beauty salon managers and proprietors,Proportion of women (%),55 to 59 years,7.4,FALSE
1253,Hairdressing and beauty salon managers and proprietors,Proportion of women (%),50 to 54 years,11.3,FALSE
1253,Hairdressing and beauty salon managers and proprietors,Proportion of women (%),45 to 49 years,11.9,FALSE
1253,Hairdressing and beauty salon managers and proprietors,Proportion of women (%),40 to 44 years,12.4,FALSE
1253,Hairdressing and beauty salon managers and proprietors,Proportion of women (%),35 to 39 years,15.7,FALSE
1253,Hairdressing and beauty salon managers and proprietors,Proportion of women (%),30 to 34 years,18.6,FALSE
1253,Hairdressing and beauty salon managers and proprietors,Proportion of women (%),25 to 29 years,12.8,FALSE
1253,Hairdressing and beauty salon managers and proprietors,Proportion of women (%),20 to 24 years,3.9,FALSE
1253,Hairdressing and beauty salon managers and proprietors,Proportion of women (%),16 to 19 years,0.3,FALSE
1253,Hairdressing and beauty salon managers and proprietors,Proportion of men (%),65 years and over,6.3,FALSE
1253,Hairdressing and beauty salon managers and proprietors,Proportion of men (%),60 to 64 years,7.2,FALSE
1253,Hairdressing and beauty salon managers and proprietors,Proportion of men (%),55 to 59 years,9.2,FALSE
1253,Hairdressing and beauty salon managers and proprietors,Proportion of men (%),50 to 54 years,13.2,FALSE
1253,Hairdressing and beauty salon managers and proprietors,Proportion of men (%),45 to 49 years,11.4,FALSE
1253,Hairdressing and beauty salon managers and proprietors,Proportion of men (%),40 to 44 years,13.1,FALSE
1253,Hairdressing and beauty salon managers and proprietors,Proportion of men (%),35 to 39 years,14.9,FALSE
1253,Hairdressing and beauty salon managers and proprietors,Proportion of men (%),30 to 34 years,13.7,FALSE
1253,Hairdressing and beauty salon managers and proprietors,Proportion of men (%),25 to 29 years,8.1,FALSE
1253,Hairdressing and beauty salon managers and proprietors,Proportion of men (%),20 to 24 years,2.9,FALSE
1253,Hairdressing and beauty salon managers and proprietors,Proportion of men (%),16 to 19 years,null,FALSE
1254,Waste disposal and environmental services managers,Proportion of women (%),65 years and over,3.8,FALSE
1254,Waste disposal and environmental services managers,Proportion of women (%),60 to 64 years,5.6,FALSE
1254,Waste disposal and environmental services managers,Proportion of women (%),55 to 59 years,11.4,FALSE
1254,Waste disposal and environmental services managers,Proportion of women (%),50 to 54 years,15.6,FALSE
1254,Waste disposal and environmental services managers,Proportion of women (%),45 to 49 years,15.2,FALSE
1254,Waste disposal and environmental services managers,Proportion of women (%),40 to 44 years,14.9,FALSE
1254,Waste disposal and environmental services managers,Proportion of women (%),35 to 39 years,14,FALSE
1254,Waste disposal and environmental services managers,Proportion of women (%),30 to 34 years,11.7,FALSE
1254,Waste disposal and environmental services managers,Proportion of women (%),25 to 29 years,5.3,FALSE
1254,Waste disposal and environmental services managers,Proportion of women (%),20 to 24 years,2.4,FALSE
1254,Waste disposal and environmental services managers,Proportion of women (%),16 to 19 years,null,FALSE
1254,Waste disposal and environmental services managers,Proportion of men (%),65 years and over,5.4,FALSE
1254,Waste disposal and environmental services managers,Proportion of men (%),60 to 64 years,8.4,FALSE
1254,Waste disposal and environmental services managers,Proportion of men (%),55 to 59 years,14.8,FALSE
1254,Waste disposal and environmental services managers,Proportion of men (%),50 to 54 years,16.6,FALSE
1254,Waste disposal and environmental services managers,Proportion of men (%),45 to 49 years,13.8,FALSE
1254,Waste disposal and environmental services managers,Proportion of men (%),40 to 44 years,11.5,FALSE
1254,Waste disposal and environmental services managers,Proportion of men (%),35 to 39 years,10.9,FALSE
1254,Waste disposal and environmental services managers,Proportion of men (%),30 to 34 years,9.6,FALSE
1254,Waste disposal and environmental services managers,Proportion of men (%),25 to 29 years,6.1,FALSE
1254,Waste disposal and environmental services managers,Proportion of men (%),20 to 24 years,2.5,FALSE
1254,Waste disposal and environmental services managers,Proportion of men (%),16 to 19 years,0.5,FALSE
1255,Managers and directors in the creative industries,Proportion of women (%),65 years and over,5.5,TRUE
1255,Managers and directors in the creative industries,Proportion of women (%),60 to 64 years,6.9,TRUE
1255,Managers and directors in the creative industries,Proportion of women (%),55 to 59 years,10.2,TRUE
1255,Managers and directors in the creative industries,Proportion of women (%),50 to 54 years,12.5,TRUE
1255,Managers and directors in the creative industries,Proportion of women (%),45 to 49 years,13.9,TRUE
1255,Managers and directors in the creative industries,Proportion of women (%),40 to 44 years,14.3,TRUE
1255,Managers and directors in the creative industries,Proportion of women (%),35 to 39 years,14.8,TRUE
1255,Managers and directors in the creative industries,Proportion of women (%),30 to 34 years,12.4,TRUE
1255,Managers and directors in the creative industries,Proportion of women (%),25 to 29 years,7.5,TRUE
1255,Managers and directors in the creative industries,Proportion of women (%),20 to 24 years,1.9,TRUE
1255,Managers and directors in the creative industries,Proportion of women (%),16 to 19 years,0.1,TRUE
1255,Managers and directors in the creative industries,Proportion of men (%),65 years and over,9.9,TRUE
1255,Managers and directors in the creative industries,Proportion of men (%),60 to 64 years,9.9,TRUE
1255,Managers and directors in the creative industries,Proportion of men (%),55 to 59 years,12.8,TRUE
1255,Managers and directors in the creative industries,Proportion of men (%),50 to 54 years,14.7,TRUE
1255,Managers and directors in the creative industries,Proportion of men (%),45 to 49 years,15,TRUE
1255,Managers and directors in the creative industries,Proportion of men (%),40 to 44 years,13.6,TRUE
1255,Managers and directors in the creative industries,Proportion of men (%),35 to 39 years,11.4,TRUE
1255,Managers and directors in the creative industries,Proportion of men (%),30 to 34 years,7.9,TRUE
1255,Managers and directors in the creative industries,Proportion of men (%),25 to 29 years,3.7,TRUE
1255,Managers and directors in the creative industries,Proportion of men (%),20 to 24 years,1.1,TRUE
1255,Managers and directors in the creative industries,Proportion of men (%),16 to 19 years,0.1,TRUE
1256,Betting shop and gambling establishment managers,Proportion of women (%),65 years and over,3.7,TRUE
1256,Betting shop and gambling establishment managers,Proportion of women (%),60 to 64 years,8.6,TRUE
1256,Betting shop and gambling establishment managers,Proportion of women (%),55 to 59 years,11.8,TRUE
1256,Betting shop and gambling establishment managers,Proportion of women (%),50 to 54 years,13.4,TRUE
1256,Betting shop and gambling establishment managers,Proportion of women (%),45 to 49 years,11.1,TRUE
1256,Betting shop and gambling establishment managers,Proportion of women (%),40 to 44 years,10.5,TRUE
1256,Betting shop and gambling establishment managers,Proportion of women (%),35 to 39 years,12.2,TRUE
1256,Betting shop and gambling establishment managers,Proportion of women (%),30 to 34 years,13.8,TRUE
1256,Betting shop and gambling establishment managers,Proportion of women (%),25 to 29 years,9.3,TRUE
1256,Betting shop and gambling establishment managers,Proportion of women (%),20 to 24 years,5.3,TRUE
1256,Betting shop and gambling establishment managers,Proportion of women (%),16 to 19 years,0.3,TRUE
1256,Betting shop and gambling establishment managers,Proportion of men (%),65 years and over,3.4,TRUE
1256,Betting shop and gambling establishment managers,Proportion of men (%),60 to 64 years,5.2,TRUE
1256,Betting shop and gambling establishment managers,Proportion of men (%),55 to 59 years,8.4,TRUE
1256,Betting shop and gambling establishment managers,Proportion of men (%),50 to 54 years,10.7,TRUE
1256,Betting shop and gambling establishment managers,Proportion of men (%),45 to 49 years,11.1,TRUE
1256,Betting shop and gambling establishment managers,Proportion of men (%),40 to 44 years,13.5,TRUE
1256,Betting shop and gambling establishment managers,Proportion of men (%),35 to 39 years,15.5,TRUE
1256,Betting shop and gambling establishment managers,Proportion of men (%),30 to 34 years,14.5,TRUE
1256,Betting shop and gambling establishment managers,Proportion of men (%),25 to 29 years,11.3,TRUE
1256,Betting shop and gambling establishment managers,Proportion of men (%),20 to 24 years,6,TRUE
1256,Betting shop and gambling establishment managers,Proportion of men (%),16 to 19 years,0.3,TRUE
1257,Hire services managers and proprietors,Proportion of women (%),65 years and over,6.5,FALSE
1257,Hire services managers and proprietors,Proportion of women (%),60 to 64 years,7.7,FALSE
1257,Hire services managers and proprietors,Proportion of women (%),55 to 59 years,12.2,FALSE
1257,Hire services managers and proprietors,Proportion of women (%),50 to 54 years,13.6,FALSE
1257,Hire services managers and proprietors,Proportion of women (%),45 to 49 years,11.8,FALSE
1257,Hire services managers and proprietors,Proportion of women (%),40 to 44 years,11.4,FALSE
1257,Hire services managers and proprietors,Proportion of women (%),35 to 39 years,10.3,FALSE
1257,Hire services managers and proprietors,Proportion of women (%),30 to 34 years,10,FALSE
1257,Hire services managers and proprietors,Proportion of women (%),25 to 29 years,9.7,FALSE
1257,Hire services managers and proprietors,Proportion of women (%),20 to 24 years,6.6,FALSE
1257,Hire services managers and proprietors,Proportion of women (%),16 to 19 years,null,FALSE
1257,Hire services managers and proprietors,Proportion of men (%),65 years and over,8.4,FALSE
1257,Hire services managers and proprietors,Proportion of men (%),60 to 64 years,8.3,FALSE
1257,Hire services managers and proprietors,Proportion of men (%),55 to 59 years,13.5,FALSE
1257,Hire services managers and proprietors,Proportion of men (%),50 to 54 years,14.9,FALSE
1257,Hire services managers and proprietors,Proportion of men (%),45 to 49 years,12.6,FALSE
1257,Hire services managers and proprietors,Proportion of men (%),40 to 44 years,11,FALSE
1257,Hire services managers and proprietors,Proportion of men (%),35 to 39 years,9.8,FALSE
1257,Hire services managers and proprietors,Proportion of men (%),30 to 34 years,9,FALSE
1257,Hire services managers and proprietors,Proportion of men (%),25 to 29 years,8,FALSE
1257,Hire services managers and proprietors,Proportion of men (%),20 to 24 years,4.3,FALSE
1257,Hire services managers and proprietors,Proportion of men (%),16 to 19 years,0.2,FALSE
1258,Directors in consultancy services,Proportion of women (%),65 years and over,5.7,TRUE
1258,Directors in consultancy services,Proportion of women (%),60 to 64 years,9.3,TRUE
1258,Directors in consultancy services,Proportion of women (%),55 to 59 years,14.4,TRUE
1258,Directors in consultancy services,Proportion of women (%),50 to 54 years,15.8,TRUE
1258,Directors in consultancy services,Proportion of women (%),45 to 49 years,15.8,TRUE
1258,Directors in consultancy services,Proportion of women (%),40 to 44 years,15.2,TRUE
1258,Directors in consultancy services,Proportion of women (%),35 to 39 years,12.3,TRUE
1258,Directors in consultancy services,Proportion of women (%),30 to 34 years,8,TRUE
1258,Directors in consultancy services,Proportion of women (%),25 to 29 years,3.1,TRUE
1258,Directors in consultancy services,Proportion of women (%),20 to 24 years,0.4,TRUE
1258,Directors in consultancy services,Proportion of women (%),16 to 19 years,0.1,TRUE
1258,Directors in consultancy services,Proportion of men (%),65 years and over,11.7,TRUE
1258,Directors in consultancy services,Proportion of men (%),60 to 64 years,12.8,TRUE
1258,Directors in consultancy services,Proportion of men (%),55 to 59 years,16,TRUE
1258,Directors in consultancy services,Proportion of men (%),50 to 54 years,15.8,TRUE
1258,Directors in consultancy services,Proportion of men (%),45 to 49 years,13.9,TRUE
1258,Directors in consultancy services,Proportion of men (%),40 to 44 years,11.9,TRUE
1258,Directors in consultancy services,Proportion of men (%),35 to 39 years,9.2,TRUE
1258,Directors in consultancy services,Proportion of men (%),30 to 34 years,6,TRUE
1258,Directors in consultancy services,Proportion of men (%),25 to 29 years,2.3,TRUE
1258,Directors in consultancy services,Proportion of men (%),20 to 24 years,0.4,TRUE
1258,Directors in consultancy services,Proportion of men (%),16 to 19 years,0.1,TRUE
1259,Managers and proprietors in other services n.e.c.,Proportion of women (%),65 years and over,4.7,TRUE
1259,Managers and proprietors in other services n.e.c.,Proportion of women (%),60 to 64 years,7.2,TRUE
1259,Managers and proprietors in other services n.e.c.,Proportion of women (%),55 to 59 years,11.8,TRUE
1259,Managers and proprietors in other services n.e.c.,Proportion of women (%),50 to 54 years,14.5,TRUE
1259,Managers and proprietors in other services n.e.c.,Proportion of women (%),45 to 49 years,13.9,TRUE
1259,Managers and proprietors in other services n.e.c.,Proportion of women (%),40 to 44 years,14.3,TRUE
1259,Managers and proprietors in other services n.e.c.,Proportion of women (%),35 to 39 years,13.4,TRUE
1259,Managers and proprietors in other services n.e.c.,Proportion of women (%),30 to 34 years,11,TRUE
1259,Managers and proprietors in other services n.e.c.,Proportion of women (%),25 to 29 years,6.5,TRUE
1259,Managers and proprietors in other services n.e.c.,Proportion of women (%),20 to 24 years,2.4,TRUE
1259,Managers and proprietors in other services n.e.c.,Proportion of women (%),16 to 19 years,0.4,TRUE
1259,Managers and proprietors in other services n.e.c.,Proportion of men (%),65 years and over,7.5,TRUE
1259,Managers and proprietors in other services n.e.c.,Proportion of men (%),60 to 64 years,8.2,TRUE
1259,Managers and proprietors in other services n.e.c.,Proportion of men (%),55 to 59 years,12.1,TRUE
1259,Managers and proprietors in other services n.e.c.,Proportion of men (%),50 to 54 years,14,TRUE
1259,Managers and proprietors in other services n.e.c.,Proportion of men (%),45 to 49 years,13.8,TRUE
1259,Managers and proprietors in other services n.e.c.,Proportion of men (%),40 to 44 years,13.6,TRUE
1259,Managers and proprietors in other services n.e.c.,Proportion of men (%),35 to 39 years,12.6,TRUE
1259,Managers and proprietors in other services n.e.c.,Proportion of men (%),30 to 34 years,10.1,TRUE
1259,Managers and proprietors in other services n.e.c.,Proportion of men (%),25 to 29 years,5.7,TRUE
1259,Managers and proprietors in other services n.e.c.,Proportion of men (%),20 to 24 years,2,TRUE
1259,Managers and proprietors in other services n.e.c.,Proportion of men (%),16 to 19 years,0.3,TRUE
2111,Chemical scientists,Proportion of women (%),65 years and over,0.8,TRUE
2111,Chemical scientists,Proportion of women (%),60 to 64 years,2,TRUE
2111,Chemical scientists,Proportion of women (%),55 to 59 years,4.4,TRUE
2111,Chemical scientists,Proportion of women (%),50 to 54 years,7,TRUE
2111,Chemical scientists,Proportion of women (%),45 to 49 years,7,TRUE
2111,Chemical scientists,Proportion of women (%),40 to 44 years,9.7,TRUE
2111,Chemical scientists,Proportion of women (%),35 to 39 years,13,TRUE
2111,Chemical scientists,Proportion of women (%),30 to 34 years,16.1,TRUE
2111,Chemical scientists,Proportion of women (%),25 to 29 years,23.6,TRUE
2111,Chemical scientists,Proportion of women (%),20 to 24 years,15.4,TRUE
2111,Chemical scientists,Proportion of women (%),16 to 19 years,0.9,TRUE
2111,Chemical scientists,Proportion of men (%),65 years and over,3.7,TRUE
2111,Chemical scientists,Proportion of men (%),60 to 64 years,6,TRUE
2111,Chemical scientists,Proportion of men (%),55 to 59 years,9.2,TRUE
2111,Chemical scientists,Proportion of men (%),50 to 54 years,10.2,TRUE
2111,Chemical scientists,Proportion of men (%),45 to 49 years,9.9,TRUE
2111,Chemical scientists,Proportion of men (%),40 to 44 years,9.5,TRUE
2111,Chemical scientists,Proportion of men (%),35 to 39 years,10.3,TRUE
2111,Chemical scientists,Proportion of men (%),30 to 34 years,13.7,TRUE
2111,Chemical scientists,Proportion of men (%),25 to 29 years,17.7,TRUE
2111,Chemical scientists,Proportion of men (%),20 to 24 years,9.4,TRUE
2111,Chemical scientists,Proportion of men (%),16 to 19 years,0.4,TRUE
2112,Biological scientists,Proportion of women (%),65 years and over,3.5,TRUE
2112,Biological scientists,Proportion of women (%),60 to 64 years,5.2,TRUE
2112,Biological scientists,Proportion of women (%),55 to 59 years,8.5,TRUE
2112,Biological scientists,Proportion of women (%),50 to 54 years,10.6,TRUE
2112,Biological scientists,Proportion of women (%),45 to 49 years,11.1,TRUE
2112,Biological scientists,Proportion of women (%),40 to 44 years,13.1,TRUE
2112,Biological scientists,Proportion of women (%),35 to 39 years,12.8,TRUE
2112,Biological scientists,Proportion of women (%),30 to 34 years,13,TRUE
2112,Biological scientists,Proportion of women (%),25 to 29 years,14.2,TRUE
2112,Biological scientists,Proportion of women (%),20 to 24 years,7.6,TRUE
2112,Biological scientists,Proportion of women (%),16 to 19 years,0.3,TRUE
2112,Biological scientists,Proportion of men (%),65 years and over,10.5,TRUE
2112,Biological scientists,Proportion of men (%),60 to 64 years,9.4,TRUE
2112,Biological scientists,Proportion of men (%),55 to 59 years,11,TRUE
2112,Biological scientists,Proportion of men (%),50 to 54 years,10.9,TRUE
2112,Biological scientists,Proportion of men (%),45 to 49 years,10.3,TRUE
2112,Biological scientists,Proportion of men (%),40 to 44 years,9.6,TRUE
2112,Biological scientists,Proportion of men (%),35 to 39 years,10.5,TRUE
2112,Biological scientists,Proportion of men (%),30 to 34 years,10.9,TRUE
2112,Biological scientists,Proportion of men (%),25 to 29 years,11.8,TRUE
2112,Biological scientists,Proportion of men (%),20 to 24 years,4.8,TRUE
2112,Biological scientists,Proportion of men (%),16 to 19 years,0.3,TRUE
2113,Biochemists and biomedical scientists,Proportion of women (%),65 years and over,1.3,TRUE
2113,Biochemists and biomedical scientists,Proportion of women (%),60 to 64 years,3.4,TRUE
2113,Biochemists and biomedical scientists,Proportion of women (%),55 to 59 years,6.9,TRUE
2113,Biochemists and biomedical scientists,Proportion of women (%),50 to 54 years,8.3,TRUE
2113,Biochemists and biomedical scientists,Proportion of women (%),45 to 49 years,10.3,TRUE
2113,Biochemists and biomedical scientists,Proportion of women (%),40 to 44 years,13.5,TRUE
2113,Biochemists and biomedical scientists,Proportion of women (%),35 to 39 years,15.2,TRUE
2113,Biochemists and biomedical scientists,Proportion of women (%),30 to 34 years,16,TRUE
2113,Biochemists and biomedical scientists,Proportion of women (%),25 to 29 years,17.2,TRUE
2113,Biochemists and biomedical scientists,Proportion of women (%),20 to 24 years,7.8,TRUE
2113,Biochemists and biomedical scientists,Proportion of women (%),16 to 19 years,0.2,TRUE
2113,Biochemists and biomedical scientists,Proportion of men (%),65 years and over,2.7,TRUE
2113,Biochemists and biomedical scientists,Proportion of men (%),60 to 64 years,5.1,TRUE
2113,Biochemists and biomedical scientists,Proportion of men (%),55 to 59 years,8.3,TRUE
2113,Biochemists and biomedical scientists,Proportion of men (%),50 to 54 years,9.1,TRUE
2113,Biochemists and biomedical scientists,Proportion of men (%),45 to 49 years,9.2,TRUE
2113,Biochemists and biomedical scientists,Proportion of men (%),40 to 44 years,11.8,TRUE
2113,Biochemists and biomedical scientists,Proportion of men (%),35 to 39 years,13.1,TRUE
2113,Biochemists and biomedical scientists,Proportion of men (%),30 to 34 years,16.3,TRUE
2113,Biochemists and biomedical scientists,Proportion of men (%),25 to 29 years,15.9,TRUE
2113,Biochemists and biomedical scientists,Proportion of men (%),20 to 24 years,7.5,TRUE
2113,Biochemists and biomedical scientists,Proportion of men (%),16 to 19 years,1,TRUE
2114,Physical scientists,Proportion of women (%),65 years and over,1.3,FALSE
2114,Physical scientists,Proportion of women (%),60 to 64 years,2.5,FALSE
2114,Physical scientists,Proportion of women (%),55 to 59 years,4.3,FALSE
2114,Physical scientists,Proportion of women (%),50 to 54 years,6.7,FALSE
2114,Physical scientists,Proportion of women (%),45 to 49 years,7.2,FALSE
2114,Physical scientists,Proportion of women (%),40 to 44 years,12.8,FALSE
2114,Physical scientists,Proportion of women (%),35 to 39 years,17.5,FALSE
2114,Physical scientists,Proportion of women (%),30 to 34 years,18.5,FALSE
2114,Physical scientists,Proportion of women (%),25 to 29 years,20,FALSE
2114,Physical scientists,Proportion of women (%),20 to 24 years,9.2,FALSE
2114,Physical scientists,Proportion of women (%),16 to 19 years,null,FALSE
2114,Physical scientists,Proportion of men (%),65 years and over,4.7,FALSE
2114,Physical scientists,Proportion of men (%),60 to 64 years,5.8,FALSE
2114,Physical scientists,Proportion of men (%),55 to 59 years,8.7,FALSE
2114,Physical scientists,Proportion of men (%),50 to 54 years,9.7,FALSE
2114,Physical scientists,Proportion of men (%),45 to 49 years,9.5,FALSE
2114,Physical scientists,Proportion of men (%),40 to 44 years,11.7,FALSE
2114,Physical scientists,Proportion of men (%),35 to 39 years,13.3,FALSE
2114,Physical scientists,Proportion of men (%),30 to 34 years,15.3,FALSE
2114,Physical scientists,Proportion of men (%),25 to 29 years,15,FALSE
2114,Physical scientists,Proportion of men (%),20 to 24 years,6.1,FALSE
2114,Physical scientists,Proportion of men (%),16 to 19 years,null,FALSE
2115,Social and humanities scientists,Proportion of women (%),65 years and over,5.5,TRUE
2115,Social and humanities scientists,Proportion of women (%),60 to 64 years,4.7,TRUE
2115,Social and humanities scientists,Proportion of women (%),55 to 59 years,7,TRUE
2115,Social and humanities scientists,Proportion of women (%),50 to 54 years,7.6,TRUE
2115,Social and humanities scientists,Proportion of women (%),45 to 49 years,9.6,TRUE
2115,Social and humanities scientists,Proportion of women (%),40 to 44 years,11.7,TRUE
2115,Social and humanities scientists,Proportion of women (%),35 to 39 years,12.7,TRUE
2115,Social and humanities scientists,Proportion of women (%),30 to 34 years,13.1,TRUE
2115,Social and humanities scientists,Proportion of women (%),25 to 29 years,18.2,TRUE
2115,Social and humanities scientists,Proportion of women (%),20 to 24 years,9.6,TRUE
2115,Social and humanities scientists,Proportion of women (%),16 to 19 years,0.3,TRUE
2115,Social and humanities scientists,Proportion of men (%),65 years and over,9.4,TRUE
2115,Social and humanities scientists,Proportion of men (%),60 to 64 years,7.4,TRUE
2115,Social and humanities scientists,Proportion of men (%),55 to 59 years,9.8,TRUE
2115,Social and humanities scientists,Proportion of men (%),50 to 54 years,9,TRUE
2115,Social and humanities scientists,Proportion of men (%),45 to 49 years,8.5,TRUE
2115,Social and humanities scientists,Proportion of men (%),40 to 44 years,10.4,TRUE
2115,Social and humanities scientists,Proportion of men (%),35 to 39 years,9.5,TRUE
2115,Social and humanities scientists,Proportion of men (%),30 to 34 years,13.1,TRUE
2115,Social and humanities scientists,Proportion of men (%),25 to 29 years,15.4,TRUE
2115,Social and humanities scientists,Proportion of men (%),20 to 24 years,7.1,TRUE
2115,Social and humanities scientists,Proportion of men (%),16 to 19 years,0.4,TRUE
2119,Natural and social science professionals n.e.c.,Proportion of women (%),65 years and over,1,TRUE
2119,Natural and social science professionals n.e.c.,Proportion of women (%),60 to 64 years,1.8,TRUE
2119,Natural and social science professionals n.e.c.,Proportion of women (%),55 to 59 years,4.1,TRUE
2119,Natural and social science professionals n.e.c.,Proportion of women (%),50 to 54 years,6.8,TRUE
2119,Natural and social science professionals n.e.c.,Proportion of women (%),45 to 49 years,9.5,TRUE
2119,Natural and social science professionals n.e.c.,Proportion of women (%),40 to 44 years,13.5,TRUE
2119,Natural and social science professionals n.e.c.,Proportion of women (%),35 to 39 years,19.1,TRUE
2119,Natural and social science professionals n.e.c.,Proportion of women (%),30 to 34 years,20.3,TRUE
2119,Natural and social science professionals n.e.c.,Proportion of women (%),25 to 29 years,16.2,TRUE
2119,Natural and social science professionals n.e.c.,Proportion of women (%),20 to 24 years,7.6,TRUE
2119,Natural and social science professionals n.e.c.,Proportion of women (%),16 to 19 years,0.3,TRUE
2119,Natural and social science professionals n.e.c.,Proportion of men (%),65 years and over,2.7,TRUE
2119,Natural and social science professionals n.e.c.,Proportion of men (%),60 to 64 years,3.9,TRUE
2119,Natural and social science professionals n.e.c.,Proportion of men (%),55 to 59 years,8,TRUE
2119,Natural and social science professionals n.e.c.,Proportion of men (%),50 to 54 years,8.9,TRUE
2119,Natural and social science professionals n.e.c.,Proportion of men (%),45 to 49 years,10.1,TRUE
2119,Natural and social science professionals n.e.c.,Proportion of men (%),40 to 44 years,13,TRUE
2119,Natural and social science professionals n.e.c.,Proportion of men (%),35 to 39 years,15.2,TRUE
2119,Natural and social science professionals n.e.c.,Proportion of men (%),30 to 34 years,17.4,TRUE
2119,Natural and social science professionals n.e.c.,Proportion of men (%),25 to 29 years,15,TRUE
2119,Natural and social science professionals n.e.c.,Proportion of men (%),20 to 24 years,5.5,TRUE
2119,Natural and social science professionals n.e.c.,Proportion of men (%),16 to 19 years,0.2,TRUE
2121,Civil engineers,Proportion of women (%),65 years and over,1.2,TRUE
2121,Civil engineers,Proportion of women (%),60 to 64 years,2,TRUE
2121,Civil engineers,Proportion of women (%),55 to 59 years,4.6,TRUE
2121,Civil engineers,Proportion of women (%),50 to 54 years,6.3,TRUE
2121,Civil engineers,Proportion of women (%),45 to 49 years,8.1,TRUE
2121,Civil engineers,Proportion of women (%),40 to 44 years,11.4,TRUE
2121,Civil engineers,Proportion of women (%),35 to 39 years,15.1,TRUE
2121,Civil engineers,Proportion of women (%),30 to 34 years,17.9,TRUE
2121,Civil engineers,Proportion of women (%),25 to 29 years,21.7,TRUE
2121,Civil engineers,Proportion of women (%),20 to 24 years,10.9,TRUE
2121,Civil engineers,Proportion of women (%),16 to 19 years,0.7,TRUE
2121,Civil engineers,Proportion of men (%),65 years and over,6.1,TRUE
2121,Civil engineers,Proportion of men (%),60 to 64 years,6.7,TRUE
2121,Civil engineers,Proportion of men (%),55 to 59 years,8.6,TRUE
2121,Civil engineers,Proportion of men (%),50 to 54 years,9.1,TRUE
2121,Civil engineers,Proportion of men (%),45 to 49 years,9.3,TRUE
2121,Civil engineers,Proportion of men (%),40 to 44 years,10.4,TRUE
2121,Civil engineers,Proportion of men (%),35 to 39 years,11.9,TRUE
2121,Civil engineers,Proportion of men (%),30 to 34 years,14.6,TRUE
2121,Civil engineers,Proportion of men (%),25 to 29 years,15,TRUE
2121,Civil engineers,Proportion of men (%),20 to 24 years,7.6,TRUE
2121,Civil engineers,Proportion of men (%),16 to 19 years,0.8,TRUE
2122,Mechanical engineers,Proportion of women (%),65 years and over,1.1,TRUE
2122,Mechanical engineers,Proportion of women (%),60 to 64 years,1.9,TRUE
2122,Mechanical engineers,Proportion of women (%),55 to 59 years,4,TRUE
2122,Mechanical engineers,Proportion of women (%),50 to 54 years,6.3,TRUE
2122,Mechanical engineers,Proportion of women (%),45 to 49 years,8.1,TRUE
2122,Mechanical engineers,Proportion of women (%),40 to 44 years,10.3,TRUE
2122,Mechanical engineers,Proportion of women (%),35 to 39 years,13.6,TRUE
2122,Mechanical engineers,Proportion of women (%),30 to 34 years,17.4,TRUE
2122,Mechanical engineers,Proportion of women (%),25 to 29 years,20.4,TRUE
2122,Mechanical engineers,Proportion of women (%),20 to 24 years,14.4,TRUE
2122,Mechanical engineers,Proportion of women (%),16 to 19 years,2.6,TRUE
2122,Mechanical engineers,Proportion of men (%),65 years and over,4.6,TRUE
2122,Mechanical engineers,Proportion of men (%),60 to 64 years,7.2,TRUE
2122,Mechanical engineers,Proportion of men (%),55 to 59 years,10.3,TRUE
2122,Mechanical engineers,Proportion of men (%),50 to 54 years,10.3,TRUE
2122,Mechanical engineers,Proportion of men (%),45 to 49 years,10,TRUE
2122,Mechanical engineers,Proportion of men (%),40 to 44 years,9.7,TRUE
2122,Mechanical engineers,Proportion of men (%),35 to 39 years,11.3,TRUE
2122,Mechanical engineers,Proportion of men (%),30 to 34 years,12.9,TRUE
2122,Mechanical engineers,Proportion of men (%),25 to 29 years,13.2,TRUE
2122,Mechanical engineers,Proportion of men (%),20 to 24 years,8.4,TRUE
2122,Mechanical engineers,Proportion of men (%),16 to 19 years,2,TRUE
2123,Electrical engineers,Proportion of women (%),65 years and over,1,TRUE
2123,Electrical engineers,Proportion of women (%),60 to 64 years,2.6,TRUE
2123,Electrical engineers,Proportion of women (%),55 to 59 years,4.1,TRUE
2123,Electrical engineers,Proportion of women (%),50 to 54 years,8.6,TRUE
2123,Electrical engineers,Proportion of women (%),45 to 49 years,9.6,TRUE
2123,Electrical engineers,Proportion of women (%),40 to 44 years,9.5,TRUE
2123,Electrical engineers,Proportion of women (%),35 to 39 years,15.7,TRUE
2123,Electrical engineers,Proportion of women (%),30 to 34 years,15.4,TRUE
2123,Electrical engineers,Proportion of women (%),25 to 29 years,19.7,TRUE
2123,Electrical engineers,Proportion of women (%),20 to 24 years,11.7,TRUE
2123,Electrical engineers,Proportion of women (%),16 to 19 years,2.1,TRUE
2123,Electrical engineers,Proportion of men (%),65 years and over,4.4,TRUE
2123,Electrical engineers,Proportion of men (%),60 to 64 years,7.4,TRUE
2123,Electrical engineers,Proportion of men (%),55 to 59 years,10.9,TRUE
2123,Electrical engineers,Proportion of men (%),50 to 54 years,11.3,TRUE
2123,Electrical engineers,Proportion of men (%),45 to 49 years,9.9,TRUE
2123,Electrical engineers,Proportion of men (%),40 to 44 years,9.6,TRUE
2123,Electrical engineers,Proportion of men (%),35 to 39 years,12.1,TRUE
2123,Electrical engineers,Proportion of men (%),30 to 34 years,13.4,TRUE
2123,Electrical engineers,Proportion of men (%),25 to 29 years,12.1,TRUE
2123,Electrical engineers,Proportion of men (%),20 to 24 years,7.6,TRUE
2123,Electrical engineers,Proportion of men (%),16 to 19 years,1.4,TRUE
2124,Electronics engineers,Proportion of women (%),65 years and over,0.9,TRUE
2124,Electronics engineers,Proportion of women (%),60 to 64 years,2.4,TRUE
2124,Electronics engineers,Proportion of women (%),55 to 59 years,6,TRUE
2124,Electronics engineers,Proportion of women (%),50 to 54 years,7.9,TRUE
2124,Electronics engineers,Proportion of women (%),45 to 49 years,10.6,TRUE
2124,Electronics engineers,Proportion of women (%),40 to 44 years,14.1,TRUE
2124,Electronics engineers,Proportion of women (%),35 to 39 years,14.4,TRUE
2124,Electronics engineers,Proportion of women (%),30 to 34 years,15.5,TRUE
2124,Electronics engineers,Proportion of women (%),25 to 29 years,16.8,TRUE
2124,Electronics engineers,Proportion of women (%),20 to 24 years,10.7,TRUE
2124,Electronics engineers,Proportion of women (%),16 to 19 years,0.6,TRUE
2124,Electronics engineers,Proportion of men (%),65 years and over,4.3,TRUE
2124,Electronics engineers,Proportion of men (%),60 to 64 years,7.2,TRUE
2124,Electronics engineers,Proportion of men (%),55 to 59 years,11.7,TRUE
2124,Electronics engineers,Proportion of men (%),50 to 54 years,12,TRUE
2124,Electronics engineers,Proportion of men (%),45 to 49 years,11.6,TRUE
2124,Electronics engineers,Proportion of men (%),40 to 44 years,10.7,TRUE
2124,Electronics engineers,Proportion of men (%),35 to 39 years,11.5,TRUE
2124,Electronics engineers,Proportion of men (%),30 to 34 years,12.5,TRUE
2124,Electronics engineers,Proportion of men (%),25 to 29 years,11.8,TRUE
2124,Electronics engineers,Proportion of men (%),20 to 24 years,6,TRUE
2124,Electronics engineers,Proportion of men (%),16 to 19 years,0.7,TRUE
2125,Production and process engineers,Proportion of women (%),65 years and over,1.9,TRUE
2125,Production and process engineers,Proportion of women (%),60 to 64 years,3.8,TRUE
2125,Production and process engineers,Proportion of women (%),55 to 59 years,7.3,TRUE
2125,Production and process engineers,Proportion of women (%),50 to 54 years,9.3,TRUE
2125,Production and process engineers,Proportion of women (%),45 to 49 years,10.5,TRUE
2125,Production and process engineers,Proportion of women (%),40 to 44 years,12.1,TRUE
2125,Production and process engineers,Proportion of women (%),35 to 39 years,13.2,TRUE
2125,Production and process engineers,Proportion of women (%),30 to 34 years,15.9,TRUE
2125,Production and process engineers,Proportion of women (%),25 to 29 years,16.6,TRUE
2125,Production and process engineers,Proportion of women (%),20 to 24 years,8.8,TRUE
2125,Production and process engineers,Proportion of women (%),16 to 19 years,0.5,TRUE
2125,Production and process engineers,Proportion of men (%),65 years and over,4,TRUE
2125,Production and process engineers,Proportion of men (%),60 to 64 years,6.6,TRUE
2125,Production and process engineers,Proportion of men (%),55 to 59 years,11.2,TRUE
2125,Production and process engineers,Proportion of men (%),50 to 54 years,11.6,TRUE
2125,Production and process engineers,Proportion of men (%),45 to 49 years,11,TRUE
2125,Production and process engineers,Proportion of men (%),40 to 44 years,10.8,TRUE
2125,Production and process engineers,Proportion of men (%),35 to 39 years,10.9,TRUE
2125,Production and process engineers,Proportion of men (%),30 to 34 years,12.7,TRUE
2125,Production and process engineers,Proportion of men (%),25 to 29 years,13.8,TRUE
2125,Production and process engineers,Proportion of men (%),20 to 24 years,6.7,TRUE
2125,Production and process engineers,Proportion of men (%),16 to 19 years,0.6,TRUE
2126,Aerospace engineers,Proportion of women (%),65 years and over,null,FALSE
2126,Aerospace engineers,Proportion of women (%),60 to 64 years,1.8,FALSE
2126,Aerospace engineers,Proportion of women (%),55 to 59 years,4.7,FALSE
2126,Aerospace engineers,Proportion of women (%),50 to 54 years,7.8,FALSE
2126,Aerospace engineers,Proportion of women (%),45 to 49 years,6.3,FALSE
2126,Aerospace engineers,Proportion of women (%),40 to 44 years,9.2,FALSE
2126,Aerospace engineers,Proportion of women (%),35 to 39 years,13.7,FALSE
2126,Aerospace engineers,Proportion of women (%),30 to 34 years,15.5,FALSE
2126,Aerospace engineers,Proportion of women (%),25 to 29 years,18.1,FALSE
2126,Aerospace engineers,Proportion of women (%),20 to 24 years,18,FALSE
2126,Aerospace engineers,Proportion of women (%),16 to 19 years,4,FALSE
2126,Aerospace engineers,Proportion of men (%),65 years and over,2.7,FALSE
2126,Aerospace engineers,Proportion of men (%),60 to 64 years,7.3,FALSE
2126,Aerospace engineers,Proportion of men (%),55 to 59 years,11.8,FALSE
2126,Aerospace engineers,Proportion of men (%),50 to 54 years,11.2,FALSE
2126,Aerospace engineers,Proportion of men (%),45 to 49 years,10.6,FALSE
2126,Aerospace engineers,Proportion of men (%),40 to 44 years,10.1,FALSE
2126,Aerospace engineers,Proportion of men (%),35 to 39 years,11.2,FALSE
2126,Aerospace engineers,Proportion of men (%),30 to 34 years,12.1,FALSE
2126,Aerospace engineers,Proportion of men (%),25 to 29 years,11.5,FALSE
2126,Aerospace engineers,Proportion of men (%),20 to 24 years,9.1,FALSE
2126,Aerospace engineers,Proportion of men (%),16 to 19 years,2.4,FALSE
2127,Engineering project managers and project engineers,Proportion of women (%),65 years and over,0.4,TRUE
2127,Engineering project managers and project engineers,Proportion of women (%),60 to 64 years,1.7,TRUE
2127,Engineering project managers and project engineers,Proportion of women (%),55 to 59 years,5.3,TRUE
2127,Engineering project managers and project engineers,Proportion of women (%),50 to 54 years,9.9,TRUE
2127,Engineering project managers and project engineers,Proportion of women (%),45 to 49 years,11.5,TRUE
2127,Engineering project managers and project engineers,Proportion of women (%),40 to 44 years,13.2,TRUE
2127,Engineering project managers and project engineers,Proportion of women (%),35 to 39 years,16.3,TRUE
2127,Engineering project managers and project engineers,Proportion of women (%),30 to 34 years,19.3,TRUE
2127,Engineering project managers and project engineers,Proportion of women (%),25 to 29 years,16.8,TRUE
2127,Engineering project managers and project engineers,Proportion of women (%),20 to 24 years,5.5,TRUE
2127,Engineering project managers and project engineers,Proportion of women (%),16 to 19 years,0.2,TRUE
2127,Engineering project managers and project engineers,Proportion of men (%),65 years and over,2.8,TRUE
2127,Engineering project managers and project engineers,Proportion of men (%),60 to 64 years,6.6,TRUE
2127,Engineering project managers and project engineers,Proportion of men (%),55 to 59 years,11,TRUE
2127,Engineering project managers and project engineers,Proportion of men (%),50 to 54 years,12.2,TRUE
2127,Engineering project managers and project engineers,Proportion of men (%),45 to 49 years,11.8,TRUE
2127,Engineering project managers and project engineers,Proportion of men (%),40 to 44 years,11.2,TRUE
2127,Engineering project managers and project engineers,Proportion of men (%),35 to 39 years,12.2,TRUE
2127,Engineering project managers and project engineers,Proportion of men (%),30 to 34 years,14.6,TRUE
2127,Engineering project managers and project engineers,Proportion of men (%),25 to 29 years,13.3,TRUE
2127,Engineering project managers and project engineers,Proportion of men (%),20 to 24 years,4.1,TRUE
2127,Engineering project managers and project engineers,Proportion of men (%),16 to 19 years,0.2,TRUE
2129,Engineering professionals n.e.c.,Proportion of women (%),65 years and over,1.2,TRUE
2129,Engineering professionals n.e.c.,Proportion of women (%),60 to 64 years,3,TRUE
2129,Engineering professionals n.e.c.,Proportion of women (%),55 to 59 years,5.7,TRUE
2129,Engineering professionals n.e.c.,Proportion of women (%),50 to 54 years,8.2,TRUE
2129,Engineering professionals n.e.c.,Proportion of women (%),45 to 49 years,9,TRUE
2129,Engineering professionals n.e.c.,Proportion of women (%),40 to 44 years,10.6,TRUE
2129,Engineering professionals n.e.c.,Proportion of women (%),35 to 39 years,14.2,TRUE
2129,Engineering professionals n.e.c.,Proportion of women (%),30 to 34 years,17.9,TRUE
2129,Engineering professionals n.e.c.,Proportion of women (%),25 to 29 years,19.6,TRUE
2129,Engineering professionals n.e.c.,Proportion of women (%),20 to 24 years,9.9,TRUE
2129,Engineering professionals n.e.c.,Proportion of women (%),16 to 19 years,0.6,TRUE
2129,Engineering professionals n.e.c.,Proportion of men (%),65 years and over,3.9,TRUE
2129,Engineering professionals n.e.c.,Proportion of men (%),60 to 64 years,6.4,TRUE
2129,Engineering professionals n.e.c.,Proportion of men (%),55 to 59 years,9.6,TRUE
2129,Engineering professionals n.e.c.,Proportion of men (%),50 to 54 years,10.5,TRUE
2129,Engineering professionals n.e.c.,Proportion of men (%),45 to 49 years,10.6,TRUE
2129,Engineering professionals n.e.c.,Proportion of men (%),40 to 44 years,11,TRUE
2129,Engineering professionals n.e.c.,Proportion of men (%),35 to 39 years,12.6,TRUE
2129,Engineering professionals n.e.c.,Proportion of men (%),30 to 34 years,14.1,TRUE
2129,Engineering professionals n.e.c.,Proportion of men (%),25 to 29 years,14.1,TRUE
2129,Engineering professionals n.e.c.,Proportion of men (%),20 to 24 years,6.4,TRUE
2129,Engineering professionals n.e.c.,Proportion of men (%),16 to 19 years,0.7,TRUE
2131,IT project managers,Proportion of women (%),65 years and over,0.5,TRUE
2131,IT project managers,Proportion of women (%),60 to 64 years,2.5,TRUE
2131,IT project managers,Proportion of women (%),55 to 59 years,6.9,TRUE
2131,IT project managers,Proportion of women (%),50 to 54 years,11.1,TRUE
2131,IT project managers,Proportion of women (%),45 to 49 years,14.7,TRUE
2131,IT project managers,Proportion of women (%),40 to 44 years,15.8,TRUE
2131,IT project managers,Proportion of women (%),35 to 39 years,16.8,TRUE
2131,IT project managers,Proportion of women (%),30 to 34 years,16,TRUE
2131,IT project managers,Proportion of women (%),25 to 29 years,12.5,TRUE
2131,IT project managers,Proportion of women (%),20 to 24 years,3.2,TRUE
2131,IT project managers,Proportion of women (%),16 to 19 years,0.1,TRUE
2131,IT project managers,Proportion of men (%),65 years and over,1.4,TRUE
2131,IT project managers,Proportion of men (%),60 to 64 years,5.8,TRUE
2131,IT project managers,Proportion of men (%),55 to 59 years,11.7,TRUE
2131,IT project managers,Proportion of men (%),50 to 54 years,14.4,TRUE
2131,IT project managers,Proportion of men (%),45 to 49 years,15.4,TRUE
2131,IT project managers,Proportion of men (%),40 to 44 years,15.6,TRUE
2131,IT project managers,Proportion of men (%),35 to 39 years,15,TRUE
2131,IT project managers,Proportion of men (%),30 to 34 years,11.3,TRUE
2131,IT project managers,Proportion of men (%),25 to 29 years,7.8,TRUE
2131,IT project managers,Proportion of men (%),20 to 24 years,1.8,TRUE
2131,IT project managers,Proportion of men (%),16 to 19 years,0.1,TRUE
2132,IT managers,Proportion of women (%),65 years and over,0.9,TRUE
2132,IT managers,Proportion of women (%),60 to 64 years,3.4,TRUE
2132,IT managers,Proportion of women (%),55 to 59 years,9,TRUE
2132,IT managers,Proportion of women (%),50 to 54 years,13.5,TRUE
2132,IT managers,Proportion of women (%),45 to 49 years,15.2,TRUE
2132,IT managers,Proportion of women (%),40 to 44 years,15.9,TRUE
2132,IT managers,Proportion of women (%),35 to 39 years,16,TRUE
2132,IT managers,Proportion of women (%),30 to 34 years,14.6,TRUE
2132,IT managers,Proportion of women (%),25 to 29 years,9.3,TRUE
2132,IT managers,Proportion of women (%),20 to 24 years,2.2,TRUE
2132,IT managers,Proportion of women (%),16 to 19 years,0.1,TRUE
2132,IT managers,Proportion of men (%),65 years and over,1.3,TRUE
2132,IT managers,Proportion of men (%),60 to 64 years,4.3,TRUE
2132,IT managers,Proportion of men (%),55 to 59 years,9.6,TRUE
2132,IT managers,Proportion of men (%),50 to 54 years,15.3,TRUE
2132,IT managers,Proportion of men (%),45 to 49 years,17.4,TRUE
2132,IT managers,Proportion of men (%),40 to 44 years,17.7,TRUE
2132,IT managers,Proportion of men (%),35 to 39 years,15.8,TRUE
2132,IT managers,Proportion of men (%),30 to 34 years,10.8,TRUE
2132,IT managers,Proportion of men (%),25 to 29 years,6.1,TRUE
2132,IT managers,Proportion of men (%),20 to 24 years,1.6,TRUE
2132,IT managers,Proportion of men (%),16 to 19 years,0.2,TRUE
2133,"IT business analysts, architects and systems designers",Proportion of women (%),65 years and over,0.7,TRUE
2133,"IT business analysts, architects and systems designers",Proportion of women (%),60 to 64 years,2.9,TRUE
2133,"IT business analysts, architects and systems designers",Proportion of women (%),55 to 59 years,7.4,TRUE
2133,"IT business analysts, architects and systems designers",Proportion of women (%),50 to 54 years,10.5,TRUE
2133,"IT business analysts, architects and systems designers",Proportion of women (%),45 to 49 years,12.2,TRUE
2133,"IT business analysts, architects and systems designers",Proportion of women (%),40 to 44 years,15,TRUE
2133,"IT business analysts, architects and systems designers",Proportion of women (%),35 to 39 years,16.9,TRUE
2133,"IT business analysts, architects and systems designers",Proportion of women (%),30 to 34 years,15.7,TRUE
2133,"IT business analysts, architects and systems designers",Proportion of women (%),25 to 29 years,13.3,TRUE
2133,"IT business analysts, architects and systems designers",Proportion of women (%),20 to 24 years,5.1,TRUE
2133,"IT business analysts, architects and systems designers",Proportion of women (%),16 to 19 years,0.2,TRUE
2133,"IT business analysts, architects and systems designers",Proportion of men (%),65 years and over,1.2,TRUE
2133,"IT business analysts, architects and systems designers",Proportion of men (%),60 to 64 years,4,TRUE
2133,"IT business analysts, architects and systems designers",Proportion of men (%),55 to 59 years,8.4,TRUE
2133,"IT business analysts, architects and systems designers",Proportion of men (%),50 to 54 years,12.8,TRUE
2133,"IT business analysts, architects and systems designers",Proportion of men (%),45 to 49 years,15.1,TRUE
2133,"IT business analysts, architects and systems designers",Proportion of men (%),40 to 44 years,16.5,TRUE
2133,"IT business analysts, architects and systems designers",Proportion of men (%),35 to 39 years,16.5,TRUE
2133,"IT business analysts, architects and systems designers",Proportion of men (%),30 to 34 years,12.2,TRUE
2133,"IT business analysts, architects and systems designers",Proportion of men (%),25 to 29 years,9.4,TRUE
2133,"IT business analysts, architects and systems designers",Proportion of men (%),20 to 24 years,3.6,TRUE
2133,"IT business analysts, architects and systems designers",Proportion of men (%),16 to 19 years,0.3,TRUE
2134,Programmers and software development professionals ,Proportion of women (%),65 years and over,0.7,TRUE
2134,Programmers and software development professionals ,Proportion of women (%),60 to 64 years,2,TRUE
2134,Programmers and software development professionals ,Proportion of women (%),55 to 59 years,4.5,TRUE
2134,Programmers and software development professionals ,Proportion of women (%),50 to 54 years,6,TRUE
2134,Programmers and software development professionals ,Proportion of women (%),45 to 49 years,7.6,TRUE
2134,Programmers and software development professionals ,Proportion of women (%),40 to 44 years,10.7,TRUE
2134,Programmers and software development professionals ,Proportion of women (%),35 to 39 years,16.6,TRUE
2134,Programmers and software development professionals ,Proportion of women (%),30 to 34 years,20.5,TRUE
2134,Programmers and software development professionals ,Proportion of women (%),25 to 29 years,20.4,TRUE
2134,Programmers and software development professionals ,Proportion of women (%),20 to 24 years,10.4,TRUE
2134,Programmers and software development professionals ,Proportion of women (%),16 to 19 years,0.5,TRUE
2134,Programmers and software development professionals ,Proportion of men (%),65 years and over,1,TRUE
2134,Programmers and software development professionals ,Proportion of men (%),60 to 64 years,2.7,TRUE
2134,Programmers and software development professionals ,Proportion of men (%),55 to 59 years,5.4,TRUE
2134,Programmers and software development professionals ,Proportion of men (%),50 to 54 years,8.3,TRUE
2134,Programmers and software development professionals ,Proportion of men (%),45 to 49 years,10.4,TRUE
2134,Programmers and software development professionals ,Proportion of men (%),40 to 44 years,12.6,TRUE
2134,Programmers and software development professionals ,Proportion of men (%),35 to 39 years,15.5,TRUE
2134,Programmers and software development professionals ,Proportion of men (%),30 to 34 years,17.3,TRUE
2134,Programmers and software development professionals ,Proportion of men (%),25 to 29 years,17.4,TRUE
2134,Programmers and software development professionals ,Proportion of men (%),20 to 24 years,8.8,TRUE
2134,Programmers and software development professionals ,Proportion of men (%),16 to 19 years,0.6,TRUE
2135,Cyber security professionals,Proportion of women (%),65 years and over,0.7,TRUE
2135,Cyber security professionals,Proportion of women (%),60 to 64 years,2.1,TRUE
2135,Cyber security professionals,Proportion of women (%),55 to 59 years,5.9,TRUE
2135,Cyber security professionals,Proportion of women (%),50 to 54 years,8.8,TRUE
2135,Cyber security professionals,Proportion of women (%),45 to 49 years,11.2,TRUE
2135,Cyber security professionals,Proportion of women (%),40 to 44 years,12.9,TRUE
2135,Cyber security professionals,Proportion of women (%),35 to 39 years,13.9,TRUE
2135,Cyber security professionals,Proportion of women (%),30 to 34 years,15.7,TRUE
2135,Cyber security professionals,Proportion of women (%),25 to 29 years,18.4,TRUE
2135,Cyber security professionals,Proportion of women (%),20 to 24 years,9.4,TRUE
2135,Cyber security professionals,Proportion of women (%),16 to 19 years,1,TRUE
2135,Cyber security professionals,Proportion of men (%),65 years and over,0.8,TRUE
2135,Cyber security professionals,Proportion of men (%),60 to 64 years,3.1,TRUE
2135,Cyber security professionals,Proportion of men (%),55 to 59 years,7.6,TRUE
2135,Cyber security professionals,Proportion of men (%),50 to 54 years,11.6,TRUE
2135,Cyber security professionals,Proportion of men (%),45 to 49 years,14.2,TRUE
2135,Cyber security professionals,Proportion of men (%),40 to 44 years,15.2,TRUE
2135,Cyber security professionals,Proportion of men (%),35 to 39 years,13.9,TRUE
2135,Cyber security professionals,Proportion of men (%),30 to 34 years,12.4,TRUE
2135,Cyber security professionals,Proportion of men (%),25 to 29 years,13,TRUE
2135,Cyber security professionals,Proportion of men (%),20 to 24 years,7.4,TRUE
2135,Cyber security professionals,Proportion of men (%),16 to 19 years,0.8,TRUE
2136,IT quality and testing professionals,Proportion of women (%),65 years and over,0.4,TRUE
2136,IT quality and testing professionals,Proportion of women (%),60 to 64 years,2.1,TRUE
2136,IT quality and testing professionals,Proportion of women (%),55 to 59 years,4.8,TRUE
2136,IT quality and testing professionals,Proportion of women (%),50 to 54 years,6.4,TRUE
2136,IT quality and testing professionals,Proportion of women (%),45 to 49 years,8.8,TRUE
2136,IT quality and testing professionals,Proportion of women (%),40 to 44 years,15.1,TRUE
2136,IT quality and testing professionals,Proportion of women (%),35 to 39 years,21.6,TRUE
2136,IT quality and testing professionals,Proportion of women (%),30 to 34 years,22.5,TRUE
2136,IT quality and testing professionals,Proportion of women (%),25 to 29 years,13.6,TRUE
2136,IT quality and testing professionals,Proportion of women (%),20 to 24 years,4.2,TRUE
2136,IT quality and testing professionals,Proportion of women (%),16 to 19 years,0.4,TRUE
2136,IT quality and testing professionals,Proportion of men (%),65 years and over,1,TRUE
2136,IT quality and testing professionals,Proportion of men (%),60 to 64 years,3.1,TRUE
2136,IT quality and testing professionals,Proportion of men (%),55 to 59 years,5.3,TRUE
2136,IT quality and testing professionals,Proportion of men (%),50 to 54 years,7.5,TRUE
2136,IT quality and testing professionals,Proportion of men (%),45 to 49 years,11.2,TRUE
2136,IT quality and testing professionals,Proportion of men (%),40 to 44 years,14,TRUE
2136,IT quality and testing professionals,Proportion of men (%),35 to 39 years,18.2,TRUE
2136,IT quality and testing professionals,Proportion of men (%),30 to 34 years,18.2,TRUE
2136,IT quality and testing professionals,Proportion of men (%),25 to 29 years,14.5,TRUE
2136,IT quality and testing professionals,Proportion of men (%),20 to 24 years,6.4,TRUE
2136,IT quality and testing professionals,Proportion of men (%),16 to 19 years,0.6,TRUE
2137,IT network professionals,Proportion of women (%),65 years and over,null,FALSE
2137,IT network professionals,Proportion of women (%),60 to 64 years,1.7,FALSE
2137,IT network professionals,Proportion of women (%),55 to 59 years,6,FALSE
2137,IT network professionals,Proportion of women (%),50 to 54 years,10.2,FALSE
2137,IT network professionals,Proportion of women (%),45 to 49 years,8.7,FALSE
2137,IT network professionals,Proportion of women (%),40 to 44 years,12.6,FALSE
2137,IT network professionals,Proportion of women (%),35 to 39 years,18,FALSE
2137,IT network professionals,Proportion of women (%),30 to 34 years,15.9,FALSE
2137,IT network professionals,Proportion of women (%),25 to 29 years,16.9,FALSE
2137,IT network professionals,Proportion of women (%),20 to 24 years,9,FALSE
2137,IT network professionals,Proportion of women (%),16 to 19 years,null,FALSE
2137,IT network professionals,Proportion of men (%),65 years and over,0.9,FALSE
2137,IT network professionals,Proportion of men (%),60 to 64 years,3.5,FALSE
2137,IT network professionals,Proportion of men (%),55 to 59 years,8.1,FALSE
2137,IT network professionals,Proportion of men (%),50 to 54 years,11.3,FALSE
2137,IT network professionals,Proportion of men (%),45 to 49 years,13.1,FALSE
2137,IT network professionals,Proportion of men (%),40 to 44 years,15.1,FALSE
2137,IT network professionals,Proportion of men (%),35 to 39 years,15.3,FALSE
2137,IT network professionals,Proportion of men (%),30 to 34 years,13.8,FALSE
2137,IT network professionals,Proportion of men (%),25 to 29 years,11.2,FALSE
2137,IT network professionals,Proportion of men (%),20 to 24 years,6.7,FALSE
2137,IT network professionals,Proportion of men (%),16 to 19 years,0.9,FALSE
2139,Information technology professionals n.e.c.,Proportion of women (%),65 years and over,1.7,TRUE
2139,Information technology professionals n.e.c.,Proportion of women (%),60 to 64 years,3.5,TRUE
2139,Information technology professionals n.e.c.,Proportion of women (%),55 to 59 years,7.2,TRUE
2139,Information technology professionals n.e.c.,Proportion of women (%),50 to 54 years,9.4,TRUE
2139,Information technology professionals n.e.c.,Proportion of women (%),45 to 49 years,11.9,TRUE
2139,Information technology professionals n.e.c.,Proportion of women (%),40 to 44 years,14.2,TRUE
2139,Information technology professionals n.e.c.,Proportion of women (%),35 to 39 years,15.1,TRUE
2139,Information technology professionals n.e.c.,Proportion of women (%),30 to 34 years,14.9,TRUE
2139,Information technology professionals n.e.c.,Proportion of women (%),25 to 29 years,14.7,TRUE
2139,Information technology professionals n.e.c.,Proportion of women (%),20 to 24 years,7.1,TRUE
2139,Information technology professionals n.e.c.,Proportion of women (%),16 to 19 years,0.3,TRUE
2139,Information technology professionals n.e.c.,Proportion of men (%),65 years and over,3.8,TRUE
2139,Information technology professionals n.e.c.,Proportion of men (%),60 to 64 years,6.1,TRUE
2139,Information technology professionals n.e.c.,Proportion of men (%),55 to 59 years,10.5,TRUE
2139,Information technology professionals n.e.c.,Proportion of men (%),50 to 54 years,14.3,TRUE
2139,Information technology professionals n.e.c.,Proportion of men (%),45 to 49 years,15.6,TRUE
2139,Information technology professionals n.e.c.,Proportion of men (%),40 to 44 years,15.3,TRUE
2139,Information technology professionals n.e.c.,Proportion of men (%),35 to 39 years,12.7,TRUE
2139,Information technology professionals n.e.c.,Proportion of men (%),30 to 34 years,9.7,TRUE
2139,Information technology professionals n.e.c.,Proportion of men (%),25 to 29 years,8.1,TRUE
2139,Information technology professionals n.e.c.,Proportion of men (%),20 to 24 years,3.7,TRUE
2139,Information technology professionals n.e.c.,Proportion of men (%),16 to 19 years,0.3,TRUE
2141,Web design professionals,Proportion of women (%),65 years and over,0.7,TRUE
2141,Web design professionals,Proportion of women (%),60 to 64 years,1.6,TRUE
2141,Web design professionals,Proportion of women (%),55 to 59 years,3,TRUE
2141,Web design professionals,Proportion of women (%),50 to 54 years,5.1,TRUE
2141,Web design professionals,Proportion of women (%),45 to 49 years,7.9,TRUE
2141,Web design professionals,Proportion of women (%),40 to 44 years,9.9,TRUE
2141,Web design professionals,Proportion of women (%),35 to 39 years,16.3,TRUE
2141,Web design professionals,Proportion of women (%),30 to 34 years,22.8,TRUE
2141,Web design professionals,Proportion of women (%),25 to 29 years,23.4,TRUE
2141,Web design professionals,Proportion of women (%),20 to 24 years,8.7,TRUE
2141,Web design professionals,Proportion of women (%),16 to 19 years,0.5,TRUE
2141,Web design professionals,Proportion of men (%),65 years and over,1.7,TRUE
2141,Web design professionals,Proportion of men (%),60 to 64 years,2.2,TRUE
2141,Web design professionals,Proportion of men (%),55 to 59 years,4.1,TRUE
2141,Web design professionals,Proportion of men (%),50 to 54 years,6.4,TRUE
2141,Web design professionals,Proportion of men (%),45 to 49 years,11.2,TRUE
2141,Web design professionals,Proportion of men (%),40 to 44 years,13.9,TRUE
2141,Web design professionals,Proportion of men (%),35 to 39 years,17.8,TRUE
2141,Web design professionals,Proportion of men (%),30 to 34 years,18.7,TRUE
2141,Web design professionals,Proportion of men (%),25 to 29 years,15.7,TRUE
2141,Web design professionals,Proportion of men (%),20 to 24 years,7.3,TRUE
2141,Web design professionals,Proportion of men (%),16 to 19 years,1.1,TRUE
2142,Graphic and multimedia designers,Proportion of women (%),65 years and over,1,TRUE
2142,Graphic and multimedia designers,Proportion of women (%),60 to 64 years,1.8,TRUE
2142,Graphic and multimedia designers,Proportion of women (%),55 to 59 years,4.1,TRUE
2142,Graphic and multimedia designers,Proportion of women (%),50 to 54 years,6.3,TRUE
2142,Graphic and multimedia designers,Proportion of women (%),45 to 49 years,8.4,TRUE
2142,Graphic and multimedia designers,Proportion of women (%),40 to 44 years,10.5,TRUE
2142,Graphic and multimedia designers,Proportion of women (%),35 to 39 years,13.4,TRUE
2142,Graphic and multimedia designers,Proportion of women (%),30 to 34 years,17.6,TRUE
2142,Graphic and multimedia designers,Proportion of women (%),25 to 29 years,24.3,TRUE
2142,Graphic and multimedia designers,Proportion of women (%),20 to 24 years,12,TRUE
2142,Graphic and multimedia designers,Proportion of women (%),16 to 19 years,0.6,TRUE
2142,Graphic and multimedia designers,Proportion of men (%),65 years and over,2.3,TRUE
2142,Graphic and multimedia designers,Proportion of men (%),60 to 64 years,3.4,TRUE
2142,Graphic and multimedia designers,Proportion of men (%),55 to 59 years,5.6,TRUE
2142,Graphic and multimedia designers,Proportion of men (%),50 to 54 years,8.5,TRUE
2142,Graphic and multimedia designers,Proportion of men (%),45 to 49 years,11.9,TRUE
2142,Graphic and multimedia designers,Proportion of men (%),40 to 44 years,12.7,TRUE
2142,Graphic and multimedia designers,Proportion of men (%),35 to 39 years,13.9,TRUE
2142,Graphic and multimedia designers,Proportion of men (%),30 to 34 years,16.1,TRUE
2142,Graphic and multimedia designers,Proportion of men (%),25 to 29 years,16.6,TRUE
2142,Graphic and multimedia designers,Proportion of men (%),20 to 24 years,8.1,TRUE
2142,Graphic and multimedia designers,Proportion of men (%),16 to 19 years,0.7,TRUE
2151,Conservation professionals,Proportion of women (%),65 years and over,2.2,FALSE
2151,Conservation professionals,Proportion of women (%),60 to 64 years,4.1,FALSE
2151,Conservation professionals,Proportion of women (%),55 to 59 years,7.2,FALSE
2151,Conservation professionals,Proportion of women (%),50 to 54 years,8.5,FALSE
2151,Conservation professionals,Proportion of women (%),45 to 49 years,10.5,FALSE
2151,Conservation professionals,Proportion of women (%),40 to 44 years,13.9,FALSE
2151,Conservation professionals,Proportion of women (%),35 to 39 years,15.1,FALSE
2151,Conservation professionals,Proportion of women (%),30 to 34 years,15.4,FALSE
2151,Conservation professionals,Proportion of women (%),25 to 29 years,17.4,FALSE
2151,Conservation professionals,Proportion of women (%),20 to 24 years,5.6,FALSE
2151,Conservation professionals,Proportion of women (%),16 to 19 years,null,FALSE
2151,Conservation professionals,Proportion of men (%),65 years and over,5.6,FALSE
2151,Conservation professionals,Proportion of men (%),60 to 64 years,9.2,FALSE
2151,Conservation professionals,Proportion of men (%),55 to 59 years,12.6,FALSE
2151,Conservation professionals,Proportion of men (%),50 to 54 years,12.5,FALSE
2151,Conservation professionals,Proportion of men (%),45 to 49 years,11.3,FALSE
2151,Conservation professionals,Proportion of men (%),40 to 44 years,10.8,FALSE
2151,Conservation professionals,Proportion of men (%),35 to 39 years,10.6,FALSE
2151,Conservation professionals,Proportion of men (%),30 to 34 years,10.9,FALSE
2151,Conservation professionals,Proportion of men (%),25 to 29 years,12.4,FALSE
2151,Conservation professionals,Proportion of men (%),20 to 24 years,4,FALSE
2151,Conservation professionals,Proportion of men (%),16 to 19 years,0.3,FALSE
2152,Environment professionals,Proportion of women (%),65 years and over,0.8,TRUE
2152,Environment professionals,Proportion of women (%),60 to 64 years,2.3,TRUE
2152,Environment professionals,Proportion of women (%),55 to 59 years,5.6,TRUE
2152,Environment professionals,Proportion of women (%),50 to 54 years,8.7,TRUE
2152,Environment professionals,Proportion of women (%),45 to 49 years,12.2,TRUE
2152,Environment professionals,Proportion of women (%),40 to 44 years,14.6,TRUE
2152,Environment professionals,Proportion of women (%),35 to 39 years,15.4,TRUE
2152,Environment professionals,Proportion of women (%),30 to 34 years,14.9,TRUE
2152,Environment professionals,Proportion of women (%),25 to 29 years,17.9,TRUE
2152,Environment professionals,Proportion of women (%),20 to 24 years,7.3,TRUE
2152,Environment professionals,Proportion of women (%),16 to 19 years,0.1,TRUE
2152,Environment professionals,Proportion of men (%),65 years and over,3.5,TRUE
2152,Environment professionals,Proportion of men (%),60 to 64 years,6.5,TRUE
2152,Environment professionals,Proportion of men (%),55 to 59 years,11.6,TRUE
2152,Environment professionals,Proportion of men (%),50 to 54 years,12.6,TRUE
2152,Environment professionals,Proportion of men (%),45 to 49 years,12.3,TRUE
2152,Environment professionals,Proportion of men (%),40 to 44 years,12.5,TRUE
2152,Environment professionals,Proportion of men (%),35 to 39 years,12.1,TRUE
2152,Environment professionals,Proportion of men (%),30 to 34 years,12.5,TRUE
2152,Environment professionals,Proportion of men (%),25 to 29 years,12,TRUE
2152,Environment professionals,Proportion of men (%),20 to 24 years,4.3,TRUE
2152,Environment professionals,Proportion of men (%),16 to 19 years,0.2,TRUE
2161,Research and development (R&D) managers ,Proportion of women (%),65 years and over,0.7,FALSE
2161,Research and development (R&D) managers ,Proportion of women (%),60 to 64 years,2.2,FALSE
2161,Research and development (R&D) managers ,Proportion of women (%),55 to 59 years,6,FALSE
2161,Research and development (R&D) managers ,Proportion of women (%),50 to 54 years,9.4,FALSE
2161,Research and development (R&D) managers ,Proportion of women (%),45 to 49 years,12.9,FALSE
2161,Research and development (R&D) managers ,Proportion of women (%),40 to 44 years,16.2,FALSE
2161,Research and development (R&D) managers ,Proportion of women (%),35 to 39 years,18.8,FALSE
2161,Research and development (R&D) managers ,Proportion of women (%),30 to 34 years,19.9,FALSE
2161,Research and development (R&D) managers ,Proportion of women (%),25 to 29 years,11.7,FALSE
2161,Research and development (R&D) managers ,Proportion of women (%),20 to 24 years,2.1,FALSE
2161,Research and development (R&D) managers ,Proportion of women (%),16 to 19 years,null,FALSE
2161,Research and development (R&D) managers ,Proportion of men (%),65 years and over,2,FALSE
2161,Research and development (R&D) managers ,Proportion of men (%),60 to 64 years,4.5,FALSE
2161,Research and development (R&D) managers ,Proportion of men (%),55 to 59 years,8.5,FALSE
2161,Research and development (R&D) managers ,Proportion of men (%),50 to 54 years,11.5,FALSE
2161,Research and development (R&D) managers ,Proportion of men (%),45 to 49 years,14.1,FALSE
2161,Research and development (R&D) managers ,Proportion of men (%),40 to 44 years,16.4,FALSE
2161,Research and development (R&D) managers ,Proportion of men (%),35 to 39 years,17.3,FALSE
2161,Research and development (R&D) managers ,Proportion of men (%),30 to 34 years,15.6,FALSE
2161,Research and development (R&D) managers ,Proportion of men (%),25 to 29 years,8.3,FALSE
2161,Research and development (R&D) managers ,Proportion of men (%),20 to 24 years,1.6,FALSE
2161,Research and development (R&D) managers ,Proportion of men (%),16 to 19 years,0.1,FALSE
2162,"Other researchers, unspecified discipline",Proportion of women (%),65 years and over,0.9,TRUE
2162,"Other researchers, unspecified discipline",Proportion of women (%),60 to 64 years,1.8,TRUE
2162,"Other researchers, unspecified discipline",Proportion of women (%),55 to 59 years,3.5,TRUE
2162,"Other researchers, unspecified discipline",Proportion of women (%),50 to 54 years,4.6,TRUE
2162,"Other researchers, unspecified discipline",Proportion of women (%),45 to 49 years,6.6,TRUE
2162,"Other researchers, unspecified discipline",Proportion of women (%),40 to 44 years,11.3,TRUE
2162,"Other researchers, unspecified discipline",Proportion of women (%),35 to 39 years,18.7,TRUE
2162,"Other researchers, unspecified discipline",Proportion of women (%),30 to 34 years,27,TRUE
2162,"Other researchers, unspecified discipline",Proportion of women (%),25 to 29 years,19.9,TRUE
2162,"Other researchers, unspecified discipline",Proportion of women (%),20 to 24 years,5.5,TRUE
2162,"Other researchers, unspecified discipline",Proportion of women (%),16 to 19 years,0.1,TRUE
2162,"Other researchers, unspecified discipline",Proportion of men (%),65 years and over,1.6,TRUE
2162,"Other researchers, unspecified discipline",Proportion of men (%),60 to 64 years,1.4,TRUE
2162,"Other researchers, unspecified discipline",Proportion of men (%),55 to 59 years,2.7,TRUE
2162,"Other researchers, unspecified discipline",Proportion of men (%),50 to 54 years,3.2,TRUE
2162,"Other researchers, unspecified discipline",Proportion of men (%),45 to 49 years,5,TRUE
2162,"Other researchers, unspecified discipline",Proportion of men (%),40 to 44 years,9.1,TRUE
2162,"Other researchers, unspecified discipline",Proportion of men (%),35 to 39 years,18.5,TRUE
2162,"Other researchers, unspecified discipline",Proportion of men (%),30 to 34 years,31.4,TRUE
2162,"Other researchers, unspecified discipline",Proportion of men (%),25 to 29 years,22.2,TRUE
2162,"Other researchers, unspecified discipline",Proportion of men (%),20 to 24 years,5,TRUE
2162,"Other researchers, unspecified discipline",Proportion of men (%),16 to 19 years,0.1,TRUE
2211,Generalist medical practitioners,Proportion of women (%),65 years and over,1.4,TRUE
2211,Generalist medical practitioners,Proportion of women (%),60 to 64 years,2.6,TRUE
2211,Generalist medical practitioners,Proportion of women (%),55 to 59 years,5.6,TRUE
2211,Generalist medical practitioners,Proportion of women (%),50 to 54 years,7.5,TRUE
2211,Generalist medical practitioners,Proportion of women (%),45 to 49 years,9.6,TRUE
2211,Generalist medical practitioners,Proportion of women (%),40 to 44 years,12.7,TRUE
2211,Generalist medical practitioners,Proportion of women (%),35 to 39 years,17.4,TRUE
2211,Generalist medical practitioners,Proportion of women (%),30 to 34 years,21.2,TRUE
2211,Generalist medical practitioners,Proportion of women (%),25 to 29 years,19.2,TRUE
2211,Generalist medical practitioners,Proportion of women (%),20 to 24 years,2.6,TRUE
2211,Generalist medical practitioners,Proportion of women (%),16 to 19 years,0,TRUE
2211,Generalist medical practitioners,Proportion of men (%),65 years and over,4.1,TRUE
2211,Generalist medical practitioners,Proportion of men (%),60 to 64 years,5.1,TRUE
2211,Generalist medical practitioners,Proportion of men (%),55 to 59 years,7.7,TRUE
2211,Generalist medical practitioners,Proportion of men (%),50 to 54 years,8.4,TRUE
2211,Generalist medical practitioners,Proportion of men (%),45 to 49 years,10.2,TRUE
2211,Generalist medical practitioners,Proportion of men (%),40 to 44 years,11.8,TRUE
2211,Generalist medical practitioners,Proportion of men (%),35 to 39 years,13.6,TRUE
2211,Generalist medical practitioners,Proportion of men (%),30 to 34 years,18.8,TRUE
2211,Generalist medical practitioners,Proportion of men (%),25 to 29 years,18.1,TRUE
2211,Generalist medical practitioners,Proportion of men (%),20 to 24 years,2.1,TRUE
2211,Generalist medical practitioners,Proportion of men (%),16 to 19 years,0,TRUE
2212,Specialist medical practitioners,Proportion of women (%),65 years and over,2.6,TRUE
2212,Specialist medical practitioners,Proportion of women (%),60 to 64 years,4.8,TRUE
2212,Specialist medical practitioners,Proportion of women (%),55 to 59 years,9.5,TRUE
2212,Specialist medical practitioners,Proportion of women (%),50 to 54 years,13.3,TRUE
2212,Specialist medical practitioners,Proportion of women (%),45 to 49 years,16.3,TRUE
2212,Specialist medical practitioners,Proportion of women (%),40 to 44 years,18.3,TRUE
2212,Specialist medical practitioners,Proportion of women (%),35 to 39 years,16.9,TRUE
2212,Specialist medical practitioners,Proportion of women (%),30 to 34 years,12.8,TRUE
2212,Specialist medical practitioners,Proportion of women (%),25 to 29 years,4.7,TRUE
2212,Specialist medical practitioners,Proportion of women (%),20 to 24 years,0.9,TRUE
2212,Specialist medical practitioners,Proportion of women (%),16 to 19 years,0.1,TRUE
2212,Specialist medical practitioners,Proportion of men (%),65 years and over,7,TRUE
2212,Specialist medical practitioners,Proportion of men (%),60 to 64 years,8.6,TRUE
2212,Specialist medical practitioners,Proportion of men (%),55 to 59 years,12.6,TRUE
2212,Specialist medical practitioners,Proportion of men (%),50 to 54 years,14.6,TRUE
2212,Specialist medical practitioners,Proportion of men (%),45 to 49 years,16.4,TRUE
2212,Specialist medical practitioners,Proportion of men (%),40 to 44 years,15.8,TRUE
2212,Specialist medical practitioners,Proportion of men (%),35 to 39 years,12.3,TRUE
2212,Specialist medical practitioners,Proportion of men (%),30 to 34 years,9.6,TRUE
2212,Specialist medical practitioners,Proportion of men (%),25 to 29 years,2.7,TRUE
2212,Specialist medical practitioners,Proportion of men (%),20 to 24 years,0.3,TRUE
2212,Specialist medical practitioners,Proportion of men (%),16 to 19 years,0,TRUE
2221,Physiotherapists,Proportion of women (%),65 years and over,1.5,FALSE
2221,Physiotherapists,Proportion of women (%),60 to 64 years,3.7,FALSE
2221,Physiotherapists,Proportion of women (%),55 to 59 years,7.1,FALSE
2221,Physiotherapists,Proportion of women (%),50 to 54 years,8.8,FALSE
2221,Physiotherapists,Proportion of women (%),45 to 49 years,9.8,FALSE
2221,Physiotherapists,Proportion of women (%),40 to 44 years,14.2,FALSE
2221,Physiotherapists,Proportion of women (%),35 to 39 years,17.3,FALSE
2221,Physiotherapists,Proportion of women (%),30 to 34 years,16.7,FALSE
2221,Physiotherapists,Proportion of women (%),25 to 29 years,14.7,FALSE
2221,Physiotherapists,Proportion of women (%),20 to 24 years,6.3,FALSE
2221,Physiotherapists,Proportion of women (%),16 to 19 years,null,FALSE
2221,Physiotherapists,Proportion of men (%),65 years and over,1.2,FALSE
2221,Physiotherapists,Proportion of men (%),60 to 64 years,2.7,FALSE
2221,Physiotherapists,Proportion of men (%),55 to 59 years,4.4,FALSE
2221,Physiotherapists,Proportion of men (%),50 to 54 years,6.5,FALSE
2221,Physiotherapists,Proportion of men (%),45 to 49 years,8.9,FALSE
2221,Physiotherapists,Proportion of men (%),40 to 44 years,14.7,FALSE
2221,Physiotherapists,Proportion of men (%),35 to 39 years,15.2,FALSE
2221,Physiotherapists,Proportion of men (%),30 to 34 years,18.3,FALSE
2221,Physiotherapists,Proportion of men (%),25 to 29 years,20.9,FALSE
2221,Physiotherapists,Proportion of men (%),20 to 24 years,7.3,FALSE
2221,Physiotherapists,Proportion of men (%),16 to 19 years,0.1,FALSE
2222,Occupational therapists,Proportion of women (%),65 years and over,1.1,FALSE
2222,Occupational therapists,Proportion of women (%),60 to 64 years,3.9,FALSE
2222,Occupational therapists,Proportion of women (%),55 to 59 years,9.2,FALSE
2222,Occupational therapists,Proportion of women (%),50 to 54 years,11.3,FALSE
2222,Occupational therapists,Proportion of women (%),45 to 49 years,12.9,FALSE
2222,Occupational therapists,Proportion of women (%),40 to 44 years,14.2,FALSE
2222,Occupational therapists,Proportion of women (%),35 to 39 years,14.5,FALSE
2222,Occupational therapists,Proportion of women (%),30 to 34 years,15.3,FALSE
2222,Occupational therapists,Proportion of women (%),25 to 29 years,12.8,FALSE
2222,Occupational therapists,Proportion of women (%),20 to 24 years,4.7,FALSE
2222,Occupational therapists,Proportion of women (%),16 to 19 years,null,FALSE
2222,Occupational therapists,Proportion of men (%),65 years and over,1.9,FALSE
2222,Occupational therapists,Proportion of men (%),60 to 64 years,5.1,FALSE
2222,Occupational therapists,Proportion of men (%),55 to 59 years,11.1,FALSE
2222,Occupational therapists,Proportion of men (%),50 to 54 years,12.5,FALSE
2222,Occupational therapists,Proportion of men (%),45 to 49 years,12.3,FALSE
2222,Occupational therapists,Proportion of men (%),40 to 44 years,13.9,FALSE
2222,Occupational therapists,Proportion of men (%),35 to 39 years,15.1,FALSE
2222,Occupational therapists,Proportion of men (%),30 to 34 years,14.1,FALSE
2222,Occupational therapists,Proportion of men (%),25 to 29 years,10.6,FALSE
2222,Occupational therapists,Proportion of men (%),20 to 24 years,3.5,FALSE
2222,Occupational therapists,Proportion of men (%),16 to 19 years,null,FALSE
2223,Speech and language therapists,Proportion of women (%),65 years and over,1.1,FALSE
2223,Speech and language therapists,Proportion of women (%),60 to 64 years,3.5,FALSE
2223,Speech and language therapists,Proportion of women (%),55 to 59 years,7.4,FALSE
2223,Speech and language therapists,Proportion of women (%),50 to 54 years,9.4,FALSE
2223,Speech and language therapists,Proportion of women (%),45 to 49 years,10.8,FALSE
2223,Speech and language therapists,Proportion of women (%),40 to 44 years,13,FALSE
2223,Speech and language therapists,Proportion of women (%),35 to 39 years,15.4,FALSE
2223,Speech and language therapists,Proportion of women (%),30 to 34 years,18.9,FALSE
2223,Speech and language therapists,Proportion of women (%),25 to 29 years,16,FALSE
2223,Speech and language therapists,Proportion of women (%),20 to 24 years,4.5,FALSE
2223,Speech and language therapists,Proportion of women (%),16 to 19 years,null,FALSE
2223,Speech and language therapists,Proportion of men (%),65 years and over,2.9,FALSE
2223,Speech and language therapists,Proportion of men (%),60 to 64 years,2.7,FALSE
2223,Speech and language therapists,Proportion of men (%),55 to 59 years,7.4,FALSE
2223,Speech and language therapists,Proportion of men (%),50 to 54 years,9.9,FALSE
2223,Speech and language therapists,Proportion of men (%),45 to 49 years,9.9,FALSE
2223,Speech and language therapists,Proportion of men (%),40 to 44 years,10.1,FALSE
2223,Speech and language therapists,Proportion of men (%),35 to 39 years,14.9,FALSE
2223,Speech and language therapists,Proportion of men (%),30 to 34 years,21.9,FALSE
2223,Speech and language therapists,Proportion of men (%),25 to 29 years,16.1,FALSE
2223,Speech and language therapists,Proportion of men (%),20 to 24 years,4.1,FALSE
2223,Speech and language therapists,Proportion of men (%),16 to 19 years,null,FALSE
2224,Psychotherapists and cognitive behaviour therapists,Proportion of women (%),65 years and over,14.6,FALSE
2224,Psychotherapists and cognitive behaviour therapists,Proportion of women (%),60 to 64 years,11.1,FALSE
2224,Psychotherapists and cognitive behaviour therapists,Proportion of women (%),55 to 59 years,14.8,FALSE
2224,Psychotherapists and cognitive behaviour therapists,Proportion of women (%),50 to 54 years,13.9,FALSE
2224,Psychotherapists and cognitive behaviour therapists,Proportion of women (%),45 to 49 years,11.5,FALSE
2224,Psychotherapists and cognitive behaviour therapists,Proportion of women (%),40 to 44 years,10,FALSE
2224,Psychotherapists and cognitive behaviour therapists,Proportion of women (%),35 to 39 years,9.7,FALSE
2224,Psychotherapists and cognitive behaviour therapists,Proportion of women (%),30 to 34 years,8.9,FALSE
2224,Psychotherapists and cognitive behaviour therapists,Proportion of women (%),25 to 29 years,4.7,FALSE
2224,Psychotherapists and cognitive behaviour therapists,Proportion of women (%),20 to 24 years,0.7,FALSE
2224,Psychotherapists and cognitive behaviour therapists,Proportion of women (%),16 to 19 years,null,FALSE
2224,Psychotherapists and cognitive behaviour therapists,Proportion of men (%),65 years and over,18.4,FALSE
2224,Psychotherapists and cognitive behaviour therapists,Proportion of men (%),60 to 64 years,12.4,FALSE
2224,Psychotherapists and cognitive behaviour therapists,Proportion of men (%),55 to 59 years,14.7,FALSE
2224,Psychotherapists and cognitive behaviour therapists,Proportion of men (%),50 to 54 years,14.4,FALSE
2224,Psychotherapists and cognitive behaviour therapists,Proportion of men (%),45 to 49 years,12.5,FALSE
2224,Psychotherapists and cognitive behaviour therapists,Proportion of men (%),40 to 44 years,9.8,FALSE
2224,Psychotherapists and cognitive behaviour therapists,Proportion of men (%),35 to 39 years,8.7,FALSE
2224,Psychotherapists and cognitive behaviour therapists,Proportion of men (%),30 to 34 years,6.2,FALSE
2224,Psychotherapists and cognitive behaviour therapists,Proportion of men (%),25 to 29 years,2.3,FALSE
2224,Psychotherapists and cognitive behaviour therapists,Proportion of men (%),20 to 24 years,0.5,FALSE
2224,Psychotherapists and cognitive behaviour therapists,Proportion of men (%),16 to 19 years,null,FALSE
2225,Clinical psychologists,Proportion of women (%),65 years and over,2.4,FALSE
2225,Clinical psychologists,Proportion of women (%),60 to 64 years,2.3,FALSE
2225,Clinical psychologists,Proportion of women (%),55 to 59 years,4.9,FALSE
2225,Clinical psychologists,Proportion of women (%),50 to 54 years,8,FALSE
2225,Clinical psychologists,Proportion of women (%),45 to 49 years,12.3,FALSE
2225,Clinical psychologists,Proportion of women (%),40 to 44 years,17.1,FALSE
2225,Clinical psychologists,Proportion of women (%),35 to 39 years,19.8,FALSE
2225,Clinical psychologists,Proportion of women (%),30 to 34 years,19.7,FALSE
2225,Clinical psychologists,Proportion of women (%),25 to 29 years,12.1,FALSE
2225,Clinical psychologists,Proportion of women (%),20 to 24 years,1.4,FALSE
2225,Clinical psychologists,Proportion of women (%),16 to 19 years,null,FALSE
2225,Clinical psychologists,Proportion of men (%),65 years and over,6.5,FALSE
2225,Clinical psychologists,Proportion of men (%),60 to 64 years,4.9,FALSE
2225,Clinical psychologists,Proportion of men (%),55 to 59 years,8.2,FALSE
2225,Clinical psychologists,Proportion of men (%),50 to 54 years,11,FALSE
2225,Clinical psychologists,Proportion of men (%),45 to 49 years,12.2,FALSE
2225,Clinical psychologists,Proportion of men (%),40 to 44 years,14,FALSE
2225,Clinical psychologists,Proportion of men (%),35 to 39 years,15,FALSE
2225,Clinical psychologists,Proportion of men (%),30 to 34 years,17.7,FALSE
2225,Clinical psychologists,Proportion of men (%),25 to 29 years,9.6,FALSE
2225,Clinical psychologists,Proportion of men (%),20 to 24 years,0.8,FALSE
2225,Clinical psychologists,Proportion of men (%),16 to 19 years,null,FALSE
2226,Other psychologists,Proportion of women (%),65 years and over,3.6,FALSE
2226,Other psychologists,Proportion of women (%),60 to 64 years,3.9,FALSE
2226,Other psychologists,Proportion of women (%),55 to 59 years,6,FALSE
2226,Other psychologists,Proportion of women (%),50 to 54 years,7.5,FALSE
2226,Other psychologists,Proportion of women (%),45 to 49 years,9.3,FALSE
2226,Other psychologists,Proportion of women (%),40 to 44 years,11.4,FALSE
2226,Other psychologists,Proportion of women (%),35 to 39 years,13,FALSE
2226,Other psychologists,Proportion of women (%),30 to 34 years,13.9,FALSE
2226,Other psychologists,Proportion of women (%),25 to 29 years,21.2,FALSE
2226,Other psychologists,Proportion of women (%),20 to 24 years,10.2,FALSE
2226,Other psychologists,Proportion of women (%),16 to 19 years,null,FALSE
2226,Other psychologists,Proportion of men (%),65 years and over,11.7,FALSE
2226,Other psychologists,Proportion of men (%),60 to 64 years,6,FALSE
2226,Other psychologists,Proportion of men (%),55 to 59 years,8.1,FALSE
2226,Other psychologists,Proportion of men (%),50 to 54 years,9.9,FALSE
2226,Other psychologists,Proportion of men (%),45 to 49 years,9.1,FALSE
2226,Other psychologists,Proportion of men (%),40 to 44 years,10.8,FALSE
2226,Other psychologists,Proportion of men (%),35 to 39 years,10.4,FALSE
2226,Other psychologists,Proportion of men (%),30 to 34 years,11.7,FALSE
2226,Other psychologists,Proportion of men (%),25 to 29 years,16.6,FALSE
2226,Other psychologists,Proportion of men (%),20 to 24 years,5.7,FALSE
2226,Other psychologists,Proportion of men (%),16 to 19 years,null,FALSE
2229,Therapy professionals n.e.c.,Proportion of women (%),65 years and over,3.7,FALSE
2229,Therapy professionals n.e.c.,Proportion of women (%),60 to 64 years,5.7,FALSE
2229,Therapy professionals n.e.c.,Proportion of women (%),55 to 59 years,9.7,FALSE
2229,Therapy professionals n.e.c.,Proportion of women (%),50 to 54 years,11.7,FALSE
2229,Therapy professionals n.e.c.,Proportion of women (%),45 to 49 years,12,FALSE
2229,Therapy professionals n.e.c.,Proportion of women (%),40 to 44 years,12.4,FALSE
2229,Therapy professionals n.e.c.,Proportion of women (%),35 to 39 years,11.7,FALSE
2229,Therapy professionals n.e.c.,Proportion of women (%),30 to 34 years,12.4,FALSE
2229,Therapy professionals n.e.c.,Proportion of women (%),25 to 29 years,14.4,FALSE
2229,Therapy professionals n.e.c.,Proportion of women (%),20 to 24 years,6.2,FALSE
2229,Therapy professionals n.e.c.,Proportion of women (%),16 to 19 years,0.1,FALSE
2229,Therapy professionals n.e.c.,Proportion of men (%),65 years and over,6.8,FALSE
2229,Therapy professionals n.e.c.,Proportion of men (%),60 to 64 years,7.5,FALSE
2229,Therapy professionals n.e.c.,Proportion of men (%),55 to 59 years,11.3,FALSE
2229,Therapy professionals n.e.c.,Proportion of men (%),50 to 54 years,12,FALSE
2229,Therapy professionals n.e.c.,Proportion of men (%),45 to 49 years,10.6,FALSE
2229,Therapy professionals n.e.c.,Proportion of men (%),40 to 44 years,10.7,FALSE
2229,Therapy professionals n.e.c.,Proportion of men (%),35 to 39 years,10.3,FALSE
2229,Therapy professionals n.e.c.,Proportion of men (%),30 to 34 years,11.7,FALSE
2229,Therapy professionals n.e.c.,Proportion of men (%),25 to 29 years,13.1,FALSE
2229,Therapy professionals n.e.c.,Proportion of men (%),20 to 24 years,5.8,FALSE
2229,Therapy professionals n.e.c.,Proportion of men (%),16 to 19 years,null,FALSE
2231,Midwifery nurses,Proportion of women (%),65 years and over,1.8,FALSE
2231,Midwifery nurses,Proportion of women (%),60 to 64 years,5.3,FALSE
2231,Midwifery nurses,Proportion of women (%),55 to 59 years,11.5,FALSE
2231,Midwifery nurses,Proportion of women (%),50 to 54 years,11.6,FALSE
2231,Midwifery nurses,Proportion of women (%),45 to 49 years,10,FALSE
2231,Midwifery nurses,Proportion of women (%),40 to 44 years,11.4,FALSE
2231,Midwifery nurses,Proportion of women (%),35 to 39 years,12.8,FALSE
2231,Midwifery nurses,Proportion of women (%),30 to 34 years,15.4,FALSE
2231,Midwifery nurses,Proportion of women (%),25 to 29 years,13.5,FALSE
2231,Midwifery nurses,Proportion of women (%),20 to 24 years,6.5,FALSE
2231,Midwifery nurses,Proportion of women (%),16 to 19 years,0.1,FALSE
2231,Midwifery nurses,Proportion of men (%),65 years and over,3.9,FALSE
2231,Midwifery nurses,Proportion of men (%),60 to 64 years,3.9,FALSE
2231,Midwifery nurses,Proportion of men (%),55 to 59 years,6.9,FALSE
2231,Midwifery nurses,Proportion of men (%),50 to 54 years,16.2,FALSE
2231,Midwifery nurses,Proportion of men (%),45 to 49 years,11.7,FALSE
2231,Midwifery nurses,Proportion of men (%),40 to 44 years,9.9,FALSE
2231,Midwifery nurses,Proportion of men (%),35 to 39 years,10.8,FALSE
2231,Midwifery nurses,Proportion of men (%),30 to 34 years,11.4,FALSE
2231,Midwifery nurses,Proportion of men (%),25 to 29 years,14.7,FALSE
2231,Midwifery nurses,Proportion of men (%),20 to 24 years,10.5,FALSE
2231,Midwifery nurses,Proportion of men (%),16 to 19 years,null,FALSE
2232,Registered community nurses,Proportion of women (%),65 years and over,3.5,FALSE
2232,Registered community nurses,Proportion of women (%),60 to 64 years,9.6,FALSE
2232,Registered community nurses,Proportion of women (%),55 to 59 years,16.2,FALSE
2232,Registered community nurses,Proportion of women (%),50 to 54 years,15.2,FALSE
2232,Registered community nurses,Proportion of women (%),45 to 49 years,13.1,FALSE
2232,Registered community nurses,Proportion of women (%),40 to 44 years,11.6,FALSE
2232,Registered community nurses,Proportion of women (%),35 to 39 years,11,FALSE
2232,Registered community nurses,Proportion of women (%),30 to 34 years,10.8,FALSE
2232,Registered community nurses,Proportion of women (%),25 to 29 years,7.2,FALSE
2232,Registered community nurses,Proportion of women (%),20 to 24 years,1.8,FALSE
2232,Registered community nurses,Proportion of women (%),16 to 19 years,0,FALSE
2232,Registered community nurses,Proportion of men (%),65 years and over,4.2,FALSE
2232,Registered community nurses,Proportion of men (%),60 to 64 years,8.7,FALSE
2232,Registered community nurses,Proportion of men (%),55 to 59 years,16.1,FALSE
2232,Registered community nurses,Proportion of men (%),50 to 54 years,17,FALSE
2232,Registered community nurses,Proportion of men (%),45 to 49 years,14.7,FALSE
2232,Registered community nurses,Proportion of men (%),40 to 44 years,11.9,FALSE
2232,Registered community nurses,Proportion of men (%),35 to 39 years,10,FALSE
2232,Registered community nurses,Proportion of men (%),30 to 34 years,10.4,FALSE
2232,Registered community nurses,Proportion of men (%),25 to 29 years,5.1,FALSE
2232,Registered community nurses,Proportion of men (%),20 to 24 years,1.6,FALSE
2232,Registered community nurses,Proportion of men (%),16 to 19 years,null,FALSE
2233,Registered specialist nurses,Proportion of women (%),65 years and over,2.2,TRUE
2233,Registered specialist nurses,Proportion of women (%),60 to 64 years,7.5,TRUE
2233,Registered specialist nurses,Proportion of women (%),55 to 59 years,15,TRUE
2233,Registered specialist nurses,Proportion of women (%),50 to 54 years,16.9,TRUE
2233,Registered specialist nurses,Proportion of women (%),45 to 49 years,15.5,TRUE
2233,Registered specialist nurses,Proportion of women (%),40 to 44 years,13,TRUE
2233,Registered specialist nurses,Proportion of women (%),35 to 39 years,11.3,TRUE
2233,Registered specialist nurses,Proportion of women (%),30 to 34 years,11.1,TRUE
2233,Registered specialist nurses,Proportion of women (%),25 to 29 years,6.3,TRUE
2233,Registered specialist nurses,Proportion of women (%),20 to 24 years,1.2,TRUE
2233,Registered specialist nurses,Proportion of women (%),16 to 19 years,0,TRUE
2233,Registered specialist nurses,Proportion of men (%),65 years and over,2.2,TRUE
2233,Registered specialist nurses,Proportion of men (%),60 to 64 years,5.8,TRUE
2233,Registered specialist nurses,Proportion of men (%),55 to 59 years,11.6,TRUE
2233,Registered specialist nurses,Proportion of men (%),50 to 54 years,14.8,TRUE
2233,Registered specialist nurses,Proportion of men (%),45 to 49 years,16.1,TRUE
2233,Registered specialist nurses,Proportion of men (%),40 to 44 years,12.7,TRUE
2233,Registered specialist nurses,Proportion of men (%),35 to 39 years,12.5,TRUE
2233,Registered specialist nurses,Proportion of men (%),30 to 34 years,14,TRUE
2233,Registered specialist nurses,Proportion of men (%),25 to 29 years,7.9,TRUE
2233,Registered specialist nurses,Proportion of men (%),20 to 24 years,2.1,TRUE
2233,Registered specialist nurses,Proportion of men (%),16 to 19 years,0.2,TRUE
2234,Registered nurse practitioners,Proportion of women (%),65 years and over,2.2,FALSE
2234,Registered nurse practitioners,Proportion of women (%),60 to 64 years,6.7,FALSE
2234,Registered nurse practitioners,Proportion of women (%),55 to 59 years,12.5,FALSE
2234,Registered nurse practitioners,Proportion of women (%),50 to 54 years,14.8,FALSE
2234,Registered nurse practitioners,Proportion of women (%),45 to 49 years,14.7,FALSE
2234,Registered nurse practitioners,Proportion of women (%),40 to 44 years,13.4,FALSE
2234,Registered nurse practitioners,Proportion of women (%),35 to 39 years,12,FALSE
2234,Registered nurse practitioners,Proportion of women (%),30 to 34 years,12.5,FALSE
2234,Registered nurse practitioners,Proportion of women (%),25 to 29 years,8.3,FALSE
2234,Registered nurse practitioners,Proportion of women (%),20 to 24 years,2.7,FALSE
2234,Registered nurse practitioners,Proportion of women (%),16 to 19 years,0.1,FALSE
2234,Registered nurse practitioners,Proportion of men (%),65 years and over,2,FALSE
2234,Registered nurse practitioners,Proportion of men (%),60 to 64 years,6.7,FALSE
2234,Registered nurse practitioners,Proportion of men (%),55 to 59 years,12.3,FALSE
2234,Registered nurse practitioners,Proportion of men (%),50 to 54 years,15.3,FALSE
2234,Registered nurse practitioners,Proportion of men (%),45 to 49 years,15.8,FALSE
2234,Registered nurse practitioners,Proportion of men (%),40 to 44 years,13.1,FALSE
2234,Registered nurse practitioners,Proportion of men (%),35 to 39 years,12.1,FALSE
2234,Registered nurse practitioners,Proportion of men (%),30 to 34 years,13.1,FALSE
2234,Registered nurse practitioners,Proportion of men (%),25 to 29 years,7.6,FALSE
2234,Registered nurse practitioners,Proportion of men (%),20 to 24 years,2.1,FALSE
2234,Registered nurse practitioners,Proportion of men (%),16 to 19 years,null,FALSE
2235,Registered mental health nurses,Proportion of women (%),65 years and over,2.3,FALSE
2235,Registered mental health nurses,Proportion of women (%),60 to 64 years,5.8,FALSE
2235,Registered mental health nurses,Proportion of women (%),55 to 59 years,11.4,FALSE
2235,Registered mental health nurses,Proportion of women (%),50 to 54 years,12.6,FALSE
2235,Registered mental health nurses,Proportion of women (%),45 to 49 years,11.9,FALSE
2235,Registered mental health nurses,Proportion of women (%),40 to 44 years,11.6,FALSE
2235,Registered mental health nurses,Proportion of women (%),35 to 39 years,11.5,FALSE
2235,Registered mental health nurses,Proportion of women (%),30 to 34 years,14.2,FALSE
2235,Registered mental health nurses,Proportion of women (%),25 to 29 years,12.2,FALSE
2235,Registered mental health nurses,Proportion of women (%),20 to 24 years,6.4,FALSE
2235,Registered mental health nurses,Proportion of women (%),16 to 19 years,0.1,FALSE
2235,Registered mental health nurses,Proportion of men (%),65 years and over,3.9,FALSE
2235,Registered mental health nurses,Proportion of men (%),60 to 64 years,8.6,FALSE
2235,Registered mental health nurses,Proportion of men (%),55 to 59 years,15,FALSE
2235,Registered mental health nurses,Proportion of men (%),50 to 54 years,18.3,FALSE
2235,Registered mental health nurses,Proportion of men (%),45 to 49 years,15.6,FALSE
2235,Registered mental health nurses,Proportion of men (%),40 to 44 years,12.8,FALSE
2235,Registered mental health nurses,Proportion of men (%),35 to 39 years,10.1,FALSE
2235,Registered mental health nurses,Proportion of men (%),30 to 34 years,8.9,FALSE
2235,Registered mental health nurses,Proportion of men (%),25 to 29 years,5.2,FALSE
2235,Registered mental health nurses,Proportion of men (%),20 to 24 years,1.6,FALSE
2235,Registered mental health nurses,Proportion of men (%),16 to 19 years,null,FALSE
2236,Registered children's nurses,Proportion of women (%),65 years and over,1.3,FALSE
2236,Registered children's nurses,Proportion of women (%),60 to 64 years,4.6,FALSE
2236,Registered children's nurses,Proportion of women (%),55 to 59 years,8.7,FALSE
2236,Registered children's nurses,Proportion of women (%),50 to 54 years,9.7,FALSE
2236,Registered children's nurses,Proportion of women (%),45 to 49 years,10.5,FALSE
2236,Registered children's nurses,Proportion of women (%),40 to 44 years,12.3,FALSE
2236,Registered children's nurses,Proportion of women (%),35 to 39 years,14,FALSE
2236,Registered children's nurses,Proportion of women (%),30 to 34 years,15.8,FALSE
2236,Registered children's nurses,Proportion of women (%),25 to 29 years,15.1,FALSE
2236,Registered children's nurses,Proportion of women (%),20 to 24 years,8.1,FALSE
2236,Registered children's nurses,Proportion of women (%),16 to 19 years,null,FALSE
2236,Registered children's nurses,Proportion of men (%),65 years and over,null,FALSE
2236,Registered children's nurses,Proportion of men (%),60 to 64 years,2.5,FALSE
2236,Registered children's nurses,Proportion of men (%),55 to 59 years,7,FALSE
2236,Registered children's nurses,Proportion of men (%),50 to 54 years,9.7,FALSE
2236,Registered children's nurses,Proportion of men (%),45 to 49 years,12.1,FALSE
2236,Registered children's nurses,Proportion of men (%),40 to 44 years,11.5,FALSE
2236,Registered children's nurses,Proportion of men (%),35 to 39 years,14.6,FALSE
2236,Registered children's nurses,Proportion of men (%),30 to 34 years,19.8,FALSE
2236,Registered children's nurses,Proportion of men (%),25 to 29 years,13.6,FALSE
2236,Registered children's nurses,Proportion of men (%),20 to 24 years,8.2,FALSE
2236,Registered children's nurses,Proportion of men (%),16 to 19 years,null,FALSE
2237,Other registered nursing professionals ,Proportion of women (%),65 years and over,3,TRUE
2237,Other registered nursing professionals ,Proportion of women (%),60 to 64 years,7,TRUE
2237,Other registered nursing professionals ,Proportion of women (%),55 to 59 years,11,TRUE
2237,Other registered nursing professionals ,Proportion of women (%),50 to 54 years,12.1,TRUE
2237,Other registered nursing professionals ,Proportion of women (%),45 to 49 years,12.5,TRUE
2237,Other registered nursing professionals ,Proportion of women (%),40 to 44 years,11.3,TRUE
2237,Other registered nursing professionals ,Proportion of women (%),35 to 39 years,10.9,TRUE
2237,Other registered nursing professionals ,Proportion of women (%),30 to 34 years,14.5,TRUE
2237,Other registered nursing professionals ,Proportion of women (%),25 to 29 years,12.5,TRUE
2237,Other registered nursing professionals ,Proportion of women (%),20 to 24 years,4.9,TRUE
2237,Other registered nursing professionals ,Proportion of women (%),16 to 19 years,0.2,TRUE
2237,Other registered nursing professionals ,Proportion of men (%),65 years and over,2.8,TRUE
2237,Other registered nursing professionals ,Proportion of men (%),60 to 64 years,4.9,TRUE
2237,Other registered nursing professionals ,Proportion of men (%),55 to 59 years,9.1,TRUE
2237,Other registered nursing professionals ,Proportion of men (%),50 to 54 years,12.7,TRUE
2237,Other registered nursing professionals ,Proportion of men (%),45 to 49 years,14.5,TRUE
2237,Other registered nursing professionals ,Proportion of men (%),40 to 44 years,11.3,TRUE
2237,Other registered nursing professionals ,Proportion of men (%),35 to 39 years,11.7,TRUE
2237,Other registered nursing professionals ,Proportion of men (%),30 to 34 years,18.5,TRUE
2237,Other registered nursing professionals ,Proportion of men (%),25 to 29 years,11.3,TRUE
2237,Other registered nursing professionals ,Proportion of men (%),20 to 24 years,2.8,TRUE
2237,Other registered nursing professionals ,Proportion of men (%),16 to 19 years,0.3,TRUE
2240,Veterinarians,Proportion of women (%),65 years and over,0.8,FALSE
2240,Veterinarians,Proportion of women (%),60 to 64 years,2,FALSE
2240,Veterinarians,Proportion of women (%),55 to 59 years,3.9,FALSE
2240,Veterinarians,Proportion of women (%),50 to 54 years,5.3,FALSE
2240,Veterinarians,Proportion of women (%),45 to 49 years,8.3,FALSE
2240,Veterinarians,Proportion of women (%),40 to 44 years,11.8,FALSE
2240,Veterinarians,Proportion of women (%),35 to 39 years,16.1,FALSE
2240,Veterinarians,Proportion of women (%),30 to 34 years,22.7,FALSE
2240,Veterinarians,Proportion of women (%),25 to 29 years,24.5,FALSE
2240,Veterinarians,Proportion of women (%),20 to 24 years,4.4,FALSE
2240,Veterinarians,Proportion of women (%),16 to 19 years,0.1,FALSE
2240,Veterinarians,Proportion of men (%),65 years and over,5.2,FALSE
2240,Veterinarians,Proportion of men (%),60 to 64 years,6.4,FALSE
2240,Veterinarians,Proportion of men (%),55 to 59 years,8.5,FALSE
2240,Veterinarians,Proportion of men (%),50 to 54 years,9.4,FALSE
2240,Veterinarians,Proportion of men (%),45 to 49 years,10.6,FALSE
2240,Veterinarians,Proportion of men (%),40 to 44 years,12,FALSE
2240,Veterinarians,Proportion of men (%),35 to 39 years,13.2,FALSE
2240,Veterinarians,Proportion of men (%),30 to 34 years,16.4,FALSE
2240,Veterinarians,Proportion of men (%),25 to 29 years,15.7,FALSE
2240,Veterinarians,Proportion of men (%),20 to 24 years,2.6,FALSE
2240,Veterinarians,Proportion of men (%),16 to 19 years,null,FALSE
2251,Pharmacists,Proportion of women (%),65 years and over,1.6,TRUE
2251,Pharmacists,Proportion of women (%),60 to 64 years,3.5,TRUE
2251,Pharmacists,Proportion of women (%),55 to 59 years,6.8,TRUE
2251,Pharmacists,Proportion of women (%),50 to 54 years,8.2,TRUE
2251,Pharmacists,Proportion of women (%),45 to 49 years,9.3,TRUE
2251,Pharmacists,Proportion of women (%),40 to 44 years,11.3,TRUE
2251,Pharmacists,Proportion of women (%),35 to 39 years,14.1,TRUE
2251,Pharmacists,Proportion of women (%),30 to 34 years,16.9,TRUE
2251,Pharmacists,Proportion of women (%),25 to 29 years,20,TRUE
2251,Pharmacists,Proportion of women (%),20 to 24 years,8,TRUE
2251,Pharmacists,Proportion of women (%),16 to 19 years,0.3,TRUE
2251,Pharmacists,Proportion of men (%),65 years and over,4,TRUE
2251,Pharmacists,Proportion of men (%),60 to 64 years,5.6,TRUE
2251,Pharmacists,Proportion of men (%),55 to 59 years,6.6,TRUE
2251,Pharmacists,Proportion of men (%),50 to 54 years,7.5,TRUE
2251,Pharmacists,Proportion of men (%),45 to 49 years,8.9,TRUE
2251,Pharmacists,Proportion of men (%),40 to 44 years,11.8,TRUE
2251,Pharmacists,Proportion of men (%),35 to 39 years,13.6,TRUE
2251,Pharmacists,Proportion of men (%),30 to 34 years,17.4,TRUE
2251,Pharmacists,Proportion of men (%),25 to 29 years,18.3,TRUE
2251,Pharmacists,Proportion of men (%),20 to 24 years,6.2,TRUE
2251,Pharmacists,Proportion of men (%),16 to 19 years,0.2,TRUE
2252,Optometrists,Proportion of women (%),65 years and over,1.5,TRUE
2252,Optometrists,Proportion of women (%),60 to 64 years,3.2,TRUE
2252,Optometrists,Proportion of women (%),55 to 59 years,5.4,TRUE
2252,Optometrists,Proportion of women (%),50 to 54 years,7.3,TRUE
2252,Optometrists,Proportion of women (%),45 to 49 years,7.4,TRUE
2252,Optometrists,Proportion of women (%),40 to 44 years,12.4,TRUE
2252,Optometrists,Proportion of women (%),35 to 39 years,15.3,TRUE
2252,Optometrists,Proportion of women (%),30 to 34 years,16.1,TRUE
2252,Optometrists,Proportion of women (%),25 to 29 years,19.9,TRUE
2252,Optometrists,Proportion of women (%),20 to 24 years,11.4,TRUE
2252,Optometrists,Proportion of women (%),16 to 19 years,0.2,TRUE
2252,Optometrists,Proportion of men (%),65 years and over,6.6,TRUE
2252,Optometrists,Proportion of men (%),60 to 64 years,7.5,TRUE
2252,Optometrists,Proportion of men (%),55 to 59 years,9,TRUE
2252,Optometrists,Proportion of men (%),50 to 54 years,9.2,TRUE
2252,Optometrists,Proportion of men (%),45 to 49 years,9.2,TRUE
2252,Optometrists,Proportion of men (%),40 to 44 years,12.4,TRUE
2252,Optometrists,Proportion of men (%),35 to 39 years,12.1,TRUE
2252,Optometrists,Proportion of men (%),30 to 34 years,13,TRUE
2252,Optometrists,Proportion of men (%),25 to 29 years,13,TRUE
2252,Optometrists,Proportion of men (%),20 to 24 years,8,TRUE
2252,Optometrists,Proportion of men (%),16 to 19 years,0.2,TRUE
2253,Dental practitioners,Proportion of women (%),65 years and over,1.2,FALSE
2253,Dental practitioners,Proportion of women (%),60 to 64 years,2.6,FALSE
2253,Dental practitioners,Proportion of women (%),55 to 59 years,5.9,FALSE
2253,Dental practitioners,Proportion of women (%),50 to 54 years,8.7,FALSE
2253,Dental practitioners,Proportion of women (%),45 to 49 years,11.6,FALSE
2253,Dental practitioners,Proportion of women (%),40 to 44 years,15.1,FALSE
2253,Dental practitioners,Proportion of women (%),35 to 39 years,16,FALSE
2253,Dental practitioners,Proportion of women (%),30 to 34 years,18.7,FALSE
2253,Dental practitioners,Proportion of women (%),25 to 29 years,16.3,FALSE
2253,Dental practitioners,Proportion of women (%),20 to 24 years,3.7,FALSE
2253,Dental practitioners,Proportion of women (%),16 to 19 years,0.2,FALSE
2253,Dental practitioners,Proportion of men (%),65 years and over,5,FALSE
2253,Dental practitioners,Proportion of men (%),60 to 64 years,7.5,FALSE
2253,Dental practitioners,Proportion of men (%),55 to 59 years,10.9,FALSE
2253,Dental practitioners,Proportion of men (%),50 to 54 years,10.9,FALSE
2253,Dental practitioners,Proportion of men (%),45 to 49 years,12,FALSE
2253,Dental practitioners,Proportion of men (%),40 to 44 years,13.1,FALSE
2253,Dental practitioners,Proportion of men (%),35 to 39 years,12.7,FALSE
2253,Dental practitioners,Proportion of men (%),30 to 34 years,14.1,FALSE
2253,Dental practitioners,Proportion of men (%),25 to 29 years,11.6,FALSE
2253,Dental practitioners,Proportion of men (%),20 to 24 years,2.2,FALSE
2253,Dental practitioners,Proportion of men (%),16 to 19 years,null,FALSE
2254,Medical radiographers,Proportion of women (%),65 years and over,2.5,TRUE
2254,Medical radiographers,Proportion of women (%),60 to 64 years,5,TRUE
2254,Medical radiographers,Proportion of women (%),55 to 59 years,9.3,TRUE
2254,Medical radiographers,Proportion of women (%),50 to 54 years,8.8,TRUE
2254,Medical radiographers,Proportion of women (%),45 to 49 years,9.3,TRUE
2254,Medical radiographers,Proportion of women (%),40 to 44 years,11.7,TRUE
2254,Medical radiographers,Proportion of women (%),35 to 39 years,13.9,TRUE
2254,Medical radiographers,Proportion of women (%),30 to 34 years,15.7,TRUE
2254,Medical radiographers,Proportion of women (%),25 to 29 years,15.7,TRUE
2254,Medical radiographers,Proportion of women (%),20 to 24 years,8.1,TRUE
2254,Medical radiographers,Proportion of women (%),16 to 19 years,0.1,TRUE
2254,Medical radiographers,Proportion of men (%),65 years and over,1.6,TRUE
2254,Medical radiographers,Proportion of men (%),60 to 64 years,4.5,TRUE
2254,Medical radiographers,Proportion of men (%),55 to 59 years,7.4,TRUE
2254,Medical radiographers,Proportion of men (%),50 to 54 years,8.8,TRUE
2254,Medical radiographers,Proportion of men (%),45 to 49 years,9.7,TRUE
2254,Medical radiographers,Proportion of men (%),40 to 44 years,11.2,TRUE
2254,Medical radiographers,Proportion of men (%),35 to 39 years,13.7,TRUE
2254,Medical radiographers,Proportion of men (%),30 to 34 years,19,TRUE
2254,Medical radiographers,Proportion of men (%),25 to 29 years,17.2,TRUE
2254,Medical radiographers,Proportion of men (%),20 to 24 years,6.6,TRUE
2254,Medical radiographers,Proportion of men (%),16 to 19 years,0.2,TRUE
2255,Paramedics,Proportion of women (%),65 years and over,0.2,TRUE
2255,Paramedics,Proportion of women (%),60 to 64 years,0.9,TRUE
2255,Paramedics,Proportion of women (%),55 to 59 years,3.6,TRUE
2255,Paramedics,Proportion of women (%),50 to 54 years,7.9,TRUE
2255,Paramedics,Proportion of women (%),45 to 49 years,11,TRUE
2255,Paramedics,Proportion of women (%),40 to 44 years,13.1,TRUE
2255,Paramedics,Proportion of women (%),35 to 39 years,11.9,TRUE
2255,Paramedics,Proportion of women (%),30 to 34 years,17.1,TRUE
2255,Paramedics,Proportion of women (%),25 to 29 years,19.9,TRUE
2255,Paramedics,Proportion of women (%),20 to 24 years,14.1,TRUE
2255,Paramedics,Proportion of women (%),16 to 19 years,0.2,TRUE
2255,Paramedics,Proportion of men (%),65 years and over,1.3,TRUE
2255,Paramedics,Proportion of men (%),60 to 64 years,4.5,TRUE
2255,Paramedics,Proportion of men (%),55 to 59 years,10.3,TRUE
2255,Paramedics,Proportion of men (%),50 to 54 years,12.5,TRUE
2255,Paramedics,Proportion of men (%),45 to 49 years,14,TRUE
2255,Paramedics,Proportion of men (%),40 to 44 years,12.1,TRUE
2255,Paramedics,Proportion of men (%),35 to 39 years,11.2,TRUE
2255,Paramedics,Proportion of men (%),30 to 34 years,14.8,TRUE
2255,Paramedics,Proportion of men (%),25 to 29 years,13.2,TRUE
2255,Paramedics,Proportion of men (%),20 to 24 years,6,TRUE
2255,Paramedics,Proportion of men (%),16 to 19 years,0.1,TRUE
2256,Podiatrists,Proportion of women (%),65 years and over,7.1,FALSE
2256,Podiatrists,Proportion of women (%),60 to 64 years,11.2,FALSE
2256,Podiatrists,Proportion of women (%),55 to 59 years,17.1,FALSE
2256,Podiatrists,Proportion of women (%),50 to 54 years,18.2,FALSE
2256,Podiatrists,Proportion of women (%),45 to 49 years,12.7,FALSE
2256,Podiatrists,Proportion of women (%),40 to 44 years,10.8,FALSE
2256,Podiatrists,Proportion of women (%),35 to 39 years,8.8,FALSE
2256,Podiatrists,Proportion of women (%),30 to 34 years,6.9,FALSE
2256,Podiatrists,Proportion of women (%),25 to 29 years,5,FALSE
2256,Podiatrists,Proportion of women (%),20 to 24 years,2.2,FALSE
2256,Podiatrists,Proportion of women (%),16 to 19 years,null,FALSE
2256,Podiatrists,Proportion of men (%),65 years and over,13,FALSE
2256,Podiatrists,Proportion of men (%),60 to 64 years,13.5,FALSE
2256,Podiatrists,Proportion of men (%),55 to 59 years,15.8,FALSE
2256,Podiatrists,Proportion of men (%),50 to 54 years,14.1,FALSE
2256,Podiatrists,Proportion of men (%),45 to 49 years,10.6,FALSE
2256,Podiatrists,Proportion of men (%),40 to 44 years,8.2,FALSE
2256,Podiatrists,Proportion of men (%),35 to 39 years,7.7,FALSE
2256,Podiatrists,Proportion of men (%),30 to 34 years,8.1,FALSE
2256,Podiatrists,Proportion of men (%),25 to 29 years,6,FALSE
2256,Podiatrists,Proportion of men (%),20 to 24 years,2.9,FALSE
2256,Podiatrists,Proportion of men (%),16 to 19 years,null,FALSE
2259,Other health professionals n.e.c.,Proportion of women (%),65 years and over,2.1,TRUE
2259,Other health professionals n.e.c.,Proportion of women (%),60 to 64 years,5.1,TRUE
2259,Other health professionals n.e.c.,Proportion of women (%),55 to 59 years,9.2,TRUE
2259,Other health professionals n.e.c.,Proportion of women (%),50 to 54 years,10.9,TRUE
2259,Other health professionals n.e.c.,Proportion of women (%),45 to 49 years,10.8,TRUE
2259,Other health professionals n.e.c.,Proportion of women (%),40 to 44 years,12.2,TRUE
2259,Other health professionals n.e.c.,Proportion of women (%),35 to 39 years,13.1,TRUE
2259,Other health professionals n.e.c.,Proportion of women (%),30 to 34 years,15,TRUE
2259,Other health professionals n.e.c.,Proportion of women (%),25 to 29 years,15.5,TRUE
2259,Other health professionals n.e.c.,Proportion of women (%),20 to 24 years,5.7,TRUE
2259,Other health professionals n.e.c.,Proportion of women (%),16 to 19 years,0.2,TRUE
2259,Other health professionals n.e.c.,Proportion of men (%),65 years and over,3.7,TRUE
2259,Other health professionals n.e.c.,Proportion of men (%),60 to 64 years,6.2,TRUE
2259,Other health professionals n.e.c.,Proportion of men (%),55 to 59 years,8.8,TRUE
2259,Other health professionals n.e.c.,Proportion of men (%),50 to 54 years,10.8,TRUE
2259,Other health professionals n.e.c.,Proportion of men (%),45 to 49 years,11.1,TRUE
2259,Other health professionals n.e.c.,Proportion of men (%),40 to 44 years,11.4,TRUE
2259,Other health professionals n.e.c.,Proportion of men (%),35 to 39 years,12.8,TRUE
2259,Other health professionals n.e.c.,Proportion of men (%),30 to 34 years,14.4,TRUE
2259,Other health professionals n.e.c.,Proportion of men (%),25 to 29 years,15.5,TRUE
2259,Other health professionals n.e.c.,Proportion of men (%),20 to 24 years,5.3,TRUE
2259,Other health professionals n.e.c.,Proportion of men (%),16 to 19 years,0.2,TRUE
2311,Higher education teaching professionals,Proportion of women (%),65 years and over,5.2,TRUE
2311,Higher education teaching professionals,Proportion of women (%),60 to 64 years,7.9,TRUE
2311,Higher education teaching professionals,Proportion of women (%),55 to 59 years,12.6,TRUE
2311,Higher education teaching professionals,Proportion of women (%),50 to 54 years,14.2,TRUE
2311,Higher education teaching professionals,Proportion of women (%),45 to 49 years,14.4,TRUE
2311,Higher education teaching professionals,Proportion of women (%),40 to 44 years,15.2,TRUE
2311,Higher education teaching professionals,Proportion of women (%),35 to 39 years,13.9,TRUE
2311,Higher education teaching professionals,Proportion of women (%),30 to 34 years,9.7,TRUE
2311,Higher education teaching professionals,Proportion of women (%),25 to 29 years,5,TRUE
2311,Higher education teaching professionals,Proportion of women (%),20 to 24 years,1.7,TRUE
2311,Higher education teaching professionals,Proportion of women (%),16 to 19 years,0.1,TRUE
2311,Higher education teaching professionals,Proportion of men (%),65 years and over,9,TRUE
2311,Higher education teaching professionals,Proportion of men (%),60 to 64 years,9.6,TRUE
2311,Higher education teaching professionals,Proportion of men (%),55 to 59 years,13.7,TRUE
2311,Higher education teaching professionals,Proportion of men (%),50 to 54 years,13.8,TRUE
2311,Higher education teaching professionals,Proportion of men (%),45 to 49 years,13.3,TRUE
2311,Higher education teaching professionals,Proportion of men (%),40 to 44 years,13.9,TRUE
2311,Higher education teaching professionals,Proportion of men (%),35 to 39 years,12.6,TRUE
2311,Higher education teaching professionals,Proportion of men (%),30 to 34 years,8,TRUE
2311,Higher education teaching professionals,Proportion of men (%),25 to 29 years,4.3,TRUE
2311,Higher education teaching professionals,Proportion of men (%),20 to 24 years,1.8,TRUE
2311,Higher education teaching professionals,Proportion of men (%),16 to 19 years,0.1,TRUE
2312,Further education teaching professionals,Proportion of women (%),65 years and over,3.5,TRUE
2312,Further education teaching professionals,Proportion of women (%),60 to 64 years,7.2,TRUE
2312,Further education teaching professionals,Proportion of women (%),55 to 59 years,13,TRUE
2312,Further education teaching professionals,Proportion of women (%),50 to 54 years,14.9,TRUE
2312,Further education teaching professionals,Proportion of women (%),45 to 49 years,13.6,TRUE
2312,Further education teaching professionals,Proportion of women (%),40 to 44 years,13.3,TRUE
2312,Further education teaching professionals,Proportion of women (%),35 to 39 years,13.1,TRUE
2312,Further education teaching professionals,Proportion of women (%),30 to 34 years,11.3,TRUE
2312,Further education teaching professionals,Proportion of women (%),25 to 29 years,7.5,TRUE
2312,Further education teaching professionals,Proportion of women (%),20 to 24 years,2.3,TRUE
2312,Further education teaching professionals,Proportion of women (%),16 to 19 years,0.2,TRUE
2312,Further education teaching professionals,Proportion of men (%),65 years and over,5.9,TRUE
2312,Further education teaching professionals,Proportion of men (%),60 to 64 years,10.6,TRUE
2312,Further education teaching professionals,Proportion of men (%),55 to 59 years,14.9,TRUE
2312,Further education teaching professionals,Proportion of men (%),50 to 54 years,14.8,TRUE
2312,Further education teaching professionals,Proportion of men (%),45 to 49 years,11.8,TRUE
2312,Further education teaching professionals,Proportion of men (%),40 to 44 years,11.4,TRUE
2312,Further education teaching professionals,Proportion of men (%),35 to 39 years,10.9,TRUE
2312,Further education teaching professionals,Proportion of men (%),30 to 34 years,10.2,TRUE
2312,Further education teaching professionals,Proportion of men (%),25 to 29 years,7.1,TRUE
2312,Further education teaching professionals,Proportion of men (%),20 to 24 years,2.1,TRUE
2312,Further education teaching professionals,Proportion of men (%),16 to 19 years,0.1,TRUE
2313,Secondary education teaching professionals,Proportion of women (%),65 years and over,1.2,TRUE
2313,Secondary education teaching professionals,Proportion of women (%),60 to 64 years,2.9,TRUE
2313,Secondary education teaching professionals,Proportion of women (%),55 to 59 years,6.8,TRUE
2313,Secondary education teaching professionals,Proportion of women (%),50 to 54 years,10.2,TRUE
2313,Secondary education teaching professionals,Proportion of women (%),45 to 49 years,12.6,TRUE
2313,Secondary education teaching professionals,Proportion of women (%),40 to 44 years,14.3,TRUE
2313,Secondary education teaching professionals,Proportion of women (%),35 to 39 years,15.8,TRUE
2313,Secondary education teaching professionals,Proportion of women (%),30 to 34 years,16.3,TRUE
2313,Secondary education teaching professionals,Proportion of women (%),25 to 29 years,14.5,TRUE
2313,Secondary education teaching professionals,Proportion of women (%),20 to 24 years,5.3,TRUE
2313,Secondary education teaching professionals,Proportion of women (%),16 to 19 years,0.2,TRUE
2313,Secondary education teaching professionals,Proportion of men (%),65 years and over,1.8,TRUE
2313,Secondary education teaching professionals,Proportion of men (%),60 to 64 years,3.6,TRUE
2313,Secondary education teaching professionals,Proportion of men (%),55 to 59 years,7.8,TRUE
2313,Secondary education teaching professionals,Proportion of men (%),50 to 54 years,11,TRUE
2313,Secondary education teaching professionals,Proportion of men (%),45 to 49 years,12.3,TRUE
2313,Secondary education teaching professionals,Proportion of men (%),40 to 44 years,13.7,TRUE
2313,Secondary education teaching professionals,Proportion of men (%),35 to 39 years,15.2,TRUE
2313,Secondary education teaching professionals,Proportion of men (%),30 to 34 years,15.7,TRUE
2313,Secondary education teaching professionals,Proportion of men (%),25 to 29 years,14.1,TRUE
2313,Secondary education teaching professionals,Proportion of men (%),20 to 24 years,4.5,TRUE
2313,Secondary education teaching professionals,Proportion of men (%),16 to 19 years,0.3,TRUE
2314,Primary education teaching professionals,Proportion of women (%),65 years and over,0.9,TRUE
2314,Primary education teaching professionals,Proportion of women (%),60 to 64 years,2.4,TRUE
2314,Primary education teaching professionals,Proportion of women (%),55 to 59 years,6.2,TRUE
2314,Primary education teaching professionals,Proportion of women (%),50 to 54 years,9.5,TRUE
2314,Primary education teaching professionals,Proportion of women (%),45 to 49 years,12.4,TRUE
2314,Primary education teaching professionals,Proportion of women (%),40 to 44 years,13.4,TRUE
2314,Primary education teaching professionals,Proportion of women (%),35 to 39 years,14.6,TRUE
2314,Primary education teaching professionals,Proportion of women (%),30 to 34 years,17.7,TRUE
2314,Primary education teaching professionals,Proportion of women (%),25 to 29 years,17,TRUE
2314,Primary education teaching professionals,Proportion of women (%),20 to 24 years,5.8,TRUE
2314,Primary education teaching professionals,Proportion of women (%),16 to 19 years,0.2,TRUE
2314,Primary education teaching professionals,Proportion of men (%),65 years and over,1.2,TRUE
2314,Primary education teaching professionals,Proportion of men (%),60 to 64 years,2.3,TRUE
2314,Primary education teaching professionals,Proportion of men (%),55 to 59 years,5.3,TRUE
2314,Primary education teaching professionals,Proportion of men (%),50 to 54 years,7.6,TRUE
2314,Primary education teaching professionals,Proportion of men (%),45 to 49 years,10.3,TRUE
2314,Primary education teaching professionals,Proportion of men (%),40 to 44 years,12.1,TRUE
2314,Primary education teaching professionals,Proportion of men (%),35 to 39 years,16,TRUE
2314,Primary education teaching professionals,Proportion of men (%),30 to 34 years,20.9,TRUE
2314,Primary education teaching professionals,Proportion of men (%),25 to 29 years,18.4,TRUE
2314,Primary education teaching professionals,Proportion of men (%),20 to 24 years,5.5,TRUE
2314,Primary education teaching professionals,Proportion of men (%),16 to 19 years,0.4,TRUE
2315,Nursery education teaching professionals,Proportion of women (%),65 years and over,1.5,FALSE
2315,Nursery education teaching professionals,Proportion of women (%),60 to 64 years,3.5,FALSE
2315,Nursery education teaching professionals,Proportion of women (%),55 to 59 years,7.4,FALSE
2315,Nursery education teaching professionals,Proportion of women (%),50 to 54 years,10.3,FALSE
2315,Nursery education teaching professionals,Proportion of women (%),45 to 49 years,12.1,FALSE
2315,Nursery education teaching professionals,Proportion of women (%),40 to 44 years,12.9,FALSE
2315,Nursery education teaching professionals,Proportion of women (%),35 to 39 years,13.2,FALSE
2315,Nursery education teaching professionals,Proportion of women (%),30 to 34 years,14.9,FALSE
2315,Nursery education teaching professionals,Proportion of women (%),25 to 29 years,14.7,FALSE
2315,Nursery education teaching professionals,Proportion of women (%),20 to 24 years,8.2,FALSE
2315,Nursery education teaching professionals,Proportion of women (%),16 to 19 years,1.2,FALSE
2315,Nursery education teaching professionals,Proportion of men (%),65 years and over,2,FALSE
2315,Nursery education teaching professionals,Proportion of men (%),60 to 64 years,2.6,FALSE
2315,Nursery education teaching professionals,Proportion of men (%),55 to 59 years,6.5,FALSE
2315,Nursery education teaching professionals,Proportion of men (%),50 to 54 years,8.6,FALSE
2315,Nursery education teaching professionals,Proportion of men (%),45 to 49 years,10.3,FALSE
2315,Nursery education teaching professionals,Proportion of men (%),40 to 44 years,12,FALSE
2315,Nursery education teaching professionals,Proportion of men (%),35 to 39 years,13.4,FALSE
2315,Nursery education teaching professionals,Proportion of men (%),30 to 34 years,16.6,FALSE
2315,Nursery education teaching professionals,Proportion of men (%),25 to 29 years,19,FALSE
2315,Nursery education teaching professionals,Proportion of men (%),20 to 24 years,7.8,FALSE
2315,Nursery education teaching professionals,Proportion of men (%),16 to 19 years,null,FALSE
2316,Special and additional needs education teaching professionals,Proportion of women (%),65 years and over,2.5,TRUE
2316,Special and additional needs education teaching professionals,Proportion of women (%),60 to 64 years,5.8,TRUE
2316,Special and additional needs education teaching professionals,Proportion of women (%),55 to 59 years,11.6,TRUE
2316,Special and additional needs education teaching professionals,Proportion of women (%),50 to 54 years,13.3,TRUE
2316,Special and additional needs education teaching professionals,Proportion of women (%),45 to 49 years,14.1,TRUE
2316,Special and additional needs education teaching professionals,Proportion of women (%),40 to 44 years,13.9,TRUE
2316,Special and additional needs education teaching professionals,Proportion of women (%),35 to 39 years,13.6,TRUE
2316,Special and additional needs education teaching professionals,Proportion of women (%),30 to 34 years,12.7,TRUE
2316,Special and additional needs education teaching professionals,Proportion of women (%),25 to 29 years,9.1,TRUE
2316,Special and additional needs education teaching professionals,Proportion of women (%),20 to 24 years,3.1,TRUE
2316,Special and additional needs education teaching professionals,Proportion of women (%),16 to 19 years,0.1,TRUE
2316,Special and additional needs education teaching professionals,Proportion of men (%),65 years and over,3.3,TRUE
2316,Special and additional needs education teaching professionals,Proportion of men (%),60 to 64 years,4.7,TRUE
2316,Special and additional needs education teaching professionals,Proportion of men (%),55 to 59 years,8.9,TRUE
2316,Special and additional needs education teaching professionals,Proportion of men (%),50 to 54 years,10.9,TRUE
2316,Special and additional needs education teaching professionals,Proportion of men (%),45 to 49 years,13.6,TRUE
2316,Special and additional needs education teaching professionals,Proportion of men (%),40 to 44 years,13.2,TRUE
2316,Special and additional needs education teaching professionals,Proportion of men (%),35 to 39 years,14.5,TRUE
2316,Special and additional needs education teaching professionals,Proportion of men (%),30 to 34 years,15.5,TRUE
2316,Special and additional needs education teaching professionals,Proportion of men (%),25 to 29 years,11.2,TRUE
2316,Special and additional needs education teaching professionals,Proportion of men (%),20 to 24 years,3.9,TRUE
2316,Special and additional needs education teaching professionals,Proportion of men (%),16 to 19 years,0.3,TRUE
2317,Teachers of English as a foreign language,Proportion of women (%),65 years and over,5.2,TRUE
2317,Teachers of English as a foreign language,Proportion of women (%),60 to 64 years,7.4,TRUE
2317,Teachers of English as a foreign language,Proportion of women (%),55 to 59 years,10.2,TRUE
2317,Teachers of English as a foreign language,Proportion of women (%),50 to 54 years,11.6,TRUE
2317,Teachers of English as a foreign language,Proportion of women (%),45 to 49 years,11.4,TRUE
2317,Teachers of English as a foreign language,Proportion of women (%),40 to 44 years,10.7,TRUE
2317,Teachers of English as a foreign language,Proportion of women (%),35 to 39 years,10.4,TRUE
2317,Teachers of English as a foreign language,Proportion of women (%),30 to 34 years,10.9,TRUE
2317,Teachers of English as a foreign language,Proportion of women (%),25 to 29 years,13.6,TRUE
2317,Teachers of English as a foreign language,Proportion of women (%),20 to 24 years,8.1,TRUE
2317,Teachers of English as a foreign language,Proportion of women (%),16 to 19 years,0.6,TRUE
2317,Teachers of English as a foreign language,Proportion of men (%),65 years and over,4.5,TRUE
2317,Teachers of English as a foreign language,Proportion of men (%),60 to 64 years,6.2,TRUE
2317,Teachers of English as a foreign language,Proportion of men (%),55 to 59 years,8.6,TRUE
2317,Teachers of English as a foreign language,Proportion of men (%),50 to 54 years,8.3,TRUE
2317,Teachers of English as a foreign language,Proportion of men (%),45 to 49 years,9,TRUE
2317,Teachers of English as a foreign language,Proportion of men (%),40 to 44 years,10.8,TRUE
2317,Teachers of English as a foreign language,Proportion of men (%),35 to 39 years,10.7,TRUE
2317,Teachers of English as a foreign language,Proportion of men (%),30 to 34 years,14.7,TRUE
2317,Teachers of English as a foreign language,Proportion of men (%),25 to 29 years,16.9,TRUE
2317,Teachers of English as a foreign language,Proportion of men (%),20 to 24 years,9.7,TRUE
2317,Teachers of English as a foreign language,Proportion of men (%),16 to 19 years,0.6,TRUE
2319,Teaching professionals n.e.c.,Proportion of women (%),65 years and over,6.9,TRUE
2319,Teaching professionals n.e.c.,Proportion of women (%),60 to 64 years,7.9,TRUE
2319,Teaching professionals n.e.c.,Proportion of women (%),55 to 59 years,10.6,TRUE
2319,Teaching professionals n.e.c.,Proportion of women (%),50 to 54 years,11,TRUE
2319,Teaching professionals n.e.c.,Proportion of women (%),45 to 49 years,10.9,TRUE
2319,Teaching professionals n.e.c.,Proportion of women (%),40 to 44 years,10.4,TRUE
2319,Teaching professionals n.e.c.,Proportion of women (%),35 to 39 years,9.9,TRUE
2319,Teaching professionals n.e.c.,Proportion of women (%),30 to 34 years,9.5,TRUE
2319,Teaching professionals n.e.c.,Proportion of women (%),25 to 29 years,8.6,TRUE
2319,Teaching professionals n.e.c.,Proportion of women (%),20 to 24 years,10.1,TRUE
2319,Teaching professionals n.e.c.,Proportion of women (%),16 to 19 years,4.3,TRUE
2319,Teaching professionals n.e.c.,Proportion of men (%),65 years and over,8.2,TRUE
2319,Teaching professionals n.e.c.,Proportion of men (%),60 to 64 years,8.5,TRUE
2319,Teaching professionals n.e.c.,Proportion of men (%),55 to 59 years,10.1,TRUE
2319,Teaching professionals n.e.c.,Proportion of men (%),50 to 54 years,9.5,TRUE
2319,Teaching professionals n.e.c.,Proportion of men (%),45 to 49 years,8.9,TRUE
2319,Teaching professionals n.e.c.,Proportion of men (%),40 to 44 years,8.9,TRUE
2319,Teaching professionals n.e.c.,Proportion of men (%),35 to 39 years,9.5,TRUE
2319,Teaching professionals n.e.c.,Proportion of men (%),30 to 34 years,10.4,TRUE
2319,Teaching professionals n.e.c.,Proportion of men (%),25 to 29 years,11,TRUE
2319,Teaching professionals n.e.c.,Proportion of men (%),20 to 24 years,11.1,TRUE
2319,Teaching professionals n.e.c.,Proportion of men (%),16 to 19 years,3.9,TRUE
2321,Head teachers and principals,Proportion of women (%),65 years and over,2.4,TRUE
2321,Head teachers and principals,Proportion of women (%),60 to 64 years,4.9,TRUE
2321,Head teachers and principals,Proportion of women (%),55 to 59 years,13.3,TRUE
2321,Head teachers and principals,Proportion of women (%),50 to 54 years,19.2,TRUE
2321,Head teachers and principals,Proportion of women (%),45 to 49 years,20.5,TRUE
2321,Head teachers and principals,Proportion of women (%),40 to 44 years,17.9,TRUE
2321,Head teachers and principals,Proportion of women (%),35 to 39 years,12.5,TRUE
2321,Head teachers and principals,Proportion of women (%),30 to 34 years,7.1,TRUE
2321,Head teachers and principals,Proportion of women (%),25 to 29 years,2,TRUE
2321,Head teachers and principals,Proportion of women (%),20 to 24 years,0.2,TRUE
2321,Head teachers and principals,Proportion of women (%),16 to 19 years,0,TRUE
2321,Head teachers and principals,Proportion of men (%),65 years and over,7.6,TRUE
2321,Head teachers and principals,Proportion of men (%),60 to 64 years,5.2,TRUE
2321,Head teachers and principals,Proportion of men (%),55 to 59 years,10.5,TRUE
2321,Head teachers and principals,Proportion of men (%),50 to 54 years,16.3,TRUE
2321,Head teachers and principals,Proportion of men (%),45 to 49 years,19.4,TRUE
2321,Head teachers and principals,Proportion of men (%),40 to 44 years,17.5,TRUE
2321,Head teachers and principals,Proportion of men (%),35 to 39 years,13.7,TRUE
2321,Head teachers and principals,Proportion of men (%),30 to 34 years,7.7,TRUE
2321,Head teachers and principals,Proportion of men (%),25 to 29 years,1.8,TRUE
2321,Head teachers and principals,Proportion of men (%),20 to 24 years,0.3,TRUE
2321,Head teachers and principals,Proportion of men (%),16 to 19 years,0.1,TRUE
2322,Education managers ,Proportion of women (%),65 years and over,2.1,TRUE
2322,Education managers ,Proportion of women (%),60 to 64 years,7.2,TRUE
2322,Education managers ,Proportion of women (%),55 to 59 years,15.4,TRUE
2322,Education managers ,Proportion of women (%),50 to 54 years,18.6,TRUE
2322,Education managers ,Proportion of women (%),45 to 49 years,15.7,TRUE
2322,Education managers ,Proportion of women (%),40 to 44 years,13.8,TRUE
2322,Education managers ,Proportion of women (%),35 to 39 years,11.6,TRUE
2322,Education managers ,Proportion of women (%),30 to 34 years,9.2,TRUE
2322,Education managers ,Proportion of women (%),25 to 29 years,5.1,TRUE
2322,Education managers ,Proportion of women (%),20 to 24 years,1.3,TRUE
2322,Education managers ,Proportion of women (%),16 to 19 years,0.1,TRUE
2322,Education managers ,Proportion of men (%),65 years and over,3.6,TRUE
2322,Education managers ,Proportion of men (%),60 to 64 years,6.5,TRUE
2322,Education managers ,Proportion of men (%),55 to 59 years,11.9,TRUE
2322,Education managers ,Proportion of men (%),50 to 54 years,14.2,TRUE
2322,Education managers ,Proportion of men (%),45 to 49 years,14.3,TRUE
2322,Education managers ,Proportion of men (%),40 to 44 years,15.1,TRUE
2322,Education managers ,Proportion of men (%),35 to 39 years,15,TRUE
2322,Education managers ,Proportion of men (%),30 to 34 years,11.4,TRUE
2322,Education managers ,Proportion of men (%),25 to 29 years,6.3,TRUE
2322,Education managers ,Proportion of men (%),20 to 24 years,1.7,TRUE
2322,Education managers ,Proportion of men (%),16 to 19 years,0.2,TRUE
2323,Education advisers and school inspectors,Proportion of women (%),65 years and over,8.1,TRUE
2323,Education advisers and school inspectors,Proportion of women (%),60 to 64 years,11.1,TRUE
2323,Education advisers and school inspectors,Proportion of women (%),55 to 59 years,14.3,TRUE
2323,Education advisers and school inspectors,Proportion of women (%),50 to 54 years,14,TRUE
2323,Education advisers and school inspectors,Proportion of women (%),45 to 49 years,13.4,TRUE
2323,Education advisers and school inspectors,Proportion of women (%),40 to 44 years,11.9,TRUE
2323,Education advisers and school inspectors,Proportion of women (%),35 to 39 years,10.3,TRUE
2323,Education advisers and school inspectors,Proportion of women (%),30 to 34 years,8.2,TRUE
2323,Education advisers and school inspectors,Proportion of women (%),25 to 29 years,6,TRUE
2323,Education advisers and school inspectors,Proportion of women (%),20 to 24 years,2.4,TRUE
2323,Education advisers and school inspectors,Proportion of women (%),16 to 19 years,0.2,TRUE
2323,Education advisers and school inspectors,Proportion of men (%),65 years and over,15.5,TRUE
2323,Education advisers and school inspectors,Proportion of men (%),60 to 64 years,13.1,TRUE
2323,Education advisers and school inspectors,Proportion of men (%),55 to 59 years,13.1,TRUE
2323,Education advisers and school inspectors,Proportion of men (%),50 to 54 years,11.6,TRUE
2323,Education advisers and school inspectors,Proportion of men (%),45 to 49 years,10.9,TRUE
2323,Education advisers and school inspectors,Proportion of men (%),40 to 44 years,8.9,TRUE
2323,Education advisers and school inspectors,Proportion of men (%),35 to 39 years,9.1,TRUE
2323,Education advisers and school inspectors,Proportion of men (%),30 to 34 years,8.1,TRUE
2323,Education advisers and school inspectors,Proportion of men (%),25 to 29 years,6.4,TRUE
2323,Education advisers and school inspectors,Proportion of men (%),20 to 24 years,2.9,TRUE
2323,Education advisers and school inspectors,Proportion of men (%),16 to 19 years,0.3,TRUE
2324,Early education and childcare services managers,Proportion of women (%),65 years and over,1.6,TRUE
2324,Early education and childcare services managers,Proportion of women (%),60 to 64 years,4.5,TRUE
2324,Early education and childcare services managers,Proportion of women (%),55 to 59 years,8.4,TRUE
2324,Early education and childcare services managers,Proportion of women (%),50 to 54 years,11.1,TRUE
2324,Early education and childcare services managers,Proportion of women (%),45 to 49 years,11.6,TRUE
2324,Early education and childcare services managers,Proportion of women (%),40 to 44 years,13.3,TRUE
2324,Early education and childcare services managers,Proportion of women (%),35 to 39 years,15.1,TRUE
2324,Early education and childcare services managers,Proportion of women (%),30 to 34 years,16.4,TRUE
2324,Early education and childcare services managers,Proportion of women (%),25 to 29 years,13.1,TRUE
2324,Early education and childcare services managers,Proportion of women (%),20 to 24 years,4.2,TRUE
2324,Early education and childcare services managers,Proportion of women (%),16 to 19 years,0.6,TRUE
2324,Early education and childcare services managers,Proportion of men (%),65 years and over,4.8,TRUE
2324,Early education and childcare services managers,Proportion of men (%),60 to 64 years,6,TRUE
2324,Early education and childcare services managers,Proportion of men (%),55 to 59 years,8.9,TRUE
2324,Early education and childcare services managers,Proportion of men (%),50 to 54 years,8.9,TRUE
2324,Early education and childcare services managers,Proportion of men (%),45 to 49 years,10.4,TRUE
2324,Early education and childcare services managers,Proportion of men (%),40 to 44 years,10.8,TRUE
2324,Early education and childcare services managers,Proportion of men (%),35 to 39 years,13.7,TRUE
2324,Early education and childcare services managers,Proportion of men (%),30 to 34 years,15.3,TRUE
2324,Early education and childcare services managers,Proportion of men (%),25 to 29 years,14.3,TRUE
2324,Early education and childcare services managers,Proportion of men (%),20 to 24 years,4.9,TRUE
2324,Early education and childcare services managers,Proportion of men (%),16 to 19 years,1.9,TRUE
2329,Other educational professionals n.e.c,Proportion of women (%),65 years and over,3.9,TRUE
2329,Other educational professionals n.e.c,Proportion of women (%),60 to 64 years,7.5,TRUE
2329,Other educational professionals n.e.c,Proportion of women (%),55 to 59 years,12,TRUE
2329,Other educational professionals n.e.c,Proportion of women (%),50 to 54 years,13.5,TRUE
2329,Other educational professionals n.e.c,Proportion of women (%),45 to 49 years,12.2,TRUE
2329,Other educational professionals n.e.c,Proportion of women (%),40 to 44 years,12.3,TRUE
2329,Other educational professionals n.e.c,Proportion of women (%),35 to 39 years,11.5,TRUE
2329,Other educational professionals n.e.c,Proportion of women (%),30 to 34 years,11.1,TRUE
2329,Other educational professionals n.e.c,Proportion of women (%),25 to 29 years,10.6,TRUE
2329,Other educational professionals n.e.c,Proportion of women (%),20 to 24 years,4.9,TRUE
2329,Other educational professionals n.e.c,Proportion of women (%),16 to 19 years,0.5,TRUE
2329,Other educational professionals n.e.c,Proportion of men (%),65 years and over,8.1,TRUE
2329,Other educational professionals n.e.c,Proportion of men (%),60 to 64 years,7.5,TRUE
2329,Other educational professionals n.e.c,Proportion of men (%),55 to 59 years,9,TRUE
2329,Other educational professionals n.e.c,Proportion of men (%),50 to 54 years,9.5,TRUE
2329,Other educational professionals n.e.c,Proportion of men (%),45 to 49 years,9.6,TRUE
2329,Other educational professionals n.e.c,Proportion of men (%),40 to 44 years,10.1,TRUE
2329,Other educational professionals n.e.c,Proportion of men (%),35 to 39 years,13.1,TRUE
2329,Other educational professionals n.e.c,Proportion of men (%),30 to 34 years,12.5,TRUE
2329,Other educational professionals n.e.c,Proportion of men (%),25 to 29 years,12.8,TRUE
2329,Other educational professionals n.e.c,Proportion of men (%),20 to 24 years,7.1,TRUE
2329,Other educational professionals n.e.c,Proportion of men (%),16 to 19 years,0.8,TRUE
2411,Barristers and judges,Proportion of women (%),65 years and over,4.7,TRUE
2411,Barristers and judges,Proportion of women (%),60 to 64 years,7.3,TRUE
2411,Barristers and judges,Proportion of women (%),55 to 59 years,10.3,TRUE
2411,Barristers and judges,Proportion of women (%),50 to 54 years,12.6,TRUE
2411,Barristers and judges,Proportion of women (%),45 to 49 years,12.3,TRUE
2411,Barristers and judges,Proportion of women (%),40 to 44 years,13.6,TRUE
2411,Barristers and judges,Proportion of women (%),35 to 39 years,12.9,TRUE
2411,Barristers and judges,Proportion of women (%),30 to 34 years,12.4,TRUE
2411,Barristers and judges,Proportion of women (%),25 to 29 years,9.6,TRUE
2411,Barristers and judges,Proportion of women (%),20 to 24 years,3.3,TRUE
2411,Barristers and judges,Proportion of women (%),16 to 19 years,1,TRUE
2411,Barristers and judges,Proportion of men (%),65 years and over,13.5,TRUE
2411,Barristers and judges,Proportion of men (%),60 to 64 years,11,TRUE
2411,Barristers and judges,Proportion of men (%),55 to 59 years,13.3,TRUE
2411,Barristers and judges,Proportion of men (%),50 to 54 years,13.9,TRUE
2411,Barristers and judges,Proportion of men (%),45 to 49 years,11.1,TRUE
2411,Barristers and judges,Proportion of men (%),40 to 44 years,10.8,TRUE
2411,Barristers and judges,Proportion of men (%),35 to 39 years,9.9,TRUE
2411,Barristers and judges,Proportion of men (%),30 to 34 years,8.5,TRUE
2411,Barristers and judges,Proportion of men (%),25 to 29 years,5.8,TRUE
2411,Barristers and judges,Proportion of men (%),20 to 24 years,1.5,TRUE
2411,Barristers and judges,Proportion of men (%),16 to 19 years,0.5,TRUE
2412,Solicitors and lawyers,Proportion of women (%),65 years and over,1.5,TRUE
2412,Solicitors and lawyers,Proportion of women (%),60 to 64 years,3.1,TRUE
2412,Solicitors and lawyers,Proportion of women (%),55 to 59 years,5.7,TRUE
2412,Solicitors and lawyers,Proportion of women (%),50 to 54 years,8.3,TRUE
2412,Solicitors and lawyers,Proportion of women (%),45 to 49 years,10,TRUE
2412,Solicitors and lawyers,Proportion of women (%),40 to 44 years,14.2,TRUE
2412,Solicitors and lawyers,Proportion of women (%),35 to 39 years,17.3,TRUE
2412,Solicitors and lawyers,Proportion of women (%),30 to 34 years,19,TRUE
2412,Solicitors and lawyers,Proportion of women (%),25 to 29 years,17.3,TRUE
2412,Solicitors and lawyers,Proportion of women (%),20 to 24 years,3.6,TRUE
2412,Solicitors and lawyers,Proportion of women (%),16 to 19 years,0.1,TRUE
2412,Solicitors and lawyers,Proportion of men (%),65 years and over,7.6,TRUE
2412,Solicitors and lawyers,Proportion of men (%),60 to 64 years,7.1,TRUE
2412,Solicitors and lawyers,Proportion of men (%),55 to 59 years,9.4,TRUE
2412,Solicitors and lawyers,Proportion of men (%),50 to 54 years,11.6,TRUE
2412,Solicitors and lawyers,Proportion of men (%),45 to 49 years,11.6,TRUE
2412,Solicitors and lawyers,Proportion of men (%),40 to 44 years,12.2,TRUE
2412,Solicitors and lawyers,Proportion of men (%),35 to 39 years,12.7,TRUE
2412,Solicitors and lawyers,Proportion of men (%),30 to 34 years,13.7,TRUE
2412,Solicitors and lawyers,Proportion of men (%),25 to 29 years,11.7,TRUE
2412,Solicitors and lawyers,Proportion of men (%),20 to 24 years,2.3,TRUE
2412,Solicitors and lawyers,Proportion of men (%),16 to 19 years,0,TRUE
2419,Legal professionals n.e.c.,Proportion of women (%),65 years and over,1.4,TRUE
2419,Legal professionals n.e.c.,Proportion of women (%),60 to 64 years,3,TRUE
2419,Legal professionals n.e.c.,Proportion of women (%),55 to 59 years,5.7,TRUE
2419,Legal professionals n.e.c.,Proportion of women (%),50 to 54 years,8,TRUE
2419,Legal professionals n.e.c.,Proportion of women (%),45 to 49 years,8.8,TRUE
2419,Legal professionals n.e.c.,Proportion of women (%),40 to 44 years,11.2,TRUE
2419,Legal professionals n.e.c.,Proportion of women (%),35 to 39 years,13.9,TRUE
2419,Legal professionals n.e.c.,Proportion of women (%),30 to 34 years,15,TRUE
2419,Legal professionals n.e.c.,Proportion of women (%),25 to 29 years,19.6,TRUE
2419,Legal professionals n.e.c.,Proportion of women (%),20 to 24 years,13,TRUE
2419,Legal professionals n.e.c.,Proportion of women (%),16 to 19 years,0.5,TRUE
2419,Legal professionals n.e.c.,Proportion of men (%),65 years and over,6.1,TRUE
2419,Legal professionals n.e.c.,Proportion of men (%),60 to 64 years,4.8,TRUE
2419,Legal professionals n.e.c.,Proportion of men (%),55 to 59 years,7.4,TRUE
2419,Legal professionals n.e.c.,Proportion of men (%),50 to 54 years,8.7,TRUE
2419,Legal professionals n.e.c.,Proportion of men (%),45 to 49 years,9.7,TRUE
2419,Legal professionals n.e.c.,Proportion of men (%),40 to 44 years,11.4,TRUE
2419,Legal professionals n.e.c.,Proportion of men (%),35 to 39 years,12.9,TRUE
2419,Legal professionals n.e.c.,Proportion of men (%),30 to 34 years,13.4,TRUE
2419,Legal professionals n.e.c.,Proportion of men (%),25 to 29 years,16.2,TRUE
2419,Legal professionals n.e.c.,Proportion of men (%),20 to 24 years,9,TRUE
2419,Legal professionals n.e.c.,Proportion of men (%),16 to 19 years,0.4,TRUE
2421,Chartered and certified accountants,Proportion of women (%),65 years and over,1.8,TRUE
2421,Chartered and certified accountants,Proportion of women (%),60 to 64 years,3.5,TRUE
2421,Chartered and certified accountants,Proportion of women (%),55 to 59 years,7.3,TRUE
2421,Chartered and certified accountants,Proportion of women (%),50 to 54 years,10.5,TRUE
2421,Chartered and certified accountants,Proportion of women (%),45 to 49 years,12.1,TRUE
2421,Chartered and certified accountants,Proportion of women (%),40 to 44 years,14.9,TRUE
2421,Chartered and certified accountants,Proportion of women (%),35 to 39 years,15.3,TRUE
2421,Chartered and certified accountants,Proportion of women (%),30 to 34 years,14.4,TRUE
2421,Chartered and certified accountants,Proportion of women (%),25 to 29 years,13.2,TRUE
2421,Chartered and certified accountants,Proportion of women (%),20 to 24 years,6.5,TRUE
2421,Chartered and certified accountants,Proportion of women (%),16 to 19 years,0.4,TRUE
2421,Chartered and certified accountants,Proportion of men (%),65 years and over,8.3,TRUE
2421,Chartered and certified accountants,Proportion of men (%),60 to 64 years,6.2,TRUE
2421,Chartered and certified accountants,Proportion of men (%),55 to 59 years,8,TRUE
2421,Chartered and certified accountants,Proportion of men (%),50 to 54 years,9.2,TRUE
2421,Chartered and certified accountants,Proportion of men (%),45 to 49 years,9.8,TRUE
2421,Chartered and certified accountants,Proportion of men (%),40 to 44 years,11,TRUE
2421,Chartered and certified accountants,Proportion of men (%),35 to 39 years,11.6,TRUE
2421,Chartered and certified accountants,Proportion of men (%),30 to 34 years,12.7,TRUE
2421,Chartered and certified accountants,Proportion of men (%),25 to 29 years,14.3,TRUE
2421,Chartered and certified accountants,Proportion of men (%),20 to 24 years,8.3,TRUE
2421,Chartered and certified accountants,Proportion of men (%),16 to 19 years,0.6,TRUE
2422,Finance and investment analysts and advisers,Proportion of women (%),65 years and over,1.2,TRUE
2422,Finance and investment analysts and advisers,Proportion of women (%),60 to 64 years,2.8,TRUE
2422,Finance and investment analysts and advisers,Proportion of women (%),55 to 59 years,5.8,TRUE
2422,Finance and investment analysts and advisers,Proportion of women (%),50 to 54 years,8.3,TRUE
2422,Finance and investment analysts and advisers,Proportion of women (%),45 to 49 years,9.3,TRUE
2422,Finance and investment analysts and advisers,Proportion of women (%),40 to 44 years,11.3,TRUE
2422,Finance and investment analysts and advisers,Proportion of women (%),35 to 39 years,13.5,TRUE
2422,Finance and investment analysts and advisers,Proportion of women (%),30 to 34 years,16.1,TRUE
2422,Finance and investment analysts and advisers,Proportion of women (%),25 to 29 years,20.1,TRUE
2422,Finance and investment analysts and advisers,Proportion of women (%),20 to 24 years,11,TRUE
2422,Finance and investment analysts and advisers,Proportion of women (%),16 to 19 years,0.6,TRUE
2422,Finance and investment analysts and advisers,Proportion of men (%),65 years and over,3.9,TRUE
2422,Finance and investment analysts and advisers,Proportion of men (%),60 to 64 years,4.8,TRUE
2422,Finance and investment analysts and advisers,Proportion of men (%),55 to 59 years,7.1,TRUE
2422,Finance and investment analysts and advisers,Proportion of men (%),50 to 54 years,8.5,TRUE
2422,Finance and investment analysts and advisers,Proportion of men (%),45 to 49 years,8.9,TRUE
2422,Finance and investment analysts and advisers,Proportion of men (%),40 to 44 years,10.1,TRUE
2422,Finance and investment analysts and advisers,Proportion of men (%),35 to 39 years,11.6,TRUE
2422,Finance and investment analysts and advisers,Proportion of men (%),30 to 34 years,14.7,TRUE
2422,Finance and investment analysts and advisers,Proportion of men (%),25 to 29 years,20.1,TRUE
2422,Finance and investment analysts and advisers,Proportion of men (%),20 to 24 years,9.9,TRUE
2422,Finance and investment analysts and advisers,Proportion of men (%),16 to 19 years,0.5,TRUE
2423,Taxation experts,Proportion of women (%),65 years and over,2.5,TRUE
2423,Taxation experts,Proportion of women (%),60 to 64 years,4.6,TRUE
2423,Taxation experts,Proportion of women (%),55 to 59 years,8.7,TRUE
2423,Taxation experts,Proportion of women (%),50 to 54 years,9.4,TRUE
2423,Taxation experts,Proportion of women (%),45 to 49 years,10.2,TRUE
2423,Taxation experts,Proportion of women (%),40 to 44 years,12.3,TRUE
2423,Taxation experts,Proportion of women (%),35 to 39 years,14.9,TRUE
2423,Taxation experts,Proportion of women (%),30 to 34 years,14.8,TRUE
2423,Taxation experts,Proportion of women (%),25 to 29 years,15.4,TRUE
2423,Taxation experts,Proportion of women (%),20 to 24 years,6.9,TRUE
2423,Taxation experts,Proportion of women (%),16 to 19 years,0.3,TRUE
2423,Taxation experts,Proportion of men (%),65 years and over,6.1,TRUE
2423,Taxation experts,Proportion of men (%),60 to 64 years,6.3,TRUE
2423,Taxation experts,Proportion of men (%),55 to 59 years,9.5,TRUE
2423,Taxation experts,Proportion of men (%),50 to 54 years,9,TRUE
2423,Taxation experts,Proportion of men (%),45 to 49 years,9.2,TRUE
2423,Taxation experts,Proportion of men (%),40 to 44 years,10.1,TRUE
2423,Taxation experts,Proportion of men (%),35 to 39 years,11.9,TRUE
2423,Taxation experts,Proportion of men (%),30 to 34 years,14.2,TRUE
2423,Taxation experts,Proportion of men (%),25 to 29 years,16.1,TRUE
2423,Taxation experts,Proportion of men (%),20 to 24 years,7.2,TRUE
2423,Taxation experts,Proportion of men (%),16 to 19 years,0.5,TRUE
2431,Management consultants and business analysts,Proportion of women (%),65 years and over,2,TRUE
2431,Management consultants and business analysts,Proportion of women (%),60 to 64 years,4,TRUE
2431,Management consultants and business analysts,Proportion of women (%),55 to 59 years,7.5,TRUE
2431,Management consultants and business analysts,Proportion of women (%),50 to 54 years,9.9,TRUE
2431,Management consultants and business analysts,Proportion of women (%),45 to 49 years,11.1,TRUE
2431,Management consultants and business analysts,Proportion of women (%),40 to 44 years,12.5,TRUE
2431,Management consultants and business analysts,Proportion of women (%),35 to 39 years,14,TRUE
2431,Management consultants and business analysts,Proportion of women (%),30 to 34 years,15.7,TRUE
2431,Management consultants and business analysts,Proportion of women (%),25 to 29 years,16.3,TRUE
2431,Management consultants and business analysts,Proportion of women (%),20 to 24 years,6.8,TRUE
2431,Management consultants and business analysts,Proportion of women (%),16 to 19 years,0.3,TRUE
2431,Management consultants and business analysts,Proportion of men (%),65 years and over,6.2,TRUE
2431,Management consultants and business analysts,Proportion of men (%),60 to 64 years,6.9,TRUE
2431,Management consultants and business analysts,Proportion of men (%),55 to 59 years,9.8,TRUE
2431,Management consultants and business analysts,Proportion of men (%),50 to 54 years,10.8,TRUE
2431,Management consultants and business analysts,Proportion of men (%),45 to 49 years,11,TRUE
2431,Management consultants and business analysts,Proportion of men (%),40 to 44 years,11.6,TRUE
2431,Management consultants and business analysts,Proportion of men (%),35 to 39 years,12.2,TRUE
2431,Management consultants and business analysts,Proportion of men (%),30 to 34 years,12.7,TRUE
2431,Management consultants and business analysts,Proportion of men (%),25 to 29 years,13.2,TRUE
2431,Management consultants and business analysts,Proportion of men (%),20 to 24 years,5.3,TRUE
2431,Management consultants and business analysts,Proportion of men (%),16 to 19 years,0.2,TRUE
2432,Marketing and commercial managers,Proportion of women (%),65 years and over,0.3,TRUE
2432,Marketing and commercial managers,Proportion of women (%),60 to 64 years,1.4,TRUE
2432,Marketing and commercial managers,Proportion of women (%),55 to 59 years,3.7,TRUE
2432,Marketing and commercial managers,Proportion of women (%),50 to 54 years,6.9,TRUE
2432,Marketing and commercial managers,Proportion of women (%),45 to 49 years,10.3,TRUE
2432,Marketing and commercial managers,Proportion of women (%),40 to 44 years,13.9,TRUE
2432,Marketing and commercial managers,Proportion of women (%),35 to 39 years,18.3,TRUE
2432,Marketing and commercial managers,Proportion of women (%),30 to 34 years,23.4,TRUE
2432,Marketing and commercial managers,Proportion of women (%),25 to 29 years,18.2,TRUE
2432,Marketing and commercial managers,Proportion of women (%),20 to 24 years,3.5,TRUE
2432,Marketing and commercial managers,Proportion of women (%),16 to 19 years,0.1,TRUE
2432,Marketing and commercial managers,Proportion of men (%),65 years and over,1.5,TRUE
2432,Marketing and commercial managers,Proportion of men (%),60 to 64 years,3.3,TRUE
2432,Marketing and commercial managers,Proportion of men (%),55 to 59 years,6.9,TRUE
2432,Marketing and commercial managers,Proportion of men (%),50 to 54 years,9.7,TRUE
2432,Marketing and commercial managers,Proportion of men (%),45 to 49 years,11.5,TRUE
2432,Marketing and commercial managers,Proportion of men (%),40 to 44 years,13.2,TRUE
2432,Marketing and commercial managers,Proportion of men (%),35 to 39 years,16.7,TRUE
2432,Marketing and commercial managers,Proportion of men (%),30 to 34 years,19.5,TRUE
2432,Marketing and commercial managers,Proportion of men (%),25 to 29 years,14.3,TRUE
2432,Marketing and commercial managers,Proportion of men (%),20 to 24 years,3.3,TRUE
2432,Marketing and commercial managers,Proportion of men (%),16 to 19 years,0.2,TRUE
2433,"Actuaries, economists and statisticians",Proportion of women (%),65 years and over,0.7,TRUE
2433,"Actuaries, economists and statisticians",Proportion of women (%),60 to 64 years,1,TRUE
2433,"Actuaries, economists and statisticians",Proportion of women (%),55 to 59 years,2.7,TRUE
2433,"Actuaries, economists and statisticians",Proportion of women (%),50 to 54 years,4.7,TRUE
2433,"Actuaries, economists and statisticians",Proportion of women (%),45 to 49 years,6.3,TRUE
2433,"Actuaries, economists and statisticians",Proportion of women (%),40 to 44 years,10.5,TRUE
2433,"Actuaries, economists and statisticians",Proportion of women (%),35 to 39 years,15.2,TRUE
2433,"Actuaries, economists and statisticians",Proportion of women (%),30 to 34 years,21.2,TRUE
2433,"Actuaries, economists and statisticians",Proportion of women (%),25 to 29 years,25.4,TRUE
2433,"Actuaries, economists and statisticians",Proportion of women (%),20 to 24 years,11.9,TRUE
2433,"Actuaries, economists and statisticians",Proportion of women (%),16 to 19 years,0.4,TRUE
2433,"Actuaries, economists and statisticians",Proportion of men (%),65 years and over,1.4,TRUE
2433,"Actuaries, economists and statisticians",Proportion of men (%),60 to 64 years,1.6,TRUE
2433,"Actuaries, economists and statisticians",Proportion of men (%),55 to 59 years,3.4,TRUE
2433,"Actuaries, economists and statisticians",Proportion of men (%),50 to 54 years,5.7,TRUE
2433,"Actuaries, economists and statisticians",Proportion of men (%),45 to 49 years,7,TRUE
2433,"Actuaries, economists and statisticians",Proportion of men (%),40 to 44 years,11.1,TRUE
2433,"Actuaries, economists and statisticians",Proportion of men (%),35 to 39 years,14.8,TRUE
2433,"Actuaries, economists and statisticians",Proportion of men (%),30 to 34 years,20.4,TRUE
2433,"Actuaries, economists and statisticians",Proportion of men (%),25 to 29 years,23.6,TRUE
2433,"Actuaries, economists and statisticians",Proportion of men (%),20 to 24 years,10.7,TRUE
2433,"Actuaries, economists and statisticians",Proportion of men (%),16 to 19 years,0.4,TRUE
2434,Business and related research professionals,Proportion of women (%),65 years and over,1.7,TRUE
2434,Business and related research professionals,Proportion of women (%),60 to 64 years,2.9,TRUE
2434,Business and related research professionals,Proportion of women (%),55 to 59 years,5.2,TRUE
2434,Business and related research professionals,Proportion of women (%),50 to 54 years,6.5,TRUE
2434,Business and related research professionals,Proportion of women (%),45 to 49 years,7.9,TRUE
2434,Business and related research professionals,Proportion of women (%),40 to 44 years,10.2,TRUE
2434,Business and related research professionals,Proportion of women (%),35 to 39 years,13.2,TRUE
2434,Business and related research professionals,Proportion of women (%),30 to 34 years,17.2,TRUE
2434,Business and related research professionals,Proportion of women (%),25 to 29 years,22.5,TRUE
2434,Business and related research professionals,Proportion of women (%),20 to 24 years,12.3,TRUE
2434,Business and related research professionals,Proportion of women (%),16 to 19 years,0.4,TRUE
2434,Business and related research professionals,Proportion of men (%),65 years and over,2.9,TRUE
2434,Business and related research professionals,Proportion of men (%),60 to 64 years,3.8,TRUE
2434,Business and related research professionals,Proportion of men (%),55 to 59 years,5.5,TRUE
2434,Business and related research professionals,Proportion of men (%),50 to 54 years,6.6,TRUE
2434,Business and related research professionals,Proportion of men (%),45 to 49 years,7.4,TRUE
2434,Business and related research professionals,Proportion of men (%),40 to 44 years,9.2,TRUE
2434,Business and related research professionals,Proportion of men (%),35 to 39 years,13.4,TRUE
2434,Business and related research professionals,Proportion of men (%),30 to 34 years,18.7,TRUE
2434,Business and related research professionals,Proportion of men (%),25 to 29 years,21.5,TRUE
2434,Business and related research professionals,Proportion of men (%),20 to 24 years,10.5,TRUE
2434,Business and related research professionals,Proportion of men (%),16 to 19 years,0.6,TRUE
2435,Professional/Chartered company secretaries ,Proportion of women (%),65 years and over,6.9,FALSE
2435,Professional/Chartered company secretaries ,Proportion of women (%),60 to 64 years,8.3,FALSE
2435,Professional/Chartered company secretaries ,Proportion of women (%),55 to 59 years,12.5,FALSE
2435,Professional/Chartered company secretaries ,Proportion of women (%),50 to 54 years,15.3,FALSE
2435,Professional/Chartered company secretaries ,Proportion of women (%),45 to 49 years,10.3,FALSE
2435,Professional/Chartered company secretaries ,Proportion of women (%),40 to 44 years,12.4,FALSE
2435,Professional/Chartered company secretaries ,Proportion of women (%),35 to 39 years,11.8,FALSE
2435,Professional/Chartered company secretaries ,Proportion of women (%),30 to 34 years,10.1,FALSE
2435,Professional/Chartered company secretaries ,Proportion of women (%),25 to 29 years,9.3,FALSE
2435,Professional/Chartered company secretaries ,Proportion of women (%),20 to 24 years,3.2,FALSE
2435,Professional/Chartered company secretaries ,Proportion of women (%),16 to 19 years,null,FALSE
2435,Professional/Chartered company secretaries ,Proportion of men (%),65 years and over,10.9,FALSE
2435,Professional/Chartered company secretaries ,Proportion of men (%),60 to 64 years,11.1,FALSE
2435,Professional/Chartered company secretaries ,Proportion of men (%),55 to 59 years,12.3,FALSE
2435,Professional/Chartered company secretaries ,Proportion of men (%),50 to 54 years,12.5,FALSE
2435,Professional/Chartered company secretaries ,Proportion of men (%),45 to 49 years,11.1,FALSE
2435,Professional/Chartered company secretaries ,Proportion of men (%),40 to 44 years,12.9,FALSE
2435,Professional/Chartered company secretaries ,Proportion of men (%),35 to 39 years,10.1,FALSE
2435,Professional/Chartered company secretaries ,Proportion of men (%),30 to 34 years,5,FALSE
2435,Professional/Chartered company secretaries ,Proportion of men (%),25 to 29 years,9.9,FALSE
2435,Professional/Chartered company secretaries ,Proportion of men (%),20 to 24 years,3.4,FALSE
2435,Professional/Chartered company secretaries ,Proportion of men (%),16 to 19 years,null,FALSE
2439,"Business, research and administrative professionals n.e.c.",Proportion of women (%),65 years and over,2.1,TRUE
2439,"Business, research and administrative professionals n.e.c.",Proportion of women (%),60 to 64 years,4.4,TRUE
2439,"Business, research and administrative professionals n.e.c.",Proportion of women (%),55 to 59 years,8.4,TRUE
2439,"Business, research and administrative professionals n.e.c.",Proportion of women (%),50 to 54 years,10.3,TRUE
2439,"Business, research and administrative professionals n.e.c.",Proportion of women (%),45 to 49 years,9.8,TRUE
2439,"Business, research and administrative professionals n.e.c.",Proportion of women (%),40 to 44 years,12.2,TRUE
2439,"Business, research and administrative professionals n.e.c.",Proportion of women (%),35 to 39 years,12.5,TRUE
2439,"Business, research and administrative professionals n.e.c.",Proportion of women (%),30 to 34 years,14.4,TRUE
2439,"Business, research and administrative professionals n.e.c.",Proportion of women (%),25 to 29 years,18.7,TRUE
2439,"Business, research and administrative professionals n.e.c.",Proportion of women (%),20 to 24 years,7,TRUE
2439,"Business, research and administrative professionals n.e.c.",Proportion of women (%),16 to 19 years,0.1,TRUE
2439,"Business, research and administrative professionals n.e.c.",Proportion of men (%),65 years and over,2.7,TRUE
2439,"Business, research and administrative professionals n.e.c.",Proportion of men (%),60 to 64 years,4.8,TRUE
2439,"Business, research and administrative professionals n.e.c.",Proportion of men (%),55 to 59 years,9.9,TRUE
2439,"Business, research and administrative professionals n.e.c.",Proportion of men (%),50 to 54 years,10.8,TRUE
2439,"Business, research and administrative professionals n.e.c.",Proportion of men (%),45 to 49 years,9.3,TRUE
2439,"Business, research and administrative professionals n.e.c.",Proportion of men (%),40 to 44 years,10.9,TRUE
2439,"Business, research and administrative professionals n.e.c.",Proportion of men (%),35 to 39 years,12.3,TRUE
2439,"Business, research and administrative professionals n.e.c.",Proportion of men (%),30 to 34 years,14.7,TRUE
2439,"Business, research and administrative professionals n.e.c.",Proportion of men (%),25 to 29 years,18.5,TRUE
2439,"Business, research and administrative professionals n.e.c.",Proportion of men (%),20 to 24 years,6,TRUE
2439,"Business, research and administrative professionals n.e.c.",Proportion of men (%),16 to 19 years,0.1,TRUE
2440,Business and financial project management professionals,Proportion of women (%),65 years and over,0.8,TRUE
2440,Business and financial project management professionals,Proportion of women (%),60 to 64 years,2.8,TRUE
2440,Business and financial project management professionals,Proportion of women (%),55 to 59 years,7.3,TRUE
2440,Business and financial project management professionals,Proportion of women (%),50 to 54 years,11.3,TRUE
2440,Business and financial project management professionals,Proportion of women (%),45 to 49 years,13.3,TRUE
2440,Business and financial project management professionals,Proportion of women (%),40 to 44 years,15.7,TRUE
2440,Business and financial project management professionals,Proportion of women (%),35 to 39 years,16.9,TRUE
2440,Business and financial project management professionals,Proportion of women (%),30 to 34 years,16.4,TRUE
2440,Business and financial project management professionals,Proportion of women (%),25 to 29 years,12.1,TRUE
2440,Business and financial project management professionals,Proportion of women (%),20 to 24 years,3.3,TRUE
2440,Business and financial project management professionals,Proportion of women (%),16 to 19 years,0.1,TRUE
2440,Business and financial project management professionals,Proportion of men (%),65 years and over,2.2,TRUE
2440,Business and financial project management professionals,Proportion of men (%),60 to 64 years,5.8,TRUE
2440,Business and financial project management professionals,Proportion of men (%),55 to 59 years,11,TRUE
2440,Business and financial project management professionals,Proportion of men (%),50 to 54 years,14,TRUE
2440,Business and financial project management professionals,Proportion of men (%),45 to 49 years,14.4,TRUE
2440,Business and financial project management professionals,Proportion of men (%),40 to 44 years,14.5,TRUE
2440,Business and financial project management professionals,Proportion of men (%),35 to 39 years,14.9,TRUE
2440,Business and financial project management professionals,Proportion of men (%),30 to 34 years,12.6,TRUE
2440,Business and financial project management professionals,Proportion of men (%),25 to 29 years,8.1,TRUE
2440,Business and financial project management professionals,Proportion of men (%),20 to 24 years,2.4,TRUE
2440,Business and financial project management professionals,Proportion of men (%),16 to 19 years,0.2,TRUE
2451,Architects,Proportion of women (%),65 years and over,2.5,TRUE
2451,Architects,Proportion of women (%),60 to 64 years,3.1,TRUE
2451,Architects,Proportion of women (%),55 to 59 years,6,TRUE
2451,Architects,Proportion of women (%),50 to 54 years,7.6,TRUE
2451,Architects,Proportion of women (%),45 to 49 years,9.8,TRUE
2451,Architects,Proportion of women (%),40 to 44 years,15.2,TRUE
2451,Architects,Proportion of women (%),35 to 39 years,19.8,TRUE
2451,Architects,Proportion of women (%),30 to 34 years,20.1,TRUE
2451,Architects,Proportion of women (%),25 to 29 years,11.3,TRUE
2451,Architects,Proportion of women (%),20 to 24 years,4.2,TRUE
2451,Architects,Proportion of women (%),16 to 19 years,0.2,TRUE
2451,Architects,Proportion of men (%),65 years and over,8.9,TRUE
2451,Architects,Proportion of men (%),60 to 64 years,6.5,TRUE
2451,Architects,Proportion of men (%),55 to 59 years,8.3,TRUE
2451,Architects,Proportion of men (%),50 to 54 years,11.1,TRUE
2451,Architects,Proportion of men (%),45 to 49 years,13.2,TRUE
2451,Architects,Proportion of men (%),40 to 44 years,15,TRUE
2451,Architects,Proportion of men (%),35 to 39 years,15.7,TRUE
2451,Architects,Proportion of men (%),30 to 34 years,12.3,TRUE
2451,Architects,Proportion of men (%),25 to 29 years,6.4,TRUE
2451,Architects,Proportion of men (%),20 to 24 years,2.2,TRUE
2451,Architects,Proportion of men (%),16 to 19 years,0.3,TRUE
2452,"Chartered architectural technologists, planning officers and consultants",Proportion of women (%),65 years and over,1.7,TRUE
2452,"Chartered architectural technologists, planning officers and consultants",Proportion of women (%),60 to 64 years,3,TRUE
2452,"Chartered architectural technologists, planning officers and consultants",Proportion of women (%),55 to 59 years,7.2,TRUE
2452,"Chartered architectural technologists, planning officers and consultants",Proportion of women (%),50 to 54 years,8.3,TRUE
2452,"Chartered architectural technologists, planning officers and consultants",Proportion of women (%),45 to 49 years,9.7,TRUE
2452,"Chartered architectural technologists, planning officers and consultants",Proportion of women (%),40 to 44 years,13.6,TRUE
2452,"Chartered architectural technologists, planning officers and consultants",Proportion of women (%),35 to 39 years,16.9,TRUE
2452,"Chartered architectural technologists, planning officers and consultants",Proportion of women (%),30 to 34 years,16.6,TRUE
2452,"Chartered architectural technologists, planning officers and consultants",Proportion of women (%),25 to 29 years,16.6,TRUE
2452,"Chartered architectural technologists, planning officers and consultants",Proportion of women (%),20 to 24 years,6.1,TRUE
2452,"Chartered architectural technologists, planning officers and consultants",Proportion of women (%),16 to 19 years,0.2,TRUE
2452,"Chartered architectural technologists, planning officers and consultants",Proportion of men (%),65 years and over,8.6,TRUE
2452,"Chartered architectural technologists, planning officers and consultants",Proportion of men (%),60 to 64 years,6.3,TRUE
2452,"Chartered architectural technologists, planning officers and consultants",Proportion of men (%),55 to 59 years,8.5,TRUE
2452,"Chartered architectural technologists, planning officers and consultants",Proportion of men (%),50 to 54 years,9.5,TRUE
2452,"Chartered architectural technologists, planning officers and consultants",Proportion of men (%),45 to 49 years,10,TRUE
2452,"Chartered architectural technologists, planning officers and consultants",Proportion of men (%),40 to 44 years,12.7,TRUE
2452,"Chartered architectural technologists, planning officers and consultants",Proportion of men (%),35 to 39 years,14.1,TRUE
2452,"Chartered architectural technologists, planning officers and consultants",Proportion of men (%),30 to 34 years,13.3,TRUE
2452,"Chartered architectural technologists, planning officers and consultants",Proportion of men (%),25 to 29 years,12.1,TRUE
2452,"Chartered architectural technologists, planning officers and consultants",Proportion of men (%),20 to 24 years,4.4,TRUE
2452,"Chartered architectural technologists, planning officers and consultants",Proportion of men (%),16 to 19 years,0.3,TRUE
2453,Quantity surveyors,Proportion of women (%),65 years and over,0.5,TRUE
2453,Quantity surveyors,Proportion of women (%),60 to 64 years,1.2,TRUE
2453,Quantity surveyors,Proportion of women (%),55 to 59 years,2.6,TRUE
2453,Quantity surveyors,Proportion of women (%),50 to 54 years,5.5,TRUE
2453,Quantity surveyors,Proportion of women (%),45 to 49 years,7.2,TRUE
2453,Quantity surveyors,Proportion of women (%),40 to 44 years,11.6,TRUE
2453,Quantity surveyors,Proportion of women (%),35 to 39 years,14.7,TRUE
2453,Quantity surveyors,Proportion of women (%),30 to 34 years,19.5,TRUE
2453,Quantity surveyors,Proportion of women (%),25 to 29 years,20.4,TRUE
2453,Quantity surveyors,Proportion of women (%),20 to 24 years,15,TRUE
2453,Quantity surveyors,Proportion of women (%),16 to 19 years,1.8,TRUE
2453,Quantity surveyors,Proportion of men (%),65 years and over,4.6,TRUE
2453,Quantity surveyors,Proportion of men (%),60 to 64 years,5.2,TRUE
2453,Quantity surveyors,Proportion of men (%),55 to 59 years,6.5,TRUE
2453,Quantity surveyors,Proportion of men (%),50 to 54 years,7.7,TRUE
2453,Quantity surveyors,Proportion of men (%),45 to 49 years,7.7,TRUE
2453,Quantity surveyors,Proportion of men (%),40 to 44 years,8.5,TRUE
2453,Quantity surveyors,Proportion of men (%),35 to 39 years,11.3,TRUE
2453,Quantity surveyors,Proportion of men (%),30 to 34 years,15.9,TRUE
2453,Quantity surveyors,Proportion of men (%),25 to 29 years,17.5,TRUE
2453,Quantity surveyors,Proportion of men (%),20 to 24 years,13.4,TRUE
2453,Quantity surveyors,Proportion of men (%),16 to 19 years,1.8,TRUE
2454,Chartered surveyors,Proportion of women (%),65 years and over,1.2,TRUE
2454,Chartered surveyors,Proportion of women (%),60 to 64 years,3.1,TRUE
2454,Chartered surveyors,Proportion of women (%),55 to 59 years,6.6,TRUE
2454,Chartered surveyors,Proportion of women (%),50 to 54 years,9.5,TRUE
2454,Chartered surveyors,Proportion of women (%),45 to 49 years,9,TRUE
2454,Chartered surveyors,Proportion of women (%),40 to 44 years,10.4,TRUE
2454,Chartered surveyors,Proportion of women (%),35 to 39 years,13.5,TRUE
2454,Chartered surveyors,Proportion of women (%),30 to 34 years,16.2,TRUE
2454,Chartered surveyors,Proportion of women (%),25 to 29 years,19.7,TRUE
2454,Chartered surveyors,Proportion of women (%),20 to 24 years,10.2,TRUE
2454,Chartered surveyors,Proportion of women (%),16 to 19 years,0.6,TRUE
2454,Chartered surveyors,Proportion of men (%),65 years and over,9.3,TRUE
2454,Chartered surveyors,Proportion of men (%),60 to 64 years,9.7,TRUE
2454,Chartered surveyors,Proportion of men (%),55 to 59 years,12.5,TRUE
2454,Chartered surveyors,Proportion of men (%),50 to 54 years,11.7,TRUE
2454,Chartered surveyors,Proportion of men (%),45 to 49 years,9.9,TRUE
2454,Chartered surveyors,Proportion of men (%),40 to 44 years,9.2,TRUE
2454,Chartered surveyors,Proportion of men (%),35 to 39 years,9.9,TRUE
2454,Chartered surveyors,Proportion of men (%),30 to 34 years,11.1,TRUE
2454,Chartered surveyors,Proportion of men (%),25 to 29 years,10.5,TRUE
2454,Chartered surveyors,Proportion of men (%),20 to 24 years,5.5,TRUE
2454,Chartered surveyors,Proportion of men (%),16 to 19 years,0.6,TRUE
2455,Construction project managers and related professionals,Proportion of women (%),65 years and over,0.7,TRUE
2455,Construction project managers and related professionals,Proportion of women (%),60 to 64 years,2.2,TRUE
2455,Construction project managers and related professionals,Proportion of women (%),55 to 59 years,5.6,TRUE
2455,Construction project managers and related professionals,Proportion of women (%),50 to 54 years,7.9,TRUE
2455,Construction project managers and related professionals,Proportion of women (%),45 to 49 years,10.1,TRUE
2455,Construction project managers and related professionals,Proportion of women (%),40 to 44 years,13.6,TRUE
2455,Construction project managers and related professionals,Proportion of women (%),35 to 39 years,16.7,TRUE
2455,Construction project managers and related professionals,Proportion of women (%),30 to 34 years,18.4,TRUE
2455,Construction project managers and related professionals,Proportion of women (%),25 to 29 years,17.3,TRUE
2455,Construction project managers and related professionals,Proportion of women (%),20 to 24 years,7,TRUE
2455,Construction project managers and related professionals,Proportion of women (%),16 to 19 years,0.5,TRUE
2455,Construction project managers and related professionals,Proportion of men (%),65 years and over,3.3,TRUE
2455,Construction project managers and related professionals,Proportion of men (%),60 to 64 years,7.2,TRUE
2455,Construction project managers and related professionals,Proportion of men (%),55 to 59 years,12.2,TRUE
2455,Construction project managers and related professionals,Proportion of men (%),50 to 54 years,14.9,TRUE
2455,Construction project managers and related professionals,Proportion of men (%),45 to 49 years,13,TRUE
2455,Construction project managers and related professionals,Proportion of men (%),40 to 44 years,12.9,TRUE
2455,Construction project managers and related professionals,Proportion of men (%),35 to 39 years,14.1,TRUE
2455,Construction project managers and related professionals,Proportion of men (%),30 to 34 years,12.8,TRUE
2455,Construction project managers and related professionals,Proportion of men (%),25 to 29 years,7.2,TRUE
2455,Construction project managers and related professionals,Proportion of men (%),20 to 24 years,2.2,TRUE
2455,Construction project managers and related professionals,Proportion of men (%),16 to 19 years,0.2,TRUE
2461,Social workers,Proportion of women (%),65 years and over,2.5,TRUE
2461,Social workers,Proportion of women (%),60 to 64 years,6.3,TRUE
2461,Social workers,Proportion of women (%),55 to 59 years,10.8,TRUE
2461,Social workers,Proportion of women (%),50 to 54 years,12.3,TRUE
2461,Social workers,Proportion of women (%),45 to 49 years,12.1,TRUE
2461,Social workers,Proportion of women (%),40 to 44 years,13.1,TRUE
2461,Social workers,Proportion of women (%),35 to 39 years,13.9,TRUE
2461,Social workers,Proportion of women (%),30 to 34 years,14.3,TRUE
2461,Social workers,Proportion of women (%),25 to 29 years,10.8,TRUE
2461,Social workers,Proportion of women (%),20 to 24 years,3.7,TRUE
2461,Social workers,Proportion of women (%),16 to 19 years,0.1,TRUE
2461,Social workers,Proportion of men (%),65 years and over,4.2,TRUE
2461,Social workers,Proportion of men (%),60 to 64 years,9.8,TRUE
2461,Social workers,Proportion of men (%),55 to 59 years,14.9,TRUE
2461,Social workers,Proportion of men (%),50 to 54 years,14.9,TRUE
2461,Social workers,Proportion of men (%),45 to 49 years,13.5,TRUE
2461,Social workers,Proportion of men (%),40 to 44 years,12.8,TRUE
2461,Social workers,Proportion of men (%),35 to 39 years,12.3,TRUE
2461,Social workers,Proportion of men (%),30 to 34 years,9.5,TRUE
2461,Social workers,Proportion of men (%),25 to 29 years,6.4,TRUE
2461,Social workers,Proportion of men (%),20 to 24 years,1.6,TRUE
2461,Social workers,Proportion of men (%),16 to 19 years,0.1,TRUE
2462,Probation officers,Proportion of women (%),65 years and over,2.2,FALSE
2462,Probation officers,Proportion of women (%),60 to 64 years,5.6,FALSE
2462,Probation officers,Proportion of women (%),55 to 59 years,9.3,FALSE
2462,Probation officers,Proportion of women (%),50 to 54 years,10.4,FALSE
2462,Probation officers,Proportion of women (%),45 to 49 years,11,FALSE
2462,Probation officers,Proportion of women (%),40 to 44 years,16,FALSE
2462,Probation officers,Proportion of women (%),35 to 39 years,15.1,FALSE
2462,Probation officers,Proportion of women (%),30 to 34 years,12.8,FALSE
2462,Probation officers,Proportion of women (%),25 to 29 years,13.9,FALSE
2462,Probation officers,Proportion of women (%),20 to 24 years,3.7,FALSE
2462,Probation officers,Proportion of women (%),16 to 19 years,null,FALSE
2462,Probation officers,Proportion of men (%),65 years and over,4.8,FALSE
2462,Probation officers,Proportion of men (%),60 to 64 years,11.2,FALSE
2462,Probation officers,Proportion of men (%),55 to 59 years,16.5,FALSE
2462,Probation officers,Proportion of men (%),50 to 54 years,14.6,FALSE
2462,Probation officers,Proportion of men (%),45 to 49 years,11.9,FALSE
2462,Probation officers,Proportion of men (%),40 to 44 years,13.3,FALSE
2462,Probation officers,Proportion of men (%),35 to 39 years,9.4,FALSE
2462,Probation officers,Proportion of men (%),30 to 34 years,9.3,FALSE
2462,Probation officers,Proportion of men (%),25 to 29 years,7.4,FALSE
2462,Probation officers,Proportion of men (%),20 to 24 years,1.3,FALSE
2462,Probation officers,Proportion of men (%),16 to 19 years,null,FALSE
2463,Clergy,Proportion of women (%),65 years and over,12.1,TRUE
2463,Clergy,Proportion of women (%),60 to 64 years,15.6,TRUE
2463,Clergy,Proportion of women (%),55 to 59 years,18.7,TRUE
2463,Clergy,Proportion of women (%),50 to 54 years,15.4,TRUE
2463,Clergy,Proportion of women (%),45 to 49 years,11.5,TRUE
2463,Clergy,Proportion of women (%),40 to 44 years,8.7,TRUE
2463,Clergy,Proportion of women (%),35 to 39 years,6.6,TRUE
2463,Clergy,Proportion of women (%),30 to 34 years,5.4,TRUE
2463,Clergy,Proportion of women (%),25 to 29 years,4.1,TRUE
2463,Clergy,Proportion of women (%),20 to 24 years,2,TRUE
2463,Clergy,Proportion of women (%),16 to 19 years,0.2,TRUE
2463,Clergy,Proportion of men (%),65 years and over,15.2,TRUE
2463,Clergy,Proportion of men (%),60 to 64 years,15.5,TRUE
2463,Clergy,Proportion of men (%),55 to 59 years,15.7,TRUE
2463,Clergy,Proportion of men (%),50 to 54 years,13.2,TRUE
2463,Clergy,Proportion of men (%),45 to 49 years,11.5,TRUE
2463,Clergy,Proportion of men (%),40 to 44 years,9.6,TRUE
2463,Clergy,Proportion of men (%),35 to 39 years,8.3,TRUE
2463,Clergy,Proportion of men (%),30 to 34 years,6.3,TRUE
2463,Clergy,Proportion of men (%),25 to 29 years,3.4,TRUE
2463,Clergy,Proportion of men (%),20 to 24 years,1.1,TRUE
2463,Clergy,Proportion of men (%),16 to 19 years,0.1,TRUE
2464,Youth work professionals,Proportion of women (%),65 years and over,2,TRUE
2464,Youth work professionals,Proportion of women (%),60 to 64 years,4.9,TRUE
2464,Youth work professionals,Proportion of women (%),55 to 59 years,9,TRUE
2464,Youth work professionals,Proportion of women (%),50 to 54 years,10.8,TRUE
2464,Youth work professionals,Proportion of women (%),45 to 49 years,11,TRUE
2464,Youth work professionals,Proportion of women (%),40 to 44 years,11.8,TRUE
2464,Youth work professionals,Proportion of women (%),35 to 39 years,11.7,TRUE
2464,Youth work professionals,Proportion of women (%),30 to 34 years,13.7,TRUE
2464,Youth work professionals,Proportion of women (%),25 to 29 years,15.2,TRUE
2464,Youth work professionals,Proportion of women (%),20 to 24 years,9,TRUE
2464,Youth work professionals,Proportion of women (%),16 to 19 years,1,TRUE
2464,Youth work professionals,Proportion of men (%),65 years and over,2.8,TRUE
2464,Youth work professionals,Proportion of men (%),60 to 64 years,6.1,TRUE
2464,Youth work professionals,Proportion of men (%),55 to 59 years,9.5,TRUE
2464,Youth work professionals,Proportion of men (%),50 to 54 years,10.5,TRUE
2464,Youth work professionals,Proportion of men (%),45 to 49 years,9.6,TRUE
2464,Youth work professionals,Proportion of men (%),40 to 44 years,9.8,TRUE
2464,Youth work professionals,Proportion of men (%),35 to 39 years,12.1,TRUE
2464,Youth work professionals,Proportion of men (%),30 to 34 years,15,TRUE
2464,Youth work professionals,Proportion of men (%),25 to 29 years,13.9,TRUE
2464,Youth work professionals,Proportion of men (%),20 to 24 years,9.2,TRUE
2464,Youth work professionals,Proportion of men (%),16 to 19 years,1.3,TRUE
2469,Welfare professionals n.e.c.,Proportion of women (%),65 years and over,4,TRUE
2469,Welfare professionals n.e.c.,Proportion of women (%),60 to 64 years,7.7,TRUE
2469,Welfare professionals n.e.c.,Proportion of women (%),55 to 59 years,12.1,TRUE
2469,Welfare professionals n.e.c.,Proportion of women (%),50 to 54 years,14.3,TRUE
2469,Welfare professionals n.e.c.,Proportion of women (%),45 to 49 years,12.7,TRUE
2469,Welfare professionals n.e.c.,Proportion of women (%),40 to 44 years,11.7,TRUE
2469,Welfare professionals n.e.c.,Proportion of women (%),35 to 39 years,12.5,TRUE
2469,Welfare professionals n.e.c.,Proportion of women (%),30 to 34 years,11.1,TRUE
2469,Welfare professionals n.e.c.,Proportion of women (%),25 to 29 years,9,TRUE
2469,Welfare professionals n.e.c.,Proportion of women (%),20 to 24 years,4.6,TRUE
2469,Welfare professionals n.e.c.,Proportion of women (%),16 to 19 years,0.3,TRUE
2469,Welfare professionals n.e.c.,Proportion of men (%),65 years and over,6.3,TRUE
2469,Welfare professionals n.e.c.,Proportion of men (%),60 to 64 years,9.3,TRUE
2469,Welfare professionals n.e.c.,Proportion of men (%),55 to 59 years,13.1,TRUE
2469,Welfare professionals n.e.c.,Proportion of men (%),50 to 54 years,12.5,TRUE
2469,Welfare professionals n.e.c.,Proportion of men (%),45 to 49 years,11.8,TRUE
2469,Welfare professionals n.e.c.,Proportion of men (%),40 to 44 years,11.9,TRUE
2469,Welfare professionals n.e.c.,Proportion of men (%),35 to 39 years,10.5,TRUE
2469,Welfare professionals n.e.c.,Proportion of men (%),30 to 34 years,10.6,TRUE
2469,Welfare professionals n.e.c.,Proportion of men (%),25 to 29 years,9,TRUE
2469,Welfare professionals n.e.c.,Proportion of men (%),20 to 24 years,4.3,TRUE
2469,Welfare professionals n.e.c.,Proportion of men (%),16 to 19 years,0.5,TRUE
2471,Librarians,Proportion of women (%),65 years and over,6.2,TRUE
2471,Librarians,Proportion of women (%),60 to 64 years,12.8,TRUE
2471,Librarians,Proportion of women (%),55 to 59 years,18.2,TRUE
2471,Librarians,Proportion of women (%),50 to 54 years,15.9,TRUE
2471,Librarians,Proportion of women (%),45 to 49 years,14.5,TRUE
2471,Librarians,Proportion of women (%),40 to 44 years,11.6,TRUE
2471,Librarians,Proportion of women (%),35 to 39 years,8.2,TRUE
2471,Librarians,Proportion of women (%),30 to 34 years,5.9,TRUE
2471,Librarians,Proportion of women (%),25 to 29 years,4,TRUE
2471,Librarians,Proportion of women (%),20 to 24 years,2.1,TRUE
2471,Librarians,Proportion of women (%),16 to 19 years,0.4,TRUE
2471,Librarians,Proportion of men (%),65 years and over,6.3,TRUE
2471,Librarians,Proportion of men (%),60 to 64 years,8.7,TRUE
2471,Librarians,Proportion of men (%),55 to 59 years,13.2,TRUE
2471,Librarians,Proportion of men (%),50 to 54 years,14.6,TRUE
2471,Librarians,Proportion of men (%),45 to 49 years,13.6,TRUE
2471,Librarians,Proportion of men (%),40 to 44 years,12.9,TRUE
2471,Librarians,Proportion of men (%),35 to 39 years,11.1,TRUE
2471,Librarians,Proportion of men (%),30 to 34 years,9.1,TRUE
2471,Librarians,Proportion of men (%),25 to 29 years,6.9,TRUE
2471,Librarians,Proportion of men (%),20 to 24 years,3,TRUE
2471,Librarians,Proportion of men (%),16 to 19 years,0.7,TRUE
2472,"Archivists, conservators and curators",Proportion of women (%),65 years and over,5.9,TRUE
2472,"Archivists, conservators and curators",Proportion of women (%),60 to 64 years,6.5,TRUE
2472,"Archivists, conservators and curators",Proportion of women (%),55 to 59 years,9,TRUE
2472,"Archivists, conservators and curators",Proportion of women (%),50 to 54 years,11.2,TRUE
2472,"Archivists, conservators and curators",Proportion of women (%),45 to 49 years,11.2,TRUE
2472,"Archivists, conservators and curators",Proportion of women (%),40 to 44 years,13.5,TRUE
2472,"Archivists, conservators and curators",Proportion of women (%),35 to 39 years,15.1,TRUE
2472,"Archivists, conservators and curators",Proportion of women (%),30 to 34 years,14.7,TRUE
2472,"Archivists, conservators and curators",Proportion of women (%),25 to 29 years,10.3,TRUE
2472,"Archivists, conservators and curators",Proportion of women (%),20 to 24 years,2.4,TRUE
2472,"Archivists, conservators and curators",Proportion of women (%),16 to 19 years,0.2,TRUE
2472,"Archivists, conservators and curators",Proportion of men (%),65 years and over,10.9,TRUE
2472,"Archivists, conservators and curators",Proportion of men (%),60 to 64 years,10.3,TRUE
2472,"Archivists, conservators and curators",Proportion of men (%),55 to 59 years,13.3,TRUE
2472,"Archivists, conservators and curators",Proportion of men (%),50 to 54 years,12.6,TRUE
2472,"Archivists, conservators and curators",Proportion of men (%),45 to 49 years,11,TRUE
2472,"Archivists, conservators and curators",Proportion of men (%),40 to 44 years,10.4,TRUE
2472,"Archivists, conservators and curators",Proportion of men (%),35 to 39 years,11.7,TRUE
2472,"Archivists, conservators and curators",Proportion of men (%),30 to 34 years,9.4,TRUE
2472,"Archivists, conservators and curators",Proportion of men (%),25 to 29 years,7.3,TRUE
2472,"Archivists, conservators and curators",Proportion of men (%),20 to 24 years,2.4,TRUE
2472,"Archivists, conservators and curators",Proportion of men (%),16 to 19 years,0.7,TRUE
2481,Quality control and planning engineers,Proportion of women (%),65 years and over,1,TRUE
2481,Quality control and planning engineers,Proportion of women (%),60 to 64 years,3.1,TRUE
2481,Quality control and planning engineers,Proportion of women (%),55 to 59 years,7.1,TRUE
2481,Quality control and planning engineers,Proportion of women (%),50 to 54 years,9.5,TRUE
2481,Quality control and planning engineers,Proportion of women (%),45 to 49 years,10.6,TRUE
2481,Quality control and planning engineers,Proportion of women (%),40 to 44 years,12.5,TRUE
2481,Quality control and planning engineers,Proportion of women (%),35 to 39 years,16.5,TRUE
2481,Quality control and planning engineers,Proportion of women (%),30 to 34 years,18.4,TRUE
2481,Quality control and planning engineers,Proportion of women (%),25 to 29 years,15.7,TRUE
2481,Quality control and planning engineers,Proportion of women (%),20 to 24 years,5.5,TRUE
2481,Quality control and planning engineers,Proportion of women (%),16 to 19 years,0.3,TRUE
2481,Quality control and planning engineers,Proportion of men (%),65 years and over,3.6,TRUE
2481,Quality control and planning engineers,Proportion of men (%),60 to 64 years,7.7,TRUE
2481,Quality control and planning engineers,Proportion of men (%),55 to 59 years,11.5,TRUE
2481,Quality control and planning engineers,Proportion of men (%),50 to 54 years,12.3,TRUE
2481,Quality control and planning engineers,Proportion of men (%),45 to 49 years,11.1,TRUE
2481,Quality control and planning engineers,Proportion of men (%),40 to 44 years,10.7,TRUE
2481,Quality control and planning engineers,Proportion of men (%),35 to 39 years,12,TRUE
2481,Quality control and planning engineers,Proportion of men (%),30 to 34 years,13.8,TRUE
2481,Quality control and planning engineers,Proportion of men (%),25 to 29 years,12.3,TRUE
2481,Quality control and planning engineers,Proportion of men (%),20 to 24 years,4.6,TRUE
2481,Quality control and planning engineers,Proportion of men (%),16 to 19 years,0.3,TRUE
2482,Quality assurance and regulatory professionals,Proportion of women (%),65 years and over,1.3,TRUE
2482,Quality assurance and regulatory professionals,Proportion of women (%),60 to 64 years,4.3,TRUE
2482,Quality assurance and regulatory professionals,Proportion of women (%),55 to 59 years,9.6,TRUE
2482,Quality assurance and regulatory professionals,Proportion of women (%),50 to 54 years,13.3,TRUE
2482,Quality assurance and regulatory professionals,Proportion of women (%),45 to 49 years,14.1,TRUE
2482,Quality assurance and regulatory professionals,Proportion of women (%),40 to 44 years,14.8,TRUE
2482,Quality assurance and regulatory professionals,Proportion of women (%),35 to 39 years,15.6,TRUE
2482,Quality assurance and regulatory professionals,Proportion of women (%),30 to 34 years,14.2,TRUE
2482,Quality assurance and regulatory professionals,Proportion of women (%),25 to 29 years,9.6,TRUE
2482,Quality assurance and regulatory professionals,Proportion of women (%),20 to 24 years,3.1,TRUE
2482,Quality assurance and regulatory professionals,Proportion of women (%),16 to 19 years,0.2,TRUE
2482,Quality assurance and regulatory professionals,Proportion of men (%),65 years and over,3.2,TRUE
2482,Quality assurance and regulatory professionals,Proportion of men (%),60 to 64 years,7.5,TRUE
2482,Quality assurance and regulatory professionals,Proportion of men (%),55 to 59 years,12.6,TRUE
2482,Quality assurance and regulatory professionals,Proportion of men (%),50 to 54 years,14.8,TRUE
2482,Quality assurance and regulatory professionals,Proportion of men (%),45 to 49 years,14.1,TRUE
2482,Quality assurance and regulatory professionals,Proportion of men (%),40 to 44 years,13.5,TRUE
2482,Quality assurance and regulatory professionals,Proportion of men (%),35 to 39 years,13.5,TRUE
2482,Quality assurance and regulatory professionals,Proportion of men (%),30 to 34 years,11.5,TRUE
2482,Quality assurance and regulatory professionals,Proportion of men (%),25 to 29 years,7.2,TRUE
2482,Quality assurance and regulatory professionals,Proportion of men (%),20 to 24 years,2,TRUE
2482,Quality assurance and regulatory professionals,Proportion of men (%),16 to 19 years,0.2,TRUE
2483,Environmental health professionals,Proportion of women (%),65 years and over,1.3,FALSE
2483,Environmental health professionals,Proportion of women (%),60 to 64 years,5.2,FALSE
2483,Environmental health professionals,Proportion of women (%),55 to 59 years,11.9,FALSE
2483,Environmental health professionals,Proportion of women (%),50 to 54 years,16.8,FALSE
2483,Environmental health professionals,Proportion of women (%),45 to 49 years,16.9,FALSE
2483,Environmental health professionals,Proportion of women (%),40 to 44 years,15.6,FALSE
2483,Environmental health professionals,Proportion of women (%),35 to 39 years,13.4,FALSE
2483,Environmental health professionals,Proportion of women (%),30 to 34 years,8.4,FALSE
2483,Environmental health professionals,Proportion of women (%),25 to 29 years,7.6,FALSE
2483,Environmental health professionals,Proportion of women (%),20 to 24 years,2.7,FALSE
2483,Environmental health professionals,Proportion of women (%),16 to 19 years,null,FALSE
2483,Environmental health professionals,Proportion of men (%),65 years and over,4.7,FALSE
2483,Environmental health professionals,Proportion of men (%),60 to 64 years,10.5,FALSE
2483,Environmental health professionals,Proportion of men (%),55 to 59 years,15.2,FALSE
2483,Environmental health professionals,Proportion of men (%),50 to 54 years,14.8,FALSE
2483,Environmental health professionals,Proportion of men (%),45 to 49 years,14.3,FALSE
2483,Environmental health professionals,Proportion of men (%),40 to 44 years,13.6,FALSE
2483,Environmental health professionals,Proportion of men (%),35 to 39 years,10.7,FALSE
2483,Environmental health professionals,Proportion of men (%),30 to 34 years,7.3,FALSE
2483,Environmental health professionals,Proportion of men (%),25 to 29 years,6.7,FALSE
2483,Environmental health professionals,Proportion of men (%),20 to 24 years,2.1,FALSE
2483,Environmental health professionals,Proportion of men (%),16 to 19 years,null,FALSE
2491,"Newspaper, periodical and broadcast editors",Proportion of women (%),65 years and over,4.6,TRUE
2491,"Newspaper, periodical and broadcast editors",Proportion of women (%),60 to 64 years,4.9,TRUE
2491,"Newspaper, periodical and broadcast editors",Proportion of women (%),55 to 59 years,7.9,TRUE
2491,"Newspaper, periodical and broadcast editors",Proportion of women (%),50 to 54 years,9.5,TRUE
2491,"Newspaper, periodical and broadcast editors",Proportion of women (%),45 to 49 years,10.9,TRUE
2491,"Newspaper, periodical and broadcast editors",Proportion of women (%),40 to 44 years,12.4,TRUE
2491,"Newspaper, periodical and broadcast editors",Proportion of women (%),35 to 39 years,14.5,TRUE
2491,"Newspaper, periodical and broadcast editors",Proportion of women (%),30 to 34 years,16.1,TRUE
2491,"Newspaper, periodical and broadcast editors",Proportion of women (%),25 to 29 years,14.8,TRUE
2491,"Newspaper, periodical and broadcast editors",Proportion of women (%),20 to 24 years,4.1,TRUE
2491,"Newspaper, periodical and broadcast editors",Proportion of women (%),16 to 19 years,0.2,TRUE
2491,"Newspaper, periodical and broadcast editors",Proportion of men (%),65 years and over,7,TRUE
2491,"Newspaper, periodical and broadcast editors",Proportion of men (%),60 to 64 years,5.9,TRUE
2491,"Newspaper, periodical and broadcast editors",Proportion of men (%),55 to 59 years,9.5,TRUE
2491,"Newspaper, periodical and broadcast editors",Proportion of men (%),50 to 54 years,10.6,TRUE
2491,"Newspaper, periodical and broadcast editors",Proportion of men (%),45 to 49 years,12.3,TRUE
2491,"Newspaper, periodical and broadcast editors",Proportion of men (%),40 to 44 years,13.4,TRUE
2491,"Newspaper, periodical and broadcast editors",Proportion of men (%),35 to 39 years,13,TRUE
2491,"Newspaper, periodical and broadcast editors",Proportion of men (%),30 to 34 years,13.5,TRUE
2491,"Newspaper, periodical and broadcast editors",Proportion of men (%),25 to 29 years,10.9,TRUE
2491,"Newspaper, periodical and broadcast editors",Proportion of men (%),20 to 24 years,3.5,TRUE
2491,"Newspaper, periodical and broadcast editors",Proportion of men (%),16 to 19 years,0.3,TRUE
2492,Newspaper and periodical broadcast journalists and reporters,Proportion of women (%),65 years and over,4.8,TRUE
2492,Newspaper and periodical broadcast journalists and reporters,Proportion of women (%),60 to 64 years,4.8,TRUE
2492,Newspaper and periodical broadcast journalists and reporters,Proportion of women (%),55 to 59 years,7.2,TRUE
2492,Newspaper and periodical broadcast journalists and reporters,Proportion of women (%),50 to 54 years,8.8,TRUE
2492,Newspaper and periodical broadcast journalists and reporters,Proportion of women (%),45 to 49 years,10.4,TRUE
2492,Newspaper and periodical broadcast journalists and reporters,Proportion of women (%),40 to 44 years,12.2,TRUE
2492,Newspaper and periodical broadcast journalists and reporters,Proportion of women (%),35 to 39 years,14,TRUE
2492,Newspaper and periodical broadcast journalists and reporters,Proportion of women (%),30 to 34 years,13,TRUE
2492,Newspaper and periodical broadcast journalists and reporters,Proportion of women (%),25 to 29 years,16.5,TRUE
2492,Newspaper and periodical broadcast journalists and reporters,Proportion of women (%),20 to 24 years,8.1,TRUE
2492,Newspaper and periodical broadcast journalists and reporters,Proportion of women (%),16 to 19 years,0.3,TRUE
2492,Newspaper and periodical broadcast journalists and reporters,Proportion of men (%),65 years and over,8.8,TRUE
2492,Newspaper and periodical broadcast journalists and reporters,Proportion of men (%),60 to 64 years,6.9,TRUE
2492,Newspaper and periodical broadcast journalists and reporters,Proportion of men (%),55 to 59 years,9.3,TRUE
2492,Newspaper and periodical broadcast journalists and reporters,Proportion of men (%),50 to 54 years,9.9,TRUE
2492,Newspaper and periodical broadcast journalists and reporters,Proportion of men (%),45 to 49 years,10.6,TRUE
2492,Newspaper and periodical broadcast journalists and reporters,Proportion of men (%),40 to 44 years,10.4,TRUE
2492,Newspaper and periodical broadcast journalists and reporters,Proportion of men (%),35 to 39 years,10.8,TRUE
2492,Newspaper and periodical broadcast journalists and reporters,Proportion of men (%),30 to 34 years,11.6,TRUE
2492,Newspaper and periodical broadcast journalists and reporters,Proportion of men (%),25 to 29 years,14.5,TRUE
2492,Newspaper and periodical broadcast journalists and reporters,Proportion of men (%),20 to 24 years,7,TRUE
2492,Newspaper and periodical broadcast journalists and reporters,Proportion of men (%),16 to 19 years,0.2,TRUE
2493,Public relations professionals,Proportion of women (%),65 years and over,1,TRUE
2493,Public relations professionals,Proportion of women (%),60 to 64 years,1.7,TRUE
2493,Public relations professionals,Proportion of women (%),55 to 59 years,3.6,TRUE
2493,Public relations professionals,Proportion of women (%),50 to 54 years,5,TRUE
2493,Public relations professionals,Proportion of women (%),45 to 49 years,6.9,TRUE
2493,Public relations professionals,Proportion of women (%),40 to 44 years,9.2,TRUE
2493,Public relations professionals,Proportion of women (%),35 to 39 years,11.5,TRUE
2493,Public relations professionals,Proportion of women (%),30 to 34 years,17.4,TRUE
2493,Public relations professionals,Proportion of women (%),25 to 29 years,27.3,TRUE
2493,Public relations professionals,Proportion of women (%),20 to 24 years,15.7,TRUE
2493,Public relations professionals,Proportion of women (%),16 to 19 years,0.8,TRUE
2493,Public relations professionals,Proportion of men (%),65 years and over,2,TRUE
2493,Public relations professionals,Proportion of men (%),60 to 64 years,2.9,TRUE
2493,Public relations professionals,Proportion of men (%),55 to 59 years,4.9,TRUE
2493,Public relations professionals,Proportion of men (%),50 to 54 years,5.7,TRUE
2493,Public relations professionals,Proportion of men (%),45 to 49 years,7.4,TRUE
2493,Public relations professionals,Proportion of men (%),40 to 44 years,9.4,TRUE
2493,Public relations professionals,Proportion of men (%),35 to 39 years,11.6,TRUE
2493,Public relations professionals,Proportion of men (%),30 to 34 years,17.6,TRUE
2493,Public relations professionals,Proportion of men (%),25 to 29 years,24.9,TRUE
2493,Public relations professionals,Proportion of men (%),20 to 24 years,12.2,TRUE
2493,Public relations professionals,Proportion of men (%),16 to 19 years,1.3,TRUE
2494,Advertising accounts managers and creative directors,Proportion of women (%),65 years and over,0.8,TRUE
2494,Advertising accounts managers and creative directors,Proportion of women (%),60 to 64 years,1.8,TRUE
2494,Advertising accounts managers and creative directors,Proportion of women (%),55 to 59 years,4.3,TRUE
2494,Advertising accounts managers and creative directors,Proportion of women (%),50 to 54 years,6.4,TRUE
2494,Advertising accounts managers and creative directors,Proportion of women (%),45 to 49 years,9.4,TRUE
2494,Advertising accounts managers and creative directors,Proportion of women (%),40 to 44 years,11.7,TRUE
2494,Advertising accounts managers and creative directors,Proportion of women (%),35 to 39 years,16,TRUE
2494,Advertising accounts managers and creative directors,Proportion of women (%),30 to 34 years,21.1,TRUE
2494,Advertising accounts managers and creative directors,Proportion of women (%),25 to 29 years,23.3,TRUE
2494,Advertising accounts managers and creative directors,Proportion of women (%),20 to 24 years,5.1,TRUE
2494,Advertising accounts managers and creative directors,Proportion of women (%),16 to 19 years,0.1,TRUE
2494,Advertising accounts managers and creative directors,Proportion of men (%),65 years and over,1.5,TRUE
2494,Advertising accounts managers and creative directors,Proportion of men (%),60 to 64 years,2.8,TRUE
2494,Advertising accounts managers and creative directors,Proportion of men (%),55 to 59 years,5.8,TRUE
2494,Advertising accounts managers and creative directors,Proportion of men (%),50 to 54 years,9.8,TRUE
2494,Advertising accounts managers and creative directors,Proportion of men (%),45 to 49 years,14.7,TRUE
2494,Advertising accounts managers and creative directors,Proportion of men (%),40 to 44 years,15.1,TRUE
2494,Advertising accounts managers and creative directors,Proportion of men (%),35 to 39 years,15.8,TRUE
2494,Advertising accounts managers and creative directors,Proportion of men (%),30 to 34 years,16.2,TRUE
2494,Advertising accounts managers and creative directors,Proportion of men (%),25 to 29 years,14.3,TRUE
2494,Advertising accounts managers and creative directors,Proportion of men (%),20 to 24 years,3.8,TRUE
2494,Advertising accounts managers and creative directors,Proportion of men (%),16 to 19 years,0.1,TRUE
3111,Laboratory technicians,Proportion of women (%),65 years and over,2.2,TRUE
3111,Laboratory technicians,Proportion of women (%),60 to 64 years,5.4,TRUE
3111,Laboratory technicians,Proportion of women (%),55 to 59 years,8.4,TRUE
3111,Laboratory technicians,Proportion of women (%),50 to 54 years,9.1,TRUE
3111,Laboratory technicians,Proportion of women (%),45 to 49 years,8.3,TRUE
3111,Laboratory technicians,Proportion of women (%),40 to 44 years,8.6,TRUE
3111,Laboratory technicians,Proportion of women (%),35 to 39 years,10,TRUE
3111,Laboratory technicians,Proportion of women (%),30 to 34 years,11.9,TRUE
3111,Laboratory technicians,Proportion of women (%),25 to 29 years,17.4,TRUE
3111,Laboratory technicians,Proportion of women (%),20 to 24 years,17,TRUE
3111,Laboratory technicians,Proportion of women (%),16 to 19 years,1.6,TRUE
3111,Laboratory technicians,Proportion of men (%),65 years and over,2.7,TRUE
3111,Laboratory technicians,Proportion of men (%),60 to 64 years,5.6,TRUE
3111,Laboratory technicians,Proportion of men (%),55 to 59 years,7.9,TRUE
3111,Laboratory technicians,Proportion of men (%),50 to 54 years,8.5,TRUE
3111,Laboratory technicians,Proportion of men (%),45 to 49 years,8.3,TRUE
3111,Laboratory technicians,Proportion of men (%),40 to 44 years,8.6,TRUE
3111,Laboratory technicians,Proportion of men (%),35 to 39 years,9.9,TRUE
3111,Laboratory technicians,Proportion of men (%),30 to 34 years,12.6,TRUE
3111,Laboratory technicians,Proportion of men (%),25 to 29 years,18.5,TRUE
3111,Laboratory technicians,Proportion of men (%),20 to 24 years,15.6,TRUE
3111,Laboratory technicians,Proportion of men (%),16 to 19 years,1.7,TRUE
3112,Electrical and electronics technicians ,Proportion of women (%),65 years and over,3.7,TRUE
3112,Electrical and electronics technicians ,Proportion of women (%),60 to 64 years,8.1,TRUE
3112,Electrical and electronics technicians ,Proportion of women (%),55 to 59 years,11.1,TRUE
3112,Electrical and electronics technicians ,Proportion of women (%),50 to 54 years,12.8,TRUE
3112,Electrical and electronics technicians ,Proportion of women (%),45 to 49 years,9.9,TRUE
3112,Electrical and electronics technicians ,Proportion of women (%),40 to 44 years,7.6,TRUE
3112,Electrical and electronics technicians ,Proportion of women (%),35 to 39 years,7.3,TRUE
3112,Electrical and electronics technicians ,Proportion of women (%),30 to 34 years,9.7,TRUE
3112,Electrical and electronics technicians ,Proportion of women (%),25 to 29 years,11.4,TRUE
3112,Electrical and electronics technicians ,Proportion of women (%),20 to 24 years,13.6,TRUE
3112,Electrical and electronics technicians ,Proportion of women (%),16 to 19 years,4.8,TRUE
3112,Electrical and electronics technicians ,Proportion of men (%),65 years and over,4.4,TRUE
3112,Electrical and electronics technicians ,Proportion of men (%),60 to 64 years,7.6,TRUE
3112,Electrical and electronics technicians ,Proportion of men (%),55 to 59 years,10.3,TRUE
3112,Electrical and electronics technicians ,Proportion of men (%),50 to 54 years,9,TRUE
3112,Electrical and electronics technicians ,Proportion of men (%),45 to 49 years,9.5,TRUE
3112,Electrical and electronics technicians ,Proportion of men (%),40 to 44 years,8.2,TRUE
3112,Electrical and electronics technicians ,Proportion of men (%),35 to 39 years,10.2,TRUE
3112,Electrical and electronics technicians ,Proportion of men (%),30 to 34 years,11.8,TRUE
3112,Electrical and electronics technicians ,Proportion of men (%),25 to 29 years,13.5,TRUE
3112,Electrical and electronics technicians ,Proportion of men (%),20 to 24 years,12.8,TRUE
3112,Electrical and electronics technicians ,Proportion of men (%),16 to 19 years,2.8,TRUE
3113,Engineering technicians ,Proportion of women (%),65 years and over,1.6,TRUE
3113,Engineering technicians ,Proportion of women (%),60 to 64 years,3.4,TRUE
3113,Engineering technicians ,Proportion of women (%),55 to 59 years,5.8,TRUE
3113,Engineering technicians ,Proportion of women (%),50 to 54 years,8.1,TRUE
3113,Engineering technicians ,Proportion of women (%),45 to 49 years,8.7,TRUE
3113,Engineering technicians ,Proportion of women (%),40 to 44 years,9.2,TRUE
3113,Engineering technicians ,Proportion of women (%),35 to 39 years,11.5,TRUE
3113,Engineering technicians ,Proportion of women (%),30 to 34 years,15.2,TRUE
3113,Engineering technicians ,Proportion of women (%),25 to 29 years,17.1,TRUE
3113,Engineering technicians ,Proportion of women (%),20 to 24 years,15,TRUE
3113,Engineering technicians ,Proportion of women (%),16 to 19 years,4.5,TRUE
3113,Engineering technicians ,Proportion of men (%),65 years and over,3.5,TRUE
3113,Engineering technicians ,Proportion of men (%),60 to 64 years,6.9,TRUE
3113,Engineering technicians ,Proportion of men (%),55 to 59 years,10.2,TRUE
3113,Engineering technicians ,Proportion of men (%),50 to 54 years,10,TRUE
3113,Engineering technicians ,Proportion of men (%),45 to 49 years,9.3,TRUE
3113,Engineering technicians ,Proportion of men (%),40 to 44 years,8.7,TRUE
3113,Engineering technicians ,Proportion of men (%),35 to 39 years,9.9,TRUE
3113,Engineering technicians ,Proportion of men (%),30 to 34 years,11.8,TRUE
3113,Engineering technicians ,Proportion of men (%),25 to 29 years,13.7,TRUE
3113,Engineering technicians ,Proportion of men (%),20 to 24 years,12,TRUE
3113,Engineering technicians ,Proportion of men (%),16 to 19 years,3.9,TRUE
3114,Building and civil engineering technicians ,Proportion of women (%),65 years and over,1.9,TRUE
3114,Building and civil engineering technicians ,Proportion of women (%),60 to 64 years,4.2,TRUE
3114,Building and civil engineering technicians ,Proportion of women (%),55 to 59 years,8.4,TRUE
3114,Building and civil engineering technicians ,Proportion of women (%),50 to 54 years,10.7,TRUE
3114,Building and civil engineering technicians ,Proportion of women (%),45 to 49 years,9.9,TRUE
3114,Building and civil engineering technicians ,Proportion of women (%),40 to 44 years,10.8,TRUE
3114,Building and civil engineering technicians ,Proportion of women (%),35 to 39 years,11.2,TRUE
3114,Building and civil engineering technicians ,Proportion of women (%),30 to 34 years,15.7,TRUE
3114,Building and civil engineering technicians ,Proportion of women (%),25 to 29 years,16,TRUE
3114,Building and civil engineering technicians ,Proportion of women (%),20 to 24 years,9.5,TRUE
3114,Building and civil engineering technicians ,Proportion of women (%),16 to 19 years,1.8,TRUE
3114,Building and civil engineering technicians ,Proportion of men (%),65 years and over,6.3,TRUE
3114,Building and civil engineering technicians ,Proportion of men (%),60 to 64 years,7.7,TRUE
3114,Building and civil engineering technicians ,Proportion of men (%),55 to 59 years,9.4,TRUE
3114,Building and civil engineering technicians ,Proportion of men (%),50 to 54 years,11.1,TRUE
3114,Building and civil engineering technicians ,Proportion of men (%),45 to 49 years,9.2,TRUE
3114,Building and civil engineering technicians ,Proportion of men (%),40 to 44 years,9.7,TRUE
3114,Building and civil engineering technicians ,Proportion of men (%),35 to 39 years,9.6,TRUE
3114,Building and civil engineering technicians ,Proportion of men (%),30 to 34 years,12,TRUE
3114,Building and civil engineering technicians ,Proportion of men (%),25 to 29 years,12.1,TRUE
3114,Building and civil engineering technicians ,Proportion of men (%),20 to 24 years,10.6,TRUE
3114,Building and civil engineering technicians ,Proportion of men (%),16 to 19 years,2.4,TRUE
3115,Quality assurance technicians ,Proportion of women (%),65 years and over,1.5,TRUE
3115,Quality assurance technicians ,Proportion of women (%),60 to 64 years,4.8,TRUE
3115,Quality assurance technicians ,Proportion of women (%),55 to 59 years,8.3,TRUE
3115,Quality assurance technicians ,Proportion of women (%),50 to 54 years,10.5,TRUE
3115,Quality assurance technicians ,Proportion of women (%),45 to 49 years,10.1,TRUE
3115,Quality assurance technicians ,Proportion of women (%),40 to 44 years,12,TRUE
3115,Quality assurance technicians ,Proportion of women (%),35 to 39 years,14.6,TRUE
3115,Quality assurance technicians ,Proportion of women (%),30 to 34 years,16.4,TRUE
3115,Quality assurance technicians ,Proportion of women (%),25 to 29 years,14.8,TRUE
3115,Quality assurance technicians ,Proportion of women (%),20 to 24 years,6.5,TRUE
3115,Quality assurance technicians ,Proportion of women (%),16 to 19 years,0.5,TRUE
3115,Quality assurance technicians ,Proportion of men (%),65 years and over,2.9,TRUE
3115,Quality assurance technicians ,Proportion of men (%),60 to 64 years,6.9,TRUE
3115,Quality assurance technicians ,Proportion of men (%),55 to 59 years,9.7,TRUE
3115,Quality assurance technicians ,Proportion of men (%),50 to 54 years,10.8,TRUE
3115,Quality assurance technicians ,Proportion of men (%),45 to 49 years,9.8,TRUE
3115,Quality assurance technicians ,Proportion of men (%),40 to 44 years,10,TRUE
3115,Quality assurance technicians ,Proportion of men (%),35 to 39 years,12.2,TRUE
3115,Quality assurance technicians ,Proportion of men (%),30 to 34 years,14.7,TRUE
3115,Quality assurance technicians ,Proportion of men (%),25 to 29 years,14.2,TRUE
3115,Quality assurance technicians ,Proportion of men (%),20 to 24 years,7.9,TRUE
3115,Quality assurance technicians ,Proportion of men (%),16 to 19 years,0.8,TRUE
3116,"Planning, process and production technicians",Proportion of women (%),65 years and over,0.9,TRUE
3116,"Planning, process and production technicians",Proportion of women (%),60 to 64 years,3.2,TRUE
3116,"Planning, process and production technicians",Proportion of women (%),55 to 59 years,7.3,TRUE
3116,"Planning, process and production technicians",Proportion of women (%),50 to 54 years,10.4,TRUE
3116,"Planning, process and production technicians",Proportion of women (%),45 to 49 years,9.3,TRUE
3116,"Planning, process and production technicians",Proportion of women (%),40 to 44 years,11,TRUE
3116,"Planning, process and production technicians",Proportion of women (%),35 to 39 years,12.8,TRUE
3116,"Planning, process and production technicians",Proportion of women (%),30 to 34 years,18.2,TRUE
3116,"Planning, process and production technicians",Proportion of women (%),25 to 29 years,19.1,TRUE
3116,"Planning, process and production technicians",Proportion of women (%),20 to 24 years,7.3,TRUE
3116,"Planning, process and production technicians",Proportion of women (%),16 to 19 years,0.5,TRUE
3116,"Planning, process and production technicians",Proportion of men (%),65 years and over,1.7,TRUE
3116,"Planning, process and production technicians",Proportion of men (%),60 to 64 years,6.9,TRUE
3116,"Planning, process and production technicians",Proportion of men (%),55 to 59 years,11.7,TRUE
3116,"Planning, process and production technicians",Proportion of men (%),50 to 54 years,13.4,TRUE
3116,"Planning, process and production technicians",Proportion of men (%),45 to 49 years,12.4,TRUE
3116,"Planning, process and production technicians",Proportion of men (%),40 to 44 years,11,TRUE
3116,"Planning, process and production technicians",Proportion of men (%),35 to 39 years,11.8,TRUE
3116,"Planning, process and production technicians",Proportion of men (%),30 to 34 years,13.1,TRUE
3116,"Planning, process and production technicians",Proportion of men (%),25 to 29 years,11.5,TRUE
3116,"Planning, process and production technicians",Proportion of men (%),20 to 24 years,5.6,TRUE
3116,"Planning, process and production technicians",Proportion of men (%),16 to 19 years,0.6,TRUE
3119,"Science, engineering and production technicians n.e.c.",Proportion of women (%),65 years and over,2.7,TRUE
3119,"Science, engineering and production technicians n.e.c.",Proportion of women (%),60 to 64 years,7.7,TRUE
3119,"Science, engineering and production technicians n.e.c.",Proportion of women (%),55 to 59 years,12.6,TRUE
3119,"Science, engineering and production technicians n.e.c.",Proportion of women (%),50 to 54 years,12.8,TRUE
3119,"Science, engineering and production technicians n.e.c.",Proportion of women (%),45 to 49 years,11.4,TRUE
3119,"Science, engineering and production technicians n.e.c.",Proportion of women (%),40 to 44 years,9.9,TRUE
3119,"Science, engineering and production technicians n.e.c.",Proportion of women (%),35 to 39 years,9.5,TRUE
3119,"Science, engineering and production technicians n.e.c.",Proportion of women (%),30 to 34 years,9.9,TRUE
3119,"Science, engineering and production technicians n.e.c.",Proportion of women (%),25 to 29 years,11.3,TRUE
3119,"Science, engineering and production technicians n.e.c.",Proportion of women (%),20 to 24 years,10.2,TRUE
3119,"Science, engineering and production technicians n.e.c.",Proportion of women (%),16 to 19 years,2.1,TRUE
3119,"Science, engineering and production technicians n.e.c.",Proportion of men (%),65 years and over,3.9,TRUE
3119,"Science, engineering and production technicians n.e.c.",Proportion of men (%),60 to 64 years,8,TRUE
3119,"Science, engineering and production technicians n.e.c.",Proportion of men (%),55 to 59 years,11,TRUE
3119,"Science, engineering and production technicians n.e.c.",Proportion of men (%),50 to 54 years,11,TRUE
3119,"Science, engineering and production technicians n.e.c.",Proportion of men (%),45 to 49 years,9.8,TRUE
3119,"Science, engineering and production technicians n.e.c.",Proportion of men (%),40 to 44 years,9.4,TRUE
3119,"Science, engineering and production technicians n.e.c.",Proportion of men (%),35 to 39 years,10.4,TRUE
3119,"Science, engineering and production technicians n.e.c.",Proportion of men (%),30 to 34 years,11.9,TRUE
3119,"Science, engineering and production technicians n.e.c.",Proportion of men (%),25 to 29 years,12.2,TRUE
3119,"Science, engineering and production technicians n.e.c.",Proportion of men (%),20 to 24 years,10.4,TRUE
3119,"Science, engineering and production technicians n.e.c.",Proportion of men (%),16 to 19 years,2.2,TRUE
3120,"CAD, drawing and architectural technicians",Proportion of women (%),65 years and over,1.9,TRUE
3120,"CAD, drawing and architectural technicians",Proportion of women (%),60 to 64 years,2.5,TRUE
3120,"CAD, drawing and architectural technicians",Proportion of women (%),55 to 59 years,4.7,TRUE
3120,"CAD, drawing and architectural technicians",Proportion of women (%),50 to 54 years,5.9,TRUE
3120,"CAD, drawing and architectural technicians",Proportion of women (%),45 to 49 years,7.3,TRUE
3120,"CAD, drawing and architectural technicians",Proportion of women (%),40 to 44 years,9.8,TRUE
3120,"CAD, drawing and architectural technicians",Proportion of women (%),35 to 39 years,13.3,TRUE
3120,"CAD, drawing and architectural technicians",Proportion of women (%),30 to 34 years,20.7,TRUE
3120,"CAD, drawing and architectural technicians",Proportion of women (%),25 to 29 years,22.9,TRUE
3120,"CAD, drawing and architectural technicians",Proportion of women (%),20 to 24 years,10.3,TRUE
3120,"CAD, drawing and architectural technicians",Proportion of women (%),16 to 19 years,0.6,TRUE
3120,"CAD, drawing and architectural technicians",Proportion of men (%),65 years and over,7.3,TRUE
3120,"CAD, drawing and architectural technicians",Proportion of men (%),60 to 64 years,6.7,TRUE
3120,"CAD, drawing and architectural technicians",Proportion of men (%),55 to 59 years,8.1,TRUE
3120,"CAD, drawing and architectural technicians",Proportion of men (%),50 to 54 years,9.3,TRUE
3120,"CAD, drawing and architectural technicians",Proportion of men (%),45 to 49 years,10.1,TRUE
3120,"CAD, drawing and architectural technicians",Proportion of men (%),40 to 44 years,10.2,TRUE
3120,"CAD, drawing and architectural technicians",Proportion of men (%),35 to 39 years,11.7,TRUE
3120,"CAD, drawing and architectural technicians",Proportion of men (%),30 to 34 years,13.5,TRUE
3120,"CAD, drawing and architectural technicians",Proportion of men (%),25 to 29 years,13.8,TRUE
3120,"CAD, drawing and architectural technicians",Proportion of men (%),20 to 24 years,8.1,TRUE
3120,"CAD, drawing and architectural technicians",Proportion of men (%),16 to 19 years,1.1,TRUE
3131,IT operations technicians,Proportion of women (%),65 years and over,1.5,TRUE
3131,IT operations technicians,Proportion of women (%),60 to 64 years,4.4,TRUE
3131,IT operations technicians,Proportion of women (%),55 to 59 years,8.8,TRUE
3131,IT operations technicians,Proportion of women (%),50 to 54 years,10.5,TRUE
3131,IT operations technicians,Proportion of women (%),45 to 49 years,11,TRUE
3131,IT operations technicians,Proportion of women (%),40 to 44 years,12,TRUE
3131,IT operations technicians,Proportion of women (%),35 to 39 years,13.7,TRUE
3131,IT operations technicians,Proportion of women (%),30 to 34 years,14.2,TRUE
3131,IT operations technicians,Proportion of women (%),25 to 29 years,13.7,TRUE
3131,IT operations technicians,Proportion of women (%),20 to 24 years,8.9,TRUE
3131,IT operations technicians,Proportion of women (%),16 to 19 years,1.4,TRUE
3131,IT operations technicians,Proportion of men (%),65 years and over,1.3,TRUE
3131,IT operations technicians,Proportion of men (%),60 to 64 years,3.7,TRUE
3131,IT operations technicians,Proportion of men (%),55 to 59 years,6.6,TRUE
3131,IT operations technicians,Proportion of men (%),50 to 54 years,9.7,TRUE
3131,IT operations technicians,Proportion of men (%),45 to 49 years,10.7,TRUE
3131,IT operations technicians,Proportion of men (%),40 to 44 years,11.7,TRUE
3131,IT operations technicians,Proportion of men (%),35 to 39 years,13.1,TRUE
3131,IT operations technicians,Proportion of men (%),30 to 34 years,12.9,TRUE
3131,IT operations technicians,Proportion of men (%),25 to 29 years,14.9,TRUE
3131,IT operations technicians,Proportion of men (%),20 to 24 years,13.1,TRUE
3131,IT operations technicians,Proportion of men (%),16 to 19 years,2.3,TRUE
3132,IT user support technicians,Proportion of women (%),65 years and over,1.4,TRUE
3132,IT user support technicians,Proportion of women (%),60 to 64 years,4.3,TRUE
3132,IT user support technicians,Proportion of women (%),55 to 59 years,8.7,TRUE
3132,IT user support technicians,Proportion of women (%),50 to 54 years,10.4,TRUE
3132,IT user support technicians,Proportion of women (%),45 to 49 years,10.6,TRUE
3132,IT user support technicians,Proportion of women (%),40 to 44 years,10.5,TRUE
3132,IT user support technicians,Proportion of women (%),35 to 39 years,12.2,TRUE
3132,IT user support technicians,Proportion of women (%),30 to 34 years,14.5,TRUE
3132,IT user support technicians,Proportion of women (%),25 to 29 years,16.5,TRUE
3132,IT user support technicians,Proportion of women (%),20 to 24 years,9.9,TRUE
3132,IT user support technicians,Proportion of women (%),16 to 19 years,0.9,TRUE
3132,IT user support technicians,Proportion of men (%),65 years and over,1.3,TRUE
3132,IT user support technicians,Proportion of men (%),60 to 64 years,3.7,TRUE
3132,IT user support technicians,Proportion of men (%),55 to 59 years,6.5,TRUE
3132,IT user support technicians,Proportion of men (%),50 to 54 years,9.1,TRUE
3132,IT user support technicians,Proportion of men (%),45 to 49 years,10,TRUE
3132,IT user support technicians,Proportion of men (%),40 to 44 years,11.5,TRUE
3132,IT user support technicians,Proportion of men (%),35 to 39 years,12.9,TRUE
3132,IT user support technicians,Proportion of men (%),30 to 34 years,14.4,TRUE
3132,IT user support technicians,Proportion of men (%),25 to 29 years,17.2,TRUE
3132,IT user support technicians,Proportion of men (%),20 to 24 years,12.1,TRUE
3132,IT user support technicians,Proportion of men (%),16 to 19 years,1.3,TRUE
3133,Database administrators and web content technicians,Proportion of women (%),65 years and over,1,TRUE
3133,Database administrators and web content technicians,Proportion of women (%),60 to 64 years,2.5,TRUE
3133,Database administrators and web content technicians,Proportion of women (%),55 to 59 years,5.5,TRUE
3133,Database administrators and web content technicians,Proportion of women (%),50 to 54 years,8,TRUE
3133,Database administrators and web content technicians,Proportion of women (%),45 to 49 years,9.2,TRUE
3133,Database administrators and web content technicians,Proportion of women (%),40 to 44 years,10.3,TRUE
3133,Database administrators and web content technicians,Proportion of women (%),35 to 39 years,13.1,TRUE
3133,Database administrators and web content technicians,Proportion of women (%),30 to 34 years,16.4,TRUE
3133,Database administrators and web content technicians,Proportion of women (%),25 to 29 years,19.4,TRUE
3133,Database administrators and web content technicians,Proportion of women (%),20 to 24 years,12.4,TRUE
3133,Database administrators and web content technicians,Proportion of women (%),16 to 19 years,2.3,TRUE
3133,Database administrators and web content technicians,Proportion of men (%),65 years and over,1.3,TRUE
3133,Database administrators and web content technicians,Proportion of men (%),60 to 64 years,3.5,TRUE
3133,Database administrators and web content technicians,Proportion of men (%),55 to 59 years,6.6,TRUE
3133,Database administrators and web content technicians,Proportion of men (%),50 to 54 years,9.1,TRUE
3133,Database administrators and web content technicians,Proportion of men (%),45 to 49 years,10.5,TRUE
3133,Database administrators and web content technicians,Proportion of men (%),40 to 44 years,12.2,TRUE
3133,Database administrators and web content technicians,Proportion of men (%),35 to 39 years,14.7,TRUE
3133,Database administrators and web content technicians,Proportion of men (%),30 to 34 years,15,TRUE
3133,Database administrators and web content technicians,Proportion of men (%),25 to 29 years,15.4,TRUE
3133,Database administrators and web content technicians,Proportion of men (%),20 to 24 years,9.6,TRUE
3133,Database administrators and web content technicians,Proportion of men (%),16 to 19 years,2.3,TRUE
3211,Dispensing opticians,Proportion of women (%),65 years and over,2,TRUE
3211,Dispensing opticians,Proportion of women (%),60 to 64 years,4.9,TRUE
3211,Dispensing opticians,Proportion of women (%),55 to 59 years,8.3,TRUE
3211,Dispensing opticians,Proportion of women (%),50 to 54 years,10,TRUE
3211,Dispensing opticians,Proportion of women (%),45 to 49 years,12.2,TRUE
3211,Dispensing opticians,Proportion of women (%),40 to 44 years,12.4,TRUE
3211,Dispensing opticians,Proportion of women (%),35 to 39 years,15,TRUE
3211,Dispensing opticians,Proportion of women (%),30 to 34 years,15.5,TRUE
3211,Dispensing opticians,Proportion of women (%),25 to 29 years,12.7,TRUE
3211,Dispensing opticians,Proportion of women (%),20 to 24 years,6.5,TRUE
3211,Dispensing opticians,Proportion of women (%),16 to 19 years,0.4,TRUE
3211,Dispensing opticians,Proportion of men (%),65 years and over,5.6,TRUE
3211,Dispensing opticians,Proportion of men (%),60 to 64 years,9.2,TRUE
3211,Dispensing opticians,Proportion of men (%),55 to 59 years,11.2,TRUE
3211,Dispensing opticians,Proportion of men (%),50 to 54 years,10.7,TRUE
3211,Dispensing opticians,Proportion of men (%),45 to 49 years,9.2,TRUE
3211,Dispensing opticians,Proportion of men (%),40 to 44 years,10.6,TRUE
3211,Dispensing opticians,Proportion of men (%),35 to 39 years,12.8,TRUE
3211,Dispensing opticians,Proportion of men (%),30 to 34 years,12.3,TRUE
3211,Dispensing opticians,Proportion of men (%),25 to 29 years,11.5,TRUE
3211,Dispensing opticians,Proportion of men (%),20 to 24 years,6,TRUE
3211,Dispensing opticians,Proportion of men (%),16 to 19 years,1,TRUE
3212,Pharmaceutical technicians,Proportion of women (%),65 years and over,1.9,TRUE
3212,Pharmaceutical technicians,Proportion of women (%),60 to 64 years,6.3,TRUE
3212,Pharmaceutical technicians,Proportion of women (%),55 to 59 years,11.4,TRUE
3212,Pharmaceutical technicians,Proportion of women (%),50 to 54 years,12.7,TRUE
3212,Pharmaceutical technicians,Proportion of women (%),45 to 49 years,12,TRUE
3212,Pharmaceutical technicians,Proportion of women (%),40 to 44 years,11.4,TRUE
3212,Pharmaceutical technicians,Proportion of women (%),35 to 39 years,13.4,TRUE
3212,Pharmaceutical technicians,Proportion of women (%),30 to 34 years,14.5,TRUE
3212,Pharmaceutical technicians,Proportion of women (%),25 to 29 years,10.2,TRUE
3212,Pharmaceutical technicians,Proportion of women (%),20 to 24 years,5.3,TRUE
3212,Pharmaceutical technicians,Proportion of women (%),16 to 19 years,0.8,TRUE
3212,Pharmaceutical technicians,Proportion of men (%),65 years and over,1,TRUE
3212,Pharmaceutical technicians,Proportion of men (%),60 to 64 years,2.6,TRUE
3212,Pharmaceutical technicians,Proportion of men (%),55 to 59 years,5.2,TRUE
3212,Pharmaceutical technicians,Proportion of men (%),50 to 54 years,7,TRUE
3212,Pharmaceutical technicians,Proportion of men (%),45 to 49 years,10.2,TRUE
3212,Pharmaceutical technicians,Proportion of men (%),40 to 44 years,13.6,TRUE
3212,Pharmaceutical technicians,Proportion of men (%),35 to 39 years,15.8,TRUE
3212,Pharmaceutical technicians,Proportion of men (%),30 to 34 years,20.4,TRUE
3212,Pharmaceutical technicians,Proportion of men (%),25 to 29 years,15.2,TRUE
3212,Pharmaceutical technicians,Proportion of men (%),20 to 24 years,7.5,TRUE
3212,Pharmaceutical technicians,Proportion of men (%),16 to 19 years,1.5,TRUE
3213,Medical and dental technicians,Proportion of women (%),65 years and over,1.9,TRUE
3213,Medical and dental technicians,Proportion of women (%),60 to 64 years,4.9,TRUE
3213,Medical and dental technicians,Proportion of women (%),55 to 59 years,8.4,TRUE
3213,Medical and dental technicians,Proportion of women (%),50 to 54 years,9.8,TRUE
3213,Medical and dental technicians,Proportion of women (%),45 to 49 years,10.5,TRUE
3213,Medical and dental technicians,Proportion of women (%),40 to 44 years,11.9,TRUE
3213,Medical and dental technicians,Proportion of women (%),35 to 39 years,13.5,TRUE
3213,Medical and dental technicians,Proportion of women (%),30 to 34 years,15.3,TRUE
3213,Medical and dental technicians,Proportion of women (%),25 to 29 years,15,TRUE
3213,Medical and dental technicians,Proportion of women (%),20 to 24 years,8,TRUE
3213,Medical and dental technicians,Proportion of women (%),16 to 19 years,0.8,TRUE
3213,Medical and dental technicians,Proportion of men (%),65 years and over,4.5,TRUE
3213,Medical and dental technicians,Proportion of men (%),60 to 64 years,8.2,TRUE
3213,Medical and dental technicians,Proportion of men (%),55 to 59 years,11.3,TRUE
3213,Medical and dental technicians,Proportion of men (%),50 to 54 years,11,TRUE
3213,Medical and dental technicians,Proportion of men (%),45 to 49 years,10.5,TRUE
3213,Medical and dental technicians,Proportion of men (%),40 to 44 years,10.3,TRUE
3213,Medical and dental technicians,Proportion of men (%),35 to 39 years,11.8,TRUE
3213,Medical and dental technicians,Proportion of men (%),30 to 34 years,12.2,TRUE
3213,Medical and dental technicians,Proportion of men (%),25 to 29 years,12.2,TRUE
3213,Medical and dental technicians,Proportion of men (%),20 to 24 years,6.8,TRUE
3213,Medical and dental technicians,Proportion of men (%),16 to 19 years,1.1,TRUE
3214,Complementary health associate professionals,Proportion of women (%),65 years and over,6.8,FALSE
3214,Complementary health associate professionals,Proportion of women (%),60 to 64 years,9.6,FALSE
3214,Complementary health associate professionals,Proportion of women (%),55 to 59 years,13.5,FALSE
3214,Complementary health associate professionals,Proportion of women (%),50 to 54 years,16.1,FALSE
3214,Complementary health associate professionals,Proportion of women (%),45 to 49 years,16.5,FALSE
3214,Complementary health associate professionals,Proportion of women (%),40 to 44 years,13.6,FALSE
3214,Complementary health associate professionals,Proportion of women (%),35 to 39 years,10.9,FALSE
3214,Complementary health associate professionals,Proportion of women (%),30 to 34 years,6.8,FALSE
3214,Complementary health associate professionals,Proportion of women (%),25 to 29 years,4.2,FALSE
3214,Complementary health associate professionals,Proportion of women (%),20 to 24 years,1.8,FALSE
3214,Complementary health associate professionals,Proportion of women (%),16 to 19 years,0.2,FALSE
3214,Complementary health associate professionals,Proportion of men (%),65 years and over,11.7,FALSE
3214,Complementary health associate professionals,Proportion of men (%),60 to 64 years,10.9,FALSE
3214,Complementary health associate professionals,Proportion of men (%),55 to 59 years,13.9,FALSE
3214,Complementary health associate professionals,Proportion of men (%),50 to 54 years,13.8,FALSE
3214,Complementary health associate professionals,Proportion of men (%),45 to 49 years,12,FALSE
3214,Complementary health associate professionals,Proportion of men (%),40 to 44 years,11.9,FALSE
3214,Complementary health associate professionals,Proportion of men (%),35 to 39 years,9.4,FALSE
3214,Complementary health associate professionals,Proportion of men (%),30 to 34 years,8.3,FALSE
3214,Complementary health associate professionals,Proportion of men (%),25 to 29 years,5.7,FALSE
3214,Complementary health associate professionals,Proportion of men (%),20 to 24 years,2.2,FALSE
3214,Complementary health associate professionals,Proportion of men (%),16 to 19 years,null,FALSE
3219,Health associate professionals n.e.c.,Proportion of women (%),65 years and over,4.4,TRUE
3219,Health associate professionals n.e.c.,Proportion of women (%),60 to 64 years,8.1,TRUE
3219,Health associate professionals n.e.c.,Proportion of women (%),55 to 59 years,12.8,TRUE
3219,Health associate professionals n.e.c.,Proportion of women (%),50 to 54 years,14.4,TRUE
3219,Health associate professionals n.e.c.,Proportion of women (%),45 to 49 years,13.6,TRUE
3219,Health associate professionals n.e.c.,Proportion of women (%),40 to 44 years,12,TRUE
3219,Health associate professionals n.e.c.,Proportion of women (%),35 to 39 years,11.3,TRUE
3219,Health associate professionals n.e.c.,Proportion of women (%),30 to 34 years,10.8,TRUE
3219,Health associate professionals n.e.c.,Proportion of women (%),25 to 29 years,8.6,TRUE
3219,Health associate professionals n.e.c.,Proportion of women (%),20 to 24 years,3.7,TRUE
3219,Health associate professionals n.e.c.,Proportion of women (%),16 to 19 years,0.3,TRUE
3219,Health associate professionals n.e.c.,Proportion of men (%),65 years and over,7,TRUE
3219,Health associate professionals n.e.c.,Proportion of men (%),60 to 64 years,8.4,TRUE
3219,Health associate professionals n.e.c.,Proportion of men (%),55 to 59 years,12.4,TRUE
3219,Health associate professionals n.e.c.,Proportion of men (%),50 to 54 years,12.5,TRUE
3219,Health associate professionals n.e.c.,Proportion of men (%),45 to 49 years,12.6,TRUE
3219,Health associate professionals n.e.c.,Proportion of men (%),40 to 44 years,11.5,TRUE
3219,Health associate professionals n.e.c.,Proportion of men (%),35 to 39 years,11.7,TRUE
3219,Health associate professionals n.e.c.,Proportion of men (%),30 to 34 years,11.1,TRUE
3219,Health associate professionals n.e.c.,Proportion of men (%),25 to 29 years,9,TRUE
3219,Health associate professionals n.e.c.,Proportion of men (%),20 to 24 years,3.4,TRUE
3219,Health associate professionals n.e.c.,Proportion of men (%),16 to 19 years,0.3,TRUE
3221,Youth and community workers,Proportion of women (%),65 years and over,2,TRUE
3221,Youth and community workers,Proportion of women (%),60 to 64 years,5.9,TRUE
3221,Youth and community workers,Proportion of women (%),55 to 59 years,10.9,TRUE
3221,Youth and community workers,Proportion of women (%),50 to 54 years,13.4,TRUE
3221,Youth and community workers,Proportion of women (%),45 to 49 years,12.7,TRUE
3221,Youth and community workers,Proportion of women (%),40 to 44 years,13,TRUE
3221,Youth and community workers,Proportion of women (%),35 to 39 years,12.9,TRUE
3221,Youth and community workers,Proportion of women (%),30 to 34 years,12.4,TRUE
3221,Youth and community workers,Proportion of women (%),25 to 29 years,10.8,TRUE
3221,Youth and community workers,Proportion of women (%),20 to 24 years,5.5,TRUE
3221,Youth and community workers,Proportion of women (%),16 to 19 years,0.6,TRUE
3221,Youth and community workers,Proportion of men (%),65 years and over,3.8,TRUE
3221,Youth and community workers,Proportion of men (%),60 to 64 years,6.4,TRUE
3221,Youth and community workers,Proportion of men (%),55 to 59 years,10.6,TRUE
3221,Youth and community workers,Proportion of men (%),50 to 54 years,10.7,TRUE
3221,Youth and community workers,Proportion of men (%),45 to 49 years,9.6,TRUE
3221,Youth and community workers,Proportion of men (%),40 to 44 years,10.8,TRUE
3221,Youth and community workers,Proportion of men (%),35 to 39 years,11.7,TRUE
3221,Youth and community workers,Proportion of men (%),30 to 34 years,12.8,TRUE
3221,Youth and community workers,Proportion of men (%),25 to 29 years,13.2,TRUE
3221,Youth and community workers,Proportion of men (%),20 to 24 years,9,TRUE
3221,Youth and community workers,Proportion of men (%),16 to 19 years,1.4,TRUE
3222,Child and early years officers,Proportion of women (%),65 years and over,2,TRUE
3222,Child and early years officers,Proportion of women (%),60 to 64 years,7.2,TRUE
3222,Child and early years officers,Proportion of women (%),55 to 59 years,14.3,TRUE
3222,Child and early years officers,Proportion of women (%),50 to 54 years,17.2,TRUE
3222,Child and early years officers,Proportion of women (%),45 to 49 years,14.2,TRUE
3222,Child and early years officers,Proportion of women (%),40 to 44 years,12.4,TRUE
3222,Child and early years officers,Proportion of women (%),35 to 39 years,11.3,TRUE
3222,Child and early years officers,Proportion of women (%),30 to 34 years,9.2,TRUE
3222,Child and early years officers,Proportion of women (%),25 to 29 years,7.6,TRUE
3222,Child and early years officers,Proportion of women (%),20 to 24 years,4.1,TRUE
3222,Child and early years officers,Proportion of women (%),16 to 19 years,0.4,TRUE
3222,Child and early years officers,Proportion of men (%),65 years and over,2.9,TRUE
3222,Child and early years officers,Proportion of men (%),60 to 64 years,7.4,TRUE
3222,Child and early years officers,Proportion of men (%),55 to 59 years,12.3,TRUE
3222,Child and early years officers,Proportion of men (%),50 to 54 years,11.7,TRUE
3222,Child and early years officers,Proportion of men (%),45 to 49 years,9.8,TRUE
3222,Child and early years officers,Proportion of men (%),40 to 44 years,10.9,TRUE
3222,Child and early years officers,Proportion of men (%),35 to 39 years,12.5,TRUE
3222,Child and early years officers,Proportion of men (%),30 to 34 years,12.5,TRUE
3222,Child and early years officers,Proportion of men (%),25 to 29 years,11.9,TRUE
3222,Child and early years officers,Proportion of men (%),20 to 24 years,7,TRUE
3222,Child and early years officers,Proportion of men (%),16 to 19 years,0.9,TRUE
3223,Housing officers,Proportion of women (%),65 years and over,2.6,TRUE
3223,Housing officers,Proportion of women (%),60 to 64 years,7.9,TRUE
3223,Housing officers,Proportion of women (%),55 to 59 years,13.6,TRUE
3223,Housing officers,Proportion of women (%),50 to 54 years,14.8,TRUE
3223,Housing officers,Proportion of women (%),45 to 49 years,12.3,TRUE
3223,Housing officers,Proportion of women (%),40 to 44 years,11.7,TRUE
3223,Housing officers,Proportion of women (%),35 to 39 years,12.1,TRUE
3223,Housing officers,Proportion of women (%),30 to 34 years,10.9,TRUE
3223,Housing officers,Proportion of women (%),25 to 29 years,9.4,TRUE
3223,Housing officers,Proportion of women (%),20 to 24 years,4.4,TRUE
3223,Housing officers,Proportion of women (%),16 to 19 years,0.3,TRUE
3223,Housing officers,Proportion of men (%),65 years and over,3.8,TRUE
3223,Housing officers,Proportion of men (%),60 to 64 years,9.3,TRUE
3223,Housing officers,Proportion of men (%),55 to 59 years,13.9,TRUE
3223,Housing officers,Proportion of men (%),50 to 54 years,14.2,TRUE
3223,Housing officers,Proportion of men (%),45 to 49 years,11.6,TRUE
3223,Housing officers,Proportion of men (%),40 to 44 years,11.7,TRUE
3223,Housing officers,Proportion of men (%),35 to 39 years,11.4,TRUE
3223,Housing officers,Proportion of men (%),30 to 34 years,10.4,TRUE
3223,Housing officers,Proportion of men (%),25 to 29 years,9,TRUE
3223,Housing officers,Proportion of men (%),20 to 24 years,4.2,TRUE
3223,Housing officers,Proportion of men (%),16 to 19 years,0.5,TRUE
3224,Counsellors,Proportion of women (%),65 years and over,9,TRUE
3224,Counsellors,Proportion of women (%),60 to 64 years,10.4,TRUE
3224,Counsellors,Proportion of women (%),55 to 59 years,15.8,TRUE
3224,Counsellors,Proportion of women (%),50 to 54 years,15.7,TRUE
3224,Counsellors,Proportion of women (%),45 to 49 years,13.7,TRUE
3224,Counsellors,Proportion of women (%),40 to 44 years,11.1,TRUE
3224,Counsellors,Proportion of women (%),35 to 39 years,9,TRUE
3224,Counsellors,Proportion of women (%),30 to 34 years,7,TRUE
3224,Counsellors,Proportion of women (%),25 to 29 years,5.8,TRUE
3224,Counsellors,Proportion of women (%),20 to 24 years,2.4,TRUE
3224,Counsellors,Proportion of women (%),16 to 19 years,0.1,TRUE
3224,Counsellors,Proportion of men (%),65 years and over,9.1,TRUE
3224,Counsellors,Proportion of men (%),60 to 64 years,10.3,TRUE
3224,Counsellors,Proportion of men (%),55 to 59 years,14.4,TRUE
3224,Counsellors,Proportion of men (%),50 to 54 years,14.1,TRUE
3224,Counsellors,Proportion of men (%),45 to 49 years,13.2,TRUE
3224,Counsellors,Proportion of men (%),40 to 44 years,10.6,TRUE
3224,Counsellors,Proportion of men (%),35 to 39 years,9.4,TRUE
3224,Counsellors,Proportion of men (%),30 to 34 years,8.3,TRUE
3224,Counsellors,Proportion of men (%),25 to 29 years,6.9,TRUE
3224,Counsellors,Proportion of men (%),20 to 24 years,3.4,TRUE
3224,Counsellors,Proportion of men (%),16 to 19 years,0.3,TRUE
3229,Welfare and housing associate professionals n.e.c.,Proportion of women (%),65 years and over,3.6,TRUE
3229,Welfare and housing associate professionals n.e.c.,Proportion of women (%),60 to 64 years,7.8,TRUE
3229,Welfare and housing associate professionals n.e.c.,Proportion of women (%),55 to 59 years,12.2,TRUE
3229,Welfare and housing associate professionals n.e.c.,Proportion of women (%),50 to 54 years,13.1,TRUE
3229,Welfare and housing associate professionals n.e.c.,Proportion of women (%),45 to 49 years,11.5,TRUE
3229,Welfare and housing associate professionals n.e.c.,Proportion of women (%),40 to 44 years,10.9,TRUE
3229,Welfare and housing associate professionals n.e.c.,Proportion of women (%),35 to 39 years,10.9,TRUE
3229,Welfare and housing associate professionals n.e.c.,Proportion of women (%),30 to 34 years,11,TRUE
3229,Welfare and housing associate professionals n.e.c.,Proportion of women (%),25 to 29 years,11.5,TRUE
3229,Welfare and housing associate professionals n.e.c.,Proportion of women (%),20 to 24 years,7,TRUE
3229,Welfare and housing associate professionals n.e.c.,Proportion of women (%),16 to 19 years,0.5,TRUE
3229,Welfare and housing associate professionals n.e.c.,Proportion of men (%),65 years and over,5.6,TRUE
3229,Welfare and housing associate professionals n.e.c.,Proportion of men (%),60 to 64 years,8.3,TRUE
3229,Welfare and housing associate professionals n.e.c.,Proportion of men (%),55 to 59 years,11.6,TRUE
3229,Welfare and housing associate professionals n.e.c.,Proportion of men (%),50 to 54 years,11.6,TRUE
3229,Welfare and housing associate professionals n.e.c.,Proportion of men (%),45 to 49 years,9.9,TRUE
3229,Welfare and housing associate professionals n.e.c.,Proportion of men (%),40 to 44 years,10.5,TRUE
3229,Welfare and housing associate professionals n.e.c.,Proportion of men (%),35 to 39 years,10.8,TRUE
3229,Welfare and housing associate professionals n.e.c.,Proportion of men (%),30 to 34 years,12.1,TRUE
3229,Welfare and housing associate professionals n.e.c.,Proportion of men (%),25 to 29 years,11.7,TRUE
3229,Welfare and housing associate professionals n.e.c.,Proportion of men (%),20 to 24 years,7.2,TRUE
3229,Welfare and housing associate professionals n.e.c.,Proportion of men (%),16 to 19 years,0.8,TRUE
3231,Higher level teaching assistants,Proportion of women (%),65 years and over,1.2,TRUE
3231,Higher level teaching assistants,Proportion of women (%),60 to 64 years,5.4,TRUE
3231,Higher level teaching assistants,Proportion of women (%),55 to 59 years,10.9,TRUE
3231,Higher level teaching assistants,Proportion of women (%),50 to 54 years,14.2,TRUE
3231,Higher level teaching assistants,Proportion of women (%),45 to 49 years,15,TRUE
3231,Higher level teaching assistants,Proportion of women (%),40 to 44 years,14.2,TRUE
3231,Higher level teaching assistants,Proportion of women (%),35 to 39 years,11.7,TRUE
3231,Higher level teaching assistants,Proportion of women (%),30 to 34 years,10,TRUE
3231,Higher level teaching assistants,Proportion of women (%),25 to 29 years,9.5,TRUE
3231,Higher level teaching assistants,Proportion of women (%),20 to 24 years,7.7,TRUE
3231,Higher level teaching assistants,Proportion of women (%),16 to 19 years,0.3,TRUE
3231,Higher level teaching assistants,Proportion of men (%),65 years and over,1.6,TRUE
3231,Higher level teaching assistants,Proportion of men (%),60 to 64 years,4,TRUE
3231,Higher level teaching assistants,Proportion of men (%),55 to 59 years,6.2,TRUE
3231,Higher level teaching assistants,Proportion of men (%),50 to 54 years,6.7,TRUE
3231,Higher level teaching assistants,Proportion of men (%),45 to 49 years,6.9,TRUE
3231,Higher level teaching assistants,Proportion of men (%),40 to 44 years,6.9,TRUE
3231,Higher level teaching assistants,Proportion of men (%),35 to 39 years,9.7,TRUE
3231,Higher level teaching assistants,Proportion of men (%),30 to 34 years,14.2,TRUE
3231,Higher level teaching assistants,Proportion of men (%),25 to 29 years,23.2,TRUE
3231,Higher level teaching assistants,Proportion of men (%),20 to 24 years,19.6,TRUE
3231,Higher level teaching assistants,Proportion of men (%),16 to 19 years,1,TRUE
3232,Early education and childcare practitioners,Proportion of women (%),65 years and over,0.7,TRUE
3232,Early education and childcare practitioners,Proportion of women (%),60 to 64 years,2.6,TRUE
3232,Early education and childcare practitioners,Proportion of women (%),55 to 59 years,5,TRUE
3232,Early education and childcare practitioners,Proportion of women (%),50 to 54 years,7.1,TRUE
3232,Early education and childcare practitioners,Proportion of women (%),45 to 49 years,8.2,TRUE
3232,Early education and childcare practitioners,Proportion of women (%),40 to 44 years,9.7,TRUE
3232,Early education and childcare practitioners,Proportion of women (%),35 to 39 years,11.3,TRUE
3232,Early education and childcare practitioners,Proportion of women (%),30 to 34 years,14,TRUE
3232,Early education and childcare practitioners,Proportion of women (%),25 to 29 years,17.2,TRUE
3232,Early education and childcare practitioners,Proportion of women (%),20 to 24 years,19.2,TRUE
3232,Early education and childcare practitioners,Proportion of women (%),16 to 19 years,5.1,TRUE
3232,Early education and childcare practitioners,Proportion of men (%),65 years and over,1,TRUE
3232,Early education and childcare practitioners,Proportion of men (%),60 to 64 years,2.8,TRUE
3232,Early education and childcare practitioners,Proportion of men (%),55 to 59 years,3.8,TRUE
3232,Early education and childcare practitioners,Proportion of men (%),50 to 54 years,5.2,TRUE
3232,Early education and childcare practitioners,Proportion of men (%),45 to 49 years,5.9,TRUE
3232,Early education and childcare practitioners,Proportion of men (%),40 to 44 years,6.8,TRUE
3232,Early education and childcare practitioners,Proportion of men (%),35 to 39 years,9.1,TRUE
3232,Early education and childcare practitioners,Proportion of men (%),30 to 34 years,15.2,TRUE
3232,Early education and childcare practitioners,Proportion of men (%),25 to 29 years,20.2,TRUE
3232,Early education and childcare practitioners,Proportion of men (%),20 to 24 years,23.6,TRUE
3232,Early education and childcare practitioners,Proportion of men (%),16 to 19 years,6.3,TRUE
3240,Veterinary nurses,Proportion of women (%),65 years and over,0.4,FALSE
3240,Veterinary nurses,Proportion of women (%),60 to 64 years,0.7,FALSE
3240,Veterinary nurses,Proportion of women (%),55 to 59 years,1.7,FALSE
3240,Veterinary nurses,Proportion of women (%),50 to 54 years,3.3,FALSE
3240,Veterinary nurses,Proportion of women (%),45 to 49 years,5.6,FALSE
3240,Veterinary nurses,Proportion of women (%),40 to 44 years,9.2,FALSE
3240,Veterinary nurses,Proportion of women (%),35 to 39 years,14.7,FALSE
3240,Veterinary nurses,Proportion of women (%),30 to 34 years,20,FALSE
3240,Veterinary nurses,Proportion of women (%),25 to 29 years,26.2,FALSE
3240,Veterinary nurses,Proportion of women (%),20 to 24 years,16.8,FALSE
3240,Veterinary nurses,Proportion of women (%),16 to 19 years,1.3,FALSE
3240,Veterinary nurses,Proportion of men (%),65 years and over,null,FALSE
3240,Veterinary nurses,Proportion of men (%),60 to 64 years,null,FALSE
3240,Veterinary nurses,Proportion of men (%),55 to 59 years,1.6,FALSE
3240,Veterinary nurses,Proportion of men (%),50 to 54 years,3.2,FALSE
3240,Veterinary nurses,Proportion of men (%),45 to 49 years,4.1,FALSE
3240,Veterinary nurses,Proportion of men (%),40 to 44 years,5,FALSE
3240,Veterinary nurses,Proportion of men (%),35 to 39 years,14,FALSE
3240,Veterinary nurses,Proportion of men (%),30 to 34 years,18,FALSE
3240,Veterinary nurses,Proportion of men (%),25 to 29 years,29.4,FALSE
3240,Veterinary nurses,Proportion of men (%),20 to 24 years,21.2,FALSE
3240,Veterinary nurses,Proportion of men (%),16 to 19 years,2.2,FALSE
3311,Non-commissioned officers and other ranks,Proportion of women (%),65 years and over,1,TRUE
3311,Non-commissioned officers and other ranks,Proportion of women (%),60 to 64 years,1,TRUE
3311,Non-commissioned officers and other ranks,Proportion of women (%),55 to 59 years,0.7,TRUE
3311,Non-commissioned officers and other ranks,Proportion of women (%),50 to 54 years,2.2,TRUE
3311,Non-commissioned officers and other ranks,Proportion of women (%),45 to 49 years,3.4,TRUE
3311,Non-commissioned officers and other ranks,Proportion of women (%),40 to 44 years,6.7,TRUE
3311,Non-commissioned officers and other ranks,Proportion of women (%),35 to 39 years,11.3,TRUE
3311,Non-commissioned officers and other ranks,Proportion of women (%),30 to 34 years,14,TRUE
3311,Non-commissioned officers and other ranks,Proportion of women (%),25 to 29 years,19.8,TRUE
3311,Non-commissioned officers and other ranks,Proportion of women (%),20 to 24 years,25.9,TRUE
3311,Non-commissioned officers and other ranks,Proportion of women (%),16 to 19 years,13.8,TRUE
3311,Non-commissioned officers and other ranks,Proportion of men (%),65 years and over,0.2,TRUE
3311,Non-commissioned officers and other ranks,Proportion of men (%),60 to 64 years,0.4,TRUE
3311,Non-commissioned officers and other ranks,Proportion of men (%),55 to 59 years,1.2,TRUE
3311,Non-commissioned officers and other ranks,Proportion of men (%),50 to 54 years,3,TRUE
3311,Non-commissioned officers and other ranks,Proportion of men (%),45 to 49 years,4.1,TRUE
3311,Non-commissioned officers and other ranks,Proportion of men (%),40 to 44 years,7.9,TRUE
3311,Non-commissioned officers and other ranks,Proportion of men (%),35 to 39 years,13.3,TRUE
3311,Non-commissioned officers and other ranks,Proportion of men (%),30 to 34 years,16,TRUE
3311,Non-commissioned officers and other ranks,Proportion of men (%),25 to 29 years,20.5,TRUE
3311,Non-commissioned officers and other ranks,Proportion of men (%),20 to 24 years,23,TRUE
3311,Non-commissioned officers and other ranks,Proportion of men (%),16 to 19 years,10.3,TRUE
3312,Police officers (sergeant and below),Proportion of women (%),65 years and over,0.2,TRUE
3312,Police officers (sergeant and below),Proportion of women (%),60 to 64 years,0.7,TRUE
3312,Police officers (sergeant and below),Proportion of women (%),55 to 59 years,2.6,TRUE
3312,Police officers (sergeant and below),Proportion of women (%),50 to 54 years,8.6,TRUE
3312,Police officers (sergeant and below),Proportion of women (%),45 to 49 years,12.8,TRUE
3312,Police officers (sergeant and below),Proportion of women (%),40 to 44 years,15.7,TRUE
3312,Police officers (sergeant and below),Proportion of women (%),35 to 39 years,17.3,TRUE
3312,Police officers (sergeant and below),Proportion of women (%),30 to 34 years,14.7,TRUE
3312,Police officers (sergeant and below),Proportion of women (%),25 to 29 years,17,TRUE
3312,Police officers (sergeant and below),Proportion of women (%),20 to 24 years,9.8,TRUE
3312,Police officers (sergeant and below),Proportion of women (%),16 to 19 years,0.5,TRUE
3312,Police officers (sergeant and below),Proportion of men (%),65 years and over,0.5,TRUE
3312,Police officers (sergeant and below),Proportion of men (%),60 to 64 years,1.1,TRUE
3312,Police officers (sergeant and below),Proportion of men (%),55 to 59 years,3.8,TRUE
3312,Police officers (sergeant and below),Proportion of men (%),50 to 54 years,11.8,TRUE
3312,Police officers (sergeant and below),Proportion of men (%),45 to 49 years,15.2,TRUE
3312,Police officers (sergeant and below),Proportion of men (%),40 to 44 years,16.7,TRUE
3312,Police officers (sergeant and below),Proportion of men (%),35 to 39 years,16.1,TRUE
3312,Police officers (sergeant and below),Proportion of men (%),30 to 34 years,14.2,TRUE
3312,Police officers (sergeant and below),Proportion of men (%),25 to 29 years,13.5,TRUE
3312,Police officers (sergeant and below),Proportion of men (%),20 to 24 years,6.7,TRUE
3312,Police officers (sergeant and below),Proportion of men (%),16 to 19 years,0.4,TRUE
3313,Fire service officers (watch manager and below),Proportion of women (%),65 years and over,0.6,TRUE
3313,Fire service officers (watch manager and below),Proportion of women (%),60 to 64 years,1.8,TRUE
3313,Fire service officers (watch manager and below),Proportion of women (%),55 to 59 years,6,TRUE
3313,Fire service officers (watch manager and below),Proportion of women (%),50 to 54 years,10,TRUE
3313,Fire service officers (watch manager and below),Proportion of women (%),45 to 49 years,11.6,TRUE
3313,Fire service officers (watch manager and below),Proportion of women (%),40 to 44 years,16.2,TRUE
3313,Fire service officers (watch manager and below),Proportion of women (%),35 to 39 years,16.4,TRUE
3313,Fire service officers (watch manager and below),Proportion of women (%),30 to 34 years,15.8,TRUE
3313,Fire service officers (watch manager and below),Proportion of women (%),25 to 29 years,14.4,TRUE
3313,Fire service officers (watch manager and below),Proportion of women (%),20 to 24 years,6.4,TRUE
3313,Fire service officers (watch manager and below),Proportion of women (%),16 to 19 years,0.7,TRUE
3313,Fire service officers (watch manager and below),Proportion of men (%),65 years and over,1.2,TRUE
3313,Fire service officers (watch manager and below),Proportion of men (%),60 to 64 years,2.6,TRUE
3313,Fire service officers (watch manager and below),Proportion of men (%),55 to 59 years,6.6,TRUE
3313,Fire service officers (watch manager and below),Proportion of men (%),50 to 54 years,15.1,TRUE
3313,Fire service officers (watch manager and below),Proportion of men (%),45 to 49 years,15.9,TRUE
3313,Fire service officers (watch manager and below),Proportion of men (%),40 to 44 years,15.5,TRUE
3313,Fire service officers (watch manager and below),Proportion of men (%),35 to 39 years,15,TRUE
3313,Fire service officers (watch manager and below),Proportion of men (%),30 to 34 years,12.7,TRUE
3313,Fire service officers (watch manager and below),Proportion of men (%),25 to 29 years,9.9,TRUE
3313,Fire service officers (watch manager and below),Proportion of men (%),20 to 24 years,4.7,TRUE
3313,Fire service officers (watch manager and below),Proportion of men (%),16 to 19 years,0.8,TRUE
3314,Prison service officers (below principal officer),Proportion of women (%),65 years and over,1.2,TRUE
3314,Prison service officers (below principal officer),Proportion of women (%),60 to 64 years,4.4,TRUE
3314,Prison service officers (below principal officer),Proportion of women (%),55 to 59 years,8.9,TRUE
3314,Prison service officers (below principal officer),Proportion of women (%),50 to 54 years,10.9,TRUE
3314,Prison service officers (below principal officer),Proportion of women (%),45 to 49 years,9.6,TRUE
3314,Prison service officers (below principal officer),Proportion of women (%),40 to 44 years,8.6,TRUE
3314,Prison service officers (below principal officer),Proportion of women (%),35 to 39 years,10.3,TRUE
3314,Prison service officers (below principal officer),Proportion of women (%),30 to 34 years,13.3,TRUE
3314,Prison service officers (below principal officer),Proportion of women (%),25 to 29 years,19.2,TRUE
3314,Prison service officers (below principal officer),Proportion of women (%),20 to 24 years,12.7,TRUE
3314,Prison service officers (below principal officer),Proportion of women (%),16 to 19 years,0.7,TRUE
3314,Prison service officers (below principal officer),Proportion of men (%),65 years and over,2.3,TRUE
3314,Prison service officers (below principal officer),Proportion of men (%),60 to 64 years,7.1,TRUE
3314,Prison service officers (below principal officer),Proportion of men (%),55 to 59 years,13.1,TRUE
3314,Prison service officers (below principal officer),Proportion of men (%),50 to 54 years,13.4,TRUE
3314,Prison service officers (below principal officer),Proportion of men (%),45 to 49 years,9.8,TRUE
3314,Prison service officers (below principal officer),Proportion of men (%),40 to 44 years,9.3,TRUE
3314,Prison service officers (below principal officer),Proportion of men (%),35 to 39 years,11.2,TRUE
3314,Prison service officers (below principal officer),Proportion of men (%),30 to 34 years,13.5,TRUE
3314,Prison service officers (below principal officer),Proportion of men (%),25 to 29 years,13.6,TRUE
3314,Prison service officers (below principal officer),Proportion of men (%),20 to 24 years,6.3,TRUE
3314,Prison service officers (below principal officer),Proportion of men (%),16 to 19 years,0.4,TRUE
3319,Protective service associate professionals n.e.c.,Proportion of women (%),65 years and over,1.2,TRUE
3319,Protective service associate professionals n.e.c.,Proportion of women (%),60 to 64 years,3.8,TRUE
3319,Protective service associate professionals n.e.c.,Proportion of women (%),55 to 59 years,9,TRUE
3319,Protective service associate professionals n.e.c.,Proportion of women (%),50 to 54 years,11.9,TRUE
3319,Protective service associate professionals n.e.c.,Proportion of women (%),45 to 49 years,11.2,TRUE
3319,Protective service associate professionals n.e.c.,Proportion of women (%),40 to 44 years,13.2,TRUE
3319,Protective service associate professionals n.e.c.,Proportion of women (%),35 to 39 years,13.4,TRUE
3319,Protective service associate professionals n.e.c.,Proportion of women (%),30 to 34 years,14.3,TRUE
3319,Protective service associate professionals n.e.c.,Proportion of women (%),25 to 29 years,14.3,TRUE
3319,Protective service associate professionals n.e.c.,Proportion of women (%),20 to 24 years,7.2,TRUE
3319,Protective service associate professionals n.e.c.,Proportion of women (%),16 to 19 years,0.5,TRUE
3319,Protective service associate professionals n.e.c.,Proportion of men (%),65 years and over,3.2,TRUE
3319,Protective service associate professionals n.e.c.,Proportion of men (%),60 to 64 years,7.8,TRUE
3319,Protective service associate professionals n.e.c.,Proportion of men (%),55 to 59 years,13.4,TRUE
3319,Protective service associate professionals n.e.c.,Proportion of men (%),50 to 54 years,14.5,TRUE
3319,Protective service associate professionals n.e.c.,Proportion of men (%),45 to 49 years,12,TRUE
3319,Protective service associate professionals n.e.c.,Proportion of men (%),40 to 44 years,12.2,TRUE
3319,Protective service associate professionals n.e.c.,Proportion of men (%),35 to 39 years,12.4,TRUE
3319,Protective service associate professionals n.e.c.,Proportion of men (%),30 to 34 years,11.3,TRUE
3319,Protective service associate professionals n.e.c.,Proportion of men (%),25 to 29 years,8.9,TRUE
3319,Protective service associate professionals n.e.c.,Proportion of men (%),20 to 24 years,3.9,TRUE
3319,Protective service associate professionals n.e.c.,Proportion of men (%),16 to 19 years,0.3,TRUE
3411,Artists,Proportion of women (%),65 years and over,7.9,TRUE
3411,Artists,Proportion of women (%),60 to 64 years,7.5,TRUE
3411,Artists,Proportion of women (%),55 to 59 years,11,TRUE
3411,Artists,Proportion of women (%),50 to 54 years,11.1,TRUE
3411,Artists,Proportion of women (%),45 to 49 years,10.7,TRUE
3411,Artists,Proportion of women (%),40 to 44 years,9.9,TRUE
3411,Artists,Proportion of women (%),35 to 39 years,10.8,TRUE
3411,Artists,Proportion of women (%),30 to 34 years,11.4,TRUE
3411,Artists,Proportion of women (%),25 to 29 years,11.4,TRUE
3411,Artists,Proportion of women (%),20 to 24 years,7.3,TRUE
3411,Artists,Proportion of women (%),16 to 19 years,1.1,TRUE
3411,Artists,Proportion of men (%),65 years and over,12.9,TRUE
3411,Artists,Proportion of men (%),60 to 64 years,9.3,TRUE
3411,Artists,Proportion of men (%),55 to 59 years,11.5,TRUE
3411,Artists,Proportion of men (%),50 to 54 years,10.8,TRUE
3411,Artists,Proportion of men (%),45 to 49 years,10.7,TRUE
3411,Artists,Proportion of men (%),40 to 44 years,9.6,TRUE
3411,Artists,Proportion of men (%),35 to 39 years,10.3,TRUE
3411,Artists,Proportion of men (%),30 to 34 years,10.6,TRUE
3411,Artists,Proportion of men (%),25 to 29 years,9.2,TRUE
3411,Artists,Proportion of men (%),20 to 24 years,4.4,TRUE
3411,Artists,Proportion of men (%),16 to 19 years,0.6,TRUE
3412,"Authors, writers and translators",Proportion of women (%),65 years and over,7.8,TRUE
3412,"Authors, writers and translators",Proportion of women (%),60 to 64 years,6.6,TRUE
3412,"Authors, writers and translators",Proportion of women (%),55 to 59 years,8.9,TRUE
3412,"Authors, writers and translators",Proportion of women (%),50 to 54 years,10.5,TRUE
3412,"Authors, writers and translators",Proportion of women (%),45 to 49 years,11.6,TRUE
3412,"Authors, writers and translators",Proportion of women (%),40 to 44 years,12.5,TRUE
3412,"Authors, writers and translators",Proportion of women (%),35 to 39 years,11.9,TRUE
3412,"Authors, writers and translators",Proportion of women (%),30 to 34 years,12.1,TRUE
3412,"Authors, writers and translators",Proportion of women (%),25 to 29 years,11.8,TRUE
3412,"Authors, writers and translators",Proportion of women (%),20 to 24 years,6,TRUE
3412,"Authors, writers and translators",Proportion of women (%),16 to 19 years,0.3,TRUE
3412,"Authors, writers and translators",Proportion of men (%),65 years and over,14.9,TRUE
3412,"Authors, writers and translators",Proportion of men (%),60 to 64 years,9.5,TRUE
3412,"Authors, writers and translators",Proportion of men (%),55 to 59 years,10.8,TRUE
3412,"Authors, writers and translators",Proportion of men (%),50 to 54 years,9.9,TRUE
3412,"Authors, writers and translators",Proportion of men (%),45 to 49 years,9.9,TRUE
3412,"Authors, writers and translators",Proportion of men (%),40 to 44 years,9.6,TRUE
3412,"Authors, writers and translators",Proportion of men (%),35 to 39 years,9.5,TRUE
3412,"Authors, writers and translators",Proportion of men (%),30 to 34 years,10.2,TRUE
3412,"Authors, writers and translators",Proportion of men (%),25 to 29 years,10.3,TRUE
3412,"Authors, writers and translators",Proportion of men (%),20 to 24 years,5.1,TRUE
3412,"Authors, writers and translators",Proportion of men (%),16 to 19 years,0.4,TRUE
3413,"Actors, entertainers and presenters",Proportion of women (%),65 years and over,4.3,TRUE
3413,"Actors, entertainers and presenters",Proportion of women (%),60 to 64 years,3.8,TRUE
3413,"Actors, entertainers and presenters",Proportion of women (%),55 to 59 years,5.8,TRUE
3413,"Actors, entertainers and presenters",Proportion of women (%),50 to 54 years,6.9,TRUE
3413,"Actors, entertainers and presenters",Proportion of women (%),45 to 49 years,7.8,TRUE
3413,"Actors, entertainers and presenters",Proportion of women (%),40 to 44 years,9.4,TRUE
3413,"Actors, entertainers and presenters",Proportion of women (%),35 to 39 years,12,TRUE
3413,"Actors, entertainers and presenters",Proportion of women (%),30 to 34 years,15.7,TRUE
3413,"Actors, entertainers and presenters",Proportion of women (%),25 to 29 years,19.1,TRUE
3413,"Actors, entertainers and presenters",Proportion of women (%),20 to 24 years,13,TRUE
3413,"Actors, entertainers and presenters",Proportion of women (%),16 to 19 years,2.3,TRUE
3413,"Actors, entertainers and presenters",Proportion of men (%),65 years and over,6.9,TRUE
3413,"Actors, entertainers and presenters",Proportion of men (%),60 to 64 years,6.1,TRUE
3413,"Actors, entertainers and presenters",Proportion of men (%),55 to 59 years,7.9,TRUE
3413,"Actors, entertainers and presenters",Proportion of men (%),50 to 54 years,8.8,TRUE
3413,"Actors, entertainers and presenters",Proportion of men (%),45 to 49 years,9,TRUE
3413,"Actors, entertainers and presenters",Proportion of men (%),40 to 44 years,9.4,TRUE
3413,"Actors, entertainers and presenters",Proportion of men (%),35 to 39 years,11.1,TRUE
3413,"Actors, entertainers and presenters",Proportion of men (%),30 to 34 years,13.6,TRUE
3413,"Actors, entertainers and presenters",Proportion of men (%),25 to 29 years,15.9,TRUE
3413,"Actors, entertainers and presenters",Proportion of men (%),20 to 24 years,9.6,TRUE
3413,"Actors, entertainers and presenters",Proportion of men (%),16 to 19 years,1.8,TRUE
3414,Dancers and choreographers,Proportion of women (%),65 years and over,5.1,TRUE
3414,Dancers and choreographers,Proportion of women (%),60 to 64 years,4.2,TRUE
3414,Dancers and choreographers,Proportion of women (%),55 to 59 years,5.2,TRUE
3414,Dancers and choreographers,Proportion of women (%),50 to 54 years,6.1,TRUE
3414,Dancers and choreographers,Proportion of women (%),45 to 49 years,6.8,TRUE
3414,Dancers and choreographers,Proportion of women (%),40 to 44 years,9.9,TRUE
3414,Dancers and choreographers,Proportion of women (%),35 to 39 years,12.9,TRUE
3414,Dancers and choreographers,Proportion of women (%),30 to 34 years,16.6,TRUE
3414,Dancers and choreographers,Proportion of women (%),25 to 29 years,17.6,TRUE
3414,Dancers and choreographers,Proportion of women (%),20 to 24 years,13.1,TRUE
3414,Dancers and choreographers,Proportion of women (%),16 to 19 years,2.6,TRUE
3414,Dancers and choreographers,Proportion of men (%),65 years and over,6,TRUE
3414,Dancers and choreographers,Proportion of men (%),60 to 64 years,4.3,TRUE
3414,Dancers and choreographers,Proportion of men (%),55 to 59 years,5.1,TRUE
3414,Dancers and choreographers,Proportion of men (%),50 to 54 years,5.5,TRUE
3414,Dancers and choreographers,Proportion of men (%),45 to 49 years,6,TRUE
3414,Dancers and choreographers,Proportion of men (%),40 to 44 years,8.2,TRUE
3414,Dancers and choreographers,Proportion of men (%),35 to 39 years,10.2,TRUE
3414,Dancers and choreographers,Proportion of men (%),30 to 34 years,16.5,TRUE
3414,Dancers and choreographers,Proportion of men (%),25 to 29 years,20.6,TRUE
3414,Dancers and choreographers,Proportion of men (%),20 to 24 years,15,TRUE
3414,Dancers and choreographers,Proportion of men (%),16 to 19 years,2.5,TRUE
3415,Musicians,Proportion of women (%),65 years and over,5.9,TRUE
3415,Musicians,Proportion of women (%),60 to 64 years,6.3,TRUE
3415,Musicians,Proportion of women (%),55 to 59 years,7.9,TRUE
3415,Musicians,Proportion of women (%),50 to 54 years,8,TRUE
3415,Musicians,Proportion of women (%),45 to 49 years,8.8,TRUE
3415,Musicians,Proportion of women (%),40 to 44 years,10.8,TRUE
3415,Musicians,Proportion of women (%),35 to 39 years,12.7,TRUE
3415,Musicians,Proportion of women (%),30 to 34 years,15.1,TRUE
3415,Musicians,Proportion of women (%),25 to 29 years,15.1,TRUE
3415,Musicians,Proportion of women (%),20 to 24 years,8.5,TRUE
3415,Musicians,Proportion of women (%),16 to 19 years,1.1,TRUE
3415,Musicians,Proportion of men (%),65 years and over,9.7,TRUE
3415,Musicians,Proportion of men (%),60 to 64 years,7.6,TRUE
3415,Musicians,Proportion of men (%),55 to 59 years,8.3,TRUE
3415,Musicians,Proportion of men (%),50 to 54 years,8,TRUE
3415,Musicians,Proportion of men (%),45 to 49 years,8.7,TRUE
3415,Musicians,Proportion of men (%),40 to 44 years,9.7,TRUE
3415,Musicians,Proportion of men (%),35 to 39 years,10.9,TRUE
3415,Musicians,Proportion of men (%),30 to 34 years,14.6,TRUE
3415,Musicians,Proportion of men (%),25 to 29 years,14.8,TRUE
3415,Musicians,Proportion of men (%),20 to 24 years,6.7,TRUE
3415,Musicians,Proportion of men (%),16 to 19 years,0.9,TRUE
3416,"Arts officers, producers and directors",Proportion of women (%),65 years and over,2.2,TRUE
3416,"Arts officers, producers and directors",Proportion of women (%),60 to 64 years,3.1,TRUE
3416,"Arts officers, producers and directors",Proportion of women (%),55 to 59 years,5.7,TRUE
3416,"Arts officers, producers and directors",Proportion of women (%),50 to 54 years,8.1,TRUE
3416,"Arts officers, producers and directors",Proportion of women (%),45 to 49 years,9.7,TRUE
3416,"Arts officers, producers and directors",Proportion of women (%),40 to 44 years,12,TRUE
3416,"Arts officers, producers and directors",Proportion of women (%),35 to 39 years,15.1,TRUE
3416,"Arts officers, producers and directors",Proportion of women (%),30 to 34 years,18.2,TRUE
3416,"Arts officers, producers and directors",Proportion of women (%),25 to 29 years,18.5,TRUE
3416,"Arts officers, producers and directors",Proportion of women (%),20 to 24 years,7,TRUE
3416,"Arts officers, producers and directors",Proportion of women (%),16 to 19 years,0.3,TRUE
3416,"Arts officers, producers and directors",Proportion of men (%),65 years and over,3.5,TRUE
3416,"Arts officers, producers and directors",Proportion of men (%),60 to 64 years,4,TRUE
3416,"Arts officers, producers and directors",Proportion of men (%),55 to 59 years,6.6,TRUE
3416,"Arts officers, producers and directors",Proportion of men (%),50 to 54 years,8.8,TRUE
3416,"Arts officers, producers and directors",Proportion of men (%),45 to 49 years,10.8,TRUE
3416,"Arts officers, producers and directors",Proportion of men (%),40 to 44 years,13.1,TRUE
3416,"Arts officers, producers and directors",Proportion of men (%),35 to 39 years,14.6,TRUE
3416,"Arts officers, producers and directors",Proportion of men (%),30 to 34 years,16.4,TRUE
3416,"Arts officers, producers and directors",Proportion of men (%),25 to 29 years,14.5,TRUE
3416,"Arts officers, producers and directors",Proportion of men (%),20 to 24 years,7,TRUE
3416,"Arts officers, producers and directors",Proportion of men (%),16 to 19 years,0.7,TRUE
3417,"Photographers, audio-visual and broadcasting equipment operators",Proportion of women (%),65 years and over,1.9,TRUE
3417,"Photographers, audio-visual and broadcasting equipment operators",Proportion of women (%),60 to 64 years,2.6,TRUE
3417,"Photographers, audio-visual and broadcasting equipment operators",Proportion of women (%),55 to 59 years,5.1,TRUE
3417,"Photographers, audio-visual and broadcasting equipment operators",Proportion of women (%),50 to 54 years,6.9,TRUE
3417,"Photographers, audio-visual and broadcasting equipment operators",Proportion of women (%),45 to 49 years,8.8,TRUE
3417,"Photographers, audio-visual and broadcasting equipment operators",Proportion of women (%),40 to 44 years,12.3,TRUE
3417,"Photographers, audio-visual and broadcasting equipment operators",Proportion of women (%),35 to 39 years,16.2,TRUE
3417,"Photographers, audio-visual and broadcasting equipment operators",Proportion of women (%),30 to 34 years,17.3,TRUE
3417,"Photographers, audio-visual and broadcasting equipment operators",Proportion of women (%),25 to 29 years,17.9,TRUE
3417,"Photographers, audio-visual and broadcasting equipment operators",Proportion of women (%),20 to 24 years,10.1,TRUE
3417,"Photographers, audio-visual and broadcasting equipment operators",Proportion of women (%),16 to 19 years,0.8,TRUE
3417,"Photographers, audio-visual and broadcasting equipment operators",Proportion of men (%),65 years and over,4.7,TRUE
3417,"Photographers, audio-visual and broadcasting equipment operators",Proportion of men (%),60 to 64 years,6.3,TRUE
3417,"Photographers, audio-visual and broadcasting equipment operators",Proportion of men (%),55 to 59 years,8.7,TRUE
3417,"Photographers, audio-visual and broadcasting equipment operators",Proportion of men (%),50 to 54 years,9.8,TRUE
3417,"Photographers, audio-visual and broadcasting equipment operators",Proportion of men (%),45 to 49 years,10.5,TRUE
3417,"Photographers, audio-visual and broadcasting equipment operators",Proportion of men (%),40 to 44 years,10.8,TRUE
3417,"Photographers, audio-visual and broadcasting equipment operators",Proportion of men (%),35 to 39 years,12.5,TRUE
3417,"Photographers, audio-visual and broadcasting equipment operators",Proportion of men (%),30 to 34 years,14.3,TRUE
3417,"Photographers, audio-visual and broadcasting equipment operators",Proportion of men (%),25 to 29 years,13.8,TRUE
3417,"Photographers, audio-visual and broadcasting equipment operators",Proportion of men (%),20 to 24 years,7.7,TRUE
3417,"Photographers, audio-visual and broadcasting equipment operators",Proportion of men (%),16 to 19 years,0.8,TRUE
3421,Interior designers,Proportion of women (%),65 years and over,3.2,TRUE
3421,Interior designers,Proportion of women (%),60 to 64 years,4.7,TRUE
3421,Interior designers,Proportion of women (%),55 to 59 years,8.1,TRUE
3421,Interior designers,Proportion of women (%),50 to 54 years,8.9,TRUE
3421,Interior designers,Proportion of women (%),45 to 49 years,10.4,TRUE
3421,Interior designers,Proportion of women (%),40 to 44 years,10.8,TRUE
3421,Interior designers,Proportion of women (%),35 to 39 years,12.8,TRUE
3421,Interior designers,Proportion of women (%),30 to 34 years,15.8,TRUE
3421,Interior designers,Proportion of women (%),25 to 29 years,17.2,TRUE
3421,Interior designers,Proportion of women (%),20 to 24 years,7.5,TRUE
3421,Interior designers,Proportion of women (%),16 to 19 years,0.5,TRUE
3421,Interior designers,Proportion of men (%),65 years and over,5.8,TRUE
3421,Interior designers,Proportion of men (%),60 to 64 years,7.3,TRUE
3421,Interior designers,Proportion of men (%),55 to 59 years,9.2,TRUE
3421,Interior designers,Proportion of men (%),50 to 54 years,10.7,TRUE
3421,Interior designers,Proportion of men (%),45 to 49 years,11.5,TRUE
3421,Interior designers,Proportion of men (%),40 to 44 years,10.8,TRUE
3421,Interior designers,Proportion of men (%),35 to 39 years,11.8,TRUE
3421,Interior designers,Proportion of men (%),30 to 34 years,12.9,TRUE
3421,Interior designers,Proportion of men (%),25 to 29 years,13,TRUE
3421,Interior designers,Proportion of men (%),20 to 24 years,6.3,TRUE
3421,Interior designers,Proportion of men (%),16 to 19 years,0.6,TRUE
3422,"Clothing, fashion and accessories designers",Proportion of women (%),65 years and over,3.3,TRUE
3422,"Clothing, fashion and accessories designers",Proportion of women (%),60 to 64 years,4.5,TRUE
3422,"Clothing, fashion and accessories designers",Proportion of women (%),55 to 59 years,6.6,TRUE
3422,"Clothing, fashion and accessories designers",Proportion of women (%),50 to 54 years,8.3,TRUE
3422,"Clothing, fashion and accessories designers",Proportion of women (%),45 to 49 years,9.6,TRUE
3422,"Clothing, fashion and accessories designers",Proportion of women (%),40 to 44 years,11.8,TRUE
3422,"Clothing, fashion and accessories designers",Proportion of women (%),35 to 39 years,14.6,TRUE
3422,"Clothing, fashion and accessories designers",Proportion of women (%),30 to 34 years,17.5,TRUE
3422,"Clothing, fashion and accessories designers",Proportion of women (%),25 to 29 years,17.2,TRUE
3422,"Clothing, fashion and accessories designers",Proportion of women (%),20 to 24 years,6.4,TRUE
3422,"Clothing, fashion and accessories designers",Proportion of women (%),16 to 19 years,0.3,TRUE
3422,"Clothing, fashion and accessories designers",Proportion of men (%),65 years and over,5.6,TRUE
3422,"Clothing, fashion and accessories designers",Proportion of men (%),60 to 64 years,6,TRUE
3422,"Clothing, fashion and accessories designers",Proportion of men (%),55 to 59 years,8.5,TRUE
3422,"Clothing, fashion and accessories designers",Proportion of men (%),50 to 54 years,10.2,TRUE
3422,"Clothing, fashion and accessories designers",Proportion of men (%),45 to 49 years,8.8,TRUE
3422,"Clothing, fashion and accessories designers",Proportion of men (%),40 to 44 years,8.8,TRUE
3422,"Clothing, fashion and accessories designers",Proportion of men (%),35 to 39 years,13.6,TRUE
3422,"Clothing, fashion and accessories designers",Proportion of men (%),30 to 34 years,14.7,TRUE
3422,"Clothing, fashion and accessories designers",Proportion of men (%),25 to 29 years,14.7,TRUE
3422,"Clothing, fashion and accessories designers",Proportion of men (%),20 to 24 years,8.1,TRUE
3422,"Clothing, fashion and accessories designers",Proportion of men (%),16 to 19 years,1,TRUE
3429,Design occupations n.e.c.,Proportion of women (%),65 years and over,2,TRUE
3429,Design occupations n.e.c.,Proportion of women (%),60 to 64 years,3.1,TRUE
3429,Design occupations n.e.c.,Proportion of women (%),55 to 59 years,5.4,TRUE
3429,Design occupations n.e.c.,Proportion of women (%),50 to 54 years,6.8,TRUE
3429,Design occupations n.e.c.,Proportion of women (%),45 to 49 years,8,TRUE
3429,Design occupations n.e.c.,Proportion of women (%),40 to 44 years,9.6,TRUE
3429,Design occupations n.e.c.,Proportion of women (%),35 to 39 years,13.7,TRUE
3429,Design occupations n.e.c.,Proportion of women (%),30 to 34 years,19.9,TRUE
3429,Design occupations n.e.c.,Proportion of women (%),25 to 29 years,21.9,TRUE
3429,Design occupations n.e.c.,Proportion of women (%),20 to 24 years,8.9,TRUE
3429,Design occupations n.e.c.,Proportion of women (%),16 to 19 years,0.5,TRUE
3429,Design occupations n.e.c.,Proportion of men (%),65 years and over,5.1,TRUE
3429,Design occupations n.e.c.,Proportion of men (%),60 to 64 years,5.2,TRUE
3429,Design occupations n.e.c.,Proportion of men (%),55 to 59 years,7.4,TRUE
3429,Design occupations n.e.c.,Proportion of men (%),50 to 54 years,8.2,TRUE
3429,Design occupations n.e.c.,Proportion of men (%),45 to 49 years,9.5,TRUE
3429,Design occupations n.e.c.,Proportion of men (%),40 to 44 years,11.2,TRUE
3429,Design occupations n.e.c.,Proportion of men (%),35 to 39 years,13.4,TRUE
3429,Design occupations n.e.c.,Proportion of men (%),30 to 34 years,16.2,TRUE
3429,Design occupations n.e.c.,Proportion of men (%),25 to 29 years,16.6,TRUE
3429,Design occupations n.e.c.,Proportion of men (%),20 to 24 years,6.5,TRUE
3429,Design occupations n.e.c.,Proportion of men (%),16 to 19 years,0.7,TRUE
3431,Sports players,Proportion of women (%),65 years and over,1.7,TRUE
3431,Sports players,Proportion of women (%),60 to 64 years,1.9,TRUE
3431,Sports players,Proportion of women (%),55 to 59 years,2.6,TRUE
3431,Sports players,Proportion of women (%),50 to 54 years,2.9,TRUE
3431,Sports players,Proportion of women (%),45 to 49 years,3.9,TRUE
3431,Sports players,Proportion of women (%),40 to 44 years,4.2,TRUE
3431,Sports players,Proportion of women (%),35 to 39 years,6.4,TRUE
3431,Sports players,Proportion of women (%),30 to 34 years,13.7,TRUE
3431,Sports players,Proportion of women (%),25 to 29 years,26.3,TRUE
3431,Sports players,Proportion of women (%),20 to 24 years,27.4,TRUE
3431,Sports players,Proportion of women (%),16 to 19 years,9.2,TRUE
3431,Sports players,Proportion of men (%),65 years and over,1.2,TRUE
3431,Sports players,Proportion of men (%),60 to 64 years,1.4,TRUE
3431,Sports players,Proportion of men (%),55 to 59 years,2.3,TRUE
3431,Sports players,Proportion of men (%),50 to 54 years,2.7,TRUE
3431,Sports players,Proportion of men (%),45 to 49 years,3.4,TRUE
3431,Sports players,Proportion of men (%),40 to 44 years,3.5,TRUE
3431,Sports players,Proportion of men (%),35 to 39 years,5.6,TRUE
3431,Sports players,Proportion of men (%),30 to 34 years,12.9,TRUE
3431,Sports players,Proportion of men (%),25 to 29 years,21.9,TRUE
3431,Sports players,Proportion of men (%),20 to 24 years,26.4,TRUE
3431,Sports players,Proportion of men (%),16 to 19 years,18.6,TRUE
3432,"Sports coaches, instructors and officials",Proportion of women (%),65 years and over,3.5,TRUE
3432,"Sports coaches, instructors and officials",Proportion of women (%),60 to 64 years,4.6,TRUE
3432,"Sports coaches, instructors and officials",Proportion of women (%),55 to 59 years,7.1,TRUE
3432,"Sports coaches, instructors and officials",Proportion of women (%),50 to 54 years,8.9,TRUE
3432,"Sports coaches, instructors and officials",Proportion of women (%),45 to 49 years,8.9,TRUE
3432,"Sports coaches, instructors and officials",Proportion of women (%),40 to 44 years,9.1,TRUE
3432,"Sports coaches, instructors and officials",Proportion of women (%),35 to 39 years,9.6,TRUE
3432,"Sports coaches, instructors and officials",Proportion of women (%),30 to 34 years,10.6,TRUE
3432,"Sports coaches, instructors and officials",Proportion of women (%),25 to 29 years,11.2,TRUE
3432,"Sports coaches, instructors and officials",Proportion of women (%),20 to 24 years,15,TRUE
3432,"Sports coaches, instructors and officials",Proportion of women (%),16 to 19 years,11.4,TRUE
3432,"Sports coaches, instructors and officials",Proportion of men (%),65 years and over,3.9,TRUE
3432,"Sports coaches, instructors and officials",Proportion of men (%),60 to 64 years,4.7,TRUE
3432,"Sports coaches, instructors and officials",Proportion of men (%),55 to 59 years,6,TRUE
3432,"Sports coaches, instructors and officials",Proportion of men (%),50 to 54 years,6.5,TRUE
3432,"Sports coaches, instructors and officials",Proportion of men (%),45 to 49 years,6.9,TRUE
3432,"Sports coaches, instructors and officials",Proportion of men (%),40 to 44 years,8.4,TRUE
3432,"Sports coaches, instructors and officials",Proportion of men (%),35 to 39 years,10.7,TRUE
3432,"Sports coaches, instructors and officials",Proportion of men (%),30 to 34 years,13,TRUE
3432,"Sports coaches, instructors and officials",Proportion of men (%),25 to 29 years,16.3,TRUE
3432,"Sports coaches, instructors and officials",Proportion of men (%),20 to 24 years,17.3,TRUE
3432,"Sports coaches, instructors and officials",Proportion of men (%),16 to 19 years,6.3,TRUE
3433,Fitness and wellbeing instructors,Proportion of women (%),65 years and over,4,TRUE
3433,Fitness and wellbeing instructors,Proportion of women (%),60 to 64 years,5.4,TRUE
3433,Fitness and wellbeing instructors,Proportion of women (%),55 to 59 years,9.1,TRUE
3433,Fitness and wellbeing instructors,Proportion of women (%),50 to 54 years,11.7,TRUE
3433,Fitness and wellbeing instructors,Proportion of women (%),45 to 49 years,13.3,TRUE
3433,Fitness and wellbeing instructors,Proportion of women (%),40 to 44 years,13.7,TRUE
3433,Fitness and wellbeing instructors,Proportion of women (%),35 to 39 years,13.3,TRUE
3433,Fitness and wellbeing instructors,Proportion of women (%),30 to 34 years,12.2,TRUE
3433,Fitness and wellbeing instructors,Proportion of women (%),25 to 29 years,10,TRUE
3433,Fitness and wellbeing instructors,Proportion of women (%),20 to 24 years,6.1,TRUE
3433,Fitness and wellbeing instructors,Proportion of women (%),16 to 19 years,1,TRUE
3433,Fitness and wellbeing instructors,Proportion of men (%),65 years and over,2.6,TRUE
3433,Fitness and wellbeing instructors,Proportion of men (%),60 to 64 years,3.9,TRUE
3433,Fitness and wellbeing instructors,Proportion of men (%),55 to 59 years,5.8,TRUE
3433,Fitness and wellbeing instructors,Proportion of men (%),50 to 54 years,6.7,TRUE
3433,Fitness and wellbeing instructors,Proportion of men (%),45 to 49 years,7.3,TRUE
3433,Fitness and wellbeing instructors,Proportion of men (%),40 to 44 years,9.7,TRUE
3433,Fitness and wellbeing instructors,Proportion of men (%),35 to 39 years,13.1,TRUE
3433,Fitness and wellbeing instructors,Proportion of men (%),30 to 34 years,17.8,TRUE
3433,Fitness and wellbeing instructors,Proportion of men (%),25 to 29 years,18.7,TRUE
3433,Fitness and wellbeing instructors,Proportion of men (%),20 to 24 years,12.7,TRUE
3433,Fitness and wellbeing instructors,Proportion of men (%),16 to 19 years,1.8,TRUE
3511,Aircraft pilots and air traffic controllers,Proportion of women (%),65 years and over,1.9,FALSE
3511,Aircraft pilots and air traffic controllers,Proportion of women (%),60 to 64 years,2.4,FALSE
3511,Aircraft pilots and air traffic controllers,Proportion of women (%),55 to 59 years,5.3,FALSE
3511,Aircraft pilots and air traffic controllers,Proportion of women (%),50 to 54 years,11.6,FALSE
3511,Aircraft pilots and air traffic controllers,Proportion of women (%),45 to 49 years,14.7,FALSE
3511,Aircraft pilots and air traffic controllers,Proportion of women (%),40 to 44 years,16.1,FALSE
3511,Aircraft pilots and air traffic controllers,Proportion of women (%),35 to 39 years,16.3,FALSE
3511,Aircraft pilots and air traffic controllers,Proportion of women (%),30 to 34 years,13.9,FALSE
3511,Aircraft pilots and air traffic controllers,Proportion of women (%),25 to 29 years,11.8,FALSE
3511,Aircraft pilots and air traffic controllers,Proportion of women (%),20 to 24 years,5.5,FALSE
3511,Aircraft pilots and air traffic controllers,Proportion of women (%),16 to 19 years,null,FALSE
3511,Aircraft pilots and air traffic controllers,Proportion of men (%),65 years and over,2.3,FALSE
3511,Aircraft pilots and air traffic controllers,Proportion of men (%),60 to 64 years,6.2,FALSE
3511,Aircraft pilots and air traffic controllers,Proportion of men (%),55 to 59 years,11,FALSE
3511,Aircraft pilots and air traffic controllers,Proportion of men (%),50 to 54 years,14.3,FALSE
3511,Aircraft pilots and air traffic controllers,Proportion of men (%),45 to 49 years,13.2,FALSE
3511,Aircraft pilots and air traffic controllers,Proportion of men (%),40 to 44 years,12.3,FALSE
3511,Aircraft pilots and air traffic controllers,Proportion of men (%),35 to 39 years,13.9,FALSE
3511,Aircraft pilots and air traffic controllers,Proportion of men (%),30 to 34 years,12.4,FALSE
3511,Aircraft pilots and air traffic controllers,Proportion of men (%),25 to 29 years,10.1,FALSE
3511,Aircraft pilots and air traffic controllers,Proportion of men (%),20 to 24 years,3.8,FALSE
3511,Aircraft pilots and air traffic controllers,Proportion of men (%),16 to 19 years,0.3,FALSE
3512,Ship and hovercraft officers,Proportion of women (%),65 years and over,null,FALSE
3512,Ship and hovercraft officers,Proportion of women (%),60 to 64 years,null,FALSE
3512,Ship and hovercraft officers,Proportion of women (%),55 to 59 years,5.7,FALSE
3512,Ship and hovercraft officers,Proportion of women (%),50 to 54 years,6,FALSE
3512,Ship and hovercraft officers,Proportion of women (%),45 to 49 years,6.4,FALSE
3512,Ship and hovercraft officers,Proportion of women (%),40 to 44 years,9.6,FALSE
3512,Ship and hovercraft officers,Proportion of women (%),35 to 39 years,17.2,FALSE
3512,Ship and hovercraft officers,Proportion of women (%),30 to 34 years,17.6,FALSE
3512,Ship and hovercraft officers,Proportion of women (%),25 to 29 years,20,FALSE
3512,Ship and hovercraft officers,Proportion of women (%),20 to 24 years,12.6,FALSE
3512,Ship and hovercraft officers,Proportion of women (%),16 to 19 years,2.4,FALSE
3512,Ship and hovercraft officers,Proportion of men (%),65 years and over,5.3,FALSE
3512,Ship and hovercraft officers,Proportion of men (%),60 to 64 years,9.6,FALSE
3512,Ship and hovercraft officers,Proportion of men (%),55 to 59 years,11.8,FALSE
3512,Ship and hovercraft officers,Proportion of men (%),50 to 54 years,9.5,FALSE
3512,Ship and hovercraft officers,Proportion of men (%),45 to 49 years,9.6,FALSE
3512,Ship and hovercraft officers,Proportion of men (%),40 to 44 years,10.2,FALSE
3512,Ship and hovercraft officers,Proportion of men (%),35 to 39 years,12.2,FALSE
3512,Ship and hovercraft officers,Proportion of men (%),30 to 34 years,13.3,FALSE
3512,Ship and hovercraft officers,Proportion of men (%),25 to 29 years,11.8,FALSE
3512,Ship and hovercraft officers,Proportion of men (%),20 to 24 years,6,FALSE
3512,Ship and hovercraft officers,Proportion of men (%),16 to 19 years,0.8,FALSE
3520,Legal associate professionals,Proportion of women (%),65 years and over,2.8,TRUE
3520,Legal associate professionals,Proportion of women (%),60 to 64 years,4.8,TRUE
3520,Legal associate professionals,Proportion of women (%),55 to 59 years,8.8,TRUE
3520,Legal associate professionals,Proportion of women (%),50 to 54 years,11,TRUE
3520,Legal associate professionals,Proportion of women (%),45 to 49 years,10.2,TRUE
3520,Legal associate professionals,Proportion of women (%),40 to 44 years,10.3,TRUE
3520,Legal associate professionals,Proportion of women (%),35 to 39 years,12.5,TRUE
3520,Legal associate professionals,Proportion of women (%),30 to 34 years,13,TRUE
3520,Legal associate professionals,Proportion of women (%),25 to 29 years,14.8,TRUE
3520,Legal associate professionals,Proportion of women (%),20 to 24 years,11,TRUE
3520,Legal associate professionals,Proportion of women (%),16 to 19 years,0.8,TRUE
3520,Legal associate professionals,Proportion of men (%),65 years and over,5.9,TRUE
3520,Legal associate professionals,Proportion of men (%),60 to 64 years,6.2,TRUE
3520,Legal associate professionals,Proportion of men (%),55 to 59 years,8.6,TRUE
3520,Legal associate professionals,Proportion of men (%),50 to 54 years,9.4,TRUE
3520,Legal associate professionals,Proportion of men (%),45 to 49 years,9.8,TRUE
3520,Legal associate professionals,Proportion of men (%),40 to 44 years,10.4,TRUE
3520,Legal associate professionals,Proportion of men (%),35 to 39 years,12,TRUE
3520,Legal associate professionals,Proportion of men (%),30 to 34 years,13.9,TRUE
3520,Legal associate professionals,Proportion of men (%),25 to 29 years,14.4,TRUE
3520,Legal associate professionals,Proportion of men (%),20 to 24 years,8.8,TRUE
3520,Legal associate professionals,Proportion of men (%),16 to 19 years,0.7,TRUE
3531,Brokers,Proportion of women (%),65 years and over,1.3,TRUE
3531,Brokers,Proportion of women (%),60 to 64 years,3,TRUE
3531,Brokers,Proportion of women (%),55 to 59 years,5.9,TRUE
3531,Brokers,Proportion of women (%),50 to 54 years,8.8,TRUE
3531,Brokers,Proportion of women (%),45 to 49 years,10,TRUE
3531,Brokers,Proportion of women (%),40 to 44 years,11.2,TRUE
3531,Brokers,Proportion of women (%),35 to 39 years,13.9,TRUE
3531,Brokers,Proportion of women (%),30 to 34 years,17.1,TRUE
3531,Brokers,Proportion of women (%),25 to 29 years,17.8,TRUE
3531,Brokers,Proportion of women (%),20 to 24 years,10,TRUE
3531,Brokers,Proportion of women (%),16 to 19 years,1,TRUE
3531,Brokers,Proportion of men (%),65 years and over,3.1,TRUE
3531,Brokers,Proportion of men (%),60 to 64 years,4.4,TRUE
3531,Brokers,Proportion of men (%),55 to 59 years,7.3,TRUE
3531,Brokers,Proportion of men (%),50 to 54 years,10,TRUE
3531,Brokers,Proportion of men (%),45 to 49 years,10.9,TRUE
3531,Brokers,Proportion of men (%),40 to 44 years,12.3,TRUE
3531,Brokers,Proportion of men (%),35 to 39 years,14.3,TRUE
3531,Brokers,Proportion of men (%),30 to 34 years,14.8,TRUE
3531,Brokers,Proportion of men (%),25 to 29 years,14.6,TRUE
3531,Brokers,Proportion of men (%),20 to 24 years,7.6,TRUE
3531,Brokers,Proportion of men (%),16 to 19 years,0.7,TRUE
3532,Insurance underwriters,Proportion of women (%),65 years and over,0.8,TRUE
3532,Insurance underwriters,Proportion of women (%),60 to 64 years,2.8,TRUE
3532,Insurance underwriters,Proportion of women (%),55 to 59 years,6.4,TRUE
3532,Insurance underwriters,Proportion of women (%),50 to 54 years,11,TRUE
3532,Insurance underwriters,Proportion of women (%),45 to 49 years,10.8,TRUE
3532,Insurance underwriters,Proportion of women (%),40 to 44 years,11.8,TRUE
3532,Insurance underwriters,Proportion of women (%),35 to 39 years,15.2,TRUE
3532,Insurance underwriters,Proportion of women (%),30 to 34 years,17.9,TRUE
3532,Insurance underwriters,Proportion of women (%),25 to 29 years,16,TRUE
3532,Insurance underwriters,Proportion of women (%),20 to 24 years,6.8,TRUE
3532,Insurance underwriters,Proportion of women (%),16 to 19 years,0.5,TRUE
3532,Insurance underwriters,Proportion of men (%),65 years and over,1,TRUE
3532,Insurance underwriters,Proportion of men (%),60 to 64 years,2.9,TRUE
3532,Insurance underwriters,Proportion of men (%),55 to 59 years,6.3,TRUE
3532,Insurance underwriters,Proportion of men (%),50 to 54 years,9.9,TRUE
3532,Insurance underwriters,Proportion of men (%),45 to 49 years,10.6,TRUE
3532,Insurance underwriters,Proportion of men (%),40 to 44 years,12.4,TRUE
3532,Insurance underwriters,Proportion of men (%),35 to 39 years,15.3,TRUE
3532,Insurance underwriters,Proportion of men (%),30 to 34 years,17.2,TRUE
3532,Insurance underwriters,Proportion of men (%),25 to 29 years,16.3,TRUE
3532,Insurance underwriters,Proportion of men (%),20 to 24 years,7.4,TRUE
3532,Insurance underwriters,Proportion of men (%),16 to 19 years,0.6,TRUE
3533,Financial and accounting technicians,Proportion of women (%),65 years and over,3.3,TRUE
3533,Financial and accounting technicians,Proportion of women (%),60 to 64 years,6.9,TRUE
3533,Financial and accounting technicians,Proportion of women (%),55 to 59 years,11.7,TRUE
3533,Financial and accounting technicians,Proportion of women (%),50 to 54 years,14,TRUE
3533,Financial and accounting technicians,Proportion of women (%),45 to 49 years,11.8,TRUE
3533,Financial and accounting technicians,Proportion of women (%),40 to 44 years,11.4,TRUE
3533,Financial and accounting technicians,Proportion of women (%),35 to 39 years,10.8,TRUE
3533,Financial and accounting technicians,Proportion of women (%),30 to 34 years,10.1,TRUE
3533,Financial and accounting technicians,Proportion of women (%),25 to 29 years,13.1,TRUE
3533,Financial and accounting technicians,Proportion of women (%),20 to 24 years,6.4,TRUE
3533,Financial and accounting technicians,Proportion of women (%),16 to 19 years,0.5,TRUE
3533,Financial and accounting technicians,Proportion of men (%),65 years and over,4.2,TRUE
3533,Financial and accounting technicians,Proportion of men (%),60 to 64 years,5.6,TRUE
3533,Financial and accounting technicians,Proportion of men (%),55 to 59 years,8.3,TRUE
3533,Financial and accounting technicians,Proportion of men (%),50 to 54 years,9.2,TRUE
3533,Financial and accounting technicians,Proportion of men (%),45 to 49 years,8.7,TRUE
3533,Financial and accounting technicians,Proportion of men (%),40 to 44 years,9.5,TRUE
3533,Financial and accounting technicians,Proportion of men (%),35 to 39 years,10.1,TRUE
3533,Financial and accounting technicians,Proportion of men (%),30 to 34 years,13.4,TRUE
3533,Financial and accounting technicians,Proportion of men (%),25 to 29 years,20.9,TRUE
3533,Financial and accounting technicians,Proportion of men (%),20 to 24 years,9.5,TRUE
3533,Financial and accounting technicians,Proportion of men (%),16 to 19 years,0.6,TRUE
3534,Financial accounts managers,Proportion of women (%),65 years and over,3.4,TRUE
3534,Financial accounts managers,Proportion of women (%),60 to 64 years,5.8,TRUE
3534,Financial accounts managers,Proportion of women (%),55 to 59 years,10.4,TRUE
3534,Financial accounts managers,Proportion of women (%),50 to 54 years,13.8,TRUE
3534,Financial accounts managers,Proportion of women (%),45 to 49 years,12.8,TRUE
3534,Financial accounts managers,Proportion of women (%),40 to 44 years,12.5,TRUE
3534,Financial accounts managers,Proportion of women (%),35 to 39 years,13.6,TRUE
3534,Financial accounts managers,Proportion of women (%),30 to 34 years,13.8,TRUE
3534,Financial accounts managers,Proportion of women (%),25 to 29 years,10.4,TRUE
3534,Financial accounts managers,Proportion of women (%),20 to 24 years,3.3,TRUE
3534,Financial accounts managers,Proportion of women (%),16 to 19 years,0.2,TRUE
3534,Financial accounts managers,Proportion of men (%),65 years and over,2,TRUE
3534,Financial accounts managers,Proportion of men (%),60 to 64 years,4.1,TRUE
3534,Financial accounts managers,Proportion of men (%),55 to 59 years,7.8,TRUE
3534,Financial accounts managers,Proportion of men (%),50 to 54 years,11.2,TRUE
3534,Financial accounts managers,Proportion of men (%),45 to 49 years,12.4,TRUE
3534,Financial accounts managers,Proportion of men (%),40 to 44 years,14.3,TRUE
3534,Financial accounts managers,Proportion of men (%),35 to 39 years,15.5,TRUE
3534,Financial accounts managers,Proportion of men (%),30 to 34 years,16.5,TRUE
3534,Financial accounts managers,Proportion of men (%),25 to 29 years,12.5,TRUE
3534,Financial accounts managers,Proportion of men (%),20 to 24 years,3.7,TRUE
3534,Financial accounts managers,Proportion of men (%),16 to 19 years,0.2,TRUE
3541,"Estimators, valuers and assessors",Proportion of women (%),65 years and over,1.4,TRUE
3541,"Estimators, valuers and assessors",Proportion of women (%),60 to 64 years,4.2,TRUE
3541,"Estimators, valuers and assessors",Proportion of women (%),55 to 59 years,8.4,TRUE
3541,"Estimators, valuers and assessors",Proportion of women (%),50 to 54 years,10.8,TRUE
3541,"Estimators, valuers and assessors",Proportion of women (%),45 to 49 years,10.7,TRUE
3541,"Estimators, valuers and assessors",Proportion of women (%),40 to 44 years,11.7,TRUE
3541,"Estimators, valuers and assessors",Proportion of women (%),35 to 39 years,13.5,TRUE
3541,"Estimators, valuers and assessors",Proportion of women (%),30 to 34 years,16.1,TRUE
3541,"Estimators, valuers and assessors",Proportion of women (%),25 to 29 years,14.7,TRUE
3541,"Estimators, valuers and assessors",Proportion of women (%),20 to 24 years,8,TRUE
3541,"Estimators, valuers and assessors",Proportion of women (%),16 to 19 years,0.6,TRUE
3541,"Estimators, valuers and assessors",Proportion of men (%),65 years and over,6.5,TRUE
3541,"Estimators, valuers and assessors",Proportion of men (%),60 to 64 years,8.9,TRUE
3541,"Estimators, valuers and assessors",Proportion of men (%),55 to 59 years,12.3,TRUE
3541,"Estimators, valuers and assessors",Proportion of men (%),50 to 54 years,12.1,TRUE
3541,"Estimators, valuers and assessors",Proportion of men (%),45 to 49 years,11,TRUE
3541,"Estimators, valuers and assessors",Proportion of men (%),40 to 44 years,9.5,TRUE
3541,"Estimators, valuers and assessors",Proportion of men (%),35 to 39 years,11,TRUE
3541,"Estimators, valuers and assessors",Proportion of men (%),30 to 34 years,11.6,TRUE
3541,"Estimators, valuers and assessors",Proportion of men (%),25 to 29 years,10.7,TRUE
3541,"Estimators, valuers and assessors",Proportion of men (%),20 to 24 years,5.8,TRUE
3541,"Estimators, valuers and assessors",Proportion of men (%),16 to 19 years,0.5,TRUE
3542,Importers and exporters,Proportion of women (%),65 years and over,2.3,TRUE
3542,Importers and exporters,Proportion of women (%),60 to 64 years,4.2,TRUE
3542,Importers and exporters,Proportion of women (%),55 to 59 years,8.2,TRUE
3542,Importers and exporters,Proportion of women (%),50 to 54 years,10.9,TRUE
3542,Importers and exporters,Proportion of women (%),45 to 49 years,12.6,TRUE
3542,Importers and exporters,Proportion of women (%),40 to 44 years,12.9,TRUE
3542,Importers and exporters,Proportion of women (%),35 to 39 years,13.9,TRUE
3542,Importers and exporters,Proportion of women (%),30 to 34 years,13.6,TRUE
3542,Importers and exporters,Proportion of women (%),25 to 29 years,13.2,TRUE
3542,Importers and exporters,Proportion of women (%),20 to 24 years,7.5,TRUE
3542,Importers and exporters,Proportion of women (%),16 to 19 years,0.6,TRUE
3542,Importers and exporters,Proportion of men (%),65 years and over,6.7,TRUE
3542,Importers and exporters,Proportion of men (%),60 to 64 years,6.6,TRUE
3542,Importers and exporters,Proportion of men (%),55 to 59 years,8.5,TRUE
3542,Importers and exporters,Proportion of men (%),50 to 54 years,10.7,TRUE
3542,Importers and exporters,Proportion of men (%),45 to 49 years,12.9,TRUE
3542,Importers and exporters,Proportion of men (%),40 to 44 years,9.3,TRUE
3542,Importers and exporters,Proportion of men (%),35 to 39 years,12,TRUE
3542,Importers and exporters,Proportion of men (%),30 to 34 years,12.3,TRUE
3542,Importers and exporters,Proportion of men (%),25 to 29 years,11.9,TRUE
3542,Importers and exporters,Proportion of men (%),20 to 24 years,8.2,TRUE
3542,Importers and exporters,Proportion of men (%),16 to 19 years,0.9,TRUE
3543,Project support officers,Proportion of women (%),65 years and over,1.1,TRUE
3543,Project support officers,Proportion of women (%),60 to 64 years,3.6,TRUE
3543,Project support officers,Proportion of women (%),55 to 59 years,6.8,TRUE
3543,Project support officers,Proportion of women (%),50 to 54 years,9.4,TRUE
3543,Project support officers,Proportion of women (%),45 to 49 years,10.5,TRUE
3543,Project support officers,Proportion of women (%),40 to 44 years,11.5,TRUE
3543,Project support officers,Proportion of women (%),35 to 39 years,13.4,TRUE
3543,Project support officers,Proportion of women (%),30 to 34 years,15.6,TRUE
3543,Project support officers,Proportion of women (%),25 to 29 years,18,TRUE
3543,Project support officers,Proportion of women (%),20 to 24 years,9.5,TRUE
3543,Project support officers,Proportion of women (%),16 to 19 years,0.5,TRUE
3543,Project support officers,Proportion of men (%),65 years and over,2.1,TRUE
3543,Project support officers,Proportion of men (%),60 to 64 years,4.6,TRUE
3543,Project support officers,Proportion of men (%),55 to 59 years,7.7,TRUE
3543,Project support officers,Proportion of men (%),50 to 54 years,9,TRUE
3543,Project support officers,Proportion of men (%),45 to 49 years,9.1,TRUE
3543,Project support officers,Proportion of men (%),40 to 44 years,11.1,TRUE
3543,Project support officers,Proportion of men (%),35 to 39 years,12.3,TRUE
3543,Project support officers,Proportion of men (%),30 to 34 years,15.1,TRUE
3543,Project support officers,Proportion of men (%),25 to 29 years,17.6,TRUE
3543,Project support officers,Proportion of men (%),20 to 24 years,10.6,TRUE
3543,Project support officers,Proportion of men (%),16 to 19 years,0.8,TRUE
3544,Data analysts,Proportion of women (%),65 years and over,0.8,TRUE
3544,Data analysts,Proportion of women (%),60 to 64 years,2.5,TRUE
3544,Data analysts,Proportion of women (%),55 to 59 years,5.2,TRUE
3544,Data analysts,Proportion of women (%),50 to 54 years,7.3,TRUE
3544,Data analysts,Proportion of women (%),45 to 49 years,8.6,TRUE
3544,Data analysts,Proportion of women (%),40 to 44 years,10.7,TRUE
3544,Data analysts,Proportion of women (%),35 to 39 years,13.9,TRUE
3544,Data analysts,Proportion of women (%),30 to 34 years,17.1,TRUE
3544,Data analysts,Proportion of women (%),25 to 29 years,22,TRUE
3544,Data analysts,Proportion of women (%),20 to 24 years,11.5,TRUE
3544,Data analysts,Proportion of women (%),16 to 19 years,0.4,TRUE
3544,Data analysts,Proportion of men (%),65 years and over,1,TRUE
3544,Data analysts,Proportion of men (%),60 to 64 years,2.2,TRUE
3544,Data analysts,Proportion of men (%),55 to 59 years,4.5,TRUE
3544,Data analysts,Proportion of men (%),50 to 54 years,6.6,TRUE
3544,Data analysts,Proportion of men (%),45 to 49 years,8.4,TRUE
3544,Data analysts,Proportion of men (%),40 to 44 years,11.1,TRUE
3544,Data analysts,Proportion of men (%),35 to 39 years,13.7,TRUE
3544,Data analysts,Proportion of men (%),30 to 34 years,17,TRUE
3544,Data analysts,Proportion of men (%),25 to 29 years,22.7,TRUE
3544,Data analysts,Proportion of men (%),20 to 24 years,12.3,TRUE
3544,Data analysts,Proportion of men (%),16 to 19 years,0.6,TRUE
3549,Business associate professionals n.e.c.,Proportion of women (%),65 years and over,2.3,TRUE
3549,Business associate professionals n.e.c.,Proportion of women (%),60 to 64 years,6,TRUE
3549,Business associate professionals n.e.c.,Proportion of women (%),55 to 59 years,10.7,TRUE
3549,Business associate professionals n.e.c.,Proportion of women (%),50 to 54 years,12.4,TRUE
3549,Business associate professionals n.e.c.,Proportion of women (%),45 to 49 years,11.4,TRUE
3549,Business associate professionals n.e.c.,Proportion of women (%),40 to 44 years,12,TRUE
3549,Business associate professionals n.e.c.,Proportion of women (%),35 to 39 years,12.4,TRUE
3549,Business associate professionals n.e.c.,Proportion of women (%),30 to 34 years,13.3,TRUE
3549,Business associate professionals n.e.c.,Proportion of women (%),25 to 29 years,13.1,TRUE
3549,Business associate professionals n.e.c.,Proportion of women (%),20 to 24 years,6.2,TRUE
3549,Business associate professionals n.e.c.,Proportion of women (%),16 to 19 years,0.3,TRUE
3549,Business associate professionals n.e.c.,Proportion of men (%),65 years and over,4,TRUE
3549,Business associate professionals n.e.c.,Proportion of men (%),60 to 64 years,6,TRUE
3549,Business associate professionals n.e.c.,Proportion of men (%),55 to 59 years,9.3,TRUE
3549,Business associate professionals n.e.c.,Proportion of men (%),50 to 54 years,10.7,TRUE
3549,Business associate professionals n.e.c.,Proportion of men (%),45 to 49 years,11.1,TRUE
3549,Business associate professionals n.e.c.,Proportion of men (%),40 to 44 years,12,TRUE
3549,Business associate professionals n.e.c.,Proportion of men (%),35 to 39 years,12.7,TRUE
3549,Business associate professionals n.e.c.,Proportion of men (%),30 to 34 years,13.4,TRUE
3549,Business associate professionals n.e.c.,Proportion of men (%),25 to 29 years,13.9,TRUE
3549,Business associate professionals n.e.c.,Proportion of men (%),20 to 24 years,6.3,TRUE
3549,Business associate professionals n.e.c.,Proportion of men (%),16 to 19 years,0.5,TRUE
3551,Buyers and procurement officers,Proportion of women (%),65 years and over,1.3,TRUE
3551,Buyers and procurement officers,Proportion of women (%),60 to 64 years,3.4,TRUE
3551,Buyers and procurement officers,Proportion of women (%),55 to 59 years,7.1,TRUE
3551,Buyers and procurement officers,Proportion of women (%),50 to 54 years,9.3,TRUE
3551,Buyers and procurement officers,Proportion of women (%),45 to 49 years,9.5,TRUE
3551,Buyers and procurement officers,Proportion of women (%),40 to 44 years,10.7,TRUE
3551,Buyers and procurement officers,Proportion of women (%),35 to 39 years,13.5,TRUE
3551,Buyers and procurement officers,Proportion of women (%),30 to 34 years,17,TRUE
3551,Buyers and procurement officers,Proportion of women (%),25 to 29 years,17.8,TRUE
3551,Buyers and procurement officers,Proportion of women (%),20 to 24 years,8.8,TRUE
3551,Buyers and procurement officers,Proportion of women (%),16 to 19 years,1.6,TRUE
3551,Buyers and procurement officers,Proportion of men (%),65 years and over,3.4,TRUE
3551,Buyers and procurement officers,Proportion of men (%),60 to 64 years,6.3,TRUE
3551,Buyers and procurement officers,Proportion of men (%),55 to 59 years,9.7,TRUE
3551,Buyers and procurement officers,Proportion of men (%),50 to 54 years,11,TRUE
3551,Buyers and procurement officers,Proportion of men (%),45 to 49 years,10.5,TRUE
3551,Buyers and procurement officers,Proportion of men (%),40 to 44 years,10.4,TRUE
3551,Buyers and procurement officers,Proportion of men (%),35 to 39 years,11,TRUE
3551,Buyers and procurement officers,Proportion of men (%),30 to 34 years,13,TRUE
3551,Buyers and procurement officers,Proportion of men (%),25 to 29 years,13.8,TRUE
3551,Buyers and procurement officers,Proportion of men (%),20 to 24 years,8.7,TRUE
3551,Buyers and procurement officers,Proportion of men (%),16 to 19 years,2.1,TRUE
3552,Business sales executives,Proportion of women (%),65 years and over,1.9,TRUE
3552,Business sales executives,Proportion of women (%),60 to 64 years,3.7,TRUE
3552,Business sales executives,Proportion of women (%),55 to 59 years,6.7,TRUE
3552,Business sales executives,Proportion of women (%),50 to 54 years,8.6,TRUE
3552,Business sales executives,Proportion of women (%),45 to 49 years,9.2,TRUE
3552,Business sales executives,Proportion of women (%),40 to 44 years,9.9,TRUE
3552,Business sales executives,Proportion of women (%),35 to 39 years,11.5,TRUE
3552,Business sales executives,Proportion of women (%),30 to 34 years,15,TRUE
3552,Business sales executives,Proportion of women (%),25 to 29 years,19.7,TRUE
3552,Business sales executives,Proportion of women (%),20 to 24 years,12.9,TRUE
3552,Business sales executives,Proportion of women (%),16 to 19 years,0.9,TRUE
3552,Business sales executives,Proportion of men (%),65 years and over,4.6,TRUE
3552,Business sales executives,Proportion of men (%),60 to 64 years,6.1,TRUE
3552,Business sales executives,Proportion of men (%),55 to 59 years,8.7,TRUE
3552,Business sales executives,Proportion of men (%),50 to 54 years,9.4,TRUE
3552,Business sales executives,Proportion of men (%),45 to 49 years,9.6,TRUE
3552,Business sales executives,Proportion of men (%),40 to 44 years,9.6,TRUE
3552,Business sales executives,Proportion of men (%),35 to 39 years,10.8,TRUE
3552,Business sales executives,Proportion of men (%),30 to 34 years,13.7,TRUE
3552,Business sales executives,Proportion of men (%),25 to 29 years,17.1,TRUE
3552,Business sales executives,Proportion of men (%),20 to 24 years,9.7,TRUE
3552,Business sales executives,Proportion of men (%),16 to 19 years,0.8,TRUE
3553,Merchandisers ,Proportion of women (%),65 years and over,3,TRUE
3553,Merchandisers ,Proportion of women (%),60 to 64 years,5.7,TRUE
3553,Merchandisers ,Proportion of women (%),55 to 59 years,8.5,TRUE
3553,Merchandisers ,Proportion of women (%),50 to 54 years,9,TRUE
3553,Merchandisers ,Proportion of women (%),45 to 49 years,7.9,TRUE
3553,Merchandisers ,Proportion of women (%),40 to 44 years,8.5,TRUE
3553,Merchandisers ,Proportion of women (%),35 to 39 years,11.6,TRUE
3553,Merchandisers ,Proportion of women (%),30 to 34 years,17.5,TRUE
3553,Merchandisers ,Proportion of women (%),25 to 29 years,18.7,TRUE
3553,Merchandisers ,Proportion of women (%),20 to 24 years,8.7,TRUE
3553,Merchandisers ,Proportion of women (%),16 to 19 years,0.8,TRUE
3553,Merchandisers ,Proportion of men (%),65 years and over,2.6,TRUE
3553,Merchandisers ,Proportion of men (%),60 to 64 years,4.4,TRUE
3553,Merchandisers ,Proportion of men (%),55 to 59 years,6.9,TRUE
3553,Merchandisers ,Proportion of men (%),50 to 54 years,8.5,TRUE
3553,Merchandisers ,Proportion of men (%),45 to 49 years,9.7,TRUE
3553,Merchandisers ,Proportion of men (%),40 to 44 years,10.2,TRUE
3553,Merchandisers ,Proportion of men (%),35 to 39 years,14.3,TRUE
3553,Merchandisers ,Proportion of men (%),30 to 34 years,17.5,TRUE
3553,Merchandisers ,Proportion of men (%),25 to 29 years,16.7,TRUE
3553,Merchandisers ,Proportion of men (%),20 to 24 years,7.9,TRUE
3553,Merchandisers ,Proportion of men (%),16 to 19 years,1.2,TRUE
3554,Advertising and marketing associate professionals,Proportion of women (%),65 years and over,1.1,TRUE
3554,Advertising and marketing associate professionals,Proportion of women (%),60 to 64 years,1.9,TRUE
3554,Advertising and marketing associate professionals,Proportion of women (%),55 to 59 years,3.8,TRUE
3554,Advertising and marketing associate professionals,Proportion of women (%),50 to 54 years,5.3,TRUE
3554,Advertising and marketing associate professionals,Proportion of women (%),45 to 49 years,6.8,TRUE
3554,Advertising and marketing associate professionals,Proportion of women (%),40 to 44 years,8.6,TRUE
3554,Advertising and marketing associate professionals,Proportion of women (%),35 to 39 years,11,TRUE
3554,Advertising and marketing associate professionals,Proportion of women (%),30 to 34 years,15.4,TRUE
3554,Advertising and marketing associate professionals,Proportion of women (%),25 to 29 years,25.5,TRUE
3554,Advertising and marketing associate professionals,Proportion of women (%),20 to 24 years,19,TRUE
3554,Advertising and marketing associate professionals,Proportion of women (%),16 to 19 years,1.6,TRUE
3554,Advertising and marketing associate professionals,Proportion of men (%),65 years and over,2.3,TRUE
3554,Advertising and marketing associate professionals,Proportion of men (%),60 to 64 years,3.1,TRUE
3554,Advertising and marketing associate professionals,Proportion of men (%),55 to 59 years,4.8,TRUE
3554,Advertising and marketing associate professionals,Proportion of men (%),50 to 54 years,5.9,TRUE
3554,Advertising and marketing associate professionals,Proportion of men (%),45 to 49 years,7,TRUE
3554,Advertising and marketing associate professionals,Proportion of men (%),40 to 44 years,8.3,TRUE
3554,Advertising and marketing associate professionals,Proportion of men (%),35 to 39 years,10.8,TRUE
3554,Advertising and marketing associate professionals,Proportion of men (%),30 to 34 years,14.8,TRUE
3554,Advertising and marketing associate professionals,Proportion of men (%),25 to 29 years,23.3,TRUE
3554,Advertising and marketing associate professionals,Proportion of men (%),20 to 24 years,17.6,TRUE
3554,Advertising and marketing associate professionals,Proportion of men (%),16 to 19 years,2.1,TRUE
3555,Estate agents and auctioneers,Proportion of women (%),65 years and over,4,TRUE
3555,Estate agents and auctioneers,Proportion of women (%),60 to 64 years,5.8,TRUE
3555,Estate agents and auctioneers,Proportion of women (%),55 to 59 years,9.7,TRUE
3555,Estate agents and auctioneers,Proportion of women (%),50 to 54 years,9.8,TRUE
3555,Estate agents and auctioneers,Proportion of women (%),45 to 49 years,8.4,TRUE
3555,Estate agents and auctioneers,Proportion of women (%),40 to 44 years,8,TRUE
3555,Estate agents and auctioneers,Proportion of women (%),35 to 39 years,8.8,TRUE
3555,Estate agents and auctioneers,Proportion of women (%),30 to 34 years,11.5,TRUE
3555,Estate agents and auctioneers,Proportion of women (%),25 to 29 years,16.1,TRUE
3555,Estate agents and auctioneers,Proportion of women (%),20 to 24 years,15.7,TRUE
3555,Estate agents and auctioneers,Proportion of women (%),16 to 19 years,2.2,TRUE
3555,Estate agents and auctioneers,Proportion of men (%),65 years and over,6.6,TRUE
3555,Estate agents and auctioneers,Proportion of men (%),60 to 64 years,6,TRUE
3555,Estate agents and auctioneers,Proportion of men (%),55 to 59 years,7.5,TRUE
3555,Estate agents and auctioneers,Proportion of men (%),50 to 54 years,7.9,TRUE
3555,Estate agents and auctioneers,Proportion of men (%),45 to 49 years,7.2,TRUE
3555,Estate agents and auctioneers,Proportion of men (%),40 to 44 years,8.2,TRUE
3555,Estate agents and auctioneers,Proportion of men (%),35 to 39 years,9.7,TRUE
3555,Estate agents and auctioneers,Proportion of men (%),30 to 34 years,11.8,TRUE
3555,Estate agents and auctioneers,Proportion of men (%),25 to 29 years,16.4,TRUE
3555,Estate agents and auctioneers,Proportion of men (%),20 to 24 years,16.6,TRUE
3555,Estate agents and auctioneers,Proportion of men (%),16 to 19 years,2.1,TRUE
3556,Sales accounts and business development managers,Proportion of women (%),65 years and over,0.7,TRUE
3556,Sales accounts and business development managers,Proportion of women (%),60 to 64 years,2.3,TRUE
3556,Sales accounts and business development managers,Proportion of women (%),55 to 59 years,5.8,TRUE
3556,Sales accounts and business development managers,Proportion of women (%),50 to 54 years,9.5,TRUE
3556,Sales accounts and business development managers,Proportion of women (%),45 to 49 years,11.4,TRUE
3556,Sales accounts and business development managers,Proportion of women (%),40 to 44 years,13.4,TRUE
3556,Sales accounts and business development managers,Proportion of women (%),35 to 39 years,16.4,TRUE
3556,Sales accounts and business development managers,Proportion of women (%),30 to 34 years,19.5,TRUE
3556,Sales accounts and business development managers,Proportion of women (%),25 to 29 years,16.4,TRUE
3556,Sales accounts and business development managers,Proportion of women (%),20 to 24 years,4.3,TRUE
3556,Sales accounts and business development managers,Proportion of women (%),16 to 19 years,0.2,TRUE
3556,Sales accounts and business development managers,Proportion of men (%),65 years and over,2,TRUE
3556,Sales accounts and business development managers,Proportion of men (%),60 to 64 years,5.1,TRUE
3556,Sales accounts and business development managers,Proportion of men (%),55 to 59 years,9.6,TRUE
3556,Sales accounts and business development managers,Proportion of men (%),50 to 54 years,11.9,TRUE
3556,Sales accounts and business development managers,Proportion of men (%),45 to 49 years,12.9,TRUE
3556,Sales accounts and business development managers,Proportion of men (%),40 to 44 years,13.7,TRUE
3556,Sales accounts and business development managers,Proportion of men (%),35 to 39 years,14.9,TRUE
3556,Sales accounts and business development managers,Proportion of men (%),30 to 34 years,15.1,TRUE
3556,Sales accounts and business development managers,Proportion of men (%),25 to 29 years,11.6,TRUE
3556,Sales accounts and business development managers,Proportion of men (%),20 to 24 years,3,TRUE
3556,Sales accounts and business development managers,Proportion of men (%),16 to 19 years,0.2,TRUE
3557,Events managers and organisers,Proportion of women (%),65 years and over,1.7,TRUE
3557,Events managers and organisers,Proportion of women (%),60 to 64 years,3.1,TRUE
3557,Events managers and organisers,Proportion of women (%),55 to 59 years,5.6,TRUE
3557,Events managers and organisers,Proportion of women (%),50 to 54 years,7.2,TRUE
3557,Events managers and organisers,Proportion of women (%),45 to 49 years,8.2,TRUE
3557,Events managers and organisers,Proportion of women (%),40 to 44 years,10.7,TRUE
3557,Events managers and organisers,Proportion of women (%),35 to 39 years,14.2,TRUE
3557,Events managers and organisers,Proportion of women (%),30 to 34 years,19.4,TRUE
3557,Events managers and organisers,Proportion of women (%),25 to 29 years,20.7,TRUE
3557,Events managers and organisers,Proportion of women (%),20 to 24 years,8.3,TRUE
3557,Events managers and organisers,Proportion of women (%),16 to 19 years,0.8,TRUE
3557,Events managers and organisers,Proportion of men (%),65 years and over,3.4,TRUE
3557,Events managers and organisers,Proportion of men (%),60 to 64 years,5,TRUE
3557,Events managers and organisers,Proportion of men (%),55 to 59 years,7.1,TRUE
3557,Events managers and organisers,Proportion of men (%),50 to 54 years,8.5,TRUE
3557,Events managers and organisers,Proportion of men (%),45 to 49 years,9.1,TRUE
3557,Events managers and organisers,Proportion of men (%),40 to 44 years,11.7,TRUE
3557,Events managers and organisers,Proportion of men (%),35 to 39 years,14,TRUE
3557,Events managers and organisers,Proportion of men (%),30 to 34 years,16.4,TRUE
3557,Events managers and organisers,Proportion of men (%),25 to 29 years,16.1,TRUE
3557,Events managers and organisers,Proportion of men (%),20 to 24 years,7.6,TRUE
3557,Events managers and organisers,Proportion of men (%),16 to 19 years,1,TRUE
3560,Public services associate professionals,Proportion of women (%),65 years and over,3.7,TRUE
3560,Public services associate professionals,Proportion of women (%),60 to 64 years,9.5,TRUE
3560,Public services associate professionals,Proportion of women (%),55 to 59 years,15.4,TRUE
3560,Public services associate professionals,Proportion of women (%),50 to 54 years,15.5,TRUE
3560,Public services associate professionals,Proportion of women (%),45 to 49 years,12.2,TRUE
3560,Public services associate professionals,Proportion of women (%),40 to 44 years,10.5,TRUE
3560,Public services associate professionals,Proportion of women (%),35 to 39 years,10.3,TRUE
3560,Public services associate professionals,Proportion of women (%),30 to 34 years,9.3,TRUE
3560,Public services associate professionals,Proportion of women (%),25 to 29 years,8.4,TRUE
3560,Public services associate professionals,Proportion of women (%),20 to 24 years,4.8,TRUE
3560,Public services associate professionals,Proportion of women (%),16 to 19 years,0.5,TRUE
3560,Public services associate professionals,Proportion of men (%),65 years and over,2.8,TRUE
3560,Public services associate professionals,Proportion of men (%),60 to 64 years,7.5,TRUE
3560,Public services associate professionals,Proportion of men (%),55 to 59 years,12.9,TRUE
3560,Public services associate professionals,Proportion of men (%),50 to 54 years,13.5,TRUE
3560,Public services associate professionals,Proportion of men (%),45 to 49 years,11.7,TRUE
3560,Public services associate professionals,Proportion of men (%),40 to 44 years,12,TRUE
3560,Public services associate professionals,Proportion of men (%),35 to 39 years,12.1,TRUE
3560,Public services associate professionals,Proportion of men (%),30 to 34 years,11.4,TRUE
3560,Public services associate professionals,Proportion of men (%),25 to 29 years,9.9,TRUE
3560,Public services associate professionals,Proportion of men (%),20 to 24 years,5.4,TRUE
3560,Public services associate professionals,Proportion of men (%),16 to 19 years,0.7,TRUE
3571,Human resources and industrial relations officers,Proportion of women (%),65 years and over,1.1,TRUE
3571,Human resources and industrial relations officers,Proportion of women (%),60 to 64 years,3.1,TRUE
3571,Human resources and industrial relations officers,Proportion of women (%),55 to 59 years,6.1,TRUE
3571,Human resources and industrial relations officers,Proportion of women (%),50 to 54 years,8.1,TRUE
3571,Human resources and industrial relations officers,Proportion of women (%),45 to 49 years,9.2,TRUE
3571,Human resources and industrial relations officers,Proportion of women (%),40 to 44 years,11,TRUE
3571,Human resources and industrial relations officers,Proportion of women (%),35 to 39 years,13.6,TRUE
3571,Human resources and industrial relations officers,Proportion of women (%),30 to 34 years,16.9,TRUE
3571,Human resources and industrial relations officers,Proportion of women (%),25 to 29 years,19.9,TRUE
3571,Human resources and industrial relations officers,Proportion of women (%),20 to 24 years,10.4,TRUE
3571,Human resources and industrial relations officers,Proportion of women (%),16 to 19 years,0.8,TRUE
3571,Human resources and industrial relations officers,Proportion of men (%),65 years and over,1.7,TRUE
3571,Human resources and industrial relations officers,Proportion of men (%),60 to 64 years,2.8,TRUE
3571,Human resources and industrial relations officers,Proportion of men (%),55 to 59 years,4.5,TRUE
3571,Human resources and industrial relations officers,Proportion of men (%),50 to 54 years,5.7,TRUE
3571,Human resources and industrial relations officers,Proportion of men (%),45 to 49 years,6.8,TRUE
3571,Human resources and industrial relations officers,Proportion of men (%),40 to 44 years,8.8,TRUE
3571,Human resources and industrial relations officers,Proportion of men (%),35 to 39 years,12.4,TRUE
3571,Human resources and industrial relations officers,Proportion of men (%),30 to 34 years,18.1,TRUE
3571,Human resources and industrial relations officers,Proportion of men (%),25 to 29 years,24,TRUE
3571,Human resources and industrial relations officers,Proportion of men (%),20 to 24 years,14,TRUE
3571,Human resources and industrial relations officers,Proportion of men (%),16 to 19 years,1.2,TRUE
3572,Careers advisers and vocational guidance specialists,Proportion of women (%),65 years and over,2.5,TRUE
3572,Careers advisers and vocational guidance specialists,Proportion of women (%),60 to 64 years,7.7,TRUE
3572,Careers advisers and vocational guidance specialists,Proportion of women (%),55 to 59 years,12.6,TRUE
3572,Careers advisers and vocational guidance specialists,Proportion of women (%),50 to 54 years,13.8,TRUE
3572,Careers advisers and vocational guidance specialists,Proportion of women (%),45 to 49 years,13.5,TRUE
3572,Careers advisers and vocational guidance specialists,Proportion of women (%),40 to 44 years,13.1,TRUE
3572,Careers advisers and vocational guidance specialists,Proportion of women (%),35 to 39 years,11.8,TRUE
3572,Careers advisers and vocational guidance specialists,Proportion of women (%),30 to 34 years,10.1,TRUE
3572,Careers advisers and vocational guidance specialists,Proportion of women (%),25 to 29 years,8.8,TRUE
3572,Careers advisers and vocational guidance specialists,Proportion of women (%),20 to 24 years,5.6,TRUE
3572,Careers advisers and vocational guidance specialists,Proportion of women (%),16 to 19 years,0.4,TRUE
3572,Careers advisers and vocational guidance specialists,Proportion of men (%),65 years and over,4.3,TRUE
3572,Careers advisers and vocational guidance specialists,Proportion of men (%),60 to 64 years,7.5,TRUE
3572,Careers advisers and vocational guidance specialists,Proportion of men (%),55 to 59 years,10.6,TRUE
3572,Careers advisers and vocational guidance specialists,Proportion of men (%),50 to 54 years,11.5,TRUE
3572,Careers advisers and vocational guidance specialists,Proportion of men (%),45 to 49 years,11.4,TRUE
3572,Careers advisers and vocational guidance specialists,Proportion of men (%),40 to 44 years,11.8,TRUE
3572,Careers advisers and vocational guidance specialists,Proportion of men (%),35 to 39 years,11.6,TRUE
3572,Careers advisers and vocational guidance specialists,Proportion of men (%),30 to 34 years,11.7,TRUE
3572,Careers advisers and vocational guidance specialists,Proportion of men (%),25 to 29 years,10.9,TRUE
3572,Careers advisers and vocational guidance specialists,Proportion of men (%),20 to 24 years,8.1,TRUE
3572,Careers advisers and vocational guidance specialists,Proportion of men (%),16 to 19 years,0.6,TRUE
3573,Information technology trainers,Proportion of women (%),65 years and over,2.5,TRUE
3573,Information technology trainers,Proportion of women (%),60 to 64 years,7.1,TRUE
3573,Information technology trainers,Proportion of women (%),55 to 59 years,12.5,TRUE
3573,Information technology trainers,Proportion of women (%),50 to 54 years,14.2,TRUE
3573,Information technology trainers,Proportion of women (%),45 to 49 years,12.7,TRUE
3573,Information technology trainers,Proportion of women (%),40 to 44 years,12.6,TRUE
3573,Information technology trainers,Proportion of women (%),35 to 39 years,11.8,TRUE
3573,Information technology trainers,Proportion of women (%),30 to 34 years,12.6,TRUE
3573,Information technology trainers,Proportion of women (%),25 to 29 years,9.6,TRUE
3573,Information technology trainers,Proportion of women (%),20 to 24 years,4.1,TRUE
3573,Information technology trainers,Proportion of women (%),16 to 19 years,0.3,TRUE
3573,Information technology trainers,Proportion of men (%),65 years and over,3.9,TRUE
3573,Information technology trainers,Proportion of men (%),60 to 64 years,7.3,TRUE
3573,Information technology trainers,Proportion of men (%),55 to 59 years,10.7,TRUE
3573,Information technology trainers,Proportion of men (%),50 to 54 years,13.7,TRUE
3573,Information technology trainers,Proportion of men (%),45 to 49 years,13.3,TRUE
3573,Information technology trainers,Proportion of men (%),40 to 44 years,12.2,TRUE
3573,Information technology trainers,Proportion of men (%),35 to 39 years,13.4,TRUE
3573,Information technology trainers,Proportion of men (%),30 to 34 years,11.4,TRUE
3573,Information technology trainers,Proportion of men (%),25 to 29 years,8.8,TRUE
3573,Information technology trainers,Proportion of men (%),20 to 24 years,4.5,TRUE
3573,Information technology trainers,Proportion of men (%),16 to 19 years,0.7,TRUE
3574,Other vocational and industrial trainers,Proportion of women (%),65 years and over,3.4,TRUE
3574,Other vocational and industrial trainers,Proportion of women (%),60 to 64 years,7,TRUE
3574,Other vocational and industrial trainers,Proportion of women (%),55 to 59 years,11.6,TRUE
3574,Other vocational and industrial trainers,Proportion of women (%),50 to 54 years,13.7,TRUE
3574,Other vocational and industrial trainers,Proportion of women (%),45 to 49 years,12.6,TRUE
3574,Other vocational and industrial trainers,Proportion of women (%),40 to 44 years,12.4,TRUE
3574,Other vocational and industrial trainers,Proportion of women (%),35 to 39 years,12.7,TRUE
3574,Other vocational and industrial trainers,Proportion of women (%),30 to 34 years,12.3,TRUE
3574,Other vocational and industrial trainers,Proportion of women (%),25 to 29 years,9.5,TRUE
3574,Other vocational and industrial trainers,Proportion of women (%),20 to 24 years,3.9,TRUE
3574,Other vocational and industrial trainers,Proportion of women (%),16 to 19 years,0.9,TRUE
3574,Other vocational and industrial trainers,Proportion of men (%),65 years and over,6.6,TRUE
3574,Other vocational and industrial trainers,Proportion of men (%),60 to 64 years,10.7,TRUE
3574,Other vocational and industrial trainers,Proportion of men (%),55 to 59 years,14.5,TRUE
3574,Other vocational and industrial trainers,Proportion of men (%),50 to 54 years,14.4,TRUE
3574,Other vocational and industrial trainers,Proportion of men (%),45 to 49 years,11.4,TRUE
3574,Other vocational and industrial trainers,Proportion of men (%),40 to 44 years,10.5,TRUE
3574,Other vocational and industrial trainers,Proportion of men (%),35 to 39 years,10.3,TRUE
3574,Other vocational and industrial trainers,Proportion of men (%),30 to 34 years,9.5,TRUE
3574,Other vocational and industrial trainers,Proportion of men (%),25 to 29 years,6.9,TRUE
3574,Other vocational and industrial trainers,Proportion of men (%),20 to 24 years,3.7,TRUE
3574,Other vocational and industrial trainers,Proportion of men (%),16 to 19 years,1.5,TRUE
3581,Inspectors of standards and regulations,Proportion of women (%),65 years and over,2.6,TRUE
3581,Inspectors of standards and regulations,Proportion of women (%),60 to 64 years,6.6,TRUE
3581,Inspectors of standards and regulations,Proportion of women (%),55 to 59 years,13.7,TRUE
3581,Inspectors of standards and regulations,Proportion of women (%),50 to 54 years,16.1,TRUE
3581,Inspectors of standards and regulations,Proportion of women (%),45 to 49 years,14.4,TRUE
3581,Inspectors of standards and regulations,Proportion of women (%),40 to 44 years,13.8,TRUE
3581,Inspectors of standards and regulations,Proportion of women (%),35 to 39 years,12.7,TRUE
3581,Inspectors of standards and regulations,Proportion of women (%),30 to 34 years,9.5,TRUE
3581,Inspectors of standards and regulations,Proportion of women (%),25 to 29 years,7.3,TRUE
3581,Inspectors of standards and regulations,Proportion of women (%),20 to 24 years,3,TRUE
3581,Inspectors of standards and regulations,Proportion of women (%),16 to 19 years,0.2,TRUE
3581,Inspectors of standards and regulations,Proportion of men (%),65 years and over,7.1,TRUE
3581,Inspectors of standards and regulations,Proportion of men (%),60 to 64 years,12.7,TRUE
3581,Inspectors of standards and regulations,Proportion of men (%),55 to 59 years,18.1,TRUE
3581,Inspectors of standards and regulations,Proportion of men (%),50 to 54 years,16.7,TRUE
3581,Inspectors of standards and regulations,Proportion of men (%),45 to 49 years,12.1,TRUE
3581,Inspectors of standards and regulations,Proportion of men (%),40 to 44 years,9.8,TRUE
3581,Inspectors of standards and regulations,Proportion of men (%),35 to 39 years,8.7,TRUE
3581,Inspectors of standards and regulations,Proportion of men (%),30 to 34 years,7.1,TRUE
3581,Inspectors of standards and regulations,Proportion of men (%),25 to 29 years,5.4,TRUE
3581,Inspectors of standards and regulations,Proportion of men (%),20 to 24 years,2.1,TRUE
3581,Inspectors of standards and regulations,Proportion of men (%),16 to 19 years,0.2,TRUE
3582,Health and safety managers and officers,Proportion of women (%),65 years and over,1.8,TRUE
3582,Health and safety managers and officers,Proportion of women (%),60 to 64 years,5.5,TRUE
3582,Health and safety managers and officers,Proportion of women (%),55 to 59 years,11,TRUE
3582,Health and safety managers and officers,Proportion of women (%),50 to 54 years,14.6,TRUE
3582,Health and safety managers and officers,Proportion of women (%),45 to 49 years,14.1,TRUE
3582,Health and safety managers and officers,Proportion of women (%),40 to 44 years,13.7,TRUE
3582,Health and safety managers and officers,Proportion of women (%),35 to 39 years,13.3,TRUE
3582,Health and safety managers and officers,Proportion of women (%),30 to 34 years,12.1,TRUE
3582,Health and safety managers and officers,Proportion of women (%),25 to 29 years,9,TRUE
3582,Health and safety managers and officers,Proportion of women (%),20 to 24 years,4.3,TRUE
3582,Health and safety managers and officers,Proportion of women (%),16 to 19 years,0.6,TRUE
3582,Health and safety managers and officers,Proportion of men (%),65 years and over,6,TRUE
3582,Health and safety managers and officers,Proportion of men (%),60 to 64 years,11.5,TRUE
3582,Health and safety managers and officers,Proportion of men (%),55 to 59 years,16.4,TRUE
3582,Health and safety managers and officers,Proportion of men (%),50 to 54 years,16.1,TRUE
3582,Health and safety managers and officers,Proportion of men (%),45 to 49 years,12.4,TRUE
3582,Health and safety managers and officers,Proportion of men (%),40 to 44 years,10.4,TRUE
3582,Health and safety managers and officers,Proportion of men (%),35 to 39 years,9.8,TRUE
3582,Health and safety managers and officers,Proportion of men (%),30 to 34 years,8.3,TRUE
3582,Health and safety managers and officers,Proportion of men (%),25 to 29 years,6,TRUE
3582,Health and safety managers and officers,Proportion of men (%),20 to 24 years,2.7,TRUE
3582,Health and safety managers and officers,Proportion of men (%),16 to 19 years,0.4,TRUE
4111,National government administrative occupations,Proportion of women (%),65 years and over,2.6,TRUE
4111,National government administrative occupations,Proportion of women (%),60 to 64 years,8.4,TRUE
4111,National government administrative occupations,Proportion of women (%),55 to 59 years,15.2,TRUE
4111,National government administrative occupations,Proportion of women (%),50 to 54 years,15.2,TRUE
4111,National government administrative occupations,Proportion of women (%),45 to 49 years,11.8,TRUE
4111,National government administrative occupations,Proportion of women (%),40 to 44 years,11,TRUE
4111,National government administrative occupations,Proportion of women (%),35 to 39 years,10.4,TRUE
4111,National government administrative occupations,Proportion of women (%),30 to 34 years,9.2,TRUE
4111,National government administrative occupations,Proportion of women (%),25 to 29 years,9.9,TRUE
4111,National government administrative occupations,Proportion of women (%),20 to 24 years,5.8,TRUE
4111,National government administrative occupations,Proportion of women (%),16 to 19 years,0.5,TRUE
4111,National government administrative occupations,Proportion of men (%),65 years and over,2.6,TRUE
4111,National government administrative occupations,Proportion of men (%),60 to 64 years,6.6,TRUE
4111,National government administrative occupations,Proportion of men (%),55 to 59 years,11.7,TRUE
4111,National government administrative occupations,Proportion of men (%),50 to 54 years,12.9,TRUE
4111,National government administrative occupations,Proportion of men (%),45 to 49 years,10.7,TRUE
4111,National government administrative occupations,Proportion of men (%),40 to 44 years,11.1,TRUE
4111,National government administrative occupations,Proportion of men (%),35 to 39 years,11.7,TRUE
4111,National government administrative occupations,Proportion of men (%),30 to 34 years,11.6,TRUE
4111,National government administrative occupations,Proportion of men (%),25 to 29 years,12.2,TRUE
4111,National government administrative occupations,Proportion of men (%),20 to 24 years,7.5,TRUE
4111,National government administrative occupations,Proportion of men (%),16 to 19 years,1.3,TRUE
4112,Local government administrative occupations,Proportion of women (%),65 years and over,4.4,TRUE
4112,Local government administrative occupations,Proportion of women (%),60 to 64 years,10.3,TRUE
4112,Local government administrative occupations,Proportion of women (%),55 to 59 years,16.8,TRUE
4112,Local government administrative occupations,Proportion of women (%),50 to 54 years,16.6,TRUE
4112,Local government administrative occupations,Proportion of women (%),45 to 49 years,12.1,TRUE
4112,Local government administrative occupations,Proportion of women (%),40 to 44 years,10.5,TRUE
4112,Local government administrative occupations,Proportion of women (%),35 to 39 years,9.3,TRUE
4112,Local government administrative occupations,Proportion of women (%),30 to 34 years,7.3,TRUE
4112,Local government administrative occupations,Proportion of women (%),25 to 29 years,7.2,TRUE
4112,Local government administrative occupations,Proportion of women (%),20 to 24 years,5,TRUE
4112,Local government administrative occupations,Proportion of women (%),16 to 19 years,0.6,TRUE
4112,Local government administrative occupations,Proportion of men (%),65 years and over,5.2,TRUE
4112,Local government administrative occupations,Proportion of men (%),60 to 64 years,9.3,TRUE
4112,Local government administrative occupations,Proportion of men (%),55 to 59 years,14.4,TRUE
4112,Local government administrative occupations,Proportion of men (%),50 to 54 years,13.6,TRUE
4112,Local government administrative occupations,Proportion of men (%),45 to 49 years,10.9,TRUE
4112,Local government administrative occupations,Proportion of men (%),40 to 44 years,10.7,TRUE
4112,Local government administrative occupations,Proportion of men (%),35 to 39 years,9.7,TRUE
4112,Local government administrative occupations,Proportion of men (%),30 to 34 years,9.3,TRUE
4112,Local government administrative occupations,Proportion of men (%),25 to 29 years,9.6,TRUE
4112,Local government administrative occupations,Proportion of men (%),20 to 24 years,6.4,TRUE
4112,Local government administrative occupations,Proportion of men (%),16 to 19 years,0.9,TRUE
4113,Officers of non-governmental organisations,Proportion of women (%),65 years and over,8.4,TRUE
4113,Officers of non-governmental organisations,Proportion of women (%),60 to 64 years,12.1,TRUE
4113,Officers of non-governmental organisations,Proportion of women (%),55 to 59 years,15.6,TRUE
4113,Officers of non-governmental organisations,Proportion of women (%),50 to 54 years,13.8,TRUE
4113,Officers of non-governmental organisations,Proportion of women (%),45 to 49 years,11.2,TRUE
4113,Officers of non-governmental organisations,Proportion of women (%),40 to 44 years,10.5,TRUE
4113,Officers of non-governmental organisations,Proportion of women (%),35 to 39 years,8.8,TRUE
4113,Officers of non-governmental organisations,Proportion of women (%),30 to 34 years,7.9,TRUE
4113,Officers of non-governmental organisations,Proportion of women (%),25 to 29 years,7.1,TRUE
4113,Officers of non-governmental organisations,Proportion of women (%),20 to 24 years,4.1,TRUE
4113,Officers of non-governmental organisations,Proportion of women (%),16 to 19 years,0.3,TRUE
4113,Officers of non-governmental organisations,Proportion of men (%),65 years and over,11.4,TRUE
4113,Officers of non-governmental organisations,Proportion of men (%),60 to 64 years,13.6,TRUE
4113,Officers of non-governmental organisations,Proportion of men (%),55 to 59 years,15.6,TRUE
4113,Officers of non-governmental organisations,Proportion of men (%),50 to 54 years,12.9,TRUE
4113,Officers of non-governmental organisations,Proportion of men (%),45 to 49 years,9,TRUE
4113,Officers of non-governmental organisations,Proportion of men (%),40 to 44 years,8.1,TRUE
4113,Officers of non-governmental organisations,Proportion of men (%),35 to 39 years,7.7,TRUE
4113,Officers of non-governmental organisations,Proportion of men (%),30 to 34 years,7.9,TRUE
4113,Officers of non-governmental organisations,Proportion of men (%),25 to 29 years,8.8,TRUE
4113,Officers of non-governmental organisations,Proportion of men (%),20 to 24 years,4.6,TRUE
4113,Officers of non-governmental organisations,Proportion of men (%),16 to 19 years,0.4,TRUE
4121,Credit controllers,Proportion of women (%),65 years and over,4.1,TRUE
4121,Credit controllers,Proportion of women (%),60 to 64 years,8.6,TRUE
4121,Credit controllers,Proportion of women (%),55 to 59 years,13.8,TRUE
4121,Credit controllers,Proportion of women (%),50 to 54 years,15.9,TRUE
4121,Credit controllers,Proportion of women (%),45 to 49 years,12.9,TRUE
4121,Credit controllers,Proportion of women (%),40 to 44 years,10.8,TRUE
4121,Credit controllers,Proportion of women (%),35 to 39 years,10.7,TRUE
4121,Credit controllers,Proportion of women (%),30 to 34 years,9.8,TRUE
4121,Credit controllers,Proportion of women (%),25 to 29 years,8.6,TRUE
4121,Credit controllers,Proportion of women (%),20 to 24 years,4.5,TRUE
4121,Credit controllers,Proportion of women (%),16 to 19 years,0.3,TRUE
4121,Credit controllers,Proportion of men (%),65 years and over,3.4,TRUE
4121,Credit controllers,Proportion of men (%),60 to 64 years,5.5,TRUE
4121,Credit controllers,Proportion of men (%),55 to 59 years,9.2,TRUE
4121,Credit controllers,Proportion of men (%),50 to 54 years,10.5,TRUE
4121,Credit controllers,Proportion of men (%),45 to 49 years,10.7,TRUE
4121,Credit controllers,Proportion of men (%),40 to 44 years,11.6,TRUE
4121,Credit controllers,Proportion of men (%),35 to 39 years,12.9,TRUE
4121,Credit controllers,Proportion of men (%),30 to 34 years,13.1,TRUE
4121,Credit controllers,Proportion of men (%),25 to 29 years,14.1,TRUE
4121,Credit controllers,Proportion of men (%),20 to 24 years,8.1,TRUE
4121,Credit controllers,Proportion of men (%),16 to 19 years,0.8,TRUE
4122,"Book-keepers, payroll managers and wages clerks",Proportion of women (%),65 years and over,6.6,TRUE
4122,"Book-keepers, payroll managers and wages clerks",Proportion of women (%),60 to 64 years,8.6,TRUE
4122,"Book-keepers, payroll managers and wages clerks",Proportion of women (%),55 to 59 years,12.2,TRUE
4122,"Book-keepers, payroll managers and wages clerks",Proportion of women (%),50 to 54 years,13.5,TRUE
4122,"Book-keepers, payroll managers and wages clerks",Proportion of women (%),45 to 49 years,11.3,TRUE
4122,"Book-keepers, payroll managers and wages clerks",Proportion of women (%),40 to 44 years,10.7,TRUE
4122,"Book-keepers, payroll managers and wages clerks",Proportion of women (%),35 to 39 years,10.7,TRUE
4122,"Book-keepers, payroll managers and wages clerks",Proportion of women (%),30 to 34 years,10,TRUE
4122,"Book-keepers, payroll managers and wages clerks",Proportion of women (%),25 to 29 years,8.9,TRUE
4122,"Book-keepers, payroll managers and wages clerks",Proportion of women (%),20 to 24 years,6.4,TRUE
4122,"Book-keepers, payroll managers and wages clerks",Proportion of women (%),16 to 19 years,1.1,TRUE
4122,"Book-keepers, payroll managers and wages clerks",Proportion of men (%),65 years and over,8.8,TRUE
4122,"Book-keepers, payroll managers and wages clerks",Proportion of men (%),60 to 64 years,6,TRUE
4122,"Book-keepers, payroll managers and wages clerks",Proportion of men (%),55 to 59 years,7,TRUE
4122,"Book-keepers, payroll managers and wages clerks",Proportion of men (%),50 to 54 years,7.8,TRUE
4122,"Book-keepers, payroll managers and wages clerks",Proportion of men (%),45 to 49 years,7.5,TRUE
4122,"Book-keepers, payroll managers and wages clerks",Proportion of men (%),40 to 44 years,8.2,TRUE
4122,"Book-keepers, payroll managers and wages clerks",Proportion of men (%),35 to 39 years,9,TRUE
4122,"Book-keepers, payroll managers and wages clerks",Proportion of men (%),30 to 34 years,10.5,TRUE
4122,"Book-keepers, payroll managers and wages clerks",Proportion of men (%),25 to 29 years,15.7,TRUE
4122,"Book-keepers, payroll managers and wages clerks",Proportion of men (%),20 to 24 years,16.3,TRUE
4122,"Book-keepers, payroll managers and wages clerks",Proportion of men (%),16 to 19 years,3.1,TRUE
4123,Bank and post office clerks,Proportion of women (%),65 years and over,3.6,TRUE
4123,Bank and post office clerks,Proportion of women (%),60 to 64 years,8.5,TRUE
4123,Bank and post office clerks,Proportion of women (%),55 to 59 years,12.9,TRUE
4123,Bank and post office clerks,Proportion of women (%),50 to 54 years,14.1,TRUE
4123,Bank and post office clerks,Proportion of women (%),45 to 49 years,10.5,TRUE
4123,Bank and post office clerks,Proportion of women (%),40 to 44 years,8.7,TRUE
4123,Bank and post office clerks,Proportion of women (%),35 to 39 years,10.7,TRUE
4123,Bank and post office clerks,Proportion of women (%),30 to 34 years,11.1,TRUE
4123,Bank and post office clerks,Proportion of women (%),25 to 29 years,10.2,TRUE
4123,Bank and post office clerks,Proportion of women (%),20 to 24 years,8.6,TRUE
4123,Bank and post office clerks,Proportion of women (%),16 to 19 years,1.1,TRUE
4123,Bank and post office clerks,Proportion of men (%),65 years and over,3.6,TRUE
4123,Bank and post office clerks,Proportion of men (%),60 to 64 years,5.4,TRUE
4123,Bank and post office clerks,Proportion of men (%),55 to 59 years,7.2,TRUE
4123,Bank and post office clerks,Proportion of men (%),50 to 54 years,8.6,TRUE
4123,Bank and post office clerks,Proportion of men (%),45 to 49 years,8.4,TRUE
4123,Bank and post office clerks,Proportion of men (%),40 to 44 years,9.6,TRUE
4123,Bank and post office clerks,Proportion of men (%),35 to 39 years,11.9,TRUE
4123,Bank and post office clerks,Proportion of men (%),30 to 34 years,13.5,TRUE
4123,Bank and post office clerks,Proportion of men (%),25 to 29 years,16.1,TRUE
4123,Bank and post office clerks,Proportion of men (%),20 to 24 years,13.9,TRUE
4123,Bank and post office clerks,Proportion of men (%),16 to 19 years,1.7,TRUE
4124,Finance officers,Proportion of women (%),65 years and over,3.5,TRUE
4124,Finance officers,Proportion of women (%),60 to 64 years,8.9,TRUE
4124,Finance officers,Proportion of women (%),55 to 59 years,15.7,TRUE
4124,Finance officers,Proportion of women (%),50 to 54 years,17.4,TRUE
4124,Finance officers,Proportion of women (%),45 to 49 years,14.4,TRUE
4124,Finance officers,Proportion of women (%),40 to 44 years,12.5,TRUE
4124,Finance officers,Proportion of women (%),35 to 39 years,10.5,TRUE
4124,Finance officers,Proportion of women (%),30 to 34 years,8,TRUE
4124,Finance officers,Proportion of women (%),25 to 29 years,6.2,TRUE
4124,Finance officers,Proportion of women (%),20 to 24 years,2.8,TRUE
4124,Finance officers,Proportion of women (%),16 to 19 years,0.1,TRUE
4124,Finance officers,Proportion of men (%),65 years and over,5.3,TRUE
4124,Finance officers,Proportion of men (%),60 to 64 years,7.2,TRUE
4124,Finance officers,Proportion of men (%),55 to 59 years,11.5,TRUE
4124,Finance officers,Proportion of men (%),50 to 54 years,11.1,TRUE
4124,Finance officers,Proportion of men (%),45 to 49 years,10.4,TRUE
4124,Finance officers,Proportion of men (%),40 to 44 years,10.2,TRUE
4124,Finance officers,Proportion of men (%),35 to 39 years,10.7,TRUE
4124,Finance officers,Proportion of men (%),30 to 34 years,12.1,TRUE
4124,Finance officers,Proportion of men (%),25 to 29 years,12.9,TRUE
4124,Finance officers,Proportion of men (%),20 to 24 years,8.1,TRUE
4124,Finance officers,Proportion of men (%),16 to 19 years,0.6,TRUE
4129,Financial administrative occupations n.e.c.,Proportion of women (%),65 years and over,3.8,TRUE
4129,Financial administrative occupations n.e.c.,Proportion of women (%),60 to 64 years,7.4,TRUE
4129,Financial administrative occupations n.e.c.,Proportion of women (%),55 to 59 years,11.3,TRUE
4129,Financial administrative occupations n.e.c.,Proportion of women (%),50 to 54 years,12.4,TRUE
4129,Financial administrative occupations n.e.c.,Proportion of women (%),45 to 49 years,10.7,TRUE
4129,Financial administrative occupations n.e.c.,Proportion of women (%),40 to 44 years,10.6,TRUE
4129,Financial administrative occupations n.e.c.,Proportion of women (%),35 to 39 years,11,TRUE
4129,Financial administrative occupations n.e.c.,Proportion of women (%),30 to 34 years,11,TRUE
4129,Financial administrative occupations n.e.c.,Proportion of women (%),25 to 29 years,11.5,TRUE
4129,Financial administrative occupations n.e.c.,Proportion of women (%),20 to 24 years,8.9,TRUE
4129,Financial administrative occupations n.e.c.,Proportion of women (%),16 to 19 years,1.3,TRUE
4129,Financial administrative occupations n.e.c.,Proportion of men (%),65 years and over,3.7,TRUE
4129,Financial administrative occupations n.e.c.,Proportion of men (%),60 to 64 years,4.6,TRUE
4129,Financial administrative occupations n.e.c.,Proportion of men (%),55 to 59 years,6.6,TRUE
4129,Financial administrative occupations n.e.c.,Proportion of men (%),50 to 54 years,7.2,TRUE
4129,Financial administrative occupations n.e.c.,Proportion of men (%),45 to 49 years,8,TRUE
4129,Financial administrative occupations n.e.c.,Proportion of men (%),40 to 44 years,9,TRUE
4129,Financial administrative occupations n.e.c.,Proportion of men (%),35 to 39 years,10.5,TRUE
4129,Financial administrative occupations n.e.c.,Proportion of men (%),30 to 34 years,12.8,TRUE
4129,Financial administrative occupations n.e.c.,Proportion of men (%),25 to 29 years,18.1,TRUE
4129,Financial administrative occupations n.e.c.,Proportion of men (%),20 to 24 years,17.2,TRUE
4129,Financial administrative occupations n.e.c.,Proportion of men (%),16 to 19 years,2.3,TRUE
4131,Records clerks and assistants,Proportion of women (%),65 years and over,4.1,TRUE
4131,Records clerks and assistants,Proportion of women (%),60 to 64 years,9.1,TRUE
4131,Records clerks and assistants,Proportion of women (%),55 to 59 years,13.2,TRUE
4131,Records clerks and assistants,Proportion of women (%),50 to 54 years,12.9,TRUE
4131,Records clerks and assistants,Proportion of women (%),45 to 49 years,10.2,TRUE
4131,Records clerks and assistants,Proportion of women (%),40 to 44 years,9,TRUE
4131,Records clerks and assistants,Proportion of women (%),35 to 39 years,9.7,TRUE
4131,Records clerks and assistants,Proportion of women (%),30 to 34 years,10.7,TRUE
4131,Records clerks and assistants,Proportion of women (%),25 to 29 years,11.7,TRUE
4131,Records clerks and assistants,Proportion of women (%),20 to 24 years,8.4,TRUE
4131,Records clerks and assistants,Proportion of women (%),16 to 19 years,1.2,TRUE
4131,Records clerks and assistants,Proportion of men (%),65 years and over,4.4,TRUE
4131,Records clerks and assistants,Proportion of men (%),60 to 64 years,7.1,TRUE
4131,Records clerks and assistants,Proportion of men (%),55 to 59 years,9,TRUE
4131,Records clerks and assistants,Proportion of men (%),50 to 54 years,8.9,TRUE
4131,Records clerks and assistants,Proportion of men (%),45 to 49 years,8.5,TRUE
4131,Records clerks and assistants,Proportion of men (%),40 to 44 years,9.4,TRUE
4131,Records clerks and assistants,Proportion of men (%),35 to 39 years,11.3,TRUE
4131,Records clerks and assistants,Proportion of men (%),30 to 34 years,13.5,TRUE
4131,Records clerks and assistants,Proportion of men (%),25 to 29 years,14.6,TRUE
4131,Records clerks and assistants,Proportion of men (%),20 to 24 years,11.1,TRUE
4131,Records clerks and assistants,Proportion of men (%),16 to 19 years,2.1,TRUE
4132,Pensions and insurance clerks and assistants,Proportion of women (%),65 years and over,2.2,TRUE
4132,Pensions and insurance clerks and assistants,Proportion of women (%),60 to 64 years,4.9,TRUE
4132,Pensions and insurance clerks and assistants,Proportion of women (%),55 to 59 years,8.4,TRUE
4132,Pensions and insurance clerks and assistants,Proportion of women (%),50 to 54 years,10.6,TRUE
4132,Pensions and insurance clerks and assistants,Proportion of women (%),45 to 49 years,9.5,TRUE
4132,Pensions and insurance clerks and assistants,Proportion of women (%),40 to 44 years,9.6,TRUE
4132,Pensions and insurance clerks and assistants,Proportion of women (%),35 to 39 years,11.1,TRUE
4132,Pensions and insurance clerks and assistants,Proportion of women (%),30 to 34 years,13.4,TRUE
4132,Pensions and insurance clerks and assistants,Proportion of women (%),25 to 29 years,15.9,TRUE
4132,Pensions and insurance clerks and assistants,Proportion of women (%),20 to 24 years,13,TRUE
4132,Pensions and insurance clerks and assistants,Proportion of women (%),16 to 19 years,1.5,TRUE
4132,Pensions and insurance clerks and assistants,Proportion of men (%),65 years and over,2.2,TRUE
4132,Pensions and insurance clerks and assistants,Proportion of men (%),60 to 64 years,3.6,TRUE
4132,Pensions and insurance clerks and assistants,Proportion of men (%),55 to 59 years,5.5,TRUE
4132,Pensions and insurance clerks and assistants,Proportion of men (%),50 to 54 years,7.7,TRUE
4132,Pensions and insurance clerks and assistants,Proportion of men (%),45 to 49 years,8.2,TRUE
4132,Pensions and insurance clerks and assistants,Proportion of men (%),40 to 44 years,9.9,TRUE
4132,Pensions and insurance clerks and assistants,Proportion of men (%),35 to 39 years,12.2,TRUE
4132,Pensions and insurance clerks and assistants,Proportion of men (%),30 to 34 years,14.1,TRUE
4132,Pensions and insurance clerks and assistants,Proportion of men (%),25 to 29 years,19.4,TRUE
4132,Pensions and insurance clerks and assistants,Proportion of men (%),20 to 24 years,15.8,TRUE
4132,Pensions and insurance clerks and assistants,Proportion of men (%),16 to 19 years,1.4,TRUE
4133,Stock control clerks and assistants,Proportion of women (%),65 years and over,2,TRUE
4133,Stock control clerks and assistants,Proportion of women (%),60 to 64 years,5.5,TRUE
4133,Stock control clerks and assistants,Proportion of women (%),55 to 59 years,9.2,TRUE
4133,Stock control clerks and assistants,Proportion of women (%),50 to 54 years,11.3,TRUE
4133,Stock control clerks and assistants,Proportion of women (%),45 to 49 years,10.5,TRUE
4133,Stock control clerks and assistants,Proportion of women (%),40 to 44 years,10.7,TRUE
4133,Stock control clerks and assistants,Proportion of women (%),35 to 39 years,12.2,TRUE
4133,Stock control clerks and assistants,Proportion of women (%),30 to 34 years,13.7,TRUE
4133,Stock control clerks and assistants,Proportion of women (%),25 to 29 years,13.8,TRUE
4133,Stock control clerks and assistants,Proportion of women (%),20 to 24 years,9.4,TRUE
4133,Stock control clerks and assistants,Proportion of women (%),16 to 19 years,1.9,TRUE
4133,Stock control clerks and assistants,Proportion of men (%),65 years and over,3.1,TRUE
4133,Stock control clerks and assistants,Proportion of men (%),60 to 64 years,7.1,TRUE
4133,Stock control clerks and assistants,Proportion of men (%),55 to 59 years,10,TRUE
4133,Stock control clerks and assistants,Proportion of men (%),50 to 54 years,11.6,TRUE
4133,Stock control clerks and assistants,Proportion of men (%),45 to 49 years,10.4,TRUE
4133,Stock control clerks and assistants,Proportion of men (%),40 to 44 years,10.8,TRUE
4133,Stock control clerks and assistants,Proportion of men (%),35 to 39 years,11.7,TRUE
4133,Stock control clerks and assistants,Proportion of men (%),30 to 34 years,12.7,TRUE
4133,Stock control clerks and assistants,Proportion of men (%),25 to 29 years,12.2,TRUE
4133,Stock control clerks and assistants,Proportion of men (%),20 to 24 years,8.4,TRUE
4133,Stock control clerks and assistants,Proportion of men (%),16 to 19 years,1.9,TRUE
4134,Transport and distribution clerks and assistants,Proportion of women (%),65 years and over,1.8,TRUE
4134,Transport and distribution clerks and assistants,Proportion of women (%),60 to 64 years,4.9,TRUE
4134,Transport and distribution clerks and assistants,Proportion of women (%),55 to 59 years,9,TRUE
4134,Transport and distribution clerks and assistants,Proportion of women (%),50 to 54 years,11.3,TRUE
4134,Transport and distribution clerks and assistants,Proportion of women (%),45 to 49 years,10.2,TRUE
4134,Transport and distribution clerks and assistants,Proportion of women (%),40 to 44 years,11,TRUE
4134,Transport and distribution clerks and assistants,Proportion of women (%),35 to 39 years,12.8,TRUE
4134,Transport and distribution clerks and assistants,Proportion of women (%),30 to 34 years,14.3,TRUE
4134,Transport and distribution clerks and assistants,Proportion of women (%),25 to 29 years,14.4,TRUE
4134,Transport and distribution clerks and assistants,Proportion of women (%),20 to 24 years,9,TRUE
4134,Transport and distribution clerks and assistants,Proportion of women (%),16 to 19 years,1.3,TRUE
4134,Transport and distribution clerks and assistants,Proportion of men (%),65 years and over,2.9,TRUE
4134,Transport and distribution clerks and assistants,Proportion of men (%),60 to 64 years,6.7,TRUE
4134,Transport and distribution clerks and assistants,Proportion of men (%),55 to 59 years,10.3,TRUE
4134,Transport and distribution clerks and assistants,Proportion of men (%),50 to 54 years,11.3,TRUE
4134,Transport and distribution clerks and assistants,Proportion of men (%),45 to 49 years,10.3,TRUE
4134,Transport and distribution clerks and assistants,Proportion of men (%),40 to 44 years,10.5,TRUE
4134,Transport and distribution clerks and assistants,Proportion of men (%),35 to 39 years,11.6,TRUE
4134,Transport and distribution clerks and assistants,Proportion of men (%),30 to 34 years,12.9,TRUE
4134,Transport and distribution clerks and assistants,Proportion of men (%),25 to 29 years,13.2,TRUE
4134,Transport and distribution clerks and assistants,Proportion of men (%),20 to 24 years,8.8,TRUE
4134,Transport and distribution clerks and assistants,Proportion of men (%),16 to 19 years,1.5,TRUE
4135,Library clerks and assistants,Proportion of women (%),65 years and over,7.5,TRUE
4135,Library clerks and assistants,Proportion of women (%),60 to 64 years,14.5,TRUE
4135,Library clerks and assistants,Proportion of women (%),55 to 59 years,17.7,TRUE
4135,Library clerks and assistants,Proportion of women (%),50 to 54 years,14.2,TRUE
4135,Library clerks and assistants,Proportion of women (%),45 to 49 years,10.7,TRUE
4135,Library clerks and assistants,Proportion of women (%),40 to 44 years,7.7,TRUE
4135,Library clerks and assistants,Proportion of women (%),35 to 39 years,7.5,TRUE
4135,Library clerks and assistants,Proportion of women (%),30 to 34 years,6.9,TRUE
4135,Library clerks and assistants,Proportion of women (%),25 to 29 years,7.2,TRUE
4135,Library clerks and assistants,Proportion of women (%),20 to 24 years,5.1,TRUE
4135,Library clerks and assistants,Proportion of women (%),16 to 19 years,1,TRUE
4135,Library clerks and assistants,Proportion of men (%),65 years and over,6,TRUE
4135,Library clerks and assistants,Proportion of men (%),60 to 64 years,9.1,TRUE
4135,Library clerks and assistants,Proportion of men (%),55 to 59 years,11.6,TRUE
4135,Library clerks and assistants,Proportion of men (%),50 to 54 years,11.5,TRUE
4135,Library clerks and assistants,Proportion of men (%),45 to 49 years,10.4,TRUE
4135,Library clerks and assistants,Proportion of men (%),40 to 44 years,10.3,TRUE
4135,Library clerks and assistants,Proportion of men (%),35 to 39 years,10.8,TRUE
4135,Library clerks and assistants,Proportion of men (%),30 to 34 years,10.7,TRUE
4135,Library clerks and assistants,Proportion of men (%),25 to 29 years,10.4,TRUE
4135,Library clerks and assistants,Proportion of men (%),20 to 24 years,7.4,TRUE
4135,Library clerks and assistants,Proportion of men (%),16 to 19 years,1.9,TRUE
4136,Human resources administrative occupations,Proportion of women (%),65 years and over,2.4,TRUE
4136,Human resources administrative occupations,Proportion of women (%),60 to 64 years,6,TRUE
4136,Human resources administrative occupations,Proportion of women (%),55 to 59 years,9,TRUE
4136,Human resources administrative occupations,Proportion of women (%),50 to 54 years,10.8,TRUE
4136,Human resources administrative occupations,Proportion of women (%),45 to 49 years,9.8,TRUE
4136,Human resources administrative occupations,Proportion of women (%),40 to 44 years,9.8,TRUE
4136,Human resources administrative occupations,Proportion of women (%),35 to 39 years,11,TRUE
4136,Human resources administrative occupations,Proportion of women (%),30 to 34 years,12.3,TRUE
4136,Human resources administrative occupations,Proportion of women (%),25 to 29 years,15.2,TRUE
4136,Human resources administrative occupations,Proportion of women (%),20 to 24 years,12.2,TRUE
4136,Human resources administrative occupations,Proportion of women (%),16 to 19 years,1.6,TRUE
4136,Human resources administrative occupations,Proportion of men (%),65 years and over,2.2,TRUE
4136,Human resources administrative occupations,Proportion of men (%),60 to 64 years,3.7,TRUE
4136,Human resources administrative occupations,Proportion of men (%),55 to 59 years,6.4,TRUE
4136,Human resources administrative occupations,Proportion of men (%),50 to 54 years,7.2,TRUE
4136,Human resources administrative occupations,Proportion of men (%),45 to 49 years,6.6,TRUE
4136,Human resources administrative occupations,Proportion of men (%),40 to 44 years,7.3,TRUE
4136,Human resources administrative occupations,Proportion of men (%),35 to 39 years,10.6,TRUE
4136,Human resources administrative occupations,Proportion of men (%),30 to 34 years,13.1,TRUE
4136,Human resources administrative occupations,Proportion of men (%),25 to 29 years,20,TRUE
4136,Human resources administrative occupations,Proportion of men (%),20 to 24 years,18.2,TRUE
4136,Human resources administrative occupations,Proportion of men (%),16 to 19 years,4.7,TRUE
4141,Office managers,Proportion of women (%),65 years and over,3.7,TRUE
4141,Office managers,Proportion of women (%),60 to 64 years,8.1,TRUE
4141,Office managers,Proportion of women (%),55 to 59 years,14.2,TRUE
4141,Office managers,Proportion of women (%),50 to 54 years,16.8,TRUE
4141,Office managers,Proportion of women (%),45 to 49 years,14.2,TRUE
4141,Office managers,Proportion of women (%),40 to 44 years,12.2,TRUE
4141,Office managers,Proportion of women (%),35 to 39 years,11.3,TRUE
4141,Office managers,Proportion of women (%),30 to 34 years,10,TRUE
4141,Office managers,Proportion of women (%),25 to 29 years,6.9,TRUE
4141,Office managers,Proportion of women (%),20 to 24 years,2.5,TRUE
4141,Office managers,Proportion of women (%),16 to 19 years,0.2,TRUE
4141,Office managers,Proportion of men (%),65 years and over,4.2,TRUE
4141,Office managers,Proportion of men (%),60 to 64 years,6.8,TRUE
4141,Office managers,Proportion of men (%),55 to 59 years,10.7,TRUE
4141,Office managers,Proportion of men (%),50 to 54 years,12.5,TRUE
4141,Office managers,Proportion of men (%),45 to 49 years,12,TRUE
4141,Office managers,Proportion of men (%),40 to 44 years,12.8,TRUE
4141,Office managers,Proportion of men (%),35 to 39 years,13.6,TRUE
4141,Office managers,Proportion of men (%),30 to 34 years,12.9,TRUE
4141,Office managers,Proportion of men (%),25 to 29 years,9.8,TRUE
4141,Office managers,Proportion of men (%),20 to 24 years,4.1,TRUE
4141,Office managers,Proportion of men (%),16 to 19 years,0.4,TRUE
4142,Office supervisors,Proportion of women (%),65 years and over,2.4,TRUE
4142,Office supervisors,Proportion of women (%),60 to 64 years,6.1,TRUE
4142,Office supervisors,Proportion of women (%),55 to 59 years,11.3,TRUE
4142,Office supervisors,Proportion of women (%),50 to 54 years,14.2,TRUE
4142,Office supervisors,Proportion of women (%),45 to 49 years,11.9,TRUE
4142,Office supervisors,Proportion of women (%),40 to 44 years,11.2,TRUE
4142,Office supervisors,Proportion of women (%),35 to 39 years,12.4,TRUE
4142,Office supervisors,Proportion of women (%),30 to 34 years,13.6,TRUE
4142,Office supervisors,Proportion of women (%),25 to 29 years,11.2,TRUE
4142,Office supervisors,Proportion of women (%),20 to 24 years,5.3,TRUE
4142,Office supervisors,Proportion of women (%),16 to 19 years,0.3,TRUE
4142,Office supervisors,Proportion of men (%),65 years and over,3.4,TRUE
4142,Office supervisors,Proportion of men (%),60 to 64 years,6.1,TRUE
4142,Office supervisors,Proportion of men (%),55 to 59 years,9.8,TRUE
4142,Office supervisors,Proportion of men (%),50 to 54 years,11.3,TRUE
4142,Office supervisors,Proportion of men (%),45 to 49 years,11,TRUE
4142,Office supervisors,Proportion of men (%),40 to 44 years,12.4,TRUE
4142,Office supervisors,Proportion of men (%),35 to 39 years,13.1,TRUE
4142,Office supervisors,Proportion of men (%),30 to 34 years,14.5,TRUE
4142,Office supervisors,Proportion of men (%),25 to 29 years,11.9,TRUE
4142,Office supervisors,Proportion of men (%),20 to 24 years,6.1,TRUE
4142,Office supervisors,Proportion of men (%),16 to 19 years,0.4,TRUE
4143,Customer service managers,Proportion of women (%),65 years and over,1.2,TRUE
4143,Customer service managers,Proportion of women (%),60 to 64 years,4.2,TRUE
4143,Customer service managers,Proportion of women (%),55 to 59 years,8.8,TRUE
4143,Customer service managers,Proportion of women (%),50 to 54 years,12.2,TRUE
4143,Customer service managers,Proportion of women (%),45 to 49 years,12.3,TRUE
4143,Customer service managers,Proportion of women (%),40 to 44 years,12.4,TRUE
4143,Customer service managers,Proportion of women (%),35 to 39 years,13.8,TRUE
4143,Customer service managers,Proportion of women (%),30 to 34 years,16.1,TRUE
4143,Customer service managers,Proportion of women (%),25 to 29 years,13.2,TRUE
4143,Customer service managers,Proportion of women (%),20 to 24 years,5.4,TRUE
4143,Customer service managers,Proportion of women (%),16 to 19 years,0.4,TRUE
4143,Customer service managers,Proportion of men (%),65 years and over,1.4,TRUE
4143,Customer service managers,Proportion of men (%),60 to 64 years,4,TRUE
4143,Customer service managers,Proportion of men (%),55 to 59 years,8.2,TRUE
4143,Customer service managers,Proportion of men (%),50 to 54 years,11.2,TRUE
4143,Customer service managers,Proportion of men (%),45 to 49 years,12.2,TRUE
4143,Customer service managers,Proportion of men (%),40 to 44 years,13.1,TRUE
4143,Customer service managers,Proportion of men (%),35 to 39 years,16,TRUE
4143,Customer service managers,Proportion of men (%),30 to 34 years,15.6,TRUE
4143,Customer service managers,Proportion of men (%),25 to 29 years,12.6,TRUE
4143,Customer service managers,Proportion of men (%),20 to 24 years,5.2,TRUE
4143,Customer service managers,Proportion of men (%),16 to 19 years,0.6,TRUE
4151,Sales administrators,Proportion of women (%),65 years and over,2.6,TRUE
4151,Sales administrators,Proportion of women (%),60 to 64 years,6.1,TRUE
4151,Sales administrators,Proportion of women (%),55 to 59 years,10.1,TRUE
4151,Sales administrators,Proportion of women (%),50 to 54 years,12,TRUE
4151,Sales administrators,Proportion of women (%),45 to 49 years,11.1,TRUE
4151,Sales administrators,Proportion of women (%),40 to 44 years,10.2,TRUE
4151,Sales administrators,Proportion of women (%),35 to 39 years,10.9,TRUE
4151,Sales administrators,Proportion of women (%),30 to 34 years,12.3,TRUE
4151,Sales administrators,Proportion of women (%),25 to 29 years,13.9,TRUE
4151,Sales administrators,Proportion of women (%),20 to 24 years,9.4,TRUE
4151,Sales administrators,Proportion of women (%),16 to 19 years,1.4,TRUE
4151,Sales administrators,Proportion of men (%),65 years and over,3.4,TRUE
4151,Sales administrators,Proportion of men (%),60 to 64 years,5.1,TRUE
4151,Sales administrators,Proportion of men (%),55 to 59 years,6.6,TRUE
4151,Sales administrators,Proportion of men (%),50 to 54 years,8.3,TRUE
4151,Sales administrators,Proportion of men (%),45 to 49 years,8.7,TRUE
4151,Sales administrators,Proportion of men (%),40 to 44 years,9.1,TRUE
4151,Sales administrators,Proportion of men (%),35 to 39 years,10.9,TRUE
4151,Sales administrators,Proportion of men (%),30 to 34 years,13.5,TRUE
4151,Sales administrators,Proportion of men (%),25 to 29 years,16.8,TRUE
4151,Sales administrators,Proportion of men (%),20 to 24 years,14.7,TRUE
4151,Sales administrators,Proportion of men (%),16 to 19 years,2.8,TRUE
4152,Data entry administrators,Proportion of women (%),65 years and over,3.7,TRUE
4152,Data entry administrators,Proportion of women (%),60 to 64 years,6.8,TRUE
4152,Data entry administrators,Proportion of women (%),55 to 59 years,10.2,TRUE
4152,Data entry administrators,Proportion of women (%),50 to 54 years,11.2,TRUE
4152,Data entry administrators,Proportion of women (%),45 to 49 years,9.9,TRUE
4152,Data entry administrators,Proportion of women (%),40 to 44 years,9.7,TRUE
4152,Data entry administrators,Proportion of women (%),35 to 39 years,11.1,TRUE
4152,Data entry administrators,Proportion of women (%),30 to 34 years,12.1,TRUE
4152,Data entry administrators,Proportion of women (%),25 to 29 years,12.8,TRUE
4152,Data entry administrators,Proportion of women (%),20 to 24 years,10.6,TRUE
4152,Data entry administrators,Proportion of women (%),16 to 19 years,1.9,TRUE
4152,Data entry administrators,Proportion of men (%),65 years and over,2.2,TRUE
4152,Data entry administrators,Proportion of men (%),60 to 64 years,4.7,TRUE
4152,Data entry administrators,Proportion of men (%),55 to 59 years,7.2,TRUE
4152,Data entry administrators,Proportion of men (%),50 to 54 years,8.7,TRUE
4152,Data entry administrators,Proportion of men (%),45 to 49 years,9.4,TRUE
4152,Data entry administrators,Proportion of men (%),40 to 44 years,10.1,TRUE
4152,Data entry administrators,Proportion of men (%),35 to 39 years,11.6,TRUE
4152,Data entry administrators,Proportion of men (%),30 to 34 years,13.4,TRUE
4152,Data entry administrators,Proportion of men (%),25 to 29 years,16.1,TRUE
4152,Data entry administrators,Proportion of men (%),20 to 24 years,14.2,TRUE
4152,Data entry administrators,Proportion of men (%),16 to 19 years,2.4,TRUE
4159,Other administrative occupations n.e.c.,Proportion of women (%),65 years and over,5.3,TRUE
4159,Other administrative occupations n.e.c.,Proportion of women (%),60 to 64 years,9,TRUE
4159,Other administrative occupations n.e.c.,Proportion of women (%),55 to 59 years,12.5,TRUE
4159,Other administrative occupations n.e.c.,Proportion of women (%),50 to 54 years,12.6,TRUE
4159,Other administrative occupations n.e.c.,Proportion of women (%),45 to 49 years,10.5,TRUE
4159,Other administrative occupations n.e.c.,Proportion of women (%),40 to 44 years,9.6,TRUE
4159,Other administrative occupations n.e.c.,Proportion of women (%),35 to 39 years,10.3,TRUE
4159,Other administrative occupations n.e.c.,Proportion of women (%),30 to 34 years,10.2,TRUE
4159,Other administrative occupations n.e.c.,Proportion of women (%),25 to 29 years,9.8,TRUE
4159,Other administrative occupations n.e.c.,Proportion of women (%),20 to 24 years,8,TRUE
4159,Other administrative occupations n.e.c.,Proportion of women (%),16 to 19 years,2.1,TRUE
4159,Other administrative occupations n.e.c.,Proportion of men (%),65 years and over,5.5,TRUE
4159,Other administrative occupations n.e.c.,Proportion of men (%),60 to 64 years,6.9,TRUE
4159,Other administrative occupations n.e.c.,Proportion of men (%),55 to 59 years,8.5,TRUE
4159,Other administrative occupations n.e.c.,Proportion of men (%),50 to 54 years,8.8,TRUE
4159,Other administrative occupations n.e.c.,Proportion of men (%),45 to 49 years,8.4,TRUE
4159,Other administrative occupations n.e.c.,Proportion of men (%),40 to 44 years,8.7,TRUE
4159,Other administrative occupations n.e.c.,Proportion of men (%),35 to 39 years,10,TRUE
4159,Other administrative occupations n.e.c.,Proportion of men (%),30 to 34 years,11.6,TRUE
4159,Other administrative occupations n.e.c.,Proportion of men (%),25 to 29 years,14,TRUE
4159,Other administrative occupations n.e.c.,Proportion of men (%),20 to 24 years,13.4,TRUE
4159,Other administrative occupations n.e.c.,Proportion of men (%),16 to 19 years,4.1,TRUE
4211,Medical secretaries,Proportion of women (%),65 years and over,6.8,TRUE
4211,Medical secretaries,Proportion of women (%),60 to 64 years,13.1,TRUE
4211,Medical secretaries,Proportion of women (%),55 to 59 years,18.3,TRUE
4211,Medical secretaries,Proportion of women (%),50 to 54 years,16.5,TRUE
4211,Medical secretaries,Proportion of women (%),45 to 49 years,11.5,TRUE
4211,Medical secretaries,Proportion of women (%),40 to 44 years,7.9,TRUE
4211,Medical secretaries,Proportion of women (%),35 to 39 years,7.3,TRUE
4211,Medical secretaries,Proportion of women (%),30 to 34 years,7.1,TRUE
4211,Medical secretaries,Proportion of women (%),25 to 29 years,6.9,TRUE
4211,Medical secretaries,Proportion of women (%),20 to 24 years,4.1,TRUE
4211,Medical secretaries,Proportion of women (%),16 to 19 years,0.5,TRUE
4211,Medical secretaries,Proportion of men (%),65 years and over,3,TRUE
4211,Medical secretaries,Proportion of men (%),60 to 64 years,4.7,TRUE
4211,Medical secretaries,Proportion of men (%),55 to 59 years,6.2,TRUE
4211,Medical secretaries,Proportion of men (%),50 to 54 years,6.7,TRUE
4211,Medical secretaries,Proportion of men (%),45 to 49 years,8,TRUE
4211,Medical secretaries,Proportion of men (%),40 to 44 years,9.4,TRUE
4211,Medical secretaries,Proportion of men (%),35 to 39 years,10.8,TRUE
4211,Medical secretaries,Proportion of men (%),30 to 34 years,15.6,TRUE
4211,Medical secretaries,Proportion of men (%),25 to 29 years,20.1,TRUE
4211,Medical secretaries,Proportion of men (%),20 to 24 years,12.8,TRUE
4211,Medical secretaries,Proportion of men (%),16 to 19 years,2.8,TRUE
4212,Legal secretaries,Proportion of women (%),65 years and over,5.9,TRUE
4212,Legal secretaries,Proportion of women (%),60 to 64 years,10.2,TRUE
4212,Legal secretaries,Proportion of women (%),55 to 59 years,14.3,TRUE
4212,Legal secretaries,Proportion of women (%),50 to 54 years,15.1,TRUE
4212,Legal secretaries,Proportion of women (%),45 to 49 years,11.7,TRUE
4212,Legal secretaries,Proportion of women (%),40 to 44 years,8.7,TRUE
4212,Legal secretaries,Proportion of women (%),35 to 39 years,8.3,TRUE
4212,Legal secretaries,Proportion of women (%),30 to 34 years,7.4,TRUE
4212,Legal secretaries,Proportion of women (%),25 to 29 years,8.3,TRUE
4212,Legal secretaries,Proportion of women (%),20 to 24 years,8.7,TRUE
4212,Legal secretaries,Proportion of women (%),16 to 19 years,1.2,TRUE
4212,Legal secretaries,Proportion of men (%),65 years and over,4.7,TRUE
4212,Legal secretaries,Proportion of men (%),60 to 64 years,6.2,TRUE
4212,Legal secretaries,Proportion of men (%),55 to 59 years,7.8,TRUE
4212,Legal secretaries,Proportion of men (%),50 to 54 years,8.7,TRUE
4212,Legal secretaries,Proportion of men (%),45 to 49 years,7.2,TRUE
4212,Legal secretaries,Proportion of men (%),40 to 44 years,8.3,TRUE
4212,Legal secretaries,Proportion of men (%),35 to 39 years,10,TRUE
4212,Legal secretaries,Proportion of men (%),30 to 34 years,11.4,TRUE
4212,Legal secretaries,Proportion of men (%),25 to 29 years,15.2,TRUE
4212,Legal secretaries,Proportion of men (%),20 to 24 years,16.9,TRUE
4212,Legal secretaries,Proportion of men (%),16 to 19 years,3.4,TRUE
4213,School secretaries,Proportion of women (%),65 years and over,3.1,TRUE
4213,School secretaries,Proportion of women (%),60 to 64 years,9,TRUE
4213,School secretaries,Proportion of women (%),55 to 59 years,16.5,TRUE
4213,School secretaries,Proportion of women (%),50 to 54 years,20.1,TRUE
4213,School secretaries,Proportion of women (%),45 to 49 years,16.4,TRUE
4213,School secretaries,Proportion of women (%),40 to 44 years,12.5,TRUE
4213,School secretaries,Proportion of women (%),35 to 39 years,8.7,TRUE
4213,School secretaries,Proportion of women (%),30 to 34 years,5.9,TRUE
4213,School secretaries,Proportion of women (%),25 to 29 years,4.1,TRUE
4213,School secretaries,Proportion of women (%),20 to 24 years,3.2,TRUE
4213,School secretaries,Proportion of women (%),16 to 19 years,0.5,TRUE
4213,School secretaries,Proportion of men (%),65 years and over,5.3,TRUE
4213,School secretaries,Proportion of men (%),60 to 64 years,9.4,TRUE
4213,School secretaries,Proportion of men (%),55 to 59 years,8,TRUE
4213,School secretaries,Proportion of men (%),50 to 54 years,8.9,TRUE
4213,School secretaries,Proportion of men (%),45 to 49 years,7.5,TRUE
4213,School secretaries,Proportion of men (%),40 to 44 years,8.1,TRUE
4213,School secretaries,Proportion of men (%),35 to 39 years,10.9,TRUE
4213,School secretaries,Proportion of men (%),30 to 34 years,12.9,TRUE
4213,School secretaries,Proportion of men (%),25 to 29 years,14.5,TRUE
4213,School secretaries,Proportion of men (%),20 to 24 years,11.5,TRUE
4213,School secretaries,Proportion of men (%),16 to 19 years,3.1,TRUE
4214,Company secretaries and administrators,Proportion of women (%),65 years and over,17.4,FALSE
4214,Company secretaries and administrators,Proportion of women (%),60 to 64 years,11.3,FALSE
4214,Company secretaries and administrators,Proportion of women (%),55 to 59 years,15,FALSE
4214,Company secretaries and administrators,Proportion of women (%),50 to 54 years,12.8,FALSE
4214,Company secretaries and administrators,Proportion of women (%),45 to 49 years,11.5,FALSE
4214,Company secretaries and administrators,Proportion of women (%),40 to 44 years,9.2,FALSE
4214,Company secretaries and administrators,Proportion of women (%),35 to 39 years,8,FALSE
4214,Company secretaries and administrators,Proportion of women (%),30 to 34 years,8.2,FALSE
4214,Company secretaries and administrators,Proportion of women (%),25 to 29 years,4.5,FALSE
4214,Company secretaries and administrators,Proportion of women (%),20 to 24 years,1.8,FALSE
4214,Company secretaries and administrators,Proportion of women (%),16 to 19 years,null,FALSE
4214,Company secretaries and administrators,Proportion of men (%),65 years and over,25.2,FALSE
4214,Company secretaries and administrators,Proportion of men (%),60 to 64 years,11.7,FALSE
4214,Company secretaries and administrators,Proportion of men (%),55 to 59 years,10.3,FALSE
4214,Company secretaries and administrators,Proportion of men (%),50 to 54 years,7.9,FALSE
4214,Company secretaries and administrators,Proportion of men (%),45 to 49 years,6.7,FALSE
4214,Company secretaries and administrators,Proportion of men (%),40 to 44 years,8.2,FALSE
4214,Company secretaries and administrators,Proportion of men (%),35 to 39 years,8.3,FALSE
4214,Company secretaries and administrators,Proportion of men (%),30 to 34 years,9.5,FALSE
4214,Company secretaries and administrators,Proportion of men (%),25 to 29 years,9.3,FALSE
4214,Company secretaries and administrators,Proportion of men (%),20 to 24 years,2.9,FALSE
4214,Company secretaries and administrators,Proportion of men (%),16 to 19 years,null,FALSE
4215,Personal assistants and other secretaries,Proportion of women (%),65 years and over,8.6,TRUE
4215,Personal assistants and other secretaries,Proportion of women (%),60 to 64 years,10.2,TRUE
4215,Personal assistants and other secretaries,Proportion of women (%),55 to 59 years,14.6,TRUE
4215,Personal assistants and other secretaries,Proportion of women (%),50 to 54 years,15.6,TRUE
4215,Personal assistants and other secretaries,Proportion of women (%),45 to 49 years,12.3,TRUE
4215,Personal assistants and other secretaries,Proportion of women (%),40 to 44 years,10.2,TRUE
4215,Personal assistants and other secretaries,Proportion of women (%),35 to 39 years,9.8,TRUE
4215,Personal assistants and other secretaries,Proportion of women (%),30 to 34 years,8.8,TRUE
4215,Personal assistants and other secretaries,Proportion of women (%),25 to 29 years,6.4,TRUE
4215,Personal assistants and other secretaries,Proportion of women (%),20 to 24 years,3,TRUE
4215,Personal assistants and other secretaries,Proportion of women (%),16 to 19 years,0.4,TRUE
4215,Personal assistants and other secretaries,Proportion of men (%),65 years and over,14.7,TRUE
4215,Personal assistants and other secretaries,Proportion of men (%),60 to 64 years,9.9,TRUE
4215,Personal assistants and other secretaries,Proportion of men (%),55 to 59 years,10.3,TRUE
4215,Personal assistants and other secretaries,Proportion of men (%),50 to 54 years,9.6,TRUE
4215,Personal assistants and other secretaries,Proportion of men (%),45 to 49 years,8.1,TRUE
4215,Personal assistants and other secretaries,Proportion of men (%),40 to 44 years,7.8,TRUE
4215,Personal assistants and other secretaries,Proportion of men (%),35 to 39 years,8.8,TRUE
4215,Personal assistants and other secretaries,Proportion of men (%),30 to 34 years,9.9,TRUE
4215,Personal assistants and other secretaries,Proportion of men (%),25 to 29 years,11.6,TRUE
4215,Personal assistants and other secretaries,Proportion of men (%),20 to 24 years,7.6,TRUE
4215,Personal assistants and other secretaries,Proportion of men (%),16 to 19 years,1.6,TRUE
4216,Receptionists,Proportion of women (%),65 years and over,6.2,TRUE
4216,Receptionists,Proportion of women (%),60 to 64 years,11.2,TRUE
4216,Receptionists,Proportion of women (%),55 to 59 years,14.7,TRUE
4216,Receptionists,Proportion of women (%),50 to 54 years,12.9,TRUE
4216,Receptionists,Proportion of women (%),45 to 49 years,8.8,TRUE
4216,Receptionists,Proportion of women (%),40 to 44 years,6.9,TRUE
4216,Receptionists,Proportion of women (%),35 to 39 years,7.7,TRUE
4216,Receptionists,Proportion of women (%),30 to 34 years,9.2,TRUE
4216,Receptionists,Proportion of women (%),25 to 29 years,10.4,TRUE
4216,Receptionists,Proportion of women (%),20 to 24 years,9.5,TRUE
4216,Receptionists,Proportion of women (%),16 to 19 years,2.3,TRUE
4216,Receptionists,Proportion of men (%),65 years and over,4.3,TRUE
4216,Receptionists,Proportion of men (%),60 to 64 years,5.1,TRUE
4216,Receptionists,Proportion of men (%),55 to 59 years,6,TRUE
4216,Receptionists,Proportion of men (%),50 to 54 years,6.6,TRUE
4216,Receptionists,Proportion of men (%),45 to 49 years,6.4,TRUE
4216,Receptionists,Proportion of men (%),40 to 44 years,7.8,TRUE
4216,Receptionists,Proportion of men (%),35 to 39 years,9.6,TRUE
4216,Receptionists,Proportion of men (%),30 to 34 years,13.4,TRUE
4216,Receptionists,Proportion of men (%),25 to 29 years,17.9,TRUE
4216,Receptionists,Proportion of men (%),20 to 24 years,17.6,TRUE
4216,Receptionists,Proportion of men (%),16 to 19 years,5.3,TRUE
4217,Typists and related keyboard occupations,Proportion of women (%),65 years and over,17.7,TRUE
4217,Typists and related keyboard occupations,Proportion of women (%),60 to 64 years,15,TRUE
4217,Typists and related keyboard occupations,Proportion of women (%),55 to 59 years,16.2,TRUE
4217,Typists and related keyboard occupations,Proportion of women (%),50 to 54 years,15.3,TRUE
4217,Typists and related keyboard occupations,Proportion of women (%),45 to 49 years,10,TRUE
4217,Typists and related keyboard occupations,Proportion of women (%),40 to 44 years,5.9,TRUE
4217,Typists and related keyboard occupations,Proportion of women (%),35 to 39 years,4.8,TRUE
4217,Typists and related keyboard occupations,Proportion of women (%),30 to 34 years,5.1,TRUE
4217,Typists and related keyboard occupations,Proportion of women (%),25 to 29 years,5,TRUE
4217,Typists and related keyboard occupations,Proportion of women (%),20 to 24 years,4.1,TRUE
4217,Typists and related keyboard occupations,Proportion of women (%),16 to 19 years,0.8,TRUE
4217,Typists and related keyboard occupations,Proportion of men (%),65 years and over,7.9,TRUE
4217,Typists and related keyboard occupations,Proportion of men (%),60 to 64 years,5.5,TRUE
4217,Typists and related keyboard occupations,Proportion of men (%),55 to 59 years,6.7,TRUE
4217,Typists and related keyboard occupations,Proportion of men (%),50 to 54 years,7.8,TRUE
4217,Typists and related keyboard occupations,Proportion of men (%),45 to 49 years,7.6,TRUE
4217,Typists and related keyboard occupations,Proportion of men (%),40 to 44 years,7.6,TRUE
4217,Typists and related keyboard occupations,Proportion of men (%),35 to 39 years,10.5,TRUE
4217,Typists and related keyboard occupations,Proportion of men (%),30 to 34 years,12.9,TRUE
4217,Typists and related keyboard occupations,Proportion of men (%),25 to 29 years,18.1,TRUE
4217,Typists and related keyboard occupations,Proportion of men (%),20 to 24 years,12.4,TRUE
4217,Typists and related keyboard occupations,Proportion of men (%),16 to 19 years,2.9,TRUE
5111,Farmers,Proportion of women (%),65 years and over,30.5,TRUE
5111,Farmers,Proportion of women (%),60 to 64 years,14.8,TRUE
5111,Farmers,Proportion of women (%),55 to 59 years,14.9,TRUE
5111,Farmers,Proportion of women (%),50 to 54 years,10.6,TRUE
5111,Farmers,Proportion of women (%),45 to 49 years,6.7,TRUE
5111,Farmers,Proportion of women (%),40 to 44 years,4.9,TRUE
5111,Farmers,Proportion of women (%),35 to 39 years,4.5,TRUE
5111,Farmers,Proportion of women (%),30 to 34 years,4.2,TRUE
5111,Farmers,Proportion of women (%),25 to 29 years,3.8,TRUE
5111,Farmers,Proportion of women (%),20 to 24 years,3.5,TRUE
5111,Farmers,Proportion of women (%),16 to 19 years,1.5,TRUE
5111,Farmers,Proportion of men (%),65 years and over,28.7,TRUE
5111,Farmers,Proportion of men (%),60 to 64 years,12.6,TRUE
5111,Farmers,Proportion of men (%),55 to 59 years,12.9,TRUE
5111,Farmers,Proportion of men (%),50 to 54 years,9.5,TRUE
5111,Farmers,Proportion of men (%),45 to 49 years,6.9,TRUE
5111,Farmers,Proportion of men (%),40 to 44 years,6,TRUE
5111,Farmers,Proportion of men (%),35 to 39 years,5.7,TRUE
5111,Farmers,Proportion of men (%),30 to 34 years,5.9,TRUE
5111,Farmers,Proportion of men (%),25 to 29 years,5.5,TRUE
5111,Farmers,Proportion of men (%),20 to 24 years,4.5,TRUE
5111,Farmers,Proportion of men (%),16 to 19 years,1.7,TRUE
5112,Horticultural trades,Proportion of women (%),65 years and over,7.1,TRUE
5112,Horticultural trades,Proportion of women (%),60 to 64 years,8.4,TRUE
5112,Horticultural trades,Proportion of women (%),55 to 59 years,11.2,TRUE
5112,Horticultural trades,Proportion of women (%),50 to 54 years,11,TRUE
5112,Horticultural trades,Proportion of women (%),45 to 49 years,8.3,TRUE
5112,Horticultural trades,Proportion of women (%),40 to 44 years,6.7,TRUE
5112,Horticultural trades,Proportion of women (%),35 to 39 years,7.4,TRUE
5112,Horticultural trades,Proportion of women (%),30 to 34 years,8.5,TRUE
5112,Horticultural trades,Proportion of women (%),25 to 29 years,9.4,TRUE
5112,Horticultural trades,Proportion of women (%),20 to 24 years,11.9,TRUE
5112,Horticultural trades,Proportion of women (%),16 to 19 years,10.1,TRUE
5112,Horticultural trades,Proportion of men (%),65 years and over,12.8,TRUE
5112,Horticultural trades,Proportion of men (%),60 to 64 years,10.9,TRUE
5112,Horticultural trades,Proportion of men (%),55 to 59 years,13.1,TRUE
5112,Horticultural trades,Proportion of men (%),50 to 54 years,11.5,TRUE
5112,Horticultural trades,Proportion of men (%),45 to 49 years,8.8,TRUE
5112,Horticultural trades,Proportion of men (%),40 to 44 years,7.6,TRUE
5112,Horticultural trades,Proportion of men (%),35 to 39 years,7.8,TRUE
5112,Horticultural trades,Proportion of men (%),30 to 34 years,9.1,TRUE
5112,Horticultural trades,Proportion of men (%),25 to 29 years,8,TRUE
5112,Horticultural trades,Proportion of men (%),20 to 24 years,7,TRUE
5112,Horticultural trades,Proportion of men (%),16 to 19 years,3.4,TRUE
5113,Gardeners and landscape gardeners,Proportion of women (%),65 years and over,7.7,TRUE
5113,Gardeners and landscape gardeners,Proportion of women (%),60 to 64 years,13.2,TRUE
5113,Gardeners and landscape gardeners,Proportion of women (%),55 to 59 years,19.9,TRUE
5113,Gardeners and landscape gardeners,Proportion of women (%),50 to 54 years,18.2,TRUE
5113,Gardeners and landscape gardeners,Proportion of women (%),45 to 49 years,14,TRUE
5113,Gardeners and landscape gardeners,Proportion of women (%),40 to 44 years,9,TRUE
5113,Gardeners and landscape gardeners,Proportion of women (%),35 to 39 years,6.3,TRUE
5113,Gardeners and landscape gardeners,Proportion of women (%),30 to 34 years,5,TRUE
5113,Gardeners and landscape gardeners,Proportion of women (%),25 to 29 years,3.9,TRUE
5113,Gardeners and landscape gardeners,Proportion of women (%),20 to 24 years,2.1,TRUE
5113,Gardeners and landscape gardeners,Proportion of women (%),16 to 19 years,0.7,TRUE
5113,Gardeners and landscape gardeners,Proportion of men (%),65 years and over,8.6,TRUE
5113,Gardeners and landscape gardeners,Proportion of men (%),60 to 64 years,11.3,TRUE
5113,Gardeners and landscape gardeners,Proportion of men (%),55 to 59 years,14.3,TRUE
5113,Gardeners and landscape gardeners,Proportion of men (%),50 to 54 years,12.7,TRUE
5113,Gardeners and landscape gardeners,Proportion of men (%),45 to 49 years,9.9,TRUE
5113,Gardeners and landscape gardeners,Proportion of men (%),40 to 44 years,8.9,TRUE
5113,Gardeners and landscape gardeners,Proportion of men (%),35 to 39 years,9,TRUE
5113,Gardeners and landscape gardeners,Proportion of men (%),30 to 34 years,9.1,TRUE
5113,Gardeners and landscape gardeners,Proportion of men (%),25 to 29 years,8.2,TRUE
5113,Gardeners and landscape gardeners,Proportion of men (%),20 to 24 years,6,TRUE
5113,Gardeners and landscape gardeners,Proportion of men (%),16 to 19 years,2,TRUE
5114,Groundsmen and greenkeepers,Proportion of women (%),65 years and over,5.5,TRUE
5114,Groundsmen and greenkeepers,Proportion of women (%),60 to 64 years,7,TRUE
5114,Groundsmen and greenkeepers,Proportion of women (%),55 to 59 years,11.2,TRUE
5114,Groundsmen and greenkeepers,Proportion of women (%),50 to 54 years,11.2,TRUE
5114,Groundsmen and greenkeepers,Proportion of women (%),45 to 49 years,9.6,TRUE
5114,Groundsmen and greenkeepers,Proportion of women (%),40 to 44 years,8.7,TRUE
5114,Groundsmen and greenkeepers,Proportion of women (%),35 to 39 years,7.1,TRUE
5114,Groundsmen and greenkeepers,Proportion of women (%),30 to 34 years,11.8,TRUE
5114,Groundsmen and greenkeepers,Proportion of women (%),25 to 29 years,12,TRUE
5114,Groundsmen and greenkeepers,Proportion of women (%),20 to 24 years,12.4,TRUE
5114,Groundsmen and greenkeepers,Proportion of women (%),16 to 19 years,3.5,TRUE
5114,Groundsmen and greenkeepers,Proportion of men (%),65 years and over,5.9,TRUE
5114,Groundsmen and greenkeepers,Proportion of men (%),60 to 64 years,8.7,TRUE
5114,Groundsmen and greenkeepers,Proportion of men (%),55 to 59 years,11.8,TRUE
5114,Groundsmen and greenkeepers,Proportion of men (%),50 to 54 years,11,TRUE
5114,Groundsmen and greenkeepers,Proportion of men (%),45 to 49 years,8.8,TRUE
5114,Groundsmen and greenkeepers,Proportion of men (%),40 to 44 years,8.3,TRUE
5114,Groundsmen and greenkeepers,Proportion of men (%),35 to 39 years,9.5,TRUE
5114,Groundsmen and greenkeepers,Proportion of men (%),30 to 34 years,11.2,TRUE
5114,Groundsmen and greenkeepers,Proportion of men (%),25 to 29 years,11.6,TRUE
5114,Groundsmen and greenkeepers,Proportion of men (%),20 to 24 years,10,TRUE
5114,Groundsmen and greenkeepers,Proportion of men (%),16 to 19 years,3.2,TRUE
5119,Agricultural and fishing trades n.e.c.,Proportion of women (%),65 years and over,3,TRUE
5119,Agricultural and fishing trades n.e.c.,Proportion of women (%),60 to 64 years,4.7,TRUE
5119,Agricultural and fishing trades n.e.c.,Proportion of women (%),55 to 59 years,9.2,TRUE
5119,Agricultural and fishing trades n.e.c.,Proportion of women (%),50 to 54 years,9.1,TRUE
5119,Agricultural and fishing trades n.e.c.,Proportion of women (%),45 to 49 years,11.7,TRUE
5119,Agricultural and fishing trades n.e.c.,Proportion of women (%),40 to 44 years,11,TRUE
5119,Agricultural and fishing trades n.e.c.,Proportion of women (%),35 to 39 years,11.2,TRUE
5119,Agricultural and fishing trades n.e.c.,Proportion of women (%),30 to 34 years,13.1,TRUE
5119,Agricultural and fishing trades n.e.c.,Proportion of women (%),25 to 29 years,15,TRUE
5119,Agricultural and fishing trades n.e.c.,Proportion of women (%),20 to 24 years,8.3,TRUE
5119,Agricultural and fishing trades n.e.c.,Proportion of women (%),16 to 19 years,3.8,TRUE
5119,Agricultural and fishing trades n.e.c.,Proportion of men (%),65 years and over,4.1,TRUE
5119,Agricultural and fishing trades n.e.c.,Proportion of men (%),60 to 64 years,5.5,TRUE
5119,Agricultural and fishing trades n.e.c.,Proportion of men (%),55 to 59 years,8.2,TRUE
5119,Agricultural and fishing trades n.e.c.,Proportion of men (%),50 to 54 years,8.6,TRUE
5119,Agricultural and fishing trades n.e.c.,Proportion of men (%),45 to 49 years,8.9,TRUE
5119,Agricultural and fishing trades n.e.c.,Proportion of men (%),40 to 44 years,9.3,TRUE
5119,Agricultural and fishing trades n.e.c.,Proportion of men (%),35 to 39 years,11.1,TRUE
5119,Agricultural and fishing trades n.e.c.,Proportion of men (%),30 to 34 years,15.3,TRUE
5119,Agricultural and fishing trades n.e.c.,Proportion of men (%),25 to 29 years,14.6,TRUE
5119,Agricultural and fishing trades n.e.c.,Proportion of men (%),20 to 24 years,10.9,TRUE
5119,Agricultural and fishing trades n.e.c.,Proportion of men (%),16 to 19 years,3.5,TRUE
5211,Sheet metal workers,Proportion of women (%),65 years and over,5.5,FALSE
5211,Sheet metal workers,Proportion of women (%),60 to 64 years,7.9,FALSE
5211,Sheet metal workers,Proportion of women (%),55 to 59 years,14.2,FALSE
5211,Sheet metal workers,Proportion of women (%),50 to 54 years,9.4,FALSE
5211,Sheet metal workers,Proportion of women (%),45 to 49 years,9.4,FALSE
5211,Sheet metal workers,Proportion of women (%),40 to 44 years,8.3,FALSE
5211,Sheet metal workers,Proportion of women (%),35 to 39 years,7.9,FALSE
5211,Sheet metal workers,Proportion of women (%),30 to 34 years,8.3,FALSE
5211,Sheet metal workers,Proportion of women (%),25 to 29 years,14.6,FALSE
5211,Sheet metal workers,Proportion of women (%),20 to 24 years,11,FALSE
5211,Sheet metal workers,Proportion of women (%),16 to 19 years,null,FALSE
5211,Sheet metal workers,Proportion of men (%),65 years and over,6.7,FALSE
5211,Sheet metal workers,Proportion of men (%),60 to 64 years,12.9,FALSE
5211,Sheet metal workers,Proportion of men (%),55 to 59 years,15.4,FALSE
5211,Sheet metal workers,Proportion of men (%),50 to 54 years,13.5,FALSE
5211,Sheet metal workers,Proportion of men (%),45 to 49 years,9.9,FALSE
5211,Sheet metal workers,Proportion of men (%),40 to 44 years,8.4,FALSE
5211,Sheet metal workers,Proportion of men (%),35 to 39 years,7.9,FALSE
5211,Sheet metal workers,Proportion of men (%),30 to 34 years,8.1,FALSE
5211,Sheet metal workers,Proportion of men (%),25 to 29 years,7.6,FALSE
5211,Sheet metal workers,Proportion of men (%),20 to 24 years,7.3,FALSE
5211,Sheet metal workers,Proportion of men (%),16 to 19 years,2.2,FALSE
5212,"Metal plate workers, smiths, moulders and related occupations",Proportion of women (%),65 years and over,5.9,TRUE
5212,"Metal plate workers, smiths, moulders and related occupations",Proportion of women (%),60 to 64 years,5.1,TRUE
5212,"Metal plate workers, smiths, moulders and related occupations",Proportion of women (%),55 to 59 years,9.8,TRUE
5212,"Metal plate workers, smiths, moulders and related occupations",Proportion of women (%),50 to 54 years,7.8,TRUE
5212,"Metal plate workers, smiths, moulders and related occupations",Proportion of women (%),45 to 49 years,9.4,TRUE
5212,"Metal plate workers, smiths, moulders and related occupations",Proportion of women (%),40 to 44 years,8.4,TRUE
5212,"Metal plate workers, smiths, moulders and related occupations",Proportion of women (%),35 to 39 years,12.3,TRUE
5212,"Metal plate workers, smiths, moulders and related occupations",Proportion of women (%),30 to 34 years,17.2,TRUE
5212,"Metal plate workers, smiths, moulders and related occupations",Proportion of women (%),25 to 29 years,11.5,TRUE
5212,"Metal plate workers, smiths, moulders and related occupations",Proportion of women (%),20 to 24 years,9.6,TRUE
5212,"Metal plate workers, smiths, moulders and related occupations",Proportion of women (%),16 to 19 years,3.1,TRUE
5212,"Metal plate workers, smiths, moulders and related occupations",Proportion of men (%),65 years and over,8.2,TRUE
5212,"Metal plate workers, smiths, moulders and related occupations",Proportion of men (%),60 to 64 years,13.3,TRUE
5212,"Metal plate workers, smiths, moulders and related occupations",Proportion of men (%),55 to 59 years,13.6,TRUE
5212,"Metal plate workers, smiths, moulders and related occupations",Proportion of men (%),50 to 54 years,11.4,TRUE
5212,"Metal plate workers, smiths, moulders and related occupations",Proportion of men (%),45 to 49 years,8.5,TRUE
5212,"Metal plate workers, smiths, moulders and related occupations",Proportion of men (%),40 to 44 years,8.8,TRUE
5212,"Metal plate workers, smiths, moulders and related occupations",Proportion of men (%),35 to 39 years,8.7,TRUE
5212,"Metal plate workers, smiths, moulders and related occupations",Proportion of men (%),30 to 34 years,9.8,TRUE
5212,"Metal plate workers, smiths, moulders and related occupations",Proportion of men (%),25 to 29 years,9.7,TRUE
5212,"Metal plate workers, smiths, moulders and related occupations",Proportion of men (%),20 to 24 years,6.3,TRUE
5212,"Metal plate workers, smiths, moulders and related occupations",Proportion of men (%),16 to 19 years,1.7,TRUE
5213,Welding trades,Proportion of women (%),65 years and over,5.4,TRUE
5213,Welding trades,Proportion of women (%),60 to 64 years,5.7,TRUE
5213,Welding trades,Proportion of women (%),55 to 59 years,9.9,TRUE
5213,Welding trades,Proportion of women (%),50 to 54 years,12.1,TRUE
5213,Welding trades,Proportion of women (%),45 to 49 years,9.1,TRUE
5213,Welding trades,Proportion of women (%),40 to 44 years,8.6,TRUE
5213,Welding trades,Proportion of women (%),35 to 39 years,10.2,TRUE
5213,Welding trades,Proportion of women (%),30 to 34 years,10.4,TRUE
5213,Welding trades,Proportion of women (%),25 to 29 years,12,TRUE
5213,Welding trades,Proportion of women (%),20 to 24 years,12.2,TRUE
5213,Welding trades,Proportion of women (%),16 to 19 years,4.5,TRUE
5213,Welding trades,Proportion of men (%),65 years and over,4.9,TRUE
5213,Welding trades,Proportion of men (%),60 to 64 years,9.5,TRUE
5213,Welding trades,Proportion of men (%),55 to 59 years,11,TRUE
5213,Welding trades,Proportion of men (%),50 to 54 years,11.5,TRUE
5213,Welding trades,Proportion of men (%),45 to 49 years,9.8,TRUE
5213,Welding trades,Proportion of men (%),40 to 44 years,9.8,TRUE
5213,Welding trades,Proportion of men (%),35 to 39 years,10.5,TRUE
5213,Welding trades,Proportion of men (%),30 to 34 years,10.6,TRUE
5213,Welding trades,Proportion of men (%),25 to 29 years,10.1,TRUE
5213,Welding trades,Proportion of men (%),20 to 24 years,9.2,TRUE
5213,Welding trades,Proportion of men (%),16 to 19 years,3.2,TRUE
5214,Pipe fitters,Proportion of women (%),65 years and over,null,FALSE
5214,Pipe fitters,Proportion of women (%),60 to 64 years,null,FALSE
5214,Pipe fitters,Proportion of women (%),55 to 59 years,null,FALSE
5214,Pipe fitters,Proportion of women (%),50 to 54 years,null,FALSE
5214,Pipe fitters,Proportion of women (%),45 to 49 years,null,FALSE
5214,Pipe fitters,Proportion of women (%),40 to 44 years,null,FALSE
5214,Pipe fitters,Proportion of women (%),35 to 39 years,null,FALSE
5214,Pipe fitters,Proportion of women (%),30 to 34 years,null,FALSE
5214,Pipe fitters,Proportion of women (%),25 to 29 years,18.4,FALSE
5214,Pipe fitters,Proportion of women (%),20 to 24 years,23,FALSE
5214,Pipe fitters,Proportion of women (%),16 to 19 years,null,FALSE
5214,Pipe fitters,Proportion of men (%),65 years and over,5.2,FALSE
5214,Pipe fitters,Proportion of men (%),60 to 64 years,10.4,FALSE
5214,Pipe fitters,Proportion of men (%),55 to 59 years,11.6,FALSE
5214,Pipe fitters,Proportion of men (%),50 to 54 years,10.2,FALSE
5214,Pipe fitters,Proportion of men (%),45 to 49 years,8.8,FALSE
5214,Pipe fitters,Proportion of men (%),40 to 44 years,9.1,FALSE
5214,Pipe fitters,Proportion of men (%),35 to 39 years,10.5,FALSE
5214,Pipe fitters,Proportion of men (%),30 to 34 years,12,FALSE
5214,Pipe fitters,Proportion of men (%),25 to 29 years,11.3,FALSE
5214,Pipe fitters,Proportion of men (%),20 to 24 years,8.4,FALSE
5214,Pipe fitters,Proportion of men (%),16 to 19 years,2.6,FALSE
5221,Metal machining setters and setter-operators,Proportion of women (%),65 years and over,3.7,TRUE
5221,Metal machining setters and setter-operators,Proportion of women (%),60 to 64 years,5.7,TRUE
5221,Metal machining setters and setter-operators,Proportion of women (%),55 to 59 years,9.5,TRUE
5221,Metal machining setters and setter-operators,Proportion of women (%),50 to 54 years,11,TRUE
5221,Metal machining setters and setter-operators,Proportion of women (%),45 to 49 years,10.1,TRUE
5221,Metal machining setters and setter-operators,Proportion of women (%),40 to 44 years,12.4,TRUE
5221,Metal machining setters and setter-operators,Proportion of women (%),35 to 39 years,12.2,TRUE
5221,Metal machining setters and setter-operators,Proportion of women (%),30 to 34 years,13.7,TRUE
5221,Metal machining setters and setter-operators,Proportion of women (%),25 to 29 years,11.3,TRUE
5221,Metal machining setters and setter-operators,Proportion of women (%),20 to 24 years,7.9,TRUE
5221,Metal machining setters and setter-operators,Proportion of women (%),16 to 19 years,2.3,TRUE
5221,Metal machining setters and setter-operators,Proportion of men (%),65 years and over,4.7,TRUE
5221,Metal machining setters and setter-operators,Proportion of men (%),60 to 64 years,10.5,TRUE
5221,Metal machining setters and setter-operators,Proportion of men (%),55 to 59 years,13.5,TRUE
5221,Metal machining setters and setter-operators,Proportion of men (%),50 to 54 years,12.8,TRUE
5221,Metal machining setters and setter-operators,Proportion of men (%),45 to 49 years,10.5,TRUE
5221,Metal machining setters and setter-operators,Proportion of men (%),40 to 44 years,10.3,TRUE
5221,Metal machining setters and setter-operators,Proportion of men (%),35 to 39 years,9.9,TRUE
5221,Metal machining setters and setter-operators,Proportion of men (%),30 to 34 years,9.7,TRUE
5221,Metal machining setters and setter-operators,Proportion of men (%),25 to 29 years,10,TRUE
5221,Metal machining setters and setter-operators,Proportion of men (%),20 to 24 years,6.8,TRUE
5221,Metal machining setters and setter-operators,Proportion of men (%),16 to 19 years,1.3,TRUE
5222,"Tool makers, tool fitters and markers-out",Proportion of women (%),65 years and over,5.1,TRUE
5222,"Tool makers, tool fitters and markers-out",Proportion of women (%),60 to 64 years,3.9,TRUE
5222,"Tool makers, tool fitters and markers-out",Proportion of women (%),55 to 59 years,7,TRUE
5222,"Tool makers, tool fitters and markers-out",Proportion of women (%),50 to 54 years,12.5,TRUE
5222,"Tool makers, tool fitters and markers-out",Proportion of women (%),45 to 49 years,11.3,TRUE
5222,"Tool makers, tool fitters and markers-out",Proportion of women (%),40 to 44 years,8.6,TRUE
5222,"Tool makers, tool fitters and markers-out",Proportion of women (%),35 to 39 years,7.4,TRUE
5222,"Tool makers, tool fitters and markers-out",Proportion of women (%),30 to 34 years,8.6,TRUE
5222,"Tool makers, tool fitters and markers-out",Proportion of women (%),25 to 29 years,11.3,TRUE
5222,"Tool makers, tool fitters and markers-out",Proportion of women (%),20 to 24 years,16.8,TRUE
5222,"Tool makers, tool fitters and markers-out",Proportion of women (%),16 to 19 years,7.4,TRUE
5222,"Tool makers, tool fitters and markers-out",Proportion of men (%),65 years and over,12.2,TRUE
5222,"Tool makers, tool fitters and markers-out",Proportion of men (%),60 to 64 years,14.2,TRUE
5222,"Tool makers, tool fitters and markers-out",Proportion of men (%),55 to 59 years,15,TRUE
5222,"Tool makers, tool fitters and markers-out",Proportion of men (%),50 to 54 years,11.6,TRUE
5222,"Tool makers, tool fitters and markers-out",Proportion of men (%),45 to 49 years,9.3,TRUE
5222,"Tool makers, tool fitters and markers-out",Proportion of men (%),40 to 44 years,6.5,TRUE
5222,"Tool makers, tool fitters and markers-out",Proportion of men (%),35 to 39 years,5.2,TRUE
5222,"Tool makers, tool fitters and markers-out",Proportion of men (%),30 to 34 years,5.5,TRUE
5222,"Tool makers, tool fitters and markers-out",Proportion of men (%),25 to 29 years,8.4,TRUE
5222,"Tool makers, tool fitters and markers-out",Proportion of men (%),20 to 24 years,9.3,TRUE
5222,"Tool makers, tool fitters and markers-out",Proportion of men (%),16 to 19 years,2.6,TRUE
5223,Metal working production and maintenance fitters,Proportion of women (%),65 years and over,3.4,TRUE
5223,Metal working production and maintenance fitters,Proportion of women (%),60 to 64 years,4.3,TRUE
5223,Metal working production and maintenance fitters,Proportion of women (%),55 to 59 years,8.7,TRUE
5223,Metal working production and maintenance fitters,Proportion of women (%),50 to 54 years,9.5,TRUE
5223,Metal working production and maintenance fitters,Proportion of women (%),45 to 49 years,10,TRUE
5223,Metal working production and maintenance fitters,Proportion of women (%),40 to 44 years,9.3,TRUE
5223,Metal working production and maintenance fitters,Proportion of women (%),35 to 39 years,9.6,TRUE
5223,Metal working production and maintenance fitters,Proportion of women (%),30 to 34 years,11.6,TRUE
5223,Metal working production and maintenance fitters,Proportion of women (%),25 to 29 years,13.2,TRUE
5223,Metal working production and maintenance fitters,Proportion of women (%),20 to 24 years,15.7,TRUE
5223,Metal working production and maintenance fitters,Proportion of women (%),16 to 19 years,4.8,TRUE
5223,Metal working production and maintenance fitters,Proportion of men (%),65 years and over,5.2,TRUE
5223,Metal working production and maintenance fitters,Proportion of men (%),60 to 64 years,9.7,TRUE
5223,Metal working production and maintenance fitters,Proportion of men (%),55 to 59 years,12.5,TRUE
5223,Metal working production and maintenance fitters,Proportion of men (%),50 to 54 years,11.8,TRUE
5223,Metal working production and maintenance fitters,Proportion of men (%),45 to 49 years,10,TRUE
5223,Metal working production and maintenance fitters,Proportion of men (%),40 to 44 years,8.9,TRUE
5223,Metal working production and maintenance fitters,Proportion of men (%),35 to 39 years,9.6,TRUE
5223,Metal working production and maintenance fitters,Proportion of men (%),30 to 34 years,10.6,TRUE
5223,Metal working production and maintenance fitters,Proportion of men (%),25 to 29 years,10.4,TRUE
5223,Metal working production and maintenance fitters,Proportion of men (%),20 to 24 years,8.7,TRUE
5223,Metal working production and maintenance fitters,Proportion of men (%),16 to 19 years,2.7,TRUE
5224,Precision instrument makers and repairers,Proportion of women (%),65 years and over,4.2,TRUE
5224,Precision instrument makers and repairers,Proportion of women (%),60 to 64 years,6.2,TRUE
5224,Precision instrument makers and repairers,Proportion of women (%),55 to 59 years,9.6,TRUE
5224,Precision instrument makers and repairers,Proportion of women (%),50 to 54 years,8.7,TRUE
5224,Precision instrument makers and repairers,Proportion of women (%),45 to 49 years,8.9,TRUE
5224,Precision instrument makers and repairers,Proportion of women (%),40 to 44 years,8.1,TRUE
5224,Precision instrument makers and repairers,Proportion of women (%),35 to 39 years,12.3,TRUE
5224,Precision instrument makers and repairers,Proportion of women (%),30 to 34 years,14.5,TRUE
5224,Precision instrument makers and repairers,Proportion of women (%),25 to 29 years,13.1,TRUE
5224,Precision instrument makers and repairers,Proportion of women (%),20 to 24 years,12.8,TRUE
5224,Precision instrument makers and repairers,Proportion of women (%),16 to 19 years,1.7,TRUE
5224,Precision instrument makers and repairers,Proportion of men (%),65 years and over,8.8,TRUE
5224,Precision instrument makers and repairers,Proportion of men (%),60 to 64 years,9.9,TRUE
5224,Precision instrument makers and repairers,Proportion of men (%),55 to 59 years,12.1,TRUE
5224,Precision instrument makers and repairers,Proportion of men (%),50 to 54 years,11.4,TRUE
5224,Precision instrument makers and repairers,Proportion of men (%),45 to 49 years,9.1,TRUE
5224,Precision instrument makers and repairers,Proportion of men (%),40 to 44 years,9.1,TRUE
5224,Precision instrument makers and repairers,Proportion of men (%),35 to 39 years,9.5,TRUE
5224,Precision instrument makers and repairers,Proportion of men (%),30 to 34 years,10.8,TRUE
5224,Precision instrument makers and repairers,Proportion of men (%),25 to 29 years,10.8,TRUE
5224,Precision instrument makers and repairers,Proportion of men (%),20 to 24 years,7.1,TRUE
5224,Precision instrument makers and repairers,Proportion of men (%),16 to 19 years,1.4,TRUE
5225,Air-conditioning and refrigeration installers and repairers,Proportion of women (%),65 years and over,null,FALSE
5225,Air-conditioning and refrigeration installers and repairers,Proportion of women (%),60 to 64 years,null,FALSE
5225,Air-conditioning and refrigeration installers and repairers,Proportion of women (%),55 to 59 years,null,FALSE
5225,Air-conditioning and refrigeration installers and repairers,Proportion of women (%),50 to 54 years,null,FALSE
5225,Air-conditioning and refrigeration installers and repairers,Proportion of women (%),45 to 49 years,null,FALSE
5225,Air-conditioning and refrigeration installers and repairers,Proportion of women (%),40 to 44 years,null,FALSE
5225,Air-conditioning and refrigeration installers and repairers,Proportion of women (%),35 to 39 years,null,FALSE
5225,Air-conditioning and refrigeration installers and repairers,Proportion of women (%),30 to 34 years,20.2,FALSE
5225,Air-conditioning and refrigeration installers and repairers,Proportion of women (%),25 to 29 years,16,FALSE
5225,Air-conditioning and refrigeration installers and repairers,Proportion of women (%),20 to 24 years,17,FALSE
5225,Air-conditioning and refrigeration installers and repairers,Proportion of women (%),16 to 19 years,null,FALSE
5225,Air-conditioning and refrigeration installers and repairers,Proportion of men (%),65 years and over,3,FALSE
5225,Air-conditioning and refrigeration installers and repairers,Proportion of men (%),60 to 64 years,5.4,FALSE
5225,Air-conditioning and refrigeration installers and repairers,Proportion of men (%),55 to 59 years,8,FALSE
5225,Air-conditioning and refrigeration installers and repairers,Proportion of men (%),50 to 54 years,9.5,FALSE
5225,Air-conditioning and refrigeration installers and repairers,Proportion of men (%),45 to 49 years,10.6,FALSE
5225,Air-conditioning and refrigeration installers and repairers,Proportion of men (%),40 to 44 years,10.7,FALSE
5225,Air-conditioning and refrigeration installers and repairers,Proportion of men (%),35 to 39 years,12,FALSE
5225,Air-conditioning and refrigeration installers and repairers,Proportion of men (%),30 to 34 years,14.3,FALSE
5225,Air-conditioning and refrigeration installers and repairers,Proportion of men (%),25 to 29 years,13.1,FALSE
5225,Air-conditioning and refrigeration installers and repairers,Proportion of men (%),20 to 24 years,10.9,FALSE
5225,Air-conditioning and refrigeration installers and repairers,Proportion of men (%),16 to 19 years,2.6,FALSE
5231,"Vehicle technicians, mechanics and electricians",Proportion of women (%),65 years and over,2.7,TRUE
5231,"Vehicle technicians, mechanics and electricians",Proportion of women (%),60 to 64 years,2.7,TRUE
5231,"Vehicle technicians, mechanics and electricians",Proportion of women (%),55 to 59 years,5.2,TRUE
5231,"Vehicle technicians, mechanics and electricians",Proportion of women (%),50 to 54 years,6.2,TRUE
5231,"Vehicle technicians, mechanics and electricians",Proportion of women (%),45 to 49 years,6,TRUE
5231,"Vehicle technicians, mechanics and electricians",Proportion of women (%),40 to 44 years,7.9,TRUE
5231,"Vehicle technicians, mechanics and electricians",Proportion of women (%),35 to 39 years,9.1,TRUE
5231,"Vehicle technicians, mechanics and electricians",Proportion of women (%),30 to 34 years,13.7,TRUE
5231,"Vehicle technicians, mechanics and electricians",Proportion of women (%),25 to 29 years,17,TRUE
5231,"Vehicle technicians, mechanics and electricians",Proportion of women (%),20 to 24 years,21.1,TRUE
5231,"Vehicle technicians, mechanics and electricians",Proportion of women (%),16 to 19 years,8.2,TRUE
5231,"Vehicle technicians, mechanics and electricians",Proportion of men (%),65 years and over,4.4,TRUE
5231,"Vehicle technicians, mechanics and electricians",Proportion of men (%),60 to 64 years,7,TRUE
5231,"Vehicle technicians, mechanics and electricians",Proportion of men (%),55 to 59 years,9,TRUE
5231,"Vehicle technicians, mechanics and electricians",Proportion of men (%),50 to 54 years,10,TRUE
5231,"Vehicle technicians, mechanics and electricians",Proportion of men (%),45 to 49 years,9.9,TRUE
5231,"Vehicle technicians, mechanics and electricians",Proportion of men (%),40 to 44 years,9.8,TRUE
5231,"Vehicle technicians, mechanics and electricians",Proportion of men (%),35 to 39 years,10.8,TRUE
5231,"Vehicle technicians, mechanics and electricians",Proportion of men (%),30 to 34 years,11.7,TRUE
5231,"Vehicle technicians, mechanics and electricians",Proportion of men (%),25 to 29 years,11.5,TRUE
5231,"Vehicle technicians, mechanics and electricians",Proportion of men (%),20 to 24 years,11.7,TRUE
5231,"Vehicle technicians, mechanics and electricians",Proportion of men (%),16 to 19 years,4.2,TRUE
5232,Vehicle body builders and repairers ,Proportion of women (%),65 years and over,4.2,TRUE
5232,Vehicle body builders and repairers ,Proportion of women (%),60 to 64 years,4,TRUE
5232,Vehicle body builders and repairers ,Proportion of women (%),55 to 59 years,8.4,TRUE
5232,Vehicle body builders and repairers ,Proportion of women (%),50 to 54 years,9.7,TRUE
5232,Vehicle body builders and repairers ,Proportion of women (%),45 to 49 years,10.8,TRUE
5232,Vehicle body builders and repairers ,Proportion of women (%),40 to 44 years,10.1,TRUE
5232,Vehicle body builders and repairers ,Proportion of women (%),35 to 39 years,12.1,TRUE
5232,Vehicle body builders and repairers ,Proportion of women (%),30 to 34 years,11.6,TRUE
5232,Vehicle body builders and repairers ,Proportion of women (%),25 to 29 years,13.2,TRUE
5232,Vehicle body builders and repairers ,Proportion of women (%),20 to 24 years,12.7,TRUE
5232,Vehicle body builders and repairers ,Proportion of women (%),16 to 19 years,3.3,TRUE
5232,Vehicle body builders and repairers ,Proportion of men (%),65 years and over,4.7,TRUE
5232,Vehicle body builders and repairers ,Proportion of men (%),60 to 64 years,8.6,TRUE
5232,Vehicle body builders and repairers ,Proportion of men (%),55 to 59 years,12.4,TRUE
5232,Vehicle body builders and repairers ,Proportion of men (%),50 to 54 years,13.1,TRUE
5232,Vehicle body builders and repairers ,Proportion of men (%),45 to 49 years,12.3,TRUE
5232,Vehicle body builders and repairers ,Proportion of men (%),40 to 44 years,10.6,TRUE
5232,Vehicle body builders and repairers ,Proportion of men (%),35 to 39 years,10.5,TRUE
5232,Vehicle body builders and repairers ,Proportion of men (%),30 to 34 years,9.5,TRUE
5232,Vehicle body builders and repairers ,Proportion of men (%),25 to 29 years,8.5,TRUE
5232,Vehicle body builders and repairers ,Proportion of men (%),20 to 24 years,7.2,TRUE
5232,Vehicle body builders and repairers ,Proportion of men (%),16 to 19 years,2.5,TRUE
5233,Vehicle paint technicians,Proportion of women (%),65 years and over,null,FALSE
5233,Vehicle paint technicians,Proportion of women (%),60 to 64 years,3.8,FALSE
5233,Vehicle paint technicians,Proportion of women (%),55 to 59 years,7,FALSE
5233,Vehicle paint technicians,Proportion of women (%),50 to 54 years,5.9,FALSE
5233,Vehicle paint technicians,Proportion of women (%),45 to 49 years,6.3,FALSE
5233,Vehicle paint technicians,Proportion of women (%),40 to 44 years,5.6,FALSE
5233,Vehicle paint technicians,Proportion of women (%),35 to 39 years,9.4,FALSE
5233,Vehicle paint technicians,Proportion of women (%),30 to 34 years,14.7,FALSE
5233,Vehicle paint technicians,Proportion of women (%),25 to 29 years,16.4,FALSE
5233,Vehicle paint technicians,Proportion of women (%),20 to 24 years,23.4,FALSE
5233,Vehicle paint technicians,Proportion of women (%),16 to 19 years,5.9,FALSE
5233,Vehicle paint technicians,Proportion of men (%),65 years and over,2.5,FALSE
5233,Vehicle paint technicians,Proportion of men (%),60 to 64 years,5.8,FALSE
5233,Vehicle paint technicians,Proportion of men (%),55 to 59 years,9.8,FALSE
5233,Vehicle paint technicians,Proportion of men (%),50 to 54 years,12.5,FALSE
5233,Vehicle paint technicians,Proportion of men (%),45 to 49 years,12.3,FALSE
5233,Vehicle paint technicians,Proportion of men (%),40 to 44 years,11.6,FALSE
5233,Vehicle paint technicians,Proportion of men (%),35 to 39 years,12.4,FALSE
5233,Vehicle paint technicians,Proportion of men (%),30 to 34 years,12.2,FALSE
5233,Vehicle paint technicians,Proportion of men (%),25 to 29 years,10.2,FALSE
5233,Vehicle paint technicians,Proportion of men (%),20 to 24 years,8.4,FALSE
5233,Vehicle paint technicians,Proportion of men (%),16 to 19 years,2.2,FALSE
5234,Aircraft maintenance and related trades,Proportion of women (%),65 years and over,null,FALSE
5234,Aircraft maintenance and related trades,Proportion of women (%),60 to 64 years,2,FALSE
5234,Aircraft maintenance and related trades,Proportion of women (%),55 to 59 years,5.1,FALSE
5234,Aircraft maintenance and related trades,Proportion of women (%),50 to 54 years,5.6,FALSE
5234,Aircraft maintenance and related trades,Proportion of women (%),45 to 49 years,8.1,FALSE
5234,Aircraft maintenance and related trades,Proportion of women (%),40 to 44 years,8.1,FALSE
5234,Aircraft maintenance and related trades,Proportion of women (%),35 to 39 years,10.7,FALSE
5234,Aircraft maintenance and related trades,Proportion of women (%),30 to 34 years,14.9,FALSE
5234,Aircraft maintenance and related trades,Proportion of women (%),25 to 29 years,17.4,FALSE
5234,Aircraft maintenance and related trades,Proportion of women (%),20 to 24 years,21.4,FALSE
5234,Aircraft maintenance and related trades,Proportion of women (%),16 to 19 years,5.7,FALSE
5234,Aircraft maintenance and related trades,Proportion of men (%),65 years and over,2.5,FALSE
5234,Aircraft maintenance and related trades,Proportion of men (%),60 to 64 years,7,FALSE
5234,Aircraft maintenance and related trades,Proportion of men (%),55 to 59 years,11.6,FALSE
5234,Aircraft maintenance and related trades,Proportion of men (%),50 to 54 years,11.4,FALSE
5234,Aircraft maintenance and related trades,Proportion of men (%),45 to 49 years,10.2,FALSE
5234,Aircraft maintenance and related trades,Proportion of men (%),40 to 44 years,9,FALSE
5234,Aircraft maintenance and related trades,Proportion of men (%),35 to 39 years,10.2,FALSE
5234,Aircraft maintenance and related trades,Proportion of men (%),30 to 34 years,11,FALSE
5234,Aircraft maintenance and related trades,Proportion of men (%),25 to 29 years,12.4,FALSE
5234,Aircraft maintenance and related trades,Proportion of men (%),20 to 24 years,11.7,FALSE
5234,Aircraft maintenance and related trades,Proportion of men (%),16 to 19 years,3.1,FALSE
5235,Boat and ship builders and repairers,Proportion of women (%),65 years and over,null,FALSE
5235,Boat and ship builders and repairers,Proportion of women (%),60 to 64 years,4.3,FALSE
5235,Boat and ship builders and repairers,Proportion of women (%),55 to 59 years,7.3,FALSE
5235,Boat and ship builders and repairers,Proportion of women (%),50 to 54 years,9.9,FALSE
5235,Boat and ship builders and repairers,Proportion of women (%),45 to 49 years,7.6,FALSE
5235,Boat and ship builders and repairers,Proportion of women (%),40 to 44 years,7.3,FALSE
5235,Boat and ship builders and repairers,Proportion of women (%),35 to 39 years,9.2,FALSE
5235,Boat and ship builders and repairers,Proportion of women (%),30 to 34 years,10.9,FALSE
5235,Boat and ship builders and repairers,Proportion of women (%),25 to 29 years,14.5,FALSE
5235,Boat and ship builders and repairers,Proportion of women (%),20 to 24 years,17.5,FALSE
5235,Boat and ship builders and repairers,Proportion of women (%),16 to 19 years,9.2,FALSE
5235,Boat and ship builders and repairers,Proportion of men (%),65 years and over,5.6,FALSE
5235,Boat and ship builders and repairers,Proportion of men (%),60 to 64 years,8.6,FALSE
5235,Boat and ship builders and repairers,Proportion of men (%),55 to 59 years,10,FALSE
5235,Boat and ship builders and repairers,Proportion of men (%),50 to 54 years,10.9,FALSE
5235,Boat and ship builders and repairers,Proportion of men (%),45 to 49 years,9.4,FALSE
5235,Boat and ship builders and repairers,Proportion of men (%),40 to 44 years,8.9,FALSE
5235,Boat and ship builders and repairers,Proportion of men (%),35 to 39 years,10,FALSE
5235,Boat and ship builders and repairers,Proportion of men (%),30 to 34 years,11.5,FALSE
5235,Boat and ship builders and repairers,Proportion of men (%),25 to 29 years,11.9,FALSE
5235,Boat and ship builders and repairers,Proportion of men (%),20 to 24 years,10.3,FALSE
5235,Boat and ship builders and repairers,Proportion of men (%),16 to 19 years,3,FALSE
5236,Rail and rolling stock builders and repairers,Proportion of women (%),65 years and over,null,FALSE
5236,Rail and rolling stock builders and repairers,Proportion of women (%),60 to 64 years,null,FALSE
5236,Rail and rolling stock builders and repairers,Proportion of women (%),55 to 59 years,null,FALSE
5236,Rail and rolling stock builders and repairers,Proportion of women (%),50 to 54 years,7.1,FALSE
5236,Rail and rolling stock builders and repairers,Proportion of women (%),45 to 49 years,13,FALSE
5236,Rail and rolling stock builders and repairers,Proportion of women (%),40 to 44 years,9.8,FALSE
5236,Rail and rolling stock builders and repairers,Proportion of women (%),35 to 39 years,11,FALSE
5236,Rail and rolling stock builders and repairers,Proportion of women (%),30 to 34 years,14.2,FALSE
5236,Rail and rolling stock builders and repairers,Proportion of women (%),25 to 29 years,16.5,FALSE
5236,Rail and rolling stock builders and repairers,Proportion of women (%),20 to 24 years,19.7,FALSE
5236,Rail and rolling stock builders and repairers,Proportion of women (%),16 to 19 years,null,FALSE
5236,Rail and rolling stock builders and repairers,Proportion of men (%),65 years and over,3.5,FALSE
5236,Rail and rolling stock builders and repairers,Proportion of men (%),60 to 64 years,7.7,FALSE
5236,Rail and rolling stock builders and repairers,Proportion of men (%),55 to 59 years,11.4,FALSE
5236,Rail and rolling stock builders and repairers,Proportion of men (%),50 to 54 years,10.9,FALSE
5236,Rail and rolling stock builders and repairers,Proportion of men (%),45 to 49 years,10.2,FALSE
5236,Rail and rolling stock builders and repairers,Proportion of men (%),40 to 44 years,10,FALSE
5236,Rail and rolling stock builders and repairers,Proportion of men (%),35 to 39 years,12.1,FALSE
5236,Rail and rolling stock builders and repairers,Proportion of men (%),30 to 34 years,12.5,FALSE
5236,Rail and rolling stock builders and repairers,Proportion of men (%),25 to 29 years,11.6,FALSE
5236,Rail and rolling stock builders and repairers,Proportion of men (%),20 to 24 years,8.6,FALSE
5236,Rail and rolling stock builders and repairers,Proportion of men (%),16 to 19 years,1.4,FALSE
5241,Electricians and electrical fitters,Proportion of women (%),65 years and over,2.6,TRUE
5241,Electricians and electrical fitters,Proportion of women (%),60 to 64 years,3.2,TRUE
5241,Electricians and electrical fitters,Proportion of women (%),55 to 59 years,5.2,TRUE
5241,Electricians and electrical fitters,Proportion of women (%),50 to 54 years,7.1,TRUE
5241,Electricians and electrical fitters,Proportion of women (%),45 to 49 years,6.5,TRUE
5241,Electricians and electrical fitters,Proportion of women (%),40 to 44 years,8.4,TRUE
5241,Electricians and electrical fitters,Proportion of women (%),35 to 39 years,9.6,TRUE
5241,Electricians and electrical fitters,Proportion of women (%),30 to 34 years,13.5,TRUE
5241,Electricians and electrical fitters,Proportion of women (%),25 to 29 years,16.3,TRUE
5241,Electricians and electrical fitters,Proportion of women (%),20 to 24 years,19.6,TRUE
5241,Electricians and electrical fitters,Proportion of women (%),16 to 19 years,7.9,TRUE
5241,Electricians and electrical fitters,Proportion of men (%),65 years and over,4,TRUE
5241,Electricians and electrical fitters,Proportion of men (%),60 to 64 years,6.3,TRUE
5241,Electricians and electrical fitters,Proportion of men (%),55 to 59 years,8.3,TRUE
5241,Electricians and electrical fitters,Proportion of men (%),50 to 54 years,8.9,TRUE
5241,Electricians and electrical fitters,Proportion of men (%),45 to 49 years,9.4,TRUE
5241,Electricians and electrical fitters,Proportion of men (%),40 to 44 years,9.1,TRUE
5241,Electricians and electrical fitters,Proportion of men (%),35 to 39 years,11.4,TRUE
5241,Electricians and electrical fitters,Proportion of men (%),30 to 34 years,13.4,TRUE
5241,Electricians and electrical fitters,Proportion of men (%),25 to 29 years,12.2,TRUE
5241,Electricians and electrical fitters,Proportion of men (%),20 to 24 years,12.2,TRUE
5241,Electricians and electrical fitters,Proportion of men (%),16 to 19 years,4.9,TRUE
5242,Telecoms and related network installers and repairers,Proportion of women (%),65 years and over,1.1,TRUE
5242,Telecoms and related network installers and repairers,Proportion of women (%),60 to 64 years,2.7,TRUE
5242,Telecoms and related network installers and repairers,Proportion of women (%),55 to 59 years,6.8,TRUE
5242,Telecoms and related network installers and repairers,Proportion of women (%),50 to 54 years,7.8,TRUE
5242,Telecoms and related network installers and repairers,Proportion of women (%),45 to 49 years,8.5,TRUE
5242,Telecoms and related network installers and repairers,Proportion of women (%),40 to 44 years,10.3,TRUE
5242,Telecoms and related network installers and repairers,Proportion of women (%),35 to 39 years,11.9,TRUE
5242,Telecoms and related network installers and repairers,Proportion of women (%),30 to 34 years,16.5,TRUE
5242,Telecoms and related network installers and repairers,Proportion of women (%),25 to 29 years,20.5,TRUE
5242,Telecoms and related network installers and repairers,Proportion of women (%),20 to 24 years,13,TRUE
5242,Telecoms and related network installers and repairers,Proportion of women (%),16 to 19 years,1.1,TRUE
5242,Telecoms and related network installers and repairers,Proportion of men (%),65 years and over,2.4,TRUE
5242,Telecoms and related network installers and repairers,Proportion of men (%),60 to 64 years,6.1,TRUE
5242,Telecoms and related network installers and repairers,Proportion of men (%),55 to 59 years,10.6,TRUE
5242,Telecoms and related network installers and repairers,Proportion of men (%),50 to 54 years,11.5,TRUE
5242,Telecoms and related network installers and repairers,Proportion of men (%),45 to 49 years,10.3,TRUE
5242,Telecoms and related network installers and repairers,Proportion of men (%),40 to 44 years,10.6,TRUE
5242,Telecoms and related network installers and repairers,Proportion of men (%),35 to 39 years,12.2,TRUE
5242,Telecoms and related network installers and repairers,Proportion of men (%),30 to 34 years,13.8,TRUE
5242,Telecoms and related network installers and repairers,Proportion of men (%),25 to 29 years,13.5,TRUE
5242,Telecoms and related network installers and repairers,Proportion of men (%),20 to 24 years,8,TRUE
5242,Telecoms and related network installers and repairers,Proportion of men (%),16 to 19 years,1,TRUE
5243,"TV, video and audio servicers and repairers",Proportion of women (%),65 years and over,4.3,FALSE
5243,"TV, video and audio servicers and repairers",Proportion of women (%),60 to 64 years,null,FALSE
5243,"TV, video and audio servicers and repairers",Proportion of women (%),55 to 59 years,4,FALSE
5243,"TV, video and audio servicers and repairers",Proportion of women (%),50 to 54 years,7.7,FALSE
5243,"TV, video and audio servicers and repairers",Proportion of women (%),45 to 49 years,6,FALSE
5243,"TV, video and audio servicers and repairers",Proportion of women (%),40 to 44 years,9,FALSE
5243,"TV, video and audio servicers and repairers",Proportion of women (%),35 to 39 years,8.3,FALSE
5243,"TV, video and audio servicers and repairers",Proportion of women (%),30 to 34 years,17,FALSE
5243,"TV, video and audio servicers and repairers",Proportion of women (%),25 to 29 years,21,FALSE
5243,"TV, video and audio servicers and repairers",Proportion of women (%),20 to 24 years,17.7,FALSE
5243,"TV, video and audio servicers and repairers",Proportion of women (%),16 to 19 years,null,FALSE
5243,"TV, video and audio servicers and repairers",Proportion of men (%),65 years and over,7.5,FALSE
5243,"TV, video and audio servicers and repairers",Proportion of men (%),60 to 64 years,7.7,FALSE
5243,"TV, video and audio servicers and repairers",Proportion of men (%),55 to 59 years,9.9,FALSE
5243,"TV, video and audio servicers and repairers",Proportion of men (%),50 to 54 years,11.3,FALSE
5243,"TV, video and audio servicers and repairers",Proportion of men (%),45 to 49 years,11.3,FALSE
5243,"TV, video and audio servicers and repairers",Proportion of men (%),40 to 44 years,11,FALSE
5243,"TV, video and audio servicers and repairers",Proportion of men (%),35 to 39 years,13,FALSE
5243,"TV, video and audio servicers and repairers",Proportion of men (%),30 to 34 years,11.8,FALSE
5243,"TV, video and audio servicers and repairers",Proportion of men (%),25 to 29 years,10.1,FALSE
5243,"TV, video and audio servicers and repairers",Proportion of men (%),20 to 24 years,5.5,FALSE
5243,"TV, video and audio servicers and repairers",Proportion of men (%),16 to 19 years,0.8,FALSE
5244,Computer system and equipment installers and servicers,Proportion of women (%),65 years and over,0.9,TRUE
5244,Computer system and equipment installers and servicers,Proportion of women (%),60 to 64 years,2.6,TRUE
5244,Computer system and equipment installers and servicers,Proportion of women (%),55 to 59 years,6.5,TRUE
5244,Computer system and equipment installers and servicers,Proportion of women (%),50 to 54 years,8.7,TRUE
5244,Computer system and equipment installers and servicers,Proportion of women (%),45 to 49 years,8.6,TRUE
5244,Computer system and equipment installers and servicers,Proportion of women (%),40 to 44 years,10.3,TRUE
5244,Computer system and equipment installers and servicers,Proportion of women (%),35 to 39 years,14.4,TRUE
5244,Computer system and equipment installers and servicers,Proportion of women (%),30 to 34 years,17.2,TRUE
5244,Computer system and equipment installers and servicers,Proportion of women (%),25 to 29 years,17.3,TRUE
5244,Computer system and equipment installers and servicers,Proportion of women (%),20 to 24 years,11.3,TRUE
5244,Computer system and equipment installers and servicers,Proportion of women (%),16 to 19 years,2.3,TRUE
5244,Computer system and equipment installers and servicers,Proportion of men (%),65 years and over,1.8,TRUE
5244,Computer system and equipment installers and servicers,Proportion of men (%),60 to 64 years,4.7,TRUE
5244,Computer system and equipment installers and servicers,Proportion of men (%),55 to 59 years,8,TRUE
5244,Computer system and equipment installers and servicers,Proportion of men (%),50 to 54 years,11.1,TRUE
5244,Computer system and equipment installers and servicers,Proportion of men (%),45 to 49 years,12.9,TRUE
5244,Computer system and equipment installers and servicers,Proportion of men (%),40 to 44 years,13.5,TRUE
5244,Computer system and equipment installers and servicers,Proportion of men (%),35 to 39 years,12.9,TRUE
5244,Computer system and equipment installers and servicers,Proportion of men (%),30 to 34 years,11.9,TRUE
5244,Computer system and equipment installers and servicers,Proportion of men (%),25 to 29 years,11.8,TRUE
5244,Computer system and equipment installers and servicers,Proportion of men (%),20 to 24 years,9.2,TRUE
5244,Computer system and equipment installers and servicers,Proportion of men (%),16 to 19 years,2.2,TRUE
5245,Security system installers and repairers,Proportion of women (%),65 years and over,null,FALSE
5245,Security system installers and repairers,Proportion of women (%),60 to 64 years,4.1,FALSE
5245,Security system installers and repairers,Proportion of women (%),55 to 59 years,6.7,FALSE
5245,Security system installers and repairers,Proportion of women (%),50 to 54 years,10.6,FALSE
5245,Security system installers and repairers,Proportion of women (%),45 to 49 years,8.5,FALSE
5245,Security system installers and repairers,Proportion of women (%),40 to 44 years,8,FALSE
5245,Security system installers and repairers,Proportion of women (%),35 to 39 years,8.9,FALSE
5245,Security system installers and repairers,Proportion of women (%),30 to 34 years,16.9,FALSE
5245,Security system installers and repairers,Proportion of women (%),25 to 29 years,17.6,FALSE
5245,Security system installers and repairers,Proportion of women (%),20 to 24 years,14.3,FALSE
5245,Security system installers and repairers,Proportion of women (%),16 to 19 years,2.6,FALSE
5245,Security system installers and repairers,Proportion of men (%),65 years and over,2.3,FALSE
5245,Security system installers and repairers,Proportion of men (%),60 to 64 years,4.6,FALSE
5245,Security system installers and repairers,Proportion of men (%),55 to 59 years,7,FALSE
5245,Security system installers and repairers,Proportion of men (%),50 to 54 years,10.1,FALSE
5245,Security system installers and repairers,Proportion of men (%),45 to 49 years,10.7,FALSE
5245,Security system installers and repairers,Proportion of men (%),40 to 44 years,11.4,FALSE
5245,Security system installers and repairers,Proportion of men (%),35 to 39 years,13.4,FALSE
5245,Security system installers and repairers,Proportion of men (%),30 to 34 years,14.3,FALSE
5245,Security system installers and repairers,Proportion of men (%),25 to 29 years,13.5,FALSE
5245,Security system installers and repairers,Proportion of men (%),20 to 24 years,10.5,FALSE
5245,Security system installers and repairers,Proportion of men (%),16 to 19 years,2.2,FALSE
5246,Electrical service and maintenance mechanics and repairers,Proportion of women (%),65 years and over,4.8,TRUE
5246,Electrical service and maintenance mechanics and repairers,Proportion of women (%),60 to 64 years,5.6,TRUE
5246,Electrical service and maintenance mechanics and repairers,Proportion of women (%),55 to 59 years,7.7,TRUE
5246,Electrical service and maintenance mechanics and repairers,Proportion of women (%),50 to 54 years,10.4,TRUE
5246,Electrical service and maintenance mechanics and repairers,Proportion of women (%),45 to 49 years,9.7,TRUE
5246,Electrical service and maintenance mechanics and repairers,Proportion of women (%),40 to 44 years,9.7,TRUE
5246,Electrical service and maintenance mechanics and repairers,Proportion of women (%),35 to 39 years,9.8,TRUE
5246,Electrical service and maintenance mechanics and repairers,Proportion of women (%),30 to 34 years,13,TRUE
5246,Electrical service and maintenance mechanics and repairers,Proportion of women (%),25 to 29 years,16.4,TRUE
5246,Electrical service and maintenance mechanics and repairers,Proportion of women (%),20 to 24 years,11.8,TRUE
5246,Electrical service and maintenance mechanics and repairers,Proportion of women (%),16 to 19 years,1.3,TRUE
5246,Electrical service and maintenance mechanics and repairers,Proportion of men (%),65 years and over,6.2,TRUE
5246,Electrical service and maintenance mechanics and repairers,Proportion of men (%),60 to 64 years,11.7,TRUE
5246,Electrical service and maintenance mechanics and repairers,Proportion of men (%),55 to 59 years,15.2,TRUE
5246,Electrical service and maintenance mechanics and repairers,Proportion of men (%),50 to 54 years,14.4,TRUE
5246,Electrical service and maintenance mechanics and repairers,Proportion of men (%),45 to 49 years,11.9,TRUE
5246,Electrical service and maintenance mechanics and repairers,Proportion of men (%),40 to 44 years,9.5,TRUE
5246,Electrical service and maintenance mechanics and repairers,Proportion of men (%),35 to 39 years,8.8,TRUE
5246,Electrical service and maintenance mechanics and repairers,Proportion of men (%),30 to 34 years,8.8,TRUE
5246,Electrical service and maintenance mechanics and repairers,Proportion of men (%),25 to 29 years,7.8,TRUE
5246,Electrical service and maintenance mechanics and repairers,Proportion of men (%),20 to 24 years,4.9,TRUE
5246,Electrical service and maintenance mechanics and repairers,Proportion of men (%),16 to 19 years,0.8,TRUE
5249,Electrical and electronic trades n.e.c.,Proportion of women (%),65 years and over,1.8,TRUE
5249,Electrical and electronic trades n.e.c.,Proportion of women (%),60 to 64 years,4.2,TRUE
5249,Electrical and electronic trades n.e.c.,Proportion of women (%),55 to 59 years,6.9,TRUE
5249,Electrical and electronic trades n.e.c.,Proportion of women (%),50 to 54 years,9,TRUE
5249,Electrical and electronic trades n.e.c.,Proportion of women (%),45 to 49 years,9,TRUE
5249,Electrical and electronic trades n.e.c.,Proportion of women (%),40 to 44 years,10.5,TRUE
5249,Electrical and electronic trades n.e.c.,Proportion of women (%),35 to 39 years,12.8,TRUE
5249,Electrical and electronic trades n.e.c.,Proportion of women (%),30 to 34 years,16.4,TRUE
5249,Electrical and electronic trades n.e.c.,Proportion of women (%),25 to 29 years,15.9,TRUE
5249,Electrical and electronic trades n.e.c.,Proportion of women (%),20 to 24 years,11,TRUE
5249,Electrical and electronic trades n.e.c.,Proportion of women (%),16 to 19 years,2.6,TRUE
5249,Electrical and electronic trades n.e.c.,Proportion of men (%),65 years and over,3.7,TRUE
5249,Electrical and electronic trades n.e.c.,Proportion of men (%),60 to 64 years,7.8,TRUE
5249,Electrical and electronic trades n.e.c.,Proportion of men (%),55 to 59 years,11.8,TRUE
5249,Electrical and electronic trades n.e.c.,Proportion of men (%),50 to 54 years,13.4,TRUE
5249,Electrical and electronic trades n.e.c.,Proportion of men (%),45 to 49 years,11.6,TRUE
5249,Electrical and electronic trades n.e.c.,Proportion of men (%),40 to 44 years,10.3,TRUE
5249,Electrical and electronic trades n.e.c.,Proportion of men (%),35 to 39 years,11.2,TRUE
5249,Electrical and electronic trades n.e.c.,Proportion of men (%),30 to 34 years,12.4,TRUE
5249,Electrical and electronic trades n.e.c.,Proportion of men (%),25 to 29 years,11,TRUE
5249,Electrical and electronic trades n.e.c.,Proportion of men (%),20 to 24 years,5.9,TRUE
5249,Electrical and electronic trades n.e.c.,Proportion of men (%),16 to 19 years,0.9,TRUE
5250,"Skilled metal, electrical and electronic trades supervisors",Proportion of women (%),65 years and over,1.8,TRUE
5250,"Skilled metal, electrical and electronic trades supervisors",Proportion of women (%),60 to 64 years,4.3,TRUE
5250,"Skilled metal, electrical and electronic trades supervisors",Proportion of women (%),55 to 59 years,9.7,TRUE
5250,"Skilled metal, electrical and electronic trades supervisors",Proportion of women (%),50 to 54 years,14.1,TRUE
5250,"Skilled metal, electrical and electronic trades supervisors",Proportion of women (%),45 to 49 years,11.4,TRUE
5250,"Skilled metal, electrical and electronic trades supervisors",Proportion of women (%),40 to 44 years,12.6,TRUE
5250,"Skilled metal, electrical and electronic trades supervisors",Proportion of women (%),35 to 39 years,13.5,TRUE
5250,"Skilled metal, electrical and electronic trades supervisors",Proportion of women (%),30 to 34 years,13.1,TRUE
5250,"Skilled metal, electrical and electronic trades supervisors",Proportion of women (%),25 to 29 years,12.9,TRUE
5250,"Skilled metal, electrical and electronic trades supervisors",Proportion of women (%),20 to 24 years,5.9,TRUE
5250,"Skilled metal, electrical and electronic trades supervisors",Proportion of women (%),16 to 19 years,0.7,TRUE
5250,"Skilled metal, electrical and electronic trades supervisors",Proportion of men (%),65 years and over,3,TRUE
5250,"Skilled metal, electrical and electronic trades supervisors",Proportion of men (%),60 to 64 years,7.7,TRUE
5250,"Skilled metal, electrical and electronic trades supervisors",Proportion of men (%),55 to 59 years,13,TRUE
5250,"Skilled metal, electrical and electronic trades supervisors",Proportion of men (%),50 to 54 years,14.3,TRUE
5250,"Skilled metal, electrical and electronic trades supervisors",Proportion of men (%),45 to 49 years,13.4,TRUE
5250,"Skilled metal, electrical and electronic trades supervisors",Proportion of men (%),40 to 44 years,12.9,TRUE
5250,"Skilled metal, electrical and electronic trades supervisors",Proportion of men (%),35 to 39 years,13,TRUE
5250,"Skilled metal, electrical and electronic trades supervisors",Proportion of men (%),30 to 34 years,12.5,TRUE
5250,"Skilled metal, electrical and electronic trades supervisors",Proportion of men (%),25 to 29 years,7.5,TRUE
5250,"Skilled metal, electrical and electronic trades supervisors",Proportion of men (%),20 to 24 years,2.3,TRUE
5250,"Skilled metal, electrical and electronic trades supervisors",Proportion of men (%),16 to 19 years,0.3,TRUE
5311,Steel erectors,Proportion of women (%),65 years and over,null,FALSE
5311,Steel erectors,Proportion of women (%),60 to 64 years,null,FALSE
5311,Steel erectors,Proportion of women (%),55 to 59 years,null,FALSE
5311,Steel erectors,Proportion of women (%),50 to 54 years,null,FALSE
5311,Steel erectors,Proportion of women (%),45 to 49 years,null,FALSE
5311,Steel erectors,Proportion of women (%),40 to 44 years,null,FALSE
5311,Steel erectors,Proportion of women (%),35 to 39 years,null,FALSE
5311,Steel erectors,Proportion of women (%),30 to 34 years,null,FALSE
5311,Steel erectors,Proportion of women (%),25 to 29 years,null,FALSE
5311,Steel erectors,Proportion of women (%),20 to 24 years,20,FALSE
5311,Steel erectors,Proportion of women (%),16 to 19 years,null,FALSE
5311,Steel erectors,Proportion of men (%),65 years and over,4.1,FALSE
5311,Steel erectors,Proportion of men (%),60 to 64 years,6.5,FALSE
5311,Steel erectors,Proportion of men (%),55 to 59 years,9.5,FALSE
5311,Steel erectors,Proportion of men (%),50 to 54 years,12.6,FALSE
5311,Steel erectors,Proportion of men (%),45 to 49 years,9.8,FALSE
5311,Steel erectors,Proportion of men (%),40 to 44 years,10.8,FALSE
5311,Steel erectors,Proportion of men (%),35 to 39 years,11.6,FALSE
5311,Steel erectors,Proportion of men (%),30 to 34 years,14.1,FALSE
5311,Steel erectors,Proportion of men (%),25 to 29 years,12.2,FALSE
5311,Steel erectors,Proportion of men (%),20 to 24 years,7.3,FALSE
5311,Steel erectors,Proportion of men (%),16 to 19 years,1.6,FALSE
5312,Stonemasons and related trades,Proportion of women (%),65 years and over,6,FALSE
5312,Stonemasons and related trades,Proportion of women (%),60 to 64 years,6,FALSE
5312,Stonemasons and related trades,Proportion of women (%),55 to 59 years,13.8,FALSE
5312,Stonemasons and related trades,Proportion of women (%),50 to 54 years,9.6,FALSE
5312,Stonemasons and related trades,Proportion of women (%),45 to 49 years,10.6,FALSE
5312,Stonemasons and related trades,Proportion of women (%),40 to 44 years,9.2,FALSE
5312,Stonemasons and related trades,Proportion of women (%),35 to 39 years,12.8,FALSE
5312,Stonemasons and related trades,Proportion of women (%),30 to 34 years,9.6,FALSE
5312,Stonemasons and related trades,Proportion of women (%),25 to 29 years,12.8,FALSE
5312,Stonemasons and related trades,Proportion of women (%),20 to 24 years,5.5,FALSE
5312,Stonemasons and related trades,Proportion of women (%),16 to 19 years,null,FALSE
5312,Stonemasons and related trades,Proportion of men (%),65 years and over,4.7,FALSE
5312,Stonemasons and related trades,Proportion of men (%),60 to 64 years,7.1,FALSE
5312,Stonemasons and related trades,Proportion of men (%),55 to 59 years,11.1,FALSE
5312,Stonemasons and related trades,Proportion of men (%),50 to 54 years,12.4,FALSE
5312,Stonemasons and related trades,Proportion of men (%),45 to 49 years,11.3,FALSE
5312,Stonemasons and related trades,Proportion of men (%),40 to 44 years,11.1,FALSE
5312,Stonemasons and related trades,Proportion of men (%),35 to 39 years,11.9,FALSE
5312,Stonemasons and related trades,Proportion of men (%),30 to 34 years,12.5,FALSE
5312,Stonemasons and related trades,Proportion of men (%),25 to 29 years,9.8,FALSE
5312,Stonemasons and related trades,Proportion of men (%),20 to 24 years,6.3,FALSE
5312,Stonemasons and related trades,Proportion of men (%),16 to 19 years,1.8,FALSE
5313,Bricklayers ,Proportion of women (%),65 years and over,7.6,TRUE
5313,Bricklayers ,Proportion of women (%),60 to 64 years,4.2,TRUE
5313,Bricklayers ,Proportion of women (%),55 to 59 years,6.6,TRUE
5313,Bricklayers ,Proportion of women (%),50 to 54 years,7.8,TRUE
5313,Bricklayers ,Proportion of women (%),45 to 49 years,9.4,TRUE
5313,Bricklayers ,Proportion of women (%),40 to 44 years,5.8,TRUE
5313,Bricklayers ,Proportion of women (%),35 to 39 years,9.8,TRUE
5313,Bricklayers ,Proportion of women (%),30 to 34 years,9.6,TRUE
5313,Bricklayers ,Proportion of women (%),25 to 29 years,14,TRUE
5313,Bricklayers ,Proportion of women (%),20 to 24 years,17.4,TRUE
5313,Bricklayers ,Proportion of women (%),16 to 19 years,8,TRUE
5313,Bricklayers ,Proportion of men (%),65 years and over,4.2,TRUE
5313,Bricklayers ,Proportion of men (%),60 to 64 years,8.6,TRUE
5313,Bricklayers ,Proportion of men (%),55 to 59 years,11,TRUE
5313,Bricklayers ,Proportion of men (%),50 to 54 years,10.9,TRUE
5313,Bricklayers ,Proportion of men (%),45 to 49 years,8.2,TRUE
5313,Bricklayers ,Proportion of men (%),40 to 44 years,7.3,TRUE
5313,Bricklayers ,Proportion of men (%),35 to 39 years,10.1,TRUE
5313,Bricklayers ,Proportion of men (%),30 to 34 years,12.7,TRUE
5313,Bricklayers ,Proportion of men (%),25 to 29 years,10.9,TRUE
5313,Bricklayers ,Proportion of men (%),20 to 24 years,10.9,TRUE
5313,Bricklayers ,Proportion of men (%),16 to 19 years,5.1,TRUE
5314,"Roofers, roof tilers and slaters",Proportion of women (%),65 years and over,5.7,TRUE
5314,"Roofers, roof tilers and slaters",Proportion of women (%),60 to 64 years,3.4,TRUE
5314,"Roofers, roof tilers and slaters",Proportion of women (%),55 to 59 years,7.2,TRUE
5314,"Roofers, roof tilers and slaters",Proportion of women (%),50 to 54 years,7.2,TRUE
5314,"Roofers, roof tilers and slaters",Proportion of women (%),45 to 49 years,7.8,TRUE
5314,"Roofers, roof tilers and slaters",Proportion of women (%),40 to 44 years,7.5,TRUE
5314,"Roofers, roof tilers and slaters",Proportion of women (%),35 to 39 years,10.9,TRUE
5314,"Roofers, roof tilers and slaters",Proportion of women (%),30 to 34 years,11.1,TRUE
5314,"Roofers, roof tilers and slaters",Proportion of women (%),25 to 29 years,17.6,TRUE
5314,"Roofers, roof tilers and slaters",Proportion of women (%),20 to 24 years,16.3,TRUE
5314,"Roofers, roof tilers and slaters",Proportion of women (%),16 to 19 years,5.4,TRUE
5314,"Roofers, roof tilers and slaters",Proportion of men (%),65 years and over,3.1,TRUE
5314,"Roofers, roof tilers and slaters",Proportion of men (%),60 to 64 years,5.7,TRUE
5314,"Roofers, roof tilers and slaters",Proportion of men (%),55 to 59 years,9.8,TRUE
5314,"Roofers, roof tilers and slaters",Proportion of men (%),50 to 54 years,10.1,TRUE
5314,"Roofers, roof tilers and slaters",Proportion of men (%),45 to 49 years,7.8,TRUE
5314,"Roofers, roof tilers and slaters",Proportion of men (%),40 to 44 years,8.7,TRUE
5314,"Roofers, roof tilers and slaters",Proportion of men (%),35 to 39 years,12.6,TRUE
5314,"Roofers, roof tilers and slaters",Proportion of men (%),30 to 34 years,14.7,TRUE
5314,"Roofers, roof tilers and slaters",Proportion of men (%),25 to 29 years,13.2,TRUE
5314,"Roofers, roof tilers and slaters",Proportion of men (%),20 to 24 years,11,TRUE
5314,"Roofers, roof tilers and slaters",Proportion of men (%),16 to 19 years,3.4,TRUE
5315,Plumbers and heating and ventilating installers and repairers,Proportion of women (%),65 years and over,3.1,TRUE
5315,Plumbers and heating and ventilating installers and repairers,Proportion of women (%),60 to 64 years,3.3,TRUE
5315,Plumbers and heating and ventilating installers and repairers,Proportion of women (%),55 to 59 years,6.4,TRUE
5315,Plumbers and heating and ventilating installers and repairers,Proportion of women (%),50 to 54 years,7.9,TRUE
5315,Plumbers and heating and ventilating installers and repairers,Proportion of women (%),45 to 49 years,9.2,TRUE
5315,Plumbers and heating and ventilating installers and repairers,Proportion of women (%),40 to 44 years,9.7,TRUE
5315,Plumbers and heating and ventilating installers and repairers,Proportion of women (%),35 to 39 years,13.6,TRUE
5315,Plumbers and heating and ventilating installers and repairers,Proportion of women (%),30 to 34 years,13.7,TRUE
5315,Plumbers and heating and ventilating installers and repairers,Proportion of women (%),25 to 29 years,13.9,TRUE
5315,Plumbers and heating and ventilating installers and repairers,Proportion of women (%),20 to 24 years,13.5,TRUE
5315,Plumbers and heating and ventilating installers and repairers,Proportion of women (%),16 to 19 years,5.7,TRUE
5315,Plumbers and heating and ventilating installers and repairers,Proportion of men (%),65 years and over,4.4,TRUE
5315,Plumbers and heating and ventilating installers and repairers,Proportion of men (%),60 to 64 years,6.9,TRUE
5315,Plumbers and heating and ventilating installers and repairers,Proportion of men (%),55 to 59 years,9.9,TRUE
5315,Plumbers and heating and ventilating installers and repairers,Proportion of men (%),50 to 54 years,10.4,TRUE
5315,Plumbers and heating and ventilating installers and repairers,Proportion of men (%),45 to 49 years,9.9,TRUE
5315,Plumbers and heating and ventilating installers and repairers,Proportion of men (%),40 to 44 years,9.7,TRUE
5315,Plumbers and heating and ventilating installers and repairers,Proportion of men (%),35 to 39 years,12.1,TRUE
5315,Plumbers and heating and ventilating installers and repairers,Proportion of men (%),30 to 34 years,13.2,TRUE
5315,Plumbers and heating and ventilating installers and repairers,Proportion of men (%),25 to 29 years,10.6,TRUE
5315,Plumbers and heating and ventilating installers and repairers,Proportion of men (%),20 to 24 years,9,TRUE
5315,Plumbers and heating and ventilating installers and repairers,Proportion of men (%),16 to 19 years,3.9,TRUE
5316,Carpenters and joiners,Proportion of women (%),65 years and over,4.6,TRUE
5316,Carpenters and joiners,Proportion of women (%),60 to 64 years,4.6,TRUE
5316,Carpenters and joiners,Proportion of women (%),55 to 59 years,7,TRUE
5316,Carpenters and joiners,Proportion of women (%),50 to 54 years,8.1,TRUE
5316,Carpenters and joiners,Proportion of women (%),45 to 49 years,9.3,TRUE
5316,Carpenters and joiners,Proportion of women (%),40 to 44 years,9.5,TRUE
5316,Carpenters and joiners,Proportion of women (%),35 to 39 years,9.9,TRUE
5316,Carpenters and joiners,Proportion of women (%),30 to 34 years,13,TRUE
5316,Carpenters and joiners,Proportion of women (%),25 to 29 years,13.2,TRUE
5316,Carpenters and joiners,Proportion of women (%),20 to 24 years,14.3,TRUE
5316,Carpenters and joiners,Proportion of women (%),16 to 19 years,6.5,TRUE
5316,Carpenters and joiners,Proportion of men (%),65 years and over,4.4,TRUE
5316,Carpenters and joiners,Proportion of men (%),60 to 64 years,7.9,TRUE
5316,Carpenters and joiners,Proportion of men (%),55 to 59 years,10.4,TRUE
5316,Carpenters and joiners,Proportion of men (%),50 to 54 years,11.9,TRUE
5316,Carpenters and joiners,Proportion of men (%),45 to 49 years,10.4,TRUE
5316,Carpenters and joiners,Proportion of men (%),40 to 44 years,9.8,TRUE
5316,Carpenters and joiners,Proportion of men (%),35 to 39 years,11.5,TRUE
5316,Carpenters and joiners,Proportion of men (%),30 to 34 years,12.1,TRUE
5316,Carpenters and joiners,Proportion of men (%),25 to 29 years,9.6,TRUE
5316,Carpenters and joiners,Proportion of men (%),20 to 24 years,8.3,TRUE
5316,Carpenters and joiners,Proportion of men (%),16 to 19 years,3.7,TRUE
5317,"Glaziers, window fabricators and fitters",Proportion of women (%),65 years and over,2.7,TRUE
5317,"Glaziers, window fabricators and fitters",Proportion of women (%),60 to 64 years,4.7,TRUE
5317,"Glaziers, window fabricators and fitters",Proportion of women (%),55 to 59 years,10.5,TRUE
5317,"Glaziers, window fabricators and fitters",Proportion of women (%),50 to 54 years,11.2,TRUE
5317,"Glaziers, window fabricators and fitters",Proportion of women (%),45 to 49 years,13,TRUE
5317,"Glaziers, window fabricators and fitters",Proportion of women (%),40 to 44 years,9.3,TRUE
5317,"Glaziers, window fabricators and fitters",Proportion of women (%),35 to 39 years,11.7,TRUE
5317,"Glaziers, window fabricators and fitters",Proportion of women (%),30 to 34 years,11,TRUE
5317,"Glaziers, window fabricators and fitters",Proportion of women (%),25 to 29 years,10.7,TRUE
5317,"Glaziers, window fabricators and fitters",Proportion of women (%),20 to 24 years,11.2,TRUE
5317,"Glaziers, window fabricators and fitters",Proportion of women (%),16 to 19 years,4.2,TRUE
5317,"Glaziers, window fabricators and fitters",Proportion of men (%),65 years and over,2.9,TRUE
5317,"Glaziers, window fabricators and fitters",Proportion of men (%),60 to 64 years,6.3,TRUE
5317,"Glaziers, window fabricators and fitters",Proportion of men (%),55 to 59 years,10.9,TRUE
5317,"Glaziers, window fabricators and fitters",Proportion of men (%),50 to 54 years,13.3,TRUE
5317,"Glaziers, window fabricators and fitters",Proportion of men (%),45 to 49 years,11.2,TRUE
5317,"Glaziers, window fabricators and fitters",Proportion of men (%),40 to 44 years,11.6,TRUE
5317,"Glaziers, window fabricators and fitters",Proportion of men (%),35 to 39 years,12,TRUE
5317,"Glaziers, window fabricators and fitters",Proportion of men (%),30 to 34 years,11.4,TRUE
5317,"Glaziers, window fabricators and fitters",Proportion of men (%),25 to 29 years,9.9,TRUE
5317,"Glaziers, window fabricators and fitters",Proportion of men (%),20 to 24 years,8,TRUE
5317,"Glaziers, window fabricators and fitters",Proportion of men (%),16 to 19 years,2.5,TRUE
5319,Construction and building trades n.e.c.,Proportion of women (%),65 years and over,4.4,TRUE
5319,Construction and building trades n.e.c.,Proportion of women (%),60 to 64 years,5.6,TRUE
5319,Construction and building trades n.e.c.,Proportion of women (%),55 to 59 years,10.8,TRUE
5319,Construction and building trades n.e.c.,Proportion of women (%),50 to 54 years,12.1,TRUE
5319,Construction and building trades n.e.c.,Proportion of women (%),45 to 49 years,10.3,TRUE
5319,Construction and building trades n.e.c.,Proportion of women (%),40 to 44 years,10,TRUE
5319,Construction and building trades n.e.c.,Proportion of women (%),35 to 39 years,9.9,TRUE
5319,Construction and building trades n.e.c.,Proportion of women (%),30 to 34 years,10.5,TRUE
5319,Construction and building trades n.e.c.,Proportion of women (%),25 to 29 years,11.4,TRUE
5319,Construction and building trades n.e.c.,Proportion of women (%),20 to 24 years,10.7,TRUE
5319,Construction and building trades n.e.c.,Proportion of women (%),16 to 19 years,4.3,TRUE
5319,Construction and building trades n.e.c.,Proportion of men (%),65 years and over,5.3,TRUE
5319,Construction and building trades n.e.c.,Proportion of men (%),60 to 64 years,8.9,TRUE
5319,Construction and building trades n.e.c.,Proportion of men (%),55 to 59 years,13.1,TRUE
5319,Construction and building trades n.e.c.,Proportion of men (%),50 to 54 years,14,TRUE
5319,Construction and building trades n.e.c.,Proportion of men (%),45 to 49 years,11.6,TRUE
5319,Construction and building trades n.e.c.,Proportion of men (%),40 to 44 years,11.1,TRUE
5319,Construction and building trades n.e.c.,Proportion of men (%),35 to 39 years,11.4,TRUE
5319,Construction and building trades n.e.c.,Proportion of men (%),30 to 34 years,10.7,TRUE
5319,Construction and building trades n.e.c.,Proportion of men (%),25 to 29 years,7.4,TRUE
5319,Construction and building trades n.e.c.,Proportion of men (%),20 to 24 years,4.9,TRUE
5319,Construction and building trades n.e.c.,Proportion of men (%),16 to 19 years,1.7,TRUE
5321,Plasterers,Proportion of women (%),65 years and over,4.3,TRUE
5321,Plasterers,Proportion of women (%),60 to 64 years,2.6,TRUE
5321,Plasterers,Proportion of women (%),55 to 59 years,8.3,TRUE
5321,Plasterers,Proportion of women (%),50 to 54 years,8.4,TRUE
5321,Plasterers,Proportion of women (%),45 to 49 years,8,TRUE
5321,Plasterers,Proportion of women (%),40 to 44 years,9,TRUE
5321,Plasterers,Proportion of women (%),35 to 39 years,12.7,TRUE
5321,Plasterers,Proportion of women (%),30 to 34 years,12.6,TRUE
5321,Plasterers,Proportion of women (%),25 to 29 years,17,TRUE
5321,Plasterers,Proportion of women (%),20 to 24 years,12,TRUE
5321,Plasterers,Proportion of women (%),16 to 19 years,5.1,TRUE
5321,Plasterers,Proportion of men (%),65 years and over,2.4,TRUE
5321,Plasterers,Proportion of men (%),60 to 64 years,5.6,TRUE
5321,Plasterers,Proportion of men (%),55 to 59 years,8.9,TRUE
5321,Plasterers,Proportion of men (%),50 to 54 years,11.1,TRUE
5321,Plasterers,Proportion of men (%),45 to 49 years,9.9,TRUE
5321,Plasterers,Proportion of men (%),40 to 44 years,11,TRUE
5321,Plasterers,Proportion of men (%),35 to 39 years,14.1,TRUE
5321,Plasterers,Proportion of men (%),30 to 34 years,15.8,TRUE
5321,Plasterers,Proportion of men (%),25 to 29 years,10.9,TRUE
5321,Plasterers,Proportion of men (%),20 to 24 years,7.8,TRUE
5321,Plasterers,Proportion of men (%),16 to 19 years,2.6,TRUE
5322,Floorers and wall tilers,Proportion of women (%),65 years and over,3.5,TRUE
5322,Floorers and wall tilers,Proportion of women (%),60 to 64 years,5.2,TRUE
5322,Floorers and wall tilers,Proportion of women (%),55 to 59 years,9.7,TRUE
5322,Floorers and wall tilers,Proportion of women (%),50 to 54 years,9.4,TRUE
5322,Floorers and wall tilers,Proportion of women (%),45 to 49 years,9.5,TRUE
5322,Floorers and wall tilers,Proportion of women (%),40 to 44 years,10.6,TRUE
5322,Floorers and wall tilers,Proportion of women (%),35 to 39 years,9.5,TRUE
5322,Floorers and wall tilers,Proportion of women (%),30 to 34 years,14.6,TRUE
5322,Floorers and wall tilers,Proportion of women (%),25 to 29 years,10.9,TRUE
5322,Floorers and wall tilers,Proportion of women (%),20 to 24 years,11.5,TRUE
5322,Floorers and wall tilers,Proportion of women (%),16 to 19 years,5.7,TRUE
5322,Floorers and wall tilers,Proportion of men (%),65 years and over,3.5,TRUE
5322,Floorers and wall tilers,Proportion of men (%),60 to 64 years,6.2,TRUE
5322,Floorers and wall tilers,Proportion of men (%),55 to 59 years,10.3,TRUE
5322,Floorers and wall tilers,Proportion of men (%),50 to 54 years,12.8,TRUE
5322,Floorers and wall tilers,Proportion of men (%),45 to 49 years,11.2,TRUE
5322,Floorers and wall tilers,Proportion of men (%),40 to 44 years,11.8,TRUE
5322,Floorers and wall tilers,Proportion of men (%),35 to 39 years,13.3,TRUE
5322,Floorers and wall tilers,Proportion of men (%),30 to 34 years,12.3,TRUE
5322,Floorers and wall tilers,Proportion of men (%),25 to 29 years,9,TRUE
5322,Floorers and wall tilers,Proportion of men (%),20 to 24 years,7,TRUE
5322,Floorers and wall tilers,Proportion of men (%),16 to 19 years,2.5,TRUE
5323,Painters and decorators,Proportion of women (%),65 years and over,3.4,TRUE
5323,Painters and decorators,Proportion of women (%),60 to 64 years,5.8,TRUE
5323,Painters and decorators,Proportion of women (%),55 to 59 years,10.6,TRUE
5323,Painters and decorators,Proportion of women (%),50 to 54 years,13.6,TRUE
5323,Painters and decorators,Proportion of women (%),45 to 49 years,13,TRUE
5323,Painters and decorators,Proportion of women (%),40 to 44 years,11.3,TRUE
5323,Painters and decorators,Proportion of women (%),35 to 39 years,11.3,TRUE
5323,Painters and decorators,Proportion of women (%),30 to 34 years,12.5,TRUE
5323,Painters and decorators,Proportion of women (%),25 to 29 years,9.6,TRUE
5323,Painters and decorators,Proportion of women (%),20 to 24 years,6.7,TRUE
5323,Painters and decorators,Proportion of women (%),16 to 19 years,2.3,TRUE
5323,Painters and decorators,Proportion of men (%),65 years and over,6.7,TRUE
5323,Painters and decorators,Proportion of men (%),60 to 64 years,12,TRUE
5323,Painters and decorators,Proportion of men (%),55 to 59 years,15.9,TRUE
5323,Painters and decorators,Proportion of men (%),50 to 54 years,14.8,TRUE
5323,Painters and decorators,Proportion of men (%),45 to 49 years,10.9,TRUE
5323,Painters and decorators,Proportion of men (%),40 to 44 years,9.3,TRUE
5323,Painters and decorators,Proportion of men (%),35 to 39 years,9.8,TRUE
5323,Painters and decorators,Proportion of men (%),30 to 34 years,9.1,TRUE
5323,Painters and decorators,Proportion of men (%),25 to 29 years,6.4,TRUE
5323,Painters and decorators,Proportion of men (%),20 to 24 years,4,TRUE
5323,Painters and decorators,Proportion of men (%),16 to 19 years,1.1,TRUE
5330,Construction and building trades supervisors,Proportion of women (%),65 years and over,1.9,TRUE
5330,Construction and building trades supervisors,Proportion of women (%),60 to 64 years,5.2,TRUE
5330,Construction and building trades supervisors,Proportion of women (%),55 to 59 years,9.8,TRUE
5330,Construction and building trades supervisors,Proportion of women (%),50 to 54 years,12.1,TRUE
5330,Construction and building trades supervisors,Proportion of women (%),45 to 49 years,10.9,TRUE
5330,Construction and building trades supervisors,Proportion of women (%),40 to 44 years,11.7,TRUE
5330,Construction and building trades supervisors,Proportion of women (%),35 to 39 years,13.1,TRUE
5330,Construction and building trades supervisors,Proportion of women (%),30 to 34 years,14,TRUE
5330,Construction and building trades supervisors,Proportion of women (%),25 to 29 years,14.1,TRUE
5330,Construction and building trades supervisors,Proportion of women (%),20 to 24 years,6.8,TRUE
5330,Construction and building trades supervisors,Proportion of women (%),16 to 19 years,0.5,TRUE
5330,Construction and building trades supervisors,Proportion of men (%),65 years and over,3.6,TRUE
5330,Construction and building trades supervisors,Proportion of men (%),60 to 64 years,8,TRUE
5330,Construction and building trades supervisors,Proportion of men (%),55 to 59 years,13.2,TRUE
5330,Construction and building trades supervisors,Proportion of men (%),50 to 54 years,14.5,TRUE
5330,Construction and building trades supervisors,Proportion of men (%),45 to 49 years,12.1,TRUE
5330,Construction and building trades supervisors,Proportion of men (%),40 to 44 years,12.5,TRUE
5330,Construction and building trades supervisors,Proportion of men (%),35 to 39 years,13.8,TRUE
5330,Construction and building trades supervisors,Proportion of men (%),30 to 34 years,12.6,TRUE
5330,Construction and building trades supervisors,Proportion of men (%),25 to 29 years,7.3,TRUE
5330,Construction and building trades supervisors,Proportion of men (%),20 to 24 years,2.3,TRUE
5330,Construction and building trades supervisors,Proportion of men (%),16 to 19 years,0.2,TRUE
5411,Upholsterers,Proportion of women (%),65 years and over,12,TRUE
5411,Upholsterers,Proportion of women (%),60 to 64 years,12.4,TRUE
5411,Upholsterers,Proportion of women (%),55 to 59 years,18.7,TRUE
5411,Upholsterers,Proportion of women (%),50 to 54 years,17.5,TRUE
5411,Upholsterers,Proportion of women (%),45 to 49 years,12.7,TRUE
5411,Upholsterers,Proportion of women (%),40 to 44 years,8.7,TRUE
5411,Upholsterers,Proportion of women (%),35 to 39 years,5.7,TRUE
5411,Upholsterers,Proportion of women (%),30 to 34 years,5.4,TRUE
5411,Upholsterers,Proportion of women (%),25 to 29 years,3.7,TRUE
5411,Upholsterers,Proportion of women (%),20 to 24 years,2.6,TRUE
5411,Upholsterers,Proportion of women (%),16 to 19 years,0.6,TRUE
5411,Upholsterers,Proportion of men (%),65 years and over,6.9,TRUE
5411,Upholsterers,Proportion of men (%),60 to 64 years,10.8,TRUE
5411,Upholsterers,Proportion of men (%),55 to 59 years,13,TRUE
5411,Upholsterers,Proportion of men (%),50 to 54 years,13.6,TRUE
5411,Upholsterers,Proportion of men (%),45 to 49 years,11.6,TRUE
5411,Upholsterers,Proportion of men (%),40 to 44 years,10.2,TRUE
5411,Upholsterers,Proportion of men (%),35 to 39 years,10.1,TRUE
5411,Upholsterers,Proportion of men (%),30 to 34 years,9.2,TRUE
5411,Upholsterers,Proportion of men (%),25 to 29 years,7.4,TRUE
5411,Upholsterers,Proportion of men (%),20 to 24 years,5.8,TRUE
5411,Upholsterers,Proportion of men (%),16 to 19 years,1.4,TRUE
5412,Footwear and leather working trades,Proportion of women (%),65 years and over,7.3,TRUE
5412,Footwear and leather working trades,Proportion of women (%),60 to 64 years,10.2,TRUE
5412,Footwear and leather working trades,Proportion of women (%),55 to 59 years,13.3,TRUE
5412,Footwear and leather working trades,Proportion of women (%),50 to 54 years,14.2,TRUE
5412,Footwear and leather working trades,Proportion of women (%),45 to 49 years,11,TRUE
5412,Footwear and leather working trades,Proportion of women (%),40 to 44 years,8.8,TRUE
5412,Footwear and leather working trades,Proportion of women (%),35 to 39 years,8.7,TRUE
5412,Footwear and leather working trades,Proportion of women (%),30 to 34 years,8.7,TRUE
5412,Footwear and leather working trades,Proportion of women (%),25 to 29 years,8.8,TRUE
5412,Footwear and leather working trades,Proportion of women (%),20 to 24 years,6.6,TRUE
5412,Footwear and leather working trades,Proportion of women (%),16 to 19 years,2.2,TRUE
5412,Footwear and leather working trades,Proportion of men (%),65 years and over,10.8,TRUE
5412,Footwear and leather working trades,Proportion of men (%),60 to 64 years,11.5,TRUE
5412,Footwear and leather working trades,Proportion of men (%),55 to 59 years,14.1,TRUE
5412,Footwear and leather working trades,Proportion of men (%),50 to 54 years,11.6,TRUE
5412,Footwear and leather working trades,Proportion of men (%),45 to 49 years,8.6,TRUE
5412,Footwear and leather working trades,Proportion of men (%),40 to 44 years,8.1,TRUE
5412,Footwear and leather working trades,Proportion of men (%),35 to 39 years,8.1,TRUE
5412,Footwear and leather working trades,Proportion of men (%),30 to 34 years,8.5,TRUE
5412,Footwear and leather working trades,Proportion of men (%),25 to 29 years,10.1,TRUE
5412,Footwear and leather working trades,Proportion of men (%),20 to 24 years,6.7,TRUE
5412,Footwear and leather working trades,Proportion of men (%),16 to 19 years,1.8,TRUE
5413,Tailors and dressmakers,Proportion of women (%),65 years and over,7,TRUE
5413,Tailors and dressmakers,Proportion of women (%),60 to 64 years,7.4,TRUE
5413,Tailors and dressmakers,Proportion of women (%),55 to 59 years,10.4,TRUE
5413,Tailors and dressmakers,Proportion of women (%),50 to 54 years,12.3,TRUE
5413,Tailors and dressmakers,Proportion of women (%),45 to 49 years,11.9,TRUE
5413,Tailors and dressmakers,Proportion of women (%),40 to 44 years,10.8,TRUE
5413,Tailors and dressmakers,Proportion of women (%),35 to 39 years,10.8,TRUE
5413,Tailors and dressmakers,Proportion of women (%),30 to 34 years,11.5,TRUE
5413,Tailors and dressmakers,Proportion of women (%),25 to 29 years,11.2,TRUE
5413,Tailors and dressmakers,Proportion of women (%),20 to 24 years,5.9,TRUE
5413,Tailors and dressmakers,Proportion of women (%),16 to 19 years,0.9,TRUE
5413,Tailors and dressmakers,Proportion of men (%),65 years and over,9.1,TRUE
5413,Tailors and dressmakers,Proportion of men (%),60 to 64 years,9.5,TRUE
5413,Tailors and dressmakers,Proportion of men (%),55 to 59 years,10.9,TRUE
5413,Tailors and dressmakers,Proportion of men (%),50 to 54 years,12,TRUE
5413,Tailors and dressmakers,Proportion of men (%),45 to 49 years,13,TRUE
5413,Tailors and dressmakers,Proportion of men (%),40 to 44 years,10.8,TRUE
5413,Tailors and dressmakers,Proportion of men (%),35 to 39 years,9.3,TRUE
5413,Tailors and dressmakers,Proportion of men (%),30 to 34 years,9,TRUE
5413,Tailors and dressmakers,Proportion of men (%),25 to 29 years,8.3,TRUE
5413,Tailors and dressmakers,Proportion of men (%),20 to 24 years,6.7,TRUE
5413,Tailors and dressmakers,Proportion of men (%),16 to 19 years,1.4,TRUE
5419,"Textiles, garments and related trades n.e.c.",Proportion of women (%),65 years and over,7.3,TRUE
5419,"Textiles, garments and related trades n.e.c.",Proportion of women (%),60 to 64 years,8.8,TRUE
5419,"Textiles, garments and related trades n.e.c.",Proportion of women (%),55 to 59 years,13.1,TRUE
5419,"Textiles, garments and related trades n.e.c.",Proportion of women (%),50 to 54 years,12.4,TRUE
5419,"Textiles, garments and related trades n.e.c.",Proportion of women (%),45 to 49 years,10.4,TRUE
5419,"Textiles, garments and related trades n.e.c.",Proportion of women (%),40 to 44 years,9.5,TRUE
5419,"Textiles, garments and related trades n.e.c.",Proportion of women (%),35 to 39 years,10.1,TRUE
5419,"Textiles, garments and related trades n.e.c.",Proportion of women (%),30 to 34 years,10,TRUE
5419,"Textiles, garments and related trades n.e.c.",Proportion of women (%),25 to 29 years,9.5,TRUE
5419,"Textiles, garments and related trades n.e.c.",Proportion of women (%),20 to 24 years,7.3,TRUE
5419,"Textiles, garments and related trades n.e.c.",Proportion of women (%),16 to 19 years,1.7,TRUE
5419,"Textiles, garments and related trades n.e.c.",Proportion of men (%),65 years and over,7.5,TRUE
5419,"Textiles, garments and related trades n.e.c.",Proportion of men (%),60 to 64 years,11.9,TRUE
5419,"Textiles, garments and related trades n.e.c.",Proportion of men (%),55 to 59 years,12.1,TRUE
5419,"Textiles, garments and related trades n.e.c.",Proportion of men (%),50 to 54 years,13.7,TRUE
5419,"Textiles, garments and related trades n.e.c.",Proportion of men (%),45 to 49 years,9.9,TRUE
5419,"Textiles, garments and related trades n.e.c.",Proportion of men (%),40 to 44 years,9.4,TRUE
5419,"Textiles, garments and related trades n.e.c.",Proportion of men (%),35 to 39 years,8.6,TRUE
5419,"Textiles, garments and related trades n.e.c.",Proportion of men (%),30 to 34 years,8.5,TRUE
5419,"Textiles, garments and related trades n.e.c.",Proportion of men (%),25 to 29 years,9.6,TRUE
5419,"Textiles, garments and related trades n.e.c.",Proportion of men (%),20 to 24 years,7,TRUE
5419,"Textiles, garments and related trades n.e.c.",Proportion of men (%),16 to 19 years,1.7,TRUE
5421,Pre-press technicians,Proportion of women (%),65 years and over,5.4,TRUE
5421,Pre-press technicians,Proportion of women (%),60 to 64 years,5.1,TRUE
5421,Pre-press technicians,Proportion of women (%),55 to 59 years,9.4,TRUE
5421,Pre-press technicians,Proportion of women (%),50 to 54 years,10.6,TRUE
5421,Pre-press technicians,Proportion of women (%),45 to 49 years,7.7,TRUE
5421,Pre-press technicians,Proportion of women (%),40 to 44 years,8,TRUE
5421,Pre-press technicians,Proportion of women (%),35 to 39 years,11,TRUE
5421,Pre-press technicians,Proportion of women (%),30 to 34 years,12.8,TRUE
5421,Pre-press technicians,Proportion of women (%),25 to 29 years,12.5,TRUE
5421,Pre-press technicians,Proportion of women (%),20 to 24 years,9.4,TRUE
5421,Pre-press technicians,Proportion of women (%),16 to 19 years,8.1,TRUE
5421,Pre-press technicians,Proportion of men (%),65 years and over,7.1,TRUE
5421,Pre-press technicians,Proportion of men (%),60 to 64 years,8.3,TRUE
5421,Pre-press technicians,Proportion of men (%),55 to 59 years,11.7,TRUE
5421,Pre-press technicians,Proportion of men (%),50 to 54 years,13.9,TRUE
5421,Pre-press technicians,Proportion of men (%),45 to 49 years,10.7,TRUE
5421,Pre-press technicians,Proportion of men (%),40 to 44 years,10.3,TRUE
5421,Pre-press technicians,Proportion of men (%),35 to 39 years,9.1,TRUE
5421,Pre-press technicians,Proportion of men (%),30 to 34 years,10.5,TRUE
5421,Pre-press technicians,Proportion of men (%),25 to 29 years,8.1,TRUE
5421,Pre-press technicians,Proportion of men (%),20 to 24 years,6.8,TRUE
5421,Pre-press technicians,Proportion of men (%),16 to 19 years,3.3,TRUE
5422,Printers,Proportion of women (%),65 years and over,3.1,TRUE
5422,Printers,Proportion of women (%),60 to 64 years,6.6,TRUE
5422,Printers,Proportion of women (%),55 to 59 years,10.5,TRUE
5422,Printers,Proportion of women (%),50 to 54 years,12.8,TRUE
5422,Printers,Proportion of women (%),45 to 49 years,12.4,TRUE
5422,Printers,Proportion of women (%),40 to 44 years,10.7,TRUE
5422,Printers,Proportion of women (%),35 to 39 years,12.3,TRUE
5422,Printers,Proportion of women (%),30 to 34 years,12.1,TRUE
5422,Printers,Proportion of women (%),25 to 29 years,12.6,TRUE
5422,Printers,Proportion of women (%),20 to 24 years,6.1,TRUE
5422,Printers,Proportion of women (%),16 to 19 years,0.8,TRUE
5422,Printers,Proportion of men (%),65 years and over,4.3,TRUE
5422,Printers,Proportion of men (%),60 to 64 years,8.3,TRUE
5422,Printers,Proportion of men (%),55 to 59 years,14.4,TRUE
5422,Printers,Proportion of men (%),50 to 54 years,18.3,TRUE
5422,Printers,Proportion of men (%),45 to 49 years,15.1,TRUE
5422,Printers,Proportion of men (%),40 to 44 years,12,TRUE
5422,Printers,Proportion of men (%),35 to 39 years,9.8,TRUE
5422,Printers,Proportion of men (%),30 to 34 years,7.4,TRUE
5422,Printers,Proportion of men (%),25 to 29 years,6,TRUE
5422,Printers,Proportion of men (%),20 to 24 years,3.8,TRUE
5422,Printers,Proportion of men (%),16 to 19 years,0.5,TRUE
5423,Print finishing and binding workers,Proportion of women (%),65 years and over,8.8,TRUE
5423,Print finishing and binding workers,Proportion of women (%),60 to 64 years,10.6,TRUE
5423,Print finishing and binding workers,Proportion of women (%),55 to 59 years,14.5,TRUE
5423,Print finishing and binding workers,Proportion of women (%),50 to 54 years,13.6,TRUE
5423,Print finishing and binding workers,Proportion of women (%),45 to 49 years,9.1,TRUE
5423,Print finishing and binding workers,Proportion of women (%),40 to 44 years,8.6,TRUE
5423,Print finishing and binding workers,Proportion of women (%),35 to 39 years,9.4,TRUE
5423,Print finishing and binding workers,Proportion of women (%),30 to 34 years,11,TRUE
5423,Print finishing and binding workers,Proportion of women (%),25 to 29 years,8.6,TRUE
5423,Print finishing and binding workers,Proportion of women (%),20 to 24 years,5,TRUE
5423,Print finishing and binding workers,Proportion of women (%),16 to 19 years,0.8,TRUE
5423,Print finishing and binding workers,Proportion of men (%),65 years and over,4.6,TRUE
5423,Print finishing and binding workers,Proportion of men (%),60 to 64 years,9.8,TRUE
5423,Print finishing and binding workers,Proportion of men (%),55 to 59 years,15.1,TRUE
5423,Print finishing and binding workers,Proportion of men (%),50 to 54 years,15.8,TRUE
5423,Print finishing and binding workers,Proportion of men (%),45 to 49 years,13.6,TRUE
5423,Print finishing and binding workers,Proportion of men (%),40 to 44 years,11.7,TRUE
5423,Print finishing and binding workers,Proportion of men (%),35 to 39 years,9.6,TRUE
5423,Print finishing and binding workers,Proportion of men (%),30 to 34 years,8.1,TRUE
5423,Print finishing and binding workers,Proportion of men (%),25 to 29 years,6.5,TRUE
5423,Print finishing and binding workers,Proportion of men (%),20 to 24 years,4.6,TRUE
5423,Print finishing and binding workers,Proportion of men (%),16 to 19 years,0.7,TRUE
5431,Butchers,Proportion of women (%),65 years and over,2.9,TRUE
5431,Butchers,Proportion of women (%),60 to 64 years,4.8,TRUE
5431,Butchers,Proportion of women (%),55 to 59 years,10.4,TRUE
5431,Butchers,Proportion of women (%),50 to 54 years,11.9,TRUE
5431,Butchers,Proportion of women (%),45 to 49 years,11.6,TRUE
5431,Butchers,Proportion of women (%),40 to 44 years,10,TRUE
5431,Butchers,Proportion of women (%),35 to 39 years,9.8,TRUE
5431,Butchers,Proportion of women (%),30 to 34 years,11.7,TRUE
5431,Butchers,Proportion of women (%),25 to 29 years,9.9,TRUE
5431,Butchers,Proportion of women (%),20 to 24 years,11.6,TRUE
5431,Butchers,Proportion of women (%),16 to 19 years,5.3,TRUE
5431,Butchers,Proportion of men (%),65 years and over,6,TRUE
5431,Butchers,Proportion of men (%),60 to 64 years,9.1,TRUE
5431,Butchers,Proportion of men (%),55 to 59 years,11.7,TRUE
5431,Butchers,Proportion of men (%),50 to 54 years,12.2,TRUE
5431,Butchers,Proportion of men (%),45 to 49 years,10.6,TRUE
5431,Butchers,Proportion of men (%),40 to 44 years,9.9,TRUE
5431,Butchers,Proportion of men (%),35 to 39 years,10.4,TRUE
5431,Butchers,Proportion of men (%),30 to 34 years,10.6,TRUE
5431,Butchers,Proportion of men (%),25 to 29 years,8.9,TRUE
5431,Butchers,Proportion of men (%),20 to 24 years,7.1,TRUE
5431,Butchers,Proportion of men (%),16 to 19 years,3.4,TRUE
5432,Bakers and flour confectioners,Proportion of women (%),65 years and over,2.6,TRUE
5432,Bakers and flour confectioners,Proportion of women (%),60 to 64 years,5.5,TRUE
5432,Bakers and flour confectioners,Proportion of women (%),55 to 59 years,9.4,TRUE
5432,Bakers and flour confectioners,Proportion of women (%),50 to 54 years,11.7,TRUE
5432,Bakers and flour confectioners,Proportion of women (%),45 to 49 years,10.9,TRUE
5432,Bakers and flour confectioners,Proportion of women (%),40 to 44 years,12,TRUE
5432,Bakers and flour confectioners,Proportion of women (%),35 to 39 years,13.5,TRUE
5432,Bakers and flour confectioners,Proportion of women (%),30 to 34 years,13.2,TRUE
5432,Bakers and flour confectioners,Proportion of women (%),25 to 29 years,10.8,TRUE
5432,Bakers and flour confectioners,Proportion of women (%),20 to 24 years,8,TRUE
5432,Bakers and flour confectioners,Proportion of women (%),16 to 19 years,2.3,TRUE
5432,Bakers and flour confectioners,Proportion of men (%),65 years and over,3.5,TRUE
5432,Bakers and flour confectioners,Proportion of men (%),60 to 64 years,7.4,TRUE
5432,Bakers and flour confectioners,Proportion of men (%),55 to 59 years,11.6,TRUE
5432,Bakers and flour confectioners,Proportion of men (%),50 to 54 years,11.9,TRUE
5432,Bakers and flour confectioners,Proportion of men (%),45 to 49 years,11.8,TRUE
5432,Bakers and flour confectioners,Proportion of men (%),40 to 44 years,11,TRUE
5432,Bakers and flour confectioners,Proportion of men (%),35 to 39 years,12.4,TRUE
5432,Bakers and flour confectioners,Proportion of men (%),30 to 34 years,12.6,TRUE
5432,Bakers and flour confectioners,Proportion of men (%),25 to 29 years,9.6,TRUE
5432,Bakers and flour confectioners,Proportion of men (%),20 to 24 years,6.4,TRUE
5432,Bakers and flour confectioners,Proportion of men (%),16 to 19 years,1.7,TRUE
5433,Fishmongers and poultry dressers,Proportion of women (%),65 years and over,4.1,TRUE
5433,Fishmongers and poultry dressers,Proportion of women (%),60 to 64 years,9.2,TRUE
5433,Fishmongers and poultry dressers,Proportion of women (%),55 to 59 years,13.7,TRUE
5433,Fishmongers and poultry dressers,Proportion of women (%),50 to 54 years,15.7,TRUE
5433,Fishmongers and poultry dressers,Proportion of women (%),45 to 49 years,14.4,TRUE
5433,Fishmongers and poultry dressers,Proportion of women (%),40 to 44 years,8.1,TRUE
5433,Fishmongers and poultry dressers,Proportion of women (%),35 to 39 years,9.3,TRUE
5433,Fishmongers and poultry dressers,Proportion of women (%),30 to 34 years,8.8,TRUE
5433,Fishmongers and poultry dressers,Proportion of women (%),25 to 29 years,6.6,TRUE
5433,Fishmongers and poultry dressers,Proportion of women (%),20 to 24 years,8.1,TRUE
5433,Fishmongers and poultry dressers,Proportion of women (%),16 to 19 years,2.1,TRUE
5433,Fishmongers and poultry dressers,Proportion of men (%),65 years and over,5.7,TRUE
5433,Fishmongers and poultry dressers,Proportion of men (%),60 to 64 years,10.8,TRUE
5433,Fishmongers and poultry dressers,Proportion of men (%),55 to 59 years,12.7,TRUE
5433,Fishmongers and poultry dressers,Proportion of men (%),50 to 54 years,12.1,TRUE
5433,Fishmongers and poultry dressers,Proportion of men (%),45 to 49 years,10.3,TRUE
5433,Fishmongers and poultry dressers,Proportion of men (%),40 to 44 years,9.1,TRUE
5433,Fishmongers and poultry dressers,Proportion of men (%),35 to 39 years,10.1,TRUE
5433,Fishmongers and poultry dressers,Proportion of men (%),30 to 34 years,10.7,TRUE
5433,Fishmongers and poultry dressers,Proportion of men (%),25 to 29 years,10.3,TRUE
5433,Fishmongers and poultry dressers,Proportion of men (%),20 to 24 years,5.8,TRUE
5433,Fishmongers and poultry dressers,Proportion of men (%),16 to 19 years,2.4,TRUE
5434,Chefs,Proportion of women (%),65 years and over,2.3,TRUE
5434,Chefs,Proportion of women (%),60 to 64 years,5.4,TRUE
5434,Chefs,Proportion of women (%),55 to 59 years,9.7,TRUE
5434,Chefs,Proportion of women (%),50 to 54 years,12.6,TRUE
5434,Chefs,Proportion of women (%),45 to 49 years,12,TRUE
5434,Chefs,Proportion of women (%),40 to 44 years,11.1,TRUE
5434,Chefs,Proportion of women (%),35 to 39 years,11.1,TRUE
5434,Chefs,Proportion of women (%),30 to 34 years,11.6,TRUE
5434,Chefs,Proportion of women (%),25 to 29 years,11.8,TRUE
5434,Chefs,Proportion of women (%),20 to 24 years,9.8,TRUE
5434,Chefs,Proportion of women (%),16 to 19 years,2.3,TRUE
5434,Chefs,Proportion of men (%),65 years and over,1.5,TRUE
5434,Chefs,Proportion of men (%),60 to 64 years,3.9,TRUE
5434,Chefs,Proportion of men (%),55 to 59 years,6.4,TRUE
5434,Chefs,Proportion of men (%),50 to 54 years,9.6,TRUE
5434,Chefs,Proportion of men (%),45 to 49 years,12.2,TRUE
5434,Chefs,Proportion of men (%),40 to 44 years,13.8,TRUE
5434,Chefs,Proportion of men (%),35 to 39 years,14,TRUE
5434,Chefs,Proportion of men (%),30 to 34 years,13.9,TRUE
5434,Chefs,Proportion of men (%),25 to 29 years,13.3,TRUE
5434,Chefs,Proportion of men (%),20 to 24 years,9.4,TRUE
5434,Chefs,Proportion of men (%),16 to 19 years,2.1,TRUE
5435,Cooks,Proportion of women (%),65 years and over,6.7,TRUE
5435,Cooks,Proportion of women (%),60 to 64 years,13.3,TRUE
5435,Cooks,Proportion of women (%),55 to 59 years,18.2,TRUE
5435,Cooks,Proportion of women (%),50 to 54 years,18.1,TRUE
5435,Cooks,Proportion of women (%),45 to 49 years,13,TRUE
5435,Cooks,Proportion of women (%),40 to 44 years,9.5,TRUE
5435,Cooks,Proportion of women (%),35 to 39 years,7.7,TRUE
5435,Cooks,Proportion of women (%),30 to 34 years,6.1,TRUE
5435,Cooks,Proportion of women (%),25 to 29 years,3.6,TRUE
5435,Cooks,Proportion of women (%),20 to 24 years,2.7,TRUE
5435,Cooks,Proportion of women (%),16 to 19 years,1.2,TRUE
5435,Cooks,Proportion of men (%),65 years and over,3.1,TRUE
5435,Cooks,Proportion of men (%),60 to 64 years,6,TRUE
5435,Cooks,Proportion of men (%),55 to 59 years,8.3,TRUE
5435,Cooks,Proportion of men (%),50 to 54 years,10.4,TRUE
5435,Cooks,Proportion of men (%),45 to 49 years,11.6,TRUE
5435,Cooks,Proportion of men (%),40 to 44 years,11.2,TRUE
5435,Cooks,Proportion of men (%),35 to 39 years,9.9,TRUE
5435,Cooks,Proportion of men (%),30 to 34 years,9.6,TRUE
5435,Cooks,Proportion of men (%),25 to 29 years,10.5,TRUE
5435,Cooks,Proportion of men (%),20 to 24 years,12.8,TRUE
5435,Cooks,Proportion of men (%),16 to 19 years,6.6,TRUE
5436,Catering and bar managers,Proportion of women (%),65 years and over,3.3,TRUE
5436,Catering and bar managers,Proportion of women (%),60 to 64 years,7.2,TRUE
5436,Catering and bar managers,Proportion of women (%),55 to 59 years,12.4,TRUE
5436,Catering and bar managers,Proportion of women (%),50 to 54 years,14.8,TRUE
5436,Catering and bar managers,Proportion of women (%),45 to 49 years,11.3,TRUE
5436,Catering and bar managers,Proportion of women (%),40 to 44 years,9.6,TRUE
5436,Catering and bar managers,Proportion of women (%),35 to 39 years,9.5,TRUE
5436,Catering and bar managers,Proportion of women (%),30 to 34 years,10,TRUE
5436,Catering and bar managers,Proportion of women (%),25 to 29 years,10.9,TRUE
5436,Catering and bar managers,Proportion of women (%),20 to 24 years,9.5,TRUE
5436,Catering and bar managers,Proportion of women (%),16 to 19 years,1.5,TRUE
5436,Catering and bar managers,Proportion of men (%),65 years and over,2.9,TRUE
5436,Catering and bar managers,Proportion of men (%),60 to 64 years,5,TRUE
5436,Catering and bar managers,Proportion of men (%),55 to 59 years,6.8,TRUE
5436,Catering and bar managers,Proportion of men (%),50 to 54 years,7.9,TRUE
5436,Catering and bar managers,Proportion of men (%),45 to 49 years,8.5,TRUE
5436,Catering and bar managers,Proportion of men (%),40 to 44 years,9.8,TRUE
5436,Catering and bar managers,Proportion of men (%),35 to 39 years,12.1,TRUE
5436,Catering and bar managers,Proportion of men (%),30 to 34 years,15.2,TRUE
5436,Catering and bar managers,Proportion of men (%),25 to 29 years,17,TRUE
5436,Catering and bar managers,Proportion of men (%),20 to 24 years,12.8,TRUE
5436,Catering and bar managers,Proportion of men (%),16 to 19 years,2.1,TRUE
5441,"Glass and ceramics makers, decorators and finishers",Proportion of women (%),65 years and over,10.6,TRUE
5441,"Glass and ceramics makers, decorators and finishers",Proportion of women (%),60 to 64 years,12.1,TRUE
5441,"Glass and ceramics makers, decorators and finishers",Proportion of women (%),55 to 59 years,15.5,TRUE
5441,"Glass and ceramics makers, decorators and finishers",Proportion of women (%),50 to 54 years,14.9,TRUE
5441,"Glass and ceramics makers, decorators and finishers",Proportion of women (%),45 to 49 years,12.3,TRUE
5441,"Glass and ceramics makers, decorators and finishers",Proportion of women (%),40 to 44 years,8.5,TRUE
5441,"Glass and ceramics makers, decorators and finishers",Proportion of women (%),35 to 39 years,7.7,TRUE
5441,"Glass and ceramics makers, decorators and finishers",Proportion of women (%),30 to 34 years,7.7,TRUE
5441,"Glass and ceramics makers, decorators and finishers",Proportion of women (%),25 to 29 years,6.6,TRUE
5441,"Glass and ceramics makers, decorators and finishers",Proportion of women (%),20 to 24 years,3.7,TRUE
5441,"Glass and ceramics makers, decorators and finishers",Proportion of women (%),16 to 19 years,0.5,TRUE
5441,"Glass and ceramics makers, decorators and finishers",Proportion of men (%),65 years and over,8.1,TRUE
5441,"Glass and ceramics makers, decorators and finishers",Proportion of men (%),60 to 64 years,9.4,TRUE
5441,"Glass and ceramics makers, decorators and finishers",Proportion of men (%),55 to 59 years,13.2,TRUE
5441,"Glass and ceramics makers, decorators and finishers",Proportion of men (%),50 to 54 years,12.7,TRUE
5441,"Glass and ceramics makers, decorators and finishers",Proportion of men (%),45 to 49 years,9.8,TRUE
5441,"Glass and ceramics makers, decorators and finishers",Proportion of men (%),40 to 44 years,9.1,TRUE
5441,"Glass and ceramics makers, decorators and finishers",Proportion of men (%),35 to 39 years,10.2,TRUE
5441,"Glass and ceramics makers, decorators and finishers",Proportion of men (%),30 to 34 years,10,TRUE
5441,"Glass and ceramics makers, decorators and finishers",Proportion of men (%),25 to 29 years,9.8,TRUE
5441,"Glass and ceramics makers, decorators and finishers",Proportion of men (%),20 to 24 years,5.7,TRUE
5441,"Glass and ceramics makers, decorators and finishers",Proportion of men (%),16 to 19 years,1.9,TRUE
5442,Furniture makers and other craft woodworkers,Proportion of women (%),65 years and over,7.7,TRUE
5442,Furniture makers and other craft woodworkers,Proportion of women (%),60 to 64 years,9.6,TRUE
5442,Furniture makers and other craft woodworkers,Proportion of women (%),55 to 59 years,12.5,TRUE
5442,Furniture makers and other craft woodworkers,Proportion of women (%),50 to 54 years,15.3,TRUE
5442,Furniture makers and other craft woodworkers,Proportion of women (%),45 to 49 years,13.2,TRUE
5442,Furniture makers and other craft woodworkers,Proportion of women (%),40 to 44 years,10.4,TRUE
5442,Furniture makers and other craft woodworkers,Proportion of women (%),35 to 39 years,10,TRUE
5442,Furniture makers and other craft woodworkers,Proportion of women (%),30 to 34 years,7.9,TRUE
5442,Furniture makers and other craft woodworkers,Proportion of women (%),25 to 29 years,7.5,TRUE
5442,Furniture makers and other craft woodworkers,Proportion of women (%),20 to 24 years,5.1,TRUE
5442,Furniture makers and other craft woodworkers,Proportion of women (%),16 to 19 years,0.8,TRUE
5442,Furniture makers and other craft woodworkers,Proportion of men (%),65 years and over,8.3,TRUE
5442,Furniture makers and other craft woodworkers,Proportion of men (%),60 to 64 years,9.1,TRUE
5442,Furniture makers and other craft woodworkers,Proportion of men (%),55 to 59 years,12.5,TRUE
5442,Furniture makers and other craft woodworkers,Proportion of men (%),50 to 54 years,12.6,TRUE
5442,Furniture makers and other craft woodworkers,Proportion of men (%),45 to 49 years,10.9,TRUE
5442,Furniture makers and other craft woodworkers,Proportion of men (%),40 to 44 years,9.9,TRUE
5442,Furniture makers and other craft woodworkers,Proportion of men (%),35 to 39 years,9.5,TRUE
5442,Furniture makers and other craft woodworkers,Proportion of men (%),30 to 34 years,9.8,TRUE
5442,Furniture makers and other craft woodworkers,Proportion of men (%),25 to 29 years,8.3,TRUE
5442,Furniture makers and other craft woodworkers,Proportion of men (%),20 to 24 years,6.7,TRUE
5442,Furniture makers and other craft woodworkers,Proportion of men (%),16 to 19 years,2.4,TRUE
5443,Florists,Proportion of women (%),65 years and over,5.1,TRUE
5443,Florists,Proportion of women (%),60 to 64 years,7,TRUE
5443,Florists,Proportion of women (%),55 to 59 years,11.5,TRUE
5443,Florists,Proportion of women (%),50 to 54 years,14.5,TRUE
5443,Florists,Proportion of women (%),45 to 49 years,14,TRUE
5443,Florists,Proportion of women (%),40 to 44 years,11.8,TRUE
5443,Florists,Proportion of women (%),35 to 39 years,11.6,TRUE
5443,Florists,Proportion of women (%),30 to 34 years,11,TRUE
5443,Florists,Proportion of women (%),25 to 29 years,7.9,TRUE
5443,Florists,Proportion of women (%),20 to 24 years,4.2,TRUE
5443,Florists,Proportion of women (%),16 to 19 years,1.4,TRUE
5443,Florists,Proportion of men (%),65 years and over,9.2,TRUE
5443,Florists,Proportion of men (%),60 to 64 years,10.1,TRUE
5443,Florists,Proportion of men (%),55 to 59 years,14.4,TRUE
5443,Florists,Proportion of men (%),50 to 54 years,14.9,TRUE
5443,Florists,Proportion of men (%),45 to 49 years,11.5,TRUE
5443,Florists,Proportion of men (%),40 to 44 years,10.3,TRUE
5443,Florists,Proportion of men (%),35 to 39 years,9.6,TRUE
5443,Florists,Proportion of men (%),30 to 34 years,6.3,TRUE
5443,Florists,Proportion of men (%),25 to 29 years,6.9,TRUE
5443,Florists,Proportion of men (%),20 to 24 years,4.8,TRUE
5443,Florists,Proportion of men (%),16 to 19 years,2,TRUE
5449,Other skilled trades n.e.c.,Proportion of women (%),65 years and over,5.5,TRUE
5449,Other skilled trades n.e.c.,Proportion of women (%),60 to 64 years,7.2,TRUE
5449,Other skilled trades n.e.c.,Proportion of women (%),55 to 59 years,11,TRUE
5449,Other skilled trades n.e.c.,Proportion of women (%),50 to 54 years,11.7,TRUE
5449,Other skilled trades n.e.c.,Proportion of women (%),45 to 49 years,11.9,TRUE
5449,Other skilled trades n.e.c.,Proportion of women (%),40 to 44 years,10.9,TRUE
5449,Other skilled trades n.e.c.,Proportion of women (%),35 to 39 years,12.4,TRUE
5449,Other skilled trades n.e.c.,Proportion of women (%),30 to 34 years,12.3,TRUE
5449,Other skilled trades n.e.c.,Proportion of women (%),25 to 29 years,10.4,TRUE
5449,Other skilled trades n.e.c.,Proportion of women (%),20 to 24 years,5.5,TRUE
5449,Other skilled trades n.e.c.,Proportion of women (%),16 to 19 years,1.1,TRUE
5449,Other skilled trades n.e.c.,Proportion of men (%),65 years and over,9.2,TRUE
5449,Other skilled trades n.e.c.,Proportion of men (%),60 to 64 years,10.2,TRUE
5449,Other skilled trades n.e.c.,Proportion of men (%),55 to 59 years,12.5,TRUE
5449,Other skilled trades n.e.c.,Proportion of men (%),50 to 54 years,12.4,TRUE
5449,Other skilled trades n.e.c.,Proportion of men (%),45 to 49 years,11,TRUE
5449,Other skilled trades n.e.c.,Proportion of men (%),40 to 44 years,9.3,TRUE
5449,Other skilled trades n.e.c.,Proportion of men (%),35 to 39 years,9.5,TRUE
5449,Other skilled trades n.e.c.,Proportion of men (%),30 to 34 years,9.6,TRUE
5449,Other skilled trades n.e.c.,Proportion of men (%),25 to 29 years,8.6,TRUE
5449,Other skilled trades n.e.c.,Proportion of men (%),20 to 24 years,6.2,TRUE
5449,Other skilled trades n.e.c.,Proportion of men (%),16 to 19 years,1.5,TRUE
6111,Early education and childcare assistants,Proportion of women (%),65 years and over,1.3,TRUE
6111,Early education and childcare assistants,Proportion of women (%),60 to 64 years,3.6,TRUE
6111,Early education and childcare assistants,Proportion of women (%),55 to 59 years,6.2,TRUE
6111,Early education and childcare assistants,Proportion of women (%),50 to 54 years,7.6,TRUE
6111,Early education and childcare assistants,Proportion of women (%),45 to 49 years,8.2,TRUE
6111,Early education and childcare assistants,Proportion of women (%),40 to 44 years,9.2,TRUE
6111,Early education and childcare assistants,Proportion of women (%),35 to 39 years,10.7,TRUE
6111,Early education and childcare assistants,Proportion of women (%),30 to 34 years,13.5,TRUE
6111,Early education and childcare assistants,Proportion of women (%),25 to 29 years,15.8,TRUE
6111,Early education and childcare assistants,Proportion of women (%),20 to 24 years,17.2,TRUE
6111,Early education and childcare assistants,Proportion of women (%),16 to 19 years,6.8,TRUE
6111,Early education and childcare assistants,Proportion of men (%),65 years and over,2.3,TRUE
6111,Early education and childcare assistants,Proportion of men (%),60 to 64 years,3.4,TRUE
6111,Early education and childcare assistants,Proportion of men (%),55 to 59 years,5,TRUE
6111,Early education and childcare assistants,Proportion of men (%),50 to 54 years,5.3,TRUE
6111,Early education and childcare assistants,Proportion of men (%),45 to 49 years,5.5,TRUE
6111,Early education and childcare assistants,Proportion of men (%),40 to 44 years,7.1,TRUE
6111,Early education and childcare assistants,Proportion of men (%),35 to 39 years,8.4,TRUE
6111,Early education and childcare assistants,Proportion of men (%),30 to 34 years,12,TRUE
6111,Early education and childcare assistants,Proportion of men (%),25 to 29 years,17.1,TRUE
6111,Early education and childcare assistants,Proportion of men (%),20 to 24 years,23,TRUE
6111,Early education and childcare assistants,Proportion of men (%),16 to 19 years,10.8,TRUE
6112,Teaching assistants,Proportion of women (%),65 years and over,2,TRUE
6112,Teaching assistants,Proportion of women (%),60 to 64 years,7.1,TRUE
6112,Teaching assistants,Proportion of women (%),55 to 59 years,13.2,TRUE
6112,Teaching assistants,Proportion of women (%),50 to 54 years,16.5,TRUE
6112,Teaching assistants,Proportion of women (%),45 to 49 years,14.7,TRUE
6112,Teaching assistants,Proportion of women (%),40 to 44 years,12.4,TRUE
6112,Teaching assistants,Proportion of women (%),35 to 39 years,10.6,TRUE
6112,Teaching assistants,Proportion of women (%),30 to 34 years,8.6,TRUE
6112,Teaching assistants,Proportion of women (%),25 to 29 years,6.6,TRUE
6112,Teaching assistants,Proportion of women (%),20 to 24 years,6.5,TRUE
6112,Teaching assistants,Proportion of women (%),16 to 19 years,1.9,TRUE
6112,Teaching assistants,Proportion of men (%),65 years and over,2.5,TRUE
6112,Teaching assistants,Proportion of men (%),60 to 64 years,4.5,TRUE
6112,Teaching assistants,Proportion of men (%),55 to 59 years,6.7,TRUE
6112,Teaching assistants,Proportion of men (%),50 to 54 years,7.4,TRUE
6112,Teaching assistants,Proportion of men (%),45 to 49 years,7.6,TRUE
6112,Teaching assistants,Proportion of men (%),40 to 44 years,7.5,TRUE
6112,Teaching assistants,Proportion of men (%),35 to 39 years,8.5,TRUE
6112,Teaching assistants,Proportion of men (%),30 to 34 years,11.4,TRUE
6112,Teaching assistants,Proportion of men (%),25 to 29 years,18.2,TRUE
6112,Teaching assistants,Proportion of men (%),20 to 24 years,19.8,TRUE
6112,Teaching assistants,Proportion of men (%),16 to 19 years,5.9,TRUE
6113,Educational support assistants,Proportion of women (%),65 years and over,2,TRUE
6113,Educational support assistants,Proportion of women (%),60 to 64 years,6.4,TRUE
6113,Educational support assistants,Proportion of women (%),55 to 59 years,11.5,TRUE
6113,Educational support assistants,Proportion of women (%),50 to 54 years,14.2,TRUE
6113,Educational support assistants,Proportion of women (%),45 to 49 years,14.4,TRUE
6113,Educational support assistants,Proportion of women (%),40 to 44 years,12.8,TRUE
6113,Educational support assistants,Proportion of women (%),35 to 39 years,11.3,TRUE
6113,Educational support assistants,Proportion of women (%),30 to 34 years,9.6,TRUE
6113,Educational support assistants,Proportion of women (%),25 to 29 years,8.6,TRUE
6113,Educational support assistants,Proportion of women (%),20 to 24 years,8.3,TRUE
6113,Educational support assistants,Proportion of women (%),16 to 19 years,1,TRUE
6113,Educational support assistants,Proportion of men (%),65 years and over,3.7,TRUE
6113,Educational support assistants,Proportion of men (%),60 to 64 years,6.6,TRUE
6113,Educational support assistants,Proportion of men (%),55 to 59 years,8.4,TRUE
6113,Educational support assistants,Proportion of men (%),50 to 54 years,8.3,TRUE
6113,Educational support assistants,Proportion of men (%),45 to 49 years,7.9,TRUE
6113,Educational support assistants,Proportion of men (%),40 to 44 years,7.8,TRUE
6113,Educational support assistants,Proportion of men (%),35 to 39 years,9.7,TRUE
6113,Educational support assistants,Proportion of men (%),30 to 34 years,12.3,TRUE
6113,Educational support assistants,Proportion of men (%),25 to 29 years,17.2,TRUE
6113,Educational support assistants,Proportion of men (%),20 to 24 years,16.3,TRUE
6113,Educational support assistants,Proportion of men (%),16 to 19 years,1.9,TRUE
6114,Childminders,Proportion of women (%),65 years and over,3.1,TRUE
6114,Childminders,Proportion of women (%),60 to 64 years,7.7,TRUE
6114,Childminders,Proportion of women (%),55 to 59 years,11.2,TRUE
6114,Childminders,Proportion of women (%),50 to 54 years,13.3,TRUE
6114,Childminders,Proportion of women (%),45 to 49 years,13.5,TRUE
6114,Childminders,Proportion of women (%),40 to 44 years,14.8,TRUE
6114,Childminders,Proportion of women (%),35 to 39 years,13.5,TRUE
6114,Childminders,Proportion of women (%),30 to 34 years,9.5,TRUE
6114,Childminders,Proportion of women (%),25 to 29 years,5.2,TRUE
6114,Childminders,Proportion of women (%),20 to 24 years,5.2,TRUE
6114,Childminders,Proportion of women (%),16 to 19 years,3,TRUE
6114,Childminders,Proportion of men (%),65 years and over,5.3,TRUE
6114,Childminders,Proportion of men (%),60 to 64 years,9.4,TRUE
6114,Childminders,Proportion of men (%),55 to 59 years,12.7,TRUE
6114,Childminders,Proportion of men (%),50 to 54 years,14.3,TRUE
6114,Childminders,Proportion of men (%),45 to 49 years,12.7,TRUE
6114,Childminders,Proportion of men (%),40 to 44 years,12.4,TRUE
6114,Childminders,Proportion of men (%),35 to 39 years,9,TRUE
6114,Childminders,Proportion of men (%),30 to 34 years,6.9,TRUE
6114,Childminders,Proportion of men (%),25 to 29 years,5.3,TRUE
6114,Childminders,Proportion of men (%),20 to 24 years,7.2,TRUE
6114,Childminders,Proportion of men (%),16 to 19 years,4.8,TRUE
6116,Nannies and au pairs,Proportion of women (%),65 years and over,1.4,TRUE
6116,Nannies and au pairs,Proportion of women (%),60 to 64 years,3.8,TRUE
6116,Nannies and au pairs,Proportion of women (%),55 to 59 years,7.1,TRUE
6116,Nannies and au pairs,Proportion of women (%),50 to 54 years,9.7,TRUE
6116,Nannies and au pairs,Proportion of women (%),45 to 49 years,9.7,TRUE
6116,Nannies and au pairs,Proportion of women (%),40 to 44 years,10,TRUE
6116,Nannies and au pairs,Proportion of women (%),35 to 39 years,10.4,TRUE
6116,Nannies and au pairs,Proportion of women (%),30 to 34 years,13.9,TRUE
6116,Nannies and au pairs,Proportion of women (%),25 to 29 years,17.9,TRUE
6116,Nannies and au pairs,Proportion of women (%),20 to 24 years,14.1,TRUE
6116,Nannies and au pairs,Proportion of women (%),16 to 19 years,2.1,TRUE
6116,Nannies and au pairs,Proportion of men (%),65 years and over,2.8,TRUE
6116,Nannies and au pairs,Proportion of men (%),60 to 64 years,5.2,TRUE
6116,Nannies and au pairs,Proportion of men (%),55 to 59 years,3.6,TRUE
6116,Nannies and au pairs,Proportion of men (%),50 to 54 years,6,TRUE
6116,Nannies and au pairs,Proportion of men (%),45 to 49 years,4.6,TRUE
6116,Nannies and au pairs,Proportion of men (%),40 to 44 years,4.8,TRUE
6116,Nannies and au pairs,Proportion of men (%),35 to 39 years,6.7,TRUE
6116,Nannies and au pairs,Proportion of men (%),30 to 34 years,10.7,TRUE
6116,Nannies and au pairs,Proportion of men (%),25 to 29 years,17.4,TRUE
6116,Nannies and au pairs,Proportion of men (%),20 to 24 years,32.3,TRUE
6116,Nannies and au pairs,Proportion of men (%),16 to 19 years,5.9,TRUE
6117,Playworkers,Proportion of women (%),65 years and over,3.8,TRUE
6117,Playworkers,Proportion of women (%),60 to 64 years,6.7,TRUE
6117,Playworkers,Proportion of women (%),55 to 59 years,10.1,TRUE
6117,Playworkers,Proportion of women (%),50 to 54 years,11.3,TRUE
6117,Playworkers,Proportion of women (%),45 to 49 years,10.7,TRUE
6117,Playworkers,Proportion of women (%),40 to 44 years,9.2,TRUE
6117,Playworkers,Proportion of women (%),35 to 39 years,9.1,TRUE
6117,Playworkers,Proportion of women (%),30 to 34 years,9.2,TRUE
6117,Playworkers,Proportion of women (%),25 to 29 years,8.6,TRUE
6117,Playworkers,Proportion of women (%),20 to 24 years,11.8,TRUE
6117,Playworkers,Proportion of women (%),16 to 19 years,9.5,TRUE
6117,Playworkers,Proportion of men (%),65 years and over,2.5,TRUE
6117,Playworkers,Proportion of men (%),60 to 64 years,2.6,TRUE
6117,Playworkers,Proportion of men (%),55 to 59 years,4,TRUE
6117,Playworkers,Proportion of men (%),50 to 54 years,4.2,TRUE
6117,Playworkers,Proportion of men (%),45 to 49 years,4.9,TRUE
6117,Playworkers,Proportion of men (%),40 to 44 years,4,TRUE
6117,Playworkers,Proportion of men (%),35 to 39 years,6.5,TRUE
6117,Playworkers,Proportion of men (%),30 to 34 years,9.5,TRUE
6117,Playworkers,Proportion of men (%),25 to 29 years,14,TRUE
6117,Playworkers,Proportion of men (%),20 to 24 years,25.3,TRUE
6117,Playworkers,Proportion of men (%),16 to 19 years,22.4,TRUE
6121,Pest control officers,Proportion of women (%),65 years and over,3.4,FALSE
6121,Pest control officers,Proportion of women (%),60 to 64 years,6.8,FALSE
6121,Pest control officers,Proportion of women (%),55 to 59 years,9.7,FALSE
6121,Pest control officers,Proportion of women (%),50 to 54 years,12.5,FALSE
6121,Pest control officers,Proportion of women (%),45 to 49 years,8.2,FALSE
6121,Pest control officers,Proportion of women (%),40 to 44 years,9.4,FALSE
6121,Pest control officers,Proportion of women (%),35 to 39 years,10.2,FALSE
6121,Pest control officers,Proportion of women (%),30 to 34 years,10.2,FALSE
6121,Pest control officers,Proportion of women (%),25 to 29 years,15.9,FALSE
6121,Pest control officers,Proportion of women (%),20 to 24 years,13.1,FALSE
6121,Pest control officers,Proportion of women (%),16 to 19 years,null,FALSE
6121,Pest control officers,Proportion of men (%),65 years and over,5.8,FALSE
6121,Pest control officers,Proportion of men (%),60 to 64 years,10.1,FALSE
6121,Pest control officers,Proportion of men (%),55 to 59 years,15.5,FALSE
6121,Pest control officers,Proportion of men (%),50 to 54 years,14.7,FALSE
6121,Pest control officers,Proportion of men (%),45 to 49 years,10.8,FALSE
6121,Pest control officers,Proportion of men (%),40 to 44 years,8.8,FALSE
6121,Pest control officers,Proportion of men (%),35 to 39 years,9,FALSE
6121,Pest control officers,Proportion of men (%),30 to 34 years,10.2,FALSE
6121,Pest control officers,Proportion of men (%),25 to 29 years,8.5,FALSE
6121,Pest control officers,Proportion of men (%),20 to 24 years,5.9,FALSE
6121,Pest control officers,Proportion of men (%),16 to 19 years,0.6,FALSE
6129,Animal care services occupations n.e.c.,Proportion of women (%),65 years and over,2.3,TRUE
6129,Animal care services occupations n.e.c.,Proportion of women (%),60 to 64 years,4.4,TRUE
6129,Animal care services occupations n.e.c.,Proportion of women (%),55 to 59 years,7.9,TRUE
6129,Animal care services occupations n.e.c.,Proportion of women (%),50 to 54 years,10.1,TRUE
6129,Animal care services occupations n.e.c.,Proportion of women (%),45 to 49 years,9.8,TRUE
6129,Animal care services occupations n.e.c.,Proportion of women (%),40 to 44 years,8.7,TRUE
6129,Animal care services occupations n.e.c.,Proportion of women (%),35 to 39 years,9.5,TRUE
6129,Animal care services occupations n.e.c.,Proportion of women (%),30 to 34 years,11.3,TRUE
6129,Animal care services occupations n.e.c.,Proportion of women (%),25 to 29 years,14.6,TRUE
6129,Animal care services occupations n.e.c.,Proportion of women (%),20 to 24 years,15,TRUE
6129,Animal care services occupations n.e.c.,Proportion of women (%),16 to 19 years,6.4,TRUE
6129,Animal care services occupations n.e.c.,Proportion of men (%),65 years and over,5.2,TRUE
6129,Animal care services occupations n.e.c.,Proportion of men (%),60 to 64 years,7,TRUE
6129,Animal care services occupations n.e.c.,Proportion of men (%),55 to 59 years,10.9,TRUE
6129,Animal care services occupations n.e.c.,Proportion of men (%),50 to 54 years,10.2,TRUE
6129,Animal care services occupations n.e.c.,Proportion of men (%),45 to 49 years,9.2,TRUE
6129,Animal care services occupations n.e.c.,Proportion of men (%),40 to 44 years,8.9,TRUE
6129,Animal care services occupations n.e.c.,Proportion of men (%),35 to 39 years,9.9,TRUE
6129,Animal care services occupations n.e.c.,Proportion of men (%),30 to 34 years,11.5,TRUE
6129,Animal care services occupations n.e.c.,Proportion of men (%),25 to 29 years,12.9,TRUE
6129,Animal care services occupations n.e.c.,Proportion of men (%),20 to 24 years,10,TRUE
6129,Animal care services occupations n.e.c.,Proportion of men (%),16 to 19 years,4.3,TRUE
6131,Nursing auxiliaries and assistants,Proportion of women (%),65 years and over,3.1,TRUE
6131,Nursing auxiliaries and assistants,Proportion of women (%),60 to 64 years,7.7,TRUE
6131,Nursing auxiliaries and assistants,Proportion of women (%),55 to 59 years,11.6,TRUE
6131,Nursing auxiliaries and assistants,Proportion of women (%),50 to 54 years,12.2,TRUE
6131,Nursing auxiliaries and assistants,Proportion of women (%),45 to 49 years,10.6,TRUE
6131,Nursing auxiliaries and assistants,Proportion of women (%),40 to 44 years,10,TRUE
6131,Nursing auxiliaries and assistants,Proportion of women (%),35 to 39 years,10.1,TRUE
6131,Nursing auxiliaries and assistants,Proportion of women (%),30 to 34 years,11.1,TRUE
6131,Nursing auxiliaries and assistants,Proportion of women (%),25 to 29 years,11.1,TRUE
6131,Nursing auxiliaries and assistants,Proportion of women (%),20 to 24 years,10.4,TRUE
6131,Nursing auxiliaries and assistants,Proportion of women (%),16 to 19 years,2,TRUE
6131,Nursing auxiliaries and assistants,Proportion of men (%),65 years and over,3,TRUE
6131,Nursing auxiliaries and assistants,Proportion of men (%),60 to 64 years,6.5,TRUE
6131,Nursing auxiliaries and assistants,Proportion of men (%),55 to 59 years,9.7,TRUE
6131,Nursing auxiliaries and assistants,Proportion of men (%),50 to 54 years,11.1,TRUE
6131,Nursing auxiliaries and assistants,Proportion of men (%),45 to 49 years,11.2,TRUE
6131,Nursing auxiliaries and assistants,Proportion of men (%),40 to 44 years,10,TRUE
6131,Nursing auxiliaries and assistants,Proportion of men (%),35 to 39 years,10.3,TRUE
6131,Nursing auxiliaries and assistants,Proportion of men (%),30 to 34 years,10.9,TRUE
6131,Nursing auxiliaries and assistants,Proportion of men (%),25 to 29 years,11.6,TRUE
6131,Nursing auxiliaries and assistants,Proportion of men (%),20 to 24 years,12.7,TRUE
6131,Nursing auxiliaries and assistants,Proportion of men (%),16 to 19 years,3.1,TRUE
6132,Ambulance staff (excluding paramedics),Proportion of women (%),65 years and over,1.4,TRUE
6132,Ambulance staff (excluding paramedics),Proportion of women (%),60 to 64 years,4,TRUE
6132,Ambulance staff (excluding paramedics),Proportion of women (%),55 to 59 years,8.8,TRUE
6132,Ambulance staff (excluding paramedics),Proportion of women (%),50 to 54 years,12,TRUE
6132,Ambulance staff (excluding paramedics),Proportion of women (%),45 to 49 years,13.3,TRUE
6132,Ambulance staff (excluding paramedics),Proportion of women (%),40 to 44 years,10.3,TRUE
6132,Ambulance staff (excluding paramedics),Proportion of women (%),35 to 39 years,8.9,TRUE
6132,Ambulance staff (excluding paramedics),Proportion of women (%),30 to 34 years,12.4,TRUE
6132,Ambulance staff (excluding paramedics),Proportion of women (%),25 to 29 years,15.8,TRUE
6132,Ambulance staff (excluding paramedics),Proportion of women (%),20 to 24 years,11.7,TRUE
6132,Ambulance staff (excluding paramedics),Proportion of women (%),16 to 19 years,1.3,TRUE
6132,Ambulance staff (excluding paramedics),Proportion of men (%),65 years and over,5.6,TRUE
6132,Ambulance staff (excluding paramedics),Proportion of men (%),60 to 64 years,12.3,TRUE
6132,Ambulance staff (excluding paramedics),Proportion of men (%),55 to 59 years,15.1,TRUE
6132,Ambulance staff (excluding paramedics),Proportion of men (%),50 to 54 years,13.7,TRUE
6132,Ambulance staff (excluding paramedics),Proportion of men (%),45 to 49 years,11.1,TRUE
6132,Ambulance staff (excluding paramedics),Proportion of men (%),40 to 44 years,8,TRUE
6132,Ambulance staff (excluding paramedics),Proportion of men (%),35 to 39 years,7.8,TRUE
6132,Ambulance staff (excluding paramedics),Proportion of men (%),30 to 34 years,9.7,TRUE
6132,Ambulance staff (excluding paramedics),Proportion of men (%),25 to 29 years,9.9,TRUE
6132,Ambulance staff (excluding paramedics),Proportion of men (%),20 to 24 years,6.2,TRUE
6132,Ambulance staff (excluding paramedics),Proportion of men (%),16 to 19 years,0.6,TRUE
6133,Dental nurses,Proportion of women (%),65 years and over,0.8,TRUE
6133,Dental nurses,Proportion of women (%),60 to 64 years,2.7,TRUE
6133,Dental nurses,Proportion of women (%),55 to 59 years,4.5,TRUE
6133,Dental nurses,Proportion of women (%),50 to 54 years,6.2,TRUE
6133,Dental nurses,Proportion of women (%),45 to 49 years,7.9,TRUE
6133,Dental nurses,Proportion of women (%),40 to 44 years,9.4,TRUE
6133,Dental nurses,Proportion of women (%),35 to 39 years,12.8,TRUE
6133,Dental nurses,Proportion of women (%),30 to 34 years,17,TRUE
6133,Dental nurses,Proportion of women (%),25 to 29 years,17.7,TRUE
6133,Dental nurses,Proportion of women (%),20 to 24 years,16.4,TRUE
6133,Dental nurses,Proportion of women (%),16 to 19 years,4.7,TRUE
6133,Dental nurses,Proportion of men (%),65 years and over,3.1,TRUE
6133,Dental nurses,Proportion of men (%),60 to 64 years,2.7,TRUE
6133,Dental nurses,Proportion of men (%),55 to 59 years,3.9,TRUE
6133,Dental nurses,Proportion of men (%),50 to 54 years,5.8,TRUE
6133,Dental nurses,Proportion of men (%),45 to 49 years,3.7,TRUE
6133,Dental nurses,Proportion of men (%),40 to 44 years,8.5,TRUE
6133,Dental nurses,Proportion of men (%),35 to 39 years,9.8,TRUE
6133,Dental nurses,Proportion of men (%),30 to 34 years,15.4,TRUE
6133,Dental nurses,Proportion of men (%),25 to 29 years,18.4,TRUE
6133,Dental nurses,Proportion of men (%),20 to 24 years,21.1,TRUE
6133,Dental nurses,Proportion of men (%),16 to 19 years,7.6,TRUE
6134,Houseparents and residential wardens,Proportion of women (%),65 years and over,8.2,TRUE
6134,Houseparents and residential wardens,Proportion of women (%),60 to 64 years,14.6,TRUE
6134,Houseparents and residential wardens,Proportion of women (%),55 to 59 years,21.6,TRUE
6134,Houseparents and residential wardens,Proportion of women (%),50 to 54 years,20.6,TRUE
6134,Houseparents and residential wardens,Proportion of women (%),45 to 49 years,13,TRUE
6134,Houseparents and residential wardens,Proportion of women (%),40 to 44 years,8.1,TRUE
6134,Houseparents and residential wardens,Proportion of women (%),35 to 39 years,5.7,TRUE
6134,Houseparents and residential wardens,Proportion of women (%),30 to 34 years,4.2,TRUE
6134,Houseparents and residential wardens,Proportion of women (%),25 to 29 years,2.6,TRUE
6134,Houseparents and residential wardens,Proportion of women (%),20 to 24 years,1.3,TRUE
6134,Houseparents and residential wardens,Proportion of women (%),16 to 19 years,0.2,TRUE
6134,Houseparents and residential wardens,Proportion of men (%),65 years and over,13.6,TRUE
6134,Houseparents and residential wardens,Proportion of men (%),60 to 64 years,17.2,TRUE
6134,Houseparents and residential wardens,Proportion of men (%),55 to 59 years,21.8,TRUE
6134,Houseparents and residential wardens,Proportion of men (%),50 to 54 years,17.5,TRUE
6134,Houseparents and residential wardens,Proportion of men (%),45 to 49 years,9.8,TRUE
6134,Houseparents and residential wardens,Proportion of men (%),40 to 44 years,6,TRUE
6134,Houseparents and residential wardens,Proportion of men (%),35 to 39 years,4.8,TRUE
6134,Houseparents and residential wardens,Proportion of men (%),30 to 34 years,4.4,TRUE
6134,Houseparents and residential wardens,Proportion of men (%),25 to 29 years,3.1,TRUE
6134,Houseparents and residential wardens,Proportion of men (%),20 to 24 years,1.5,TRUE
6134,Houseparents and residential wardens,Proportion of men (%),16 to 19 years,0.2,TRUE
6135,Care workers and home carers,Proportion of women (%),65 years and over,4.2,TRUE
6135,Care workers and home carers,Proportion of women (%),60 to 64 years,8.3,TRUE
6135,Care workers and home carers,Proportion of women (%),55 to 59 years,11.5,TRUE
6135,Care workers and home carers,Proportion of women (%),50 to 54 years,12.1,TRUE
6135,Care workers and home carers,Proportion of women (%),45 to 49 years,10.3,TRUE
6135,Care workers and home carers,Proportion of women (%),40 to 44 years,9.4,TRUE
6135,Care workers and home carers,Proportion of women (%),35 to 39 years,9.4,TRUE
6135,Care workers and home carers,Proportion of women (%),30 to 34 years,10.3,TRUE
6135,Care workers and home carers,Proportion of women (%),25 to 29 years,10.7,TRUE
6135,Care workers and home carers,Proportion of women (%),20 to 24 years,10.9,TRUE
6135,Care workers and home carers,Proportion of women (%),16 to 19 years,3,TRUE
6135,Care workers and home carers,Proportion of men (%),65 years and over,4.7,TRUE
6135,Care workers and home carers,Proportion of men (%),60 to 64 years,8.3,TRUE
6135,Care workers and home carers,Proportion of men (%),55 to 59 years,10.7,TRUE
6135,Care workers and home carers,Proportion of men (%),50 to 54 years,11.1,TRUE
6135,Care workers and home carers,Proportion of men (%),45 to 49 years,10.2,TRUE
6135,Care workers and home carers,Proportion of men (%),40 to 44 years,9.6,TRUE
6135,Care workers and home carers,Proportion of men (%),35 to 39 years,9.9,TRUE
6135,Care workers and home carers,Proportion of men (%),30 to 34 years,11.1,TRUE
6135,Care workers and home carers,Proportion of men (%),25 to 29 years,12,TRUE
6135,Care workers and home carers,Proportion of men (%),20 to 24 years,10.1,TRUE
6135,Care workers and home carers,Proportion of men (%),16 to 19 years,2.1,TRUE
6136,Senior care workers,Proportion of women (%),65 years and over,2.7,TRUE
6136,Senior care workers,Proportion of women (%),60 to 64 years,7,TRUE
6136,Senior care workers,Proportion of women (%),55 to 59 years,11.2,TRUE
6136,Senior care workers,Proportion of women (%),50 to 54 years,12.9,TRUE
6136,Senior care workers,Proportion of women (%),45 to 49 years,11.4,TRUE
6136,Senior care workers,Proportion of women (%),40 to 44 years,11.1,TRUE
6136,Senior care workers,Proportion of women (%),35 to 39 years,11.4,TRUE
6136,Senior care workers,Proportion of women (%),30 to 34 years,12.9,TRUE
6136,Senior care workers,Proportion of women (%),25 to 29 years,12.7,TRUE
6136,Senior care workers,Proportion of women (%),20 to 24 years,6.3,TRUE
6136,Senior care workers,Proportion of women (%),16 to 19 years,0.3,TRUE
6136,Senior care workers,Proportion of men (%),65 years and over,2.6,TRUE
6136,Senior care workers,Proportion of men (%),60 to 64 years,5.4,TRUE
6136,Senior care workers,Proportion of men (%),55 to 59 years,9.3,TRUE
6136,Senior care workers,Proportion of men (%),50 to 54 years,11.3,TRUE
6136,Senior care workers,Proportion of men (%),45 to 49 years,11.2,TRUE
6136,Senior care workers,Proportion of men (%),40 to 44 years,11.7,TRUE
6136,Senior care workers,Proportion of men (%),35 to 39 years,14,TRUE
6136,Senior care workers,Proportion of men (%),30 to 34 years,15.5,TRUE
6136,Senior care workers,Proportion of men (%),25 to 29 years,13.3,TRUE
6136,Senior care workers,Proportion of men (%),20 to 24 years,5.2,TRUE
6136,Senior care workers,Proportion of men (%),16 to 19 years,0.3,TRUE
6137,Care escorts,Proportion of women (%),65 years and over,16.3,TRUE
6137,Care escorts,Proportion of women (%),60 to 64 years,19.2,TRUE
6137,Care escorts,Proportion of women (%),55 to 59 years,19.5,TRUE
6137,Care escorts,Proportion of women (%),50 to 54 years,16.5,TRUE
6137,Care escorts,Proportion of women (%),45 to 49 years,9.9,TRUE
6137,Care escorts,Proportion of women (%),40 to 44 years,5.8,TRUE
6137,Care escorts,Proportion of women (%),35 to 39 years,3.9,TRUE
6137,Care escorts,Proportion of women (%),30 to 34 years,3,TRUE
6137,Care escorts,Proportion of women (%),25 to 29 years,2.6,TRUE
6137,Care escorts,Proportion of women (%),20 to 24 years,2.8,TRUE
6137,Care escorts,Proportion of women (%),16 to 19 years,0.6,TRUE
6137,Care escorts,Proportion of men (%),65 years and over,23.3,TRUE
6137,Care escorts,Proportion of men (%),60 to 64 years,18.1,TRUE
6137,Care escorts,Proportion of men (%),55 to 59 years,14.9,TRUE
6137,Care escorts,Proportion of men (%),50 to 54 years,9.5,TRUE
6137,Care escorts,Proportion of men (%),45 to 49 years,6.3,TRUE
6137,Care escorts,Proportion of men (%),40 to 44 years,5.7,TRUE
6137,Care escorts,Proportion of men (%),35 to 39 years,4.4,TRUE
6137,Care escorts,Proportion of men (%),30 to 34 years,4,TRUE
6137,Care escorts,Proportion of men (%),25 to 29 years,6.5,TRUE
6137,Care escorts,Proportion of men (%),20 to 24 years,5.4,TRUE
6137,Care escorts,Proportion of men (%),16 to 19 years,2,TRUE
6138,"Undertakers, mortuary and crematorium assistants",Proportion of women (%),65 years and over,7.5,TRUE
6138,"Undertakers, mortuary and crematorium assistants",Proportion of women (%),60 to 64 years,11.2,TRUE
6138,"Undertakers, mortuary and crematorium assistants",Proportion of women (%),55 to 59 years,14.7,TRUE
6138,"Undertakers, mortuary and crematorium assistants",Proportion of women (%),50 to 54 years,17.3,TRUE
6138,"Undertakers, mortuary and crematorium assistants",Proportion of women (%),45 to 49 years,13,TRUE
6138,"Undertakers, mortuary and crematorium assistants",Proportion of women (%),40 to 44 years,9.4,TRUE
6138,"Undertakers, mortuary and crematorium assistants",Proportion of women (%),35 to 39 years,8.8,TRUE
6138,"Undertakers, mortuary and crematorium assistants",Proportion of women (%),30 to 34 years,8,TRUE
6138,"Undertakers, mortuary and crematorium assistants",Proportion of women (%),25 to 29 years,6.3,TRUE
6138,"Undertakers, mortuary and crematorium assistants",Proportion of women (%),20 to 24 years,3.3,TRUE
6138,"Undertakers, mortuary and crematorium assistants",Proportion of women (%),16 to 19 years,0.5,TRUE
6138,"Undertakers, mortuary and crematorium assistants",Proportion of men (%),65 years and over,18.6,TRUE
6138,"Undertakers, mortuary and crematorium assistants",Proportion of men (%),60 to 64 years,15.3,TRUE
6138,"Undertakers, mortuary and crematorium assistants",Proportion of men (%),55 to 59 years,16.7,TRUE
6138,"Undertakers, mortuary and crematorium assistants",Proportion of men (%),50 to 54 years,13.2,TRUE
6138,"Undertakers, mortuary and crematorium assistants",Proportion of men (%),45 to 49 years,8.6,TRUE
6138,"Undertakers, mortuary and crematorium assistants",Proportion of men (%),40 to 44 years,6.4,TRUE
6138,"Undertakers, mortuary and crematorium assistants",Proportion of men (%),35 to 39 years,6,TRUE
6138,"Undertakers, mortuary and crematorium assistants",Proportion of men (%),30 to 34 years,6.1,TRUE
6138,"Undertakers, mortuary and crematorium assistants",Proportion of men (%),25 to 29 years,4.8,TRUE
6138,"Undertakers, mortuary and crematorium assistants",Proportion of men (%),20 to 24 years,3.6,TRUE
6138,"Undertakers, mortuary and crematorium assistants",Proportion of men (%),16 to 19 years,0.8,TRUE
6211,Sports and leisure assistants,Proportion of women (%),65 years and over,3.1,TRUE
6211,Sports and leisure assistants,Proportion of women (%),60 to 64 years,4.2,TRUE
6211,Sports and leisure assistants,Proportion of women (%),55 to 59 years,5.2,TRUE
6211,Sports and leisure assistants,Proportion of women (%),50 to 54 years,5.3,TRUE
6211,Sports and leisure assistants,Proportion of women (%),45 to 49 years,5,TRUE
6211,Sports and leisure assistants,Proportion of women (%),40 to 44 years,5.3,TRUE
6211,Sports and leisure assistants,Proportion of women (%),35 to 39 years,7.2,TRUE
6211,Sports and leisure assistants,Proportion of women (%),30 to 34 years,9.2,TRUE
6211,Sports and leisure assistants,Proportion of women (%),25 to 29 years,12.7,TRUE
6211,Sports and leisure assistants,Proportion of women (%),20 to 24 years,23.1,TRUE
6211,Sports and leisure assistants,Proportion of women (%),16 to 19 years,19.8,TRUE
6211,Sports and leisure assistants,Proportion of men (%),65 years and over,3.3,TRUE
6211,Sports and leisure assistants,Proportion of men (%),60 to 64 years,3.3,TRUE
6211,Sports and leisure assistants,Proportion of men (%),55 to 59 years,4.2,TRUE
6211,Sports and leisure assistants,Proportion of men (%),50 to 54 years,4.1,TRUE
6211,Sports and leisure assistants,Proportion of men (%),45 to 49 years,4.3,TRUE
6211,Sports and leisure assistants,Proportion of men (%),40 to 44 years,4.8,TRUE
6211,Sports and leisure assistants,Proportion of men (%),35 to 39 years,6.7,TRUE
6211,Sports and leisure assistants,Proportion of men (%),30 to 34 years,9.7,TRUE
6211,Sports and leisure assistants,Proportion of men (%),25 to 29 years,14.1,TRUE
6211,Sports and leisure assistants,Proportion of men (%),20 to 24 years,25.7,TRUE
6211,Sports and leisure assistants,Proportion of men (%),16 to 19 years,19.8,TRUE
6212,Travel agents,Proportion of women (%),65 years and over,2.6,TRUE
6212,Travel agents,Proportion of women (%),60 to 64 years,4.9,TRUE
6212,Travel agents,Proportion of women (%),55 to 59 years,7.8,TRUE
6212,Travel agents,Proportion of women (%),50 to 54 years,10.8,TRUE
6212,Travel agents,Proportion of women (%),45 to 49 years,12.3,TRUE
6212,Travel agents,Proportion of women (%),40 to 44 years,12.6,TRUE
6212,Travel agents,Proportion of women (%),35 to 39 years,13.8,TRUE
6212,Travel agents,Proportion of women (%),30 to 34 years,14,TRUE
6212,Travel agents,Proportion of women (%),25 to 29 years,12.1,TRUE
6212,Travel agents,Proportion of women (%),20 to 24 years,7.9,TRUE
6212,Travel agents,Proportion of women (%),16 to 19 years,1.2,TRUE
6212,Travel agents,Proportion of men (%),65 years and over,5.2,TRUE
6212,Travel agents,Proportion of men (%),60 to 64 years,6.5,TRUE
6212,Travel agents,Proportion of men (%),55 to 59 years,8.7,TRUE
6212,Travel agents,Proportion of men (%),50 to 54 years,10.6,TRUE
6212,Travel agents,Proportion of men (%),45 to 49 years,12.5,TRUE
6212,Travel agents,Proportion of men (%),40 to 44 years,12.9,TRUE
6212,Travel agents,Proportion of men (%),35 to 39 years,13.5,TRUE
6212,Travel agents,Proportion of men (%),30 to 34 years,11.8,TRUE
6212,Travel agents,Proportion of men (%),25 to 29 years,11.7,TRUE
6212,Travel agents,Proportion of men (%),20 to 24 years,5.6,TRUE
6212,Travel agents,Proportion of men (%),16 to 19 years,0.9,TRUE
6213,Air travel assistants,Proportion of women (%),65 years and over,0.9,TRUE
6213,Air travel assistants,Proportion of women (%),60 to 64 years,2.3,TRUE
6213,Air travel assistants,Proportion of women (%),55 to 59 years,6.8,TRUE
6213,Air travel assistants,Proportion of women (%),50 to 54 years,9.9,TRUE
6213,Air travel assistants,Proportion of women (%),45 to 49 years,10,TRUE
6213,Air travel assistants,Proportion of women (%),40 to 44 years,10.1,TRUE
6213,Air travel assistants,Proportion of women (%),35 to 39 years,12.8,TRUE
6213,Air travel assistants,Proportion of women (%),30 to 34 years,14.5,TRUE
6213,Air travel assistants,Proportion of women (%),25 to 29 years,20,TRUE
6213,Air travel assistants,Proportion of women (%),20 to 24 years,12.5,TRUE
6213,Air travel assistants,Proportion of women (%),16 to 19 years,0.2,TRUE
6213,Air travel assistants,Proportion of men (%),65 years and over,1.5,TRUE
6213,Air travel assistants,Proportion of men (%),60 to 64 years,3.5,TRUE
6213,Air travel assistants,Proportion of men (%),55 to 59 years,7.7,TRUE
6213,Air travel assistants,Proportion of men (%),50 to 54 years,11.9,TRUE
6213,Air travel assistants,Proportion of men (%),45 to 49 years,11.2,TRUE
6213,Air travel assistants,Proportion of men (%),40 to 44 years,10.9,TRUE
6213,Air travel assistants,Proportion of men (%),35 to 39 years,12.3,TRUE
6213,Air travel assistants,Proportion of men (%),30 to 34 years,13.7,TRUE
6213,Air travel assistants,Proportion of men (%),25 to 29 years,16,TRUE
6213,Air travel assistants,Proportion of men (%),20 to 24 years,10.8,TRUE
6213,Air travel assistants,Proportion of men (%),16 to 19 years,0.5,TRUE
6214,Rail travel assistants,Proportion of women (%),65 years and over,1.1,TRUE
6214,Rail travel assistants,Proportion of women (%),60 to 64 years,4.4,TRUE
6214,Rail travel assistants,Proportion of women (%),55 to 59 years,8.3,TRUE
6214,Rail travel assistants,Proportion of women (%),50 to 54 years,11.1,TRUE
6214,Rail travel assistants,Proportion of women (%),45 to 49 years,11,TRUE
6214,Rail travel assistants,Proportion of women (%),40 to 44 years,10.8,TRUE
6214,Rail travel assistants,Proportion of women (%),35 to 39 years,11.1,TRUE
6214,Rail travel assistants,Proportion of women (%),30 to 34 years,13.4,TRUE
6214,Rail travel assistants,Proportion of women (%),25 to 29 years,13.4,TRUE
6214,Rail travel assistants,Proportion of women (%),20 to 24 years,11.5,TRUE
6214,Rail travel assistants,Proportion of women (%),16 to 19 years,3.8,TRUE
6214,Rail travel assistants,Proportion of men (%),65 years and over,3.5,TRUE
6214,Rail travel assistants,Proportion of men (%),60 to 64 years,7.8,TRUE
6214,Rail travel assistants,Proportion of men (%),55 to 59 years,11.4,TRUE
6214,Rail travel assistants,Proportion of men (%),50 to 54 years,12.8,TRUE
6214,Rail travel assistants,Proportion of men (%),45 to 49 years,11.1,TRUE
6214,Rail travel assistants,Proportion of men (%),40 to 44 years,10.1,TRUE
6214,Rail travel assistants,Proportion of men (%),35 to 39 years,11.3,TRUE
6214,Rail travel assistants,Proportion of men (%),30 to 34 years,12.1,TRUE
6214,Rail travel assistants,Proportion of men (%),25 to 29 years,10.3,TRUE
6214,Rail travel assistants,Proportion of men (%),20 to 24 years,7.8,TRUE
6214,Rail travel assistants,Proportion of men (%),16 to 19 years,1.8,TRUE
6219,Leisure and travel service occupations n.e.c.,Proportion of women (%),65 years and over,15.4,TRUE
6219,Leisure and travel service occupations n.e.c.,Proportion of women (%),60 to 64 years,11.9,TRUE
6219,Leisure and travel service occupations n.e.c.,Proportion of women (%),55 to 59 years,12.3,TRUE
6219,Leisure and travel service occupations n.e.c.,Proportion of women (%),50 to 54 years,9.8,TRUE
6219,Leisure and travel service occupations n.e.c.,Proportion of women (%),45 to 49 years,7.4,TRUE
6219,Leisure and travel service occupations n.e.c.,Proportion of women (%),40 to 44 years,7.2,TRUE
6219,Leisure and travel service occupations n.e.c.,Proportion of women (%),35 to 39 years,6.7,TRUE
6219,Leisure and travel service occupations n.e.c.,Proportion of women (%),30 to 34 years,8.3,TRUE
6219,Leisure and travel service occupations n.e.c.,Proportion of women (%),25 to 29 years,9.1,TRUE
6219,Leisure and travel service occupations n.e.c.,Proportion of women (%),20 to 24 years,9,TRUE
6219,Leisure and travel service occupations n.e.c.,Proportion of women (%),16 to 19 years,2.7,TRUE
6219,Leisure and travel service occupations n.e.c.,Proportion of men (%),65 years and over,16.6,TRUE
6219,Leisure and travel service occupations n.e.c.,Proportion of men (%),60 to 64 years,11.4,TRUE
6219,Leisure and travel service occupations n.e.c.,Proportion of men (%),55 to 59 years,12.1,TRUE
6219,Leisure and travel service occupations n.e.c.,Proportion of men (%),50 to 54 years,9.5,TRUE
6219,Leisure and travel service occupations n.e.c.,Proportion of men (%),45 to 49 years,7.2,TRUE
6219,Leisure and travel service occupations n.e.c.,Proportion of men (%),40 to 44 years,6.6,TRUE
6219,Leisure and travel service occupations n.e.c.,Proportion of men (%),35 to 39 years,6.8,TRUE
6219,Leisure and travel service occupations n.e.c.,Proportion of men (%),30 to 34 years,7,TRUE
6219,Leisure and travel service occupations n.e.c.,Proportion of men (%),25 to 29 years,8.4,TRUE
6219,Leisure and travel service occupations n.e.c.,Proportion of men (%),20 to 24 years,11.1,TRUE
6219,Leisure and travel service occupations n.e.c.,Proportion of men (%),16 to 19 years,3.3,TRUE
6221,Hairdressers and barbers,Proportion of women (%),65 years and over,2.4,TRUE
6221,Hairdressers and barbers,Proportion of women (%),60 to 64 years,4,TRUE
6221,Hairdressers and barbers,Proportion of women (%),55 to 59 years,7.3,TRUE
6221,Hairdressers and barbers,Proportion of women (%),50 to 54 years,11.4,TRUE
6221,Hairdressers and barbers,Proportion of women (%),45 to 49 years,9.8,TRUE
6221,Hairdressers and barbers,Proportion of women (%),40 to 44 years,9.2,TRUE
6221,Hairdressers and barbers,Proportion of women (%),35 to 39 years,12.1,TRUE
6221,Hairdressers and barbers,Proportion of women (%),30 to 34 years,15.1,TRUE
6221,Hairdressers and barbers,Proportion of women (%),25 to 29 years,12.4,TRUE
6221,Hairdressers and barbers,Proportion of women (%),20 to 24 years,9.8,TRUE
6221,Hairdressers and barbers,Proportion of women (%),16 to 19 years,6.5,TRUE
6221,Hairdressers and barbers,Proportion of men (%),65 years and over,4.7,TRUE
6221,Hairdressers and barbers,Proportion of men (%),60 to 64 years,4.3,TRUE
6221,Hairdressers and barbers,Proportion of men (%),55 to 59 years,5.4,TRUE
6221,Hairdressers and barbers,Proportion of men (%),50 to 54 years,8.6,TRUE
6221,Hairdressers and barbers,Proportion of men (%),45 to 49 years,8.8,TRUE
6221,Hairdressers and barbers,Proportion of men (%),40 to 44 years,9.7,TRUE
6221,Hairdressers and barbers,Proportion of men (%),35 to 39 years,12.4,TRUE
6221,Hairdressers and barbers,Proportion of men (%),30 to 34 years,15.2,TRUE
6221,Hairdressers and barbers,Proportion of men (%),25 to 29 years,14.8,TRUE
6221,Hairdressers and barbers,Proportion of men (%),20 to 24 years,11.9,TRUE
6221,Hairdressers and barbers,Proportion of men (%),16 to 19 years,4.1,TRUE
6222,Beauticians and related occupations,Proportion of women (%),65 years and over,0.9,TRUE
6222,Beauticians and related occupations,Proportion of women (%),60 to 64 years,1.8,TRUE
6222,Beauticians and related occupations,Proportion of women (%),55 to 59 years,3.5,TRUE
6222,Beauticians and related occupations,Proportion of women (%),50 to 54 years,6,TRUE
6222,Beauticians and related occupations,Proportion of women (%),45 to 49 years,8,TRUE
6222,Beauticians and related occupations,Proportion of women (%),40 to 44 years,10.8,TRUE
6222,Beauticians and related occupations,Proportion of women (%),35 to 39 years,16.6,TRUE
6222,Beauticians and related occupations,Proportion of women (%),30 to 34 years,19.5,TRUE
6222,Beauticians and related occupations,Proportion of women (%),25 to 29 years,17.4,TRUE
6222,Beauticians and related occupations,Proportion of women (%),20 to 24 years,12.9,TRUE
6222,Beauticians and related occupations,Proportion of women (%),16 to 19 years,2.6,TRUE
6222,Beauticians and related occupations,Proportion of men (%),65 years and over,0.9,TRUE
6222,Beauticians and related occupations,Proportion of men (%),60 to 64 years,2.4,TRUE
6222,Beauticians and related occupations,Proportion of men (%),55 to 59 years,4.6,TRUE
6222,Beauticians and related occupations,Proportion of men (%),50 to 54 years,7,TRUE
6222,Beauticians and related occupations,Proportion of men (%),45 to 49 years,9.4,TRUE
6222,Beauticians and related occupations,Proportion of men (%),40 to 44 years,12.5,TRUE
6222,Beauticians and related occupations,Proportion of men (%),35 to 39 years,18.8,TRUE
6222,Beauticians and related occupations,Proportion of men (%),30 to 34 years,21.2,TRUE
6222,Beauticians and related occupations,Proportion of men (%),25 to 29 years,15.3,TRUE
6222,Beauticians and related occupations,Proportion of men (%),20 to 24 years,6.7,TRUE
6222,Beauticians and related occupations,Proportion of men (%),16 to 19 years,1.2,TRUE
6231,Housekeepers and related occupations,Proportion of women (%),65 years and over,6.3,TRUE
6231,Housekeepers and related occupations,Proportion of women (%),60 to 64 years,12.6,TRUE
6231,Housekeepers and related occupations,Proportion of women (%),55 to 59 years,16.4,TRUE
6231,Housekeepers and related occupations,Proportion of women (%),50 to 54 years,15.5,TRUE
6231,Housekeepers and related occupations,Proportion of women (%),45 to 49 years,12.1,TRUE
6231,Housekeepers and related occupations,Proportion of women (%),40 to 44 years,10,TRUE
6231,Housekeepers and related occupations,Proportion of women (%),35 to 39 years,8.8,TRUE
6231,Housekeepers and related occupations,Proportion of women (%),30 to 34 years,7.7,TRUE
6231,Housekeepers and related occupations,Proportion of women (%),25 to 29 years,5.5,TRUE
6231,Housekeepers and related occupations,Proportion of women (%),20 to 24 years,3.6,TRUE
6231,Housekeepers and related occupations,Proportion of women (%),16 to 19 years,1.4,TRUE
6231,Housekeepers and related occupations,Proportion of men (%),65 years and over,6,TRUE
6231,Housekeepers and related occupations,Proportion of men (%),60 to 64 years,10.2,TRUE
6231,Housekeepers and related occupations,Proportion of men (%),55 to 59 years,12.4,TRUE
6231,Housekeepers and related occupations,Proportion of men (%),50 to 54 years,13,TRUE
6231,Housekeepers and related occupations,Proportion of men (%),45 to 49 years,10.8,TRUE
6231,Housekeepers and related occupations,Proportion of men (%),40 to 44 years,9.6,TRUE
6231,Housekeepers and related occupations,Proportion of men (%),35 to 39 years,9.3,TRUE
6231,Housekeepers and related occupations,Proportion of men (%),30 to 34 years,8.9,TRUE
6231,Housekeepers and related occupations,Proportion of men (%),25 to 29 years,8.3,TRUE
6231,Housekeepers and related occupations,Proportion of men (%),20 to 24 years,8,TRUE
6231,Housekeepers and related occupations,Proportion of men (%),16 to 19 years,3.5,TRUE
6232,Caretakers,Proportion of women (%),65 years and over,8.2,TRUE
6232,Caretakers,Proportion of women (%),60 to 64 years,12.7,TRUE
6232,Caretakers,Proportion of women (%),55 to 59 years,16.6,TRUE
6232,Caretakers,Proportion of women (%),50 to 54 years,16,TRUE
6232,Caretakers,Proportion of women (%),45 to 49 years,12,TRUE
6232,Caretakers,Proportion of women (%),40 to 44 years,9.1,TRUE
6232,Caretakers,Proportion of women (%),35 to 39 years,7.7,TRUE
6232,Caretakers,Proportion of women (%),30 to 34 years,6.6,TRUE
6232,Caretakers,Proportion of women (%),25 to 29 years,6.1,TRUE
6232,Caretakers,Proportion of women (%),20 to 24 years,4.1,TRUE
6232,Caretakers,Proportion of women (%),16 to 19 years,0.9,TRUE
6232,Caretakers,Proportion of men (%),65 years and over,12.5,TRUE
6232,Caretakers,Proportion of men (%),60 to 64 years,18.2,TRUE
6232,Caretakers,Proportion of men (%),55 to 59 years,19,TRUE
6232,Caretakers,Proportion of men (%),50 to 54 years,14.8,TRUE
6232,Caretakers,Proportion of men (%),45 to 49 years,9.7,TRUE
6232,Caretakers,Proportion of men (%),40 to 44 years,7,TRUE
6232,Caretakers,Proportion of men (%),35 to 39 years,6.5,TRUE
6232,Caretakers,Proportion of men (%),30 to 34 years,5.2,TRUE
6232,Caretakers,Proportion of men (%),25 to 29 years,4.1,TRUE
6232,Caretakers,Proportion of men (%),20 to 24 years,2.6,TRUE
6232,Caretakers,Proportion of men (%),16 to 19 years,0.6,TRUE
6240,Cleaning and housekeeping managers and supervisors,Proportion of women (%),65 years and over,4.4,TRUE
6240,Cleaning and housekeeping managers and supervisors,Proportion of women (%),60 to 64 years,10,TRUE
6240,Cleaning and housekeeping managers and supervisors,Proportion of women (%),55 to 59 years,13.8,TRUE
6240,Cleaning and housekeeping managers and supervisors,Proportion of women (%),50 to 54 years,14.8,TRUE
6240,Cleaning and housekeeping managers and supervisors,Proportion of women (%),45 to 49 years,12.4,TRUE
6240,Cleaning and housekeeping managers and supervisors,Proportion of women (%),40 to 44 years,11.6,TRUE
6240,Cleaning and housekeeping managers and supervisors,Proportion of women (%),35 to 39 years,11.2,TRUE
6240,Cleaning and housekeeping managers and supervisors,Proportion of women (%),30 to 34 years,10.1,TRUE
6240,Cleaning and housekeeping managers and supervisors,Proportion of women (%),25 to 29 years,6.8,TRUE
6240,Cleaning and housekeeping managers and supervisors,Proportion of women (%),20 to 24 years,3.9,TRUE
6240,Cleaning and housekeeping managers and supervisors,Proportion of women (%),16 to 19 years,1,TRUE
6240,Cleaning and housekeeping managers and supervisors,Proportion of men (%),65 years and over,4.5,TRUE
6240,Cleaning and housekeeping managers and supervisors,Proportion of men (%),60 to 64 years,7.9,TRUE
6240,Cleaning and housekeeping managers and supervisors,Proportion of men (%),55 to 59 years,11.8,TRUE
6240,Cleaning and housekeeping managers and supervisors,Proportion of men (%),50 to 54 years,13,TRUE
6240,Cleaning and housekeeping managers and supervisors,Proportion of men (%),45 to 49 years,12.4,TRUE
6240,Cleaning and housekeeping managers and supervisors,Proportion of men (%),40 to 44 years,12.1,TRUE
6240,Cleaning and housekeeping managers and supervisors,Proportion of men (%),35 to 39 years,11.9,TRUE
6240,Cleaning and housekeeping managers and supervisors,Proportion of men (%),30 to 34 years,11.8,TRUE
6240,Cleaning and housekeeping managers and supervisors,Proportion of men (%),25 to 29 years,8.7,TRUE
6240,Cleaning and housekeeping managers and supervisors,Proportion of men (%),20 to 24 years,5.1,TRUE
6240,Cleaning and housekeeping managers and supervisors,Proportion of men (%),16 to 19 years,0.9,TRUE
6250,Bed and breakfast and guest house owners and proprietors ,Proportion of women (%),65 years and over,20.3,FALSE
6250,Bed and breakfast and guest house owners and proprietors ,Proportion of women (%),60 to 64 years,18.8,FALSE
6250,Bed and breakfast and guest house owners and proprietors ,Proportion of women (%),55 to 59 years,20.6,FALSE
6250,Bed and breakfast and guest house owners and proprietors ,Proportion of women (%),50 to 54 years,16.2,FALSE
6250,Bed and breakfast and guest house owners and proprietors ,Proportion of women (%),45 to 49 years,9.3,FALSE
6250,Bed and breakfast and guest house owners and proprietors ,Proportion of women (%),40 to 44 years,6.6,FALSE
6250,Bed and breakfast and guest house owners and proprietors ,Proportion of women (%),35 to 39 years,4.1,FALSE
6250,Bed and breakfast and guest house owners and proprietors ,Proportion of women (%),30 to 34 years,2.5,FALSE
6250,Bed and breakfast and guest house owners and proprietors ,Proportion of women (%),25 to 29 years,1.1,FALSE
6250,Bed and breakfast and guest house owners and proprietors ,Proportion of women (%),20 to 24 years,0.5,FALSE
6250,Bed and breakfast and guest house owners and proprietors ,Proportion of women (%),16 to 19 years,null,FALSE
6250,Bed and breakfast and guest house owners and proprietors ,Proportion of men (%),65 years and over,23.8,FALSE
6250,Bed and breakfast and guest house owners and proprietors ,Proportion of men (%),60 to 64 years,19.5,FALSE
6250,Bed and breakfast and guest house owners and proprietors ,Proportion of men (%),55 to 59 years,19.6,FALSE
6250,Bed and breakfast and guest house owners and proprietors ,Proportion of men (%),50 to 54 years,14.4,FALSE
6250,Bed and breakfast and guest house owners and proprietors ,Proportion of men (%),45 to 49 years,8.8,FALSE
6250,Bed and breakfast and guest house owners and proprietors ,Proportion of men (%),40 to 44 years,5.5,FALSE
6250,Bed and breakfast and guest house owners and proprietors ,Proportion of men (%),35 to 39 years,3.3,FALSE
6250,Bed and breakfast and guest house owners and proprietors ,Proportion of men (%),30 to 34 years,1.9,FALSE
6250,Bed and breakfast and guest house owners and proprietors ,Proportion of men (%),25 to 29 years,2.2,FALSE
6250,Bed and breakfast and guest house owners and proprietors ,Proportion of men (%),20 to 24 years,0.7,FALSE
6250,Bed and breakfast and guest house owners and proprietors ,Proportion of men (%),16 to 19 years,null,FALSE
6311,Police community support officers,Proportion of women (%),65 years and over,1,TRUE
6311,Police community support officers,Proportion of women (%),60 to 64 years,4.1,TRUE
6311,Police community support officers,Proportion of women (%),55 to 59 years,9.4,TRUE
6311,Police community support officers,Proportion of women (%),50 to 54 years,12.5,TRUE
6311,Police community support officers,Proportion of women (%),45 to 49 years,11.4,TRUE
6311,Police community support officers,Proportion of women (%),40 to 44 years,10,TRUE
6311,Police community support officers,Proportion of women (%),35 to 39 years,13.8,TRUE
6311,Police community support officers,Proportion of women (%),30 to 34 years,14.2,TRUE
6311,Police community support officers,Proportion of women (%),25 to 29 years,13,TRUE
6311,Police community support officers,Proportion of women (%),20 to 24 years,10,TRUE
6311,Police community support officers,Proportion of women (%),16 to 19 years,0.7,TRUE
6311,Police community support officers,Proportion of men (%),65 years and over,2.6,TRUE
6311,Police community support officers,Proportion of men (%),60 to 64 years,6.6,TRUE
6311,Police community support officers,Proportion of men (%),55 to 59 years,11.4,TRUE
6311,Police community support officers,Proportion of men (%),50 to 54 years,12.5,TRUE
6311,Police community support officers,Proportion of men (%),45 to 49 years,9.6,TRUE
6311,Police community support officers,Proportion of men (%),40 to 44 years,10.1,TRUE
6311,Police community support officers,Proportion of men (%),35 to 39 years,12.8,TRUE
6311,Police community support officers,Proportion of men (%),30 to 34 years,11.9,TRUE
6311,Police community support officers,Proportion of men (%),25 to 29 years,11.7,TRUE
6311,Police community support officers,Proportion of men (%),20 to 24 years,9.8,TRUE
6311,Police community support officers,Proportion of men (%),16 to 19 years,1,TRUE
6312,Parking and civil enforcement occupations,Proportion of women (%),65 years and over,3.9,TRUE
6312,Parking and civil enforcement occupations,Proportion of women (%),60 to 64 years,9.1,TRUE
6312,Parking and civil enforcement occupations,Proportion of women (%),55 to 59 years,14.8,TRUE
6312,Parking and civil enforcement occupations,Proportion of women (%),50 to 54 years,15.9,TRUE
6312,Parking and civil enforcement occupations,Proportion of women (%),45 to 49 years,13.3,TRUE
6312,Parking and civil enforcement occupations,Proportion of women (%),40 to 44 years,9.4,TRUE
6312,Parking and civil enforcement occupations,Proportion of women (%),35 to 39 years,8.6,TRUE
6312,Parking and civil enforcement occupations,Proportion of women (%),30 to 34 years,9.4,TRUE
6312,Parking and civil enforcement occupations,Proportion of women (%),25 to 29 years,7.6,TRUE
6312,Parking and civil enforcement occupations,Proportion of women (%),20 to 24 years,6.8,TRUE
6312,Parking and civil enforcement occupations,Proportion of women (%),16 to 19 years,1.3,TRUE
6312,Parking and civil enforcement occupations,Proportion of men (%),65 years and over,7.4,TRUE
6312,Parking and civil enforcement occupations,Proportion of men (%),60 to 64 years,11.7,TRUE
6312,Parking and civil enforcement occupations,Proportion of men (%),55 to 59 years,13.9,TRUE
6312,Parking and civil enforcement occupations,Proportion of men (%),50 to 54 years,13.4,TRUE
6312,Parking and civil enforcement occupations,Proportion of men (%),45 to 49 years,11.1,TRUE
6312,Parking and civil enforcement occupations,Proportion of men (%),40 to 44 years,10.2,TRUE
6312,Parking and civil enforcement occupations,Proportion of men (%),35 to 39 years,9.6,TRUE
6312,Parking and civil enforcement occupations,Proportion of men (%),30 to 34 years,9.1,TRUE
6312,Parking and civil enforcement occupations,Proportion of men (%),25 to 29 years,7.6,TRUE
6312,Parking and civil enforcement occupations,Proportion of men (%),20 to 24 years,4.7,TRUE
6312,Parking and civil enforcement occupations,Proportion of men (%),16 to 19 years,1.1,TRUE
7111,Sales and retail assistants,Proportion of women (%),65 years and over,4.4,TRUE
7111,Sales and retail assistants,Proportion of women (%),60 to 64 years,8.2,TRUE
7111,Sales and retail assistants,Proportion of women (%),55 to 59 years,10.7,TRUE
7111,Sales and retail assistants,Proportion of women (%),50 to 54 years,10,TRUE
7111,Sales and retail assistants,Proportion of women (%),45 to 49 years,7.6,TRUE
7111,Sales and retail assistants,Proportion of women (%),40 to 44 years,6.6,TRUE
7111,Sales and retail assistants,Proportion of women (%),35 to 39 years,7.5,TRUE
7111,Sales and retail assistants,Proportion of women (%),30 to 34 years,8.8,TRUE
7111,Sales and retail assistants,Proportion of women (%),25 to 29 years,9.5,TRUE
7111,Sales and retail assistants,Proportion of women (%),20 to 24 years,15.9,TRUE
7111,Sales and retail assistants,Proportion of women (%),16 to 19 years,10.7,TRUE
7111,Sales and retail assistants,Proportion of men (%),65 years and over,3.5,TRUE
7111,Sales and retail assistants,Proportion of men (%),60 to 64 years,4.7,TRUE
7111,Sales and retail assistants,Proportion of men (%),55 to 59 years,5.8,TRUE
7111,Sales and retail assistants,Proportion of men (%),50 to 54 years,6,TRUE
7111,Sales and retail assistants,Proportion of men (%),45 to 49 years,6.1,TRUE
7111,Sales and retail assistants,Proportion of men (%),40 to 44 years,6.6,TRUE
7111,Sales and retail assistants,Proportion of men (%),35 to 39 years,7.9,TRUE
7111,Sales and retail assistants,Proportion of men (%),30 to 34 years,10,TRUE
7111,Sales and retail assistants,Proportion of men (%),25 to 29 years,13.5,TRUE
7111,Sales and retail assistants,Proportion of men (%),20 to 24 years,22.6,TRUE
7111,Sales and retail assistants,Proportion of men (%),16 to 19 years,13.3,TRUE
7112,Retail cashiers and check-out operators,Proportion of women (%),65 years and over,8.4,TRUE
7112,Retail cashiers and check-out operators,Proportion of women (%),60 to 64 years,11.8,TRUE
7112,Retail cashiers and check-out operators,Proportion of women (%),55 to 59 years,13.1,TRUE
7112,Retail cashiers and check-out operators,Proportion of women (%),50 to 54 years,10.9,TRUE
7112,Retail cashiers and check-out operators,Proportion of women (%),45 to 49 years,7.9,TRUE
7112,Retail cashiers and check-out operators,Proportion of women (%),40 to 44 years,6.7,TRUE
7112,Retail cashiers and check-out operators,Proportion of women (%),35 to 39 years,7,TRUE
7112,Retail cashiers and check-out operators,Proportion of women (%),30 to 34 years,7.1,TRUE
7112,Retail cashiers and check-out operators,Proportion of women (%),25 to 29 years,6.7,TRUE
7112,Retail cashiers and check-out operators,Proportion of women (%),20 to 24 years,11.5,TRUE
7112,Retail cashiers and check-out operators,Proportion of women (%),16 to 19 years,9,TRUE
7112,Retail cashiers and check-out operators,Proportion of men (%),65 years and over,5.4,TRUE
7112,Retail cashiers and check-out operators,Proportion of men (%),60 to 64 years,5.7,TRUE
7112,Retail cashiers and check-out operators,Proportion of men (%),55 to 59 years,6.9,TRUE
7112,Retail cashiers and check-out operators,Proportion of men (%),50 to 54 years,6.5,TRUE
7112,Retail cashiers and check-out operators,Proportion of men (%),45 to 49 years,6.6,TRUE
7112,Retail cashiers and check-out operators,Proportion of men (%),40 to 44 years,6.9,TRUE
7112,Retail cashiers and check-out operators,Proportion of men (%),35 to 39 years,7.1,TRUE
7112,Retail cashiers and check-out operators,Proportion of men (%),30 to 34 years,8.2,TRUE
7112,Retail cashiers and check-out operators,Proportion of men (%),25 to 29 years,10.4,TRUE
7112,Retail cashiers and check-out operators,Proportion of men (%),20 to 24 years,21.2,TRUE
7112,Retail cashiers and check-out operators,Proportion of men (%),16 to 19 years,15.1,TRUE
7113,Telephone salespersons,Proportion of women (%),65 years and over,2.9,TRUE
7113,Telephone salespersons,Proportion of women (%),60 to 64 years,5.7,TRUE
7113,Telephone salespersons,Proportion of women (%),55 to 59 years,8.4,TRUE
7113,Telephone salespersons,Proportion of women (%),50 to 54 years,9.6,TRUE
7113,Telephone salespersons,Proportion of women (%),45 to 49 years,8,TRUE
7113,Telephone salespersons,Proportion of women (%),40 to 44 years,7.6,TRUE
7113,Telephone salespersons,Proportion of women (%),35 to 39 years,8.8,TRUE
7113,Telephone salespersons,Proportion of women (%),30 to 34 years,11.4,TRUE
7113,Telephone salespersons,Proportion of women (%),25 to 29 years,14.8,TRUE
7113,Telephone salespersons,Proportion of women (%),20 to 24 years,19.2,TRUE
7113,Telephone salespersons,Proportion of women (%),16 to 19 years,3.7,TRUE
7113,Telephone salespersons,Proportion of men (%),65 years and over,2.8,TRUE
7113,Telephone salespersons,Proportion of men (%),60 to 64 years,4.9,TRUE
7113,Telephone salespersons,Proportion of men (%),55 to 59 years,6.4,TRUE
7113,Telephone salespersons,Proportion of men (%),50 to 54 years,7.2,TRUE
7113,Telephone salespersons,Proportion of men (%),45 to 49 years,7,TRUE
7113,Telephone salespersons,Proportion of men (%),40 to 44 years,7.8,TRUE
7113,Telephone salespersons,Proportion of men (%),35 to 39 years,8.8,TRUE
7113,Telephone salespersons,Proportion of men (%),30 to 34 years,12.3,TRUE
7113,Telephone salespersons,Proportion of men (%),25 to 29 years,19,TRUE
7113,Telephone salespersons,Proportion of men (%),20 to 24 years,20.1,TRUE
7113,Telephone salespersons,Proportion of men (%),16 to 19 years,3.6,TRUE
7114,Pharmacy and optical dispensing assistants,Proportion of women (%),65 years and over,3.1,TRUE
7114,Pharmacy and optical dispensing assistants,Proportion of women (%),60 to 64 years,7.6,TRUE
7114,Pharmacy and optical dispensing assistants,Proportion of women (%),55 to 59 years,11.3,TRUE
7114,Pharmacy and optical dispensing assistants,Proportion of women (%),50 to 54 years,11,TRUE
7114,Pharmacy and optical dispensing assistants,Proportion of women (%),45 to 49 years,9,TRUE
7114,Pharmacy and optical dispensing assistants,Proportion of women (%),40 to 44 years,8.1,TRUE
7114,Pharmacy and optical dispensing assistants,Proportion of women (%),35 to 39 years,9.3,TRUE
7114,Pharmacy and optical dispensing assistants,Proportion of women (%),30 to 34 years,11.6,TRUE
7114,Pharmacy and optical dispensing assistants,Proportion of women (%),25 to 29 years,11.5,TRUE
7114,Pharmacy and optical dispensing assistants,Proportion of women (%),20 to 24 years,13.3,TRUE
7114,Pharmacy and optical dispensing assistants,Proportion of women (%),16 to 19 years,4.3,TRUE
7114,Pharmacy and optical dispensing assistants,Proportion of men (%),65 years and over,2.2,TRUE
7114,Pharmacy and optical dispensing assistants,Proportion of men (%),60 to 64 years,3.1,TRUE
7114,Pharmacy and optical dispensing assistants,Proportion of men (%),55 to 59 years,4.3,TRUE
7114,Pharmacy and optical dispensing assistants,Proportion of men (%),50 to 54 years,4.7,TRUE
7114,Pharmacy and optical dispensing assistants,Proportion of men (%),45 to 49 years,5.5,TRUE
7114,Pharmacy and optical dispensing assistants,Proportion of men (%),40 to 44 years,7.1,TRUE
7114,Pharmacy and optical dispensing assistants,Proportion of men (%),35 to 39 years,9.6,TRUE
7114,Pharmacy and optical dispensing assistants,Proportion of men (%),30 to 34 years,13.4,TRUE
7114,Pharmacy and optical dispensing assistants,Proportion of men (%),25 to 29 years,18.4,TRUE
7114,Pharmacy and optical dispensing assistants,Proportion of men (%),20 to 24 years,22.4,TRUE
7114,Pharmacy and optical dispensing assistants,Proportion of men (%),16 to 19 years,9.5,TRUE
7115,Vehicle and parts salespersons and advisers,Proportion of women (%),65 years and over,1.5,TRUE
7115,Vehicle and parts salespersons and advisers,Proportion of women (%),60 to 64 years,2.7,TRUE
7115,Vehicle and parts salespersons and advisers,Proportion of women (%),55 to 59 years,6.2,TRUE
7115,Vehicle and parts salespersons and advisers,Proportion of women (%),50 to 54 years,7.6,TRUE
7115,Vehicle and parts salespersons and advisers,Proportion of women (%),45 to 49 years,8.1,TRUE
7115,Vehicle and parts salespersons and advisers,Proportion of women (%),40 to 44 years,8.2,TRUE
7115,Vehicle and parts salespersons and advisers,Proportion of women (%),35 to 39 years,8.8,TRUE
7115,Vehicle and parts salespersons and advisers,Proportion of women (%),30 to 34 years,14.4,TRUE
7115,Vehicle and parts salespersons and advisers,Proportion of women (%),25 to 29 years,21.3,TRUE
7115,Vehicle and parts salespersons and advisers,Proportion of women (%),20 to 24 years,18.6,TRUE
7115,Vehicle and parts salespersons and advisers,Proportion of women (%),16 to 19 years,2.6,TRUE
7115,Vehicle and parts salespersons and advisers,Proportion of men (%),65 years and over,3.6,TRUE
7115,Vehicle and parts salespersons and advisers,Proportion of men (%),60 to 64 years,6.3,TRUE
7115,Vehicle and parts salespersons and advisers,Proportion of men (%),55 to 59 years,9.3,TRUE
7115,Vehicle and parts salespersons and advisers,Proportion of men (%),50 to 54 years,10.9,TRUE
7115,Vehicle and parts salespersons and advisers,Proportion of men (%),45 to 49 years,9.7,TRUE
7115,Vehicle and parts salespersons and advisers,Proportion of men (%),40 to 44 years,9.1,TRUE
7115,Vehicle and parts salespersons and advisers,Proportion of men (%),35 to 39 years,10.2,TRUE
7115,Vehicle and parts salespersons and advisers,Proportion of men (%),30 to 34 years,12.7,TRUE
7115,Vehicle and parts salespersons and advisers,Proportion of men (%),25 to 29 years,15.1,TRUE
7115,Vehicle and parts salespersons and advisers,Proportion of men (%),20 to 24 years,11.7,TRUE
7115,Vehicle and parts salespersons and advisers,Proportion of men (%),16 to 19 years,1.4,TRUE
7121,Collector salespersons and credit agents,Proportion of women (%),65 years and over,4.2,TRUE
7121,Collector salespersons and credit agents,Proportion of women (%),60 to 64 years,6.1,TRUE
7121,Collector salespersons and credit agents,Proportion of women (%),55 to 59 years,8.7,TRUE
7121,Collector salespersons and credit agents,Proportion of women (%),50 to 54 years,10.4,TRUE
7121,Collector salespersons and credit agents,Proportion of women (%),45 to 49 years,10.4,TRUE
7121,Collector salespersons and credit agents,Proportion of women (%),40 to 44 years,9.4,TRUE
7121,Collector salespersons and credit agents,Proportion of women (%),35 to 39 years,11.6,TRUE
7121,Collector salespersons and credit agents,Proportion of women (%),30 to 34 years,11.6,TRUE
7121,Collector salespersons and credit agents,Proportion of women (%),25 to 29 years,12.4,TRUE
7121,Collector salespersons and credit agents,Proportion of women (%),20 to 24 years,12.9,TRUE
7121,Collector salespersons and credit agents,Proportion of women (%),16 to 19 years,2.3,TRUE
7121,Collector salespersons and credit agents,Proportion of men (%),65 years and over,6,TRUE
7121,Collector salespersons and credit agents,Proportion of men (%),60 to 64 years,6.5,TRUE
7121,Collector salespersons and credit agents,Proportion of men (%),55 to 59 years,8.3,TRUE
7121,Collector salespersons and credit agents,Proportion of men (%),50 to 54 years,8.6,TRUE
7121,Collector salespersons and credit agents,Proportion of men (%),45 to 49 years,8,TRUE
7121,Collector salespersons and credit agents,Proportion of men (%),40 to 44 years,8.8,TRUE
7121,Collector salespersons and credit agents,Proportion of men (%),35 to 39 years,9.9,TRUE
7121,Collector salespersons and credit agents,Proportion of men (%),30 to 34 years,13.6,TRUE
7121,Collector salespersons and credit agents,Proportion of men (%),25 to 29 years,15.6,TRUE
7121,Collector salespersons and credit agents,Proportion of men (%),20 to 24 years,12.5,TRUE
7121,Collector salespersons and credit agents,Proportion of men (%),16 to 19 years,2.1,TRUE
7122,"Debt, rent and other cash collectors",Proportion of women (%),65 years and over,3.2,TRUE
7122,"Debt, rent and other cash collectors",Proportion of women (%),60 to 64 years,6.5,TRUE
7122,"Debt, rent and other cash collectors",Proportion of women (%),55 to 59 years,11.3,TRUE
7122,"Debt, rent and other cash collectors",Proportion of women (%),50 to 54 years,12.6,TRUE
7122,"Debt, rent and other cash collectors",Proportion of women (%),45 to 49 years,10.6,TRUE
7122,"Debt, rent and other cash collectors",Proportion of women (%),40 to 44 years,8.8,TRUE
7122,"Debt, rent and other cash collectors",Proportion of women (%),35 to 39 years,10.2,TRUE
7122,"Debt, rent and other cash collectors",Proportion of women (%),30 to 34 years,11.5,TRUE
7122,"Debt, rent and other cash collectors",Proportion of women (%),25 to 29 years,13.9,TRUE
7122,"Debt, rent and other cash collectors",Proportion of women (%),20 to 24 years,10.5,TRUE
7122,"Debt, rent and other cash collectors",Proportion of women (%),16 to 19 years,0.8,TRUE
7122,"Debt, rent and other cash collectors",Proportion of men (%),65 years and over,6.6,TRUE
7122,"Debt, rent and other cash collectors",Proportion of men (%),60 to 64 years,10.7,TRUE
7122,"Debt, rent and other cash collectors",Proportion of men (%),55 to 59 years,12.5,TRUE
7122,"Debt, rent and other cash collectors",Proportion of men (%),50 to 54 years,12.2,TRUE
7122,"Debt, rent and other cash collectors",Proportion of men (%),45 to 49 years,9.5,TRUE
7122,"Debt, rent and other cash collectors",Proportion of men (%),40 to 44 years,9.7,TRUE
7122,"Debt, rent and other cash collectors",Proportion of men (%),35 to 39 years,9.1,TRUE
7122,"Debt, rent and other cash collectors",Proportion of men (%),30 to 34 years,10.5,TRUE
7122,"Debt, rent and other cash collectors",Proportion of men (%),25 to 29 years,11.2,TRUE
7122,"Debt, rent and other cash collectors",Proportion of men (%),20 to 24 years,7,TRUE
7122,"Debt, rent and other cash collectors",Proportion of men (%),16 to 19 years,0.9,TRUE
7123,Roundspersons and van salespersons,Proportion of women (%),65 years and over,6.6,TRUE
7123,Roundspersons and van salespersons,Proportion of women (%),60 to 64 years,9.3,TRUE
7123,Roundspersons and van salespersons,Proportion of women (%),55 to 59 years,14,TRUE
7123,Roundspersons and van salespersons,Proportion of women (%),50 to 54 years,15.7,TRUE
7123,Roundspersons and van salespersons,Proportion of women (%),45 to 49 years,8.5,TRUE
7123,Roundspersons and van salespersons,Proportion of women (%),40 to 44 years,8.7,TRUE
7123,Roundspersons and van salespersons,Proportion of women (%),35 to 39 years,7.3,TRUE
7123,Roundspersons and van salespersons,Proportion of women (%),30 to 34 years,7.3,TRUE
7123,Roundspersons and van salespersons,Proportion of women (%),25 to 29 years,8.8,TRUE
7123,Roundspersons and van salespersons,Proportion of women (%),20 to 24 years,7.9,TRUE
7123,Roundspersons and van salespersons,Proportion of women (%),16 to 19 years,5.9,TRUE
7123,Roundspersons and van salespersons,Proportion of men (%),65 years and over,9.3,TRUE
7123,Roundspersons and van salespersons,Proportion of men (%),60 to 64 years,14,TRUE
7123,Roundspersons and van salespersons,Proportion of men (%),55 to 59 years,15.8,TRUE
7123,Roundspersons and van salespersons,Proportion of men (%),50 to 54 years,13.5,TRUE
7123,Roundspersons and van salespersons,Proportion of men (%),45 to 49 years,10.9,TRUE
7123,Roundspersons and van salespersons,Proportion of men (%),40 to 44 years,9,TRUE
7123,Roundspersons and van salespersons,Proportion of men (%),35 to 39 years,8.4,TRUE
7123,Roundspersons and van salespersons,Proportion of men (%),30 to 34 years,7.4,TRUE
7123,Roundspersons and van salespersons,Proportion of men (%),25 to 29 years,6.5,TRUE
7123,Roundspersons and van salespersons,Proportion of men (%),20 to 24 years,3.6,TRUE
7123,Roundspersons and van salespersons,Proportion of men (%),16 to 19 years,1.7,TRUE
7124,Market and street traders and assistants,Proportion of women (%),65 years and over,8.9,TRUE
7124,Market and street traders and assistants,Proportion of women (%),60 to 64 years,11.4,TRUE
7124,Market and street traders and assistants,Proportion of women (%),55 to 59 years,15.3,TRUE
7124,Market and street traders and assistants,Proportion of women (%),50 to 54 years,13.9,TRUE
7124,Market and street traders and assistants,Proportion of women (%),45 to 49 years,11.3,TRUE
7124,Market and street traders and assistants,Proportion of women (%),40 to 44 years,9.4,TRUE
7124,Market and street traders and assistants,Proportion of women (%),35 to 39 years,9.1,TRUE
7124,Market and street traders and assistants,Proportion of women (%),30 to 34 years,7.3,TRUE
7124,Market and street traders and assistants,Proportion of women (%),25 to 29 years,6.8,TRUE
7124,Market and street traders and assistants,Proportion of women (%),20 to 24 years,4.5,TRUE
7124,Market and street traders and assistants,Proportion of women (%),16 to 19 years,2,TRUE
7124,Market and street traders and assistants,Proportion of men (%),65 years and over,10.1,TRUE
7124,Market and street traders and assistants,Proportion of men (%),60 to 64 years,13.1,TRUE
7124,Market and street traders and assistants,Proportion of men (%),55 to 59 years,16.6,TRUE
7124,Market and street traders and assistants,Proportion of men (%),50 to 54 years,14.8,TRUE
7124,Market and street traders and assistants,Proportion of men (%),45 to 49 years,11.6,TRUE
7124,Market and street traders and assistants,Proportion of men (%),40 to 44 years,8.5,TRUE
7124,Market and street traders and assistants,Proportion of men (%),35 to 39 years,7.7,TRUE
7124,Market and street traders and assistants,Proportion of men (%),30 to 34 years,6.5,TRUE
7124,Market and street traders and assistants,Proportion of men (%),25 to 29 years,5.8,TRUE
7124,Market and street traders and assistants,Proportion of men (%),20 to 24 years,3.5,TRUE
7124,Market and street traders and assistants,Proportion of men (%),16 to 19 years,1.8,TRUE
7125,Visual merchandisers and related occupations,Proportion of women (%),65 years and over,2.5,TRUE
7125,Visual merchandisers and related occupations,Proportion of women (%),60 to 64 years,3.7,TRUE
7125,Visual merchandisers and related occupations,Proportion of women (%),55 to 59 years,6.3,TRUE
7125,Visual merchandisers and related occupations,Proportion of women (%),50 to 54 years,7.7,TRUE
7125,Visual merchandisers and related occupations,Proportion of women (%),45 to 49 years,8.1,TRUE
7125,Visual merchandisers and related occupations,Proportion of women (%),40 to 44 years,7.8,TRUE
7125,Visual merchandisers and related occupations,Proportion of women (%),35 to 39 years,11.8,TRUE
7125,Visual merchandisers and related occupations,Proportion of women (%),30 to 34 years,18.9,TRUE
7125,Visual merchandisers and related occupations,Proportion of women (%),25 to 29 years,21.7,TRUE
7125,Visual merchandisers and related occupations,Proportion of women (%),20 to 24 years,10.7,TRUE
7125,Visual merchandisers and related occupations,Proportion of women (%),16 to 19 years,1,TRUE
7125,Visual merchandisers and related occupations,Proportion of men (%),65 years and over,3.2,TRUE
7125,Visual merchandisers and related occupations,Proportion of men (%),60 to 64 years,2.7,TRUE
7125,Visual merchandisers and related occupations,Proportion of men (%),55 to 59 years,4.8,TRUE
7125,Visual merchandisers and related occupations,Proportion of men (%),50 to 54 years,5.2,TRUE
7125,Visual merchandisers and related occupations,Proportion of men (%),45 to 49 years,9.5,TRUE
7125,Visual merchandisers and related occupations,Proportion of men (%),40 to 44 years,10,TRUE
7125,Visual merchandisers and related occupations,Proportion of men (%),35 to 39 years,13.8,TRUE
7125,Visual merchandisers and related occupations,Proportion of men (%),30 to 34 years,16.6,TRUE
7125,Visual merchandisers and related occupations,Proportion of men (%),25 to 29 years,21.3,TRUE
7125,Visual merchandisers and related occupations,Proportion of men (%),20 to 24 years,10.4,TRUE
7125,Visual merchandisers and related occupations,Proportion of men (%),16 to 19 years,2.4,TRUE
7129,Sales related occupations n.e.c.,Proportion of women (%),65 years and over,4,TRUE
7129,Sales related occupations n.e.c.,Proportion of women (%),60 to 64 years,5,TRUE
7129,Sales related occupations n.e.c.,Proportion of women (%),55 to 59 years,8.3,TRUE
7129,Sales related occupations n.e.c.,Proportion of women (%),50 to 54 years,8.4,TRUE
7129,Sales related occupations n.e.c.,Proportion of women (%),45 to 49 years,8.9,TRUE
7129,Sales related occupations n.e.c.,Proportion of women (%),40 to 44 years,9.5,TRUE
7129,Sales related occupations n.e.c.,Proportion of women (%),35 to 39 years,10.9,TRUE
7129,Sales related occupations n.e.c.,Proportion of women (%),30 to 34 years,13.7,TRUE
7129,Sales related occupations n.e.c.,Proportion of women (%),25 to 29 years,15.9,TRUE
7129,Sales related occupations n.e.c.,Proportion of women (%),20 to 24 years,13.6,TRUE
7129,Sales related occupations n.e.c.,Proportion of women (%),16 to 19 years,1.9,TRUE
7129,Sales related occupations n.e.c.,Proportion of men (%),65 years and over,6.1,TRUE
7129,Sales related occupations n.e.c.,Proportion of men (%),60 to 64 years,6.4,TRUE
7129,Sales related occupations n.e.c.,Proportion of men (%),55 to 59 years,8.5,TRUE
7129,Sales related occupations n.e.c.,Proportion of men (%),50 to 54 years,8.3,TRUE
7129,Sales related occupations n.e.c.,Proportion of men (%),45 to 49 years,8.1,TRUE
7129,Sales related occupations n.e.c.,Proportion of men (%),40 to 44 years,8.2,TRUE
7129,Sales related occupations n.e.c.,Proportion of men (%),35 to 39 years,10.2,TRUE
7129,Sales related occupations n.e.c.,Proportion of men (%),30 to 34 years,12,TRUE
7129,Sales related occupations n.e.c.,Proportion of men (%),25 to 29 years,16.8,TRUE
7129,Sales related occupations n.e.c.,Proportion of men (%),20 to 24 years,13.7,TRUE
7129,Sales related occupations n.e.c.,Proportion of men (%),16 to 19 years,1.7,TRUE
7131,Shopkeepers and owners - retail and wholesale,Proportion of women (%),65 years and over,10.5,TRUE
7131,Shopkeepers and owners - retail and wholesale,Proportion of women (%),60 to 64 years,10.3,TRUE
7131,Shopkeepers and owners - retail and wholesale,Proportion of women (%),55 to 59 years,13.9,TRUE
7131,Shopkeepers and owners - retail and wholesale,Proportion of women (%),50 to 54 years,13.6,TRUE
7131,Shopkeepers and owners - retail and wholesale,Proportion of women (%),45 to 49 years,11.9,TRUE
7131,Shopkeepers and owners - retail and wholesale,Proportion of women (%),40 to 44 years,11,TRUE
7131,Shopkeepers and owners - retail and wholesale,Proportion of women (%),35 to 39 years,10.4,TRUE
7131,Shopkeepers and owners - retail and wholesale,Proportion of women (%),30 to 34 years,8.4,TRUE
7131,Shopkeepers and owners - retail and wholesale,Proportion of women (%),25 to 29 years,5.6,TRUE
7131,Shopkeepers and owners - retail and wholesale,Proportion of women (%),20 to 24 years,3.4,TRUE
7131,Shopkeepers and owners - retail and wholesale,Proportion of women (%),16 to 19 years,0.9,TRUE
7131,Shopkeepers and owners - retail and wholesale,Proportion of men (%),65 years and over,16.5,TRUE
7131,Shopkeepers and owners - retail and wholesale,Proportion of men (%),60 to 64 years,12.6,TRUE
7131,Shopkeepers and owners - retail and wholesale,Proportion of men (%),55 to 59 years,14.3,TRUE
7131,Shopkeepers and owners - retail and wholesale,Proportion of men (%),50 to 54 years,13.5,TRUE
7131,Shopkeepers and owners - retail and wholesale,Proportion of men (%),45 to 49 years,11.4,TRUE
7131,Shopkeepers and owners - retail and wholesale,Proportion of men (%),40 to 44 years,9.6,TRUE
7131,Shopkeepers and owners - retail and wholesale,Proportion of men (%),35 to 39 years,7.8,TRUE
7131,Shopkeepers and owners - retail and wholesale,Proportion of men (%),30 to 34 years,6.2,TRUE
7131,Shopkeepers and owners - retail and wholesale,Proportion of men (%),25 to 29 years,4.4,TRUE
7131,Shopkeepers and owners - retail and wholesale,Proportion of men (%),20 to 24 years,2.9,TRUE
7131,Shopkeepers and owners - retail and wholesale,Proportion of men (%),16 to 19 years,0.8,TRUE
7132,Sales supervisors - retail and wholesale ,Proportion of women (%),65 years and over,1.4,TRUE
7132,Sales supervisors - retail and wholesale ,Proportion of women (%),60 to 64 years,3.9,TRUE
7132,Sales supervisors - retail and wholesale ,Proportion of women (%),55 to 59 years,7.3,TRUE
7132,Sales supervisors - retail and wholesale ,Proportion of women (%),50 to 54 years,9.2,TRUE
7132,Sales supervisors - retail and wholesale ,Proportion of women (%),45 to 49 years,8.6,TRUE
7132,Sales supervisors - retail and wholesale ,Proportion of women (%),40 to 44 years,8.7,TRUE
7132,Sales supervisors - retail and wholesale ,Proportion of women (%),35 to 39 years,11.1,TRUE
7132,Sales supervisors - retail and wholesale ,Proportion of women (%),30 to 34 years,15.6,TRUE
7132,Sales supervisors - retail and wholesale ,Proportion of women (%),25 to 29 years,17.7,TRUE
7132,Sales supervisors - retail and wholesale ,Proportion of women (%),20 to 24 years,14.8,TRUE
7132,Sales supervisors - retail and wholesale ,Proportion of women (%),16 to 19 years,1.6,TRUE
7132,Sales supervisors - retail and wholesale ,Proportion of men (%),65 years and over,1.3,TRUE
7132,Sales supervisors - retail and wholesale ,Proportion of men (%),60 to 64 years,3,TRUE
7132,Sales supervisors - retail and wholesale ,Proportion of men (%),55 to 59 years,5.5,TRUE
7132,Sales supervisors - retail and wholesale ,Proportion of men (%),50 to 54 years,7.1,TRUE
7132,Sales supervisors - retail and wholesale ,Proportion of men (%),45 to 49 years,8,TRUE
7132,Sales supervisors - retail and wholesale ,Proportion of men (%),40 to 44 years,9.6,TRUE
7132,Sales supervisors - retail and wholesale ,Proportion of men (%),35 to 39 years,13.3,TRUE
7132,Sales supervisors - retail and wholesale ,Proportion of men (%),30 to 34 years,17.6,TRUE
7132,Sales supervisors - retail and wholesale ,Proportion of men (%),25 to 29 years,19.1,TRUE
7132,Sales supervisors - retail and wholesale ,Proportion of men (%),20 to 24 years,13.9,TRUE
7132,Sales supervisors - retail and wholesale ,Proportion of men (%),16 to 19 years,1.6,TRUE
7211,Call and contact centre occupations,Proportion of women (%),65 years and over,1.8,TRUE
7211,Call and contact centre occupations,Proportion of women (%),60 to 64 years,4.5,TRUE
7211,Call and contact centre occupations,Proportion of women (%),55 to 59 years,7.2,TRUE
7211,Call and contact centre occupations,Proportion of women (%),50 to 54 years,8.2,TRUE
7211,Call and contact centre occupations,Proportion of women (%),45 to 49 years,7.5,TRUE
7211,Call and contact centre occupations,Proportion of women (%),40 to 44 years,6.9,TRUE
7211,Call and contact centre occupations,Proportion of women (%),35 to 39 years,8.8,TRUE
7211,Call and contact centre occupations,Proportion of women (%),30 to 34 years,12.1,TRUE
7211,Call and contact centre occupations,Proportion of women (%),25 to 29 years,17.2,TRUE
7211,Call and contact centre occupations,Proportion of women (%),20 to 24 years,21.7,TRUE
7211,Call and contact centre occupations,Proportion of women (%),16 to 19 years,4.2,TRUE
7211,Call and contact centre occupations,Proportion of men (%),65 years and over,1.4,TRUE
7211,Call and contact centre occupations,Proportion of men (%),60 to 64 years,3.2,TRUE
7211,Call and contact centre occupations,Proportion of men (%),55 to 59 years,4.2,TRUE
7211,Call and contact centre occupations,Proportion of men (%),50 to 54 years,5.4,TRUE
7211,Call and contact centre occupations,Proportion of men (%),45 to 49 years,5.9,TRUE
7211,Call and contact centre occupations,Proportion of men (%),40 to 44 years,6.8,TRUE
7211,Call and contact centre occupations,Proportion of men (%),35 to 39 years,9.6,TRUE
7211,Call and contact centre occupations,Proportion of men (%),30 to 34 years,14.4,TRUE
7211,Call and contact centre occupations,Proportion of men (%),25 to 29 years,21.9,TRUE
7211,Call and contact centre occupations,Proportion of men (%),20 to 24 years,23.2,TRUE
7211,Call and contact centre occupations,Proportion of men (%),16 to 19 years,3.9,TRUE
7212,Telephonists,Proportion of women (%),65 years and over,10.1,TRUE
7212,Telephonists,Proportion of women (%),60 to 64 years,12,TRUE
7212,Telephonists,Proportion of women (%),55 to 59 years,14.4,TRUE
7212,Telephonists,Proportion of women (%),50 to 54 years,12.1,TRUE
7212,Telephonists,Proportion of women (%),45 to 49 years,8,TRUE
7212,Telephonists,Proportion of women (%),40 to 44 years,6,TRUE
7212,Telephonists,Proportion of women (%),35 to 39 years,6.2,TRUE
7212,Telephonists,Proportion of women (%),30 to 34 years,8,TRUE
7212,Telephonists,Proportion of women (%),25 to 29 years,8.8,TRUE
7212,Telephonists,Proportion of women (%),20 to 24 years,10.7,TRUE
7212,Telephonists,Proportion of women (%),16 to 19 years,3.6,TRUE
7212,Telephonists,Proportion of men (%),65 years and over,3.5,TRUE
7212,Telephonists,Proportion of men (%),60 to 64 years,4.9,TRUE
7212,Telephonists,Proportion of men (%),55 to 59 years,7.7,TRUE
7212,Telephonists,Proportion of men (%),50 to 54 years,9,TRUE
7212,Telephonists,Proportion of men (%),45 to 49 years,8.4,TRUE
7212,Telephonists,Proportion of men (%),40 to 44 years,8.9,TRUE
7212,Telephonists,Proportion of men (%),35 to 39 years,8.7,TRUE
7212,Telephonists,Proportion of men (%),30 to 34 years,10.6,TRUE
7212,Telephonists,Proportion of men (%),25 to 29 years,16.4,TRUE
7212,Telephonists,Proportion of men (%),20 to 24 years,16.7,TRUE
7212,Telephonists,Proportion of men (%),16 to 19 years,5.1,TRUE
7213,Communication operators,Proportion of women (%),65 years and over,1.5,TRUE
7213,Communication operators,Proportion of women (%),60 to 64 years,4.3,TRUE
7213,Communication operators,Proportion of women (%),55 to 59 years,7.5,TRUE
7213,Communication operators,Proportion of women (%),50 to 54 years,9.6,TRUE
7213,Communication operators,Proportion of women (%),45 to 49 years,9.7,TRUE
7213,Communication operators,Proportion of women (%),40 to 44 years,10,TRUE
7213,Communication operators,Proportion of women (%),35 to 39 years,10.9,TRUE
7213,Communication operators,Proportion of women (%),30 to 34 years,13.7,TRUE
7213,Communication operators,Proportion of women (%),25 to 29 years,17.7,TRUE
7213,Communication operators,Proportion of women (%),20 to 24 years,13.4,TRUE
7213,Communication operators,Proportion of women (%),16 to 19 years,1.6,TRUE
7213,Communication operators,Proportion of men (%),65 years and over,2.4,TRUE
7213,Communication operators,Proportion of men (%),60 to 64 years,5.2,TRUE
7213,Communication operators,Proportion of men (%),55 to 59 years,8.2,TRUE
7213,Communication operators,Proportion of men (%),50 to 54 years,8.4,TRUE
7213,Communication operators,Proportion of men (%),45 to 49 years,8.4,TRUE
7213,Communication operators,Proportion of men (%),40 to 44 years,8.9,TRUE
7213,Communication operators,Proportion of men (%),35 to 39 years,10.8,TRUE
7213,Communication operators,Proportion of men (%),30 to 34 years,14.2,TRUE
7213,Communication operators,Proportion of men (%),25 to 29 years,16.8,TRUE
7213,Communication operators,Proportion of men (%),20 to 24 years,14.1,TRUE
7213,Communication operators,Proportion of men (%),16 to 19 years,2.7,TRUE
7214,Market research interviewers,Proportion of women (%),65 years and over,12.3,TRUE
7214,Market research interviewers,Proportion of women (%),60 to 64 years,10.4,TRUE
7214,Market research interviewers,Proportion of women (%),55 to 59 years,12.5,TRUE
7214,Market research interviewers,Proportion of women (%),50 to 54 years,9.2,TRUE
7214,Market research interviewers,Proportion of women (%),45 to 49 years,8,TRUE
7214,Market research interviewers,Proportion of women (%),40 to 44 years,8.5,TRUE
7214,Market research interviewers,Proportion of women (%),35 to 39 years,7.3,TRUE
7214,Market research interviewers,Proportion of women (%),30 to 34 years,7.8,TRUE
7214,Market research interviewers,Proportion of women (%),25 to 29 years,10.1,TRUE
7214,Market research interviewers,Proportion of women (%),20 to 24 years,11.7,TRUE
7214,Market research interviewers,Proportion of women (%),16 to 19 years,2.3,TRUE
7214,Market research interviewers,Proportion of men (%),65 years and over,13.7,TRUE
7214,Market research interviewers,Proportion of men (%),60 to 64 years,11.6,TRUE
7214,Market research interviewers,Proportion of men (%),55 to 59 years,11.4,TRUE
7214,Market research interviewers,Proportion of men (%),50 to 54 years,8.2,TRUE
7214,Market research interviewers,Proportion of men (%),45 to 49 years,7.4,TRUE
7214,Market research interviewers,Proportion of men (%),40 to 44 years,7.2,TRUE
7214,Market research interviewers,Proportion of men (%),35 to 39 years,7.1,TRUE
7214,Market research interviewers,Proportion of men (%),30 to 34 years,8.8,TRUE
7214,Market research interviewers,Proportion of men (%),25 to 29 years,11.1,TRUE
7214,Market research interviewers,Proportion of men (%),20 to 24 years,10.6,TRUE
7214,Market research interviewers,Proportion of men (%),16 to 19 years,3.1,TRUE
7219,Customer service occupations n.e.c.,Proportion of women (%),65 years and over,1.7,TRUE
7219,Customer service occupations n.e.c.,Proportion of women (%),60 to 64 years,4.9,TRUE
7219,Customer service occupations n.e.c.,Proportion of women (%),55 to 59 years,8,TRUE
7219,Customer service occupations n.e.c.,Proportion of women (%),50 to 54 years,9.2,TRUE
7219,Customer service occupations n.e.c.,Proportion of women (%),45 to 49 years,8.4,TRUE
7219,Customer service occupations n.e.c.,Proportion of women (%),40 to 44 years,8.6,TRUE
7219,Customer service occupations n.e.c.,Proportion of women (%),35 to 39 years,10.3,TRUE
7219,Customer service occupations n.e.c.,Proportion of women (%),30 to 34 years,12.7,TRUE
7219,Customer service occupations n.e.c.,Proportion of women (%),25 to 29 years,16,TRUE
7219,Customer service occupations n.e.c.,Proportion of women (%),20 to 24 years,16.4,TRUE
7219,Customer service occupations n.e.c.,Proportion of women (%),16 to 19 years,3.7,TRUE
7219,Customer service occupations n.e.c.,Proportion of men (%),65 years and over,1.8,TRUE
7219,Customer service occupations n.e.c.,Proportion of men (%),60 to 64 years,3.7,TRUE
7219,Customer service occupations n.e.c.,Proportion of men (%),55 to 59 years,5.3,TRUE
7219,Customer service occupations n.e.c.,Proportion of men (%),50 to 54 years,6.2,TRUE
7219,Customer service occupations n.e.c.,Proportion of men (%),45 to 49 years,7,TRUE
7219,Customer service occupations n.e.c.,Proportion of men (%),40 to 44 years,8.4,TRUE
7219,Customer service occupations n.e.c.,Proportion of men (%),35 to 39 years,10.9,TRUE
7219,Customer service occupations n.e.c.,Proportion of men (%),30 to 34 years,14.4,TRUE
7219,Customer service occupations n.e.c.,Proportion of men (%),25 to 29 years,19.1,TRUE
7219,Customer service occupations n.e.c.,Proportion of men (%),20 to 24 years,18.7,TRUE
7219,Customer service occupations n.e.c.,Proportion of men (%),16 to 19 years,4.6,TRUE
7220,Customer service supervisors,Proportion of women (%),65 years and over,1.2,TRUE
7220,Customer service supervisors,Proportion of women (%),60 to 64 years,3.7,TRUE
7220,Customer service supervisors,Proportion of women (%),55 to 59 years,7.8,TRUE
7220,Customer service supervisors,Proportion of women (%),50 to 54 years,10.4,TRUE
7220,Customer service supervisors,Proportion of women (%),45 to 49 years,10.6,TRUE
7220,Customer service supervisors,Proportion of women (%),40 to 44 years,10.9,TRUE
7220,Customer service supervisors,Proportion of women (%),35 to 39 years,12.7,TRUE
7220,Customer service supervisors,Proportion of women (%),30 to 34 years,17.3,TRUE
7220,Customer service supervisors,Proportion of women (%),25 to 29 years,16.7,TRUE
7220,Customer service supervisors,Proportion of women (%),20 to 24 years,8.2,TRUE
7220,Customer service supervisors,Proportion of women (%),16 to 19 years,0.6,TRUE
7220,Customer service supervisors,Proportion of men (%),65 years and over,1.1,TRUE
7220,Customer service supervisors,Proportion of men (%),60 to 64 years,3.3,TRUE
7220,Customer service supervisors,Proportion of men (%),55 to 59 years,6.6,TRUE
7220,Customer service supervisors,Proportion of men (%),50 to 54 years,9.3,TRUE
7220,Customer service supervisors,Proportion of men (%),45 to 49 years,10,TRUE
7220,Customer service supervisors,Proportion of men (%),40 to 44 years,12.4,TRUE
7220,Customer service supervisors,Proportion of men (%),35 to 39 years,14.6,TRUE
7220,Customer service supervisors,Proportion of men (%),30 to 34 years,16.9,TRUE
7220,Customer service supervisors,Proportion of men (%),25 to 29 years,17,TRUE
7220,Customer service supervisors,Proportion of men (%),20 to 24 years,8,TRUE
7220,Customer service supervisors,Proportion of men (%),16 to 19 years,0.9,TRUE
8111,"Food, drink and tobacco process operatives",Proportion of women (%),65 years and over,2.2,TRUE
8111,"Food, drink and tobacco process operatives",Proportion of women (%),60 to 64 years,6.7,TRUE
8111,"Food, drink and tobacco process operatives",Proportion of women (%),55 to 59 years,10.2,TRUE
8111,"Food, drink and tobacco process operatives",Proportion of women (%),50 to 54 years,12.1,TRUE
8111,"Food, drink and tobacco process operatives",Proportion of women (%),45 to 49 years,11.3,TRUE
8111,"Food, drink and tobacco process operatives",Proportion of women (%),40 to 44 years,11.1,TRUE
8111,"Food, drink and tobacco process operatives",Proportion of women (%),35 to 39 years,11.9,TRUE
8111,"Food, drink and tobacco process operatives",Proportion of women (%),30 to 34 years,12.5,TRUE
8111,"Food, drink and tobacco process operatives",Proportion of women (%),25 to 29 years,11.2,TRUE
8111,"Food, drink and tobacco process operatives",Proportion of women (%),20 to 24 years,8.3,TRUE
8111,"Food, drink and tobacco process operatives",Proportion of women (%),16 to 19 years,2.6,TRUE
8111,"Food, drink and tobacco process operatives",Proportion of men (%),65 years and over,2.2,TRUE
8111,"Food, drink and tobacco process operatives",Proportion of men (%),60 to 64 years,6.6,TRUE
8111,"Food, drink and tobacco process operatives",Proportion of men (%),55 to 59 years,9.9,TRUE
8111,"Food, drink and tobacco process operatives",Proportion of men (%),50 to 54 years,11.5,TRUE
8111,"Food, drink and tobacco process operatives",Proportion of men (%),45 to 49 years,10.9,TRUE
8111,"Food, drink and tobacco process operatives",Proportion of men (%),40 to 44 years,11.4,TRUE
8111,"Food, drink and tobacco process operatives",Proportion of men (%),35 to 39 years,12.5,TRUE
8111,"Food, drink and tobacco process operatives",Proportion of men (%),30 to 34 years,12.9,TRUE
8111,"Food, drink and tobacco process operatives",Proportion of men (%),25 to 29 years,11.4,TRUE
8111,"Food, drink and tobacco process operatives",Proportion of men (%),20 to 24 years,8.4,TRUE
8111,"Food, drink and tobacco process operatives",Proportion of men (%),16 to 19 years,2.2,TRUE
8112,Textile process operatives,Proportion of women (%),65 years and over,7.2,TRUE
8112,Textile process operatives,Proportion of women (%),60 to 64 years,11.1,TRUE
8112,Textile process operatives,Proportion of women (%),55 to 59 years,13.9,TRUE
8112,Textile process operatives,Proportion of women (%),50 to 54 years,14.3,TRUE
8112,Textile process operatives,Proportion of women (%),45 to 49 years,10.8,TRUE
8112,Textile process operatives,Proportion of women (%),40 to 44 years,9.7,TRUE
8112,Textile process operatives,Proportion of women (%),35 to 39 years,8.6,TRUE
8112,Textile process operatives,Proportion of women (%),30 to 34 years,8.4,TRUE
8112,Textile process operatives,Proportion of women (%),25 to 29 years,8.1,TRUE
8112,Textile process operatives,Proportion of women (%),20 to 24 years,6.4,TRUE
8112,Textile process operatives,Proportion of women (%),16 to 19 years,1.6,TRUE
8112,Textile process operatives,Proportion of men (%),65 years and over,5.5,TRUE
8112,Textile process operatives,Proportion of men (%),60 to 64 years,9.6,TRUE
8112,Textile process operatives,Proportion of men (%),55 to 59 years,12,TRUE
8112,Textile process operatives,Proportion of men (%),50 to 54 years,12.3,TRUE
8112,Textile process operatives,Proportion of men (%),45 to 49 years,10.6,TRUE
8112,Textile process operatives,Proportion of men (%),40 to 44 years,10,TRUE
8112,Textile process operatives,Proportion of men (%),35 to 39 years,10.3,TRUE
8112,Textile process operatives,Proportion of men (%),30 to 34 years,10.9,TRUE
8112,Textile process operatives,Proportion of men (%),25 to 29 years,9.6,TRUE
8112,Textile process operatives,Proportion of men (%),20 to 24 years,7,TRUE
8112,Textile process operatives,Proportion of men (%),16 to 19 years,2.2,TRUE
8113,Chemical and related process operatives,Proportion of women (%),65 years and over,2.7,TRUE
8113,Chemical and related process operatives,Proportion of women (%),60 to 64 years,6.3,TRUE
8113,Chemical and related process operatives,Proportion of women (%),55 to 59 years,9.9,TRUE
8113,Chemical and related process operatives,Proportion of women (%),50 to 54 years,12.2,TRUE
8113,Chemical and related process operatives,Proportion of women (%),45 to 49 years,10.2,TRUE
8113,Chemical and related process operatives,Proportion of women (%),40 to 44 years,11.9,TRUE
8113,Chemical and related process operatives,Proportion of women (%),35 to 39 years,11.8,TRUE
8113,Chemical and related process operatives,Proportion of women (%),30 to 34 years,12.5,TRUE
8113,Chemical and related process operatives,Proportion of women (%),25 to 29 years,12,TRUE
8113,Chemical and related process operatives,Proportion of women (%),20 to 24 years,8.8,TRUE
8113,Chemical and related process operatives,Proportion of women (%),16 to 19 years,1.8,TRUE
8113,Chemical and related process operatives,Proportion of men (%),65 years and over,2.6,TRUE
8113,Chemical and related process operatives,Proportion of men (%),60 to 64 years,7.6,TRUE
8113,Chemical and related process operatives,Proportion of men (%),55 to 59 years,12.6,TRUE
8113,Chemical and related process operatives,Proportion of men (%),50 to 54 years,14.3,TRUE
8113,Chemical and related process operatives,Proportion of men (%),45 to 49 years,11.5,TRUE
8113,Chemical and related process operatives,Proportion of men (%),40 to 44 years,10.3,TRUE
8113,Chemical and related process operatives,Proportion of men (%),35 to 39 years,10.2,TRUE
8113,Chemical and related process operatives,Proportion of men (%),30 to 34 years,12.2,TRUE
8113,Chemical and related process operatives,Proportion of men (%),25 to 29 years,10.6,TRUE
8113,Chemical and related process operatives,Proportion of men (%),20 to 24 years,6.9,TRUE
8113,Chemical and related process operatives,Proportion of men (%),16 to 19 years,1.1,TRUE
8114,Plastics process operatives,Proportion of women (%),65 years and over,3.4,TRUE
8114,Plastics process operatives,Proportion of women (%),60 to 64 years,7.8,TRUE
8114,Plastics process operatives,Proportion of women (%),55 to 59 years,11.4,TRUE
8114,Plastics process operatives,Proportion of women (%),50 to 54 years,11.8,TRUE
8114,Plastics process operatives,Proportion of women (%),45 to 49 years,10.5,TRUE
8114,Plastics process operatives,Proportion of women (%),40 to 44 years,11,TRUE
8114,Plastics process operatives,Proportion of women (%),35 to 39 years,12,TRUE
8114,Plastics process operatives,Proportion of women (%),30 to 34 years,11.7,TRUE
8114,Plastics process operatives,Proportion of women (%),25 to 29 years,11.2,TRUE
8114,Plastics process operatives,Proportion of women (%),20 to 24 years,7.5,TRUE
8114,Plastics process operatives,Proportion of women (%),16 to 19 years,1.7,TRUE
8114,Plastics process operatives,Proportion of men (%),65 years and over,2.7,TRUE
8114,Plastics process operatives,Proportion of men (%),60 to 64 years,7.7,TRUE
8114,Plastics process operatives,Proportion of men (%),55 to 59 years,11.9,TRUE
8114,Plastics process operatives,Proportion of men (%),50 to 54 years,12.4,TRUE
8114,Plastics process operatives,Proportion of men (%),45 to 49 years,11.1,TRUE
8114,Plastics process operatives,Proportion of men (%),40 to 44 years,10.5,TRUE
8114,Plastics process operatives,Proportion of men (%),35 to 39 years,11.3,TRUE
8114,Plastics process operatives,Proportion of men (%),30 to 34 years,12.2,TRUE
8114,Plastics process operatives,Proportion of men (%),25 to 29 years,10.7,TRUE
8114,Plastics process operatives,Proportion of men (%),20 to 24 years,7.7,TRUE
8114,Plastics process operatives,Proportion of men (%),16 to 19 years,1.8,TRUE
8115,Metal making and treating process operatives,Proportion of women (%),65 years and over,4.6,TRUE
8115,Metal making and treating process operatives,Proportion of women (%),60 to 64 years,7.5,TRUE
8115,Metal making and treating process operatives,Proportion of women (%),55 to 59 years,10.7,TRUE
8115,Metal making and treating process operatives,Proportion of women (%),50 to 54 years,13.3,TRUE
8115,Metal making and treating process operatives,Proportion of women (%),45 to 49 years,12,TRUE
8115,Metal making and treating process operatives,Proportion of women (%),40 to 44 years,11.6,TRUE
8115,Metal making and treating process operatives,Proportion of women (%),35 to 39 years,12.1,TRUE
8115,Metal making and treating process operatives,Proportion of women (%),30 to 34 years,10.7,TRUE
8115,Metal making and treating process operatives,Proportion of women (%),25 to 29 years,9.3,TRUE
8115,Metal making and treating process operatives,Proportion of women (%),20 to 24 years,6.6,TRUE
8115,Metal making and treating process operatives,Proportion of women (%),16 to 19 years,1.7,TRUE
8115,Metal making and treating process operatives,Proportion of men (%),65 years and over,3.5,TRUE
8115,Metal making and treating process operatives,Proportion of men (%),60 to 64 years,8.2,TRUE
8115,Metal making and treating process operatives,Proportion of men (%),55 to 59 years,13.3,TRUE
8115,Metal making and treating process operatives,Proportion of men (%),50 to 54 years,14,TRUE
8115,Metal making and treating process operatives,Proportion of men (%),45 to 49 years,10.8,TRUE
8115,Metal making and treating process operatives,Proportion of men (%),40 to 44 years,10.6,TRUE
8115,Metal making and treating process operatives,Proportion of men (%),35 to 39 years,10.6,TRUE
8115,Metal making and treating process operatives,Proportion of men (%),30 to 34 years,10.6,TRUE
8115,Metal making and treating process operatives,Proportion of men (%),25 to 29 years,10.2,TRUE
8115,Metal making and treating process operatives,Proportion of men (%),20 to 24 years,6.8,TRUE
8115,Metal making and treating process operatives,Proportion of men (%),16 to 19 years,1.5,TRUE
8119,Process operatives n.e.c.,Proportion of women (%),65 years and over,4.8,TRUE
8119,Process operatives n.e.c.,Proportion of women (%),60 to 64 years,7.9,TRUE
8119,Process operatives n.e.c.,Proportion of women (%),55 to 59 years,11.8,TRUE
8119,Process operatives n.e.c.,Proportion of women (%),50 to 54 years,13.7,TRUE
8119,Process operatives n.e.c.,Proportion of women (%),45 to 49 years,11.7,TRUE
8119,Process operatives n.e.c.,Proportion of women (%),40 to 44 years,10.1,TRUE
8119,Process operatives n.e.c.,Proportion of women (%),35 to 39 years,12,TRUE
8119,Process operatives n.e.c.,Proportion of women (%),30 to 34 years,10.5,TRUE
8119,Process operatives n.e.c.,Proportion of women (%),25 to 29 years,10.3,TRUE
8119,Process operatives n.e.c.,Proportion of women (%),20 to 24 years,5.7,TRUE
8119,Process operatives n.e.c.,Proportion of women (%),16 to 19 years,1.6,TRUE
8119,Process operatives n.e.c.,Proportion of men (%),65 years and over,3.1,TRUE
8119,Process operatives n.e.c.,Proportion of men (%),60 to 64 years,7.6,TRUE
8119,Process operatives n.e.c.,Proportion of men (%),55 to 59 years,12.6,TRUE
8119,Process operatives n.e.c.,Proportion of men (%),50 to 54 years,13.1,TRUE
8119,Process operatives n.e.c.,Proportion of men (%),45 to 49 years,10.8,TRUE
8119,Process operatives n.e.c.,Proportion of men (%),40 to 44 years,10.1,TRUE
8119,Process operatives n.e.c.,Proportion of men (%),35 to 39 years,10.8,TRUE
8119,Process operatives n.e.c.,Proportion of men (%),30 to 34 years,11.7,TRUE
8119,Process operatives n.e.c.,Proportion of men (%),25 to 29 years,11,TRUE
8119,Process operatives n.e.c.,Proportion of men (%),20 to 24 years,7.4,TRUE
8119,Process operatives n.e.c.,Proportion of men (%),16 to 19 years,1.8,TRUE
8120,Metal working machine operatives ,Proportion of women (%),65 years and over,5.9,TRUE
8120,Metal working machine operatives ,Proportion of women (%),60 to 64 years,9.2,TRUE
8120,Metal working machine operatives ,Proportion of women (%),55 to 59 years,12.6,TRUE
8120,Metal working machine operatives ,Proportion of women (%),50 to 54 years,13.1,TRUE
8120,Metal working machine operatives ,Proportion of women (%),45 to 49 years,10.8,TRUE
8120,Metal working machine operatives ,Proportion of women (%),40 to 44 years,9.1,TRUE
8120,Metal working machine operatives ,Proportion of women (%),35 to 39 years,9.5,TRUE
8120,Metal working machine operatives ,Proportion of women (%),30 to 34 years,10.5,TRUE
8120,Metal working machine operatives ,Proportion of women (%),25 to 29 years,9.6,TRUE
8120,Metal working machine operatives ,Proportion of women (%),20 to 24 years,7.5,TRUE
8120,Metal working machine operatives ,Proportion of women (%),16 to 19 years,2.2,TRUE
8120,Metal working machine operatives ,Proportion of men (%),65 years and over,4.7,TRUE
8120,Metal working machine operatives ,Proportion of men (%),60 to 64 years,9.1,TRUE
8120,Metal working machine operatives ,Proportion of men (%),55 to 59 years,12.3,TRUE
8120,Metal working machine operatives ,Proportion of men (%),50 to 54 years,12.5,TRUE
8120,Metal working machine operatives ,Proportion of men (%),45 to 49 years,9.9,TRUE
8120,Metal working machine operatives ,Proportion of men (%),40 to 44 years,9.2,TRUE
8120,Metal working machine operatives ,Proportion of men (%),35 to 39 years,10,TRUE
8120,Metal working machine operatives ,Proportion of men (%),30 to 34 years,10.2,TRUE
8120,Metal working machine operatives ,Proportion of men (%),25 to 29 years,10.5,TRUE
8120,Metal working machine operatives ,Proportion of men (%),20 to 24 years,8.7,TRUE
8120,Metal working machine operatives ,Proportion of men (%),16 to 19 years,2.8,TRUE
8131,Paper and wood machine operatives,Proportion of women (%),65 years and over,4.2,TRUE
8131,Paper and wood machine operatives,Proportion of women (%),60 to 64 years,7.6,TRUE
8131,Paper and wood machine operatives,Proportion of women (%),55 to 59 years,11.3,TRUE
8131,Paper and wood machine operatives,Proportion of women (%),50 to 54 years,12,TRUE
8131,Paper and wood machine operatives,Proportion of women (%),45 to 49 years,10.4,TRUE
8131,Paper and wood machine operatives,Proportion of women (%),40 to 44 years,10.1,TRUE
8131,Paper and wood machine operatives,Proportion of women (%),35 to 39 years,10.9,TRUE
8131,Paper and wood machine operatives,Proportion of women (%),30 to 34 years,11.8,TRUE
8131,Paper and wood machine operatives,Proportion of women (%),25 to 29 years,11,TRUE
8131,Paper and wood machine operatives,Proportion of women (%),20 to 24 years,9.2,TRUE
8131,Paper and wood machine operatives,Proportion of women (%),16 to 19 years,1.5,TRUE
8131,Paper and wood machine operatives,Proportion of men (%),65 years and over,4,TRUE
8131,Paper and wood machine operatives,Proportion of men (%),60 to 64 years,8.9,TRUE
8131,Paper and wood machine operatives,Proportion of men (%),55 to 59 years,13.2,TRUE
8131,Paper and wood machine operatives,Proportion of men (%),50 to 54 years,13.4,TRUE
8131,Paper and wood machine operatives,Proportion of men (%),45 to 49 years,10.6,TRUE
8131,Paper and wood machine operatives,Proportion of men (%),40 to 44 years,9.9,TRUE
8131,Paper and wood machine operatives,Proportion of men (%),35 to 39 years,10.4,TRUE
8131,Paper and wood machine operatives,Proportion of men (%),30 to 34 years,10.6,TRUE
8131,Paper and wood machine operatives,Proportion of men (%),25 to 29 years,9.7,TRUE
8131,Paper and wood machine operatives,Proportion of men (%),20 to 24 years,7.5,TRUE
8131,Paper and wood machine operatives,Proportion of men (%),16 to 19 years,1.7,TRUE
8132,Mining and quarry workers and related operatives,Proportion of women (%),65 years and over,11.3,FALSE
8132,Mining and quarry workers and related operatives,Proportion of women (%),60 to 64 years,6.5,FALSE
8132,Mining and quarry workers and related operatives,Proportion of women (%),55 to 59 years,6.5,FALSE
8132,Mining and quarry workers and related operatives,Proportion of women (%),50 to 54 years,13.8,FALSE
8132,Mining and quarry workers and related operatives,Proportion of women (%),45 to 49 years,8,FALSE
8132,Mining and quarry workers and related operatives,Proportion of women (%),40 to 44 years,9.8,FALSE
8132,Mining and quarry workers and related operatives,Proportion of women (%),35 to 39 years,11.3,FALSE
8132,Mining and quarry workers and related operatives,Proportion of women (%),30 to 34 years,11.6,FALSE
8132,Mining and quarry workers and related operatives,Proportion of women (%),25 to 29 years,12.7,FALSE
8132,Mining and quarry workers and related operatives,Proportion of women (%),20 to 24 years,6.2,FALSE
8132,Mining and quarry workers and related operatives,Proportion of women (%),16 to 19 years,null,FALSE
8132,Mining and quarry workers and related operatives,Proportion of men (%),65 years and over,7.7,FALSE
8132,Mining and quarry workers and related operatives,Proportion of men (%),60 to 64 years,8.5,FALSE
8132,Mining and quarry workers and related operatives,Proportion of men (%),55 to 59 years,12.6,FALSE
8132,Mining and quarry workers and related operatives,Proportion of men (%),50 to 54 years,13.3,FALSE
8132,Mining and quarry workers and related operatives,Proportion of men (%),45 to 49 years,11.1,FALSE
8132,Mining and quarry workers and related operatives,Proportion of men (%),40 to 44 years,9.8,FALSE
8132,Mining and quarry workers and related operatives,Proportion of men (%),35 to 39 years,10.6,FALSE
8132,Mining and quarry workers and related operatives,Proportion of men (%),30 to 34 years,11.3,FALSE
8132,Mining and quarry workers and related operatives,Proportion of men (%),25 to 29 years,9.2,FALSE
8132,Mining and quarry workers and related operatives,Proportion of men (%),20 to 24 years,4.7,FALSE
8132,Mining and quarry workers and related operatives,Proportion of men (%),16 to 19 years,1.2,FALSE
8133,Energy plant operatives,Proportion of women (%),65 years and over,2.3,TRUE
8133,Energy plant operatives,Proportion of women (%),60 to 64 years,5.6,TRUE
8133,Energy plant operatives,Proportion of women (%),55 to 59 years,8.5,TRUE
8133,Energy plant operatives,Proportion of women (%),50 to 54 years,13,TRUE
8133,Energy plant operatives,Proportion of women (%),45 to 49 years,11.7,TRUE
8133,Energy plant operatives,Proportion of women (%),40 to 44 years,9.8,TRUE
8133,Energy plant operatives,Proportion of women (%),35 to 39 years,13.3,TRUE
8133,Energy plant operatives,Proportion of women (%),30 to 34 years,13,TRUE
8133,Energy plant operatives,Proportion of women (%),25 to 29 years,13.6,TRUE
8133,Energy plant operatives,Proportion of women (%),20 to 24 years,7.5,TRUE
8133,Energy plant operatives,Proportion of women (%),16 to 19 years,1.6,TRUE
8133,Energy plant operatives,Proportion of men (%),65 years and over,3.6,TRUE
8133,Energy plant operatives,Proportion of men (%),60 to 64 years,7.2,TRUE
8133,Energy plant operatives,Proportion of men (%),55 to 59 years,12.2,TRUE
8133,Energy plant operatives,Proportion of men (%),50 to 54 years,12.1,TRUE
8133,Energy plant operatives,Proportion of men (%),45 to 49 years,10.5,TRUE
8133,Energy plant operatives,Proportion of men (%),40 to 44 years,10.5,TRUE
8133,Energy plant operatives,Proportion of men (%),35 to 39 years,13,TRUE
8133,Energy plant operatives,Proportion of men (%),30 to 34 years,14,TRUE
8133,Energy plant operatives,Proportion of men (%),25 to 29 years,10.3,TRUE
8133,Energy plant operatives,Proportion of men (%),20 to 24 years,5.5,TRUE
8133,Energy plant operatives,Proportion of men (%),16 to 19 years,1.1,TRUE
8134,Water and sewerage plant operatives,Proportion of women (%),65 years and over,2.3,TRUE
8134,Water and sewerage plant operatives,Proportion of women (%),60 to 64 years,3.7,TRUE
8134,Water and sewerage plant operatives,Proportion of women (%),55 to 59 years,8.1,TRUE
8134,Water and sewerage plant operatives,Proportion of women (%),50 to 54 years,10.7,TRUE
8134,Water and sewerage plant operatives,Proportion of women (%),45 to 49 years,12.4,TRUE
8134,Water and sewerage plant operatives,Proportion of women (%),40 to 44 years,11.9,TRUE
8134,Water and sewerage plant operatives,Proportion of women (%),35 to 39 years,12.2,TRUE
8134,Water and sewerage plant operatives,Proportion of women (%),30 to 34 years,15.9,TRUE
8134,Water and sewerage plant operatives,Proportion of women (%),25 to 29 years,12.4,TRUE
8134,Water and sewerage plant operatives,Proportion of women (%),20 to 24 years,9.1,TRUE
8134,Water and sewerage plant operatives,Proportion of women (%),16 to 19 years,1.2,TRUE
8134,Water and sewerage plant operatives,Proportion of men (%),65 years and over,3,TRUE
8134,Water and sewerage plant operatives,Proportion of men (%),60 to 64 years,7.3,TRUE
8134,Water and sewerage plant operatives,Proportion of men (%),55 to 59 years,11.5,TRUE
8134,Water and sewerage plant operatives,Proportion of men (%),50 to 54 years,11.8,TRUE
8134,Water and sewerage plant operatives,Proportion of men (%),45 to 49 years,9.8,TRUE
8134,Water and sewerage plant operatives,Proportion of men (%),40 to 44 years,9.8,TRUE
8134,Water and sewerage plant operatives,Proportion of men (%),35 to 39 years,11.6,TRUE
8134,Water and sewerage plant operatives,Proportion of men (%),30 to 34 years,13.5,TRUE
8134,Water and sewerage plant operatives,Proportion of men (%),25 to 29 years,12.4,TRUE
8134,Water and sewerage plant operatives,Proportion of men (%),20 to 24 years,8.3,TRUE
8134,Water and sewerage plant operatives,Proportion of men (%),16 to 19 years,1.1,TRUE
8135,Printing machine assistants,Proportion of women (%),65 years and over,4.6,TRUE
8135,Printing machine assistants,Proportion of women (%),60 to 64 years,7.9,TRUE
8135,Printing machine assistants,Proportion of women (%),55 to 59 years,9.6,TRUE
8135,Printing machine assistants,Proportion of women (%),50 to 54 years,11.6,TRUE
8135,Printing machine assistants,Proportion of women (%),45 to 49 years,9.6,TRUE
8135,Printing machine assistants,Proportion of women (%),40 to 44 years,10.6,TRUE
8135,Printing machine assistants,Proportion of women (%),35 to 39 years,11.7,TRUE
8135,Printing machine assistants,Proportion of women (%),30 to 34 years,12.7,TRUE
8135,Printing machine assistants,Proportion of women (%),25 to 29 years,11.8,TRUE
8135,Printing machine assistants,Proportion of women (%),20 to 24 years,7.9,TRUE
8135,Printing machine assistants,Proportion of women (%),16 to 19 years,2.1,TRUE
8135,Printing machine assistants,Proportion of men (%),65 years and over,4.4,TRUE
8135,Printing machine assistants,Proportion of men (%),60 to 64 years,8.5,TRUE
8135,Printing machine assistants,Proportion of men (%),55 to 59 years,12.8,TRUE
8135,Printing machine assistants,Proportion of men (%),50 to 54 years,14.3,TRUE
8135,Printing machine assistants,Proportion of men (%),45 to 49 years,12.8,TRUE
8135,Printing machine assistants,Proportion of men (%),40 to 44 years,11.4,TRUE
8135,Printing machine assistants,Proportion of men (%),35 to 39 years,10.5,TRUE
8135,Printing machine assistants,Proportion of men (%),30 to 34 years,9.3,TRUE
8135,Printing machine assistants,Proportion of men (%),25 to 29 years,8.4,TRUE
8135,Printing machine assistants,Proportion of men (%),20 to 24 years,6,TRUE
8135,Printing machine assistants,Proportion of men (%),16 to 19 years,1.5,TRUE
8139,Plant and machine operatives n.e.c.,Proportion of women (%),65 years and over,5.1,TRUE
8139,Plant and machine operatives n.e.c.,Proportion of women (%),60 to 64 years,8.1,TRUE
8139,Plant and machine operatives n.e.c.,Proportion of women (%),55 to 59 years,11.3,TRUE
8139,Plant and machine operatives n.e.c.,Proportion of women (%),50 to 54 years,11.6,TRUE
8139,Plant and machine operatives n.e.c.,Proportion of women (%),45 to 49 years,9.5,TRUE
8139,Plant and machine operatives n.e.c.,Proportion of women (%),40 to 44 years,11.3,TRUE
8139,Plant and machine operatives n.e.c.,Proportion of women (%),35 to 39 years,11.2,TRUE
8139,Plant and machine operatives n.e.c.,Proportion of women (%),30 to 34 years,11.1,TRUE
8139,Plant and machine operatives n.e.c.,Proportion of women (%),25 to 29 years,12.2,TRUE
8139,Plant and machine operatives n.e.c.,Proportion of women (%),20 to 24 years,7.4,TRUE
8139,Plant and machine operatives n.e.c.,Proportion of women (%),16 to 19 years,1.3,TRUE
8139,Plant and machine operatives n.e.c.,Proportion of men (%),65 years and over,4.4,TRUE
8139,Plant and machine operatives n.e.c.,Proportion of men (%),60 to 64 years,9.1,TRUE
8139,Plant and machine operatives n.e.c.,Proportion of men (%),55 to 59 years,12.5,TRUE
8139,Plant and machine operatives n.e.c.,Proportion of men (%),50 to 54 years,12.6,TRUE
8139,Plant and machine operatives n.e.c.,Proportion of men (%),45 to 49 years,10.5,TRUE
8139,Plant and machine operatives n.e.c.,Proportion of men (%),40 to 44 years,9.7,TRUE
8139,Plant and machine operatives n.e.c.,Proportion of men (%),35 to 39 years,10.7,TRUE
8139,Plant and machine operatives n.e.c.,Proportion of men (%),30 to 34 years,11,TRUE
8139,Plant and machine operatives n.e.c.,Proportion of men (%),25 to 29 years,10.3,TRUE
8139,Plant and machine operatives n.e.c.,Proportion of men (%),20 to 24 years,7.3,TRUE
8139,Plant and machine operatives n.e.c.,Proportion of men (%),16 to 19 years,1.8,TRUE
8141,Assemblers (electrical and electronic products),Proportion of women (%),65 years and over,5.5,TRUE
8141,Assemblers (electrical and electronic products),Proportion of women (%),60 to 64 years,12.3,TRUE
8141,Assemblers (electrical and electronic products),Proportion of women (%),55 to 59 years,16.8,TRUE
8141,Assemblers (electrical and electronic products),Proportion of women (%),50 to 54 years,15.9,TRUE
8141,Assemblers (electrical and electronic products),Proportion of women (%),45 to 49 years,10,TRUE
8141,Assemblers (electrical and electronic products),Proportion of women (%),40 to 44 years,9.1,TRUE
8141,Assemblers (electrical and electronic products),Proportion of women (%),35 to 39 years,9.2,TRUE
8141,Assemblers (electrical and electronic products),Proportion of women (%),30 to 34 years,9,TRUE
8141,Assemblers (electrical and electronic products),Proportion of women (%),25 to 29 years,6.8,TRUE
8141,Assemblers (electrical and electronic products),Proportion of women (%),20 to 24 years,4.4,TRUE
8141,Assemblers (electrical and electronic products),Proportion of women (%),16 to 19 years,1,TRUE
8141,Assemblers (electrical and electronic products),Proportion of men (%),65 years and over,4.7,TRUE
8141,Assemblers (electrical and electronic products),Proportion of men (%),60 to 64 years,9.2,TRUE
8141,Assemblers (electrical and electronic products),Proportion of men (%),55 to 59 years,11.8,TRUE
8141,Assemblers (electrical and electronic products),Proportion of men (%),50 to 54 years,11.8,TRUE
8141,Assemblers (electrical and electronic products),Proportion of men (%),45 to 49 years,10.6,TRUE
8141,Assemblers (electrical and electronic products),Proportion of men (%),40 to 44 years,9.7,TRUE
8141,Assemblers (electrical and electronic products),Proportion of men (%),35 to 39 years,10,TRUE
8141,Assemblers (electrical and electronic products),Proportion of men (%),30 to 34 years,11,TRUE
8141,Assemblers (electrical and electronic products),Proportion of men (%),25 to 29 years,10.4,TRUE
8141,Assemblers (electrical and electronic products),Proportion of men (%),20 to 24 years,9,TRUE
8141,Assemblers (electrical and electronic products),Proportion of men (%),16 to 19 years,2,TRUE
8142,Assemblers (vehicles and metal goods),Proportion of women (%),65 years and over,2.7,TRUE
8142,Assemblers (vehicles and metal goods),Proportion of women (%),60 to 64 years,7.1,TRUE
8142,Assemblers (vehicles and metal goods),Proportion of women (%),55 to 59 years,11,TRUE
8142,Assemblers (vehicles and metal goods),Proportion of women (%),50 to 54 years,12.3,TRUE
8142,Assemblers (vehicles and metal goods),Proportion of women (%),45 to 49 years,10.6,TRUE
8142,Assemblers (vehicles and metal goods),Proportion of women (%),40 to 44 years,10,TRUE
8142,Assemblers (vehicles and metal goods),Proportion of women (%),35 to 39 years,11.8,TRUE
8142,Assemblers (vehicles and metal goods),Proportion of women (%),30 to 34 years,14.4,TRUE
8142,Assemblers (vehicles and metal goods),Proportion of women (%),25 to 29 years,11.9,TRUE
8142,Assemblers (vehicles and metal goods),Proportion of women (%),20 to 24 years,7.1,TRUE
8142,Assemblers (vehicles and metal goods),Proportion of women (%),16 to 19 years,1.2,TRUE
8142,Assemblers (vehicles and metal goods),Proportion of men (%),65 years and over,1.7,TRUE
8142,Assemblers (vehicles and metal goods),Proportion of men (%),60 to 64 years,6.2,TRUE
8142,Assemblers (vehicles and metal goods),Proportion of men (%),55 to 59 years,11.2,TRUE
8142,Assemblers (vehicles and metal goods),Proportion of men (%),50 to 54 years,13.1,TRUE
8142,Assemblers (vehicles and metal goods),Proportion of men (%),45 to 49 years,10.7,TRUE
8142,Assemblers (vehicles and metal goods),Proportion of men (%),40 to 44 years,10.1,TRUE
8142,Assemblers (vehicles and metal goods),Proportion of men (%),35 to 39 years,11.4,TRUE
8142,Assemblers (vehicles and metal goods),Proportion of men (%),30 to 34 years,14.4,TRUE
8142,Assemblers (vehicles and metal goods),Proportion of men (%),25 to 29 years,12.4,TRUE
8142,Assemblers (vehicles and metal goods),Proportion of men (%),20 to 24 years,7.4,TRUE
8142,Assemblers (vehicles and metal goods),Proportion of men (%),16 to 19 years,1.3,TRUE
8143,Routine inspectors and testers,Proportion of women (%),65 years and over,2.9,TRUE
8143,Routine inspectors and testers,Proportion of women (%),60 to 64 years,5.9,TRUE
8143,Routine inspectors and testers,Proportion of women (%),55 to 59 years,9.1,TRUE
8143,Routine inspectors and testers,Proportion of women (%),50 to 54 years,10.3,TRUE
8143,Routine inspectors and testers,Proportion of women (%),45 to 49 years,9.9,TRUE
8143,Routine inspectors and testers,Proportion of women (%),40 to 44 years,10.7,TRUE
8143,Routine inspectors and testers,Proportion of women (%),35 to 39 years,13.8,TRUE
8143,Routine inspectors and testers,Proportion of women (%),30 to 34 years,14.8,TRUE
8143,Routine inspectors and testers,Proportion of women (%),25 to 29 years,13.7,TRUE
8143,Routine inspectors and testers,Proportion of women (%),20 to 24 years,7.8,TRUE
8143,Routine inspectors and testers,Proportion of women (%),16 to 19 years,1.2,TRUE
8143,Routine inspectors and testers,Proportion of men (%),65 years and over,4.7,TRUE
8143,Routine inspectors and testers,Proportion of men (%),60 to 64 years,9.9,TRUE
8143,Routine inspectors and testers,Proportion of men (%),55 to 59 years,13.3,TRUE
8143,Routine inspectors and testers,Proportion of men (%),50 to 54 years,12.8,TRUE
8143,Routine inspectors and testers,Proportion of men (%),45 to 49 years,10.6,TRUE
8143,Routine inspectors and testers,Proportion of men (%),40 to 44 years,9.5,TRUE
8143,Routine inspectors and testers,Proportion of men (%),35 to 39 years,10.4,TRUE
8143,Routine inspectors and testers,Proportion of men (%),30 to 34 years,11,TRUE
8143,Routine inspectors and testers,Proportion of men (%),25 to 29 years,10.3,TRUE
8143,Routine inspectors and testers,Proportion of men (%),20 to 24 years,6.7,TRUE
8143,Routine inspectors and testers,Proportion of men (%),16 to 19 years,0.9,TRUE
8144,"Weighers, graders and sorters",Proportion of women (%),65 years and over,3.3,TRUE
8144,"Weighers, graders and sorters",Proportion of women (%),60 to 64 years,7.3,TRUE
8144,"Weighers, graders and sorters",Proportion of women (%),55 to 59 years,11.5,TRUE
8144,"Weighers, graders and sorters",Proportion of women (%),50 to 54 years,13.4,TRUE
8144,"Weighers, graders and sorters",Proportion of women (%),45 to 49 years,10.8,TRUE
8144,"Weighers, graders and sorters",Proportion of women (%),40 to 44 years,9.7,TRUE
8144,"Weighers, graders and sorters",Proportion of women (%),35 to 39 years,9.8,TRUE
8144,"Weighers, graders and sorters",Proportion of women (%),30 to 34 years,10.6,TRUE
8144,"Weighers, graders and sorters",Proportion of women (%),25 to 29 years,11.6,TRUE
8144,"Weighers, graders and sorters",Proportion of women (%),20 to 24 years,9.7,TRUE
8144,"Weighers, graders and sorters",Proportion of women (%),16 to 19 years,2.5,TRUE
8144,"Weighers, graders and sorters",Proportion of men (%),65 years and over,4.9,TRUE
8144,"Weighers, graders and sorters",Proportion of men (%),60 to 64 years,9.5,TRUE
8144,"Weighers, graders and sorters",Proportion of men (%),55 to 59 years,12.4,TRUE
8144,"Weighers, graders and sorters",Proportion of men (%),50 to 54 years,11.1,TRUE
8144,"Weighers, graders and sorters",Proportion of men (%),45 to 49 years,9.2,TRUE
8144,"Weighers, graders and sorters",Proportion of men (%),40 to 44 years,8.3,TRUE
8144,"Weighers, graders and sorters",Proportion of men (%),35 to 39 years,9.6,TRUE
8144,"Weighers, graders and sorters",Proportion of men (%),30 to 34 years,10,TRUE
8144,"Weighers, graders and sorters",Proportion of men (%),25 to 29 years,11.8,TRUE
8144,"Weighers, graders and sorters",Proportion of men (%),20 to 24 years,10.4,TRUE
8144,"Weighers, graders and sorters",Proportion of men (%),16 to 19 years,2.8,TRUE
8145,"Tyre, exhaust and windscreen fitters",Proportion of women (%),65 years and over,6.2,TRUE
8145,"Tyre, exhaust and windscreen fitters",Proportion of women (%),60 to 64 years,6.5,TRUE
8145,"Tyre, exhaust and windscreen fitters",Proportion of women (%),55 to 59 years,7.7,TRUE
8145,"Tyre, exhaust and windscreen fitters",Proportion of women (%),50 to 54 years,8.6,TRUE
8145,"Tyre, exhaust and windscreen fitters",Proportion of women (%),45 to 49 years,8.9,TRUE
8145,"Tyre, exhaust and windscreen fitters",Proportion of women (%),40 to 44 years,6.2,TRUE
8145,"Tyre, exhaust and windscreen fitters",Proportion of women (%),35 to 39 years,7.1,TRUE
8145,"Tyre, exhaust and windscreen fitters",Proportion of women (%),30 to 34 years,10.9,TRUE
8145,"Tyre, exhaust and windscreen fitters",Proportion of women (%),25 to 29 years,11.5,TRUE
8145,"Tyre, exhaust and windscreen fitters",Proportion of women (%),20 to 24 years,18.6,TRUE
8145,"Tyre, exhaust and windscreen fitters",Proportion of women (%),16 to 19 years,7.7,TRUE
8145,"Tyre, exhaust and windscreen fitters",Proportion of men (%),65 years and over,2.3,TRUE
8145,"Tyre, exhaust and windscreen fitters",Proportion of men (%),60 to 64 years,4.1,TRUE
8145,"Tyre, exhaust and windscreen fitters",Proportion of men (%),55 to 59 years,6.8,TRUE
8145,"Tyre, exhaust and windscreen fitters",Proportion of men (%),50 to 54 years,8.8,TRUE
8145,"Tyre, exhaust and windscreen fitters",Proportion of men (%),45 to 49 years,9.2,TRUE
8145,"Tyre, exhaust and windscreen fitters",Proportion of men (%),40 to 44 years,9.9,TRUE
8145,"Tyre, exhaust and windscreen fitters",Proportion of men (%),35 to 39 years,11.3,TRUE
8145,"Tyre, exhaust and windscreen fitters",Proportion of men (%),30 to 34 years,13.6,TRUE
8145,"Tyre, exhaust and windscreen fitters",Proportion of men (%),25 to 29 years,14.2,TRUE
8145,"Tyre, exhaust and windscreen fitters",Proportion of men (%),20 to 24 years,14.8,TRUE
8145,"Tyre, exhaust and windscreen fitters",Proportion of men (%),16 to 19 years,4.9,TRUE
8146,Sewing machinists,Proportion of women (%),65 years and over,10.4,TRUE
8146,Sewing machinists,Proportion of women (%),60 to 64 years,13.6,TRUE
8146,Sewing machinists,Proportion of women (%),55 to 59 years,16.4,TRUE
8146,Sewing machinists,Proportion of women (%),50 to 54 years,16.6,TRUE
8146,Sewing machinists,Proportion of women (%),45 to 49 years,12.2,TRUE
8146,Sewing machinists,Proportion of women (%),40 to 44 years,9.3,TRUE
8146,Sewing machinists,Proportion of women (%),35 to 39 years,7.2,TRUE
8146,Sewing machinists,Proportion of women (%),30 to 34 years,5.7,TRUE
8146,Sewing machinists,Proportion of women (%),25 to 29 years,4.7,TRUE
8146,Sewing machinists,Proportion of women (%),20 to 24 years,3.1,TRUE
8146,Sewing machinists,Proportion of women (%),16 to 19 years,0.6,TRUE
8146,Sewing machinists,Proportion of men (%),65 years and over,4.4,TRUE
8146,Sewing machinists,Proportion of men (%),60 to 64 years,8.3,TRUE
8146,Sewing machinists,Proportion of men (%),55 to 59 years,11.4,TRUE
8146,Sewing machinists,Proportion of men (%),50 to 54 years,12.5,TRUE
8146,Sewing machinists,Proportion of men (%),45 to 49 years,13.1,TRUE
8146,Sewing machinists,Proportion of men (%),40 to 44 years,13.2,TRUE
8146,Sewing machinists,Proportion of men (%),35 to 39 years,11.1,TRUE
8146,Sewing machinists,Proportion of men (%),30 to 34 years,10.3,TRUE
8146,Sewing machinists,Proportion of men (%),25 to 29 years,8.4,TRUE
8146,Sewing machinists,Proportion of men (%),20 to 24 years,5.8,TRUE
8146,Sewing machinists,Proportion of men (%),16 to 19 years,1.6,TRUE
8149,Assemblers and routine operatives n.e.c.,Proportion of women (%),65 years and over,5,TRUE
8149,Assemblers and routine operatives n.e.c.,Proportion of women (%),60 to 64 years,9.6,TRUE
8149,Assemblers and routine operatives n.e.c.,Proportion of women (%),55 to 59 years,13.2,TRUE
8149,Assemblers and routine operatives n.e.c.,Proportion of women (%),50 to 54 years,12.3,TRUE
8149,Assemblers and routine operatives n.e.c.,Proportion of women (%),45 to 49 years,10.1,TRUE
8149,Assemblers and routine operatives n.e.c.,Proportion of women (%),40 to 44 years,8.8,TRUE
8149,Assemblers and routine operatives n.e.c.,Proportion of women (%),35 to 39 years,10,TRUE
8149,Assemblers and routine operatives n.e.c.,Proportion of women (%),30 to 34 years,10,TRUE
8149,Assemblers and routine operatives n.e.c.,Proportion of women (%),25 to 29 years,10.9,TRUE
8149,Assemblers and routine operatives n.e.c.,Proportion of women (%),20 to 24 years,8.4,TRUE
8149,Assemblers and routine operatives n.e.c.,Proportion of women (%),16 to 19 years,1.7,TRUE
8149,Assemblers and routine operatives n.e.c.,Proportion of men (%),65 years and over,3.3,TRUE
8149,Assemblers and routine operatives n.e.c.,Proportion of men (%),60 to 64 years,8,TRUE
8149,Assemblers and routine operatives n.e.c.,Proportion of men (%),55 to 59 years,11.3,TRUE
8149,Assemblers and routine operatives n.e.c.,Proportion of men (%),50 to 54 years,11.7,TRUE
8149,Assemblers and routine operatives n.e.c.,Proportion of men (%),45 to 49 years,10.1,TRUE
8149,Assemblers and routine operatives n.e.c.,Proportion of men (%),40 to 44 years,9.2,TRUE
8149,Assemblers and routine operatives n.e.c.,Proportion of men (%),35 to 39 years,11,TRUE
8149,Assemblers and routine operatives n.e.c.,Proportion of men (%),30 to 34 years,11.7,TRUE
8149,Assemblers and routine operatives n.e.c.,Proportion of men (%),25 to 29 years,11.6,TRUE
8149,Assemblers and routine operatives n.e.c.,Proportion of men (%),20 to 24 years,9.5,TRUE
8149,Assemblers and routine operatives n.e.c.,Proportion of men (%),16 to 19 years,2.5,TRUE
8151,"Scaffolders, stagers and riggers",Proportion of women (%),65 years and over,null,FALSE
8151,"Scaffolders, stagers and riggers",Proportion of women (%),60 to 64 years,3.8,FALSE
8151,"Scaffolders, stagers and riggers",Proportion of women (%),55 to 59 years,6.1,FALSE
8151,"Scaffolders, stagers and riggers",Proportion of women (%),50 to 54 years,7.6,FALSE
8151,"Scaffolders, stagers and riggers",Proportion of women (%),45 to 49 years,4.2,FALSE
8151,"Scaffolders, stagers and riggers",Proportion of women (%),40 to 44 years,8,FALSE
8151,"Scaffolders, stagers and riggers",Proportion of women (%),35 to 39 years,8.7,FALSE
8151,"Scaffolders, stagers and riggers",Proportion of women (%),30 to 34 years,11,FALSE
8151,"Scaffolders, stagers and riggers",Proportion of women (%),25 to 29 years,19.8,FALSE
8151,"Scaffolders, stagers and riggers",Proportion of women (%),20 to 24 years,20.5,FALSE
8151,"Scaffolders, stagers and riggers",Proportion of women (%),16 to 19 years,7.2,FALSE
8151,"Scaffolders, stagers and riggers",Proportion of men (%),65 years and over,1.8,FALSE
8151,"Scaffolders, stagers and riggers",Proportion of men (%),60 to 64 years,4,FALSE
8151,"Scaffolders, stagers and riggers",Proportion of men (%),55 to 59 years,7,FALSE
8151,"Scaffolders, stagers and riggers",Proportion of men (%),50 to 54 years,8.9,FALSE
8151,"Scaffolders, stagers and riggers",Proportion of men (%),45 to 49 years,8.1,FALSE
8151,"Scaffolders, stagers and riggers",Proportion of men (%),40 to 44 years,10.7,FALSE
8151,"Scaffolders, stagers and riggers",Proportion of men (%),35 to 39 years,14.1,FALSE
8151,"Scaffolders, stagers and riggers",Proportion of men (%),30 to 34 years,17.2,FALSE
8151,"Scaffolders, stagers and riggers",Proportion of men (%),25 to 29 years,15.3,FALSE
8151,"Scaffolders, stagers and riggers",Proportion of men (%),20 to 24 years,10,FALSE
8151,"Scaffolders, stagers and riggers",Proportion of men (%),16 to 19 years,2.9,FALSE
8152,Road construction operatives,Proportion of women (%),65 years and over,4,TRUE
8152,Road construction operatives,Proportion of women (%),60 to 64 years,7.7,TRUE
8152,Road construction operatives,Proportion of women (%),55 to 59 years,8.8,TRUE
8152,Road construction operatives,Proportion of women (%),50 to 54 years,11.6,TRUE
8152,Road construction operatives,Proportion of women (%),45 to 49 years,9.7,TRUE
8152,Road construction operatives,Proportion of women (%),40 to 44 years,7,TRUE
8152,Road construction operatives,Proportion of women (%),35 to 39 years,9,TRUE
8152,Road construction operatives,Proportion of women (%),30 to 34 years,13.8,TRUE
8152,Road construction operatives,Proportion of women (%),25 to 29 years,14.5,TRUE
8152,Road construction operatives,Proportion of women (%),20 to 24 years,11.6,TRUE
8152,Road construction operatives,Proportion of women (%),16 to 19 years,2.2,TRUE
8152,Road construction operatives,Proportion of men (%),65 years and over,2.9,TRUE
8152,Road construction operatives,Proportion of men (%),60 to 64 years,6.5,TRUE
8152,Road construction operatives,Proportion of men (%),55 to 59 years,11.2,TRUE
8152,Road construction operatives,Proportion of men (%),50 to 54 years,11.6,TRUE
8152,Road construction operatives,Proportion of men (%),45 to 49 years,9.9,TRUE
8152,Road construction operatives,Proportion of men (%),40 to 44 years,9.1,TRUE
8152,Road construction operatives,Proportion of men (%),35 to 39 years,10.9,TRUE
8152,Road construction operatives,Proportion of men (%),30 to 34 years,13,TRUE
8152,Road construction operatives,Proportion of men (%),25 to 29 years,13.3,TRUE
8152,Road construction operatives,Proportion of men (%),20 to 24 years,9.7,TRUE
8152,Road construction operatives,Proportion of men (%),16 to 19 years,1.9,TRUE
8153,Rail construction and maintenance operatives,Proportion of women (%),65 years and over,null,FALSE
8153,Rail construction and maintenance operatives,Proportion of women (%),60 to 64 years,4,FALSE
8153,Rail construction and maintenance operatives,Proportion of women (%),55 to 59 years,7.3,FALSE
8153,Rail construction and maintenance operatives,Proportion of women (%),50 to 54 years,9.9,FALSE
8153,Rail construction and maintenance operatives,Proportion of women (%),45 to 49 years,11.3,FALSE
8153,Rail construction and maintenance operatives,Proportion of women (%),40 to 44 years,9.9,FALSE
8153,Rail construction and maintenance operatives,Proportion of women (%),35 to 39 years,12.1,FALSE
8153,Rail construction and maintenance operatives,Proportion of women (%),30 to 34 years,13.7,FALSE
8153,Rail construction and maintenance operatives,Proportion of women (%),25 to 29 years,15.6,FALSE
8153,Rail construction and maintenance operatives,Proportion of women (%),20 to 24 years,12.9,FALSE
8153,Rail construction and maintenance operatives,Proportion of women (%),16 to 19 years,null,FALSE
8153,Rail construction and maintenance operatives,Proportion of men (%),65 years and over,3,FALSE
8153,Rail construction and maintenance operatives,Proportion of men (%),60 to 64 years,7.1,FALSE
8153,Rail construction and maintenance operatives,Proportion of men (%),55 to 59 years,10.7,FALSE
8153,Rail construction and maintenance operatives,Proportion of men (%),50 to 54 years,11.1,FALSE
8153,Rail construction and maintenance operatives,Proportion of men (%),45 to 49 years,8.8,FALSE
8153,Rail construction and maintenance operatives,Proportion of men (%),40 to 44 years,9.1,FALSE
8153,Rail construction and maintenance operatives,Proportion of men (%),35 to 39 years,10.6,FALSE
8153,Rail construction and maintenance operatives,Proportion of men (%),30 to 34 years,12.8,FALSE
8153,Rail construction and maintenance operatives,Proportion of men (%),25 to 29 years,13.9,FALSE
8153,Rail construction and maintenance operatives,Proportion of men (%),20 to 24 years,11.1,FALSE
8153,Rail construction and maintenance operatives,Proportion of men (%),16 to 19 years,1.7,FALSE
8159,Construction operatives n.e.c.,Proportion of women (%),65 years and over,4.6,TRUE
8159,Construction operatives n.e.c.,Proportion of women (%),60 to 64 years,6.7,TRUE
8159,Construction operatives n.e.c.,Proportion of women (%),55 to 59 years,11.2,TRUE
8159,Construction operatives n.e.c.,Proportion of women (%),50 to 54 years,14.1,TRUE
8159,Construction operatives n.e.c.,Proportion of women (%),45 to 49 years,11.4,TRUE
8159,Construction operatives n.e.c.,Proportion of women (%),40 to 44 years,10.2,TRUE
8159,Construction operatives n.e.c.,Proportion of women (%),35 to 39 years,10.7,TRUE
8159,Construction operatives n.e.c.,Proportion of women (%),30 to 34 years,11.1,TRUE
8159,Construction operatives n.e.c.,Proportion of women (%),25 to 29 years,10.6,TRUE
8159,Construction operatives n.e.c.,Proportion of women (%),20 to 24 years,7.2,TRUE
8159,Construction operatives n.e.c.,Proportion of women (%),16 to 19 years,2.4,TRUE
8159,Construction operatives n.e.c.,Proportion of men (%),65 years and over,7.3,TRUE
8159,Construction operatives n.e.c.,Proportion of men (%),60 to 64 years,11.6,TRUE
8159,Construction operatives n.e.c.,Proportion of men (%),55 to 59 years,14.6,TRUE
8159,Construction operatives n.e.c.,Proportion of men (%),50 to 54 years,13.4,TRUE
8159,Construction operatives n.e.c.,Proportion of men (%),45 to 49 years,10.5,TRUE
8159,Construction operatives n.e.c.,Proportion of men (%),40 to 44 years,9.4,TRUE
8159,Construction operatives n.e.c.,Proportion of men (%),35 to 39 years,9.7,TRUE
8159,Construction operatives n.e.c.,Proportion of men (%),30 to 34 years,9.4,TRUE
8159,Construction operatives n.e.c.,Proportion of men (%),25 to 29 years,7.8,TRUE
8159,Construction operatives n.e.c.,Proportion of men (%),20 to 24 years,5,TRUE
8159,Construction operatives n.e.c.,Proportion of men (%),16 to 19 years,1.3,TRUE
8160,"Production, factory and assembly supervisors",Proportion of women (%),65 years and over,1.9,TRUE
8160,"Production, factory and assembly supervisors",Proportion of women (%),60 to 64 years,5.1,TRUE
8160,"Production, factory and assembly supervisors",Proportion of women (%),55 to 59 years,8.6,TRUE
8160,"Production, factory and assembly supervisors",Proportion of women (%),50 to 54 years,11.7,TRUE
8160,"Production, factory and assembly supervisors",Proportion of women (%),45 to 49 years,11.2,TRUE
8160,"Production, factory and assembly supervisors",Proportion of women (%),40 to 44 years,12.1,TRUE
8160,"Production, factory and assembly supervisors",Proportion of women (%),35 to 39 years,14.9,TRUE
8160,"Production, factory and assembly supervisors",Proportion of women (%),30 to 34 years,14.6,TRUE
8160,"Production, factory and assembly supervisors",Proportion of women (%),25 to 29 years,12.7,TRUE
8160,"Production, factory and assembly supervisors",Proportion of women (%),20 to 24 years,6.2,TRUE
8160,"Production, factory and assembly supervisors",Proportion of women (%),16 to 19 years,1,TRUE
8160,"Production, factory and assembly supervisors",Proportion of men (%),65 years and over,1.6,TRUE
8160,"Production, factory and assembly supervisors",Proportion of men (%),60 to 64 years,5.6,TRUE
8160,"Production, factory and assembly supervisors",Proportion of men (%),55 to 59 years,11.4,TRUE
8160,"Production, factory and assembly supervisors",Proportion of men (%),50 to 54 years,14.5,TRUE
8160,"Production, factory and assembly supervisors",Proportion of men (%),45 to 49 years,13.2,TRUE
8160,"Production, factory and assembly supervisors",Proportion of men (%),40 to 44 years,13,TRUE
8160,"Production, factory and assembly supervisors",Proportion of men (%),35 to 39 years,14.4,TRUE
8160,"Production, factory and assembly supervisors",Proportion of men (%),30 to 34 years,13.4,TRUE
8160,"Production, factory and assembly supervisors",Proportion of men (%),25 to 29 years,9,TRUE
8160,"Production, factory and assembly supervisors",Proportion of men (%),20 to 24 years,3.4,TRUE
8160,"Production, factory and assembly supervisors",Proportion of men (%),16 to 19 years,0.4,TRUE
8211,Large goods vehicle drivers,Proportion of women (%),65 years and over,4,TRUE
8211,Large goods vehicle drivers,Proportion of women (%),60 to 64 years,6.3,TRUE
8211,Large goods vehicle drivers,Proportion of women (%),55 to 59 years,12.1,TRUE
8211,Large goods vehicle drivers,Proportion of women (%),50 to 54 years,16.3,TRUE
8211,Large goods vehicle drivers,Proportion of women (%),45 to 49 years,12.7,TRUE
8211,Large goods vehicle drivers,Proportion of women (%),40 to 44 years,10.5,TRUE
8211,Large goods vehicle drivers,Proportion of women (%),35 to 39 years,11.1,TRUE
8211,Large goods vehicle drivers,Proportion of women (%),30 to 34 years,11,TRUE
8211,Large goods vehicle drivers,Proportion of women (%),25 to 29 years,10.7,TRUE
8211,Large goods vehicle drivers,Proportion of women (%),20 to 24 years,4.7,TRUE
8211,Large goods vehicle drivers,Proportion of women (%),16 to 19 years,0.6,TRUE
8211,Large goods vehicle drivers,Proportion of men (%),65 years and over,5.8,TRUE
8211,Large goods vehicle drivers,Proportion of men (%),60 to 64 years,12.3,TRUE
8211,Large goods vehicle drivers,Proportion of men (%),55 to 59 years,17.6,TRUE
8211,Large goods vehicle drivers,Proportion of men (%),50 to 54 years,17.3,TRUE
8211,Large goods vehicle drivers,Proportion of men (%),45 to 49 years,12.4,TRUE
8211,Large goods vehicle drivers,Proportion of men (%),40 to 44 years,10,TRUE
8211,Large goods vehicle drivers,Proportion of men (%),35 to 39 years,9.6,TRUE
8211,Large goods vehicle drivers,Proportion of men (%),30 to 34 years,8.5,TRUE
8211,Large goods vehicle drivers,Proportion of men (%),25 to 29 years,5,TRUE
8211,Large goods vehicle drivers,Proportion of men (%),20 to 24 years,1.5,TRUE
8211,Large goods vehicle drivers,Proportion of men (%),16 to 19 years,0.1,TRUE
8212,Bus and coach drivers,Proportion of women (%),65 years and over,5.2,TRUE
8212,Bus and coach drivers,Proportion of women (%),60 to 64 years,10.2,TRUE
8212,Bus and coach drivers,Proportion of women (%),55 to 59 years,17.6,TRUE
8212,Bus and coach drivers,Proportion of women (%),50 to 54 years,18.8,TRUE
8212,Bus and coach drivers,Proportion of women (%),45 to 49 years,14.2,TRUE
8212,Bus and coach drivers,Proportion of women (%),40 to 44 years,10.5,TRUE
8212,Bus and coach drivers,Proportion of women (%),35 to 39 years,8.6,TRUE
8212,Bus and coach drivers,Proportion of women (%),30 to 34 years,7.3,TRUE
8212,Bus and coach drivers,Proportion of women (%),25 to 29 years,4.8,TRUE
8212,Bus and coach drivers,Proportion of women (%),20 to 24 years,2.5,TRUE
8212,Bus and coach drivers,Proportion of women (%),16 to 19 years,0.3,TRUE
8212,Bus and coach drivers,Proportion of men (%),65 years and over,10.2,TRUE
8212,Bus and coach drivers,Proportion of men (%),60 to 64 years,13.7,TRUE
8212,Bus and coach drivers,Proportion of men (%),55 to 59 years,16.2,TRUE
8212,Bus and coach drivers,Proportion of men (%),50 to 54 years,15.5,TRUE
8212,Bus and coach drivers,Proportion of men (%),45 to 49 years,12.4,TRUE
8212,Bus and coach drivers,Proportion of men (%),40 to 44 years,10.3,TRUE
8212,Bus and coach drivers,Proportion of men (%),35 to 39 years,8.9,TRUE
8212,Bus and coach drivers,Proportion of men (%),30 to 34 years,6.9,TRUE
8212,Bus and coach drivers,Proportion of men (%),25 to 29 years,4.1,TRUE
8212,Bus and coach drivers,Proportion of men (%),20 to 24 years,1.7,TRUE
8212,Bus and coach drivers,Proportion of men (%),16 to 19 years,0.1,TRUE
8213,Taxi and cab drivers and chauffeurs,Proportion of women (%),65 years and over,6.8,TRUE
8213,Taxi and cab drivers and chauffeurs,Proportion of women (%),60 to 64 years,11.9,TRUE
8213,Taxi and cab drivers and chauffeurs,Proportion of women (%),55 to 59 years,16.9,TRUE
8213,Taxi and cab drivers and chauffeurs,Proportion of women (%),50 to 54 years,17.4,TRUE
8213,Taxi and cab drivers and chauffeurs,Proportion of women (%),45 to 49 years,13.7,TRUE
8213,Taxi and cab drivers and chauffeurs,Proportion of women (%),40 to 44 years,10.9,TRUE
8213,Taxi and cab drivers and chauffeurs,Proportion of women (%),35 to 39 years,9.1,TRUE
8213,Taxi and cab drivers and chauffeurs,Proportion of women (%),30 to 34 years,7.2,TRUE
8213,Taxi and cab drivers and chauffeurs,Proportion of women (%),25 to 29 years,3.7,TRUE
8213,Taxi and cab drivers and chauffeurs,Proportion of women (%),20 to 24 years,2.2,TRUE
8213,Taxi and cab drivers and chauffeurs,Proportion of women (%),16 to 19 years,0.3,TRUE
8213,Taxi and cab drivers and chauffeurs,Proportion of men (%),65 years and over,6.9,TRUE
8213,Taxi and cab drivers and chauffeurs,Proportion of men (%),60 to 64 years,10.5,TRUE
8213,Taxi and cab drivers and chauffeurs,Proportion of men (%),55 to 59 years,13.3,TRUE
8213,Taxi and cab drivers and chauffeurs,Proportion of men (%),50 to 54 years,16.2,TRUE
8213,Taxi and cab drivers and chauffeurs,Proportion of men (%),45 to 49 years,16.5,TRUE
8213,Taxi and cab drivers and chauffeurs,Proportion of men (%),40 to 44 years,15,TRUE
8213,Taxi and cab drivers and chauffeurs,Proportion of men (%),35 to 39 years,11.6,TRUE
8213,Taxi and cab drivers and chauffeurs,Proportion of men (%),30 to 34 years,6.9,TRUE
8213,Taxi and cab drivers and chauffeurs,Proportion of men (%),25 to 29 years,2.6,TRUE
8213,Taxi and cab drivers and chauffeurs,Proportion of men (%),20 to 24 years,0.5,TRUE
8213,Taxi and cab drivers and chauffeurs,Proportion of men (%),16 to 19 years,0,TRUE
8214,Delivery drivers and couriers,Proportion of women (%),65 years and over,3.2,TRUE
8214,Delivery drivers and couriers,Proportion of women (%),60 to 64 years,6.3,TRUE
8214,Delivery drivers and couriers,Proportion of women (%),55 to 59 years,10.6,TRUE
8214,Delivery drivers and couriers,Proportion of women (%),50 to 54 years,12.9,TRUE
8214,Delivery drivers and couriers,Proportion of women (%),45 to 49 years,11.4,TRUE
8214,Delivery drivers and couriers,Proportion of women (%),40 to 44 years,9.8,TRUE
8214,Delivery drivers and couriers,Proportion of women (%),35 to 39 years,9.9,TRUE
8214,Delivery drivers and couriers,Proportion of women (%),30 to 34 years,10.9,TRUE
8214,Delivery drivers and couriers,Proportion of women (%),25 to 29 years,10.4,TRUE
8214,Delivery drivers and couriers,Proportion of women (%),20 to 24 years,11.2,TRUE
8214,Delivery drivers and couriers,Proportion of women (%),16 to 19 years,3.3,TRUE
8214,Delivery drivers and couriers,Proportion of men (%),65 years and over,6,TRUE
8214,Delivery drivers and couriers,Proportion of men (%),60 to 64 years,9.6,TRUE
8214,Delivery drivers and couriers,Proportion of men (%),55 to 59 years,12,TRUE
8214,Delivery drivers and couriers,Proportion of men (%),50 to 54 years,11.8,TRUE
8214,Delivery drivers and couriers,Proportion of men (%),45 to 49 years,10.1,TRUE
8214,Delivery drivers and couriers,Proportion of men (%),40 to 44 years,9.8,TRUE
8214,Delivery drivers and couriers,Proportion of men (%),35 to 39 years,9.9,TRUE
8214,Delivery drivers and couriers,Proportion of men (%),30 to 34 years,11,TRUE
8214,Delivery drivers and couriers,Proportion of men (%),25 to 29 years,9.9,TRUE
8214,Delivery drivers and couriers,Proportion of men (%),20 to 24 years,8.4,TRUE
8214,Delivery drivers and couriers,Proportion of men (%),16 to 19 years,1.7,TRUE
8215,Driving instructors,Proportion of women (%),65 years and over,4.1,FALSE
8215,Driving instructors,Proportion of women (%),60 to 64 years,8.7,FALSE
8215,Driving instructors,Proportion of women (%),55 to 59 years,16.1,FALSE
8215,Driving instructors,Proportion of women (%),50 to 54 years,20.6,FALSE
8215,Driving instructors,Proportion of women (%),45 to 49 years,18,FALSE
8215,Driving instructors,Proportion of women (%),40 to 44 years,13.6,FALSE
8215,Driving instructors,Proportion of women (%),35 to 39 years,9.4,FALSE
8215,Driving instructors,Proportion of women (%),30 to 34 years,5.9,FALSE
8215,Driving instructors,Proportion of women (%),25 to 29 years,3,FALSE
8215,Driving instructors,Proportion of women (%),20 to 24 years,0.5,FALSE
8215,Driving instructors,Proportion of women (%),16 to 19 years,null,FALSE
8215,Driving instructors,Proportion of men (%),65 years and over,10,FALSE
8215,Driving instructors,Proportion of men (%),60 to 64 years,16.4,FALSE
8215,Driving instructors,Proportion of men (%),55 to 59 years,19.8,FALSE
8215,Driving instructors,Proportion of men (%),50 to 54 years,17.6,FALSE
8215,Driving instructors,Proportion of men (%),45 to 49 years,13.5,FALSE
8215,Driving instructors,Proportion of men (%),40 to 44 years,9.2,FALSE
8215,Driving instructors,Proportion of men (%),35 to 39 years,7.1,FALSE
8215,Driving instructors,Proportion of men (%),30 to 34 years,4.2,FALSE
8215,Driving instructors,Proportion of men (%),25 to 29 years,1.8,FALSE
8215,Driving instructors,Proportion of men (%),20 to 24 years,0.4,FALSE
8215,Driving instructors,Proportion of men (%),16 to 19 years,null,FALSE
8219,Road transport drivers n.e.c.,Proportion of women (%),65 years and over,5.5,TRUE
8219,Road transport drivers n.e.c.,Proportion of women (%),60 to 64 years,9.3,TRUE
8219,Road transport drivers n.e.c.,Proportion of women (%),55 to 59 years,12.7,TRUE
8219,Road transport drivers n.e.c.,Proportion of women (%),50 to 54 years,15.2,TRUE
8219,Road transport drivers n.e.c.,Proportion of women (%),45 to 49 years,11.4,TRUE
8219,Road transport drivers n.e.c.,Proportion of women (%),40 to 44 years,9.8,TRUE
8219,Road transport drivers n.e.c.,Proportion of women (%),35 to 39 years,9,TRUE
8219,Road transport drivers n.e.c.,Proportion of women (%),30 to 34 years,9.7,TRUE
8219,Road transport drivers n.e.c.,Proportion of women (%),25 to 29 years,9,TRUE
8219,Road transport drivers n.e.c.,Proportion of women (%),20 to 24 years,6.6,TRUE
8219,Road transport drivers n.e.c.,Proportion of women (%),16 to 19 years,1.8,TRUE
8219,Road transport drivers n.e.c.,Proportion of men (%),65 years and over,8.7,TRUE
8219,Road transport drivers n.e.c.,Proportion of men (%),60 to 64 years,12,TRUE
8219,Road transport drivers n.e.c.,Proportion of men (%),55 to 59 years,14.4,TRUE
8219,Road transport drivers n.e.c.,Proportion of men (%),50 to 54 years,13.6,TRUE
8219,Road transport drivers n.e.c.,Proportion of men (%),45 to 49 years,11.3,TRUE
8219,Road transport drivers n.e.c.,Proportion of men (%),40 to 44 years,10.4,TRUE
8219,Road transport drivers n.e.c.,Proportion of men (%),35 to 39 years,9.7,TRUE
8219,Road transport drivers n.e.c.,Proportion of men (%),30 to 34 years,9.2,TRUE
8219,Road transport drivers n.e.c.,Proportion of men (%),25 to 29 years,6.8,TRUE
8219,Road transport drivers n.e.c.,Proportion of men (%),20 to 24 years,3.5,TRUE
8219,Road transport drivers n.e.c.,Proportion of men (%),16 to 19 years,0.5,TRUE
8221,Crane drivers,Proportion of women (%),65 years and over,null,FALSE
8221,Crane drivers,Proportion of women (%),60 to 64 years,5.2,FALSE
8221,Crane drivers,Proportion of women (%),55 to 59 years,8.3,FALSE
8221,Crane drivers,Proportion of women (%),50 to 54 years,12.7,FALSE
8221,Crane drivers,Proportion of women (%),45 to 49 years,9.6,FALSE
8221,Crane drivers,Proportion of women (%),40 to 44 years,11.4,FALSE
8221,Crane drivers,Proportion of women (%),35 to 39 years,13.1,FALSE
8221,Crane drivers,Proportion of women (%),30 to 34 years,13.5,FALSE
8221,Crane drivers,Proportion of women (%),25 to 29 years,13.5,FALSE
8221,Crane drivers,Proportion of women (%),20 to 24 years,7.9,FALSE
8221,Crane drivers,Proportion of women (%),16 to 19 years,null,FALSE
8221,Crane drivers,Proportion of men (%),65 years and over,4.1,FALSE
8221,Crane drivers,Proportion of men (%),60 to 64 years,7.9,FALSE
8221,Crane drivers,Proportion of men (%),55 to 59 years,13.2,FALSE
8221,Crane drivers,Proportion of men (%),50 to 54 years,15.6,FALSE
8221,Crane drivers,Proportion of men (%),45 to 49 years,12.8,FALSE
8221,Crane drivers,Proportion of men (%),40 to 44 years,12.4,FALSE
8221,Crane drivers,Proportion of men (%),35 to 39 years,12.2,FALSE
8221,Crane drivers,Proportion of men (%),30 to 34 years,11.7,FALSE
8221,Crane drivers,Proportion of men (%),25 to 29 years,7.2,FALSE
8221,Crane drivers,Proportion of men (%),20 to 24 years,2.7,FALSE
8221,Crane drivers,Proportion of men (%),16 to 19 years,0.2,FALSE
8222,Fork-lift truck drivers,Proportion of women (%),65 years and over,2.3,TRUE
8222,Fork-lift truck drivers,Proportion of women (%),60 to 64 years,4.3,TRUE
8222,Fork-lift truck drivers,Proportion of women (%),55 to 59 years,8.7,TRUE
8222,Fork-lift truck drivers,Proportion of women (%),50 to 54 years,9.4,TRUE
8222,Fork-lift truck drivers,Proportion of women (%),45 to 49 years,9.7,TRUE
8222,Fork-lift truck drivers,Proportion of women (%),40 to 44 years,11,TRUE
8222,Fork-lift truck drivers,Proportion of women (%),35 to 39 years,14.6,TRUE
8222,Fork-lift truck drivers,Proportion of women (%),30 to 34 years,15.8,TRUE
8222,Fork-lift truck drivers,Proportion of women (%),25 to 29 years,13.7,TRUE
8222,Fork-lift truck drivers,Proportion of women (%),20 to 24 years,9.1,TRUE
8222,Fork-lift truck drivers,Proportion of women (%),16 to 19 years,1.3,TRUE
8222,Fork-lift truck drivers,Proportion of men (%),65 years and over,3.1,TRUE
8222,Fork-lift truck drivers,Proportion of men (%),60 to 64 years,9,TRUE
8222,Fork-lift truck drivers,Proportion of men (%),55 to 59 years,12.7,TRUE
8222,Fork-lift truck drivers,Proportion of men (%),50 to 54 years,13.1,TRUE
8222,Fork-lift truck drivers,Proportion of men (%),45 to 49 years,11.5,TRUE
8222,Fork-lift truck drivers,Proportion of men (%),40 to 44 years,11.8,TRUE
8222,Fork-lift truck drivers,Proportion of men (%),35 to 39 years,12.5,TRUE
8222,Fork-lift truck drivers,Proportion of men (%),30 to 34 years,11.6,TRUE
8222,Fork-lift truck drivers,Proportion of men (%),25 to 29 years,9,TRUE
8222,Fork-lift truck drivers,Proportion of men (%),20 to 24 years,4.9,TRUE
8222,Fork-lift truck drivers,Proportion of men (%),16 to 19 years,0.6,TRUE
8229,Mobile machine drivers and operatives n.e.c.,Proportion of women (%),65 years and over,5.2,TRUE
8229,Mobile machine drivers and operatives n.e.c.,Proportion of women (%),60 to 64 years,6.5,TRUE
8229,Mobile machine drivers and operatives n.e.c.,Proportion of women (%),55 to 59 years,9.2,TRUE
8229,Mobile machine drivers and operatives n.e.c.,Proportion of women (%),50 to 54 years,12.7,TRUE
8229,Mobile machine drivers and operatives n.e.c.,Proportion of women (%),45 to 49 years,9.5,TRUE
8229,Mobile machine drivers and operatives n.e.c.,Proportion of women (%),40 to 44 years,10.1,TRUE
8229,Mobile machine drivers and operatives n.e.c.,Proportion of women (%),35 to 39 years,8.9,TRUE
8229,Mobile machine drivers and operatives n.e.c.,Proportion of women (%),30 to 34 years,12.8,TRUE
8229,Mobile machine drivers and operatives n.e.c.,Proportion of women (%),25 to 29 years,12.4,TRUE
8229,Mobile machine drivers and operatives n.e.c.,Proportion of women (%),20 to 24 years,10.1,TRUE
8229,Mobile machine drivers and operatives n.e.c.,Proportion of women (%),16 to 19 years,2.4,TRUE
8229,Mobile machine drivers and operatives n.e.c.,Proportion of men (%),65 years and over,6.9,TRUE
8229,Mobile machine drivers and operatives n.e.c.,Proportion of men (%),60 to 64 years,9.9,TRUE
8229,Mobile machine drivers and operatives n.e.c.,Proportion of men (%),55 to 59 years,13.6,TRUE
8229,Mobile machine drivers and operatives n.e.c.,Proportion of men (%),50 to 54 years,14.1,TRUE
8229,Mobile machine drivers and operatives n.e.c.,Proportion of men (%),45 to 49 years,10.8,TRUE
8229,Mobile machine drivers and operatives n.e.c.,Proportion of men (%),40 to 44 years,9.8,TRUE
8229,Mobile machine drivers and operatives n.e.c.,Proportion of men (%),35 to 39 years,10.2,TRUE
8229,Mobile machine drivers and operatives n.e.c.,Proportion of men (%),30 to 34 years,10.7,TRUE
8229,Mobile machine drivers and operatives n.e.c.,Proportion of men (%),25 to 29 years,8.2,TRUE
8229,Mobile machine drivers and operatives n.e.c.,Proportion of men (%),20 to 24 years,4.8,TRUE
8229,Mobile machine drivers and operatives n.e.c.,Proportion of men (%),16 to 19 years,0.9,TRUE
8231,Train and tram drivers,Proportion of women (%),65 years and over,0.7,FALSE
8231,Train and tram drivers,Proportion of women (%),60 to 64 years,1.9,FALSE
8231,Train and tram drivers,Proportion of women (%),55 to 59 years,7,FALSE
8231,Train and tram drivers,Proportion of women (%),50 to 54 years,12.4,FALSE
8231,Train and tram drivers,Proportion of women (%),45 to 49 years,13.8,FALSE
8231,Train and tram drivers,Proportion of women (%),40 to 44 years,16.7,FALSE
8231,Train and tram drivers,Proportion of women (%),35 to 39 years,18.3,FALSE
8231,Train and tram drivers,Proportion of women (%),30 to 34 years,17.5,FALSE
8231,Train and tram drivers,Proportion of women (%),25 to 29 years,9.5,FALSE
8231,Train and tram drivers,Proportion of women (%),20 to 24 years,2,FALSE
8231,Train and tram drivers,Proportion of women (%),16 to 19 years,null,FALSE
8231,Train and tram drivers,Proportion of men (%),65 years and over,1.9,FALSE
8231,Train and tram drivers,Proportion of men (%),60 to 64 years,8,FALSE
8231,Train and tram drivers,Proportion of men (%),55 to 59 years,16.7,FALSE
8231,Train and tram drivers,Proportion of men (%),50 to 54 years,19.1,FALSE
8231,Train and tram drivers,Proportion of men (%),45 to 49 years,14.4,FALSE
8231,Train and tram drivers,Proportion of men (%),40 to 44 years,11.7,FALSE
8231,Train and tram drivers,Proportion of men (%),35 to 39 years,12,FALSE
8231,Train and tram drivers,Proportion of men (%),30 to 34 years,10.5,FALSE
8231,Train and tram drivers,Proportion of men (%),25 to 29 years,4.7,FALSE
8231,Train and tram drivers,Proportion of men (%),20 to 24 years,0.9,FALSE
8231,Train and tram drivers,Proportion of men (%),16 to 19 years,0.1,FALSE
8232,Marine and waterways transport operatives,Proportion of women (%),65 years and over,3,TRUE
8232,Marine and waterways transport operatives,Proportion of women (%),60 to 64 years,3,TRUE
8232,Marine and waterways transport operatives,Proportion of women (%),55 to 59 years,7.2,TRUE
8232,Marine and waterways transport operatives,Proportion of women (%),50 to 54 years,6.3,TRUE
8232,Marine and waterways transport operatives,Proportion of women (%),45 to 49 years,8.6,TRUE
8232,Marine and waterways transport operatives,Proportion of women (%),40 to 44 years,8.6,TRUE
8232,Marine and waterways transport operatives,Proportion of women (%),35 to 39 years,10.7,TRUE
8232,Marine and waterways transport operatives,Proportion of women (%),30 to 34 years,14.6,TRUE
8232,Marine and waterways transport operatives,Proportion of women (%),25 to 29 years,17.2,TRUE
8232,Marine and waterways transport operatives,Proportion of women (%),20 to 24 years,18.3,TRUE
8232,Marine and waterways transport operatives,Proportion of women (%),16 to 19 years,2.6,TRUE
8232,Marine and waterways transport operatives,Proportion of men (%),65 years and over,6.6,TRUE
8232,Marine and waterways transport operatives,Proportion of men (%),60 to 64 years,9.6,TRUE
8232,Marine and waterways transport operatives,Proportion of men (%),55 to 59 years,14.1,TRUE
8232,Marine and waterways transport operatives,Proportion of men (%),50 to 54 years,11.1,TRUE
8232,Marine and waterways transport operatives,Proportion of men (%),45 to 49 years,9.1,TRUE
8232,Marine and waterways transport operatives,Proportion of men (%),40 to 44 years,8.3,TRUE
8232,Marine and waterways transport operatives,Proportion of men (%),35 to 39 years,7.6,TRUE
8232,Marine and waterways transport operatives,Proportion of men (%),30 to 34 years,11.5,TRUE
8232,Marine and waterways transport operatives,Proportion of men (%),25 to 29 years,11,TRUE
8232,Marine and waterways transport operatives,Proportion of men (%),20 to 24 years,9,TRUE
8232,Marine and waterways transport operatives,Proportion of men (%),16 to 19 years,2.1,TRUE
8233,Air transport operatives,Proportion of women (%),65 years and over,1.5,TRUE
8233,Air transport operatives,Proportion of women (%),60 to 64 years,3.6,TRUE
8233,Air transport operatives,Proportion of women (%),55 to 59 years,8,TRUE
8233,Air transport operatives,Proportion of women (%),50 to 54 years,11.3,TRUE
8233,Air transport operatives,Proportion of women (%),45 to 49 years,9.7,TRUE
8233,Air transport operatives,Proportion of women (%),40 to 44 years,10.7,TRUE
8233,Air transport operatives,Proportion of women (%),35 to 39 years,13,TRUE
8233,Air transport operatives,Proportion of women (%),30 to 34 years,15.8,TRUE
8233,Air transport operatives,Proportion of women (%),25 to 29 years,15.1,TRUE
8233,Air transport operatives,Proportion of women (%),20 to 24 years,9,TRUE
8233,Air transport operatives,Proportion of women (%),16 to 19 years,2.1,TRUE
8233,Air transport operatives,Proportion of men (%),65 years and over,2.9,TRUE
8233,Air transport operatives,Proportion of men (%),60 to 64 years,8.6,TRUE
8233,Air transport operatives,Proportion of men (%),55 to 59 years,13.4,TRUE
8233,Air transport operatives,Proportion of men (%),50 to 54 years,12.6,TRUE
8233,Air transport operatives,Proportion of men (%),45 to 49 years,10.1,TRUE
8233,Air transport operatives,Proportion of men (%),40 to 44 years,10.2,TRUE
8233,Air transport operatives,Proportion of men (%),35 to 39 years,11,TRUE
8233,Air transport operatives,Proportion of men (%),30 to 34 years,11.3,TRUE
8233,Air transport operatives,Proportion of men (%),25 to 29 years,11.5,TRUE
8233,Air transport operatives,Proportion of men (%),20 to 24 years,7.8,TRUE
8233,Air transport operatives,Proportion of men (%),16 to 19 years,0.5,TRUE
8234,Rail transport operatives,Proportion of women (%),65 years and over,2.1,TRUE
8234,Rail transport operatives,Proportion of women (%),60 to 64 years,4.4,TRUE
8234,Rail transport operatives,Proportion of women (%),55 to 59 years,9.6,TRUE
8234,Rail transport operatives,Proportion of women (%),50 to 54 years,10.8,TRUE
8234,Rail transport operatives,Proportion of women (%),45 to 49 years,11.7,TRUE
8234,Rail transport operatives,Proportion of women (%),40 to 44 years,12.6,TRUE
8234,Rail transport operatives,Proportion of women (%),35 to 39 years,13.2,TRUE
8234,Rail transport operatives,Proportion of women (%),30 to 34 years,15.3,TRUE
8234,Rail transport operatives,Proportion of women (%),25 to 29 years,11.6,TRUE
8234,Rail transport operatives,Proportion of women (%),20 to 24 years,7.2,TRUE
8234,Rail transport operatives,Proportion of women (%),16 to 19 years,1.5,TRUE
8234,Rail transport operatives,Proportion of men (%),65 years and over,3.5,TRUE
8234,Rail transport operatives,Proportion of men (%),60 to 64 years,8.5,TRUE
8234,Rail transport operatives,Proportion of men (%),55 to 59 years,13.1,TRUE
8234,Rail transport operatives,Proportion of men (%),50 to 54 years,14.7,TRUE
8234,Rail transport operatives,Proportion of men (%),45 to 49 years,12.2,TRUE
8234,Rail transport operatives,Proportion of men (%),40 to 44 years,10.1,TRUE
8234,Rail transport operatives,Proportion of men (%),35 to 39 years,10.8,TRUE
8234,Rail transport operatives,Proportion of men (%),30 to 34 years,11.3,TRUE
8234,Rail transport operatives,Proportion of men (%),25 to 29 years,8.8,TRUE
8234,Rail transport operatives,Proportion of men (%),20 to 24 years,5.5,TRUE
8234,Rail transport operatives,Proportion of men (%),16 to 19 years,1.5,TRUE
8239,Other drivers and transport operatives n.e.c.,Proportion of women (%),65 years and over,1.1,TRUE
8239,Other drivers and transport operatives n.e.c.,Proportion of women (%),60 to 64 years,3.7,TRUE
8239,Other drivers and transport operatives n.e.c.,Proportion of women (%),55 to 59 years,9.1,TRUE
8239,Other drivers and transport operatives n.e.c.,Proportion of women (%),50 to 54 years,11.9,TRUE
8239,Other drivers and transport operatives n.e.c.,Proportion of women (%),45 to 49 years,12.2,TRUE
8239,Other drivers and transport operatives n.e.c.,Proportion of women (%),40 to 44 years,13.4,TRUE
8239,Other drivers and transport operatives n.e.c.,Proportion of women (%),35 to 39 years,15.7,TRUE
8239,Other drivers and transport operatives n.e.c.,Proportion of women (%),30 to 34 years,14.7,TRUE
8239,Other drivers and transport operatives n.e.c.,Proportion of women (%),25 to 29 years,11,TRUE
8239,Other drivers and transport operatives n.e.c.,Proportion of women (%),20 to 24 years,6.1,TRUE
8239,Other drivers and transport operatives n.e.c.,Proportion of women (%),16 to 19 years,1.1,TRUE
8239,Other drivers and transport operatives n.e.c.,Proportion of men (%),65 years and over,3.4,TRUE
8239,Other drivers and transport operatives n.e.c.,Proportion of men (%),60 to 64 years,7.3,TRUE
8239,Other drivers and transport operatives n.e.c.,Proportion of men (%),55 to 59 years,12.4,TRUE
8239,Other drivers and transport operatives n.e.c.,Proportion of men (%),50 to 54 years,13.8,TRUE
8239,Other drivers and transport operatives n.e.c.,Proportion of men (%),45 to 49 years,12.8,TRUE
8239,Other drivers and transport operatives n.e.c.,Proportion of men (%),40 to 44 years,12,TRUE
8239,Other drivers and transport operatives n.e.c.,Proportion of men (%),35 to 39 years,12.5,TRUE
8239,Other drivers and transport operatives n.e.c.,Proportion of men (%),30 to 34 years,11.8,TRUE
8239,Other drivers and transport operatives n.e.c.,Proportion of men (%),25 to 29 years,8.3,TRUE
8239,Other drivers and transport operatives n.e.c.,Proportion of men (%),20 to 24 years,4.8,TRUE
8239,Other drivers and transport operatives n.e.c.,Proportion of men (%),16 to 19 years,0.9,TRUE
9111,Farm workers,Proportion of women (%),65 years and over,10.5,TRUE
9111,Farm workers,Proportion of women (%),60 to 64 years,7.2,TRUE
9111,Farm workers,Proportion of women (%),55 to 59 years,9.7,TRUE
9111,Farm workers,Proportion of women (%),50 to 54 years,8.5,TRUE
9111,Farm workers,Proportion of women (%),45 to 49 years,6.9,TRUE
9111,Farm workers,Proportion of women (%),40 to 44 years,6.1,TRUE
9111,Farm workers,Proportion of women (%),35 to 39 years,6.7,TRUE
9111,Farm workers,Proportion of women (%),30 to 34 years,8.1,TRUE
9111,Farm workers,Proportion of women (%),25 to 29 years,11.3,TRUE
9111,Farm workers,Proportion of women (%),20 to 24 years,15.2,TRUE
9111,Farm workers,Proportion of women (%),16 to 19 years,9.8,TRUE
9111,Farm workers,Proportion of men (%),65 years and over,7.8,TRUE
9111,Farm workers,Proportion of men (%),60 to 64 years,8.4,TRUE
9111,Farm workers,Proportion of men (%),55 to 59 years,10,TRUE
9111,Farm workers,Proportion of men (%),50 to 54 years,8.5,TRUE
9111,Farm workers,Proportion of men (%),45 to 49 years,6.6,TRUE
9111,Farm workers,Proportion of men (%),40 to 44 years,6.5,TRUE
9111,Farm workers,Proportion of men (%),35 to 39 years,7.3,TRUE
9111,Farm workers,Proportion of men (%),30 to 34 years,9.4,TRUE
9111,Farm workers,Proportion of men (%),25 to 29 years,12.4,TRUE
9111,Farm workers,Proportion of men (%),20 to 24 years,14.4,TRUE
9111,Farm workers,Proportion of men (%),16 to 19 years,8.7,TRUE
9112,Forestry and related workers,Proportion of women (%),65 years and over,6.7,TRUE
9112,Forestry and related workers,Proportion of women (%),60 to 64 years,8.9,TRUE
9112,Forestry and related workers,Proportion of women (%),55 to 59 years,12.7,TRUE
9112,Forestry and related workers,Proportion of women (%),50 to 54 years,11.6,TRUE
9112,Forestry and related workers,Proportion of women (%),45 to 49 years,9.6,TRUE
9112,Forestry and related workers,Proportion of women (%),40 to 44 years,7.8,TRUE
9112,Forestry and related workers,Proportion of women (%),35 to 39 years,7.3,TRUE
9112,Forestry and related workers,Proportion of women (%),30 to 34 years,11.4,TRUE
9112,Forestry and related workers,Proportion of women (%),25 to 29 years,9.8,TRUE
9112,Forestry and related workers,Proportion of women (%),20 to 24 years,9.8,TRUE
9112,Forestry and related workers,Proportion of women (%),16 to 19 years,4.5,TRUE
9112,Forestry and related workers,Proportion of men (%),65 years and over,9.4,TRUE
9112,Forestry and related workers,Proportion of men (%),60 to 64 years,9.6,TRUE
9112,Forestry and related workers,Proportion of men (%),55 to 59 years,12.3,TRUE
9112,Forestry and related workers,Proportion of men (%),50 to 54 years,10.6,TRUE
9112,Forestry and related workers,Proportion of men (%),45 to 49 years,9.2,TRUE
9112,Forestry and related workers,Proportion of men (%),40 to 44 years,8,TRUE
9112,Forestry and related workers,Proportion of men (%),35 to 39 years,8.6,TRUE
9112,Forestry and related workers,Proportion of men (%),30 to 34 years,10.2,TRUE
9112,Forestry and related workers,Proportion of men (%),25 to 29 years,10.7,TRUE
9112,Forestry and related workers,Proportion of men (%),20 to 24 years,8,TRUE
9112,Forestry and related workers,Proportion of men (%),16 to 19 years,3.4,TRUE
9119,Fishing and other elementary agriculture occupations n.e.c.,Proportion of women (%),65 years and over,3.5,TRUE
9119,Fishing and other elementary agriculture occupations n.e.c.,Proportion of women (%),60 to 64 years,5.7,TRUE
9119,Fishing and other elementary agriculture occupations n.e.c.,Proportion of women (%),55 to 59 years,8.5,TRUE
9119,Fishing and other elementary agriculture occupations n.e.c.,Proportion of women (%),50 to 54 years,9.5,TRUE
9119,Fishing and other elementary agriculture occupations n.e.c.,Proportion of women (%),45 to 49 years,9,TRUE
9119,Fishing and other elementary agriculture occupations n.e.c.,Proportion of women (%),40 to 44 years,8.9,TRUE
9119,Fishing and other elementary agriculture occupations n.e.c.,Proportion of women (%),35 to 39 years,7.7,TRUE
9119,Fishing and other elementary agriculture occupations n.e.c.,Proportion of women (%),30 to 34 years,10.6,TRUE
9119,Fishing and other elementary agriculture occupations n.e.c.,Proportion of women (%),25 to 29 years,12.1,TRUE
9119,Fishing and other elementary agriculture occupations n.e.c.,Proportion of women (%),20 to 24 years,16.5,TRUE
9119,Fishing and other elementary agriculture occupations n.e.c.,Proportion of women (%),16 to 19 years,7.9,TRUE
9119,Fishing and other elementary agriculture occupations n.e.c.,Proportion of men (%),65 years and over,6.1,TRUE
9119,Fishing and other elementary agriculture occupations n.e.c.,Proportion of men (%),60 to 64 years,8.4,TRUE
9119,Fishing and other elementary agriculture occupations n.e.c.,Proportion of men (%),55 to 59 years,11.4,TRUE
9119,Fishing and other elementary agriculture occupations n.e.c.,Proportion of men (%),50 to 54 years,9.2,TRUE
9119,Fishing and other elementary agriculture occupations n.e.c.,Proportion of men (%),45 to 49 years,7.8,TRUE
9119,Fishing and other elementary agriculture occupations n.e.c.,Proportion of men (%),40 to 44 years,7.8,TRUE
9119,Fishing and other elementary agriculture occupations n.e.c.,Proportion of men (%),35 to 39 years,8.5,TRUE
9119,Fishing and other elementary agriculture occupations n.e.c.,Proportion of men (%),30 to 34 years,10.1,TRUE
9119,Fishing and other elementary agriculture occupations n.e.c.,Proportion of men (%),25 to 29 years,11.3,TRUE
9119,Fishing and other elementary agriculture occupations n.e.c.,Proportion of men (%),20 to 24 years,12.9,TRUE
9119,Fishing and other elementary agriculture occupations n.e.c.,Proportion of men (%),16 to 19 years,6.5,TRUE
9121,Groundworkers,Proportion of women (%),65 years and over,3.1,TRUE
9121,Groundworkers,Proportion of women (%),60 to 64 years,5,TRUE
9121,Groundworkers,Proportion of women (%),55 to 59 years,6.4,TRUE
9121,Groundworkers,Proportion of women (%),50 to 54 years,7.5,TRUE
9121,Groundworkers,Proportion of women (%),45 to 49 years,7.8,TRUE
9121,Groundworkers,Proportion of women (%),40 to 44 years,9.4,TRUE
9121,Groundworkers,Proportion of women (%),35 to 39 years,8.9,TRUE
9121,Groundworkers,Proportion of women (%),30 to 34 years,18.1,TRUE
9121,Groundworkers,Proportion of women (%),25 to 29 years,16.1,TRUE
9121,Groundworkers,Proportion of women (%),20 to 24 years,12.8,TRUE
9121,Groundworkers,Proportion of women (%),16 to 19 years,5,TRUE
9121,Groundworkers,Proportion of men (%),65 years and over,2.2,TRUE
9121,Groundworkers,Proportion of men (%),60 to 64 years,5.1,TRUE
9121,Groundworkers,Proportion of men (%),55 to 59 years,8.7,TRUE
9121,Groundworkers,Proportion of men (%),50 to 54 years,10,TRUE
9121,Groundworkers,Proportion of men (%),45 to 49 years,9,TRUE
9121,Groundworkers,Proportion of men (%),40 to 44 years,9.6,TRUE
9121,Groundworkers,Proportion of men (%),35 to 39 years,12,TRUE
9121,Groundworkers,Proportion of men (%),30 to 34 years,16.1,TRUE
9121,Groundworkers,Proportion of men (%),25 to 29 years,14.7,TRUE
9121,Groundworkers,Proportion of men (%),20 to 24 years,10.2,TRUE
9121,Groundworkers,Proportion of men (%),16 to 19 years,2.4,TRUE
9129,Elementary construction occupations n.e.c.,Proportion of women (%),65 years and over,3.8,TRUE
9129,Elementary construction occupations n.e.c.,Proportion of women (%),60 to 64 years,4.7,TRUE
9129,Elementary construction occupations n.e.c.,Proportion of women (%),55 to 59 years,7.6,TRUE
9129,Elementary construction occupations n.e.c.,Proportion of women (%),50 to 54 years,9.7,TRUE
9129,Elementary construction occupations n.e.c.,Proportion of women (%),45 to 49 years,9.7,TRUE
9129,Elementary construction occupations n.e.c.,Proportion of women (%),40 to 44 years,9.5,TRUE
9129,Elementary construction occupations n.e.c.,Proportion of women (%),35 to 39 years,10.6,TRUE
9129,Elementary construction occupations n.e.c.,Proportion of women (%),30 to 34 years,11.4,TRUE
9129,Elementary construction occupations n.e.c.,Proportion of women (%),25 to 29 years,13,TRUE
9129,Elementary construction occupations n.e.c.,Proportion of women (%),20 to 24 years,13.2,TRUE
9129,Elementary construction occupations n.e.c.,Proportion of women (%),16 to 19 years,6.8,TRUE
9129,Elementary construction occupations n.e.c.,Proportion of men (%),65 years and over,2.9,TRUE
9129,Elementary construction occupations n.e.c.,Proportion of men (%),60 to 64 years,5.6,TRUE
9129,Elementary construction occupations n.e.c.,Proportion of men (%),55 to 59 years,8.2,TRUE
9129,Elementary construction occupations n.e.c.,Proportion of men (%),50 to 54 years,8.5,TRUE
9129,Elementary construction occupations n.e.c.,Proportion of men (%),45 to 49 years,7.5,TRUE
9129,Elementary construction occupations n.e.c.,Proportion of men (%),40 to 44 years,7.9,TRUE
9129,Elementary construction occupations n.e.c.,Proportion of men (%),35 to 39 years,9.5,TRUE
9129,Elementary construction occupations n.e.c.,Proportion of men (%),30 to 34 years,12,TRUE
9129,Elementary construction occupations n.e.c.,Proportion of men (%),25 to 29 years,13.6,TRUE
9129,Elementary construction occupations n.e.c.,Proportion of men (%),20 to 24 years,16.3,TRUE
9129,Elementary construction occupations n.e.c.,Proportion of men (%),16 to 19 years,7.9,TRUE
9131,Industrial cleaning process occupations,Proportion of women (%),65 years and over,4.1,TRUE
9131,Industrial cleaning process occupations,Proportion of women (%),60 to 64 years,9.1,TRUE
9131,Industrial cleaning process occupations,Proportion of women (%),55 to 59 years,12.9,TRUE
9131,Industrial cleaning process occupations,Proportion of women (%),50 to 54 years,14.4,TRUE
9131,Industrial cleaning process occupations,Proportion of women (%),45 to 49 years,11.7,TRUE
9131,Industrial cleaning process occupations,Proportion of women (%),40 to 44 years,10,TRUE
9131,Industrial cleaning process occupations,Proportion of women (%),35 to 39 years,9.6,TRUE
9131,Industrial cleaning process occupations,Proportion of women (%),30 to 34 years,9.2,TRUE
9131,Industrial cleaning process occupations,Proportion of women (%),25 to 29 years,7.6,TRUE
9131,Industrial cleaning process occupations,Proportion of women (%),20 to 24 years,5.8,TRUE
9131,Industrial cleaning process occupations,Proportion of women (%),16 to 19 years,5.7,TRUE
9131,Industrial cleaning process occupations,Proportion of men (%),65 years and over,4.6,TRUE
9131,Industrial cleaning process occupations,Proportion of men (%),60 to 64 years,10.1,TRUE
9131,Industrial cleaning process occupations,Proportion of men (%),55 to 59 years,11.7,TRUE
9131,Industrial cleaning process occupations,Proportion of men (%),50 to 54 years,11.4,TRUE
9131,Industrial cleaning process occupations,Proportion of men (%),45 to 49 years,9.9,TRUE
9131,Industrial cleaning process occupations,Proportion of men (%),40 to 44 years,9.8,TRUE
9131,Industrial cleaning process occupations,Proportion of men (%),35 to 39 years,10.5,TRUE
9131,Industrial cleaning process occupations,Proportion of men (%),30 to 34 years,10,TRUE
9131,Industrial cleaning process occupations,Proportion of men (%),25 to 29 years,9.2,TRUE
9131,Industrial cleaning process occupations,Proportion of men (%),20 to 24 years,7.7,TRUE
9131,Industrial cleaning process occupations,Proportion of men (%),16 to 19 years,5.1,TRUE
9132,"Packers, bottlers, canners and fillers",Proportion of women (%),65 years and over,2.8,TRUE
9132,"Packers, bottlers, canners and fillers",Proportion of women (%),60 to 64 years,6.6,TRUE
9132,"Packers, bottlers, canners and fillers",Proportion of women (%),55 to 59 years,9.7,TRUE
9132,"Packers, bottlers, canners and fillers",Proportion of women (%),50 to 54 years,11.1,TRUE
9132,"Packers, bottlers, canners and fillers",Proportion of women (%),45 to 49 years,11,TRUE
9132,"Packers, bottlers, canners and fillers",Proportion of women (%),40 to 44 years,11,TRUE
9132,"Packers, bottlers, canners and fillers",Proportion of women (%),35 to 39 years,11.3,TRUE
9132,"Packers, bottlers, canners and fillers",Proportion of women (%),30 to 34 years,11.5,TRUE
9132,"Packers, bottlers, canners and fillers",Proportion of women (%),25 to 29 years,10.6,TRUE
9132,"Packers, bottlers, canners and fillers",Proportion of women (%),20 to 24 years,10.5,TRUE
9132,"Packers, bottlers, canners and fillers",Proportion of women (%),16 to 19 years,4,TRUE
9132,"Packers, bottlers, canners and fillers",Proportion of men (%),65 years and over,2.5,TRUE
9132,"Packers, bottlers, canners and fillers",Proportion of men (%),60 to 64 years,6.2,TRUE
9132,"Packers, bottlers, canners and fillers",Proportion of men (%),55 to 59 years,7.9,TRUE
9132,"Packers, bottlers, canners and fillers",Proportion of men (%),50 to 54 years,9.2,TRUE
9132,"Packers, bottlers, canners and fillers",Proportion of men (%),45 to 49 years,9.2,TRUE
9132,"Packers, bottlers, canners and fillers",Proportion of men (%),40 to 44 years,9.7,TRUE
9132,"Packers, bottlers, canners and fillers",Proportion of men (%),35 to 39 years,10.5,TRUE
9132,"Packers, bottlers, canners and fillers",Proportion of men (%),30 to 34 years,12,TRUE
9132,"Packers, bottlers, canners and fillers",Proportion of men (%),25 to 29 years,12.6,TRUE
9132,"Packers, bottlers, canners and fillers",Proportion of men (%),20 to 24 years,14.1,TRUE
9132,"Packers, bottlers, canners and fillers",Proportion of men (%),16 to 19 years,6,TRUE
9139,Elementary process plant occupations n.e.c.,Proportion of women (%),65 years and over,4.6,TRUE
9139,Elementary process plant occupations n.e.c.,Proportion of women (%),60 to 64 years,8.5,TRUE
9139,Elementary process plant occupations n.e.c.,Proportion of women (%),55 to 59 years,12.3,TRUE
9139,Elementary process plant occupations n.e.c.,Proportion of women (%),50 to 54 years,13.5,TRUE
9139,Elementary process plant occupations n.e.c.,Proportion of women (%),45 to 49 years,11.5,TRUE
9139,Elementary process plant occupations n.e.c.,Proportion of women (%),40 to 44 years,10.8,TRUE
9139,Elementary process plant occupations n.e.c.,Proportion of women (%),35 to 39 years,9.9,TRUE
9139,Elementary process plant occupations n.e.c.,Proportion of women (%),30 to 34 years,9.6,TRUE
9139,Elementary process plant occupations n.e.c.,Proportion of women (%),25 to 29 years,8.3,TRUE
9139,Elementary process plant occupations n.e.c.,Proportion of women (%),20 to 24 years,8,TRUE
9139,Elementary process plant occupations n.e.c.,Proportion of women (%),16 to 19 years,2.9,TRUE
9139,Elementary process plant occupations n.e.c.,Proportion of men (%),65 years and over,3.5,TRUE
9139,Elementary process plant occupations n.e.c.,Proportion of men (%),60 to 64 years,8.1,TRUE
9139,Elementary process plant occupations n.e.c.,Proportion of men (%),55 to 59 years,11.6,TRUE
9139,Elementary process plant occupations n.e.c.,Proportion of men (%),50 to 54 years,12.8,TRUE
9139,Elementary process plant occupations n.e.c.,Proportion of men (%),45 to 49 years,9.9,TRUE
9139,Elementary process plant occupations n.e.c.,Proportion of men (%),40 to 44 years,9.3,TRUE
9139,Elementary process plant occupations n.e.c.,Proportion of men (%),35 to 39 years,10.1,TRUE
9139,Elementary process plant occupations n.e.c.,Proportion of men (%),30 to 34 years,10.8,TRUE
9139,Elementary process plant occupations n.e.c.,Proportion of men (%),25 to 29 years,10.7,TRUE
9139,Elementary process plant occupations n.e.c.,Proportion of men (%),20 to 24 years,9.7,TRUE
9139,Elementary process plant occupations n.e.c.,Proportion of men (%),16 to 19 years,3.4,TRUE
9211,"Postal workers, mail sorters and messengers",Proportion of women (%),65 years and over,3.5,TRUE
9211,"Postal workers, mail sorters and messengers",Proportion of women (%),60 to 64 years,7.3,TRUE
9211,"Postal workers, mail sorters and messengers",Proportion of women (%),55 to 59 years,12.1,TRUE
9211,"Postal workers, mail sorters and messengers",Proportion of women (%),50 to 54 years,14.7,TRUE
9211,"Postal workers, mail sorters and messengers",Proportion of women (%),45 to 49 years,12.3,TRUE
9211,"Postal workers, mail sorters and messengers",Proportion of women (%),40 to 44 years,11.1,TRUE
9211,"Postal workers, mail sorters and messengers",Proportion of women (%),35 to 39 years,10.8,TRUE
9211,"Postal workers, mail sorters and messengers",Proportion of women (%),30 to 34 years,9.4,TRUE
9211,"Postal workers, mail sorters and messengers",Proportion of women (%),25 to 29 years,8.3,TRUE
9211,"Postal workers, mail sorters and messengers",Proportion of women (%),20 to 24 years,6.1,TRUE
9211,"Postal workers, mail sorters and messengers",Proportion of women (%),16 to 19 years,4.2,TRUE
9211,"Postal workers, mail sorters and messengers",Proportion of men (%),65 years and over,4.6,TRUE
9211,"Postal workers, mail sorters and messengers",Proportion of men (%),60 to 64 years,11,TRUE
9211,"Postal workers, mail sorters and messengers",Proportion of men (%),55 to 59 years,16.8,TRUE
9211,"Postal workers, mail sorters and messengers",Proportion of men (%),50 to 54 years,16.6,TRUE
9211,"Postal workers, mail sorters and messengers",Proportion of men (%),45 to 49 years,12.4,TRUE
9211,"Postal workers, mail sorters and messengers",Proportion of men (%),40 to 44 years,9.6,TRUE
9211,"Postal workers, mail sorters and messengers",Proportion of men (%),35 to 39 years,8.3,TRUE
9211,"Postal workers, mail sorters and messengers",Proportion of men (%),30 to 34 years,6.9,TRUE
9211,"Postal workers, mail sorters and messengers",Proportion of men (%),25 to 29 years,5.3,TRUE
9211,"Postal workers, mail sorters and messengers",Proportion of men (%),20 to 24 years,4.3,TRUE
9211,"Postal workers, mail sorters and messengers",Proportion of men (%),16 to 19 years,4.1,TRUE
9219,Elementary administration occupations n.e.c.,Proportion of women (%),65 years and over,7.6,TRUE
9219,Elementary administration occupations n.e.c.,Proportion of women (%),60 to 64 years,9.2,TRUE
9219,Elementary administration occupations n.e.c.,Proportion of women (%),55 to 59 years,11.5,TRUE
9219,Elementary administration occupations n.e.c.,Proportion of women (%),50 to 54 years,11.4,TRUE
9219,Elementary administration occupations n.e.c.,Proportion of women (%),45 to 49 years,8.8,TRUE
9219,Elementary administration occupations n.e.c.,Proportion of women (%),40 to 44 years,8.4,TRUE
9219,Elementary administration occupations n.e.c.,Proportion of women (%),35 to 39 years,9.3,TRUE
9219,Elementary administration occupations n.e.c.,Proportion of women (%),30 to 34 years,8.9,TRUE
9219,Elementary administration occupations n.e.c.,Proportion of women (%),25 to 29 years,8.7,TRUE
9219,Elementary administration occupations n.e.c.,Proportion of women (%),20 to 24 years,9.9,TRUE
9219,Elementary administration occupations n.e.c.,Proportion of women (%),16 to 19 years,6.3,TRUE
9219,Elementary administration occupations n.e.c.,Proportion of men (%),65 years and over,5,TRUE
9219,Elementary administration occupations n.e.c.,Proportion of men (%),60 to 64 years,7.2,TRUE
9219,Elementary administration occupations n.e.c.,Proportion of men (%),55 to 59 years,8.9,TRUE
9219,Elementary administration occupations n.e.c.,Proportion of men (%),50 to 54 years,9.2,TRUE
9219,Elementary administration occupations n.e.c.,Proportion of men (%),45 to 49 years,8.8,TRUE
9219,Elementary administration occupations n.e.c.,Proportion of men (%),40 to 44 years,8.3,TRUE
9219,Elementary administration occupations n.e.c.,Proportion of men (%),35 to 39 years,9.3,TRUE
9219,Elementary administration occupations n.e.c.,Proportion of men (%),30 to 34 years,9.9,TRUE
9219,Elementary administration occupations n.e.c.,Proportion of men (%),25 to 29 years,11.9,TRUE
9219,Elementary administration occupations n.e.c.,Proportion of men (%),20 to 24 years,13.8,TRUE
9219,Elementary administration occupations n.e.c.,Proportion of men (%),16 to 19 years,7.8,TRUE
9221,Window cleaners,Proportion of women (%),65 years and over,1.9,TRUE
9221,Window cleaners,Proportion of women (%),60 to 64 years,6.3,TRUE
9221,Window cleaners,Proportion of women (%),55 to 59 years,9,TRUE
9221,Window cleaners,Proportion of women (%),50 to 54 years,13.1,TRUE
9221,Window cleaners,Proportion of women (%),45 to 49 years,13.6,TRUE
9221,Window cleaners,Proportion of women (%),40 to 44 years,9.9,TRUE
9221,Window cleaners,Proportion of women (%),35 to 39 years,11.8,TRUE
9221,Window cleaners,Proportion of women (%),30 to 34 years,12.3,TRUE
9221,Window cleaners,Proportion of women (%),25 to 29 years,12,TRUE
9221,Window cleaners,Proportion of women (%),20 to 24 years,7.3,TRUE
9221,Window cleaners,Proportion of women (%),16 to 19 years,2.9,TRUE
9221,Window cleaners,Proportion of men (%),65 years and over,5.9,TRUE
9221,Window cleaners,Proportion of men (%),60 to 64 years,9.5,TRUE
9221,Window cleaners,Proportion of men (%),55 to 59 years,14,TRUE
9221,Window cleaners,Proportion of men (%),50 to 54 years,14.4,TRUE
9221,Window cleaners,Proportion of men (%),45 to 49 years,11.3,TRUE
9221,Window cleaners,Proportion of men (%),40 to 44 years,10.7,TRUE
9221,Window cleaners,Proportion of men (%),35 to 39 years,10.6,TRUE
9221,Window cleaners,Proportion of men (%),30 to 34 years,10.1,TRUE
9221,Window cleaners,Proportion of men (%),25 to 29 years,7.2,TRUE
9221,Window cleaners,Proportion of men (%),20 to 24 years,5,TRUE
9221,Window cleaners,Proportion of men (%),16 to 19 years,1.4,TRUE
9222,Street cleaners,Proportion of women (%),65 years and over,11.4,TRUE
9222,Street cleaners,Proportion of women (%),60 to 64 years,13.1,TRUE
9222,Street cleaners,Proportion of women (%),55 to 59 years,17.6,TRUE
9222,Street cleaners,Proportion of women (%),50 to 54 years,15.6,TRUE
9222,Street cleaners,Proportion of women (%),45 to 49 years,12.6,TRUE
9222,Street cleaners,Proportion of women (%),40 to 44 years,7.8,TRUE
9222,Street cleaners,Proportion of women (%),35 to 39 years,5.5,TRUE
9222,Street cleaners,Proportion of women (%),30 to 34 years,5.3,TRUE
9222,Street cleaners,Proportion of women (%),25 to 29 years,6.6,TRUE
9222,Street cleaners,Proportion of women (%),20 to 24 years,2.7,TRUE
9222,Street cleaners,Proportion of women (%),16 to 19 years,1.8,TRUE
9222,Street cleaners,Proportion of men (%),65 years and over,9.6,TRUE
9222,Street cleaners,Proportion of men (%),60 to 64 years,17.6,TRUE
9222,Street cleaners,Proportion of men (%),55 to 59 years,20.7,TRUE
9222,Street cleaners,Proportion of men (%),50 to 54 years,16,TRUE
9222,Street cleaners,Proportion of men (%),45 to 49 years,10.1,TRUE
9222,Street cleaners,Proportion of men (%),40 to 44 years,6.9,TRUE
9222,Street cleaners,Proportion of men (%),35 to 39 years,5.9,TRUE
9222,Street cleaners,Proportion of men (%),30 to 34 years,5.1,TRUE
9222,Street cleaners,Proportion of men (%),25 to 29 years,4.8,TRUE
9222,Street cleaners,Proportion of men (%),20 to 24 years,2.7,TRUE
9222,Street cleaners,Proportion of men (%),16 to 19 years,0.6,TRUE
9223,Cleaners and domestics,Proportion of women (%),65 years and over,6.8,TRUE
9223,Cleaners and domestics,Proportion of women (%),60 to 64 years,11.7,TRUE
9223,Cleaners and domestics,Proportion of women (%),55 to 59 years,14.6,TRUE
9223,Cleaners and domestics,Proportion of women (%),50 to 54 years,14.3,TRUE
9223,Cleaners and domestics,Proportion of women (%),45 to 49 years,11.9,TRUE
9223,Cleaners and domestics,Proportion of women (%),40 to 44 years,10.6,TRUE
9223,Cleaners and domestics,Proportion of women (%),35 to 39 years,9.7,TRUE
9223,Cleaners and domestics,Proportion of women (%),30 to 34 years,8.4,TRUE
9223,Cleaners and domestics,Proportion of women (%),25 to 29 years,5.9,TRUE
9223,Cleaners and domestics,Proportion of women (%),20 to 24 years,4.1,TRUE
9223,Cleaners and domestics,Proportion of women (%),16 to 19 years,2,TRUE
9223,Cleaners and domestics,Proportion of men (%),65 years and over,8.6,TRUE
9223,Cleaners and domestics,Proportion of men (%),60 to 64 years,12,TRUE
9223,Cleaners and domestics,Proportion of men (%),55 to 59 years,13,TRUE
9223,Cleaners and domestics,Proportion of men (%),50 to 54 years,12.4,TRUE
9223,Cleaners and domestics,Proportion of men (%),45 to 49 years,10.2,TRUE
9223,Cleaners and domestics,Proportion of men (%),40 to 44 years,8.9,TRUE
9223,Cleaners and domestics,Proportion of men (%),35 to 39 years,8.3,TRUE
9223,Cleaners and domestics,Proportion of men (%),30 to 34 years,8.3,TRUE
9223,Cleaners and domestics,Proportion of men (%),25 to 29 years,7.5,TRUE
9223,Cleaners and domestics,Proportion of men (%),20 to 24 years,7.1,TRUE
9223,Cleaners and domestics,Proportion of men (%),16 to 19 years,3.7,TRUE
9224,"Launderers, dry cleaners and pressers",Proportion of women (%),65 years and over,8.4,TRUE
9224,"Launderers, dry cleaners and pressers",Proportion of women (%),60 to 64 years,14.2,TRUE
9224,"Launderers, dry cleaners and pressers",Proportion of women (%),55 to 59 years,17.4,TRUE
9224,"Launderers, dry cleaners and pressers",Proportion of women (%),50 to 54 years,15.1,TRUE
9224,"Launderers, dry cleaners and pressers",Proportion of women (%),45 to 49 years,11.4,TRUE
9224,"Launderers, dry cleaners and pressers",Proportion of women (%),40 to 44 years,8.8,TRUE
9224,"Launderers, dry cleaners and pressers",Proportion of women (%),35 to 39 years,7.8,TRUE
9224,"Launderers, dry cleaners and pressers",Proportion of women (%),30 to 34 years,6.5,TRUE
9224,"Launderers, dry cleaners and pressers",Proportion of women (%),25 to 29 years,4.8,TRUE
9224,"Launderers, dry cleaners and pressers",Proportion of women (%),20 to 24 years,3.2,TRUE
9224,"Launderers, dry cleaners and pressers",Proportion of women (%),16 to 19 years,2.3,TRUE
9224,"Launderers, dry cleaners and pressers",Proportion of men (%),65 years and over,6.8,TRUE
9224,"Launderers, dry cleaners and pressers",Proportion of men (%),60 to 64 years,10.5,TRUE
9224,"Launderers, dry cleaners and pressers",Proportion of men (%),55 to 59 years,13.4,TRUE
9224,"Launderers, dry cleaners and pressers",Proportion of men (%),50 to 54 years,13.8,TRUE
9224,"Launderers, dry cleaners and pressers",Proportion of men (%),45 to 49 years,12.4,TRUE
9224,"Launderers, dry cleaners and pressers",Proportion of men (%),40 to 44 years,10.5,TRUE
9224,"Launderers, dry cleaners and pressers",Proportion of men (%),35 to 39 years,9.5,TRUE
9224,"Launderers, dry cleaners and pressers",Proportion of men (%),30 to 34 years,9.1,TRUE
9224,"Launderers, dry cleaners and pressers",Proportion of men (%),25 to 29 years,6.8,TRUE
9224,"Launderers, dry cleaners and pressers",Proportion of men (%),20 to 24 years,5.5,TRUE
9224,"Launderers, dry cleaners and pressers",Proportion of men (%),16 to 19 years,1.6,TRUE
9225,Refuse and salvage occupations,Proportion of women (%),65 years and over,2.6,TRUE
9225,Refuse and salvage occupations,Proportion of women (%),60 to 64 years,6.5,TRUE
9225,Refuse and salvage occupations,Proportion of women (%),55 to 59 years,11.5,TRUE
9225,Refuse and salvage occupations,Proportion of women (%),50 to 54 years,12.8,TRUE
9225,Refuse and salvage occupations,Proportion of women (%),45 to 49 years,12.7,TRUE
9225,Refuse and salvage occupations,Proportion of women (%),40 to 44 years,11.4,TRUE
9225,Refuse and salvage occupations,Proportion of women (%),35 to 39 years,10.7,TRUE
9225,Refuse and salvage occupations,Proportion of women (%),30 to 34 years,12.3,TRUE
9225,Refuse and salvage occupations,Proportion of women (%),25 to 29 years,10.1,TRUE
9225,Refuse and salvage occupations,Proportion of women (%),20 to 24 years,7.9,TRUE
9225,Refuse and salvage occupations,Proportion of women (%),16 to 19 years,1.5,TRUE
9225,Refuse and salvage occupations,Proportion of men (%),65 years and over,3.5,TRUE
9225,Refuse and salvage occupations,Proportion of men (%),60 to 64 years,8.6,TRUE
9225,Refuse and salvage occupations,Proportion of men (%),55 to 59 years,13.2,TRUE
9225,Refuse and salvage occupations,Proportion of men (%),50 to 54 years,13,TRUE
9225,Refuse and salvage occupations,Proportion of men (%),45 to 49 years,10.2,TRUE
9225,Refuse and salvage occupations,Proportion of men (%),40 to 44 years,9.1,TRUE
9225,Refuse and salvage occupations,Proportion of men (%),35 to 39 years,10.4,TRUE
9225,Refuse and salvage occupations,Proportion of men (%),30 to 34 years,11.1,TRUE
9225,Refuse and salvage occupations,Proportion of men (%),25 to 29 years,10.4,TRUE
9225,Refuse and salvage occupations,Proportion of men (%),20 to 24 years,8.3,TRUE
9225,Refuse and salvage occupations,Proportion of men (%),16 to 19 years,2.1,TRUE
9226,Vehicle valeters and cleaners,Proportion of women (%),65 years and over,3.1,TRUE
9226,Vehicle valeters and cleaners,Proportion of women (%),60 to 64 years,6.3,TRUE
9226,Vehicle valeters and cleaners,Proportion of women (%),55 to 59 years,8.8,TRUE
9226,Vehicle valeters and cleaners,Proportion of women (%),50 to 54 years,10.7,TRUE
9226,Vehicle valeters and cleaners,Proportion of women (%),45 to 49 years,10.3,TRUE
9226,Vehicle valeters and cleaners,Proportion of women (%),40 to 44 years,10.6,TRUE
9226,Vehicle valeters and cleaners,Proportion of women (%),35 to 39 years,12,TRUE
9226,Vehicle valeters and cleaners,Proportion of women (%),30 to 34 years,13.1,TRUE
9226,Vehicle valeters and cleaners,Proportion of women (%),25 to 29 years,11.7,TRUE
9226,Vehicle valeters and cleaners,Proportion of women (%),20 to 24 years,10,TRUE
9226,Vehicle valeters and cleaners,Proportion of women (%),16 to 19 years,3.4,TRUE
9226,Vehicle valeters and cleaners,Proportion of men (%),65 years and over,3.1,TRUE
9226,Vehicle valeters and cleaners,Proportion of men (%),60 to 64 years,5.4,TRUE
9226,Vehicle valeters and cleaners,Proportion of men (%),55 to 59 years,8.3,TRUE
9226,Vehicle valeters and cleaners,Proportion of men (%),50 to 54 years,10.2,TRUE
9226,Vehicle valeters and cleaners,Proportion of men (%),45 to 49 years,11.1,TRUE
9226,Vehicle valeters and cleaners,Proportion of men (%),40 to 44 years,11.5,TRUE
9226,Vehicle valeters and cleaners,Proportion of men (%),35 to 39 years,12.7,TRUE
9226,Vehicle valeters and cleaners,Proportion of men (%),30 to 34 years,13.1,TRUE
9226,Vehicle valeters and cleaners,Proportion of men (%),25 to 29 years,11.7,TRUE
9226,Vehicle valeters and cleaners,Proportion of men (%),20 to 24 years,9.8,TRUE
9226,Vehicle valeters and cleaners,Proportion of men (%),16 to 19 years,3.3,TRUE
9229,Elementary cleaning occupations n.e.c.,Proportion of women (%),65 years and over,7,FALSE
9229,Elementary cleaning occupations n.e.c.,Proportion of women (%),60 to 64 years,12.8,FALSE
9229,Elementary cleaning occupations n.e.c.,Proportion of women (%),55 to 59 years,16.3,FALSE
9229,Elementary cleaning occupations n.e.c.,Proportion of women (%),50 to 54 years,11.3,FALSE
9229,Elementary cleaning occupations n.e.c.,Proportion of women (%),45 to 49 years,11.8,FALSE
9229,Elementary cleaning occupations n.e.c.,Proportion of women (%),40 to 44 years,12.3,FALSE
9229,Elementary cleaning occupations n.e.c.,Proportion of women (%),35 to 39 years,8.8,FALSE
9229,Elementary cleaning occupations n.e.c.,Proportion of women (%),30 to 34 years,9.3,FALSE
9229,Elementary cleaning occupations n.e.c.,Proportion of women (%),25 to 29 years,4,FALSE
9229,Elementary cleaning occupations n.e.c.,Proportion of women (%),20 to 24 years,5,FALSE
9229,Elementary cleaning occupations n.e.c.,Proportion of women (%),16 to 19 years,null,FALSE
9229,Elementary cleaning occupations n.e.c.,Proportion of men (%),65 years and over,7.4,FALSE
9229,Elementary cleaning occupations n.e.c.,Proportion of men (%),60 to 64 years,14.4,FALSE
9229,Elementary cleaning occupations n.e.c.,Proportion of men (%),55 to 59 years,19.4,FALSE
9229,Elementary cleaning occupations n.e.c.,Proportion of men (%),50 to 54 years,14.6,FALSE
9229,Elementary cleaning occupations n.e.c.,Proportion of men (%),45 to 49 years,11.2,FALSE
9229,Elementary cleaning occupations n.e.c.,Proportion of men (%),40 to 44 years,7.3,FALSE
9229,Elementary cleaning occupations n.e.c.,Proportion of men (%),35 to 39 years,7.7,FALSE
9229,Elementary cleaning occupations n.e.c.,Proportion of men (%),30 to 34 years,7.5,FALSE
9229,Elementary cleaning occupations n.e.c.,Proportion of men (%),25 to 29 years,5.9,FALSE
9229,Elementary cleaning occupations n.e.c.,Proportion of men (%),20 to 24 years,3.6,FALSE
9229,Elementary cleaning occupations n.e.c.,Proportion of men (%),16 to 19 years,1,FALSE
9231,Security guards and related occupations,Proportion of women (%),65 years and over,3.5,TRUE
9231,Security guards and related occupations,Proportion of women (%),60 to 64 years,7.1,TRUE
9231,Security guards and related occupations,Proportion of women (%),55 to 59 years,11.3,TRUE
9231,Security guards and related occupations,Proportion of women (%),50 to 54 years,13.3,TRUE
9231,Security guards and related occupations,Proportion of women (%),45 to 49 years,11.2,TRUE
9231,Security guards and related occupations,Proportion of women (%),40 to 44 years,10.6,TRUE
9231,Security guards and related occupations,Proportion of women (%),35 to 39 years,11,TRUE
9231,Security guards and related occupations,Proportion of women (%),30 to 34 years,11.2,TRUE
9231,Security guards and related occupations,Proportion of women (%),25 to 29 years,11,TRUE
9231,Security guards and related occupations,Proportion of women (%),20 to 24 years,8.7,TRUE
9231,Security guards and related occupations,Proportion of women (%),16 to 19 years,1.3,TRUE
9231,Security guards and related occupations,Proportion of men (%),65 years and over,6.2,TRUE
9231,Security guards and related occupations,Proportion of men (%),60 to 64 years,9.5,TRUE
9231,Security guards and related occupations,Proportion of men (%),55 to 59 years,12.1,TRUE
9231,Security guards and related occupations,Proportion of men (%),50 to 54 years,12.2,TRUE
9231,Security guards and related occupations,Proportion of men (%),45 to 49 years,10.9,TRUE
9231,Security guards and related occupations,Proportion of men (%),40 to 44 years,10.7,TRUE
9231,Security guards and related occupations,Proportion of men (%),35 to 39 years,10.9,TRUE
9231,Security guards and related occupations,Proportion of men (%),30 to 34 years,10.9,TRUE
9231,Security guards and related occupations,Proportion of men (%),25 to 29 years,9.1,TRUE
9231,Security guards and related occupations,Proportion of men (%),20 to 24 years,6.5,TRUE
9231,Security guards and related occupations,Proportion of men (%),16 to 19 years,0.8,TRUE
9232,School midday and crossing patrol occupations,Proportion of women (%),65 years and over,7.7,TRUE
9232,School midday and crossing patrol occupations,Proportion of women (%),60 to 64 years,9.3,TRUE
9232,School midday and crossing patrol occupations,Proportion of women (%),55 to 59 years,11.3,TRUE
9232,School midday and crossing patrol occupations,Proportion of women (%),50 to 54 years,14.2,TRUE
9232,School midday and crossing patrol occupations,Proportion of women (%),45 to 49 years,15.3,TRUE
9232,School midday and crossing patrol occupations,Proportion of women (%),40 to 44 years,14.5,TRUE
9232,School midday and crossing patrol occupations,Proportion of women (%),35 to 39 years,13,TRUE
9232,School midday and crossing patrol occupations,Proportion of women (%),30 to 34 years,9,TRUE
9232,School midday and crossing patrol occupations,Proportion of women (%),25 to 29 years,3.6,TRUE
9232,School midday and crossing patrol occupations,Proportion of women (%),20 to 24 years,1.5,TRUE
9232,School midday and crossing patrol occupations,Proportion of women (%),16 to 19 years,0.6,TRUE
9232,School midday and crossing patrol occupations,Proportion of men (%),65 years and over,29.4,TRUE
9232,School midday and crossing patrol occupations,Proportion of men (%),60 to 64 years,11.8,TRUE
9232,School midday and crossing patrol occupations,Proportion of men (%),55 to 59 years,10.7,TRUE
9232,School midday and crossing patrol occupations,Proportion of men (%),50 to 54 years,7.5,TRUE
9232,School midday and crossing patrol occupations,Proportion of men (%),45 to 49 years,7.4,TRUE
9232,School midday and crossing patrol occupations,Proportion of men (%),40 to 44 years,5.6,TRUE
9232,School midday and crossing patrol occupations,Proportion of men (%),35 to 39 years,4.8,TRUE
9232,School midday and crossing patrol occupations,Proportion of men (%),30 to 34 years,4.5,TRUE
9232,School midday and crossing patrol occupations,Proportion of men (%),25 to 29 years,5.6,TRUE
9232,School midday and crossing patrol occupations,Proportion of men (%),20 to 24 years,7.2,TRUE
9232,School midday and crossing patrol occupations,Proportion of men (%),16 to 19 years,5.4,TRUE
9233,Exam invigilators,Proportion of women (%),65 years and over,23.6,TRUE
9233,Exam invigilators,Proportion of women (%),60 to 64 years,20.6,TRUE
9233,Exam invigilators,Proportion of women (%),55 to 59 years,19.5,TRUE
9233,Exam invigilators,Proportion of women (%),50 to 54 years,14.1,TRUE
9233,Exam invigilators,Proportion of women (%),45 to 49 years,9.5,TRUE
9233,Exam invigilators,Proportion of women (%),40 to 44 years,5.1,TRUE
9233,Exam invigilators,Proportion of women (%),35 to 39 years,2.2,TRUE
9233,Exam invigilators,Proportion of women (%),30 to 34 years,1.8,TRUE
9233,Exam invigilators,Proportion of women (%),25 to 29 years,1.3,TRUE
9233,Exam invigilators,Proportion of women (%),20 to 24 years,1.7,TRUE
9233,Exam invigilators,Proportion of women (%),16 to 19 years,0.5,TRUE
9233,Exam invigilators,Proportion of men (%),65 years and over,43.3,TRUE
9233,Exam invigilators,Proportion of men (%),60 to 64 years,24.3,TRUE
9233,Exam invigilators,Proportion of men (%),55 to 59 years,11.5,TRUE
9233,Exam invigilators,Proportion of men (%),50 to 54 years,4.3,TRUE
9233,Exam invigilators,Proportion of men (%),45 to 49 years,2.3,TRUE
9233,Exam invigilators,Proportion of men (%),40 to 44 years,1.8,TRUE
9233,Exam invigilators,Proportion of men (%),35 to 39 years,2.2,TRUE
9233,Exam invigilators,Proportion of men (%),30 to 34 years,2.2,TRUE
9233,Exam invigilators,Proportion of men (%),25 to 29 years,2.9,TRUE
9233,Exam invigilators,Proportion of men (%),20 to 24 years,4.2,TRUE
9233,Exam invigilators,Proportion of men (%),16 to 19 years,0.9,TRUE
9241,Shelf fillers,Proportion of women (%),65 years and over,4.2,TRUE
9241,Shelf fillers,Proportion of women (%),60 to 64 years,10.2,TRUE
9241,Shelf fillers,Proportion of women (%),55 to 59 years,14.6,TRUE
9241,Shelf fillers,Proportion of women (%),50 to 54 years,12.8,TRUE
9241,Shelf fillers,Proportion of women (%),45 to 49 years,9.3,TRUE
9241,Shelf fillers,Proportion of women (%),40 to 44 years,7.5,TRUE
9241,Shelf fillers,Proportion of women (%),35 to 39 years,8.1,TRUE
9241,Shelf fillers,Proportion of women (%),30 to 34 years,8.6,TRUE
9241,Shelf fillers,Proportion of women (%),25 to 29 years,7.3,TRUE
9241,Shelf fillers,Proportion of women (%),20 to 24 years,9.9,TRUE
9241,Shelf fillers,Proportion of women (%),16 to 19 years,7.4,TRUE
9241,Shelf fillers,Proportion of men (%),65 years and over,3.3,TRUE
9241,Shelf fillers,Proportion of men (%),60 to 64 years,6.4,TRUE
9241,Shelf fillers,Proportion of men (%),55 to 59 years,8.4,TRUE
9241,Shelf fillers,Proportion of men (%),50 to 54 years,8.3,TRUE
9241,Shelf fillers,Proportion of men (%),45 to 49 years,7.7,TRUE
9241,Shelf fillers,Proportion of men (%),40 to 44 years,7.6,TRUE
9241,Shelf fillers,Proportion of men (%),35 to 39 years,8.7,TRUE
9241,Shelf fillers,Proportion of men (%),30 to 34 years,10.1,TRUE
9241,Shelf fillers,Proportion of men (%),25 to 29 years,11.6,TRUE
9241,Shelf fillers,Proportion of men (%),20 to 24 years,17.3,TRUE
9241,Shelf fillers,Proportion of men (%),16 to 19 years,10.6,TRUE
9249,Elementary sales occupations n.e.c.,Proportion of women (%),65 years and over,1.8,TRUE
9249,Elementary sales occupations n.e.c.,Proportion of women (%),60 to 64 years,5.7,TRUE
9249,Elementary sales occupations n.e.c.,Proportion of women (%),55 to 59 years,9.2,TRUE
9249,Elementary sales occupations n.e.c.,Proportion of women (%),50 to 54 years,10.3,TRUE
9249,Elementary sales occupations n.e.c.,Proportion of women (%),45 to 49 years,8.6,TRUE
9249,Elementary sales occupations n.e.c.,Proportion of women (%),40 to 44 years,7.5,TRUE
9249,Elementary sales occupations n.e.c.,Proportion of women (%),35 to 39 years,8.4,TRUE
9249,Elementary sales occupations n.e.c.,Proportion of women (%),30 to 34 years,8.8,TRUE
9249,Elementary sales occupations n.e.c.,Proportion of women (%),25 to 29 years,9.8,TRUE
9249,Elementary sales occupations n.e.c.,Proportion of women (%),20 to 24 years,17,TRUE
9249,Elementary sales occupations n.e.c.,Proportion of women (%),16 to 19 years,12.8,TRUE
9249,Elementary sales occupations n.e.c.,Proportion of men (%),65 years and over,3.2,TRUE
9249,Elementary sales occupations n.e.c.,Proportion of men (%),60 to 64 years,5.2,TRUE
9249,Elementary sales occupations n.e.c.,Proportion of men (%),55 to 59 years,6.3,TRUE
9249,Elementary sales occupations n.e.c.,Proportion of men (%),50 to 54 years,6.2,TRUE
9249,Elementary sales occupations n.e.c.,Proportion of men (%),45 to 49 years,6.6,TRUE
9249,Elementary sales occupations n.e.c.,Proportion of men (%),40 to 44 years,6.8,TRUE
9249,Elementary sales occupations n.e.c.,Proportion of men (%),35 to 39 years,7.5,TRUE
9249,Elementary sales occupations n.e.c.,Proportion of men (%),30 to 34 years,9.9,TRUE
9249,Elementary sales occupations n.e.c.,Proportion of men (%),25 to 29 years,13,TRUE
9249,Elementary sales occupations n.e.c.,Proportion of men (%),20 to 24 years,21.2,TRUE
9249,Elementary sales occupations n.e.c.,Proportion of men (%),16 to 19 years,14.2,TRUE
9251,Elementary storage supervisors,Proportion of women (%),65 years and over,0.9,TRUE
9251,Elementary storage supervisors,Proportion of women (%),60 to 64 years,3.7,TRUE
9251,Elementary storage supervisors,Proportion of women (%),55 to 59 years,7.2,TRUE
9251,Elementary storage supervisors,Proportion of women (%),50 to 54 years,10.2,TRUE
9251,Elementary storage supervisors,Proportion of women (%),45 to 49 years,10.2,TRUE
9251,Elementary storage supervisors,Proportion of women (%),40 to 44 years,11.5,TRUE
9251,Elementary storage supervisors,Proportion of women (%),35 to 39 years,14.2,TRUE
9251,Elementary storage supervisors,Proportion of women (%),30 to 34 years,17.5,TRUE
9251,Elementary storage supervisors,Proportion of women (%),25 to 29 years,15.3,TRUE
9251,Elementary storage supervisors,Proportion of women (%),20 to 24 years,8.5,TRUE
9251,Elementary storage supervisors,Proportion of women (%),16 to 19 years,0.6,TRUE
9251,Elementary storage supervisors,Proportion of men (%),65 years and over,1.5,TRUE
9251,Elementary storage supervisors,Proportion of men (%),60 to 64 years,5.2,TRUE
9251,Elementary storage supervisors,Proportion of men (%),55 to 59 years,9.7,TRUE
9251,Elementary storage supervisors,Proportion of men (%),50 to 54 years,12.7,TRUE
9251,Elementary storage supervisors,Proportion of men (%),45 to 49 years,11.7,TRUE
9251,Elementary storage supervisors,Proportion of men (%),40 to 44 years,12.5,TRUE
9251,Elementary storage supervisors,Proportion of men (%),35 to 39 years,14.6,TRUE
9251,Elementary storage supervisors,Proportion of men (%),30 to 34 years,15,TRUE
9251,Elementary storage supervisors,Proportion of men (%),25 to 29 years,11.4,TRUE
9251,Elementary storage supervisors,Proportion of men (%),20 to 24 years,5.2,TRUE
9251,Elementary storage supervisors,Proportion of men (%),16 to 19 years,0.4,TRUE
9252,Warehouse operatives,Proportion of women (%),65 years and over,1.3,TRUE
9252,Warehouse operatives,Proportion of women (%),60 to 64 years,3.7,TRUE
9252,Warehouse operatives,Proportion of women (%),55 to 59 years,6.5,TRUE
9252,Warehouse operatives,Proportion of women (%),50 to 54 years,8.5,TRUE
9252,Warehouse operatives,Proportion of women (%),45 to 49 years,9,TRUE
9252,Warehouse operatives,Proportion of women (%),40 to 44 years,9.9,TRUE
9252,Warehouse operatives,Proportion of women (%),35 to 39 years,12.3,TRUE
9252,Warehouse operatives,Proportion of women (%),30 to 34 years,14.6,TRUE
9252,Warehouse operatives,Proportion of women (%),25 to 29 years,15.8,TRUE
9252,Warehouse operatives,Proportion of women (%),20 to 24 years,14.3,TRUE
9252,Warehouse operatives,Proportion of women (%),16 to 19 years,4.2,TRUE
9252,Warehouse operatives,Proportion of men (%),65 years and over,2.5,TRUE
9252,Warehouse operatives,Proportion of men (%),60 to 64 years,6.3,TRUE
9252,Warehouse operatives,Proportion of men (%),55 to 59 years,9,TRUE
9252,Warehouse operatives,Proportion of men (%),50 to 54 years,9.6,TRUE
9252,Warehouse operatives,Proportion of men (%),45 to 49 years,8.8,TRUE
9252,Warehouse operatives,Proportion of men (%),40 to 44 years,9.2,TRUE
9252,Warehouse operatives,Proportion of men (%),35 to 39 years,10.8,TRUE
9252,Warehouse operatives,Proportion of men (%),30 to 34 years,12.7,TRUE
9252,Warehouse operatives,Proportion of men (%),25 to 29 years,13.4,TRUE
9252,Warehouse operatives,Proportion of men (%),20 to 24 years,13.5,TRUE
9252,Warehouse operatives,Proportion of men (%),16 to 19 years,4.3,TRUE
9253,Delivery operatives,Proportion of women (%),65 years and over,3,TRUE
9253,Delivery operatives,Proportion of women (%),60 to 64 years,5.2,TRUE
9253,Delivery operatives,Proportion of women (%),55 to 59 years,8.7,TRUE
9253,Delivery operatives,Proportion of women (%),50 to 54 years,9.8,TRUE
9253,Delivery operatives,Proportion of women (%),45 to 49 years,10.1,TRUE
9253,Delivery operatives,Proportion of women (%),40 to 44 years,10.5,TRUE
9253,Delivery operatives,Proportion of women (%),35 to 39 years,12.2,TRUE
9253,Delivery operatives,Proportion of women (%),30 to 34 years,13.2,TRUE
9253,Delivery operatives,Proportion of women (%),25 to 29 years,12.3,TRUE
9253,Delivery operatives,Proportion of women (%),20 to 24 years,11.3,TRUE
9253,Delivery operatives,Proportion of women (%),16 to 19 years,3.8,TRUE
9253,Delivery operatives,Proportion of men (%),65 years and over,3.7,TRUE
9253,Delivery operatives,Proportion of men (%),60 to 64 years,6.3,TRUE
9253,Delivery operatives,Proportion of men (%),55 to 59 years,8.7,TRUE
9253,Delivery operatives,Proportion of men (%),50 to 54 years,9,TRUE
9253,Delivery operatives,Proportion of men (%),45 to 49 years,8.8,TRUE
9253,Delivery operatives,Proportion of men (%),40 to 44 years,9.6,TRUE
9253,Delivery operatives,Proportion of men (%),35 to 39 years,10.7,TRUE
9253,Delivery operatives,Proportion of men (%),30 to 34 years,12.9,TRUE
9253,Delivery operatives,Proportion of men (%),25 to 29 years,13.1,TRUE
9253,Delivery operatives,Proportion of men (%),20 to 24 years,13.1,TRUE
9253,Delivery operatives,Proportion of men (%),16 to 19 years,4.1,TRUE
9259,Elementary storage occupations n.e.c.,Proportion of women (%),65 years and over,3.6,TRUE
9259,Elementary storage occupations n.e.c.,Proportion of women (%),60 to 64 years,6.8,TRUE
9259,Elementary storage occupations n.e.c.,Proportion of women (%),55 to 59 years,10.8,TRUE
9259,Elementary storage occupations n.e.c.,Proportion of women (%),50 to 54 years,10.4,TRUE
9259,Elementary storage occupations n.e.c.,Proportion of women (%),45 to 49 years,8,TRUE
9259,Elementary storage occupations n.e.c.,Proportion of women (%),40 to 44 years,9.3,TRUE
9259,Elementary storage occupations n.e.c.,Proportion of women (%),35 to 39 years,10.1,TRUE
9259,Elementary storage occupations n.e.c.,Proportion of women (%),30 to 34 years,11.1,TRUE
9259,Elementary storage occupations n.e.c.,Proportion of women (%),25 to 29 years,10.2,TRUE
9259,Elementary storage occupations n.e.c.,Proportion of women (%),20 to 24 years,11.6,TRUE
9259,Elementary storage occupations n.e.c.,Proportion of women (%),16 to 19 years,8.2,TRUE
9259,Elementary storage occupations n.e.c.,Proportion of men (%),65 years and over,3.8,TRUE
9259,Elementary storage occupations n.e.c.,Proportion of men (%),60 to 64 years,7.5,TRUE
9259,Elementary storage occupations n.e.c.,Proportion of men (%),55 to 59 years,10.4,TRUE
9259,Elementary storage occupations n.e.c.,Proportion of men (%),50 to 54 years,11.3,TRUE
9259,Elementary storage occupations n.e.c.,Proportion of men (%),45 to 49 years,9.2,TRUE
9259,Elementary storage occupations n.e.c.,Proportion of men (%),40 to 44 years,9.4,TRUE
9259,Elementary storage occupations n.e.c.,Proportion of men (%),35 to 39 years,10,TRUE
9259,Elementary storage occupations n.e.c.,Proportion of men (%),30 to 34 years,11.4,TRUE
9259,Elementary storage occupations n.e.c.,Proportion of men (%),25 to 29 years,12.8,TRUE
9259,Elementary storage occupations n.e.c.,Proportion of men (%),20 to 24 years,10.4,TRUE
9259,Elementary storage occupations n.e.c.,Proportion of men (%),16 to 19 years,3.7,TRUE
9261,Bar and catering supervisors,Proportion of women (%),65 years and over,1.5,TRUE
9261,Bar and catering supervisors,Proportion of women (%),60 to 64 years,3.8,TRUE
9261,Bar and catering supervisors,Proportion of women (%),55 to 59 years,6.4,TRUE
9261,Bar and catering supervisors,Proportion of women (%),50 to 54 years,8.3,TRUE
9261,Bar and catering supervisors,Proportion of women (%),45 to 49 years,7.2,TRUE
9261,Bar and catering supervisors,Proportion of women (%),40 to 44 years,7.5,TRUE
9261,Bar and catering supervisors,Proportion of women (%),35 to 39 years,9.3,TRUE
9261,Bar and catering supervisors,Proportion of women (%),30 to 34 years,13,TRUE
9261,Bar and catering supervisors,Proportion of women (%),25 to 29 years,18.9,TRUE
9261,Bar and catering supervisors,Proportion of women (%),20 to 24 years,22,TRUE
9261,Bar and catering supervisors,Proportion of women (%),16 to 19 years,2.1,TRUE
9261,Bar and catering supervisors,Proportion of men (%),65 years and over,0.8,TRUE
9261,Bar and catering supervisors,Proportion of men (%),60 to 64 years,1.6,TRUE
9261,Bar and catering supervisors,Proportion of men (%),55 to 59 years,2.6,TRUE
9261,Bar and catering supervisors,Proportion of men (%),50 to 54 years,3.7,TRUE
9261,Bar and catering supervisors,Proportion of men (%),45 to 49 years,4.6,TRUE
9261,Bar and catering supervisors,Proportion of men (%),40 to 44 years,6.8,TRUE
9261,Bar and catering supervisors,Proportion of men (%),35 to 39 years,9.7,TRUE
9261,Bar and catering supervisors,Proportion of men (%),30 to 34 years,15.3,TRUE
9261,Bar and catering supervisors,Proportion of men (%),25 to 29 years,26.2,TRUE
9261,Bar and catering supervisors,Proportion of men (%),20 to 24 years,26.5,TRUE
9261,Bar and catering supervisors,Proportion of men (%),16 to 19 years,2.2,TRUE
9262,Hospital porters,Proportion of women (%),65 years and over,4,TRUE
9262,Hospital porters,Proportion of women (%),60 to 64 years,9.4,TRUE
9262,Hospital porters,Proportion of women (%),55 to 59 years,13.5,TRUE
9262,Hospital porters,Proportion of women (%),50 to 54 years,16.2,TRUE
9262,Hospital porters,Proportion of women (%),45 to 49 years,10.3,TRUE
9262,Hospital porters,Proportion of women (%),40 to 44 years,8.1,TRUE
9262,Hospital porters,Proportion of women (%),35 to 39 years,7.7,TRUE
9262,Hospital porters,Proportion of women (%),30 to 34 years,10.8,TRUE
9262,Hospital porters,Proportion of women (%),25 to 29 years,8.7,TRUE
9262,Hospital porters,Proportion of women (%),20 to 24 years,8.8,TRUE
9262,Hospital porters,Proportion of women (%),16 to 19 years,2.5,TRUE
9262,Hospital porters,Proportion of men (%),65 years and over,8.9,TRUE
9262,Hospital porters,Proportion of men (%),60 to 64 years,15.9,TRUE
9262,Hospital porters,Proportion of men (%),55 to 59 years,16.9,TRUE
9262,Hospital porters,Proportion of men (%),50 to 54 years,12.8,TRUE
9262,Hospital porters,Proportion of men (%),45 to 49 years,9.6,TRUE
9262,Hospital porters,Proportion of men (%),40 to 44 years,7,TRUE
9262,Hospital porters,Proportion of men (%),35 to 39 years,6.7,TRUE
9262,Hospital porters,Proportion of men (%),30 to 34 years,7.4,TRUE
9262,Hospital porters,Proportion of men (%),25 to 29 years,6.9,TRUE
9262,Hospital porters,Proportion of men (%),20 to 24 years,6.2,TRUE
9262,Hospital porters,Proportion of men (%),16 to 19 years,1.7,TRUE
9263,Kitchen and catering assistants,Proportion of women (%),65 years and over,3.2,TRUE
9263,Kitchen and catering assistants,Proportion of women (%),60 to 64 years,7.2,TRUE
9263,Kitchen and catering assistants,Proportion of women (%),55 to 59 years,10.3,TRUE
9263,Kitchen and catering assistants,Proportion of women (%),50 to 54 years,11.1,TRUE
9263,Kitchen and catering assistants,Proportion of women (%),45 to 49 years,9.9,TRUE
9263,Kitchen and catering assistants,Proportion of women (%),40 to 44 years,9.1,TRUE
9263,Kitchen and catering assistants,Proportion of women (%),35 to 39 years,9,TRUE
9263,Kitchen and catering assistants,Proportion of women (%),30 to 34 years,8.5,TRUE
9263,Kitchen and catering assistants,Proportion of women (%),25 to 29 years,7.3,TRUE
9263,Kitchen and catering assistants,Proportion of women (%),20 to 24 years,10.9,TRUE
9263,Kitchen and catering assistants,Proportion of women (%),16 to 19 years,13.5,TRUE
9263,Kitchen and catering assistants,Proportion of men (%),65 years and over,1.8,TRUE
9263,Kitchen and catering assistants,Proportion of men (%),60 to 64 years,3.5,TRUE
9263,Kitchen and catering assistants,Proportion of men (%),55 to 59 years,4.6,TRUE
9263,Kitchen and catering assistants,Proportion of men (%),50 to 54 years,5.5,TRUE
9263,Kitchen and catering assistants,Proportion of men (%),45 to 49 years,5.9,TRUE
9263,Kitchen and catering assistants,Proportion of men (%),40 to 44 years,6.4,TRUE
9263,Kitchen and catering assistants,Proportion of men (%),35 to 39 years,6.6,TRUE
9263,Kitchen and catering assistants,Proportion of men (%),30 to 34 years,8.1,TRUE
9263,Kitchen and catering assistants,Proportion of men (%),25 to 29 years,11.2,TRUE
9263,Kitchen and catering assistants,Proportion of men (%),20 to 24 years,21.3,TRUE
9263,Kitchen and catering assistants,Proportion of men (%),16 to 19 years,25.1,TRUE
9264,Waiters and waitresses,Proportion of women (%),65 years and over,1.3,TRUE
9264,Waiters and waitresses,Proportion of women (%),60 to 64 years,2.3,TRUE
9264,Waiters and waitresses,Proportion of women (%),55 to 59 years,3.4,TRUE
9264,Waiters and waitresses,Proportion of women (%),50 to 54 years,3.9,TRUE
9264,Waiters and waitresses,Proportion of women (%),45 to 49 years,4.2,TRUE
9264,Waiters and waitresses,Proportion of women (%),40 to 44 years,4.9,TRUE
9264,Waiters and waitresses,Proportion of women (%),35 to 39 years,6.6,TRUE
9264,Waiters and waitresses,Proportion of women (%),30 to 34 years,9.1,TRUE
9264,Waiters and waitresses,Proportion of women (%),25 to 29 years,12.1,TRUE
9264,Waiters and waitresses,Proportion of women (%),20 to 24 years,25,TRUE
9264,Waiters and waitresses,Proportion of women (%),16 to 19 years,27.1,TRUE
9264,Waiters and waitresses,Proportion of men (%),65 years and over,1.3,TRUE
9264,Waiters and waitresses,Proportion of men (%),60 to 64 years,2.2,TRUE
9264,Waiters and waitresses,Proportion of men (%),55 to 59 years,3,TRUE
9264,Waiters and waitresses,Proportion of men (%),50 to 54 years,4.3,TRUE
9264,Waiters and waitresses,Proportion of men (%),45 to 49 years,5.8,TRUE
9264,Waiters and waitresses,Proportion of men (%),40 to 44 years,6.9,TRUE
9264,Waiters and waitresses,Proportion of men (%),35 to 39 years,8.2,TRUE
9264,Waiters and waitresses,Proportion of men (%),30 to 34 years,10,TRUE
9264,Waiters and waitresses,Proportion of men (%),25 to 29 years,14.1,TRUE
9264,Waiters and waitresses,Proportion of men (%),20 to 24 years,23.5,TRUE
9264,Waiters and waitresses,Proportion of men (%),16 to 19 years,20.6,TRUE
9265,Bar staff,Proportion of women (%),65 years and over,2.9,TRUE
9265,Bar staff,Proportion of women (%),60 to 64 years,3.8,TRUE
9265,Bar staff,Proportion of women (%),55 to 59 years,4.5,TRUE
9265,Bar staff,Proportion of women (%),50 to 54 years,4.9,TRUE
9265,Bar staff,Proportion of women (%),45 to 49 years,4.6,TRUE
9265,Bar staff,Proportion of women (%),40 to 44 years,5.2,TRUE
9265,Bar staff,Proportion of women (%),35 to 39 years,7.1,TRUE
9265,Bar staff,Proportion of women (%),30 to 34 years,9.8,TRUE
9265,Bar staff,Proportion of women (%),25 to 29 years,13.7,TRUE
9265,Bar staff,Proportion of women (%),20 to 24 years,33,TRUE
9265,Bar staff,Proportion of women (%),16 to 19 years,10.6,TRUE
9265,Bar staff,Proportion of men (%),65 years and over,2.1,TRUE
9265,Bar staff,Proportion of men (%),60 to 64 years,2,TRUE
9265,Bar staff,Proportion of men (%),55 to 59 years,2.1,TRUE
9265,Bar staff,Proportion of men (%),50 to 54 years,2,TRUE
9265,Bar staff,Proportion of men (%),45 to 49 years,2.2,TRUE
9265,Bar staff,Proportion of men (%),40 to 44 years,2.9,TRUE
9265,Bar staff,Proportion of men (%),35 to 39 years,4.5,TRUE
9265,Bar staff,Proportion of men (%),30 to 34 years,8.4,TRUE
9265,Bar staff,Proportion of men (%),25 to 29 years,19.4,TRUE
9265,Bar staff,Proportion of men (%),20 to 24 years,42.7,TRUE
9265,Bar staff,Proportion of men (%),16 to 19 years,11.9,TRUE
9266,Coffee shop workers,Proportion of women (%),65 years and over,0.8,TRUE
9266,Coffee shop workers,Proportion of women (%),60 to 64 years,1.8,TRUE
9266,Coffee shop workers,Proportion of women (%),55 to 59 years,2.9,TRUE
9266,Coffee shop workers,Proportion of women (%),50 to 54 years,3.6,TRUE
9266,Coffee shop workers,Proportion of women (%),45 to 49 years,3.9,TRUE
9266,Coffee shop workers,Proportion of women (%),40 to 44 years,4.7,TRUE
9266,Coffee shop workers,Proportion of women (%),35 to 39 years,6.9,TRUE
9266,Coffee shop workers,Proportion of women (%),30 to 34 years,10.5,TRUE
9266,Coffee shop workers,Proportion of women (%),25 to 29 years,18,TRUE
9266,Coffee shop workers,Proportion of women (%),20 to 24 years,31.9,TRUE
9266,Coffee shop workers,Proportion of women (%),16 to 19 years,15,TRUE
9266,Coffee shop workers,Proportion of men (%),65 years and over,0.4,TRUE
9266,Coffee shop workers,Proportion of men (%),60 to 64 years,0.8,TRUE
9266,Coffee shop workers,Proportion of men (%),55 to 59 years,1.2,TRUE
9266,Coffee shop workers,Proportion of men (%),50 to 54 years,2,TRUE
9266,Coffee shop workers,Proportion of men (%),45 to 49 years,3,TRUE
9266,Coffee shop workers,Proportion of men (%),40 to 44 years,3.9,TRUE
9266,Coffee shop workers,Proportion of men (%),35 to 39 years,5.9,TRUE
9266,Coffee shop workers,Proportion of men (%),30 to 34 years,11,TRUE
9266,Coffee shop workers,Proportion of men (%),25 to 29 years,22.3,TRUE
9266,Coffee shop workers,Proportion of men (%),20 to 24 years,34.4,TRUE
9266,Coffee shop workers,Proportion of men (%),16 to 19 years,15,TRUE
9267,Leisure and theme park attendants,Proportion of women (%),65 years and over,4.5,TRUE
9267,Leisure and theme park attendants,Proportion of women (%),60 to 64 years,4.7,TRUE
9267,Leisure and theme park attendants,Proportion of women (%),55 to 59 years,5.6,TRUE
9267,Leisure and theme park attendants,Proportion of women (%),50 to 54 years,5.4,TRUE
9267,Leisure and theme park attendants,Proportion of women (%),45 to 49 years,4.8,TRUE
9267,Leisure and theme park attendants,Proportion of women (%),40 to 44 years,5.4,TRUE
9267,Leisure and theme park attendants,Proportion of women (%),35 to 39 years,7,TRUE
9267,Leisure and theme park attendants,Proportion of women (%),30 to 34 years,9,TRUE
9267,Leisure and theme park attendants,Proportion of women (%),25 to 29 years,17.3,TRUE
9267,Leisure and theme park attendants,Proportion of women (%),20 to 24 years,26.1,TRUE
9267,Leisure and theme park attendants,Proportion of women (%),16 to 19 years,10.2,TRUE
9267,Leisure and theme park attendants,Proportion of men (%),65 years and over,5.6,TRUE
9267,Leisure and theme park attendants,Proportion of men (%),60 to 64 years,4.4,TRUE
9267,Leisure and theme park attendants,Proportion of men (%),55 to 59 years,4.3,TRUE
9267,Leisure and theme park attendants,Proportion of men (%),50 to 54 years,3.9,TRUE
9267,Leisure and theme park attendants,Proportion of men (%),45 to 49 years,4.7,TRUE
9267,Leisure and theme park attendants,Proportion of men (%),40 to 44 years,4.6,TRUE
9267,Leisure and theme park attendants,Proportion of men (%),35 to 39 years,6.5,TRUE
9267,Leisure and theme park attendants,Proportion of men (%),30 to 34 years,10.8,TRUE
9267,Leisure and theme park attendants,Proportion of men (%),25 to 29 years,17.7,TRUE
9267,Leisure and theme park attendants,Proportion of men (%),20 to 24 years,27.6,TRUE
9267,Leisure and theme park attendants,Proportion of men (%),16 to 19 years,9.9,TRUE
9269,Other elementary services occupations n.e.c.,Proportion of women (%),65 years and over,5.6,TRUE
9269,Other elementary services occupations n.e.c.,Proportion of women (%),60 to 64 years,7.5,TRUE
9269,Other elementary services occupations n.e.c.,Proportion of women (%),55 to 59 years,8.8,TRUE
9269,Other elementary services occupations n.e.c.,Proportion of women (%),50 to 54 years,9.5,TRUE
9269,Other elementary services occupations n.e.c.,Proportion of women (%),45 to 49 years,8.8,TRUE
9269,Other elementary services occupations n.e.c.,Proportion of women (%),40 to 44 years,8,TRUE
9269,Other elementary services occupations n.e.c.,Proportion of women (%),35 to 39 years,10.2,TRUE
9269,Other elementary services occupations n.e.c.,Proportion of women (%),30 to 34 years,11.6,TRUE
9269,Other elementary services occupations n.e.c.,Proportion of women (%),25 to 29 years,12.6,TRUE
9269,Other elementary services occupations n.e.c.,Proportion of women (%),20 to 24 years,13.4,TRUE
9269,Other elementary services occupations n.e.c.,Proportion of women (%),16 to 19 years,3.9,TRUE
9269,Other elementary services occupations n.e.c.,Proportion of men (%),65 years and over,6.9,TRUE
9269,Other elementary services occupations n.e.c.,Proportion of men (%),60 to 64 years,8.7,TRUE
9269,Other elementary services occupations n.e.c.,Proportion of men (%),55 to 59 years,10.6,TRUE
9269,Other elementary services occupations n.e.c.,Proportion of men (%),50 to 54 years,9.2,TRUE
9269,Other elementary services occupations n.e.c.,Proportion of men (%),45 to 49 years,8.1,TRUE
9269,Other elementary services occupations n.e.c.,Proportion of men (%),40 to 44 years,8.6,TRUE
9269,Other elementary services occupations n.e.c.,Proportion of men (%),35 to 39 years,9.5,TRUE
9269,Other elementary services occupations n.e.c.,Proportion of men (%),30 to 34 years,12.1,TRUE
9269,Other elementary services occupations n.e.c.,Proportion of men (%),25 to 29 years,12.3,TRUE
9269,Other elementary services occupations n.e.c.,Proportion of men (%),20 to 24 years,11.2,TRUE
9269,Other elementary services occupations n.e.c.,Proportion of men (%),16 to 19 years,2.7,TRUE
